sim,final_return_pct,max_dd_pct,phase1_outcome,phase1_days,phase1_return_pct,phase2_outcome,phase2_days,phase2_return_pct
1,176.50135707122422,4.857935970297618,passed,49,8.278967452129615,passed,19,5.010603506533329
2,113.75763221814327,10.428190078658044,passed,355,10.524372498097234,passed,323,5.342052967061517
3,156.31503370857848,3.7935282849210004,passed,54,8.31440406391497,passed,30,5.514194902311931
4,183.428511322393,4.623354137639172,passed,87,8.771439180925867,passed,85,5.690816181870595
5,166.28590523500884,3.38892176756353,passed,87,8.143098745065135,passed,64,5.457474508184612
6,182.42442826799584,4.757195766733018,passed,107,9.06345290746029,passed,87,5.154933384525395
7,134.0031271528692,4.5581320761921615,passed,106,8.352892816802871,passed,65,5.451860324766145
8,127.40241276706175,8.341617792446257,passed,135,8.04553869933924,passed,129,6.162378831729942
9,207.28330971360535,5.130421380924369,passed,35,8.838920303564901,passed,9,5.332355009114753
10,115.27242143758771,12.672679654859815,passed,171,8.439185907620605,passed,39,5.050904736745188
11,153.91570522418857,7.080895952236778,passed,67,9.842430812270697,passed,17,5.3868001367661345
12,180.2073504170688,5.63774468132553,passed,39,8.758983325366799,passed,30,5.499741457217233
13,142.3313198769315,6.070748473878192,passed,170,9.43523149313339,passed,151,5.66406755208162
14,163.58587953139346,4.015346855757357,passed,69,9.095552393448125,passed,52,5.785937467964208
15,131.14711142584818,8.082676440535263,passed,36,8.153277880479681,passed,16,5.545577778895905
16,128.91707998851496,5.596066277539547,passed,94,8.340838940497687,passed,47,5.8171830250204115
17,120.88452463419075,9.111162489279112,passed,36,10.405103692815864,passed,31,6.017891220195426
18,208.9466570402393,2.977189852946437,passed,166,8.721735937463304,passed,104,5.116460897056041
19,128.26589485115866,6.493936860711526,passed,21,8.324970779134965,passed,10,5.087790595852337
20,145.50358971640995,4.854934177301497,passed,54,8.891279838732103,passed,40,5.097967149361304
21,170.12868257504206,3.8143355463629756,passed,37,9.101503050683558,passed,35,5.046752380966857
22,202.12198620004577,4.438659401822824,passed,72,8.010227537167003,passed,49,5.410431527829451
23,144.15268973606698,3.542108701298336,passed,70,8.692489858259567,passed,38,5.108414140344419
24,117.99549920258099,4.392591154114299,passed,30,8.090042971861022,passed,21,6.1054185078701195
25,169.16670400266716,4.558756426915761,passed,55,8.555871670123238,passed,26,5.000352539807684
26,175.00927682954904,10.721809621294327,passed,148,8.990677577885897,passed,8,5.975184557978208
27,152.91705429036173,11.479347423482809,passed,242,9.322277234170407,passed,59,6.726600557588092
28,169.09379044479414,5.833554389223869,passed,53,8.178535636407403,passed,27,5.910036597589596
29,168.1966912349333,5.83474942239459,passed,157,9.923371548263592,passed,131,6.0001635629126415
30,184.58245939657152,5.107131100663596,passed,89,9.024560292132854,passed,21,6.007005307432456
31,127.16315032123933,4.932825418560885,passed,123,8.913963851060537,passed,123,8.913963851060537
32,179.09903062619313,3.784799540734389,passed,141,8.347362270413061,passed,76,5.279602421459084
33,169.51858223642725,3.890673619002146,passed,107,8.00753190824306,passed,100,5.596729670029821
34,158.9479027575549,5.048553142360173,passed,53,8.16929834308655,passed,43,5.124488066984623
35,142.1366232095906,5.506807503887543,passed,219,8.91139115926376,passed,101,5.422450075245666
36,149.04512178091406,4.0474380747090954,passed,140,8.561529496568475,passed,119,5.571817846265215
37,202.21254739380194,4.018560259154813,passed,36,8.413447945478714,passed,25,7.747985850981154
38,189.52967483266104,4.666144704459173,passed,50,8.145815734971084,passed,21,5.242340711155502
39,122.26606713324037,4.812123040142905,passed,56,8.833899364246145,passed,33,5.116744659768746
40,158.1575581945841,4.171393343141755,passed,70,8.014840293920788,passed,60,5.25400240590197
41,174.33367231422218,6.182549231885263,passed,107,8.626646475204414,passed,100,5.478487924847575
42,170.7935271467357,4.726995831878964,passed,61,8.801671600502337,passed,21,5.190709830338536
43,142.958409025129,7.789389477770806,passed,125,8.000689501916213,passed,107,5.7959851958856445
44,144.4070682164475,6.077622521392818,passed,227,8.024804686924636,passed,61,5.358566842649326
45,202.5385028569748,5.289955899396083,passed,50,8.296686320364177,passed,33,5.554037403708434
46,126.11106902941972,5.318410321990351,passed,64,8.941486301381607,passed,57,5.1335522386181776
47,127.62559887783551,7.527704446773829,passed,112,8.130149262627562,passed,106,5.202122173329471
48,182.4907592432396,3.82095445882744,passed,71,9.33222079519025,passed,47,5.091456967069541
49,177.54289079187623,6.926442984591155,passed,43,8.38314849745252,passed,31,5.24425885153057
50,116.80792517314616,3.10590821966642,passed,74,8.628580160002631,passed,56,5.142067485146207
51,162.92013098684896,6.975561960465801,passed,79,9.225275591304637,passed,56,5.1055501376188195
52,119.5333424050686,5.501451140121069,passed,53,9.655363703807375,passed,38,5.1150080046019175
53,148.68200521054433,6.084933866530501,passed,89,10.228284106038533,passed,67,5.192654743794178
54,185.2349096430308,4.262517820207039,passed,70,10.702258422813117,passed,12,6.362723168171591
55,133.89974727298625,4.197113720097597,passed,79,8.013584868902246,passed,70,7.337344557609438
56,154.55667703188644,4.406919900281828,passed,64,8.48337321281254,passed,58,5.529804766841706
57,159.86245752758515,3.8751582511391063,passed,63,8.378265623937175,passed,55,6.302319737602646
58,155.01286811716733,5.480470299523152,passed,69,8.774741903135608,passed,29,5.0716943123269465
59,163.03376074588866,3.876137817538165,passed,126,8.159403704423251,passed,76,5.788541799027236
60,161.42102203309534,4.428280817425046,passed,43,8.211161408505463,passed,32,5.105718471051723
61,168.48458667509462,6.0992880258705835,passed,100,8.01255264153038,passed,79,5.159938160672328
62,153.9211332262645,8.394668969182323,passed,103,8.474170521863101,passed,51,5.0150233299557145
63,175.57994770541202,5.930451641361448,passed,82,9.074847194415693,passed,50,5.42904376210156
64,128.4651332830404,6.012499790242274,passed,246,8.89259007675911,passed,228,5.649487247423202
65,117.5098049608036,8.344694870411171,passed,149,9.181623884482315,passed,128,5.358655323324446
66,178.84655608857366,4.9591033668393365,passed,128,8.367331777006637,passed,74,5.66372667198165
67,145.33407527376022,8.792331093665421,passed,141,8.112445917459365,passed,139,6.164565011688294
68,172.16988636764842,3.584343126616316,passed,13,8.328732075764655,passed,8,6.3709863329877825
69,151.5803939792475,6.418176220256353,passed,43,8.515792720240324,passed,38,5.384643360557195
70,170.6727131171859,7.864868514796969,passed,187,9.547024620312538,passed,17,5.572543289070175
71,148.26215955802135,7.306269602750659,passed,56,8.091165923190369,passed,3,5.103618343806837
72,116.98833860298166,6.683277735143115,passed,203,8.012384809632334,passed,193,5.910019028471547
73,154.82528748481417,5.403436114274878,passed,57,8.17625754643232,passed,57,8.17625754643232
74,126.61221356179317,8.057810257953212,passed,265,8.303672015670283,passed,252,5.759432545713361
75,151.3518147923967,4.198618960858483,passed,97,8.143834802133476,passed,28,5.286675288138665
76,183.78126833038954,7.12957703426752,passed,186,8.498714976439214,passed,163,5.638128886393812
77,142.76009093865073,4.603652327711453,passed,56,8.230176346549145,passed,56,8.230176346549145
78,172.5977186044052,5.341227253563504,passed,103,8.417790610354881,passed,100,5.0140518838113435
79,150.84526287432757,7.4503575231479475,passed,138,8.14177000759917,passed,110,6.561369823406449
80,154.99410717529526,5.497867207470074,passed,212,8.12256799359301,passed,146,5.540761338991285
81,121.91194732571633,11.774516337763144,passed,258,8.141850228142044,passed,22,5.5367749611239025
82,155.63966040860316,5.9340022302794795,passed,31,8.019520752691257,passed,22,5.262664121062377
83,183.33568773406932,3.7581948569846575,passed,36,8.243301485034271,passed,28,5.753215599189221
84,144.36242679568915,4.919509760468744,passed,54,8.91782528426599,passed,22,5.039270769898385
85,206.31989026169796,5.207348193288504,passed,79,9.728877211265274,passed,69,6.766177540113771
86,170.66152435619756,4.521177241022555,passed,67,8.063151805189129,passed,26,5.554329126314239
87,175.84215408556346,7.244205988169426,passed,50,8.657200922532592,passed,16,5.473181150211093
88,157.01995431688846,5.812660450118402,passed,61,8.428438907219004,passed,52,5.299553176793559
89,132.59717475996246,7.082891615569903,passed,185,8.06109188905153,passed,170,6.1951005629393485
90,172.35919715205972,5.300046899921726,passed,45,8.83440382456444,passed,37,5.001550120291931
91,181.73522143599737,3.7101963239389004,passed,115,9.85622247700364,passed,91,5.460348363332379
92,150.33826201580442,5.578008365618593,passed,102,8.914834638915048,passed,37,5.152071679534975
93,178.5578370173426,4.716437490328103,passed,50,8.80220224128545,passed,23,5.341243098635395
94,127.78245059789045,10.525623451135566,passed,349,9.006967101000129,passed,100,5.416420419322132
95,133.9592497236023,10.180396911533569,passed,43,9.159719420477842,passed,38,5.014779209410891
96,150.41165249645033,8.54589103589538,passed,60,10.541958263662954,passed,22,5.563590894519299
97,182.05566363543926,3.7388285354068165,passed,107,8.690039079777879,passed,97,5.131177039126178
98,116.7006379742773,9.914706645497953,passed,274,10.358455977154502,passed,247,5.241582444130999
99,200.63923993477783,2.8749201841799406,passed,29,8.76895830846589,passed,13,5.088336979070962
100,140.08680432571356,6.233707646036771,passed,43,9.128741351768067,passed,13,5.077204168108906
101,217.40786470123686,4.161506994647186,passed,69,8.606436339534174,passed,47,5.683903735367668
102,183.5323629970639,6.5083503729180565,passed,65,8.55543179472209,passed,30,5.0051298282282275
103,150.39000354347297,6.9381734821942525,passed,74,8.38539942565073,passed,60,5.967483266645357
104,107.30635612034946,6.310610591785719,passed,60,8.640358276400129,passed,54,5.016416241961341
105,146.04948017613842,4.454830823340421,passed,172,8.064952665336822,passed,153,5.210420268715588
106,164.32734169534356,5.250958126983677,passed,159,8.678406953159268,passed,36,5.104491206398243
107,143.26646459193347,6.097418980752234,passed,174,8.063749278551334,passed,151,5.178197751560698
108,116.58738213453121,12.716448060195182,passed,198,8.011170444065785,passed,58,6.064703994282139
109,118.85492457170423,5.764165973833543,passed,40,9.553372843327068,passed,37,6.1266702583417265
110,153.86071094927618,9.92845678895287,passed,230,8.994178042804602,passed,104,5.672352865625374
111,136.31410881923549,3.9914561617306736,passed,70,8.0017686489108,passed,63,6.146514699059491
112,185.0041025241318,4.514085438152346,passed,79,8.680401583878371,passed,25,5.720432381170437
113,166.24633270546929,7.5618299835571685,passed,21,8.19954313801572,passed,9,5.9666995651883825
114,149.05850401012017,6.876360749019997,passed,119,9.437280317118324,passed,69,5.152272760138876
115,150.85905075938243,4.946256447642635,passed,31,8.355836812759797,passed,23,5.570981027792721
116,161.2614798456325,5.489079945335419,passed,32,8.244178504271016,passed,8,5.711321608302389
117,168.0396741263855,3.4676992270886315,passed,21,8.015197076551628,passed,12,5.538080467379758
118,161.1865466510934,3.756656264975388,passed,28,8.62238005795668,passed,14,5.8086186971981535
119,188.11875238946067,4.076294307789994,passed,42,8.465405817059612,passed,32,5.043979201989113
120,130.38850282709444,3.974567826672276,passed,60,8.284945353412088,passed,53,6.672031030603787
121,159.8761165441866,4.342816470477292,passed,19,8.399073587174088,passed,4,5.032139950383208
122,138.7256950633533,9.560666479022256,passed,115,9.112238147282437,passed,89,6.920397212031526
123,181.71206831497165,3.594189092510527,passed,121,9.200438667979283,passed,100,5.708734224324696
124,208.8443651680206,3.7881615349171622,passed,33,8.306928843308548,passed,18,5.792173085492314
125,162.69368007313446,4.957775091028039,passed,125,8.194826190835713,passed,36,5.193068162817616
126,122.2181775777408,8.627546915068733,passed,59,12.100524627824004,passed,40,5.410426845582306
127,138.11913065552318,5.616834397232625,passed,110,9.490934923384975,passed,36,5.225830392086261
128,96.50845787895166,8.45709950978046,passed,107,8.426556644630146,passed,21,5.765257295042758
129,132.4063445298724,4.870401850277574,passed,87,8.472811707060535,passed,60,6.201381255425997
130,123.20816939476593,15.527392838384472,passed,103,8.303617715392253,passed,97,7.67593295083564
131,150.44951158642155,6.214871552583903,passed,130,9.636256791833752,passed,41,6.362681810211512
132,132.64933492879484,5.553841171189762,passed,217,8.002536462022402,passed,187,5.775705244610263
133,161.2740413643802,7.794470798176785,passed,141,8.138916651151806,passed,107,5.003436340594702
134,150.84018906706862,4.8390576785439485,passed,164,8.06020269423553,passed,148,5.315975943356044
135,157.14151320284176,4.544342567665901,passed,53,8.430222033302282,passed,40,5.600748308536607
136,187.0837635753053,5.703308519732289,passed,56,8.0116756340328,passed,50,5.134835319492459
137,210.59380927306947,6.275888638631431,passed,198,8.209818426594872,passed,193,5.122589617445961
138,147.35335191659743,4.144099661921195,passed,142,8.79704661887779,passed,110,5.182162356028508
139,170.55478296467967,4.681470438567738,passed,124,8.030443643674424,passed,115,7.431256860037316
140,170.35894899259887,5.4027810380225745,passed,106,8.494855973347782,passed,70,5.412660638127753
141,188.71880313416227,3.97686339699964,passed,73,9.356539271100672,passed,32,5.390042621103319
142,126.7595591486407,4.69109584479992,passed,210,8.43377282320914,passed,179,7.007242400501501
143,117.63594480337306,7.645624311237656,passed,162,9.873798667566636,passed,94,5.002748815618663
144,105.02702805457113,17.358915351773284,breach_static,54,-10.227921862931687,breach_static,54,-10.227921862931687
145,148.59701272168016,6.54631664434993,passed,45,8.24836027178213,passed,33,5.623227605735992
146,175.43511741746065,4.428150551828742,passed,70,8.00295777102722,passed,60,5.293829877484013
147,153.27068790839488,3.818808530732122,passed,58,8.171486011164909,passed,22,5.899646198869424
148,150.58720660642325,4.132698896166111,passed,121,8.40463337862376,passed,43,5.3886591428848885
149,158.58166210896138,4.176471871378632,passed,115,8.748215620831722,passed,113,5.393799645447062
150,142.11202556924306,5.828663713459167,passed,60,10.131584567136965,passed,59,5.141030517618139
151,235.88398253315884,3.7019894039616426,passed,65,8.565240779152727,passed,60,7.317653446835548
152,150.75696776618256,10.420134689244387,passed,111,8.014449665937985,passed,106,5.490973202549054
153,164.70380389631168,6.5451592044811004,passed,67,10.541538971440767,passed,25,5.570014883557883
154,137.77304611722485,6.996922337782239,passed,116,8.879272757019564,passed,102,5.006968533095146
155,132.5664639988985,10.574524638486524,passed,206,8.313667081022436,passed,103,6.154493572216269
156,191.14156148456334,4.123344198166402,passed,100,8.281800168387088,passed,79,5.953217242535946
157,156.5469514922968,7.893125345989484,passed,110,8.285812918519797,passed,98,5.982495698242674
158,115.01323120824397,5.131367753110284,passed,89,8.22783907885809,passed,59,5.096070862057922
159,134.73748437483474,7.4418057024989785,passed,255,8.778094584815754,passed,241,5.248506200821046
160,143.02772897981106,7.783191041828759,passed,334,10.515440616523941,passed,220,6.507632170848665
161,146.8765692117989,6.239368531702647,passed,33,8.5006693729484,passed,22,5.733643047665549
162,149.48452196347688,4.503911345393448,passed,112,8.01506201082669,passed,99,5.199864666441911
163,156.02392211247286,4.924811941751163,passed,59,8.009313250154705,passed,26,5.407024645660852
164,181.24605208546262,3.5133947497316,passed,77,8.238482977767214,passed,67,5.268327762416991
165,152.29687446397136,6.423670746233445,passed,115,8.720733562816175,passed,48,5.096039373654415
166,183.6744152116333,4.371404443476567,passed,157,8.086545900974574,passed,94,5.01831091974374
167,137.5049148534985,5.647452906730913,passed,153,8.00135592513065,passed,70,5.273327323974764
168,130.40098061112943,8.523834307038607,passed,126,8.559453490226776,passed,85,5.759683917042691
169,148.08001557059555,6.213392116006487,passed,133,8.483843127185997,passed,99,5.30845535599751
170,143.42333579865127,5.207740797830815,passed,139,8.019167375928514,passed,116,5.516893441486959
171,152.50057870130865,3.801698437258394,passed,103,9.010891022552524,passed,65,5.0069414873752605
172,169.45388700333254,4.479645830399397,passed,252,8.004708866904364,passed,171,5.587741346660446
173,135.76141355018078,5.4784301304501435,passed,45,8.543169038471365,passed,44,6.619234582952838
174,120.51644196646527,7.343898241537487,passed,122,9.2749072662492,passed,89,5.017074217247974
175,149.78447559028422,6.864959714967865,passed,228,9.708254754777412,passed,203,6.5777006608537025
176,162.1024360718188,5.405488647718592,passed,106,8.147081538049195,passed,100,5.333279647424605
177,157.8365896516826,5.543868161517838,passed,64,8.826369251257994,passed,64,7.229964528066524
178,184.43095230929535,3.7907003472544103,passed,101,9.685827141606861,passed,53,5.71277760341693
179,101.99984565639477,8.57719492685747,passed,208,8.000684476878849,passed,203,5.0273947534419605
180,125.89678675660937,6.683069839030688,passed,153,9.179095690289607,passed,128,5.964893230667578
181,146.81042791928607,7.441404460187267,passed,66,8.374871946118766,passed,56,5.14436225017656
182,182.92049984050064,5.750786066161028,passed,107,8.13372693255694,passed,31,5.115598265315735
183,124.98121695813849,8.725412024951055,passed,127,8.328369682311854,passed,85,5.1980116723767456
184,112.3387805779445,9.558127907544623,passed,87,8.224465792139135,passed,74,5.135547950114372
185,150.2645317324108,6.618017770838776,passed,103,8.077348521257921,passed,71,6.700881465867603
186,156.17171993116946,4.786878793987664,passed,121,8.765789115929756,passed,64,5.1019530316981365
187,155.29964451179384,5.1697382068002335,passed,86,8.38048789105268,passed,85,6.876159799439097
188,130.96491371942759,7.018118152703344,passed,273,8.539853823283682,passed,213,5.29064801699457
189,151.38897034607277,3.9850369410771975,passed,60,8.663126421430434,passed,14,5.162883444787991
190,192.0099537965759,4.666301009272486,passed,89,8.398528177765918,passed,26,5.323514275427388
191,159.7695504868414,3.287560076171552,passed,175,8.191099005619694,passed,118,6.026843191162712
192,177.6190128325119,8.407561759541714,passed,54,9.14333073482647,passed,48,5.112343247317308
193,133.38291607351297,3.998844571258686,passed,162,8.227107697185154,passed,155,5.6232532303094995
194,186.98536377816365,5.281375082410513,passed,49,8.24434916036838,passed,28,5.855736008204948
195,111.36834297574838,11.055090488455424,passed,73,8.305176677529836,passed,42,5.410463216742456
196,114.13139438591374,7.542380205741603,passed,50,8.081701446883782,passed,17,6.281420767755508
197,126.06407821784771,4.372315647495076,passed,160,8.845748989419855,passed,87,5.1303481460448275
198,175.17171784332012,7.431666634729714,passed,21,8.064163437465478,passed,18,5.896030070679648
199,173.7713162683184,4.779559135087164,passed,75,10.77954314267271,passed,44,5.593948204416899
200,193.00859982248699,3.369891475802859,passed,46,8.003920746349213,passed,30,5.600942485105387
201,146.9976303916174,4.117152677162394,passed,106,9.442885147918867,passed,94,6.085470178858188
202,194.70162018606857,4.284599358265771,passed,100,8.436079364546089,passed,70,5.193528657574142
203,166.592211440001,5.368997708545376,passed,69,8.012326010639526,passed,48,5.794879810425968
204,124.07845155348043,4.3347433468016625,passed,88,8.760504141962633,passed,43,5.262907874268041
205,153.39792224823236,3.9408043792411624,passed,124,8.376339711804714,passed,91,6.0573249023677
206,167.08819676704283,5.282625055852986,passed,16,8.156736890206219,passed,16,8.156736890206219
207,143.16144011956052,4.257819859618406,passed,74,9.343842829969873,passed,46,5.052623117166788
208,105.9862442262185,13.156757665703639,passed,340,9.95217750564581,passed,100,6.119187474039145
209,248.53154095215228,3.8535958133783224,passed,44,9.530450234508159,passed,22,5.876293378839481
210,164.0647422682962,5.701270733031769,passed,147,9.071732917886743,passed,133,5.948993161722949
211,116.69202496460152,5.294317159024145,passed,139,8.31117908362522,passed,108,6.186889725099309
212,134.87681275748935,7.28698153450739,passed,65,9.32535140597015,passed,50,6.240340296086733
213,157.97049622083858,5.157791076700798,passed,36,8.88913489004941,passed,25,6.7111136966719
214,136.6316497292613,5.673585535897297,passed,68,9.260318273876301,passed,65,6.955595933644099
215,165.72094368159122,3.401396860228603,passed,109,8.596306129891861,passed,42,5.086461064159664
216,150.94026094845586,5.369015600263338,passed,107,8.192311134456332,passed,77,5.064167431951727
217,176.5101224219753,5.276955357730243,passed,23,8.73534671933891,passed,2,5.1908931109956535
218,118.74333443126037,4.3232844011965454,passed,116,8.635295908102814,passed,72,5.010644181638746
219,170.7114930310733,7.282792816648535,passed,48,8.005839204701015,passed,20,5.248787887173112
220,142.8114007208626,5.8782595204545265,passed,49,8.12203802850866,passed,36,6.803918420237887
221,143.37124841345172,7.269509377528403,passed,82,8.54727722712294,passed,70,5.156210537174766
222,149.89776090999572,5.137053404285332,passed,162,9.522994895447056,passed,79,5.165393583858036
223,151.1391006508157,4.809399388050221,passed,122,8.181190581871789,passed,121,7.7015674790231525
224,157.2654470223641,6.549822905669263,passed,32,8.104615562406803,passed,31,5.543803396320102
225,131.2314020475763,7.101839385276241,passed,84,10.503346381243306,passed,61,5.399805740571195
226,168.37448672606325,4.618936801909669,passed,100,8.500721763263819,passed,59,5.458007196460413
227,170.50147229912486,4.096890154630032,passed,54,8.01645204296706,passed,50,6.119390069134578
228,133.58670781392914,4.409710822913936,passed,162,8.213031405900173,passed,57,5.881604476250679
229,122.82096335975025,4.97097854982071,passed,48,8.021938821051112,passed,18,5.804921062468393
230,185.81603612771067,6.167307875922406,passed,102,8.01439373054924,passed,99,5.121521366693127
231,147.34989404205044,4.796271379096726,passed,116,9.560146411214255,passed,14,5.914030541878756
232,156.7460553676561,6.249196984477373,passed,65,9.414817356686079,passed,36,6.4177979352411985
233,101.55792449442033,9.2025577414756,passed,320,11.169632917596385,passed,11,6.004758386122888
234,155.27646924868014,5.0957960218270415,passed,97,9.569003183363488,passed,86,5.2520381570317465
235,181.5825332570706,4.655982946083833,passed,97,8.613582509023153,passed,40,5.7035075133796465
236,150.02294867580937,4.964986304543879,passed,97,10.107250477337647,passed,54,5.797556440132801
237,154.18534799584336,4.967534425837384,passed,215,8.300252046096169,passed,128,5.204887991039109
238,178.33401833834884,5.040008166286726,passed,92,8.186645902958345,passed,24,5.457034731777033
239,156.6084202957535,3.8875359612116007,passed,53,8.412759110520106,passed,22,6.102465364473741
240,174.73836837823526,5.921836314280426,passed,59,8.709492185586477,passed,50,7.018319622590452
241,98.53727390787925,6.418936977033912,passed,129,8.004849252890756,passed,28,5.571003169612743
242,155.23310057293682,4.828330523033873,passed,86,8.401809583245146,passed,70,6.460709317734081
243,142.4747736909576,6.974826936305845,passed,143,8.607989532206407,passed,66,5.412173691485123
244,117.62217141185202,5.815361178472265,passed,110,8.655833427683834,passed,86,5.353226277321688
245,175.6034531534696,6.47105022226144,passed,109,8.673180745205578,passed,96,6.168085220582298
246,115.83918394377281,5.953504091349933,passed,66,9.215587608835051,passed,41,5.432372557398146
247,167.49276249585003,8.048745803045824,passed,103,10.699163502593457,passed,71,5.926715801237337
248,111.71592085481304,6.477170118540589,passed,59,8.13828071929592,passed,44,5.303548051144369
249,167.79282077388916,4.57033086934132,passed,29,9.58103492304081,passed,9,5.749300008356784
250,158.2329596729232,5.032033101224455,passed,42,8.75451607498583,passed,14,5.232596253743216
251,103.03420489774022,5.986829872074515,passed,321,8.720459974770801,passed,195,6.710715719571136
252,152.10877672451133,5.079961385504526,passed,76,8.277880544558624,passed,74,5.0792872204368456
253,152.24375474609727,5.9543958059812905,passed,60,8.009863685411833,passed,43,5.300761099079532
254,148.23455360722306,4.412876609150385,passed,102,9.297478052089492,passed,69,5.098322677254119
255,135.76819342012337,4.264734743550866,passed,93,8.04106339307118,passed,28,5.0106682632286015
256,125.1801061472221,4.677279939697368,passed,164,8.449063734246254,passed,158,5.16404296608628
257,247.38316776944512,3.4659513991153044,passed,38,8.611148346012932,passed,30,6.308311936122446
258,147.40540387327093,5.4775814401181755,passed,100,8.803981964713126,passed,60,5.020775819903478
259,126.03246189661155,6.061180640339338,passed,39,8.673232616004789,passed,6,6.283044966111584
260,123.68735712888612,6.9061478631751685,passed,74,8.009429018357217,passed,61,7.474791388006485
261,164.41541807882572,5.68199703227146,passed,154,8.920729105591318,passed,30,5.351967534420332
262,144.00446789410825,6.466009804323079,passed,81,9.097398966904112,passed,14,5.414380550992037
263,136.2910127733823,7.056244563754735,passed,240,8.054447010738963,passed,196,5.537962542829344
264,123.00984100755934,4.602164193595775,passed,75,8.117813925531902,passed,70,5.83675287147658
265,210.1244587195105,4.0636610180291415,passed,23,8.016817476435678,passed,21,5.368983467699806
266,169.3024383376668,5.160982647894043,passed,90,9.488990489797633,passed,55,5.0077139714063135
267,133.6117639692794,4.419404586530387,passed,247,8.716169607672231,passed,235,5.248863427620476
268,103.99427853097399,10.678397753974194,passed,42,11.015721128386646,passed,28,5.787522059228034
269,176.55169443612183,6.891005603780434,passed,197,8.658724435791054,passed,74,5.13134956540624
270,147.26847266253156,10.231841141226921,passed,300,8.745390090541472,passed,296,5.14068135081116
271,127.39818619024686,7.08497288035913,passed,253,9.416243315243356,passed,100,5.720104962640771
272,126.1846069409546,5.683750979958611,passed,113,8.02647060256625,passed,102,5.030263901326815
273,176.95834281445784,3.793630651910903,passed,81,8.894120040094776,passed,40,5.663699504865716
274,144.44004429253175,8.591064367798024,passed,174,8.002510603609924,passed,166,5.765725287181178
275,163.90619701028842,7.661670562812952,passed,37,8.019752584599726,passed,30,6.234799391461721
276,138.0877055505061,4.853483755477156,passed,105,9.052009414445216,passed,24,5.108842972777539
277,144.65955615155784,5.074324374204033,passed,63,9.266360250146555,passed,58,5.013434756423463
278,144.90152608060197,4.826299408045617,passed,59,8.018285513954005,passed,46,5.578329557178074
279,143.6201484146149,5.977373814019256,passed,37,8.267555585144848,passed,20,6.635367810643489
280,127.50977087904496,5.35247472821946,passed,64,8.269201433423866,passed,42,6.118415066091654
281,188.87699681847167,4.372956501985762,passed,48,8.616854948169482,passed,20,5.005279852754074
282,141.91706215285214,6.682221697192533,passed,77,8.136335353038039,passed,45,5.062541103538143
283,154.52452706465323,4.14949696310258,passed,32,9.232913621177774,passed,27,6.360652087624685
284,182.0833644633638,4.077831050252059,passed,44,8.406869028374619,passed,34,6.571574279887282
285,158.6283352442964,3.4316489928604588,passed,109,8.51960855886884,passed,106,6.564571375732053
286,168.3640767021658,4.791676640178317,passed,111,8.01153878705978,passed,34,5.393326225811057
287,109.92710893968311,8.280519507287577,passed,84,8.009907459360942,passed,53,5.745123575992794
288,99.04034807656936,11.008969631299601,passed,224,8.632925363882693,passed,220,6.377927338245182
289,161.82438148595378,5.202764690265758,passed,65,8.212297418529246,passed,61,6.0439062630279095
290,134.65890500650522,8.738830211412298,passed,85,9.002364862186951,passed,41,5.095737880125317
291,132.34997273433692,6.110414468382173,passed,62,8.892605275398546,passed,21,5.240738005393708
292,213.02383318592754,2.987873232146771,passed,43,8.055958230519833,passed,36,5.638762125140362
293,142.96141522274374,9.30645712634179,passed,194,9.683437508986481,passed,129,6.3365166761534475
294,193.1079855196693,3.553586188329843,passed,61,8.780617603997086,passed,33,5.097370121665135
295,171.73168051307758,11.47283769593743,passed,131,8.16259595740647,passed,40,5.017894281836188
296,163.4504310538804,5.03007583641628,passed,111,8.295713307874465,passed,25,5.103007004104199
297,167.8952269970959,7.093894696851341,passed,250,8.22221062112709,passed,237,6.2620888301230915
298,196.07940476078772,4.082013828300095,passed,45,8.632930412403518,passed,9,5.079923631243033
299,148.7947195642207,5.183262741010615,passed,37,8.650673429211398,passed,21,5.630035209603035
300,205.20550574313467,7.631461260143061,passed,110,8.13455510248582,passed,104,6.655086497535478
301,173.96697074697292,3.7004881352947674,passed,63,8.144041377157585,passed,17,5.095665323540266
302,125.21412794959113,5.679427668408682,passed,50,11.405770081443434,passed,40,5.015147391553709
303,154.39752132510506,8.646709369396127,passed,141,8.013627470952267,passed,126,5.00713507269297
304,143.69335993015557,5.798238413975099,passed,47,9.024380907631958,passed,20,5.585154444967366
305,142.7802324475969,9.252183100148857,passed,128,8.749910267752137,passed,42,6.244118104733043
306,130.68671983915888,4.90475625938018,passed,113,8.00393984072274,passed,56,5.095602688756684
307,181.97234477676628,7.227137536521693,passed,97,8.33978944093776,passed,50,6.467111518979274
308,208.23028975684363,3.133170902065776,passed,31,9.156561986078838,passed,29,6.865461165817299
309,152.49733202638836,5.754101285943694,passed,169,10.48102993115172,passed,161,5.052043863158007
310,164.78719085854746,5.492908956638383,passed,221,8.666503607548194,passed,195,5.796141071821848
311,139.8199591548573,5.332720581321304,passed,44,8.00130212254535,passed,36,5.389500886025833
312,162.38880450414652,4.703302955943661,passed,117,8.471574856797615,passed,90,5.19877873817296
313,163.48047204063013,4.746105922118046,passed,56,9.345095327004206,passed,44,6.603934557978186
314,135.1558438347948,4.379113788503735,passed,34,8.437346699340997,passed,12,5.744189876447181
315,143.9076941750157,5.526111971841654,passed,297,8.298362716854491,passed,213,5.018060399519797
316,147.8889411463539,6.3501762260148515,passed,56,8.001812887583748,passed,56,7.977226337095655
317,151.62272940667268,5.761062775253629,passed,123,8.312201626084725,passed,109,6.386289189246841
318,134.6800148103911,4.638418303519743,passed,255,9.240002983226226,passed,231,5.018750017300699
319,163.3736616557488,6.40648931169653,passed,128,9.924571149504136,passed,88,5.1586658009113995
320,148.93497164168843,3.5867678256381534,passed,26,9.557830114083776,passed,19,5.207137880991142
321,137.54349367737225,4.4108406106570355,passed,78,10.359599284772457,passed,45,6.2387450528095245
322,185.76697886332164,5.562207144652106,passed,67,9.517220570907114,passed,25,5.234258841894168
323,131.62861980614778,5.323340230498117,passed,12,8.344411064604618,passed,10,7.242687737233444
324,159.39330313235246,3.8019169152127454,passed,45,9.374296414190075,passed,38,5.168266869437033
325,177.0490567445676,4.269404733553276,passed,156,10.85771185933002,passed,137,5.621412677098725
326,128.24105689537376,6.590932303469993,passed,106,8.3503427524247,passed,83,5.56980469560393
327,147.84819518608106,4.341959130516361,passed,70,8.156337778778822,passed,34,5.033502635600096
328,148.5482437580066,4.848647539463917,passed,50,8.576629480505282,passed,43,6.336722778688864
329,180.39580092892146,6.157886118574349,passed,139,8.132608934180308,passed,60,5.026269502500091
330,113.36504745862656,7.384731358422926,passed,37,9.405213674940649,passed,22,5.91519495586621
331,172.201815572435,3.8820820934085023,passed,97,8.945062758834755,passed,50,5.389771142753674
332,147.45871812430272,6.48495146126841,passed,117,11.948008609848104,passed,21,5.291123299459555
333,160.2429642395917,5.191560787100076,passed,70,8.83784638352787,passed,59,5.543904710646719
334,172.23739690104134,5.28378419692172,passed,97,8.013582483202564,passed,52,5.33324132059898
335,200.96893169343045,3.4374001926545232,passed,117,8.166775395319936,passed,93,5.28897515699982
336,158.00785821381646,3.8119882339897257,passed,64,8.548063605819634,passed,50,5.241089999617499
337,133.61104600629585,7.8431077866466925,passed,198,8.150806088353345,passed,193,5.628846840796142
338,149.09576344986291,5.103782398101687,passed,127,8.263515731413085,passed,127,8.263515731413085
339,141.633005784895,4.003721524078596,passed,63,8.033345288031546,passed,29,5.745041477405377
340,130.19284335940117,4.286178746020295,passed,119,9.137426881420897,passed,5,5.119576218439548
341,157.0872806336954,7.042216889932989,passed,66,8.01914819047871,passed,31,5.134278321858177
342,126.28415324074408,4.215394781591144,passed,47,8.219224650431078,passed,46,6.294405079094978
343,157.51590354339956,3.513079323209468,passed,69,9.581977069488978,passed,46,5.005601009195693
344,175.06843794056795,4.04082874367984,passed,142,8.207805778437628,passed,131,6.423943595078385
345,168.0447128735179,4.508578964626965,passed,60,9.405779743697407,passed,54,5.708713701150936
346,157.66024812159728,6.4914633253371115,passed,81,8.015105448035808,passed,65,5.004235054133432
347,172.40510028468674,5.78598390304922,passed,70,8.014873789133837,passed,28,5.826120706033611
348,175.84042124581993,6.976085062159905,passed,76,8.355409877316799,passed,69,7.006587629091698
349,131.19773050463098,7.645579687720367,passed,133,8.111418192370113,passed,71,6.828839800347586
350,147.22514012358664,5.074403016353329,passed,151,8.239703612450633,passed,141,5.0132664038516905
351,149.03926027370412,6.704461096303133,passed,95,8.771205131690273,passed,4,5.281883684443289
352,181.02462100660932,6.729880193205726,passed,59,9.032760198854263,passed,44,5.817013424232442
353,196.6933466336324,5.60577984104923,passed,37,9.729430860646326,passed,21,5.171741649259465
354,153.06113511397018,5.368931247261353,passed,152,9.057395191840234,passed,57,5.728999661805045
355,160.36971730241575,6.328173432382006,passed,48,8.436422388985875,passed,46,6.967559427249048
356,131.25969946071416,6.335986839477551,passed,251,8.068908654960794,passed,139,5.371867016098464
357,148.35593337933082,7.583873673923495,passed,278,8.10797934139098,passed,115,6.3614698189709
358,121.36461213717413,5.289419502219899,passed,47,8.002215400966062,passed,29,5.193475097815936
359,169.85644389643178,6.894366806135296,passed,62,8.214723413610425,passed,29,5.54686061223344
360,134.0123684928999,6.566338075695977,passed,163,8.558543413160201,passed,60,5.012136330731742
361,172.37164212286194,6.494040472601845,passed,28,9.803910690537808,passed,20,5.0007264827723885
362,131.89489382687546,6.955312589776652,passed,59,8.004652673336189,passed,17,5.074573971928831
363,199.05284860240525,6.1661281089602955,passed,77,8.849033664627882,passed,4,5.713146288936977
364,133.7883965276492,6.484002998961211,passed,213,8.000736973353884,passed,163,6.007993934109712
365,162.89931326922863,4.417254931299085,passed,126,8.547488919112855,passed,100,5.023620537079343
366,125.27893485112375,6.987720979738545,passed,264,8.33537590271547,passed,111,5.82162577378047
367,142.5050369911116,6.28248762162666,passed,116,8.33906510602751,passed,79,5.711856795705517
368,148.84962360990988,5.800924975865527,passed,136,9.11820063946407,passed,31,5.327588070408318
369,137.80376273571804,3.6074543711382154,passed,109,8.18558323926457,passed,98,5.8459798729365575
370,129.07982440939057,7.052198197729041,passed,33,8.140049561814688,passed,25,5.4592178545904035
371,172.12621848927103,4.894589908821897,passed,53,9.10208326079529,passed,46,5.987373910365323
372,135.0999982314466,5.702540763272216,passed,249,8.593663411429088,passed,164,5.016519359308846
373,186.50842101687425,3.3804809533256917,passed,41,8.260027575467511,passed,34,5.234721233148676
374,209.80971600975784,4.143468566711257,passed,51,8.46323041051047,passed,44,5.058603207943535
375,165.5001194168503,5.134757313843315,passed,68,10.922336949084311,passed,44,5.271929455255653
376,133.25073941568198,4.444531793025458,passed,60,9.048780870796392,passed,50,5.237155002017202
377,153.97817181192613,5.273671615529755,passed,40,9.023696964651794,passed,24,6.875324031612018
378,150.75884386941726,8.303885093673937,passed,250,8.416921739055528,passed,102,7.038571966808238
379,203.1208663109885,4.0802123544303885,passed,22,8.528755369704566,passed,19,5.020172605614559
380,142.10149315247685,6.829373972674895,passed,64,8.027192794684868,passed,33,5.001589706397946
381,153.97535294151044,5.8983603559616435,passed,107,10.15039589312472,passed,64,5.855129188634667
382,172.50986425635887,4.0071740523188755,passed,71,8.479655101170437,passed,33,5.21420869622915
383,172.07813447668997,4.241772998509672,passed,38,8.685117310436263,passed,18,5.5157570725945515
384,142.20857070576264,2.919075977137505,passed,40,9.643465785612726,passed,37,5.177238395137307
385,154.08481461414218,9.571490898259585,passed,172,9.524881349898662,passed,163,5.065808368727898
386,181.09356009174164,4.863870753902998,passed,106,9.079790076430715,passed,100,6.526639735885409
387,129.0648539275018,9.345108411047537,passed,261,8.020038075081693,passed,31,6.478025419862177
388,154.00739752223606,4.20590782090463,passed,48,8.279147283798928,passed,43,5.337556388680276
389,136.90371971676822,7.357528321457693,passed,64,9.066161865063904,passed,61,7.869920358033333
390,154.9247668224838,4.29792426209718,passed,91,8.471946476102875,passed,57,5.551210632317871
391,168.69957353685453,3.3981663167287386,passed,29,8.075485232418721,passed,23,6.221522294020199
392,176.37668258801477,5.882702226489353,passed,36,8.160785491287115,passed,14,5.182991552926874
393,210.48921831774186,6.858891819531736,passed,163,8.261980747593345,passed,141,5.11111962991746
394,130.68174140552657,12.394104101760545,passed,434,9.603899023466766,passed,200,5.845488120102904
395,166.86062304801465,3.574186724201071,passed,64,9.768794304381423,passed,54,5.416327796775922
396,152.50656275534183,4.959494552881092,passed,100,8.052919727841301,passed,71,5.554992167382489
397,162.02917447535415,5.757891732041006,passed,144,10.083207144073292,passed,115,5.171023986941448
398,221.18857221443426,2.138550951254015,passed,33,8.246268566606485,passed,14,5.52738568910367
399,132.7862829180092,11.169604153230567,passed,94,9.831712156492278,passed,82,5.2860838976098945
400,127.60841600750848,5.9685358994454845,passed,61,8.07238132661061,passed,59,7.1945895777972835
401,156.16173582167337,5.60187028379514,passed,106,8.035900108892967,passed,100,6.101301843985363
402,130.70843547506513,6.1465267779374955,passed,55,8.06025755739379,passed,46,5.0177253918574305
403,198.99729774164862,5.989012780795785,passed,63,8.336722882084914,passed,58,5.655982175862784
404,201.23180670460158,3.3861286010753306,passed,42,8.30946774392174,passed,32,5.377918595076858
405,140.50492704823037,11.047091374078246,passed,144,8.798373336653365,passed,141,6.280595894205088
406,108.60992127596472,5.356545352632797,passed,192,8.065392732421417,passed,77,5.585100520417541
407,145.8636788672969,4.876562316784483,passed,78,8.734070435309714,passed,39,5.59563263299705
408,132.032830893269,5.70686263027791,passed,128,8.698269028851623,passed,106,5.3442024348618
409,142.34581915587694,4.746496819666394,passed,173,9.416443787970774,passed,83,5.359045008369523
410,161.05429929966405,7.7574465071882965,passed,124,8.32970999954885,passed,64,5.210939148316873
411,163.01249673446114,3.4699407680241547,passed,70,8.613536883482231,passed,48,5.010346057202164
412,198.94141741573083,4.216523857027855,passed,73,8.448431129429078,passed,73,8.448431129429078
413,144.77470566957456,6.304465067590888,passed,51,9.51602817599657,passed,43,5.653072007666871
414,142.6209375545247,4.36885070437845,passed,19,8.07633472978695,passed,10,5.270942312967519
415,203.7190819425647,8.1401552045496,passed,148,9.49514101799771,passed,118,6.080062718834456
416,154.8415469079023,5.397719773421634,passed,100,9.734253170521768,passed,43,5.019278132265992
417,155.51742929433055,7.8493669162515785,passed,217,8.846515260237918,passed,37,5.203935915668789
418,131.9645489846791,7.510676376411543,passed,80,8.835912939546775,passed,65,6.3156175546720705
419,180.3261019878287,3.738377766051636,passed,50,8.019110762816428,passed,28,5.967575113596624
420,119.92151625258032,5.325660866172437,passed,84,9.33959315750663,passed,46,6.560119089948202
421,147.2860525932709,3.3513232506163093,passed,16,8.339561484148405,passed,14,7.386401418899213
422,122.69130787007319,7.35958063340611,passed,128,9.066184819873847,passed,59,5.428962651276703
423,180.0403680629766,5.5379099558731415,passed,117,8.01453544700701,passed,106,5.029047935248099
424,126.5644043659599,5.917400693653095,passed,244,8.033843585123002,passed,94,5.024240675650615
425,159.47724293888731,3.706671729253065,passed,120,8.256522422383416,passed,107,5.725167660643793
426,156.03954438302608,5.846061038044643,passed,259,9.636879171773604,passed,252,5.637185501529518
427,182.03653964030715,6.53362045132402,passed,53,8.079087740404379,passed,30,5.659707192621566
428,151.88501614095387,5.317392051860375,passed,97,8.811250890689815,passed,30,5.861575127591534
429,145.467911745691,5.972708091867209,passed,112,8.164716216144852,passed,64,5.769395950325951
430,151.4155922671816,4.74150215316975,passed,158,8.634357658445069,passed,48,5.248726926848746
431,156.73432149735712,4.722931813461449,passed,94,9.521885686281383,passed,61,6.387250460388794
432,187.79283108091226,3.797489274426051,passed,118,9.025358448369136,passed,112,6.319879347069013
433,87.52331852386801,8.61709956281549,passed,100,8.742876508716213,passed,45,5.2225448078030645
434,150.00874491517516,3.411086433109159,passed,50,8.60034348330836,passed,23,5.047030762443505
435,165.79557049831183,6.022720311418123,passed,98,9.175256451586078,passed,63,5.046713799082592
436,197.15956941806593,3.6925021826155042,passed,22,8.535195185971434,passed,8,7.1945809127335725
437,159.64363385334778,6.032425968247163,passed,147,8.83128167637075,passed,133,5.5082553119286
438,191.93701516840673,2.9558819430856325,passed,68,8.01706441854584,passed,50,5.024194901535672
439,166.58485781896496,3.285732156300833,passed,96,10.948226862605392,passed,86,5.438114883980871
440,148.36267833756747,3.7963046854840017,passed,89,8.315739943584365,passed,66,5.2412031316698915
441,169.19864748840902,2.9631253334712384,passed,58,8.043076539636939,passed,37,5.167447241922485
442,156.0197495434741,5.236689292339121,passed,134,9.951827562026306,passed,121,5.773727958067476
443,155.05592807972928,5.736923995115319,passed,163,8.01107006752031,passed,106,5.07413469932958
444,174.88595166099597,5.648210249409075,passed,52,8.228359373231054,passed,28,6.044254565122298
445,178.126371853717,4.275572083504123,passed,43,8.00736312863679,passed,43,5.9850824711659145
446,153.9372045432378,6.26537817999281,passed,80,9.11030327968325,passed,80,9.11030327968325
447,144.1327686988407,10.167264266401647,passed,172,8.113098762082082,passed,34,5.24707486117979
448,189.67618306570117,4.767140371083597,passed,59,8.260887419733209,passed,50,5.020937024353955
449,151.07137928012776,8.910425691099984,passed,302,8.11439017528408,passed,221,5.539913345526948
450,158.47502828927506,3.780261457184257,passed,62,8.431980661941951,passed,41,5.279329338075378
451,114.59143585925449,7.529501080824106,passed,127,8.132611751974839,passed,121,5.262091189257889
452,160.76097254005396,4.2173846175243455,passed,56,8.36668871173738,passed,25,5.127333139917911
453,191.99983232839583,5.432923636011636,passed,170,8.593535506985983,passed,99,5.006756350670161
454,201.57560754280954,3.5967630402815947,passed,100,10.494319421445608,passed,97,7.8388570254974255
455,170.79738100758578,3.10742947998496,passed,88,8.211097164814918,passed,83,5.121306050257601
456,192.63863183899753,5.243418776421311,passed,45,8.644757611906751,passed,36,6.537658735457752
457,164.42501658832614,3.9325845324614637,passed,163,8.912218072916911,passed,60,5.024299177170843
458,132.63281635111142,5.902740143564181,passed,32,8.127028073450582,passed,8,5.113354257013114
459,129.85494078574882,6.970630264006717,passed,196,8.275217562583958,passed,179,5.700723262316543
460,155.95946728518712,4.2334645628132055,passed,15,8.068236102458993,passed,15,8.068236102458993
461,136.83576762017205,7.852270513034069,passed,88,8.637517441240462,passed,70,5.160813584832402
462,147.54386874664092,4.0733093092978345,passed,89,9.055974103152774,passed,69,5.536698962128561
463,164.0829029975384,6.817965596818359,passed,53,8.61843610191051,passed,45,5.890445334196337
464,161.04594294076807,4.298914503080245,passed,126,8.2722359880258,passed,50,5.488603878793885
465,149.24366895392066,8.668380318709753,passed,53,9.578874721109031,passed,38,5.486535360054168
466,126.3603541727222,6.617071053072074,passed,38,8.669234944962522,passed,4,7.60716043664571
467,185.15284845904853,3.794884286757251,passed,94,9.05940077158891,passed,49,5.006660981114264
468,179.6868746972473,6.511168045693264,passed,100,8.757145636277741,passed,88,5.089448142451003
469,124.23306611252616,6.896462614698995,passed,181,8.002906833471823,passed,110,5.108966740379062
470,213.2977108976999,4.158873602118489,passed,30,8.95696330165363,passed,12,5.350507877805533
471,146.52533493047386,5.046144203676818,passed,22,8.007120294657021,passed,13,6.089572184515468
472,172.09870005714075,4.558604703331697,passed,103,8.62583656024225,passed,92,6.9641377796477055
473,147.4677823404104,3.630834510143556,passed,68,8.199622468830503,passed,53,5.478479282861071
474,173.56803789655774,8.558940618984488,passed,54,8.172771636859633,passed,21,5.492447700563652
475,184.09746440616718,5.7385841757474285,passed,50,8.211881547974631,passed,40,6.049095785179026
476,82.63374597949947,10.257830052164337,passed,207,8.229577340322836,passed,184,5.016282878832956
477,172.09698640480093,6.053497076381629,passed,127,8.360752124696248,passed,119,5.464545825175526
478,159.07568013311896,3.156180609137857,passed,27,8.069645923825487,passed,3,5.014324928770431
479,178.77744056554064,4.373745276221768,passed,221,8.012051835555955,passed,147,5.803560756129733
480,208.38086623270843,3.4614460186255482,passed,59,8.422718585951161,passed,50,5.465082539920774
481,158.30388415598958,3.6653232041919024,passed,35,8.913033812497616,passed,30,6.026584460473994
482,127.58020794707062,6.15690023965008,passed,61,9.355570294089087,passed,59,5.124140263720145
483,172.31362094404466,6.271578046972739,passed,43,9.634554281354312,passed,30,5.419370446116534
484,146.92891464947832,4.7219943350605895,passed,50,8.147315332170502,passed,31,5.00097383190059
485,164.07814110743294,6.039572150585436,passed,102,8.211833052662975,passed,50,5.01338688787436
486,164.4236204005609,3.2090354794359857,passed,62,8.918402965260274,passed,48,5.0017376984029305
487,161.3170567897907,3.5762393745796395,passed,123,8.00021815672256,passed,95,5.01227366977921
488,146.68264237113587,5.338453650765637,passed,124,8.094741406589234,passed,106,6.125217588474174
489,151.67922674907763,4.761584975605293,passed,126,8.076671190377382,passed,54,5.101685930413691
490,154.55182436269757,4.732430936734562,passed,89,8.280856182380546,passed,50,5.012265432755059
491,183.75443022940678,4.946392069772636,passed,94,8.308024918894063,passed,64,5.364329607750173
492,166.15148918391637,17.84966330349109,breach_static,225,-10.40877043779308,passed,75,5.123646042774155
493,152.5597570889313,5.088238785605088,passed,151,9.109338439147386,passed,102,5.7058979437078605
494,148.15748053354255,3.336472565963735,passed,157,9.399701272490613,passed,141,5.001254252449638
495,141.03163012009344,4.549952389442185,passed,53,8.156401437410254,passed,4,6.205851060173928
496,188.65574946042406,7.9004325529353325,passed,196,8.025720402198843,passed,136,5.603463725301006
497,223.25798014724012,3.0873618020041826,passed,49,8.402283875637906,passed,45,6.628356820849812
498,115.71446870491316,6.206953115920346,passed,247,8.378180611261122,passed,63,5.212071815659902
499,148.62911130813865,7.34287950994465,passed,27,8.26296825119166,passed,9,6.1108509496870855
500,164.39689469491202,3.472639945980556,passed,35,8.193742689351291,passed,21,5.120810500347894
501,223.73851183305158,4.681828403211714,passed,90,8.207487617045128,passed,13,5.405876660155906
502,140.54548951299796,6.370786053359083,passed,193,8.042947685084535,passed,163,5.013622317816502
503,153.25669482540377,5.142771225535482,passed,115,8.997440165322734,passed,44,6.213629743399207
504,191.1395964622293,3.9506152219391883,passed,90,9.205565302409724,passed,38,5.345961401338117
505,133.16399437740424,5.675728081715441,passed,59,8.22261419495578,passed,52,5.63501084330158
506,171.57939122432543,3.8053790949538957,passed,60,8.299114483714654,passed,57,7.567443297359033
507,156.4094332562635,4.621706288510652,passed,100,8.303774702776234,passed,94,5.414140012569835
508,142.04611673262147,5.752864225756394,passed,59,9.428291562654302,passed,16,5.536633234688182
509,146.14486619659493,4.536677889077671,passed,128,9.031432750267454,passed,74,5.020266112326621
510,136.49158088112955,7.550665999655864,passed,60,9.159088337267086,passed,50,5.50248127023949
511,133.25546953910484,4.746239981894593,passed,158,8.065058853000329,passed,71,6.4052745591322235
512,145.96874025665124,6.540672730531895,passed,47,8.257940310681256,passed,42,5.296001840958153
513,205.08258534558354,3.488667632005248,passed,37,8.28710175782077,passed,23,6.3654253419579865
514,171.1584638751164,7.039754802446978,passed,80,9.409377303754663,passed,55,5.744282521045552
515,150.2041204502043,3.5651295498291846,passed,58,9.580263356428699,passed,50,5.273817780965628
516,167.40125907163934,7.011746255151757,passed,159,8.18984367074853,passed,115,5.079748877363177
517,128.30853425785804,6.92533584642583,passed,126,8.320398432277255,passed,95,5.323130707387769
518,134.36655989359662,5.459078151233849,passed,100,8.169685730934283,passed,59,5.257844760086172
519,149.65467669295495,5.769504608101651,passed,50,8.310335453868078,passed,30,5.1215868796166575
520,148.26395656443842,6.213333195640884,passed,70,8.676379640643827,passed,52,5.083111766792259
521,166.01659755959028,4.890964109319615,passed,112,8.738483832945999,passed,21,5.055396570007242
522,94.92807194866735,5.590736229955608,passed,120,8.22746823592464,passed,99,5.181859579872827
523,123.25644823555018,6.28070269715207,passed,110,10.140758572804632,passed,38,6.235963911142028
524,160.06804803315262,7.840596348868961,passed,126,9.34447595252228,passed,71,5.271598686559331
525,148.1639296727923,3.8497261813297246,passed,39,8.752461491047047,passed,26,5.002380383995186
526,157.56851269361937,8.226223774431137,passed,185,8.828843163818823,passed,173,5.971546226115598
527,131.43968166979363,4.892137887208861,passed,92,8.016628011352832,passed,66,5.39859670633549
528,157.0242701019351,3.8155763699287726,passed,54,8.05652401886694,passed,26,6.234366320250029
529,165.27774910428698,4.384050061529282,passed,62,8.017201393167571,passed,30,5.450552875522829
530,146.59377811823214,4.957563205326515,passed,70,8.002072164652606,passed,64,5.041923350461586
531,111.1857416456548,9.41804437820707,passed,61,8.093098155735689,passed,47,5.009046316158372
532,198.3450045053298,7.968857682567225,passed,216,8.800741381268828,passed,164,6.044070070973784
533,178.0919759152575,5.272957976185727,passed,97,8.670341248983071,passed,36,5.879769824939696
534,193.39216809870106,7.818547570779969,passed,135,8.317337683603432,passed,119,5.251362632857104
535,151.2677026742777,4.759446814135207,passed,50,8.05126130755205,passed,29,5.019077050362508
536,167.65667856541938,4.4206970846380225,passed,46,8.35830155994528,passed,14,5.219942276396439
537,152.5682825888759,7.825587633045039,passed,54,8.858807346697972,passed,47,5.087417021013385
538,125.29195628890739,3.847664691352885,passed,147,8.164188456531418,passed,110,5.066896463464499
539,138.92468345509204,5.544172014352409,passed,115,8.128952395048671,passed,106,5.240516971159348
540,135.88443367694475,4.28637144366336,passed,43,8.101802734495944,passed,29,6.942583807231717
541,199.37264811493645,3.438889217785126,passed,63,9.487059365979222,passed,19,6.955566972591742
542,195.3559425465052,5.42824864493453,passed,159,8.544535937602715,passed,158,6.881154354164543
543,148.40885196835413,4.419358424436239,passed,173,8.7787075105358,passed,35,5.690932616067745
544,138.54578765888624,6.789842253023955,passed,142,8.105196948655212,passed,75,5.685809973574041
545,150.79532995297416,4.536042299631942,passed,188,8.283603956513907,passed,154,5.580908294707743
546,177.88620930231295,4.310052301252614,passed,89,8.889607564775392,passed,84,5.693281299181607
547,171.78819969621117,5.777113105534276,passed,115,8.163505266723824,passed,43,5.375536914706691
548,167.01702948013343,3.822580763324532,passed,42,8.371478603792104,passed,31,5.070865253116197
549,143.35924354794543,6.569346143021704,passed,176,9.298587372526,passed,119,6.187254597200398
550,167.53980526212518,4.223096388667852,passed,91,8.894392078837289,passed,22,5.573366098170873
551,199.9487734818684,3.9320427154569404,passed,77,8.633651516009833,passed,23,5.302745224323835
552,184.11932089902052,5.3050320879524095,passed,69,8.559926733923096,passed,61,5.1165106300577134
553,131.0707120837515,5.5651918609889535,passed,57,8.07740972138462,passed,53,5.126861507716773
554,167.83330814541753,3.942843882087833,passed,21,9.659874035091697,passed,12,6.495310665749288
555,196.73018312380376,3.7779958349114255,passed,115,8.642336862282463,passed,101,5.320237174644626
556,155.15779605123163,3.7729445657308602,passed,66,8.013036318627353,passed,23,5.273754546739928
557,142.50595876018798,4.855876989832125,passed,35,8.020519614803012,passed,19,5.181110489917895
558,157.0232399807983,6.954981228627951,passed,185,8.01459407533307,passed,36,5.0134902071629295
559,170.33162284625908,4.661592445737402,passed,78,8.01207676042548,passed,66,5.173906287119179
560,179.3180912874664,3.6032398598246322,passed,50,9.259714391019669,passed,18,5.2239078478638845
561,141.11600155450944,4.3788485791005245,passed,35,8.961953979412819,passed,17,5.546155729687552
562,138.7922660798544,7.8866997071923555,passed,227,8.47768775049218,passed,214,5.991988753853605
563,168.26162937719937,5.230302349768179,passed,61,8.273172466657176,passed,18,5.792282864743781
564,177.28117704825698,4.697069719744672,passed,60,8.004647053815251,passed,50,6.269501916060061
565,184.6488012468315,4.99446716924796,passed,54,8.466556544224723,passed,54,8.466556544224723
566,177.34767467236554,4.7708917731267615,passed,163,8.07268708675597,passed,128,6.021451399835875
567,106.1968707588882,4.589172039465507,passed,43,8.58044311117585,passed,31,5.118827273597115
568,135.21783240229138,6.728986561920017,passed,252,8.007517824314526,passed,183,5.019979246471218
569,148.6123901266713,4.367542488594111,passed,100,9.220404702370399,passed,70,5.006667879906934
570,147.66380349527486,7.361961705548785,passed,42,8.884892623242745,passed,30,5.35385440500975
571,163.73672470701885,5.307415431159227,passed,48,8.230686650619345,passed,34,6.0377346797027664
572,127.37371564796658,4.1575695265505015,passed,59,8.443128220618723,passed,43,5.200971966594525
573,166.85569071040237,4.517807111358704,passed,117,8.111230852274609,passed,82,7.169651268735899
574,177.0543542148874,8.200118567404997,passed,217,8.650025301555475,passed,209,6.4122048011511
575,126.51933196822536,5.516290085620586,passed,88,8.533780397486934,passed,87,6.5227961947386115
576,188.90511194212613,6.346104533363121,passed,164,8.275714251088996,passed,23,5.315497259550583
577,165.1116491405815,3.9484895192361327,passed,164,8.677765263871251,passed,100,5.522826265973513
578,181.4822609606714,3.9611176308659575,passed,59,8.016365282631565,passed,50,5.737401953844845
579,178.14623094598332,5.913924474056849,passed,68,9.394076163409594,passed,59,5.084764400822306
580,146.96581611917458,8.638273548548616,passed,247,9.71647049503568,passed,105,5.709616797143902
581,124.61010888537238,8.060548664500491,passed,135,8.75397547435166,passed,28,5.125078394763305
582,147.18400549442853,4.97810870858989,passed,39,8.002452076708732,passed,28,5.670522778226195
583,140.33124824990338,6.307204622211988,passed,42,8.000483837474913,passed,32,6.034673900008891
584,165.19427839943984,4.810959080879092,passed,65,8.69984447467591,passed,61,6.330711199813077
585,169.9482604082755,4.3471593186817525,passed,50,11.47346904550881,passed,20,5.6611748188031275
586,168.46195863581394,3.134843702955994,passed,121,8.418284342164672,passed,101,7.8100661492557455
587,141.9803423702331,6.301942712563187,passed,56,8.09131614661669,passed,34,5.043813519252227
588,145.90281272998814,4.653972301151965,passed,173,8.58864842337248,passed,163,5.168436203371152
589,187.64570370426074,3.474967905207065,passed,50,8.565789347795194,passed,25,5.052374215158006
590,172.0002352789911,4.6062644853429004,passed,53,8.058302404509732,passed,16,5.321999704840641
591,167.79764553584423,4.642452868849924,passed,87,8.27928348512421,passed,45,5.018827022908634
592,137.9321357434069,8.506864377710928,passed,120,8.939424029067023,passed,79,5.256757490489883
593,143.87019037620573,6.377730279624709,passed,141,8.351361093342646,passed,74,7.234451547636511
594,198.95821390624343,5.228134394945402,passed,109,9.163252206802142,passed,54,5.114228924935005
595,165.8993648829884,4.67960714532408,passed,50,8.100418524608965,passed,45,5.96904098791069
596,148.54441373442006,6.005400942755954,passed,249,10.94748195669666,passed,102,5.1693017380442186
597,110.7208060200219,8.50310354676376,passed,197,9.134981295887034,passed,162,5.006854499021984
598,142.32482399963214,5.681372633203971,passed,329,8.418644274752207,passed,115,5.44677644520255
599,156.83371308591325,4.8898096070399415,passed,47,8.465101932948226,passed,13,5.266108828430616
600,156.88784393722352,5.1805167004864225,passed,248,8.316969807662922,passed,245,7.824810524886638
601,131.0973160724577,6.047476641027597,passed,104,8.109217345226561,passed,82,5.8789691310950465
602,157.67852488533515,7.204301869836958,passed,45,8.658416097237076,passed,26,5.015175153528917
603,151.09160513260852,7.49582622387647,passed,285,9.1122567724097,passed,117,5.304739272125669
604,146.8695170707882,2.846777030367088,passed,102,8.092134513698678,passed,56,5.403382570159865
605,135.02535977792968,8.105197707311564,passed,133,8.097479321108914,passed,31,6.490879025418095
606,146.62859683960087,5.163748611152728,passed,117,8.92103438279297,passed,61,5.48908143237361
607,127.36872775675909,4.421246365673268,passed,19,9.29380848030985,passed,13,5.3563425627559225
608,133.37663214894616,6.032560803049439,passed,65,8.199785393778015,passed,54,5.641152884844547
609,185.2680695057469,3.300318430389859,passed,117,8.281791756351575,passed,93,5.590937475757229
610,139.39881163363975,5.16355298047416,passed,84,11.2992908973232,passed,51,6.101343187475905
611,108.72863664317052,6.093272936494393,passed,154,8.729990981631474,passed,56,5.849195351612768
612,171.37793361439284,6.078754468097154,passed,142,8.167457128118972,passed,48,6.213132807737831
613,138.11988447165743,5.3773348228615765,passed,146,8.134273443398609,passed,140,5.0797673149237
614,153.9350776778304,10.135416508609334,passed,62,8.182520270563675,passed,61,6.425614545785963
615,159.8725059473601,4.546483659685416,passed,89,8.942747596370904,passed,87,6.266994599631137
616,150.83107249759226,4.226678585459119,passed,94,9.283130809970274,passed,82,5.314392260112166
617,183.38257381596986,4.320615486726468,passed,39,8.611707895715082,passed,32,5.616275848709917
618,179.3211128031723,4.719903761559525,passed,64,9.763041944909045,passed,56,6.537596709302629
619,151.87350470256655,6.67483057343513,passed,151,8.73471966903776,passed,123,5.085458216876115
620,174.61320762444257,4.282936627532859,passed,85,8.005337370174082,passed,19,5.224884788189654
621,132.90695628889765,4.9597959427562035,passed,87,8.185276155554867,passed,79,6.204551454056451
622,191.31903575172055,5.628553291775364,passed,96,8.6406938363504,passed,34,5.119526391565321
623,165.83954986098877,6.765870215190982,passed,150,8.660308253068383,passed,24,5.260535601917882
624,179.36166180489263,4.158586808085195,passed,100,8.363373181496382,passed,61,5.942159018400761
625,188.94556751567916,3.102512282264549,passed,74,8.002879001721897,passed,21,6.397051825513489
626,133.35490753912035,11.272683706681502,passed,216,8.267510340184048,passed,207,6.395919564111696
627,120.4498269048524,4.922236523889515,passed,176,8.008553115922123,passed,100,5.3164644312927445
628,131.66059569396236,11.111397167788116,breach_static,84,-10.377662827681943,breach_static,84,-10.377662827681943
629,131.5006101706931,7.66903901528651,passed,124,8.018212720048346,passed,104,5.185471938524544
630,161.07037300520898,4.717774998709167,passed,69,8.055566126303537,passed,57,5.111122816777125
631,124.85377615298523,10.252078454673523,passed,141,8.505586001835642,passed,124,5.001541286652245
632,121.24939029471537,5.5694185207294655,passed,223,8.38214198927767,passed,179,5.133196592745004
633,166.51243046473704,2.960156232222796,passed,47,8.043262275210683,passed,29,6.090718149350449
634,173.47011157324613,4.181425762178974,passed,121,8.180673274965544,passed,116,5.52509330455051
635,118.96743348504569,6.3018872105569015,passed,129,9.73574324219275,passed,51,5.869000221998477
636,181.5028397165277,4.094057967140803,passed,37,8.081170578666995,passed,15,6.260424396105746
637,130.2941436014831,7.128867535516724,passed,219,8.93607968268817,passed,175,5.479060580768991
638,129.13819840108266,8.666825158218707,passed,29,9.122015024337626,passed,11,5.883875513591064
639,162.6201557743307,3.9559489265300285,passed,32,9.041022935031929,passed,28,6.775576909550685
640,114.66616000847853,8.649718183939276,passed,128,9.065863543442344,passed,9,5.217448395791591
641,117.86345630737465,12.919158769702877,breach_static,223,-10.31113019683949,breach_static,223,-10.31113019683949
642,157.49952479717098,5.6073952595056875,passed,43,8.191958113238162,passed,32,5.5301840962802995
643,84.20264447032476,6.815209595114986,passed,141,10.40492278393188,passed,88,5.561301785764949
644,120.0568741818016,6.003830002812871,passed,89,8.04488275157409,passed,88,6.173209812940295
645,143.1630939269104,4.9512462590908575,passed,100,8.551349732574787,passed,70,5.008541799316668
646,186.59823758844573,3.916258563867751,passed,70,8.414521789284812,passed,51,5.228407566884252
647,131.00640139490142,3.9724144855026235,passed,104,9.233668339240664,passed,86,5.99915779282203
648,218.80224913910604,5.467865221611095,passed,67,8.397974534724062,passed,36,5.100539822587491
649,146.57072225181068,4.138064636866516,passed,90,8.012552952808004,passed,59,5.013448303127288
650,150.212361042582,8.307751583827766,passed,16,10.563348314350218,passed,14,7.424477467293356
651,148.8043689498905,4.394996497085229,passed,157,9.681205502475443,passed,21,5.0094618773540045
652,155.51909891964132,4.274570753817432,passed,107,9.387794324557808,passed,94,6.197193320938044
653,149.6258728444665,4.142916618834856,passed,127,8.574419983523484,passed,52,5.2318171927838275
654,179.2357123429782,7.311364059096618,passed,65,8.377510885039818,passed,19,5.6346411605230795
655,118.60469496810472,16.11674242695333,breach_static,205,-10.077095956386584,passed,47,5.113797412506482
656,148.5529530236827,8.484588000318313,passed,81,8.1625257272113,passed,42,5.0488462595633665
657,154.033427915012,5.8204352221137,passed,54,8.004251341582114,passed,22,6.574624877087598
658,130.67777855796993,6.5348397193388434,passed,65,8.93264929883748,passed,59,6.602461408965121
659,120.29392045181675,6.024292021705746,passed,100,10.056216411978557,passed,100,7.068351842949161
660,122.6461684430158,6.621154522426319,passed,191,10.977584234156158,passed,123,5.527123636801279
661,161.64334088619214,6.655317635101484,passed,158,8.133384591057835,passed,120,5.516352950560299
662,127.94409141283563,5.339794956815457,passed,64,8.01725894398475,passed,50,5.199890772909166
663,157.74312967914184,6.394048796117353,passed,133,8.012119669651984,passed,126,6.049768068792294
664,118.57674755074501,6.575760334427967,passed,125,8.827886811036834,passed,89,5.052979743580144
665,168.62624204890565,3.6824214410159914,passed,54,8.165388659010686,passed,11,5.48143451645382
666,135.51639828022002,8.26793067163365,passed,128,8.436115304514757,passed,122,5.150288271864345
667,143.0209670358496,4.088799399129715,passed,87,8.004432494084824,passed,38,5.105240319582838
668,171.57587859353671,6.481004274812796,passed,46,8.18103822273426,passed,10,5.8763541733644065
669,146.8989885700922,7.354626930079092,passed,43,9.31433420442007,passed,26,5.207084974620191
670,170.75378934220316,4.926350745013702,passed,81,9.95270754905282,passed,22,5.203329506181809
671,129.39685841060214,6.870747103559628,passed,110,8.253226680430092,passed,106,5.243650951324796
672,100.67010330725994,8.16918227626836,passed,208,8.353019334941191,passed,50,6.008196166713198
673,150.99909147516888,3.5773503000141633,passed,28,9.38408463721796,passed,15,5.970681647246412
674,208.93609672500793,5.416550713482628,passed,100,8.004318103807595,passed,89,5.814296727079049
675,166.64049567967797,5.283951942044662,passed,172,8.050979717985985,passed,158,5.683822163483199
676,118.838161250632,3.1894992944526703,passed,124,8.008527849399805,passed,63,5.080280489373679
677,143.49673206104953,4.450396507873138,passed,98,8.180493808458088,passed,60,5.858172679493379
678,192.4432655297296,4.60772796894839,passed,83,8.598189591278583,passed,30,5.528341979424156
679,175.65988788482207,4.167417820164136,passed,76,8.00631650330339,passed,61,5.46873343469827
680,137.79387069370398,5.364309073105857,passed,36,8.817491430252034,passed,31,5.194318635639439
681,130.2010531342034,11.830776357818799,breach_static,13,-10.016568609844567,breach_static,13,-10.016568609844567
682,156.59674774112378,5.410400604959686,passed,36,9.181680592664975,passed,36,9.181680592664975
683,143.43667632749825,4.847365022077247,passed,29,8.698220155355397,passed,14,5.772473502464703
684,131.74603103574154,9.607589905835136,passed,143,8.007394878767693,passed,102,5.020078424822683
685,194.9533477671452,4.714631198146576,passed,93,8.120636678913673,passed,66,5.88682296761025
686,159.26905913895664,7.110719888930696,passed,131,8.007517372355476,passed,113,6.683073277373253
687,144.92791758938006,8.477784646957753,passed,175,8.548173542181559,passed,163,6.115255651746709
688,184.34281603806605,3.3580377277172855,passed,164,9.264048283312064,passed,56,7.697267310164269
689,131.58310170697777,4.3044275190922905,passed,53,8.892172608357352,passed,43,6.035045359518532
690,179.61595368111972,3.269979832118649,passed,21,10.354924149329193,passed,8,5.035415748192307
691,132.90442720921507,9.008399423827782,passed,222,8.806717178169565,passed,160,5.336349205437263
692,144.94151229103895,4.798245103346637,passed,106,9.312158769464428,passed,22,5.022028632148712
693,144.72020714488906,8.308192214567585,passed,265,10.497565761407168,passed,231,5.0214407578954345
694,181.96031838519363,5.764700750787809,passed,53,9.020750263353383,passed,39,6.099601601220539
695,154.1056656984984,5.192105418877983,passed,77,9.370610924252931,passed,67,5.591053978749816
696,142.76765829384425,5.363236720337957,passed,65,8.166043326422878,passed,60,5.404526707018342
697,116.71883278532675,5.548183918835747,passed,35,9.572117802890379,passed,21,6.391496154476162
698,190.7266687646997,3.4623709401774927,passed,57,9.343245839810521,passed,26,5.304341607723773
699,125.5695210914594,9.221239053855696,passed,114,8.819078735256692,passed,10,6.4600605661430555
700,137.07299218940398,10.124959657139355,breach_static,89,-10.068633409852623,breach_static,89,-10.068633409852623
701,184.2781665546676,7.526485568486619,passed,151,8.340823252966478,passed,60,5.094966593070249
702,164.5483420955475,6.846607979600153,passed,98,8.017926986221035,passed,68,5.031057112142157
703,162.92924473140457,6.692766015157002,passed,150,8.007336992747959,passed,70,5.637339101473904
704,138.40626476636038,6.657880665750854,passed,203,8.000992704106613,passed,180,5.242298531627831
705,136.73859732076514,3.8333983111931,passed,124,8.221335108834849,passed,13,5.19332338006262
706,140.29808463302226,6.127110414175331,passed,20,9.465059770429507,passed,13,5.3129336962271845
707,143.9689555903457,6.380922134858336,passed,164,8.501252486063215,passed,162,5.416862672606881
708,127.63017759214912,8.30548924135793,passed,151,8.225503773476216,passed,132,5.026017822963924
709,189.8322674474111,2.8807254852470434,passed,56,9.39072438977393,passed,31,5.285976570920159
710,148.48265176827618,5.486981949441538,passed,106,9.035165796902355,passed,104,6.773656110653348
711,176.0284554624727,3.7590475168354924,passed,21,8.261497187238653,passed,20,6.257589776493555
712,145.1921226361939,6.4434053000698475,passed,31,9.444253376314272,passed,16,5.04536908436779
713,205.53360432866307,4.561801631099907,passed,54,8.019866394263886,passed,47,6.096932876675076
714,175.5471852949102,7.191452191388698,passed,141,8.49131027520247,passed,141,8.49131027520247
715,171.34387342632326,4.550669228357774,passed,83,8.149272107273609,passed,70,5.014949658898504
716,87.93474631179964,9.63907930864116,passed,340,8.808518688132017,passed,325,5.093669071139639
717,193.75109850305202,3.835040164622504,passed,43,8.224426417068731,passed,13,5.239203212110577
718,122.40968379930224,9.17981817824661,passed,312,8.007843316899255,passed,64,5.284964146487914
719,152.91166049203784,6.176885101948426,passed,57,8.65463541770357,passed,45,5.366351412137349
720,201.39116843206426,4.6856191708683745,passed,54,9.044101868151389,passed,27,5.724767755477256
721,172.2916390579691,4.872421126252027,passed,128,8.539393104164027,passed,124,6.967173952276751
722,132.89798287139965,4.284893913484038,passed,57,8.37873420451003,passed,26,5.009452736558129
723,150.9643426545698,6.707473954858409,passed,133,8.114757495526813,passed,133,8.114757495526813
724,181.41095429222642,3.26030507294903,passed,46,8.04557848544225,passed,41,5.060455794102725
725,145.9102328250396,7.570977412659767,passed,146,9.053337253305905,passed,142,7.530910414995118
726,176.23615404769674,3.9708629070617696,passed,115,8.467845093021143,passed,71,6.671556655737687
727,141.51159056615623,5.521016337052762,passed,88,8.9770698875715,passed,79,5.276901898212061
728,135.09802880826493,5.07493265331969,passed,55,9.90014628095983,passed,16,6.124160559491698
729,142.68689491050154,9.41185809521323,passed,110,9.105196514343806,passed,70,5.53058108595299
730,178.0279894647812,3.2133317870881952,passed,65,8.008307243687508,passed,29,5.974645431512249
731,142.27501115217302,6.1265827003298305,passed,173,8.393263942920681,passed,42,5.2182963356403045
732,165.12457434099574,4.795026407185075,passed,122,8.10827476403908,passed,102,5.739131753424798
733,173.5201805526953,5.5406668795837195,passed,50,10.318085125412036,passed,43,5.751540179691039
734,189.85558227946734,3.0499220007184613,passed,82,8.666722740067435,passed,40,5.341179806916818
735,168.4533951229961,4.027484855811257,passed,68,9.339559507137164,passed,38,6.23374923985911
736,144.9425919956092,5.792902435236687,passed,70,8.430497397835058,passed,51,5.122106134956295
737,173.930318014571,5.553983647808777,passed,128,9.27546033731106,passed,97,5.0949417881501535
738,133.67642898215868,6.180448270220342,passed,103,8.918849550952789,passed,83,6.009278229693815
739,169.1320280693779,3.914306859448203,passed,59,8.057926679875616,passed,29,5.595922333090586
740,133.5114154236833,6.100705965305817,passed,63,8.16072426296206,passed,40,5.0742768564746354
741,157.02683018256556,4.387178586652386,passed,64,8.180347588362968,passed,60,5.006567787374694
742,139.6262683907769,4.031264386360018,passed,139,10.07455397263195,passed,70,5.250559741545158
743,168.11933547548628,8.213140070469072,passed,40,8.090729440461676,passed,22,5.653774825976554
744,145.27543525051243,4.101873607232804,passed,84,9.156537218878501,passed,80,5.934186361176774
745,128.77175721247767,7.001449854394923,passed,117,9.348932794909626,passed,107,5.366438994501799
746,178.94952770568656,5.3876475110379065,passed,50,9.098854529832634,passed,35,5.337729449367923
747,206.06426186739228,3.7059792603337653,passed,33,8.183900930586564,passed,14,5.015421582999791
748,144.32158721032283,5.643292589163972,passed,50,8.848592892890373,passed,24,5.012998114061817
749,174.83563277504265,3.7173620955852202,passed,61,8.133386637013018,passed,41,5.590869844475033
750,145.90638105305968,5.329388304457126,passed,113,8.415897190182854,passed,60,5.46652793939304
751,152.49180847533327,4.774491974016689,passed,221,10.20655753017743,passed,119,6.0329764010557785
752,151.68430640114016,8.735415005395748,passed,59,9.717429075899942,passed,53,6.153799073977995
753,163.74576132711934,3.9912759101861894,passed,89,9.552072041177407,passed,55,5.169635783990856
754,164.6838747978179,8.753319902968569,passed,44,10.481504805466901,passed,21,5.2582347788365125
755,180.6929974169986,5.469276181350118,passed,122,8.54772960010488,passed,100,5.0151568719369655
756,171.9931694998135,5.349268077146324,passed,103,8.024564548770208,passed,92,6.201516771496185
757,131.41686912587824,9.182173780884053,passed,361,8.290606991438597,passed,241,5.241124804776964
758,156.53522630400246,3.912655384715319,passed,48,9.903364021417694,passed,25,5.119837837971919
759,194.21658681847083,4.245448933134876,passed,13,8.871420665525577,passed,9,5.427541281824277
760,175.82912380148215,5.374641646465434,passed,108,8.039170590592093,passed,88,5.154591141091247
761,165.59094219262755,5.190234410895475,passed,81,8.001411046072793,passed,70,6.494987554245846
762,156.62015311597978,5.1440712621984686,passed,50,8.348522572869733,passed,37,5.224071491984605
763,136.15627952256634,4.643274914366613,passed,64,8.21565721084523,passed,56,5.292529454468675
764,137.73438336567017,4.661407769547355,passed,33,8.816229051927248,passed,30,6.796816413348328
765,158.3624175427912,5.938104579999892,passed,117,9.936652723642968,passed,34,5.285688729097426
766,137.24104608088004,7.305794594953839,passed,131,8.528113904378621,passed,124,5.025715071128678
767,148.5007084498636,5.555861953350712,passed,149,8.299509820569174,passed,112,5.120509932170392
768,140.45439953488224,4.7084579212731885,passed,117,8.942802095311064,passed,85,5.27520896507927
769,120.55724721423266,8.270382312610339,passed,84,8.536716649950705,passed,84,8.536716649950705
770,156.44587000832558,4.661218921249648,passed,106,8.97114512518935,passed,100,6.699760291695922
771,148.12842858375865,6.297506247762118,passed,36,8.410748798000078,passed,29,6.516937624551189
772,160.28249977410658,4.946924866428392,passed,101,8.81585976052952,passed,64,5.514538749922671
773,171.32293471974572,4.344108687616363,passed,81,8.244779324790352,passed,56,5.56404805080748
774,161.26461979600086,3.917631557877173,passed,27,8.189539140959322,passed,14,5.535674566798421
775,177.1712163597161,4.135540458608248,passed,100,9.972011876546993,passed,94,5.638486069713733
776,143.12619892606358,4.152620155037804,passed,28,8.323935016764295,passed,21,6.496133753858735
777,169.30086256370066,4.731104600305846,passed,128,8.724952741094194,passed,104,5.206244521236503
778,177.20186877212774,4.79295600865257,passed,14,8.334584105337717,passed,13,5.442442237450695
779,123.7171974520055,7.568124156185019,passed,61,10.925835966708974,passed,30,5.454554182419935
780,198.04694478011206,12.560520904395425,passed,198,8.04231753703113,passed,187,5.196322764870542
781,168.12686251338374,6.360112255121566,passed,169,8.973272868007399,passed,155,5.97422853057239
782,150.97086496117066,8.443918023297222,passed,22,8.460686973945219,passed,13,5.734369796296024
783,146.60826012676088,4.48108897581413,passed,63,8.518752243369443,passed,59,5.269246851783094
784,140.2706009175454,6.763017569298495,passed,214,8.006358265621438,passed,66,5.468042924341576
785,132.7685461246049,5.982577115361273,passed,152,8.105268017191314,passed,140,5.078492207371488
786,167.79929134974313,3.981276297767875,passed,67,9.543010926425243,passed,20,5.1949592811893375
787,139.28986565364352,6.356059886761926,passed,43,8.451409329038007,passed,42,5.014417639677604
788,124.06242950158793,8.042743625070349,passed,102,8.561664567830496,passed,19,5.785319259215305
789,163.30282957272817,3.417509981870284,passed,40,9.161399173022943,passed,31,6.065303157745627
790,151.46973933149798,9.65848365703861,passed,32,8.532635700661784,passed,13,5.062358437909542
791,156.74990036224438,4.177655662204556,passed,110,8.517215786381449,passed,94,6.326350723773189
792,100.12438544202409,10.236985650064366,passed,68,8.004908526225286,passed,49,5.844602373452679
793,143.4070431553363,5.866019990028707,passed,121,8.320200543567147,passed,115,5.499243192840297
794,153.0452864707618,5.577509534739118,passed,81,8.291440195073907,passed,22,5.314794735353945
795,137.45725647751436,5.587005264456521,passed,46,8.018942618037173,passed,32,7.1143142216005595
796,171.71966233324378,5.174217047080487,passed,177,8.945096860884272,passed,66,6.266025825803445
797,176.74987779736085,5.829316818364919,passed,54,8.12556189044733,passed,50,5.0898152271035
798,179.30255590026835,4.064332205872576,passed,106,9.637303872699565,passed,89,5.8164524254137095
799,125.40325380081208,7.427587014504536,passed,48,8.9589116486531,passed,31,5.062433048209569
800,176.2478013412027,3.2661350168599967,passed,73,8.361538910527555,passed,56,5.029060868354729
801,127.15678747020553,7.9683893549837945,passed,160,8.40903523733001,passed,141,5.6226860244345644
802,163.34372603489825,5.2157111232259785,passed,107,8.147382609908128,passed,97,6.940663914430889
803,158.62579157196896,4.266576237396429,passed,100,8.006538671326325,passed,59,5.373828586643259
804,201.2104061743083,7.537869921996089,passed,81,8.657987857663475,passed,37,5.464850437854762
805,162.99098978839007,4.252679511745526,passed,100,8.33550769467184,passed,97,6.123988430535343
806,190.5974177924311,4.607850342941188,passed,46,8.312344149411665,passed,30,5.475519180007238
807,142.28656126059676,5.252522989934092,passed,140,8.219030486860124,passed,109,5.7695874877448095
808,147.2235596893447,3.3480130760382485,passed,44,10.453410483508453,passed,34,6.346513037566792
809,158.3689916545466,3.615866430858877,passed,17,8.127114470882834,passed,14,7.856255467385775
810,168.70201760244169,4.449875381445069,passed,117,8.816767386262425,passed,114,5.185250894007942
811,194.43797841148546,2.7453964253068244,passed,40,8.411983153682833,passed,10,6.062925384813966
812,173.70316741328904,6.805208103879831,passed,46,8.076309358865984,passed,29,5.1625762949828236
813,125.23828795531253,6.3398405475966255,passed,56,8.810415346967094,passed,26,5.508749254388756
814,145.57644310199836,4.654572508688493,passed,172,10.28315806574751,passed,40,6.3560095584169085
815,173.88465799592825,7.246739989410855,passed,87,8.730580080023698,passed,57,5.3976441563192035
816,156.52468302037002,5.123422952470992,passed,94,8.29436486804056,passed,92,5.684262026510822
817,147.04273124445018,6.587450200643049,passed,302,8.010751175347085,passed,210,5.680913508940999
818,163.4877820425936,8.44465915000482,passed,122,9.033212363444942,passed,72,5.019475520750527
819,165.14964550998576,3.0561413630752563,passed,37,8.275532299523247,passed,32,6.362560347683588
820,160.51037761832282,3.7960550127354318,passed,121,10.042902344350813,passed,51,6.439458800440501
821,171.80089189073686,4.841852124622034,passed,96,9.34345556559344,passed,55,5.074899734736982
822,200.10597078286656,2.8206845410814334,passed,100,8.01278004370758,passed,49,5.671702271172263
823,161.83347947083843,6.3152976030726355,passed,107,8.017985455802435,passed,84,5.146738681709695
824,160.05016576253843,6.216509912983061,passed,126,8.023886414177461,passed,89,5.138340831333155
825,165.84926108697107,8.250773273578204,passed,122,8.25978420788205,passed,70,5.008179922589373
826,138.20021443436045,6.427746968998345,passed,83,9.190720825121224,passed,70,6.142364405395906
827,139.29099785747147,7.594629910691148,passed,55,9.024107108378733,passed,13,5.1430864779344665
828,150.45343791280663,5.259299460984954,passed,336,8.047685914259016,passed,124,5.367697187861253
829,110.48877168881121,5.92181184141247,passed,100,8.015364206039678,passed,89,5.01236594937311
830,140.7734447235885,10.563463227229365,passed,61,8.105006129988546,passed,51,5.183082523908733
831,121.34729849155117,5.635151200670658,passed,128,8.309924331452923,passed,97,5.185064035054943
832,175.8595735144201,4.238723845884584,passed,70,8.329361430022653,passed,44,5.182989052616804
833,210.28728288909574,4.459415476131863,passed,84,8.319252219778384,passed,15,5.012916212771112
834,144.89246427318375,5.087797069122343,passed,29,8.080744536286977,passed,23,5.3411107092620425
835,147.18884560591025,3.790236628278501,passed,196,8.234417154169794,passed,182,5.5746453215575364
836,149.85223661472727,4.1267397081851,passed,99,8.040317563800613,passed,43,7.057127153619991
837,156.17129159315638,4.533602483975468,passed,36,8.341932487722348,passed,36,7.495249633859391
838,138.40898278497016,5.006605068222324,passed,102,8.550863865410218,passed,59,5.615541693387449
839,197.2878708293587,5.652602852589651,passed,84,8.321690201653254,passed,53,5.012552345515897
840,155.355476998036,7.840849576490581,passed,217,9.169944545122899,passed,193,5.741332784907871
841,149.7476330694739,6.641458585704435,passed,158,9.122016243654718,passed,142,5.007058108773732
842,135.41951194231808,4.953185945472613,passed,169,8.497642431059127,passed,124,5.400443574239078
843,145.48216733639475,4.259824367943497,passed,79,11.424512842082613,passed,68,6.153704075070254
844,131.07023939957537,5.803332994259079,passed,177,8.27168793256079,passed,158,5.091366235072514
845,165.4596493587868,6.748206982033148,passed,150,10.311724005685875,passed,126,5.005903713586601
846,166.77143008229248,4.3454775164339985,passed,50,8.993923334535303,passed,41,5.033831207564665
847,168.28101262310523,4.5679901742893065,passed,94,8.265773443088587,passed,65,5.018799190853862
848,180.56367466122848,8.173997633634688,passed,49,8.174102931372328,passed,25,5.356753694240557
849,144.2230020540467,5.2475806449180835,passed,54,8.84921898724067,passed,44,5.568695559471237
850,126.27566725411796,8.140201837899085,passed,63,8.33349963358998,passed,37,5.18479791398101
851,149.56342602281532,4.811875830913188,passed,20,8.469083733266869,passed,18,5.559765203529232
852,157.54596741656934,4.595101257986451,passed,124,8.03091542035872,passed,44,5.081188677341908
853,127.57725711139885,10.39924793481016,passed,42,8.247978315136507,passed,22,5.018988795908141
854,100.03501739796805,7.810658498533263,passed,64,8.143485204795443,passed,62,6.073711029221518
855,146.1264605616984,7.396654588839511,passed,76,8.025401984265956,passed,10,5.002323086480542
856,146.73793724553485,4.165596017696862,passed,94,8.42397038067213,passed,12,5.10113516775994
857,112.31535978604406,7.014534893519237,passed,107,8.081618319058293,passed,84,5.609309240372262
858,77.24866277128297,10.274994763281157,passed,186,8.18089697300488,passed,168,5.54153069624439
859,119.21661398389661,7.332553757176269,passed,37,8.346593810014413,passed,22,5.422416326740476
860,115.06999849046151,5.501107889197942,passed,317,8.158167866517374,passed,81,5.628165130886598
861,195.85902956709927,4.861862557701595,passed,110,8.98399078082992,passed,89,5.18828740582864
862,182.63099044184196,5.456360828385525,passed,45,9.082493247013822,passed,34,7.571975480202564
863,157.57022188260333,5.055748191094345,passed,163,9.256630196273296,passed,59,5.218502319109231
864,169.23983023397858,5.150657338770329,passed,33,9.65474296615918,passed,29,5.988633675226551
865,169.55848024340244,4.9361730529724195,passed,123,8.556183586171407,passed,99,5.313512414371679
866,185.30580302049694,6.012171970046801,passed,39,8.013572809283186,passed,20,5.249916437894608
867,149.32215014043175,5.421705656536856,passed,91,9.088763792142828,passed,82,6.216296784019915
868,134.17239380554662,6.672318252410685,passed,94,8.92217667172428,passed,83,5.304440183151038
869,156.87582502558314,6.035771910757485,passed,99,8.223738605277875,passed,63,5.916128426450373
870,180.6477886592851,5.138661718720481,passed,26,8.153969712669662,passed,20,5.155267803688424
871,128.94067568744583,6.138746498773782,passed,71,9.14980315219809,passed,67,6.124214172642084
872,163.00326799842514,7.797447903986263,passed,97,8.359943774222089,passed,79,5.654710816862263
873,151.56954915436665,5.052926839262914,passed,85,8.897032609292467,passed,59,5.792718220469251
874,156.78460993769048,5.534057172887808,passed,109,9.685215893751531,passed,79,5.703302912931574
875,139.0748778612739,7.54982275403203,passed,117,8.023351888414032,passed,106,5.776677599114488
876,135.7742383872046,5.04135695740427,passed,139,8.00723607723237,passed,97,6.044494333247585
877,196.50313517026396,7.817269212656207,passed,36,8.282787423443217,passed,30,5.718993712788056
878,149.31197490535038,5.478971331000057,passed,141,9.510425354065655,passed,107,5.004715843472507
879,144.05631773771054,9.930933709991791,passed,49,9.33927219380417,passed,34,5.154835419604553
880,145.37458421154622,6.628122078737018,passed,134,9.545198516425323,passed,47,5.280697286279201
881,174.38259549371566,4.724017679460781,passed,36,9.62569246130891,passed,13,5.032677856983403
882,178.01242944472784,4.864668181349475,passed,106,8.993890548365435,passed,33,5.7872268408453165
883,192.27722387164383,4.455803066229548,passed,30,9.060348342479262,passed,21,5.1557575554223245
884,154.58782552170248,8.947541421626452,passed,33,8.56686403116067,passed,22,5.132555161185626
885,188.67841126747638,4.932691806718904,passed,107,8.301677543138041,passed,61,5.444052395957488
886,149.6557112016438,5.653054052341431,passed,120,9.94282854212809,passed,30,6.028739610606371
887,166.6598929314444,6.923371675870197,passed,102,9.076995898542052,passed,65,5.127257479099145
888,164.11344783666664,8.723913686015301,passed,425,9.181325913344129,passed,115,5.423487450293818
889,110.29938766966008,9.218729067605844,passed,437,8.112501106262538,passed,62,5.735076975246978
890,130.30293014885208,7.0813260375177975,passed,255,8.150470269710341,passed,246,5.33118723960051
891,181.32247638450005,5.4958396474482205,passed,150,8.025440743216826,passed,148,5.753606598291872
892,179.93046901964473,7.092797799371947,passed,19,8.640436678670893,passed,4,5.6442203199712715
893,111.24224586565833,4.712328642916879,passed,103,8.749349619372104,passed,32,5.669843440303057
894,181.16139859143993,4.394515797790077,passed,60,9.398735306266648,passed,21,5.430529066407974
895,137.6233316799978,6.392689930967982,passed,154,8.020497040761065,passed,112,7.0344162119880815
896,154.72254029124932,5.466746969312356,passed,172,8.323156616282334,passed,146,5.234362313638896
897,150.01037568899264,5.6416464763721335,passed,38,9.199085862687738,passed,14,5.633526887392448
898,164.57837357828282,4.7488900845184725,passed,85,8.467164768157588,passed,38,5.706799529691464
899,125.22445816424259,5.368679977022529,passed,87,9.146301995172191,passed,64,5.549396918725069
900,223.23797212768883,4.918340156154871,passed,27,8.758347927907927,passed,25,5.321356238547503
901,151.15346003421104,5.023318554962562,passed,89,8.018609600019033,passed,81,7.5929677220095915
902,149.4180189456741,7.117031348341787,passed,201,8.95778976097683,passed,172,5.553118998526307
903,165.03372163062454,3.052203372959152,passed,69,8.901261324243869,passed,56,6.732649203882501
904,181.61967058577937,3.9015861359243456,passed,23,8.439801408541548,passed,5,5.339161989228947
905,160.80972623441178,5.66983216638562,passed,106,8.410447864371374,passed,73,6.1058828939865695
906,162.26161054139396,4.04545588124535,passed,81,8.623745619003964,passed,73,6.002705945254538
907,145.84851784210971,6.750368716946878,passed,36,8.396127170954614,passed,35,5.260671507617842
908,161.80151916490297,5.336744862623993,passed,99,10.70759001504744,passed,50,5.333202242914825
909,121.29348473723365,6.14772714919402,passed,119,8.0205668825444,passed,82,5.6251054484647955
910,146.40725395031345,4.28057928008709,passed,105,9.517268980557848,passed,79,6.465315344062539
911,137.8432573336896,5.555483575120906,passed,89,8.176324235253984,passed,70,6.688916633234343
912,142.89108905669877,3.69531018590318,passed,70,9.692110069843828,passed,60,5.016918859239561
913,169.9309541886516,3.9590488769527443,passed,43,10.062517969616769,passed,21,6.368293639498379
914,167.14144973610394,5.110520623278881,passed,60,8.098408349801577,passed,51,5.9585704948543095
915,141.71883993671983,6.25471300113056,passed,52,8.008575892386682,passed,44,5.301513733173868
916,163.72173894112993,4.399128909365487,passed,79,8.476285368162827,passed,69,5.20467910654101
917,129.80416117407208,5.094550678328629,passed,81,8.046998263568694,passed,22,6.220554801814204
918,155.75982870668216,3.7703511620187493,passed,107,9.179957002891959,passed,22,5.223212332243388
919,202.55292840384925,4.529801307408392,passed,136,8.16067573356487,passed,115,5.348383873722895
920,198.65872058885375,6.766884535625614,passed,61,10.822869527363954,passed,50,5.018176268690433
921,207.27889998814857,4.294855331416924,passed,100,8.745905140924727,passed,99,6.185092974838047
922,151.11165986422762,4.670190363689,passed,80,8.94937237751896,passed,54,5.100269750787789
923,137.7002847716562,6.338473450193149,passed,247,8.480697030456419,passed,60,5.195915615238467
924,158.90657679025298,6.275499347438257,passed,46,8.865924599685492,passed,46,8.865924599685492
925,191.75888024018164,4.704789900807959,passed,81,9.059424842987562,passed,46,5.086889830492192
926,127.55662965502074,6.8223039803392265,passed,172,9.351786688555341,passed,148,5.368032871019057
927,133.47641113648407,7.509882737371942,passed,268,8.001138072025714,passed,214,5.454944293641595
928,163.0367361788315,4.156896687807898,passed,25,8.282220796181527,passed,16,5.4804338419517595
929,137.0759738593622,3.9610977635584117,passed,72,9.29211357605697,passed,14,6.094654997821847
930,168.59922531989818,6.837782926365031,passed,142,8.327888791908201,passed,100,5.102693256079993
931,153.4448123512575,5.663215227636218,passed,58,8.696036021854358,passed,43,6.157712254617298
932,153.94481773883032,5.776986627939335,passed,54,8.476782356368595,passed,33,5.577469669620183
933,181.9313149486208,4.823089042338181,passed,57,8.666956632090915,passed,39,6.174306124420426
934,213.52930792494482,2.5276127602154737,passed,39,8.019776565282566,passed,30,7.956452803584391
935,165.1186789246072,4.32485782100854,passed,20,8.42339751103025,passed,4,5.844670286931231
936,130.48368006375227,5.413741167791621,passed,125,9.846383378263024,passed,95,5.015885901604711
937,184.00650289666817,5.439840848925455,passed,31,9.448678423131241,passed,22,5.381467836112885
938,139.76721647339215,8.78488402635942,passed,375,9.051654588809388,passed,355,6.390942801932997
939,143.0784410379832,6.663065607519707,passed,46,11.27668748889976,passed,44,6.879644778645644
940,165.87543799887294,6.034147269457328,passed,107,8.986226781029117,passed,59,5.005068470427587
941,170.14735463069783,4.158494431650116,passed,102,8.975124920124644,passed,85,5.571409850739917
942,126.99799520574162,5.165894972998007,passed,129,8.689332539206474,passed,115,5.011802916034136
943,172.0528060652478,6.518868843307667,passed,60,8.310959091540493,passed,37,5.241945476537313
944,152.4764419663963,7.681719774410276,passed,148,9.721440560814099,passed,77,6.628675270564299
945,178.67748679123414,4.178357302266511,passed,116,10.793475069981184,passed,109,5.019225553961482
946,122.19823167679192,9.809269572940234,passed,59,8.48765194808272,passed,31,5.658884766532579
947,182.37047767400392,4.420236596003454,passed,64,8.6493758085618,passed,37,6.407761901975029
948,132.549020754335,4.615770774595256,passed,92,8.923437433163972,passed,41,6.558466794176021
949,171.3015678378981,5.55576762845882,passed,47,8.268883657164539,passed,20,5.143622280152993
950,203.94630129379712,2.414683046303012,passed,31,8.41616658740596,passed,13,7.5695463571101795
951,165.62551662016057,4.127618961083989,passed,40,8.012868173995201,passed,33,7.166355062058849
952,213.0882171474554,3.438729431137102,passed,50,8.923029722834297,passed,50,8.923029722834297
953,141.8008760287638,4.966409913142519,passed,94,9.397730511509117,passed,84,6.617946287088405
954,206.83980525733662,4.105296869506242,passed,79,8.262105375334672,passed,31,5.30831883500027
955,148.09104516462207,5.79594199321168,passed,36,8.505693654988455,passed,21,5.032755678494127
956,151.55960646580496,3.9672201012079396,passed,58,8.432045073796735,passed,34,5.255272894023699
957,184.02358350704736,4.710114856503134,passed,66,8.692218920336847,passed,44,5.093662646181296
958,181.8002010701294,6.585426624042648,passed,48,9.826895259385736,passed,31,5.0035799487035515
959,172.2578900829399,7.677692310538762,passed,53,8.935785036311161,passed,44,6.0390214586550695
960,181.998656360236,4.265972160618818,passed,106,8.391576751841612,passed,87,5.000767850065868
961,159.70529807553427,6.050439545808642,passed,239,9.096577082317413,passed,54,5.189865096396584
962,134.31188699158758,4.411736320116582,passed,64,8.47167541444973,passed,45,6.006089274211446
963,125.33987347211593,8.309392109937592,passed,115,8.932162634817132,passed,30,5.531193771195664
964,156.42570434153873,10.58543918663188,passed,388,8.517705241763984,passed,18,6.564474731857883
965,178.96915694117257,3.6196148540467163,passed,66,8.077258612351045,passed,63,6.094556821357733
966,173.90563929997646,2.993047529293314,passed,22,8.27438929232731,passed,12,5.673133909352579
967,155.49302939354135,7.281257668875288,passed,33,8.01066848307832,passed,13,6.046676078526514
968,174.3021638450343,4.604062014998362,passed,112,8.2088285650745,passed,92,5.143365090879515
969,137.1961942112458,5.735103845041329,passed,112,8.039955142215538,passed,70,5.704448628681624
970,110.77902615411715,7.2432356331088705,passed,89,8.998067526535824,passed,87,5.015428058726457
971,113.62737124517737,6.03542704712864,passed,89,8.150699785146088,passed,80,5.039914138954016
972,152.83156406392177,6.364691397582009,passed,60,8.162128679959402,passed,30,5.470889293701231
973,163.85504041977163,5.444375405441755,passed,64,9.452184915608841,passed,33,5.446542726373527
974,159.47920067780825,5.8610198763001655,passed,41,11.132180390768154,passed,29,5.784181910147712
975,195.20248733819693,4.649051454785699,passed,29,9.363149297235829,passed,20,6.593434566330569
976,184.4936189255071,5.6166801506862,passed,158,8.4913778170989,passed,153,5.05593545833527
977,153.20928787843937,6.230483033027488,passed,99,9.165135666397406,passed,29,5.043826865324785
978,160.41868803990727,6.069013590691899,passed,69,8.113722342119868,passed,66,6.310597966922904
979,117.42786730678314,9.89835880575081,passed,340,8.255403999052845,passed,331,5.411771225332829
980,153.1596216603976,11.569226807004986,passed,190,9.00805222925709,passed,145,5.608852099578732
981,184.87813478716154,7.4340497959,passed,115,8.586740406303273,passed,109,5.085743314308178
982,111.60350056680275,4.855934019357233,passed,111,9.427512353131128,passed,70,5.945266859333032
983,120.70280408878568,7.432299033080475,passed,262,8.335916116114838,passed,74,6.957769799193758
984,132.15330489200778,8.431787439679303,passed,316,8.84497794330381,passed,128,5.016470269204221
985,136.00979524858943,6.04649341798352,passed,37,8.009134408334017,passed,12,6.339283563881226
986,139.18087299751738,6.627142023654914,passed,115,9.461100870102301,passed,100,5.505921969571759
987,159.25652270538646,4.8630323375683275,passed,34,9.515055224212453,passed,30,5.532250402341732
988,194.21586102257797,4.285293714254278,passed,41,9.331659691546633,passed,40,7.089609086505999
989,171.0763931036669,3.118228906301924,passed,40,8.045571832948252,passed,27,5.747236461698657
990,160.71285223248054,5.113353854294192,passed,65,9.541734933423207,passed,60,5.648600167155204
991,156.91660451544846,5.803003876371146,passed,60,9.302915921530719,passed,40,5.578045251389407
992,158.5196125358318,5.093261463474376,passed,53,8.690587162172436,passed,13,5.219547517814838
993,151.6865920247552,8.295410052350285,passed,20,8.826904389811773,passed,9,5.020848094713681
994,126.6935426777001,6.26236830047398,passed,214,8.88132358661078,passed,96,6.4305366965912825
995,145.11674956762045,6.065051173615772,passed,100,9.375179459711491,passed,48,5.946883013373716
996,184.71101073666856,8.421247597416874,passed,130,8.63449252001618,passed,111,5.058657347340079
997,127.0119117110533,5.787397732529976,passed,171,9.290978992965183,passed,97,5.2949127973253685
998,177.9105193028486,4.444699781344782,passed,29,8.102915868478423,passed,19,5.020823370597527
999,143.51281580340225,4.798657042238251,passed,67,8.462268323348642,passed,47,5.931756724967752
1000,118.38735783083388,5.694377258007199,passed,196,8.51388060878373,passed,123,5.356353381989742
1001,178.33283280264354,4.731535642189973,passed,141,8.006602588979895,passed,67,5.010527483892213
1002,134.74384637613457,8.756523500885361,passed,85,8.45921469820139,passed,85,8.45921469820139
1003,126.1794945964037,4.892515732209227,passed,106,8.822299059523031,passed,60,5.461169645847375
1004,140.1118054970279,5.210398243579526,passed,104,8.49231650061264,passed,83,5.790895060142143
1005,142.26954926014375,11.44033152085432,passed,94,8.0726295790841,passed,20,5.671378895215962
1006,139.68185049644686,4.596812887888454,passed,155,8.013240219669893,passed,142,5.177601530332532
1007,167.87970731895393,5.867732172271596,passed,67,8.557436139389285,passed,43,6.589980046071475
1008,141.5657773377109,6.590601137317638,passed,120,8.173341522628274,passed,111,5.455980753453105
1009,138.93333424468685,4.172828871011342,passed,104,8.138776921253177,passed,102,5.034856654057895
1010,165.05366796919546,5.015840154015313,passed,61,8.697418986347083,passed,12,5.077651061308064
1011,174.17263496659032,4.010402660776602,passed,70,8.149237163497492,passed,60,5.009448931213956
1012,175.66385700293154,5.294617291346404,passed,160,8.408901395084566,passed,130,5.683304295833724
1013,197.60411072004752,6.7506655298818385,passed,64,8.016500777390645,passed,54,5.166270610347601
1014,169.14833655935487,6.0800240970096295,passed,45,8.760116530289409,passed,31,5.007015681192106
1015,181.11498604745938,3.5376130829464683,passed,115,8.589173124825745,passed,63,5.422267498668032
1016,166.33762013859715,6.095473204666923,passed,28,9.853164388856772,passed,23,5.47903855562013
1017,194.2865050950469,3.207910225473011,passed,106,9.361781021229088,passed,78,6.316688722553088
1018,172.93245940804476,5.521754738900139,passed,66,9.300675029860717,passed,43,5.1114100676789676
1019,183.8899912344651,4.5320102833371845,passed,43,8.329672139482348,passed,31,5.916594441465417
1020,172.38133513583023,8.505769772482282,passed,101,8.172887033418963,passed,56,6.498400984946451
1021,154.34375706629217,5.406138833922626,passed,79,8.127111496297257,passed,63,5.630049534581838
1022,153.26646685247871,7.062018863261869,passed,199,9.45593396865998,passed,102,5.03247019098545
1023,140.97878304118217,5.344803923632346,passed,150,8.581905998261675,passed,60,5.572876162122631
1024,148.81324420192365,4.842696427440144,passed,81,9.677666626405234,passed,49,6.015114295234225
1025,187.39211446086205,4.86805665451912,passed,52,8.838167936664076,passed,8,5.258835217587898
1026,122.38964870629529,5.9331422978688,passed,92,8.666367888659622,passed,65,5.0068706416695585
1027,140.35304708145136,6.897773959060645,passed,153,8.79416555839514,passed,27,5.858744880349742
1028,244.31953956195983,7.509282794623437,passed,35,8.354455171222043,passed,21,5.392487858309858
1029,184.67880055088943,3.7017417165280744,passed,91,8.011044317475724,passed,79,5.664352138665918
1030,220.7251599490672,3.4748011709456157,passed,62,9.39488387999563,passed,14,5.25223320483954
1031,192.5102142181866,4.452135772099116,passed,81,9.32901282823373,passed,59,6.0934034580729435
1032,115.50272428672046,8.030217910743605,passed,172,8.17224361834028,passed,107,5.431797252521098
1033,141.09944015674137,5.526517549932172,passed,39,8.010476078449935,passed,34,5.507265045146625
1034,129.4197225477388,6.367307059722524,passed,44,9.613062496695424,passed,36,6.807719016052394
1035,144.7255534969167,6.814389408348401,passed,44,8.537222634865094,passed,40,6.0386420958264075
1036,180.72639547509533,4.4072513274784715,passed,189,9.114714540176871,passed,164,5.586317422221954
1037,184.87824738480106,4.855544261214062,passed,82,8.002896283187555,passed,69,6.333661394462142
1038,129.06915736920155,3.950150423521314,passed,104,8.160272957064318,passed,59,5.008329915917398
1039,167.84404639997805,4.0504920329872505,passed,55,8.037995766312012,passed,37,5.785005603216287
1040,141.82678104387958,9.718376912685608,passed,176,12.183122451934514,passed,162,5.665971353835442
1041,148.0043027171266,5.918342751056377,passed,45,8.222449922316311,passed,36,5.254377362092044
1042,146.41959275778862,4.356471801562107,passed,56,8.274097159902105,passed,22,5.00850245423099
1043,107.24716501932954,10.718012008495226,breach_static,73,-10.63680623899489,breach_static,73,-10.63680623899489
1044,174.60688734115496,5.5700571473316955,passed,55,8.280677795823333,passed,41,5.441294193518953
1045,144.757765449994,7.734611824146325,passed,43,8.865054422352546,passed,40,6.458762463635459
1046,154.2614643444027,3.844104876254937,passed,54,8.421216454787682,passed,42,5.092685857758816
1047,172.19049445571267,4.951847509838215,passed,48,8.077663260983158,passed,8,5.012885873803463
1048,157.917748565198,8.232322704860351,passed,41,8.004332807342207,passed,32,6.071271566296521
1049,144.89263307413745,5.180321537470644,passed,55,8.653330190821995,passed,16,5.027242234524376
1050,175.07592635850494,3.5095755449135546,passed,59,8.001159376875178,passed,34,5.01976230886243
1051,146.7795259645572,4.986414980843361,passed,69,8.38875052134469,passed,60,5.519967936445069
1052,173.18113417649724,4.182543524380264,passed,29,8.006961719195349,passed,14,5.060669534346918
1053,137.78314155979214,7.057894075459228,passed,150,8.134357723684648,passed,87,5.746134443270834
1054,145.38713342051815,4.608239385465985,passed,65,8.42346123002713,passed,40,5.692346689951666
1055,95.67026490092248,11.198159373069618,passed,25,8.727816987601278,passed,22,6.699673616772461
1056,159.06483694771035,4.872847144673361,passed,117,9.103076849038505,passed,109,5.737310883920088
1057,139.8156236009717,6.419059387569644,passed,187,8.235162667848762,passed,117,5.567337674116035
1058,163.72414529872583,4.49325690472032,passed,131,8.170620829904207,passed,70,5.2724776443223265
1059,141.38783267682405,6.930128792467551,passed,91,9.149145380181478,passed,67,5.325008985556123
1060,151.3280692670088,8.47406304765319,passed,67,8.687232080910935,passed,57,5.309283096679107
1061,141.35629975802738,7.082612959370263,passed,143,8.144086860341737,passed,22,5.362846824526857
1062,145.5532223158643,6.712049655708055,passed,138,8.148971818236838,passed,109,5.562857159623169
1063,204.94072298945665,4.756340632058653,passed,32,8.014371711769686,passed,23,6.198110849333571
1064,142.97375665901998,5.238698082373794,passed,31,11.021243535106073,passed,23,5.82887444219875
1065,171.08403005485903,5.437039183398565,passed,172,8.413379855948588,passed,109,5.487715507164026
1066,178.03676511484946,4.920955183524034,passed,194,8.15785273531553,passed,162,5.012333614746489
1067,173.79728874013117,4.531180187790541,passed,43,8.034950547287378,passed,29,6.409842971022872
1068,170.24583017837296,4.261956125324487,passed,79,8.305958725935337,passed,72,6.570925347737733
1069,159.85858517502538,4.0538669774915,passed,100,8.116792339535728,passed,48,5.937316298109385
1070,127.17707726344915,6.2346658583935985,passed,214,9.098772922984356,passed,92,5.55735216210449
1071,144.64362048507397,4.273795913000001,passed,88,8.276060247394156,passed,43,5.015423209588787
1072,156.85938170801936,4.937539921503588,passed,70,9.699087661636563,passed,64,5.740228355170696
1073,129.41420711887432,7.371291031383629,passed,146,8.28932681410639,passed,141,5.360600724180697
1074,149.33425737616716,5.895540742775094,passed,33,8.057240223724648,passed,21,5.243374001079526
1075,153.67234481897162,8.815732672163659,passed,146,8.170816752219645,passed,127,5.338707041198054
1076,210.8312085114341,10.51023342885173,passed,31,8.952036317200207,passed,24,5.695923060175945
1077,130.81941232449137,10.847793889865457,passed,57,9.394479792659993,passed,22,5.723171555640327
1078,163.12121013860866,6.172890296611907,passed,113,8.307960301190565,passed,82,5.800800173807796
1079,207.55725979268047,5.173443269352233,passed,138,8.919937216264028,passed,84,6.6610143765248875
1080,200.08296068092227,5.216851766706348,passed,70,8.011974397849109,passed,33,5.43821059722025
1081,143.17688036505106,4.0710861200735815,passed,44,8.650110922839605,passed,31,5.172951804915571
1082,173.0456533514103,3.438891475345597,passed,51,8.46258708357459,passed,19,5.44443399666843
1083,144.71855253824197,6.097051440972263,passed,79,8.071768820840264,passed,13,5.50511640764344
1084,166.55105151643062,5.513734388892211,passed,215,9.510761888314057,passed,166,5.002173607390414
1085,105.72510284754011,4.547265577359256,passed,107,8.791805985678124,passed,99,5.783748601458072
1086,127.75517116859359,4.8605057897688395,passed,243,8.307579177398994,passed,97,5.030463113478989
1087,147.83229827811218,4.808291986794962,passed,52,8.816824599730456,passed,14,5.012971482348116
1088,155.68813438561682,5.71220936059987,passed,74,9.4262282885746,passed,63,5.0712084329763485
1089,148.8881230229323,5.116589547635474,passed,89,8.006082017120919,passed,70,5.8523515389171665
1090,144.16041146691313,5.303204828030598,passed,102,8.098567044334448,passed,98,5.131468795147676
1091,187.88335056905123,3.697434774479417,passed,37,9.462560099012872,passed,14,5.461976221250153
1092,164.2188494339094,6.235940515280778,passed,162,8.01608274217478,passed,64,6.241981285646014
1093,172.42741285001145,12.990753346169914,breach_static,106,-10.681561638399584,breach_static,106,-10.681561638399584
1094,146.48962896407255,5.228582258591602,passed,64,8.351340204377955,passed,46,5.030118938979222
1095,140.6087455149186,5.771341749186117,passed,211,9.045146200053033,passed,123,5.604142093966047
1096,158.37224862445004,3.694859315674854,passed,50,9.630291624716891,passed,22,5.289976453376921
1097,136.56378624605932,3.4264967034051796,passed,59,8.129505673481919,passed,54,5.145570334678751
1098,178.81415666552041,3.418069079962159,passed,92,9.97524496466935,passed,85,6.060260931858874
1099,160.23167987012434,5.393378495888519,passed,74,8.603101352285325,passed,63,5.240524089773024
1100,140.50794563731301,6.828885632731368,passed,84,8.012582997241458,passed,59,5.653287183415423
1101,126.78637563676594,5.4414587231435165,passed,26,8.523382457285411,passed,19,5.290097716968822
1102,189.0546916899798,3.332614325542381,passed,59,8.011376425418515,passed,59,8.011376425418515
1103,139.53951673241122,6.27613140586418,passed,129,8.40310541542404,passed,38,5.948108655137996
1104,172.80835036027676,4.353910702833344,passed,89,8.44258058999583,passed,12,5.255289566191168
1105,144.58424074149775,3.3692744170485045,passed,71,8.136522238281074,passed,56,5.965144066254413
1106,121.15073247769526,9.40701239075782,passed,39,8.119951109192169,passed,21,5.394908211701344
1107,112.71721944410817,9.095608204424966,passed,98,8.131929426189322,passed,85,5.008137247160738
1108,179.83144845159148,4.296541193850301,passed,68,8.298268260201125,passed,60,5.018599363952347
1109,182.67412670127734,4.382707397821396,passed,70,8.55191721609858,passed,60,5.483792186729675
1110,127.81344418454594,5.661126531786353,passed,105,8.831072390605478,passed,37,5.4506377349652135
1111,150.65923212541858,4.847580897184503,passed,141,9.262994481730047,passed,115,5.369940099982817
1112,137.79565629920305,3.9968329412926504,passed,70,8.167359773222405,passed,53,5.41305693042069
1113,155.70032627143485,5.989120705766929,passed,295,9.046436952767657,passed,228,5.264216382094156
1114,178.39434049754635,5.076716281692148,passed,155,8.017706688228298,passed,135,5.28903500669895
1115,190.08896079178334,4.2089563294405465,passed,79,8.350631742703897,passed,30,5.893035129641011
1116,163.94826670317335,3.83612237521461,passed,120,8.953463577762033,passed,56,5.252836590099785
1117,196.3704984604792,4.987445292495733,passed,227,8.370993023258922,passed,107,5.3032847341970335
1118,123.74956532583279,5.85558548180724,passed,137,8.370873560257653,passed,49,5.0944858833518625
1119,156.65189209002554,5.182054083656746,passed,103,10.077412804278874,passed,61,5.227561346649501
1120,122.9122993655635,7.501503241657051,passed,58,11.117755202149059,passed,21,6.412439164237971
1121,181.02194153277242,4.5015955283147395,passed,36,9.844304978217778,passed,19,5.797275548642378
1122,85.44858597573469,8.826405800576948,passed,196,9.190023435130668,passed,183,5.424500631009654
1123,162.27988859133208,4.106147699496376,passed,136,8.021248572198392,passed,118,6.056589372205434
1124,204.5686920770215,4.4024463074507425,passed,65,8.447387259555605,passed,21,6.474634824326775
1125,192.58353262537918,5.318797765790419,passed,146,11.100833795080023,passed,72,6.131760780816897
1126,155.22351098741623,3.9168928920190784,passed,58,8.6724292809804,passed,14,5.000841163701075
1127,195.2262475830363,4.539976134622578,passed,36,9.543527933909889,passed,25,5.29775345265231
1128,153.05147437335958,4.04760188544029,passed,129,8.692389722130557,passed,72,5.645824923662213
1129,134.84255471744464,8.027070494622821,passed,156,8.226273267173333,passed,34,5.006586557285275
1130,104.86281613231951,6.323151111623915,passed,277,9.068159002299625,passed,263,6.818072239925099
1131,129.75266914405347,8.856581974497796,passed,172,8.207617542452539,passed,4,5.03233520631321
1132,146.61811459588262,4.452036972168495,passed,43,8.1157677403211,passed,6,5.014728199294405
1133,107.7860041957091,8.32367039124009,passed,325,8.179072107624386,passed,311,5.371355951029111
1134,119.92819130293819,8.545109227876448,passed,43,9.38172946878979,passed,20,5.0821155327609
1135,158.34941378350783,3.6719374305640025,passed,46,8.019307040279955,passed,14,5.659311864618122
1136,134.8720768817961,4.4267455194161025,passed,37,8.957252440257935,passed,27,5.370788952363492
1137,170.7151817324442,3.7513967895088958,passed,159,8.122783567426971,passed,98,6.325154494838214
1138,156.01617634932924,6.666488428058377,passed,99,8.28596837345621,passed,33,5.312582285701972
1139,171.5535611281794,4.846840343425176,passed,53,8.891238830464543,passed,19,6.415275407652876
1140,157.3561727668242,6.171786428632739,passed,47,8.269733910572953,passed,33,5.369207546355348
1141,190.8562102381248,4.621104495747441,passed,84,8.37801196924126,passed,46,5.818679014898143
1142,116.15759283634337,7.820618338497804,passed,106,8.143579865815664,passed,104,6.989182092453983
1143,152.89379887358564,4.786968871055899,passed,57,8.22676457211784,passed,50,6.126172155090082
1144,173.675750723404,7.25797197331059,passed,46,8.629698904725647,passed,35,5.921368034848151
1145,140.4244855133699,7.37771214142869,passed,146,8.318202072454017,passed,115,6.071459568046644
1146,159.2906553286653,5.296262560037358,passed,112,8.943189469608125,passed,25,5.017578438373027
1147,168.4599665869493,5.789083224411126,passed,128,8.186778242365133,passed,69,5.3389794616783615
1148,134.01897254985116,5.198120240852918,passed,43,8.71718944186255,passed,41,5.501723489204813
1149,168.8529830950924,10.133712767690298,passed,238,9.337861503685186,passed,227,6.067492624505588
1150,127.9345957289098,5.14179498934825,passed,46,8.109883178347598,passed,39,5.1749394158622675
1151,162.18831596257579,3.6334719629317704,passed,92,8.064961367963107,passed,50,6.124768194691121
1152,154.75970360089403,6.075512930713886,passed,181,8.049282449506979,passed,109,5.8759591559428115
1153,124.99615889738314,6.039961439670595,passed,24,8.011941028620173,passed,21,5.9417130247915395
1154,170.81530524818965,4.253195970010576,passed,121,9.747130928234116,passed,106,5.976471221376101
1155,149.0388792550322,5.901031912251264,passed,102,8.949639492044925,passed,94,5.560360536353337
1156,152.79277309536647,4.82789872437903,passed,39,9.173680586908883,passed,21,5.896378048737083
1157,150.8559386386788,6.30140523796728,passed,65,8.65287326411941,passed,33,5.770068344098522
1158,120.91127646149707,8.010598112202286,passed,40,8.298007068586678,passed,35,5.928272100874055
1159,205.20638142413478,3.775255829597997,passed,67,9.10206950275645,passed,39,5.50488061044323
1160,142.62947022972293,6.224394708056047,passed,221,8.755559534273182,passed,177,5.281551162833753
1161,141.81191946864863,5.204208882318205,passed,61,8.21966429171943,passed,54,6.7341742847604635
1162,108.14744779508226,7.164094326948216,passed,152,8.793621766262971,passed,152,8.793621766262971
1163,178.80214136419167,4.506460505588756,passed,102,10.890770785996473,passed,82,5.135694071632413
1164,146.4515322769559,4.646440321077623,passed,40,8.207256796088425,passed,29,6.317495734603162
1165,124.30832031428758,6.7425831517951655,passed,128,8.526493305487804,passed,128,8.526493305487804
1166,93.79146664941122,5.705965312164239,passed,115,8.90452858154671,passed,100,5.045507358029244
1167,128.07375273758709,7.474854919125574,passed,140,8.478468091347736,passed,6,5.06011678643854
1168,132.46556616653103,6.9754759045557435,passed,66,8.20966388342419,passed,56,7.603148484434397
1169,140.78784604569776,8.0821046649426,passed,88,8.592355232065362,passed,86,5.219080505099827
1170,190.7379710581035,3.404396594842075,passed,93,8.791234755699007,passed,70,5.17005591701043
1171,138.09386434825907,6.511838386568599,passed,142,8.238800448692295,passed,121,6.374538946237451
1172,165.38125281482564,6.768012706844738,passed,120,8.149711461828257,passed,108,5.882961685602672
1173,135.55557446087084,6.321339642363186,passed,137,8.0843563008965,passed,128,5.942845159574328
1174,163.3772242190287,6.907333063834301,passed,42,9.059172723190612,passed,25,5.920052427019096
1175,155.52314299471712,3.997698028221404,passed,87,8.036995729210261,passed,61,5.65462155226828
1176,141.23841534422635,4.9285018428413,passed,13,9.357740463245868,passed,3,5.118945600932134
1177,108.14049795229201,6.019409724378986,passed,57,8.147574552294689,passed,43,5.1760876036326176
1178,126.45278818884438,8.941792417878244,passed,198,8.000219349120563,passed,164,5.429518857211524
1179,149.07704846072485,6.114591278196508,passed,107,8.149330990536384,passed,20,5.461554883651476
1180,191.82284461891643,4.041092315638055,passed,64,8.56985873166105,passed,43,5.572228240767574
1181,178.1595316781659,4.163216519067422,passed,25,12.60988593202368,passed,15,5.931713606979283
1182,148.0163893077971,4.386303624496762,passed,53,9.22104221430069,passed,22,5.013092843908229
1183,136.05818223937663,8.649631701232094,passed,295,9.485486689607225,passed,265,5.0024837083125995
1184,140.63258469245667,7.488674596504446,passed,50,8.284684724398117,passed,43,5.691899374930021
1185,131.3118099903516,4.24709801060946,passed,64,8.661625430323628,passed,43,6.004287461604574
1186,171.36851124676232,6.577056608563636,passed,70,8.023948119249669,passed,45,5.3029687353135735
1187,136.22551535674364,5.065130476429798,passed,110,8.00056018894364,passed,106,5.229836265833487
1188,153.58337348977935,5.805062749434781,passed,89,9.10546986391141,passed,46,6.043818620353747
1189,179.10132840646673,2.993588052730476,passed,89,8.042745036450171,passed,59,5.603705009135962
1190,137.91792169879824,4.9600234435449115,passed,141,10.287842517571399,passed,127,5.4317791556952155
1191,153.80447726124217,3.7538672491970133,passed,94,8.048750934911908,passed,82,5.0034181346501505
1192,157.58582568849798,4.534084968020206,passed,115,8.809987961016152,passed,112,5.4317163465400276
1193,188.07602086563818,4.594176528047686,passed,38,11.090311810907206,passed,29,5.180959200407154
1194,122.07341690570127,10.5251423753225,passed,38,8.937748466760787,passed,33,6.946077958010721
1195,182.3071815851029,9.1354910304361,passed,215,8.010607991425811,passed,205,5.6172380244756015
1196,102.87049452448032,7.75857271221682,passed,157,8.102782233746053,passed,148,5.118089344163712
1197,106.32714598345542,9.224472407286537,passed,22,8.13230896933299,passed,9,5.590757580383143
1198,122.0168334792878,5.856101466188701,passed,106,8.424650837610015,passed,69,5.215487023543486
1199,211.6897980799756,4.653855717604365,passed,68,9.819328451007813,passed,65,7.276165799807899
1200,145.90717522756634,4.9839344966103,passed,103,8.052562288980859,passed,86,5.4567666611783805
1201,196.14180037214354,5.7557589723626466,passed,100,9.126120483103639,passed,78,5.409844703765332
1202,191.91072729443178,4.880529801551087,passed,50,8.126556702946663,passed,44,5.071937135450688
1203,164.96370248496035,4.820590048141737,passed,154,9.195466111533968,passed,64,5.000682506583054
1204,154.54477059217808,5.301577557390567,passed,63,9.202735495367985,passed,55,6.9020254760412625
1205,166.80775904209972,4.1883792635045225,passed,59,8.43719553503246,passed,37,5.304241934384901
1206,162.13094562570186,5.957071991718396,passed,93,8.72309797605837,passed,72,6.277266505531598
1207,165.99536897784643,6.406533923737401,passed,68,8.251244378077004,passed,63,5.70499943079088
1208,131.865252693328,7.37165578880319,passed,90,8.170599435552495,passed,54,6.005625738799392
1209,173.47105328129123,5.925647640404682,passed,79,8.457897122038748,passed,72,6.497360275439323
1210,142.809570487372,3.5318647503104477,passed,77,8.557078056906287,passed,56,5.057253855060395
1211,163.39595123023355,4.077566106544867,passed,93,9.101748412988853,passed,63,5.164548911438982
1212,179.26816508388598,5.890950893094557,passed,40,8.037128590255493,passed,21,5.017100508521621
1213,115.29724616867112,4.176030710347297,passed,100,8.874958655628351,passed,65,5.516052323570708
1214,197.4295391104733,8.152175412429125,passed,117,9.886043974649027,passed,109,5.067490047060463
1215,149.23217352883725,8.05337692259131,passed,88,8.130192445168838,passed,56,5.5168862788504525
1216,104.6358465690473,7.505229655463314,passed,183,8.56620288262604,passed,172,6.0210119178760735
1217,131.8875494055943,5.730123404384342,passed,95,8.0447669530469,passed,89,5.019903173971008
1218,156.48185065762758,3.54398609579972,passed,115,8.010607655411505,passed,100,6.585720486978275
1219,133.0826661145247,4.954267343640274,passed,49,8.921660567590074,passed,36,5.024301487431626
1220,197.62965116925355,5.263221044917003,passed,102,8.257304277334399,passed,60,5.520921895767272
1221,141.04859554260457,7.244512533916018,passed,115,8.00890784041204,passed,34,6.568559088806514
1222,157.1947038976179,3.0908297570255447,passed,21,8.01607648078777,passed,9,5.005522207388213
1223,117.98350357594481,6.343363437233681,passed,173,8.732961381716242,passed,96,5.013139167920366
1224,118.98195823625,8.430512893225456,passed,107,8.367768615330151,passed,46,5.014378481885151
1225,164.67064856927846,5.028476249535672,passed,138,8.299494751644687,passed,30,5.018059849683865
1226,143.49506949568703,5.347379528431376,passed,104,8.447532753737551,passed,64,5.630932120647758
1227,185.7283849315191,10.671955696977216,passed,97,8.145596110372487,passed,59,5.898699855716449
1228,193.0430340431553,3.3170645994352217,passed,40,8.35569766429105,passed,37,5.42449946660708
1229,131.8786211658344,5.941591084992409,passed,129,9.29160572603025,passed,74,5.878491304759148
1230,156.9704633354577,6.377802588578627,passed,46,8.144166767080119,passed,37,5.520352764404413
1231,186.47147655739528,3.2450403700258326,passed,110,8.37629362481338,passed,106,5.407612134480755
1232,188.9818735443513,4.288421376255109,passed,41,9.510314691242616,passed,30,5.384241110663424
1233,132.50225753678794,4.829552853032395,passed,75,8.020257809768783,passed,60,5.942094927492003
1234,116.86589312336757,7.201318308093946,passed,128,8.667581800602008,passed,106,5.407252879103996
1235,169.4807596247819,4.5589239719804,passed,76,10.724836035859052,passed,46,5.12923651021131
1236,117.52314703914557,8.232794424057225,passed,31,8.358068908286542,passed,23,6.340341379081704
1237,131.84591693374418,6.5154621161778445,passed,152,8.018254810499204,passed,36,5.4343092680219085
1238,179.08679942777547,5.689693766839361,passed,139,8.043058382973278,passed,139,8.043058382973278
1239,155.86973734801268,6.29106698469556,passed,155,9.130702617439868,passed,34,5.0131827238909965
1240,186.94030486399265,4.250333936123392,passed,64,10.349010698194538,passed,38,5.4090850750112995
1241,172.10780539014257,4.580863614305796,passed,37,11.053134064008873,passed,2,6.770087248845469
1242,147.49439252595838,6.648659759663736,passed,87,8.285182764132504,passed,79,5.680787437290902
1243,109.74648962914264,5.400912295964902,passed,97,8.28991237407346,passed,55,6.051239124315466
1244,122.128687443894,5.88404281472392,passed,146,8.262456240357597,passed,124,5.8924952777842154
1245,192.54900285552944,6.0713933572822105,passed,49,8.193658922669101,passed,48,7.4212724390858575
1246,163.44169459284382,7.073333379711842,passed,59,8.785426524568528,passed,37,5.304269950302132
1247,162.84800637405758,4.233257030214427,passed,100,8.003451723337962,passed,45,5.221222866608954
1248,159.08769033734677,4.4523274685417915,passed,128,8.02277857339002,passed,29,5.387102093232521
1249,143.0973374146602,5.7993994227669665,passed,70,8.184869046149412,passed,21,5.938535240077947
1250,170.53075167756018,5.166942071761755,passed,157,10.365014459039967,passed,21,5.1211343400586085
1251,178.04398935954234,4.384815867511276,passed,84,8.565472004614971,passed,67,6.819075853150869
1252,152.36747211368274,6.322808471673196,passed,106,8.240339658891816,passed,100,6.355222660239224
1253,165.80397553130095,4.013824561992584,passed,102,8.554165849312746,passed,58,6.556300178522334
1254,147.80547000390092,4.465046475197245,passed,53,9.042893016291064,passed,45,6.094142106050282
1255,175.04849657597242,6.502557275337006,passed,246,8.905973048744187,passed,217,5.304246501965637
1256,182.52006824000725,6.105768725979576,passed,120,8.017739756827801,passed,77,5.203906290596105
1257,161.64357173938185,5.799500389388067,passed,63,9.159800006086405,passed,63,9.159800006086405
1258,184.87845474916486,4.608095502224611,passed,94,8.371346595684393,passed,66,5.525490186987714
1259,142.61240398296593,4.999084420424725,passed,142,9.682609858082003,passed,59,5.04052500561456
1260,172.0963244220009,3.8168044629159397,passed,185,8.046795679237828,passed,173,7.801076640862559
1261,155.5361326813766,4.593341614644512,passed,63,8.013972424062278,passed,50,5.964545551813671
1262,122.2192925214991,7.616749622032187,passed,94,8.237359735877536,passed,52,5.7128590473125795
1263,150.1159955511766,5.513693382775843,passed,117,8.216737786629412,passed,54,7.1317804975236765
1264,123.22650648042774,5.346049656403399,passed,115,8.60176147812075,passed,69,5.4985518357735685
1265,117.61083453174881,5.148213916619239,passed,59,8.140816341628643,passed,29,5.01454988023331
1266,129.29052469572332,5.299830746182742,passed,128,8.539094164940696,passed,103,5.694165229756942
1267,127.89566279811208,7.38651813147987,passed,105,8.029829969095914,passed,94,5.74671074246238
1268,170.87375520788575,5.333485044123056,passed,172,8.72502152845085,passed,110,5.441114894404464
1269,189.86119134065217,4.71516080368681,passed,72,9.222623368462912,passed,16,5.207890373241253
1270,189.34749231671825,5.3021078506467365,passed,53,8.795871231337316,passed,50,6.401640934325092
1271,180.00476329292226,4.334746035543466,passed,97,9.422865992791873,passed,82,5.6121697290702155
1272,226.4745540592831,2.518989503596777,passed,64,9.837630516830753,passed,61,6.342176612974826
1273,162.7816111876208,5.355359626487151,passed,115,8.038590991864702,passed,97,5.017119324875985
1274,155.62395193047874,4.0983689082261545,passed,151,8.36142722531752,passed,49,5.004965271362627
1275,147.43848767440807,5.2609630102353035,passed,71,8.994708381776007,passed,33,5.096621902878207
1276,153.54034364289828,6.079365456796696,passed,150,8.558524658074429,passed,149,5.1048519110128865
1277,143.32139082636326,4.664054002773663,passed,63,8.413268721098044,passed,52,5.119844323788447
1278,128.84726855966707,6.865486515349768,passed,141,11.439773946483367,passed,126,6.442889335372448
1279,168.90891816554296,5.39297731230985,passed,59,8.518274220036371,passed,55,6.590079745730737
1280,134.0187337891462,4.923762786657976,passed,45,11.128290513260986,passed,36,5.077252572669244
1281,127.48137053792394,5.05919657672667,passed,79,8.413871222390501,passed,40,5.609108738650548
1282,140.76956542594905,4.6320318229940085,passed,66,8.003735456426142,passed,43,5.124761754505247
1283,182.9697269907005,4.583262600081668,passed,15,8.467518000355767,passed,13,7.178559913816018
1284,156.9122465855639,5.717182608585207,passed,171,8.566878635538755,passed,150,5.2911573385247435
1285,156.637559548015,5.438568571228391,passed,35,8.334456983803307,passed,9,5.40485943822695
1286,190.31253176451085,4.851614321135643,passed,52,9.151073293971933,passed,46,6.437874113482311
1287,126.57557090374101,5.760524306047503,passed,238,10.502323333431951,passed,47,5.273787188456813
1288,171.9763734225308,6.047841572498398,passed,106,8.898552766517053,passed,59,5.190841074858876
1289,172.46212961270996,4.5144165113053285,passed,73,8.26147808350084,passed,55,5.393855148705562
1290,123.38681151271697,4.200037033986178,passed,128,8.081667268785765,passed,100,5.660048040813459
1291,137.87889253069184,4.381087034454419,passed,89,8.886908451651276,passed,65,5.68102837451907
1292,140.70454006042561,5.899259907896041,passed,75,8.044782016672913,passed,49,5.697464329581736
1293,157.9949685163587,6.317266680272661,passed,79,9.052969151748957,passed,58,5.029430111445721
1294,169.20932897441082,4.7465072473832315,passed,92,8.170586113491062,passed,79,5.484114927158279
1295,114.04861200926288,5.59087953477751,passed,66,8.20446063907605,passed,33,6.09873834378345
1296,182.0889318898486,5.812799503076167,passed,215,8.424912870889845,passed,100,5.094236174991429
1297,194.1953673917488,4.289379593930116,passed,57,8.010365890180893,passed,43,5.457094990087619
1298,231.70508532394206,3.317392447873165,passed,86,8.11910741009605,passed,17,5.107531025118983
1299,172.12087354836405,3.3179555988173197,passed,89,11.292477802279222,passed,23,5.723464397631317
1300,166.10944561886924,3.9224800697157494,passed,80,8.020598929879363,passed,34,5.055875433254631
1301,150.93112842313005,6.013925585989883,passed,66,9.118672157364681,passed,33,5.146865446101279
1302,170.15707878326495,5.4894058967812684,passed,59,8.2170023445302,passed,27,5.299679404803448
1303,180.9385567865848,6.570903213849877,passed,64,9.136183320760228,passed,22,5.611790909449654
1304,161.7930679011493,6.809415480269279,passed,87,9.110310633881591,passed,18,5.118442758306019
1305,124.09959761323002,5.4528883672522355,passed,47,8.006222702422438,passed,43,5.813430486383031
1306,155.8964975712754,9.12926847888822,passed,102,8.125125822207146,passed,60,6.275252792543418
1307,151.9251999216265,5.949035409568596,passed,173,8.271815258426308,passed,21,5.360977458233718
1308,217.88301970454765,3.0971845396310838,passed,90,8.230016765799931,passed,81,6.0131910145825085
1309,131.03886103563278,6.85591546834562,passed,76,11.39983897290129,passed,20,6.419510799444494
1310,156.51328310681353,6.998173864282994,passed,30,8.371497066130207,passed,22,5.381925005556321
1311,159.8425530531032,4.848879795387741,passed,44,8.950044648855426,passed,32,5.8353208309985805
1312,144.25325315588887,5.3087076960002815,passed,126,8.052749011647165,passed,106,6.174534154080602
1313,113.86126826651575,9.696032541596738,passed,89,8.08346755983671,passed,41,5.043676551355336
1314,179.03398988280753,4.993466097208441,passed,233,10.087322379548347,passed,170,6.008524129018777
1315,170.22091564522822,7.9316324008302574,passed,240,9.273848894350255,passed,65,5.072248425700621
1316,184.89556810559858,3.20927750174004,passed,87,9.174781229319407,passed,46,5.007781863959493
1317,174.32749185883725,10.002253706829297,passed,115,8.141516736244903,passed,110,6.043233065446563
1318,161.0849082609096,4.539856534273226,passed,60,9.189002169659567,passed,36,5.754487687401877
1319,113.17311931225143,6.3644276163929465,passed,110,8.015257453679414,passed,101,5.729831948624287
1320,184.21824894106337,6.725321346348336,passed,50,8.543015872895765,passed,27,5.422910254182423
1321,146.68399209947697,3.0737850684475823,passed,71,9.721740544034251,passed,60,5.185652466757018
1322,198.86130309403933,8.4909288098892,passed,79,8.576280919682944,passed,28,5.228637203873032
1323,137.39589333715583,9.22815740126397,passed,41,8.457412532841712,passed,24,5.306202634086232
1324,170.72425685237178,5.148745969686678,passed,28,9.391490010970882,passed,14,5.132496539320264
1325,138.62858659000318,8.841300602261436,passed,33,11.618294700058174,passed,12,7.882381559291618
1326,138.2307021202596,4.865941910358497,passed,66,8.619357200638733,passed,32,7.088887784120934
1327,177.02990331629445,5.357175985939496,passed,65,9.099479172574432,passed,43,5.117823650215914
1328,136.75164477916778,4.550872592662788,passed,106,10.922430331111999,passed,67,5.007995125771281
1329,172.740926257312,4.276320281871567,passed,98,8.826137961603408,passed,59,5.373164745902459
1330,201.04315376566637,5.554389145074803,passed,20,8.020468738582709,passed,20,5.778418133542096
1331,141.82149590867624,7.6004061129114415,passed,153,8.340502438954346,passed,94,5.003830052920999
1332,168.81917800441556,3.616737346186417,passed,44,8.147359986595792,passed,13,5.2275033840438745
1333,162.98809806124268,5.01170391197474,passed,64,8.249084758331682,passed,32,5.018066709330871
1334,137.62848009562384,8.07509369208666,passed,107,9.594601307178108,passed,60,5.225593714374299
1335,170.85194358611608,4.921017259715707,passed,43,8.277899024391289,passed,34,5.735410082554626
1336,173.63952381984546,5.004878765537322,passed,45,8.494257957797702,passed,31,5.002032569818793
1337,165.91469722014637,5.56588635649741,passed,51,8.021814181819508,passed,32,5.059714327204312
1338,141.42060719618118,6.863378199973727,passed,36,8.412078665194667,passed,23,6.027930381442603
1339,179.26391104790395,9.718867037740896,passed,102,9.791714889586522,passed,93,5.386287297173387
1340,162.2318814894308,4.566168257956274,passed,131,8.012563877739876,passed,67,5.522859586632034
1341,146.27587563022098,4.6502622359642745,passed,43,8.877246055259302,passed,22,6.728922873050647
1342,162.6482035623632,12.320196130564034,passed,66,8.371201257978655,passed,44,5.137780952163706
1343,169.33637949678317,7.10706574325775,passed,70,9.33095370238506,passed,61,5.42605676367971
1344,166.73632622202229,4.5941656980692684,passed,80,9.896236135768689,passed,13,5.250919133579202
1345,152.57557758991837,12.160953962917292,passed,52,10.768324397515293,passed,41,5.321526781156494
1346,95.15658921830328,8.517376305736663,passed,281,8.093804462538667,passed,273,5.551232753663671
1347,167.98749933095465,5.552109713960632,passed,53,9.972244239498028,passed,43,5.160064626829852
1348,179.94300578890434,3.197066558749099,passed,64,8.034850835198482,passed,63,6.220736880135513
1349,121.44129680847983,5.707837999428872,passed,120,8.08122796838424,passed,82,6.669526898943268
1350,181.0052288777976,5.586655536086278,passed,97,8.418533606899414,passed,93,5.200935634722104
1351,125.3245628044052,3.644784102330192,passed,61,9.683461385423398,passed,28,5.029276067393806
1352,190.74864762368554,5.857172473973426,passed,118,8.207142917841658,passed,107,5.741029330480596
1353,151.39410884052663,5.193800508638948,passed,125,8.500490592558553,passed,74,5.3827571905348925
1354,132.72884476851337,5.36904633531031,passed,77,8.521164286718541,passed,33,5.341030190992324
1355,164.76239961552514,4.620787453737051,passed,74,9.608623425239537,passed,22,5.211891918372236
1356,162.4927661725498,4.2189292230497975,passed,40,8.068362734187584,passed,19,5.391225519100296
1357,182.19771444313437,5.882370382098463,passed,36,10.368505305492292,passed,25,6.931425367285593
1358,116.39186112413888,8.590167399502802,passed,251,9.301103853929394,passed,56,5.2522968190166
1359,118.39622684489166,6.07092428914728,passed,88,8.45433178020103,passed,41,5.017295435831848
1360,208.040897120814,3.5646016345214857,passed,97,8.35430891026039,passed,60,5.11011588834831
1361,149.28438541348012,8.083480766239491,passed,107,8.594173595585808,passed,103,5.453535350792271
1362,168.96074621648668,5.004341200498802,passed,70,8.789547431906053,passed,57,5.45641954783338
1363,166.38138344025356,5.726338072953387,passed,89,8.139651499306977,passed,56,5.568038155611066
1364,148.2039649977177,4.834778250693408,passed,155,9.377161431023806,passed,128,5.41109038023726
1365,175.16368690487937,3.1734899240077037,passed,68,8.172085096514659,passed,13,5.3482076562269665
1366,196.85285807911916,4.553036937730217,passed,63,8.083200795393974,passed,42,5.132686681684917
1367,185.77032934885858,5.510375415158036,passed,61,8.813253227578333,passed,13,5.018256885441086
1368,178.4249545185293,9.914833470687228,passed,340,8.427421592351013,passed,240,6.391246270068973
1369,126.55371119484946,4.166445238021614,passed,120,8.648018927012192,passed,115,5.277463960932716
1370,157.65432063086223,4.087220626488279,passed,107,8.89723346343203,passed,102,5.123629492068482
1371,139.55349900411593,4.782851748718859,passed,29,8.079755251080378,passed,22,7.504886288459023
1372,127.84162189028136,6.538142794395087,passed,67,8.48014947981559,passed,45,6.032518367468698
1373,117.03695848228222,6.915543034729459,passed,89,9.051098003019842,passed,60,5.462674545448309
1374,176.06582180562032,5.510844306606718,passed,158,8.28193999716742,passed,145,5.857144311897677
1375,173.8414741289652,7.230643287865174,passed,148,8.867382184024585,passed,128,6.5757062713074355
1376,100.32072746779765,12.640181552013393,passed,319,8.784348158685606,passed,259,5.938510245773276
1377,154.3541449964183,10.822096681806437,passed,424,8.625462211000045,passed,376,5.616730973303952
1378,136.6901524246617,5.54305476433567,passed,145,8.375302581877264,passed,54,5.205813215509325
1379,161.8346762178025,5.9731834240755655,passed,82,8.324206207243478,passed,52,6.660128602498405
1380,165.81598472582448,5.246891693330087,passed,29,8.360051221708954,passed,18,6.0151340423508115
1381,126.23679287017157,5.852682888552258,passed,61,8.936821195000766,passed,60,5.478938927243138
1382,163.61799330134633,5.8676411614610124,passed,94,8.719960784159442,passed,67,5.453955957595125
1383,180.95236239245645,4.617042706565467,passed,23,9.42894060129349,passed,6,5.035363501537771
1384,201.9000895150474,3.3864583468026637,passed,33,8.828324885056116,passed,22,6.386619286797357
1385,165.4559795371762,9.113363400106724,passed,137,9.697630538615275,passed,125,6.417726633206211
1386,142.44711450513782,8.12190131271847,passed,97,8.012158642186474,passed,38,6.520347756081368
1387,202.91341762804217,5.444071195384493,passed,60,8.162329493532262,passed,31,6.379802744039442
1388,169.835241896294,5.435809513472127,passed,102,8.030073460178478,passed,5,5.430736463364871
1389,170.54633895396893,2.864777094078309,passed,65,8.412970188938228,passed,13,5.7158329322571255
1390,121.9605177565148,6.430177107957537,passed,110,8.992863680131723,passed,107,5.103968970682038
1391,174.31121438673873,3.4040740097162536,passed,59,8.005631609564357,passed,30,5.537091313399789
1392,141.63620791863104,7.201876460241848,passed,98,8.642938075695294,passed,30,5.429207614527387
1393,185.69916103040245,4.4300021609938085,passed,112,8.005609728258722,passed,98,5.107613501774555
1394,131.9057448779339,11.191955154594313,passed,44,8.720220235544463,passed,23,5.100944029689791
1395,154.94820787200325,4.0750389184518845,passed,89,8.19404029281956,passed,75,5.3319740912329605
1396,157.5897592593488,4.926277615701473,passed,100,8.591819480508267,passed,61,5.595107020062784
1397,151.98090939551477,4.479700577647849,passed,87,9.343393967285184,passed,64,5.005053670051729
1398,202.84669017747555,7.080296175202461,passed,79,8.275748542290007,passed,74,5.614628228546259
1399,223.1476310412021,3.7135740337724474,passed,60,9.586515217754554,passed,12,5.0714815384328205
1400,116.79948660377808,5.659030802648703,passed,97,8.351101168915953,passed,76,5.5064570753798
1401,151.38735566177934,4.412168859524565,passed,31,9.554270801890773,passed,22,5.188446592126672
1402,137.7038483167451,4.900301972825647,passed,155,8.018786987262283,passed,114,5.323765559217808
1403,152.09030891624175,11.550935874197409,passed,53,8.48943611743711,passed,40,5.908982373977167
1404,143.50232205022104,4.935225924894639,passed,106,9.757297074683468,passed,50,5.085509841584712
1405,196.2453221303649,5.362313767879447,passed,44,8.140289364990029,passed,17,5.047014818884432
1406,155.8771955127956,4.979349234773868,passed,112,8.021239185200436,passed,76,5.003570291811754
1407,124.09963898341671,6.10095072631447,passed,134,11.96163931511971,passed,101,5.003600614868198
1408,145.7618079503518,4.783587726285702,passed,62,8.857920440080491,passed,15,5.395227192544816
1409,177.0556561543173,3.1036398477519813,passed,35,10.664442297592313,passed,21,5.085051455823253
1410,102.79550580017016,7.0492916561443435,passed,65,8.136582990178676,passed,59,6.108282702522727
1411,165.58785862406148,6.537130307763494,passed,217,8.84544644548888,passed,6,5.442414899901471
1412,150.36521111221543,5.786875217492369,passed,65,8.440225168397198,passed,40,5.190472952355818
1413,204.67326380397722,4.1926829071397105,passed,63,8.339030997212426,passed,54,5.641915476871295
1414,160.91902604876304,3.173567055384542,passed,71,9.356057175788202,passed,30,5.184026863947011
1415,127.33228790091941,4.923196910032878,passed,41,8.851427728755512,passed,21,5.63069839229724
1416,173.17494985449463,3.7406834214234137,passed,61,9.301042043748398,passed,53,5.364789804272729
1417,222.05402529784914,4.346148515276387,passed,79,9.812850390332684,passed,21,5.777142724842732
1418,235.388849078263,3.2575741219099896,passed,70,8.32849410354477,passed,50,5.000437962246651
1419,132.6351498573586,5.813851947034533,passed,88,9.165503172928036,passed,56,5.490267985196806
1420,105.58798622090944,12.30783594860295,breach_static,130,-10.706217185148203,breach_static,130,-10.706217185148203
1421,107.17477917045328,6.682141325560183,passed,45,9.037958875814155,passed,40,6.0366086440907685
1422,175.0570695273219,6.214305865318048,passed,137,8.178973188209838,passed,112,5.096887064631361
1423,168.76525781813046,3.5428425452931505,passed,53,8.091723678387574,passed,38,5.0417203808151845
1424,184.8876509889561,3.8276605429436903,passed,107,8.088119480594912,passed,53,5.501075589957427
1425,188.53686011172616,5.344039813537741,passed,50,9.31076066584584,passed,49,6.018158475530089
1426,180.35903110135817,3.6475986968413094,passed,67,8.000801324752649,passed,37,5.105708435584155
1427,150.23109102263254,3.906358496748859,passed,30,8.179855841528493,passed,21,5.819351346092527
1428,175.02946311701146,4.123101368735165,passed,56,8.208768179328496,passed,29,5.105896200161286
1429,166.7750487149904,3.6245176023705152,passed,97,8.001135324275355,passed,64,5.059442800735892
1430,165.27586838812763,4.619866973524282,passed,62,9.96288855392402,passed,37,5.476890749992092
1431,209.30044076471182,4.0873860455438855,passed,24,8.613756805030848,passed,22,6.357166321408503
1432,158.26580563248496,5.188732300025694,passed,89,9.27682562235439,passed,43,5.112310930276598
1433,133.7827359516015,5.5290324643885285,passed,131,8.025238794022993,passed,64,5.041310924099451
1434,140.61865874614145,13.750258376347393,passed,290,8.40775633850761,passed,275,5.499226961781245
1435,168.5422746276052,6.583339204378816,passed,21,8.325087995667113,passed,14,5.5829083010497715
1436,195.35171071294207,2.88741730026202,passed,50,8.224027104188059,passed,18,5.831243191248836
1437,165.89906901974922,6.603509964973046,passed,58,8.686486764579504,passed,43,5.0162515383995965
1438,161.21731909224445,3.5283317889144996,passed,61,8.150069068543765,passed,20,6.234043407231016
1439,158.59952121799319,6.588257663245169,passed,206,8.017629953255545,passed,141,5.556009855882538
1440,201.04899913557986,3.531592751961036,passed,50,8.574619715344788,passed,8,5.247570176103933
1441,101.19271515091648,9.542794059223553,passed,153,8.49482374081052,passed,104,5.300527071038186
1442,155.10616532540857,4.540148551129752,passed,100,8.535049594785304,passed,43,5.022512792336742
1443,171.00345135983926,6.414463781069828,passed,73,8.54667140095897,passed,50,5.022301688364483
1444,170.41530892671918,3.0073036834522964,passed,94,8.891829845614584,passed,27,5.040338970167513
1445,180.31056445909374,4.145363650717706,passed,89,9.746849292640514,passed,13,5.124585539100224
1446,129.22236503410844,9.90103623150695,passed,69,8.00905515511008,passed,56,5.012128588233433
1447,188.87572823565333,5.586585049645372,passed,87,8.446298544969078,passed,60,5.81876903933376
1448,154.28169928017016,3.5496505120072888,passed,70,9.753863222330029,passed,56,5.153479505678926
1449,188.29417500532662,3.9743743404972394,passed,150,8.13183763303098,passed,34,5.302858813492195
1450,151.7617221783587,8.329211059778743,passed,184,8.13283974303749,passed,6,5.621465401546266
1451,168.5550239739694,4.053080251906454,passed,57,9.40587187602171,passed,48,5.095000466808108
1452,122.15452479856373,11.876419102406313,passed,198,8.9462173024637,passed,173,5.867617922276924
1453,157.50927788508955,5.777134108057169,passed,40,10.33298057627514,passed,34,5.844983608250454
1454,115.23073471633975,7.178401600016239,passed,188,8.29949746411165,passed,184,6.116321636789812
1455,143.0429188762929,4.384409083505968,passed,114,8.247300937786495,passed,67,5.9500009492050365
1456,140.35089430995856,4.757513821860371,passed,162,8.139600837786531,passed,102,6.330190089547094
1457,129.73005065473183,9.856413503355622,passed,46,9.14880673303018,passed,13,5.245147771057956
1458,193.66012898989516,3.9438360156767716,passed,65,8.889955318911213,passed,54,5.118389178479932
1459,144.8353351555022,6.657785683897704,passed,245,8.870517337037963,passed,126,5.0983554527757935
1460,178.378869168816,4.485660037924856,passed,36,8.652575037801636,passed,29,5.372043103850199
1461,151.25174889568035,4.659682750088705,passed,184,9.054170333951127,passed,116,5.4534893699505815
1462,123.52971421223961,6.941540532821863,passed,37,8.121303684258564,passed,24,5.041285714547183
1463,144.37738638814886,3.8941175118986044,passed,107,8.010766966723871,passed,78,5.0051068156258705
1464,166.4811418899301,4.302256317011423,passed,106,8.417792805817692,passed,67,5.421590011712296
1465,170.03178118717295,4.922475074062998,passed,66,8.024059225693847,passed,48,5.914116882340714
1466,173.27383633454008,4.335450106286033,passed,64,8.199767354658082,passed,50,5.783542317298718
1467,191.95430306339628,5.841636192779444,passed,123,8.487265068798688,passed,79,5.888063322932591
1468,193.4519303154807,5.8218084010615305,passed,42,8.184819090170258,passed,39,6.753908072510995
1469,159.3081800024661,5.133104965859787,passed,21,8.717214969538812,passed,21,7.164574306216132
1470,174.01204691803068,7.64324294894373,passed,107,8.304598492300453,passed,60,5.153850545096983
1471,186.80127029264315,5.908260298988997,passed,33,8.97786084993819,passed,19,5.007023042977976
1472,159.73580136813598,8.27982813107994,passed,56,8.08728585444265,passed,29,5.670264487579946
1473,131.47135935905703,8.393210727687338,passed,51,8.564626825225341,passed,10,7.5341605170551995
1474,142.4215048625614,5.178593677956523,passed,251,8.10569113540347,passed,222,5.682308364679911
1475,164.45072002915282,3.0958568230489862,passed,69,8.046451193496274,passed,19,6.447312212372536
1476,136.3399496303605,7.1692645817106895,passed,65,8.706797912114395,passed,28,5.710932663878854
1477,159.4860159170493,4.316990411280343,passed,38,8.021986270543891,passed,13,5.077196696321318
1478,197.46255396669582,2.666651262468742,passed,70,8.960241233372379,passed,57,6.231226340602247
1479,197.9838102655932,4.327364789843628,passed,79,8.405910073644772,passed,67,5.287733309847509
1480,158.9838592831482,4.940111085593292,passed,50,8.684130282088343,passed,41,5.934182719049019
1481,125.93979373184396,5.898337966499358,passed,115,9.170531062502697,passed,66,5.018538422096941
1482,153.08948839378183,5.160575297018676,passed,25,10.80812834941296,passed,13,5.360196562958963
1483,176.64409906547243,4.664561297147929,passed,68,8.261802403333851,passed,9,5.4815341678725815
1484,211.2554826992877,4.145101163306033,passed,66,9.0686246570457,passed,35,5.343256792398399
1485,191.53363486896671,3.9989405760649452,passed,70,8.176377852495143,passed,45,5.201958647158422
1486,153.67404238416788,4.6966347263666846,passed,56,8.376081573919713,passed,49,5.111189558513862
1487,135.93054377360585,4.759241545812157,passed,155,8.619343564335624,passed,21,5.092502288059042
1488,167.29509682790976,4.320568689160685,passed,124,8.020225438001006,passed,65,5.390507619796869
1489,100.50278995132263,7.160016934453382,passed,119,8.996864064305953,passed,106,5.158092245963286
1490,122.64305228228642,8.756679157045404,passed,108,8.610561091330847,passed,55,5.117935024914377
1491,167.66024171303258,3.5999436829588984,passed,100,8.831454697913,passed,47,5.364253139184338
1492,147.88891094108442,9.074757878845244,passed,45,8.581554843191075,passed,44,6.729794206630313
1493,166.40864618103,6.5250524911534065,passed,59,8.653683177350736,passed,47,5.451786383551327
1494,202.48075005536523,8.348092574265355,passed,295,8.790699268234391,passed,291,5.321930379173145
1495,128.9256610420792,5.210767818749079,passed,199,8.350811068894348,passed,62,5.071587587682713
1496,113.85420703250784,7.810486323195078,passed,141,10.461388503291236,passed,74,5.139980741992867
1497,145.97992773908825,5.842734201020767,passed,71,8.34918649618035,passed,66,5.434260996936535
1498,163.16471729614568,6.066452368697687,passed,40,8.0114403125648,passed,27,5.964288947421581
1499,190.70910769035763,4.0648811261957665,passed,129,8.018086277308312,passed,100,5.349227301331583
1500,179.7632987575167,5.75958274583719,passed,50,9.240611847929925,passed,45,5.001628605553732
1501,187.81035145994892,4.184479801819981,passed,31,8.97365876028533,passed,30,7.37208871175179
1502,222.20683109050637,4.520401599052035,passed,91,8.899685103870203,passed,86,5.247415495585384
1503,171.96984985498872,5.915186659961419,passed,123,8.094565769066397,passed,81,5.540970748040874
1504,132.919787823246,4.292389855923124,passed,137,9.1515069809732,passed,89,5.06319861097968
1505,167.5081206432719,9.881634551280714,passed,165,8.099172997304315,passed,133,5.520929800989305
1506,138.30139730355046,5.8625724450072285,passed,117,8.024813357810023,passed,112,5.006034161789574
1507,158.1715765649065,4.665755187982677,passed,94,8.995868901637305,passed,53,5.3962462089836905
1508,187.60633540895702,4.020497599105873,passed,43,8.225098094571104,passed,20,5.5627261806217465
1509,145.81932637574565,4.247344816643893,passed,64,8.758375223799074,passed,48,5.964682516822695
1510,170.81734292123483,4.914517577547889,passed,100,8.189616704706214,passed,64,6.176695032588797
1511,208.19688918581093,4.115188393536206,passed,67,8.69363660745992,passed,63,5.102917023188902
1512,123.04145134584931,8.124101493371198,passed,121,8.678399266032311,passed,79,5.655924562858017
1513,131.16715347299254,6.062202828131209,passed,87,9.179371524185221,passed,70,6.07069177825077
1514,140.74114677817437,7.5144316551895445,passed,58,8.473446104231087,passed,44,6.001816710034191
1515,118.06438216350936,11.298047723399653,passed,302,8.909834500306623,passed,250,5.0559611332554155
1516,149.78146566780794,5.988646939251679,passed,247,9.340138210730586,passed,228,5.018719505128777
1517,149.39953571220687,2.9929232859771613,passed,56,8.01491348426715,passed,34,5.003832959259191
1518,165.85769823295817,4.021609432879856,passed,48,8.017924717410253,passed,24,5.76042951536242
1519,140.02395373359224,4.578983887555248,passed,95,8.703543070903397,passed,60,5.00992397364286
1520,134.67885847836186,14.027417259487207,passed,148,8.966014869064121,passed,128,5.367521844964096
1521,150.72639648472347,4.28992458523344,passed,139,9.375457505564256,passed,18,5.5983523056137185
1522,138.47904563502183,5.7242429622362545,passed,103,8.001880218322555,passed,58,5.618079645901375
1523,140.99076094852148,6.659809229868396,passed,115,8.351405781975396,passed,70,5.685711053103293
1524,147.54101096383252,5.437449943042987,passed,70,8.421839934339559,passed,63,5.405999487392976
1525,139.84271573557066,4.227496770553735,passed,59,9.95724018188655,passed,51,6.490478190529569
1526,164.4023803735828,6.088220442008603,passed,252,8.12403863384057,passed,250,6.246482605543746
1527,162.5012766892504,3.803653039786921,passed,126,9.574771188348507,passed,89,5.216499830652399
1528,202.32049069634397,3.728264000486497,passed,129,10.957392392654409,passed,46,5.647020010505321
1529,189.36951429289545,5.134877098170063,passed,69,8.04732623866935,passed,57,5.685571994984984
1530,164.31659457310874,4.181223800438382,passed,56,8.116460006894677,passed,44,5.568591944283274
1531,172.58718887895225,7.277859932442013,passed,98,8.196910322398443,passed,95,5.094870185064648
1532,170.16055156833252,5.298717749035576,passed,133,8.651036976454263,passed,61,5.2419920149448185
1533,109.44747135806966,6.326823132346574,passed,136,8.451751439098532,passed,56,5.254376775901415
1534,176.87229555835248,3.5241616408506733,passed,188,8.742999675601615,passed,172,6.524334578721458
1535,173.46675034405558,7.3038245820466,passed,169,8.323179186776386,passed,102,5.029482321507395
1536,179.3625402798439,3.270569400874256,passed,89,10.291335419479397,passed,83,5.586860936111493
1537,149.26570311140242,6.323876811189436,passed,165,8.215563477759735,passed,131,5.034601280960915
1538,192.62015632598306,6.544995742734475,passed,138,8.465677997915133,passed,121,5.685825116400034
1539,160.96380035793328,7.033149942526008,passed,150,8.066729452979882,passed,85,5.048951569927751
1540,119.65691263718097,5.885625386747652,passed,31,8.368666182031092,passed,14,5.204518960130766
1541,157.74264146210334,5.403351977920016,passed,77,8.010352437649093,passed,60,5.35583294577795
1542,137.11238231638222,13.18850991341352,breach_static,112,-10.329205219246818,breach_static,112,-10.329205219246818
1543,158.53253519008172,3.4744281927879825,passed,21,9.0998131004546,passed,21,9.0998131004546
1544,98.18161917745883,9.528115211579902,passed,110,8.75344077123248,passed,75,5.098444616884312
1545,186.44726393304265,3.9375521536514038,passed,34,8.00481141711462,passed,31,7.872076002549666
1546,129.26166817974865,11.314101742771504,passed,374,9.528212597076235,passed,59,6.20900304683516
1547,130.55740559327097,7.540035825754734,passed,164,8.958107290125671,passed,161,5.139931561014799
1548,196.61084906941758,12.050384127666051,passed,52,8.541984762630172,passed,22,5.425527424596366
1549,222.93634136017678,3.024819823385745,passed,29,8.119867430170281,passed,22,7.2420944802221054
1550,183.6929030871691,4.355497698180643,passed,67,9.13487139923932,passed,61,6.074408948305332
1551,168.81778520238626,3.99634408957392,passed,56,9.042032257346943,passed,33,6.0272315046774105
1552,146.66425732929383,4.100397083184248,passed,46,8.492963011322164,passed,46,8.492963011322164
1553,175.36818678939872,5.819241746895563,passed,48,10.067678801852487,passed,30,6.169799850600111
1554,132.705500947237,3.8214688240301906,passed,56,8.482889062409637,passed,25,5.053285940469676
1555,168.26370723800542,6.3496769001145275,passed,139,8.007525719833165,passed,38,5.01801523000398
1556,135.69436818552427,6.80179289252324,passed,313,8.647111099586958,passed,251,5.247550018751235
1557,148.9907818863153,5.112133815341959,passed,143,11.742673203083974,passed,58,5.760635287191729
1558,148.65919930030432,7.466488902295093,passed,185,8.436589271084127,passed,74,5.069841064842318
1559,122.28828809718681,8.059555964966364,passed,260,8.66925677395638,passed,244,5.363567826738613
1560,154.50885604822668,4.4360371942202645,passed,107,8.488670021908806,passed,65,5.626725225514595
1561,167.11337811551158,3.973644218712686,passed,80,10.527435135382612,passed,73,5.327313330333783
1562,169.48045511398294,5.245451793522151,passed,104,8.31974880723434,passed,98,7.033293611594482
1563,134.43890789139425,6.050029977241626,passed,84,8.021902366894729,passed,50,5.065624212675224
1564,161.22550413139237,3.8642928668797385,passed,62,10.262145429196945,passed,29,5.3209777502314815
1565,157.55312121036263,4.399514671986989,passed,48,8.52793934796865,passed,36,6.884937201785113
1566,169.85713584120754,6.983193082743271,passed,86,8.64367875510197,passed,67,5.01863975770922
1567,191.97121732078998,5.979057484788706,passed,44,8.200958803591085,passed,40,5.186316055687357
1568,161.00314807255498,5.4833552300358575,passed,107,8.012998915255064,passed,37,5.959222264581898
1569,137.23203046926233,3.89322790439563,passed,133,8.542844522244986,passed,30,5.460725803007849
1570,100.67757822380105,11.057582289104657,passed,141,9.254148692960174,passed,113,5.356698168452856
1571,134.22795571963584,5.057487759654587,passed,97,8.611892166555556,passed,84,6.3121119089604605
1572,112.29921546356212,6.553047672210361,passed,192,8.896419970204384,passed,152,5.076107239265704
1573,166.18691424154486,3.8639253595280474,passed,33,8.160843725989153,passed,12,5.649949636252449
1574,161.07403003568913,6.083122622804084,passed,61,8.173578851636742,passed,38,5.461973218527194
1575,186.97925937761758,11.74635069431907,passed,217,8.608421515088494,passed,168,5.047739667012219
1576,143.10263615157902,4.987979867464813,passed,110,8.630302750679753,passed,88,5.523090146886567
1577,199.8473823572061,6.854362488365068,passed,8,8.405942801443844,passed,2,6.806937797710266
1578,149.53334517448914,5.6250229978990856,passed,72,10.8502307273892,passed,47,5.108174851346403
1579,186.73734248375547,3.3719319245918324,passed,48,9.052562072703797,passed,24,5.322844225996004
1580,150.960459328827,5.0647784460039444,passed,69,8.037952173809382,passed,39,5.384918101428449
1581,183.34445995146612,3.5186928988695603,passed,34,8.276107054299665,passed,34,8.276107054299665
1582,148.4102115486674,5.0900008703119655,passed,20,10.197405179325925,passed,19,5.8212530474690105
1583,182.91415017557168,3.9525790434821015,passed,66,8.456969468997745,passed,59,5.017863625008134
1584,206.4950149749075,3.81141815945902,passed,19,8.642880507297468,passed,14,6.451912778722102
1585,161.98316217266807,5.629796768980595,passed,25,8.43865536208066,passed,19,5.360571547255888
1586,128.29360406487052,7.481067562459094,passed,66,9.722398772435659,passed,21,6.335482418661775
1587,176.92875790509697,4.704777041922487,passed,72,8.023736063716647,passed,26,5.017349691965256
1588,121.85412243136588,7.739767026266311,passed,106,8.18102209725151,passed,104,6.097730488597053
1589,167.07736560322815,4.194160036749459,passed,40,11.122902462238638,passed,33,7.592305770220054
1590,164.657023341637,6.841909955587587,passed,75,9.168702175403975,passed,64,7.191400758058686
1591,167.32888895263275,3.887412539758283,passed,55,10.796380465026623,passed,50,7.126231130435112
1592,164.45828704335415,4.4190736240395125,passed,55,8.417866594571022,passed,38,5.695569058472905
1593,179.1665371868839,4.280856089343277,passed,107,8.28786120498599,passed,93,5.532407296152386
1594,176.8957003029692,4.180607518283929,passed,82,8.007070824479023,passed,30,5.250864115700971
1595,110.21148777034551,6.14707717122236,passed,30,8.452351706782313,passed,28,5.423636584116953
1596,108.41102957243697,6.161671195564198,passed,204,9.052824796547586,passed,158,7.919893779155673
1597,174.24455676512483,7.576446070560597,passed,53,8.046953869444806,passed,50,6.87880187977552
1598,173.1313536151094,4.410397300751547,passed,208,8.135996756613828,passed,133,5.512419139384539
1599,173.0611351247623,5.911227393970378,passed,116,8.735603787723644,passed,64,5.00349532439921
1600,132.68624109037273,5.236382987641718,passed,115,8.008245441997008,passed,98,5.101763114742153
1601,130.9060400610925,3.7676823117198643,passed,169,8.02019829186631,passed,137,5.110344466692851
1602,157.26937769839702,6.439662376171169,passed,100,8.366123934803538,passed,71,6.5103263717444015
1603,199.26822713880506,3.0107146466528913,passed,40,9.376974947256578,passed,30,5.182693280708106
1604,145.156780026059,7.053187053842873,passed,249,8.20419038807807,passed,110,6.16927739175408
1605,141.88330748577692,5.6484471617512115,passed,244,8.257197409196237,passed,224,5.0020131790425415
1606,167.94307202066267,4.994590736849341,passed,130,8.841742676142461,passed,107,6.020858212863667
1607,113.00508374973023,12.02747721491946,passed,57,9.422380371053007,passed,57,9.422380371053007
1608,129.55042013150774,6.733282563213565,passed,34,9.019099458934065,passed,22,6.791239461899412
1609,155.25833646061326,7.979566641952513,passed,128,8.323490036557768,passed,104,5.528969140549034
1610,156.57387982595944,6.6312750807131975,passed,95,8.990521665006446,passed,61,5.027467902648186
1611,211.42658725369265,2.599356961608351,passed,70,8.007727433508416,passed,42,5.804633394052905
1612,191.8432483199544,5.022056784436068,passed,50,8.05758619409973,passed,50,8.05758619409973
1613,155.9863249234286,6.992952515607592,passed,127,8.4627934333116,passed,120,6.226608869180317
1614,202.36897442574138,4.314188059410207,passed,63,8.267797932805365,passed,28,5.125699965900488
1615,100.29739529989983,7.162262397201078,passed,64,12.329303607743158,passed,15,5.866671435509008
1616,177.15468362490344,7.710445538497311,passed,132,8.010678673336912,passed,127,6.202078507901199
1617,187.87810397280498,6.73255675434463,passed,84,8.371192043327213,passed,22,6.2391393453884
1618,191.82847903615664,3.8465553518572984,passed,55,8.333450460788526,passed,42,5.872850435920363
1619,151.5416093776458,5.186031818385594,passed,198,8.922369666110995,passed,114,6.1789287835929185
1620,129.92006340523662,7.923874971173393,passed,121,8.275466232119477,passed,102,5.54825053967023
1621,151.86813986725474,4.960959417358483,passed,60,8.120872083789067,passed,59,7.646474592121422
1622,166.9186403259258,3.0646557233634004,passed,123,8.264010366969332,passed,64,5.289819502499604
1623,167.6041176614537,9.844629520768516,passed,290,8.134311236633662,passed,166,5.600096368776519
1624,131.69573478876774,12.053141628255329,passed,39,9.684439066695493,passed,31,5.197895474104741
1625,149.80704725999078,5.544443359752107,passed,33,9.28437890297471,passed,18,5.008489176258668
1626,202.6875878298965,3.7909863139048636,passed,25,8.362026740925167,passed,21,5.237278356292685
1627,146.17518074921003,4.778414816170927,passed,57,8.55116291687854,passed,43,6.076025961911857
1628,161.16459220603252,8.16839828506639,passed,63,8.012671036696695,passed,43,5.428535380392829
1629,118.40664758152917,6.969257773677319,passed,164,8.01987568347624,passed,154,5.3175190977389875
1630,185.84609307099123,4.796768616212868,passed,128,8.820050156841619,passed,126,5.8787796042712115
1631,157.80471504206753,7.645327324301514,passed,126,8.004394734772568,passed,120,5.296523282142718
1632,133.14321458843966,9.480146228688124,passed,387,8.011622323962797,passed,338,5.875863323017838
1633,167.39758957992726,4.124234941507118,passed,81,8.010011533938567,passed,36,5.105111888588687
1634,148.33736865063779,4.707804967294906,passed,37,9.493153198375893,passed,27,5.001636525758224
1635,151.2967336406005,9.222198951939857,passed,63,8.119066375660399,passed,39,5.891293852171131
1636,146.19289730024087,6.478107547555534,passed,158,9.856831626648678,passed,141,5.3142130504446605
1637,163.36965067710435,6.843999224003658,passed,171,8.476244135582611,passed,143,5.814018206646332
1638,193.53087060562166,4.545156980754414,passed,61,8.026017420903187,passed,60,6.400730421601075
1639,160.26336469403466,5.346530218677726,passed,26,8.336017937102923,passed,9,5.0127380699697355
1640,169.85436162393754,4.6641051801426,passed,65,10.131567800366327,passed,48,5.104050822610584
1641,150.76791386115184,12.078712960764417,passed,28,8.173115604881588,passed,22,5.67612204626271
1642,125.96067862619296,6.619512472123204,passed,34,8.832326322454009,passed,13,5.0191534612275435
1643,149.73268315849717,5.242571909385805,passed,73,8.130226756827863,passed,52,5.105722827627734
1644,225.14242976642768,5.012799965116918,passed,21,9.151694004807332,passed,14,6.824332487306384
1645,185.53531705850648,2.6225305436519535,passed,44,8.325030083915653,passed,34,5.734820094972459
1646,178.2223887371222,4.972385114882649,passed,141,9.836468258048669,passed,69,5.010099895975495
1647,136.64343429081694,4.577074500791708,passed,59,8.227977586957502,passed,24,6.247258665780309
1648,151.6860414145627,11.007110638526635,passed,227,8.020534663781298,passed,37,5.520096642509698
1649,178.89288423535805,7.671706790860758,passed,169,8.023324731149106,passed,104,5.442690878762213
1650,102.03406467058902,5.464617118326895,passed,207,8.960480676699234,passed,174,5.141497938355388
1651,171.8336603542147,6.98379653261989,passed,174,8.012811912630525,passed,163,5.344259628312642
1652,171.65934481240757,5.449413520288301,passed,92,8.918292719589903,passed,20,5.07745296929718
1653,173.43253409190345,3.5266986313852957,passed,21,8.985136029095475,passed,21,8.985136029095475
1654,184.15227567252805,4.508708486000256,passed,73,8.51086616959189,passed,69,5.074733446462232
1655,143.12704277181533,5.405143123277177,passed,102,8.227356899585203,passed,99,6.034221474786872
1656,125.50377251003475,4.763740494680663,passed,25,8.240364097690556,passed,19,5.726841462165888
1657,165.34060598223218,3.5225266244817357,passed,79,8.624480842501914,passed,71,7.100952447883624
1658,139.97188951326854,7.525088963706966,passed,146,8.161354169903756,passed,12,5.023672859903883
1659,128.5000517797413,4.468928489758102,passed,97,8.011105133382745,passed,93,6.1193667997784695
1660,133.1462109361893,6.818816741206605,passed,50,8.002465362989364,passed,31,6.675704673860516
1661,190.05194324942264,4.636592330815511,passed,21,10.25372202782837,passed,9,5.774596826387524
1662,133.64167133949,4.781968420588349,passed,58,8.181846168398499,passed,15,5.288947857525539
1663,184.33605972214173,3.2950805422710943,passed,28,9.193806376623792,passed,14,5.801712129070746
1664,157.98841078864524,5.527818596862932,passed,106,8.142096992602443,passed,72,5.793632081725852
1665,188.60729738593028,4.795940062443278,passed,37,8.065593350393119,passed,9,5.690647811408733
1666,147.1252242718095,5.777969298049816,passed,32,11.079599914538818,passed,24,5.640212029722069
1667,117.67177306201563,7.06286309706849,passed,53,8.614922272480442,passed,14,5.554226668621909
1668,171.51898096496785,3.40434956699647,passed,98,8.041596334167433,passed,65,5.03600404921567
1669,113.51408196344192,7.504070041969333,passed,128,8.353400712319248,passed,115,5.584885372050219
1670,139.54544355369066,3.9001252889514797,passed,46,8.156869766802032,passed,30,5.4988389467447885
1671,169.36969835146996,4.0698817175598005,passed,68,8.518978638797247,passed,42,5.530383934585781
1672,142.4044250792975,4.725375377939642,passed,91,10.564582101301445,passed,81,5.331143246130288
1673,151.9528070931691,3.140401419577201,passed,107,8.374992757208055,passed,70,5.187981402906616
1674,151.63604881502474,9.684902355734257,passed,37,8.110625597319277,passed,37,7.621967906368554
1675,170.9702149184381,7.6253839025082,passed,49,10.927160128138391,passed,20,5.490440247993389
1676,201.73883902785633,5.422386395008233,passed,74,8.615120051731795,passed,18,5.389045224064692
1677,140.32620569800565,6.117508131249833,passed,51,8.012938501732192,passed,30,6.748877052656144
1678,115.98041102474977,4.028265474571749,passed,59,9.247986917886886,passed,23,5.201057723373115
1679,186.91760572926083,4.433530338730892,passed,49,8.40000865139352,passed,33,5.937987928797361
1680,168.49690882025453,4.273838194897427,passed,54,8.15004770939911,passed,40,5.888176708962578
1681,166.7339680600426,6.090775454847965,passed,81,8.37424850598143,passed,62,5.268952857331377
1682,137.50932899838446,4.238063705363266,passed,102,8.008870300438797,passed,100,6.046470076679844
1683,143.47519424210674,9.69149351727287,passed,439,9.230449365938643,passed,422,5.592190282266363
1684,123.51923127800939,6.521618670371651,passed,58,10.105704196278186,passed,32,5.005582498074035
1685,181.52696444975098,3.8876711206859547,passed,126,9.059022210046418,passed,102,5.905342149946113
1686,140.48748718726554,5.974571792993035,passed,56,8.265860342517616,passed,48,5.873383050284864
1687,138.0730098890287,8.548631525280639,passed,188,10.804419792121056,passed,40,5.1133063487701635
1688,140.31426768916094,4.227664416822567,passed,107,8.911513087586576,passed,72,5.003573495871283
1689,198.74548385930012,7.183309091739955,passed,45,8.524096173785534,passed,34,5.114420877477288
1690,163.7875058422144,4.169382784180103,passed,141,9.65284321695641,passed,88,5.884022509195219
1691,196.3040104569805,4.925942845638766,passed,94,8.421360533563305,passed,67,6.28290263780773
1692,159.03823572177674,5.581322240540869,passed,144,8.558394987964245,passed,125,5.732539199505204
1693,145.70882267051593,5.262050988115456,passed,193,9.212775050304778,passed,163,5.421819601921851
1694,159.8559338288548,5.445893334257295,passed,163,8.090414622211428,passed,158,6.6590131464397295
1695,126.05399239654402,9.257036378387799,passed,247,9.332590329247248,passed,214,5.017637773265249
1696,183.2263036968389,5.491854707461644,passed,17,8.500148989529599,passed,13,5.18617665731147
1697,138.56347465143207,7.749788781088805,passed,98,8.00323425624947,passed,66,5.015141105150223
1698,155.92114921617846,3.651862743856006,passed,87,8.315455279409335,passed,58,5.169346899135641
1699,137.2217158208225,4.396658128066759,passed,64,9.104025584311358,passed,40,5.020274248956591
1700,143.72760610598968,7.3953739014753275,passed,83,8.014416018004788,passed,74,5.548694539493759
1701,132.31960490660094,6.497944489554731,passed,244,11.006318047533782,passed,221,5.339631745024742
1702,125.946189438254,7.317962713099184,passed,158,9.14838662800037,passed,150,6.47938869578637
1703,167.7456348885809,4.045296912263983,passed,126,8.013112211498008,passed,107,5.652715253726526
1704,149.22015131102907,4.177174767853323,passed,157,9.131490206597604,passed,146,6.217377240692223
1705,174.923421522059,6.219043883809292,passed,285,9.093184403828158,passed,99,5.270611138994141
1706,176.17023609515755,4.590287006279872,passed,59,8.023929149768506,passed,44,5.277679495829002
1707,167.54996589356384,9.005774262439216,passed,100,10.870162412518392,passed,23,5.290513218676951
1708,191.06044990796605,5.033265030582658,passed,109,10.219720740465466,passed,106,5.983272217589231
1709,142.86584795613484,4.3042425998540175,passed,125,9.67012033462835,passed,120,6.808173730634892
1710,116.22388367891831,6.574936725768203,passed,130,9.26109638957342,passed,74,5.666081500563402
1711,157.4124985214823,9.790006282837906,passed,251,8.342483194232964,passed,251,8.342483194232964
1712,137.852542261625,7.823491316593953,passed,131,8.769633105062002,passed,37,6.355155443922533
1713,210.33115166792612,3.8784371920230916,passed,64,8.871581467074098,passed,46,5.894194487545779
1714,187.71097913621128,3.9503769444101096,passed,70,9.060726940284415,passed,59,5.711510241449025
1715,126.0580252711101,4.66062684473193,passed,79,8.440718609352471,passed,58,6.522730347739603
1716,158.81634531382738,4.630134283260298,passed,139,8.994067735104183,passed,90,5.500867901734829
1717,154.13431485407511,4.663811831158622,passed,90,8.690430691945195,passed,70,5.01485855851207
1718,169.06045023099324,3.654835728756055,passed,57,9.152287883576893,passed,53,6.08813157572885
1719,172.0763610785836,6.607309720423575,passed,63,8.22723596848558,passed,21,5.406097387213293
1720,164.88909499295602,4.0709514768684345,passed,58,9.495456988683348,passed,45,5.107322585154916
1721,151.80285342115377,5.4739793803742085,passed,77,8.531777457486811,passed,59,6.249335659174182
1722,172.59619477131753,8.080577669604946,passed,87,8.495525061737851,passed,77,5.8783946637928075
1723,152.7504468714326,6.754565727420957,passed,143,8.000343109353114,passed,128,6.320831509947533
1724,154.04858451225834,5.296117734540518,passed,107,8.829978272283977,passed,58,5.060687809721354
1725,171.9477488792108,3.8607027881744123,passed,60,8.595341407346435,passed,54,7.010176272097368
1726,180.85222683328234,5.149760187961696,passed,69,9.900770853297193,passed,48,6.672158556643781
1727,177.10066542019493,4.034272540366915,passed,61,8.698745708522937,passed,52,5.662892041099976
1728,182.80738343181397,3.913076812122287,passed,45,9.662854341269679,passed,30,5.311824522100728
1729,114.56595551780447,6.50439557065882,passed,183,8.93409755949277,passed,36,5.608854925778184
1730,139.2064117416799,11.566557579600682,passed,69,8.345863792380959,passed,28,6.355637046774754
1731,165.3030652452464,4.220824264264378,passed,54,8.219617384977873,passed,22,5.024763019551637
1732,181.32813436484813,4.260799484053532,passed,128,8.667194739094963,passed,60,5.33332716167807
1733,163.4310029936766,3.688465837525405,passed,155,8.633508902236176,passed,141,5.225135388886892
1734,195.29248639069868,3.718429300479545,passed,57,8.066154186969898,passed,42,6.16790877482527
1735,148.21761594653915,6.73086214291459,passed,162,8.120876771466644,passed,126,5.8952936425722635
1736,137.52835714652946,8.061610059800696,passed,176,8.007673681970196,passed,127,5.489012463483989
1737,129.70341178368662,5.680696732463496,passed,150,8.000636704658914,passed,136,5.3587766426226535
1738,171.93916506488813,4.759310088922657,passed,89,8.096190243848266,passed,29,5.328460243755373
1739,172.56037758225773,4.448498369298141,passed,164,8.605094473633779,passed,125,5.221053945858611
1740,131.61670332099814,5.9265676583737585,passed,286,12.509762612595022,passed,224,5.468724607904907
1741,132.51438752068395,6.999370715817392,passed,243,8.522148255657381,passed,240,5.15983052269442
1742,155.72968250961807,5.49122048158537,passed,89,8.208366936021584,passed,17,5.818786521669339
1743,167.73106153376241,5.367727527899742,passed,120,8.011170435635817,passed,36,5.523689460619385
1744,181.46347427834613,4.415301986710535,passed,53,8.324873688878753,passed,35,5.798602054748048
1745,147.62231960328918,5.0219832497163015,passed,48,9.140888870889462,passed,14,6.0101552773978995
1746,144.2865281616395,5.24438540265475,passed,33,8.12710549508957,passed,30,5.617594043687157
1747,170.19217763720638,4.8032942092463555,passed,28,8.292812640175406,passed,25,6.396562550486107
1748,151.1143505850734,4.383683991759063,passed,70,8.494776530465531,passed,23,5.801649908435769
1749,147.19924770745703,4.155707661535834,passed,97,8.2858888820337,passed,64,5.047537885785314
1750,185.73451508805886,4.452011749018674,passed,89,9.320012910360042,passed,55,5.1367728421675585
1751,131.0134597168719,8.276259022730445,passed,326,8.203096534473286,passed,288,5.252885587331457
1752,159.31643766846258,5.090320858192336,passed,123,9.401011409124283,passed,110,5.14044528497124
1753,128.9315915926194,13.094179668973705,passed,287,8.921054804998585,passed,287,8.921054804998585
1754,120.34683641400336,7.226609811595512,passed,73,8.169799770427954,passed,64,5.544738034316898
1755,192.35069316211582,4.279443993506351,passed,94,8.015318413735194,passed,38,6.274151513245352
1756,188.05956260631547,4.242712560470549,passed,70,8.570097279189959,passed,34,5.73802393245153
1757,142.13997868605998,5.3449811159614375,passed,66,8.680583799273212,passed,35,5.196279178768148
1758,137.03385610834565,10.403301787730548,passed,164,8.606022385793777,passed,153,6.287874103522473
1759,167.41095062022978,3.7419948991051846,passed,110,8.791127193526084,passed,92,7.732790033663184
1760,157.04366742034134,6.596002610398186,passed,72,8.606212268552472,passed,54,6.034091640638151
1761,163.22038844672505,12.203366974613978,breach_static,172,-11.331081341733684,breach_static,172,-11.331081341733684
1762,148.21016975859865,5.780414108057727,passed,155,8.00959033503732,passed,43,5.31147889966197
1763,128.81863049363008,5.587131172249797,passed,107,8.209375502347038,passed,100,5.001114714199084
1764,156.22858478602856,5.2487964736679755,passed,205,8.425435450355078,passed,148,5.0368528989263694
1765,168.47229684570735,4.837062422156416,passed,153,8.58260366495145,passed,98,5.089154269917917
1766,171.39585921705537,4.522911737373189,passed,53,8.001684677318789,passed,48,5.5161480437477595
1767,125.03006695654442,6.380400515088123,passed,92,8.020116450793902,passed,70,5.010094139457388
1768,171.88765455991484,5.7062740573368975,passed,98,8.491887166944112,passed,91,5.099903264359451
1769,144.84421297656414,5.100527794802005,passed,70,8.384387081631385,passed,45,6.003080203886935
1770,138.94750115420155,8.860476214546189,passed,79,8.121853990258487,passed,57,5.000204502109962
1771,166.69315979917408,5.49793338267307,passed,22,8.064077882855859,passed,18,5.833313968435649
1772,141.07355140910482,5.590413246386719,passed,114,9.600179504112916,passed,108,5.476540316525602
1773,96.29701277031025,7.354521494390146,passed,62,8.884941976384608,passed,43,5.499390307059415
1774,199.921811353799,3.3801091500265703,passed,64,8.008965403323899,passed,45,5.163594974549501
1775,135.47787308339582,4.897425808073765,passed,76,10.625731691014106,passed,67,5.326879124577033
1776,140.38956895125193,8.227185526470677,passed,84,8.406973366445602,passed,19,5.011314327825356
1777,160.5413190916756,5.278722305987646,passed,50,9.487255031540908,passed,22,5.332512443123827
1778,159.50577204025151,6.214696472911927,passed,125,8.515813624730306,passed,106,5.008412474523594
1779,115.45821650017683,4.625166160317582,passed,94,8.38565634798405,passed,7,6.682832198813871
1780,201.07354880387044,4.351818324689722,passed,40,8.21073682686424,passed,36,5.976754735942857
1781,215.49489647043546,4.666309083845128,passed,164,8.28663902323794,passed,121,5.038963343840108
1782,152.87453103874947,4.686328109969992,passed,96,8.036764313480571,passed,50,5.721715545634898
1783,161.6499033628065,6.42447290764256,passed,220,8.171324424544935,passed,217,6.008157074960008
1784,164.49627819391628,4.881425555932651,passed,152,8.028319656416482,passed,89,5.248086357884829
1785,131.42536190237314,6.355299622895563,passed,110,8.503412392247967,passed,56,5.014403381834542
1786,144.96142671743476,3.968139962806816,passed,86,8.176244557020308,passed,86,8.176244557020308
1787,146.50927077050932,7.090101046542922,passed,153,8.655696882030472,passed,33,5.396107043710785
1788,193.08309942405,3.7991720276395373,passed,69,8.31985895781424,passed,69,5.20187868915456
1789,152.0441985725136,9.756995696670106,passed,44,8.572347772892975,passed,37,6.180719871599694
1790,153.15016875228963,2.4111353417987957,passed,60,8.495334091735995,passed,43,5.119327222319581
1791,164.0969843135546,6.248891650465644,passed,74,8.693091936476005,passed,63,5.175620160391192
1792,192.41900837977704,5.324314059665176,passed,48,8.280416381200606,passed,19,5.031572782557681
1793,118.47978982330764,6.516912062283196,passed,125,8.120253476386118,passed,80,5.155023925833535
1794,148.8404191580075,5.15713622999183,passed,67,9.335595590578883,passed,58,5.258505038807426
1795,153.73973294305205,4.619238392613631,passed,81,8.834502589655102,passed,46,5.203443802464558
1796,133.0606872389237,4.84450963310776,passed,157,8.755662161160682,passed,152,5.162041347406965
1797,155.6277994771144,12.377876974155173,passed,218,8.587982915552118,passed,59,5.815233988070911
1798,209.42195225222048,3.588490829820343,passed,63,8.661863960698192,passed,29,5.427856879597837
1799,173.02552004961518,5.267049314221611,passed,50,8.964143609028996,passed,50,7.341861541448802
1800,176.29119440879836,5.319561514348465,passed,89,8.263240190443177,passed,60,5.1099674124857275
1801,153.650878732545,6.358400612240127,passed,29,8.061325694719246,passed,14,6.012357490215092
1802,112.31970058204226,15.600412228850114,breach_static,208,-10.47286922633781,passed,44,5.210397008967393
1803,177.53527427659338,4.169526365665303,passed,99,8.152539374402323,passed,79,5.152444179894711
1804,189.09953065335574,4.317100087456794,passed,162,8.518323907857628,passed,150,6.4939978990913305
1805,97.12756360440578,5.517962134872448,passed,301,8.269936075227658,passed,198,5.1584363076699224
1806,136.5408692029599,5.720338201102419,passed,81,8.225471813918528,passed,79,6.69113545124036
1807,141.53692197524617,5.0723011513023994,passed,186,11.36503567510303,passed,140,6.755983760230966
1808,138.18725050206652,9.584692358165508,passed,150,8.464130905139399,passed,143,6.523712169136764
1809,156.86542234175454,5.788475102721795,passed,130,8.46884460772821,passed,107,6.371888312361307
1810,151.10126283724134,3.7971582663597534,passed,24,9.100301699062818,passed,21,7.458507587019558
1811,179.9323059700353,6.105575814993706,passed,100,11.087297713195476,passed,8,5.482202946472192
1812,180.52106688257487,3.0191050091357363,passed,21,8.67548789980479,passed,13,5.968409515532014
1813,195.0269050194555,4.71401927842686,passed,100,8.257581033561557,passed,98,6.225741690641873
1814,188.02476123860342,2.5889414216926565,passed,115,8.747415526038527,passed,52,5.174700215164019
1815,145.93084686428432,4.615978124718987,passed,71,9.24430215680685,passed,47,5.516836997990882
1816,136.32280731708718,4.438010121985939,passed,87,8.00116914331186,passed,75,5.011055585706825
1817,173.90983126504585,7.796336714050453,passed,60,9.469140598129666,passed,19,5.280930357187175
1818,164.7556251788813,4.535557612943859,passed,139,9.274962802111308,passed,122,5.006346810191742
1819,146.48615833709462,5.557426563981741,passed,183,8.925200473618933,passed,54,5.169162812395989
1820,162.97460765762503,4.431058265056857,passed,85,8.023930845148053,passed,70,5.624145870159847
1821,171.9548032335761,4.706935510486689,passed,107,9.09896669948349,passed,106,5.1622701840025265
1822,153.62999884938748,8.62325582965108,passed,144,9.718088207321829,passed,45,5.133717279189187
1823,101.70920691054994,10.20257882485622,passed,102,8.0527443270908,passed,48,5.851846536872962
1824,164.72656598359615,6.214485736080563,passed,70,10.768055543876077,passed,56,5.000032847368274
1825,154.52674618158343,6.046360541903325,passed,113,8.013136028660384,passed,65,6.0340230013782525
1826,183.26318664041153,4.356996850396596,passed,66,8.039309020887453,passed,35,5.104421266377712
1827,206.63535383395032,3.6499450255900108,passed,88,8.95063758294652,passed,78,5.694707919881914
1828,88.56516686721814,6.489424098498529,passed,399,11.163790720352562,passed,378,5.020308063039103
1829,102.41073887966694,7.301707694540702,passed,56,9.383645507610062,passed,49,5.969055283564484
1830,133.70024105440362,8.216895017635105,passed,106,9.548393700214142,passed,106,6.804288800238778
1831,196.7597857344118,4.842086907406221,passed,84,8.546963909569483,passed,84,8.546963909569483
1832,143.54687088439277,7.0862690111626385,passed,115,8.41196035396321,passed,84,5.382897740701598
1833,115.67035851066154,8.120535461318246,passed,244,8.015483132146816,passed,221,6.001857632884522
1834,155.62257811442595,4.432052835539772,passed,92,8.217710269193113,passed,84,6.0043644353442005
1835,176.21273517066217,3.3155483564924793,passed,119,8.979784441923155,passed,115,6.67333230168452
1836,180.68005394925882,3.313366616726839,passed,75,8.414566950888647,passed,60,6.460026316123102
1837,122.42011398740904,5.209548560673505,passed,54,8.868212274168519,passed,22,5.009628316740189
1838,181.31003101170288,4.5703791240595475,passed,7,8.20975519406466,passed,3,5.076723822694751
1839,208.60022581385738,4.213978026563318,passed,125,10.698862592585346,passed,70,7.0480006227859215
1840,164.34141628980697,4.344092397493916,passed,195,8.63852623905974,passed,182,5.698627547643453
1841,138.6836794527009,4.773055913463693,passed,43,8.77014726512295,passed,36,5.012654075757306
1842,131.055308232021,6.799493583898711,passed,102,9.961645597252833,passed,48,5.744945164485404
1843,160.07789966367193,5.570535229212195,passed,150,9.605383571672732,passed,77,5.468860574457968
1844,138.61070318942592,5.716101081141761,passed,102,8.57846550098651,passed,61,6.149694368267689
1845,203.05124110843434,5.267125626238093,passed,85,10.373752040963979,passed,7,5.157127757094404
1846,170.15262241915286,3.3582849690833463,passed,49,9.467758407181947,passed,18,5.914131898391051
1847,127.45884177163877,4.9873984646548655,passed,60,8.052205838543024,passed,54,5.029992298297792
1848,147.32000201645897,6.071399105146042,passed,70,8.93958749465975,passed,36,5.454990680968219
1849,170.30334475140214,5.740439391443786,passed,59,9.297896717006182,passed,44,5.007554190112251
1850,159.87164787513075,5.853263440802553,passed,73,8.545959762941479,passed,14,5.010569963414824
1851,160.3003039578386,6.109738455829089,passed,171,8.014951256464919,passed,120,5.017565609268759
1852,158.56783843694754,5.043093126474257,passed,61,8.061107028832492,passed,39,6.122315183544824
1853,190.2877664756171,5.598394109560031,passed,61,8.262440716403251,passed,14,5.966771129133441
1854,144.57435623549966,6.819472823051338,passed,251,8.636608088285168,passed,187,5.177144369308917
1855,166.39471674337818,6.283492960069334,passed,168,8.6119992108461,passed,163,6.218302555096478
1856,106.99233804954109,9.159772749053742,passed,316,8.738834814680008,passed,279,5.413541200868921
1857,209.62534182951094,3.686768885629493,passed,47,8.817836200468875,passed,37,6.211840378823208
1858,157.25773171853783,4.8668105698920865,passed,100,8.569707282816609,passed,50,7.15017365821109
1859,144.3220896697084,4.626125494915252,passed,148,8.433408972088351,passed,128,5.101563863748648
1860,171.2719438217519,6.031614596410275,passed,48,8.841919293515609,passed,29,7.607525760782363
1861,124.94240836111605,5.398901117316717,passed,170,8.64533522974902,passed,133,5.262375651842399
1862,209.11100988474135,3.5524713044451706,passed,46,8.014363352131571,passed,28,5.245036653453106
1863,136.90685547375568,4.637426502137982,passed,89,8.537835217104629,passed,57,5.0088440290010805
1864,134.77144599515637,6.248316810527543,passed,106,8.815562472429184,passed,94,6.344251307542481
1865,115.47436466747874,6.428615570552744,passed,129,8.405670030519662,passed,102,5.026933872740247
1866,152.50788790499678,4.220434189768267,passed,103,8.05101011602023,passed,85,5.0188731318555835
1867,159.72414600649057,3.9549571091095954,passed,146,8.085148171612634,passed,85,5.323519221589423
1868,133.15230333272606,5.725491689822912,passed,107,8.203467243617357,passed,106,6.988495781187298
1869,143.34952043974013,6.401050879209837,passed,121,12.874810057323804,passed,71,5.051335326689377
1870,151.86419313952263,6.388652548036168,passed,133,9.743647184773852,passed,30,6.389203703523338
1871,199.2028700794879,4.205984850320267,passed,50,9.702566507251586,passed,34,5.731009234495477
1872,123.45233763023896,5.473825190179356,passed,111,8.099083080855785,passed,45,5.391219476447717
1873,131.3559951284662,4.167719558009782,passed,150,8.72883754468936,passed,141,5.218681833775962
1874,191.8350506999499,5.234060006672946,passed,94,8.012741480018004,passed,56,5.225655575074928
1875,163.24398168951646,4.129239948963738,passed,198,10.050787275427187,passed,176,5.728307738346006
1876,135.72361124000358,4.865465962983261,passed,156,8.059570065620015,passed,112,5.260204479438335
1877,153.92414575787998,4.295707120629623,passed,109,11.105354358189867,passed,87,5.4356743936958996
1878,168.24109736753257,3.602222281922593,passed,102,8.32601462429654,passed,66,5.793925581555226
1879,148.599149154427,8.077884447363454,passed,206,8.00938199026029,passed,107,5.455997734345264
1880,163.89858475549096,3.9004771735456627,passed,56,8.018328601500912,passed,40,5.699803554801064
1881,160.05219615882825,4.13628258323445,passed,57,8.919992821064039,passed,20,5.448012070651531
1882,158.00409534702968,5.032119005484281,passed,86,8.177694944703617,passed,50,5.532434672877873
1883,166.01717884905258,5.022850001827812,passed,66,8.901698010567682,passed,48,5.854171086279014
1884,146.39482742572375,5.098940764843923,passed,40,8.079193992528943,passed,26,5.716357675561112
1885,149.11252473666843,4.8097122583305225,passed,53,8.151562789250267,passed,46,5.66061637413815
1886,170.4054571137241,5.431269978384789,passed,144,9.34567876784589,passed,84,5.522852079662566
1887,178.01917892896904,7.921828201693851,passed,52,9.46301799170497,passed,22,5.546104672908858
1888,184.4029121958859,4.624063419649814,passed,143,10.476854818494274,passed,83,5.4733160979809625
1889,147.32228164565706,7.520612545480544,passed,142,9.581022010910178,passed,141,7.672852002958908
1890,149.64972080988045,4.635557140479225,passed,50,8.374344502690722,passed,29,5.5946762517425475
1891,124.15287527288514,5.644402714851017,passed,117,8.257345398181881,passed,104,6.518455564407932
1892,194.67437953241023,4.8302953917270015,passed,129,8.481995682526545,passed,115,5.5812915277376085
1893,154.9802320441086,7.252235817875274,passed,40,8.013657349687975,passed,24,5.041791662411899
1894,203.7249052413913,4.69321728778192,passed,40,8.527205876404121,passed,23,5.197714362229666
1895,113.21271898951846,7.441460594741739,passed,255,8.665634030241275,passed,252,7.025591340873283
1896,154.63345721980536,3.9856580899701433,passed,87,8.11316770291568,passed,66,5.415412246164153
1897,129.47945141214973,5.5139288440971335,passed,84,8.02688130765068,passed,71,5.581231024950606
1898,129.79341532276143,8.055455000198029,passed,150,8.933651440528735,passed,144,5.49795717727708
1899,166.15476700876948,5.425451857606378,passed,102,8.111319767237335,passed,82,6.244665687440021
1900,141.19742162548815,7.520548424127149,passed,45,8.01667319163375,passed,32,5.671415212501918
1901,219.43635501654072,5.49980437042215,passed,62,8.547452540070989,passed,22,5.093108008986991
1902,176.5974682062621,4.588729590361355,passed,60,10.003404623870104,passed,46,6.202144095746154
1903,194.05223848624775,2.6980287987113187,passed,29,9.125412263028565,passed,19,6.718288490919866
1904,164.48664850797624,6.374307491997894,passed,181,8.286666719031533,passed,44,5.020776918479997
1905,153.0358524881443,8.694793999218335,passed,117,9.398235999435967,passed,85,5.687637351064279
1906,168.57749916189087,6.508156216227551,passed,164,10.044255626277888,passed,107,5.158791606220703
1907,167.15888572752752,4.367726042747588,passed,60,9.430953126897812,passed,46,6.044713759001419
1908,181.98283633484397,6.22459983266128,passed,143,9.191044390669777,passed,124,5.011217627310627
1909,154.71995332192841,9.38163902189678,passed,100,8.12756351358268,passed,75,5.937039062759508
1910,145.0691600439063,4.900881406107208,passed,87,8.121517428268387,passed,44,5.3405227270325595
1911,133.24587579945205,6.557017132824991,passed,34,8.970052564296216,passed,34,8.970052564296216
1912,136.3322189938619,4.709514044612904,passed,110,8.033845907392333,passed,37,5.619995157470359
1913,168.27463231401657,8.375654476438557,passed,172,9.097284573936903,passed,141,5.350264553182216
1914,135.58081971326465,11.390553805153585,passed,64,8.003268204721014,passed,60,6.39534728072142
1915,150.91621476483468,5.5102271788750485,passed,50,8.03002752521742,passed,50,8.03002752521742
1916,176.3294589936139,4.42334516807678,passed,60,8.00075183491311,passed,22,5.116638275833885
1917,141.27253835207924,5.433507959898151,passed,117,8.764677622935157,passed,88,5.29267853007811
1918,144.44296624382474,6.317609993648586,passed,155,8.737463571670823,passed,154,6.738941511489105
1919,145.35449381526266,3.8511839168942767,passed,209,8.173384800655835,passed,107,5.234319294618528
1920,159.71982547351064,5.966727734028013,passed,15,8.155016339789523,passed,13,5.013937637281818
1921,130.95977484141855,5.853513616203546,passed,119,8.08556352280787,passed,88,5.187243024361021
1922,129.22553881241578,6.4703109991417405,passed,69,8.195797185320043,passed,51,5.1958484195985255
1923,167.7273742136973,3.430964317157871,passed,99,10.641187923828355,passed,45,5.297007645489593
1924,186.1834697981554,7.135063592332533,passed,67,8.940363543654017,passed,43,5.386207467980553
1925,188.82308841604112,4.832784239545621,passed,213,9.588044463676937,passed,128,5.016211503460255
1926,192.0436828619068,4.741332130067951,passed,59,8.25066002993613,passed,44,5.1461601484628305
1927,175.21900164129366,3.344295089917928,passed,47,12.264350046175053,passed,29,6.9372611547609875
1928,202.77879273418472,3.4362336523629446,passed,89,9.134315954597195,passed,88,7.115731269217185
1929,127.25364421954102,6.839998064318724,passed,45,8.033694390843827,passed,38,7.134397634856926
1930,130.22613276158066,7.621068365034575,passed,104,8.109574288220966,passed,70,5.9568476817525084
1931,194.54045821744455,3.96957607073605,passed,37,8.004424340838456,passed,27,6.654835228387235
1932,186.76174355883953,4.006708257043682,passed,53,8.442252956066287,passed,32,5.463774983888281
1933,137.34610330785966,5.7815869306282375,passed,51,8.897513103037035,passed,19,6.26399402223714
1934,155.67537463073563,4.2661127289478715,passed,6,9.705421631279343,passed,4,6.240147419339936
1935,134.07303742768667,4.849052762251847,passed,136,8.07991420837093,passed,102,5.056713751662523
1936,156.35856142651045,5.9605422585789265,passed,65,8.604502213992959,passed,32,6.289039183743217
1937,185.67582743019267,5.019596464333192,passed,65,8.012379314796302,passed,44,5.487212147640319
1938,176.20916619113837,5.18260175106182,passed,64,8.856541602755797,passed,40,5.410567738650762
1939,129.25090713334063,5.5309461991474835,passed,137,10.493796914297992,passed,127,5.285175522987728
1940,199.32102437840408,3.325324042436818,passed,45,8.676488594841313,passed,40,5.018733344408055
1941,120.58726518058242,7.1775870886082105,passed,69,8.440016111562487,passed,37,5.385171238754616
1942,122.16944456118561,5.365491711695333,passed,13,8.75201189166399,passed,5,5.0295173928814
1943,202.72296443537948,7.230505313226658,passed,99,8.69879662418822,passed,61,5.005243952986582
1944,129.9426238189141,7.636650471932127,passed,146,8.108569289066425,passed,23,6.016090815590025
1945,194.02833863670327,5.842072202286817,passed,185,8.604838237976553,passed,50,5.605664800066457
1946,178.28290681241313,3.538315434399638,passed,61,8.632753016730078,passed,26,5.39171286830471
1947,119.6159824580838,6.622923730932046,passed,79,9.474925243384025,passed,18,7.859008719992899
1948,174.80535903120594,3.802775770047399,passed,103,8.06825596570302,passed,34,5.0415272458224525
1949,149.31479470657948,7.1742730240576424,passed,105,8.00862440212713,passed,100,6.164481086068441
1950,165.4209556894631,3.44843906871585,passed,86,8.224124323396943,passed,58,5.330384380699349
1951,161.97965205497766,4.69258758471621,passed,234,8.50855510147901,passed,173,5.063126288877839
1952,139.52517314188557,5.189870219539659,passed,214,9.585379421034368,passed,89,5.4493945161959045
1953,160.90165828769364,9.125897658889388,passed,310,8.060198447818202,passed,283,5.843923409049823
1954,159.37631603075127,2.7301370909097002,passed,131,8.144518204159045,passed,104,5.056797530444235
1955,174.7620580450555,7.2870085763930375,passed,112,9.556959345048366,passed,37,5.310453308203211
1956,140.84464214794062,3.1797144274069558,passed,96,8.04614804830084,passed,60,5.145679480706922
1957,177.43969212442065,4.961592684604942,passed,21,8.853765994836827,passed,13,5.702535729942038
1958,126.87468116097466,5.855415482228649,passed,143,8.465855111960764,passed,137,5.011109301124161
1959,174.94923050086655,6.270018394715598,passed,40,8.263714940474664,passed,31,5.96509127649858
1960,122.78815471142073,7.799829392141803,passed,153,9.478858768475472,passed,31,5.618447430593432
1961,159.4511482690454,4.16128136801349,passed,100,8.002972057555692,passed,82,6.170405280175983
1962,131.82796436788516,5.463007074878631,passed,93,8.461993823989932,passed,28,5.856496802458233
1963,191.47830200311685,3.702303529633079,passed,59,8.082588307569893,passed,51,5.084952110038277
1964,195.17442603086295,5.169881255097283,passed,66,8.112099581059763,passed,43,6.405543146638659
1965,180.46570064529334,4.675758963523596,passed,31,9.097331217560466,passed,31,9.097331217560466
1966,181.38065003351284,6.633836062837944,passed,37,8.006826807500556,passed,18,5.018666186518206
1967,159.23905832937177,7.572143671480212,passed,52,8.666414709750558,passed,27,5.0333497440646635
1968,102.37681528800846,5.593069399232423,passed,334,8.053117237538721,passed,250,5.253604068744955
1969,150.87496145788683,4.989540614027604,passed,104,10.249318045362887,passed,99,5.335766367240313
1970,177.4662931523867,5.0008679696025675,passed,63,8.376484244696814,passed,42,6.172695392395844
1971,206.36800511918509,2.47456722162482,passed,19,8.411337830666788,passed,7,5.525556400894649
1972,196.47988866540888,4.291643023321376,passed,130,9.775123250519346,passed,115,5.6097305480162785
1973,105.86314082085222,4.196477306881405,passed,87,8.199400666786527,passed,52,6.218931656052384
1974,129.0301953337912,4.096362306547007,passed,29,8.731205649553765,passed,28,7.765938041847864
1975,124.40305407439061,8.601805014589475,passed,104,8.50071878419174,passed,76,6.2612351156631
1976,177.11871933878004,3.7873561346225673,passed,54,8.017498164725279,passed,45,5.025344393218623
1977,135.9332851291352,4.130226169954673,passed,106,9.72034608130481,passed,22,5.599354902274167
1978,144.79352273375906,8.093307667397788,passed,103,8.52648085360974,passed,59,5.105886482756872
1979,145.15489523509447,9.896776699366693,passed,244,8.108802092414958,passed,198,5.0588068001901965
1980,207.09039810639362,3.369768871417579,passed,94,8.874884917074887,passed,50,5.4534728958059775
1981,172.83236811356372,4.354841385028441,passed,46,8.907051246365928,passed,31,6.155944627807486
1982,142.26145989697483,5.415341081279021,passed,79,9.049852468325925,passed,69,7.193634936559468
1983,160.71062938147324,5.744056959838891,passed,94,8.509452324811706,passed,59,6.025236334404571
1984,167.99492937811715,5.407274745330106,passed,107,8.744926224895998,passed,70,5.548496313276985
1985,175.65771567414689,5.078331549937552,passed,150,8.553107735766208,passed,74,5.073024433671391
1986,132.03248071864223,9.163559869501185,passed,94,9.529584774634703,passed,52,5.905465302255597
1987,173.2506453699535,4.320633750037848,passed,106,8.056431329149017,passed,41,5.193487222084103
1988,109.06661431154352,7.609619615842631,passed,336,9.033807090482004,passed,306,5.1278946931498925
1989,96.38003444087077,13.274051417714219,passed,244,10.800650010772618,passed,238,6.786245344155439
1990,149.848926613677,5.8096479146109115,passed,88,8.610138735984908,passed,58,5.749807175417021
1991,148.27840385135062,3.589760467205574,passed,106,9.736395964891887,passed,81,6.784371618251539
1992,190.88215118531622,5.087196569891579,passed,5,8.794432387004992,passed,4,7.848212071367122
1993,173.07704491640993,5.2027747019459865,passed,77,8.01864181508709,passed,64,5.627290208053304
1994,170.96128802607544,3.9971486886250576,passed,141,8.742751467369425,passed,109,5.007426335939447
1995,182.93655227354603,7.504857195738486,passed,148,10.545982643826912,passed,129,5.00307848500241
1996,223.3621048525523,3.286337190228803,passed,104,8.017076233541353,passed,27,5.016350217220733
1997,153.26166593777663,4.348307317449807,passed,64,8.018643329487073,passed,26,6.5102777853113025
1998,142.19962780443564,4.738311351098055,passed,140,8.015078780901419,passed,106,5.763337709240868
1999,163.81371011129318,5.905418235059521,passed,70,8.019342813667606,passed,60,5.546274649242555
2000,126.45310754606113,6.70153230968251,passed,237,9.165630813450942,passed,228,6.678640699844318
2001,207.31400150880316,4.610246340356242,passed,90,8.219452328698761,passed,71,7.091582005261499
2002,187.38283820586247,5.650473038164078,passed,54,8.128469219735424,passed,22,6.193072983271053
2003,160.0792377438884,3.4106323036095754,passed,115,8.018671687062117,passed,34,5.184138613826006
2004,148.09031291926294,4.568196561799847,passed,46,8.305887516047527,passed,33,6.249817259326407
2005,109.65112825843954,8.92895165925666,passed,302,8.0771683658456,passed,299,5.580180845392735
2006,179.97568445556854,6.419757729472959,passed,246,8.207557338401617,passed,135,5.373314355513181
2007,195.26760511657685,4.290045679576707,passed,30,8.269502930221662,passed,29,6.248760171003531
2008,211.140773761726,2.947520444064778,passed,33,8.162174296618607,passed,23,5.939053913713543
2009,141.8213388161724,5.470648327706409,passed,193,9.26031597980026,passed,146,5.108199266159041
2010,209.5745181981091,3.8567511069216307,passed,59,8.015621759165704,passed,47,5.148777395894366
2011,125.25206460549315,6.696924335514283,passed,198,8.000672827682953,passed,57,5.076104535776893
2012,136.57651048347012,3.8420972623055465,passed,39,8.54659349694451,passed,3,6.504884552110735
2013,170.35570529069952,4.489988236964936,passed,106,8.603337080740525,passed,92,5.876876843727796
2014,147.2465453469528,6.546283868812426,passed,70,8.009116076380106,passed,64,7.855490083417949
2015,144.01106211542077,6.133267685712694,passed,128,9.047300334702113,passed,76,5.250254698298962
2016,138.8692439983523,5.694933980331558,passed,136,8.0153579399882,passed,120,5.487086260339535
2017,175.35643160763183,4.169177445508297,passed,150,8.355282307517653,passed,142,5.6104829780739385
2018,181.45637340643827,6.5301108935719805,passed,281,8.680343962717284,passed,34,5.509040115246289
2019,168.800021644437,3.6304586546311968,passed,109,8.301233792562135,passed,43,5.062367544594304
2020,192.71882139746324,3.9143947760705586,passed,100,10.279814537170395,passed,64,5.257032838893494
2021,111.27717720772839,5.7763624463056935,passed,106,8.385833675156418,passed,28,5.115793959466353
2022,150.68476132298136,6.287424671213622,passed,100,9.715727565124954,passed,87,5.134807039025824
2023,141.42831759232598,7.215579783029594,passed,83,8.012887364027964,passed,42,5.251293676706759
2024,152.84486611522632,3.4134202239935907,passed,69,8.121523359188675,passed,19,5.4434420299236175
2025,154.02707861489952,4.438770549364195,passed,41,8.527847413057742,passed,40,6.540293207197134
2026,152.6806598201091,4.655206280957099,passed,38,8.189221172255067,passed,34,6.428217483063503
2027,147.42126653429034,3.8333547431584183,passed,60,8.47865382650037,passed,10,5.881789363089207
2028,147.6441971417976,4.701038241909948,passed,84,8.094463017773702,passed,74,6.290938895200715
2029,148.1340828348106,7.4193573067892595,passed,43,9.99590688870937,passed,36,6.518179269757884
2030,184.51044844650482,2.90009102721153,passed,89,8.495336821692634,passed,48,5.220053071446373
2031,131.5159409875681,7.698697201301717,passed,68,9.13118482597195,passed,61,5.20469217617785
2032,156.68980034672845,5.186200634909556,passed,69,8.01644246097133,passed,69,5.849229280894774
2033,161.22064062976273,4.145860167137482,passed,70,8.22324332780946,passed,69,5.54706712753148
2034,155.30707355535358,3.5372550205903805,passed,72,8.509048745979108,passed,56,5.165311118418892
2035,154.88880441321663,4.807710538969172,passed,105,8.60276757798335,passed,102,5.092627680853945
2036,145.93703307491265,5.267260076404321,passed,163,9.92435378377403,passed,68,5.165456337200491
2037,166.9330643995291,5.382551590554787,passed,50,9.276500578120839,passed,14,5.172790580387376
2038,155.16618927708734,4.498668402434714,passed,87,8.065680779524476,passed,85,6.576202964405686
2039,80.54393350349478,9.97902709324693,passed,347,8.009683556289682,passed,264,6.524148267107721
2040,159.64120989677068,6.047456709946868,passed,71,9.562619316655475,passed,11,5.533995496712074
2041,170.67674970114302,4.427359856531346,passed,38,8.367682138490217,passed,26,5.951228448413004
2042,154.84902782133628,3.8474419318769777,passed,43,8.753275840602592,passed,27,5.661591172733305
2043,159.65087217753316,5.651592690514381,passed,56,8.745253487091386,passed,40,5.90197595864681
2044,127.8523822685933,6.949413452528205,passed,79,8.276156567505687,passed,29,7.2406321596242496
2045,154.54924364587148,3.279258310849696,passed,147,8.609521088055017,passed,100,5.131893333679316
2046,171.54457904698765,6.815759347893188,passed,223,10.056535853419346,passed,212,5.71002921977144
2047,192.8652440450203,4.326126738627455,passed,68,8.0469201457678,passed,60,6.751105882093067
2048,190.592540739403,3.858541175156515,passed,196,8.425519538166037,passed,164,5.005436149517872
2049,160.6200959768638,3.4440770497727784,passed,43,8.991878796676467,passed,31,5.939357741301432
2050,147.22885169015916,7.142871290467927,passed,80,8.653463476262724,passed,14,5.77823450553232
2051,155.8620647375616,5.077630481677365,passed,203,8.020256337153619,passed,137,5.811999759044184
2052,139.15838410951045,10.716733818044286,passed,43,9.652176481611875,passed,32,6.192594190580225
2053,161.40147693607054,5.467564681218683,passed,135,10.81826205273082,passed,125,5.636942313858273
2054,185.63472007038135,4.424252225810211,passed,50,8.408608694968468,passed,36,5.59213528865421
2055,98.02064851897812,9.905132940816602,passed,164,8.575101190750978,passed,79,6.154649220302844
2056,153.74142430185054,6.050358931698082,passed,203,8.656184845720038,passed,142,5.863870298431273
2057,121.84424683699926,6.991871192061365,passed,137,8.064042114040838,passed,49,6.4830379292905915
2058,204.8744597234708,3.973526738352225,passed,79,8.225846255377899,passed,53,5.161751960438465
2059,133.48337325820668,10.71151451213775,passed,63,8.13012419303667,passed,13,5.057616229988193
2060,158.58343231376324,3.9310167698558454,passed,69,11.180680824510114,passed,11,5.488262686644707
2061,198.78161191246272,4.835962042383885,passed,19,8.36852781101527,passed,7,5.3260268974400615
2062,181.75827183929763,6.052803871945513,passed,14,8.848655860384525,passed,10,5.614996800613392
2063,161.4400653780559,4.387355808351455,passed,80,8.000461867143649,passed,75,5.3170916491744435
2064,151.70693473880715,6.13623929232683,passed,61,9.016559685564252,passed,50,6.015946557342078
2065,193.66760557585047,3.997419212248307,passed,31,8.825993762086814,passed,9,5.163833424846187
2066,120.15746985895288,11.794724846513116,passed,160,8.415446934128724,passed,126,5.677970988162295
2067,172.35933134854986,8.934150473413869,passed,43,8.01670220904731,passed,7,5.459826339986806
2068,208.87095613850306,2.64537499313277,passed,56,8.761374082853223,passed,29,5.0978351032195945
2069,110.18256417692194,8.017676896684469,passed,10,8.887721929389269,passed,3,5.018107317427312
2070,117.40674240780508,7.306129946119872,passed,73,8.697804393218966,passed,63,5.338499858479406
2071,109.1836195689559,6.276086768744585,passed,102,8.241476389545399,passed,79,5.097213500798126
2072,150.5660731153094,3.5129234455896747,passed,53,8.356471456472491,passed,38,5.639293247319421
2073,161.3299565386731,4.785044628364893,passed,107,8.001684700634604,passed,90,5.331172657771721
2074,198.654208014039,7.396067888300668,passed,21,8.118486302535866,passed,14,5.101329981911551
2075,151.78073163982714,4.410242227831551,passed,37,8.895111641084007,passed,28,6.179308251150406
2076,180.1162751260081,6.727315325496036,passed,47,8.61988867678365,passed,24,5.022095869898324
2077,120.4217127509843,11.085219945045656,passed,63,8.008036597121816,passed,44,5.123965010482934
2078,122.72384894667442,4.946438443252732,passed,100,8.11326230499676,passed,70,5.7797704578893105
2079,175.53258573983803,3.2598210721927345,passed,76,8.963720706206612,passed,67,5.010906171773688
2080,176.20334286632024,7.2806172299166265,passed,57,8.690919677346166,passed,54,5.284291794708285
2081,156.23363754736488,3.699266108289243,passed,110,8.624858440262283,passed,11,5.016310219696596
2082,226.14452198616823,6.303008226930568,passed,72,8.911514569661882,passed,51,5.007939120221727
2083,197.35582018437466,7.189574883423678,passed,72,9.222928886862602,passed,48,5.262614396942422
2084,128.30468002485733,5.881945934243521,passed,42,8.410610902568983,passed,33,5.555556499183001
2085,165.73822157866488,5.333847273232787,passed,43,8.081235707304678,passed,28,5.7551005058402716
2086,146.50800217072413,4.1296557627042265,passed,89,8.629407679675548,passed,46,6.426951695713634
2087,181.12674626072888,4.986079330731695,passed,67,8.423036970326603,passed,21,6.091046623138707
2088,187.74372114446308,5.317741309587121,passed,201,10.469787392969888,passed,182,5.308439309404922
2089,95.09817209172849,5.873548425268668,passed,43,8.10673032514677,passed,21,5.419109725838789
2090,165.17995372662222,5.715225030153069,passed,59,8.250233560856458,passed,56,6.420823922605612
2091,159.02225394358518,7.4367039525096645,passed,130,8.154265694984431,passed,107,5.058311712984609
2092,136.35255504909125,8.362663538863078,passed,109,8.966745204004468,passed,28,5.969916572637657
2093,161.68156543779912,5.031144574468015,passed,87,9.00110158037457,passed,72,5.388722485879116
2094,167.19160346415595,4.8648799776438265,passed,120,8.042323058502475,passed,110,5.537158625852401
2095,184.4927764501847,2.447601963257331,passed,50,8.227610368231254,passed,20,5.36198846956375
2096,177.19703372858964,4.111378589483115,passed,43,9.217439300774277,passed,31,5.359516902425132
2097,138.19577390023747,4.038619393607513,passed,45,8.120506897030255,passed,34,5.960228802325029
2098,117.11588393392738,5.373600661617057,passed,74,9.073390513025782,passed,43,6.010206492784409
2099,138.04345498958588,11.932446720919037,passed,215,8.006300689701806,passed,60,6.606908684851542
2100,133.87901763122719,6.54257184478754,passed,376,8.006196939972842,passed,198,6.643030827420504
2101,159.44094556601095,8.651793231748988,passed,67,8.48336074061329,passed,3,6.275741598634665
2102,198.18288826772115,5.022024880340193,passed,65,8.429350355394515,passed,50,5.7973918256879475
2103,194.41247093601177,3.9002096600787475,passed,89,8.75937589527107,passed,22,6.520088012948744
2104,120.79030963590887,9.306822085157036,passed,104,8.29386928281175,passed,82,5.688822022519013
2105,130.1905043579159,6.171782758722708,passed,206,8.389650031327234,passed,188,5.005402402885406
2106,126.0304100104531,7.236016781829659,passed,70,8.849843952928072,passed,22,5.050475203354043
2107,187.10406221039375,4.554452400557101,passed,129,9.174238881360264,passed,80,5.006365015720293
2108,182.07736711730465,4.288438298240465,passed,44,8.321075880762429,passed,39,6.203268801465245
2109,182.8490084394852,3.313479701340643,passed,123,9.633480181580945,passed,112,5.330330562009911
2110,152.80158017058886,7.2646323255931815,passed,150,9.315274434053844,passed,128,5.884224030207208
2111,196.0153177190469,5.084634667814283,passed,158,8.296206981511233,passed,53,5.1608434348215715
2112,133.61057938793653,4.236196645125205,passed,23,8.909620066916112,passed,13,6.410832920802845
2113,140.8236994459238,4.090902185057042,passed,107,8.23356256512593,passed,21,5.023630173228444
2114,186.66044937982394,7.582618737091774,passed,95,8.688490972741537,passed,27,5.1366316855241845
2115,117.11264694716745,7.269554452126418,passed,575,8.147505911759701,passed,302,5.254843427889444
2116,145.22944667038496,5.445772472237691,passed,148,9.276779247249166,passed,115,5.001634875974914
2117,138.32781377037406,5.393774481283442,passed,60,8.29996890887248,passed,19,5.939642415550983
2118,220.10655546809033,4.934280946013257,passed,68,8.871514477018728,passed,65,5.1574767069626715
2119,162.42666476005869,3.7493622364793833,passed,34,8.268813497764672,passed,25,5.442929048253364
2120,170.81537303495352,6.2951959515935005,passed,148,8.25091896440786,passed,50,5.1801087532139745
2121,155.58518910872309,2.911153513758111,passed,121,8.016757833523712,passed,109,6.2028752722044445
2122,149.80076584832122,7.128055000473169,passed,54,8.333888700632542,passed,43,5.366238884617691
2123,129.44020176844032,6.525913586742019,passed,89,8.038346240679894,passed,45,6.788061703567183
2124,187.29881724673433,4.996828607105365,passed,46,9.138722095572271,passed,15,5.37513669884615
2125,120.80519581814374,5.693494497579335,passed,168,8.020415166912343,passed,75,5.757454549691232
2126,149.2422381644599,7.319494247921917,passed,48,8.644081910351042,passed,36,5.046986495394568
2127,126.48892435961008,5.900365718349517,passed,138,8.53060756077788,passed,97,5.384333367728122
2128,151.61354357250914,3.449957596486041,passed,65,8.462348939033571,passed,34,5.144516857286097
2129,142.78986675451986,8.284026225506619,passed,116,8.890856919420042,passed,33,6.347605522483035
2130,184.10384362387094,5.376534609230488,passed,244,9.121453823791082,passed,85,5.041768164896143
2131,150.46952066797527,6.549588786063857,passed,42,8.251154040765085,passed,21,5.2629422806523385
2132,158.0580862322983,5.374391697046168,passed,34,8.740066393419887,passed,18,5.126992987918344
2133,168.0369240721892,3.1422018036118327,passed,14,8.410467237941965,passed,9,5.010075270918923
2134,114.10429733078216,6.14008957616435,passed,274,8.308173275420948,passed,265,5.004355768197866
2135,164.8270879102923,6.5080476800933305,passed,119,8.822042476025803,passed,79,6.142902347868073
2136,114.66721183593194,7.007816755308162,passed,172,8.06744258971972,passed,28,5.727466361422873
2137,164.40145374058295,4.577091727430139,passed,38,8.468966625609763,passed,31,5.021532889550495
2138,155.5247818251892,3.881200524677217,passed,67,8.219797680614715,passed,51,5.390559377071891
2139,192.4197445722638,3.4597233415514697,passed,107,8.384676017944859,passed,100,6.851147080104902
2140,155.65143695814268,5.126818251980706,passed,179,8.277823235736005,passed,89,5.207037868394426
2141,163.37024332699497,2.8980098764317934,passed,64,8.509578159471353,passed,40,5.912620791520529
2142,178.38781911496696,5.926542772918618,passed,66,11.005677924439428,passed,59,6.400192774936797
2143,159.8983658287909,5.730838430832872,passed,60,8.191125753161877,passed,33,5.8293404910455315
2144,169.50878937623108,5.403713411356405,passed,64,8.893835065098909,passed,45,5.021202539671998
2145,139.61464769824863,5.207077429668327,passed,64,8.117599268690935,passed,51,5.438599287919921
2146,139.13312610756404,10.794060103603918,passed,64,8.228905013351362,passed,14,5.555009801413369
2147,147.38527011383135,3.563126874848948,passed,65,8.98922154772157,passed,59,7.278435084159129
2148,204.6494353653662,3.1868598340438403,passed,70,8.724332062487171,passed,61,6.425784557870129
2149,222.4749740340013,3.100321320387719,passed,43,8.642031028849772,passed,29,6.363104372345063
2150,166.14011972469348,4.521425463687274,passed,133,8.068633127932824,passed,34,5.203909653349825
2151,179.02693509499738,3.807694486465633,passed,19,9.012649477155566,passed,8,5.677464282892353
2152,167.55159525171624,6.979836385938445,passed,28,10.664020715004586,passed,19,5.608446824093116
2153,164.52324083999974,6.764589814958036,passed,62,8.004659263038727,passed,39,5.529473548363439
2154,115.90842852419362,7.6407133739988575,passed,128,8.959107188469195,passed,63,5.264205818015455
2155,149.8314833976429,8.632630604386877,passed,129,8.304013943655143,passed,38,5.857366382708951
2156,105.63790161588807,7.446885803989582,passed,104,9.629947689024366,passed,94,5.646993187102933
2157,148.45742326962062,6.008159990829514,passed,92,8.668516638656577,passed,13,5.019464493546466
2158,173.48320377737306,4.330919148361625,passed,52,9.469717506127328,passed,33,5.82934241316857
2159,134.0158234354979,4.998896025885357,passed,71,8.622888432179199,passed,60,5.789927790832627
2160,87.77900029081123,9.357050640457919,passed,61,8.040979568175445,passed,19,5.410524226312363
2161,134.77455113065128,8.268724827185212,passed,187,9.660763958175679,passed,36,5.167828786602113
2162,133.74866533016618,3.9482750636701236,passed,110,10.771578162754803,passed,68,5.912087922107556
2163,171.58026047967132,5.875125758040447,passed,44,8.061373610844047,passed,37,6.385571166690274
2164,149.02374415797698,5.423549514548745,passed,117,10.16998448139974,passed,110,5.329243947699158
2165,197.4027586479579,9.160332869712143,passed,225,8.038271225757176,passed,214,5.275719661940781
2166,110.13183938403684,7.942487825656509,passed,64,8.840575662344175,passed,51,5.004997087137486
2167,156.01228605812497,6.963017217426818,passed,60,11.357422970179343,passed,45,5.118032611005741
2168,175.0473986081515,3.27563690074755,passed,45,8.654556670135594,passed,36,6.844678523286563
2169,183.46761394682161,4.298729879655132,passed,160,8.75064843472404,passed,131,5.123447950494309
2170,198.12709496997775,7.945136249446326,passed,174,8.197431412566146,passed,152,6.582636042274181
2171,162.93816894131058,6.45499563508033,passed,185,8.707354618244146,passed,57,5.316470923422867
2172,130.83352065384895,6.096203453683308,passed,79,8.069700874973783,passed,71,5.831057561494846
2173,137.9568163360446,5.068607661286985,passed,17,8.026730948445259,passed,14,5.2391005720935135
2174,118.19620644145998,5.663706065580285,passed,324,8.260884335845287,passed,221,5.011754993782924
2175,120.02917856054273,6.660520602981003,passed,309,8.255992033136472,passed,282,6.030581033081428
2176,136.30703572077337,5.277008737302894,passed,116,9.623669808399393,passed,74,5.434668624884087
2177,122.32876723190422,5.647340830426256,passed,68,8.11177027437111,passed,64,5.00775364107191
2178,163.52276242571082,5.287980868237011,passed,163,8.346930879390602,passed,128,5.500803650304653
2179,174.69686028499675,3.090913801271778,passed,47,8.107104457521208,passed,31,5.990361506747344
2180,149.83994633577572,4.933151242425702,passed,111,8.004683438374105,passed,70,5.443809694787882
2181,152.64658874764478,7.983231016038837,passed,59,8.01707955275397,passed,19,5.950033431487034
2182,203.5621666830055,6.8279056359488886,passed,250,8.113381020763487,passed,39,5.2847925641555715
2183,195.43437000016576,7.154633519411051,passed,146,8.272152613851148,passed,98,5.205991053894987
2184,166.7566703344539,7.464675087606784,passed,152,8.502593026460792,passed,85,5.202620818017789
2185,178.95454597167765,6.505863409388833,passed,63,9.941052367026938,passed,56,6.899703443170813
2186,156.53734541654322,10.057741227376233,passed,44,11.317421787806104,passed,36,6.718425603259259
2187,159.31853399395172,5.559448348808934,passed,43,9.066947677998094,passed,27,6.273471461208846
2188,170.09711649207313,5.441758595233017,passed,46,8.25457584292919,passed,44,5.636371940983698
2189,202.2751456409674,3.7712591150110475,passed,36,8.65777829313259,passed,32,5.473430317190453
2190,162.3440979461672,4.298705646570139,passed,95,9.548780400716094,passed,86,5.204476182978013
2191,188.0201637945861,3.878412483762301,passed,61,8.139565116278625,passed,46,5.268469378328144
2192,156.25180690751296,7.944620579783779,passed,27,8.119642392442671,passed,13,6.5551891053807765
2193,113.94703769312282,7.331039941842832,passed,80,8.901305913390821,passed,54,6.744063492160257
2194,137.10202328450723,6.555175685255064,passed,93,8.623291100286723,passed,61,5.476534886140549
2195,147.28088881797268,3.5323269190495434,passed,69,8.335075152614667,passed,29,5.253753494554614
2196,133.609750523693,3.9960964442698734,passed,85,9.399672411345449,passed,62,5.802266757109131
2197,142.7968833486903,7.2970672330568656,passed,85,8.119933230532395,passed,70,5.4095386057881445
2198,156.20210375340133,5.887349130664302,passed,137,8.014572387563557,passed,34,5.04536949612584
2199,154.00562071163756,6.010305676123798,passed,141,8.464906101475167,passed,14,6.4125178273327865
2200,153.6235426506038,6.202277074258142,passed,99,8.068202276748316,passed,99,8.068202276748316
2201,129.29402324359472,4.09534174860837,passed,83,8.646469648325406,passed,81,5.1719063228666595
2202,168.10621975716683,4.040784697229646,passed,102,8.370421825863561,passed,34,5.904677977038131
2203,143.45939424355026,7.265275732750156,passed,256,8.588986164594825,passed,12,5.000616182065598
2204,212.53650208029288,2.491841239158279,passed,13,8.70726710449292,passed,9,5.848394339979146
2205,136.17599617688714,12.026190016228,passed,124,8.406944078387246,passed,89,5.92274231644736
2206,175.08006253028773,3.6771387448713195,passed,70,11.935431153708187,passed,44,6.199897633344031
2207,183.08659651342398,3.8087704650061913,passed,41,9.17507387473937,passed,28,5.1911216990999876
2208,166.95783970757992,4.719194216045936,passed,46,8.53808169815058,passed,38,5.132038420255025
2209,125.6197907356984,7.704796804748251,passed,129,8.142018171204368,passed,110,5.192526964324884
2210,148.84707258154214,5.312200893985661,passed,63,8.082804678259482,passed,25,5.418972493818974
2211,174.8740325296366,10.3543099478273,passed,185,9.261959458483627,passed,174,6.187589204818567
2212,141.38058152354031,4.639241963857374,passed,106,8.780003850614438,passed,60,5.061230617161416
2213,158.05903394833175,4.657137336493382,passed,43,8.350199889784493,passed,13,5.763827286785994
2214,146.28220029374614,5.4583339631236685,passed,22,8.003320980778984,passed,12,5.185460239083639
2215,149.51556831156356,16.46000396126388,breach_static,311,-10.06461643383787,passed,162,5.131897936513385
2216,208.19387465175618,5.373336846779347,passed,79,8.17941820631356,passed,5,6.74575366555481
2217,139.30241726323703,4.09636496266514,passed,66,8.369847913255079,passed,34,5.00504630020131
2218,158.74762375745783,3.4843722882169352,passed,31,8.206513433752761,passed,14,6.041288149970825
2219,144.8187631317454,3.898847023359954,passed,38,10.616451762572531,passed,22,6.577073547787071
2220,136.26629702591666,6.519182827251678,passed,61,9.145026654852217,passed,21,5.000226689049114
2221,133.133159982045,5.5525817302944445,passed,86,8.731693906589832,passed,53,5.047074447067557
2222,140.822903250647,5.159648248032629,passed,115,11.299851684776407,passed,15,5.191729720462956
2223,136.21670759075317,5.099038601783933,passed,155,8.009319511262646,passed,71,5.563999137977382
2224,181.92302161341865,4.829745614510673,passed,41,8.778520438689942,passed,14,5.020398582468166
2225,122.1487797179313,4.692322737113401,passed,97,8.618490395550115,passed,48,5.29263740519561
2226,138.84323137132162,6.991543516800709,passed,198,8.99505298683756,passed,129,5.030966341968979
2227,146.2608668787412,4.453409431946877,passed,37,8.489650882036637,passed,28,5.980626431907465
2228,150.46406620730752,5.580348144727442,passed,40,8.658238389748153,passed,12,6.653528103124806
2229,150.48590324556952,8.798014822365593,passed,129,8.073250027105573,passed,59,5.092820890945693
2230,114.41660150930568,13.368144939434249,passed,98,9.59246176383417,passed,36,5.324296361790881
2231,158.53479647958162,6.816097544086415,passed,89,8.190091989292302,passed,46,5.334494657857292
2232,180.57886862248816,4.683652613566332,passed,14,8.04529839478656,passed,3,5.469458636700941
2233,130.94590311658672,6.923502431279046,passed,97,8.214420506045217,passed,56,6.641775318599175
2234,179.08762609790125,9.25061631829444,passed,97,8.212603706281651,passed,69,5.6397560250164736
2235,117.47049940239319,16.26538728280302,passed,59,8.014043615303535,passed,45,5.59721566789837
2236,196.3410947773259,6.631429677703389,passed,163,8.742502491799309,passed,33,5.243145898563317
2237,178.18895502268015,4.169370816531552,passed,129,8.743621433423332,passed,82,5.211642192730492
2238,193.55566408892733,5.533890072332735,passed,19,8.532830026286597,passed,13,5.184103767221471
2239,152.75130254964262,6.442423239523384,passed,40,8.1540739059885,passed,29,5.308762417568991
2240,182.85818199727387,4.872733096266085,passed,143,8.509169812152217,passed,111,5.172656784616003
2241,145.74126893779825,5.564696767877826,passed,70,10.057936450090699,passed,47,5.734352511531293
2242,160.1205699746186,5.234759968440538,passed,46,8.668786971158514,passed,37,5.595454213815754
2243,166.59380839672573,6.325450418987252,passed,94,8.005951478166962,passed,46,5.182475891814398
2244,190.52158432899722,3.995552917100392,passed,145,8.079522278780216,passed,126,5.718229864084523
2245,211.1960814148866,2.8227070285308233,passed,89,9.030297326743764,passed,68,7.5874367514122465
2246,194.91498585438714,3.906865523477022,passed,127,8.699157743164987,passed,64,5.001854074898926
2247,139.21623389165512,4.922236618824373,passed,94,8.018394638884029,passed,79,5.01302603820255
2248,140.92307057056422,4.968551332461276,passed,59,8.281158337747518,passed,53,5.21700728145178
2249,96.93224898583549,7.454675846110612,passed,61,8.01093410555589,passed,55,5.9326487016757135
2250,164.41728678946325,4.327797540467972,passed,61,10.736740679317425,passed,24,6.839658376667046
2251,158.0900940392046,5.945332021851648,passed,94,9.25165174893201,passed,66,5.586463168011502
2252,158.49131336575243,5.0412153246009845,passed,67,8.820312764710291,passed,62,5.496008892800375
2253,135.7738522699653,8.35110092757737,passed,130,8.641701510151044,passed,111,5.148334150547917
2254,126.62190928117272,7.983865860343414,passed,56,8.546302448362209,passed,44,5.072171974172535
2255,149.38238249736878,4.385885998671515,passed,69,8.390400280366439,passed,32,5.269791284837755
2256,153.60094396644178,4.2222455192644555,passed,86,8.020585544422465,passed,55,5.966594116715163
2257,146.0248827924592,4.146660103806972,passed,128,8.764808053222106,passed,107,5.04996213014588
2258,156.92091843881988,3.651287225940641,passed,77,8.579072968300716,passed,46,5.676670759119484
2259,148.47742761721472,4.513278856420982,passed,28,8.510283355715664,passed,19,5.922286273657074
2260,202.9418654864966,3.698722661753794,passed,25,8.369940881590999,passed,20,5.010088102418275
2261,155.27069554019351,4.61197867269258,passed,74,8.4966996432978,passed,69,5.009732502207709
2262,151.75572768818392,6.622092589064595,passed,63,8.016047058619936,passed,43,5.45719895035448
2263,115.29173946427792,8.775521018985941,passed,354,8.267075576886395,passed,60,5.0237848766718995
2264,148.59315012302622,6.852402447717483,passed,85,11.452634610409396,passed,70,5.282484170252455
2265,146.56429499678865,5.580809804600203,passed,27,8.357268149097496,passed,24,5.809351242547955
2266,143.17955826528066,5.759033125882236,passed,20,9.244826916935489,passed,7,6.296547810907405
2267,160.2543905722988,3.9240096568333347,passed,50,8.849498308178383,passed,36,5.047731626828367
2268,129.35339028022952,4.978831980025773,passed,107,8.020175382292361,passed,49,5.455028647580429
2269,223.96266823579865,3.2072863058960412,passed,57,8.256069171102798,passed,31,6.281074238362705
2270,166.9531433147474,4.659288613888724,passed,50,9.445711197288787,passed,24,5.325036890989465
2271,138.2042222756141,5.221435120912108,passed,79,8.117034678314617,passed,52,5.869864874885966
2272,163.2912979052805,7.823807897535398,passed,142,8.104422991257909,passed,125,5.9073962629437204
2273,161.0960728170788,4.668437951360466,passed,45,8.966366570489637,passed,26,5.00005069874323
2274,93.78031561168018,6.396960213979964,passed,231,8.564552447027918,passed,144,5.042075791062706
2275,142.6155395825239,6.122415453358629,passed,84,8.551291203186207,passed,77,6.15356892335992
2276,157.01318890883064,5.241719009371646,passed,76,8.340011426671579,passed,42,6.399556702363207
2277,201.5036371126858,2.24465317773523,passed,69,9.11616812679872,passed,63,5.589136484600887
2278,175.85763694570167,4.382212913432073,passed,40,8.171254495619507,passed,19,5.468658686472194
2279,212.7869032740815,5.463482136968008,passed,53,8.448821720722455,passed,35,5.853221332441638
2280,159.83378056909646,3.175762172988806,passed,85,8.364746217792884,passed,76,5.133368480132816
2281,194.17789701735805,3.3847810240533938,passed,61,8.479712944491592,passed,34,5.3405493287615124
2282,164.74245679943772,6.035320738820414,passed,54,8.655638630260443,passed,14,5.381483949008969
2283,142.8877141431275,6.378350078599548,passed,43,8.798403216719075,passed,32,5.341930350692969
2284,161.827138582644,3.5979278580104523,passed,94,8.014347853461956,passed,76,5.497838041225744
2285,164.06907936027952,9.329401661959439,passed,370,8.268002828461674,passed,325,5.761578932701639
2286,144.84043956162523,6.646878003078601,passed,77,9.500690029836711,passed,64,5.6356677239755015
2287,128.94006322773865,6.778584238368521,passed,143,9.836356660915445,passed,129,5.013541887755135
2288,153.69181385642236,9.133397164640042,passed,108,8.21847088313168,passed,11,5.107950243054193
2289,121.88893407766655,6.822171153682868,passed,130,9.144453467689884,passed,116,5.85986213370937
2290,173.39143797481844,5.34936838743841,passed,62,8.595785714244975,passed,13,5.752759168144261
2291,137.23058583268616,8.07386619798124,passed,255,8.288925053373376,passed,43,5.133503673384365
2292,138.4390680106407,6.348081619053948,passed,21,8.212186510620278,passed,16,6.2949512721123035
2293,181.9871007446794,7.606600879719274,passed,64,8.078375648184078,passed,54,5.830238577110647
2294,158.6024081042911,5.2779415025704095,passed,106,8.139240845285123,passed,92,5.785831001195474
2295,140.11816407481624,6.237771856131815,passed,110,8.059171013771671,passed,78,5.7335489481291635
2296,203.69326871842497,4.720546676937858,passed,133,8.210710641887298,passed,50,5.78125632287807
2297,191.80201667135464,3.2666653628867364,passed,146,9.21116772328574,passed,60,6.185418373915574
2298,183.56747035591297,4.985324306575139,passed,221,8.287278426580503,passed,103,5.351143010983805
2299,119.1651868664148,4.894575458560419,passed,52,8.750321305181519,passed,43,5.684790973396336
2300,142.24696358790484,6.1988419824654555,passed,155,8.588619122082953,passed,131,5.11447975496937
2301,164.81256683053442,6.661697073418085,passed,14,8.51793215934309,passed,8,6.103742167953485
2302,140.0156749689214,5.353692774003868,passed,66,8.011698545302082,passed,21,5.141775973570972
2303,144.5222784373757,7.019494878754133,passed,75,9.469359889438955,passed,69,5.469457149616197
2304,187.68891554972015,5.408541128132381,passed,66,8.167913968318462,passed,33,5.511617949643943
2305,158.75453909340845,4.347682012019296,passed,56,9.166501949445106,passed,31,5.3584999885204265
2306,144.0988185407523,7.9644689491601275,passed,163,8.680428732804302,passed,21,5.23731491162478
2307,202.99096653480402,4.113004660229595,passed,112,8.257005862941536,passed,25,5.758984358823871
2308,144.4422105892648,7.16321178354621,passed,38,8.584503965056612,passed,6,5.323777833729837
2309,122.87559483302553,7.42273449965498,passed,22,8.378021775397372,passed,19,5.151164727561719
2310,111.03395540064737,7.242063666238571,passed,80,8.849777961186911,passed,29,6.230647241049891
2311,151.90092868550855,8.440909384710436,passed,114,8.481184732292268,passed,71,6.144518955360301
2312,140.21141466236946,10.948896048214047,passed,197,8.261138912584777,passed,18,5.278280029970439
2313,131.08067800799995,8.656663666072978,passed,64,8.01590603493394,passed,64,7.991319484445847
2314,166.4667895417113,4.769377574718803,passed,94,8.059887599580362,passed,49,5.264591360209803
2315,138.38108222107732,5.602426016351618,passed,111,8.004914203482416,passed,111,8.004914203482416
2316,162.10564173105087,4.953692648479425,passed,49,8.275359447627872,passed,24,5.023791306518288
2317,208.34159187335413,3.5767536115954526,passed,29,9.047504938220886,passed,18,5.084439693755249
2318,203.05773064686767,3.1421466037329906,passed,60,9.346683654851917,passed,56,6.642700219910469
2319,166.65880125070856,6.564142500881043,passed,70,8.349660374297653,passed,36,5.646682678030968
2320,157.77293550692715,6.803475302865934,passed,97,8.007727700844146,passed,54,5.978163955933424
2321,135.53593647249232,5.217985869005163,passed,61,8.216247225052363,passed,60,5.261818497234683
2322,154.50023871554257,4.904263363499362,passed,35,8.09043749654288,passed,22,5.012198673554336
2323,195.92099192719127,4.4584769847994465,passed,100,8.38523591354312,passed,60,6.306405187215014
2324,167.67948467013477,4.335020724963139,passed,46,8.293050411951718,passed,14,5.01091031419818
2325,160.91047066648648,7.464358483750383,passed,50,8.223867788536342,passed,26,6.837650578982357
2326,164.39188125417394,5.666673883943935,passed,89,9.780964687135207,passed,21,5.728839270583275
2327,220.67494294666906,3.890267317344123,passed,74,10.740024516463208,passed,69,5.883867496788531
2328,184.46068869589718,3.825814088610577,passed,70,12.116113172106079,passed,50,5.427126132843374
2329,128.13508767834435,10.005565155571876,passed,119,8.698757226192555,passed,106,5.3995877171598705
2330,179.80698141370567,4.979769427819012,passed,61,8.272569657086715,passed,18,5.398312211705569
2331,157.01130062954954,6.4041590276108025,passed,134,8.822860572828528,passed,119,6.887473527222654
2332,126.95334469817827,6.653087717454535,passed,62,8.234200118145928,passed,62,8.234200118145928
2333,191.14729430915293,5.65720684949695,passed,50,8.065821744388014,passed,6,6.225593487789416
2334,188.10451762315415,6.699651854419739,passed,74,8.018986532368677,passed,51,6.311518265364646
2335,135.73612732190935,4.742366040286545,passed,69,8.731467489424482,passed,21,6.823287411341594
2336,132.21318627097162,8.949089083980132,passed,122,8.389532524838872,passed,115,7.497703601626227
2337,198.69390703528836,3.1611251263657882,passed,49,9.492520493742651,passed,44,7.318519300972448
2338,164.99686223319407,6.479941104435438,passed,218,9.754565012304894,passed,214,5.573700166945428
2339,154.39234726132628,6.074874153997974,passed,98,8.279813844436767,passed,69,5.239600096171593
2340,197.48053114361554,4.526713359749472,passed,106,8.51567068134742,passed,58,6.631808354545776
2341,147.18432789698016,6.86515519894243,passed,102,9.76598963389874,passed,54,5.9993545168501194
2342,197.29606239563145,3.3485065064364274,passed,65,8.241951811661806,passed,57,5.1499459705212525
2343,160.1388394229434,4.13726420365573,passed,98,8.446544221383911,passed,45,5.153860427986179
2344,157.5128232890557,6.138699136791751,passed,218,8.40587216776807,passed,214,5.708889097257064
2345,167.10515184188944,3.7012658752305096,passed,212,9.78120230433821,passed,187,5.402707988531885
2346,128.05672926886612,7.3910642381685365,passed,35,8.578885571570316,passed,30,6.84601992048901
2347,158.75339287330675,5.453185694838601,passed,198,9.345867551971976,passed,94,5.0245169269121925
2348,211.00570596461137,7.3162252715741225,passed,107,9.499539380628041,passed,79,5.037015020278446
2349,194.00331627213978,5.670055840811034,passed,61,8.978520788828215,passed,14,5.654214502629418
2350,171.46313830179832,3.355288502639167,passed,81,8.016341537807348,passed,66,5.000496750449446
2351,202.25608681935842,6.388918978272942,passed,40,10.833986596433487,passed,34,5.769672895450384
2352,128.33700296974695,6.286028652031432,passed,89,9.043170423195512,passed,29,5.690858559846901
2353,164.626776252486,4.7145277620390615,passed,89,8.00018240331626,passed,72,6.1486345302504075
2354,184.78242816395044,5.410813216727652,passed,94,8.051176871444433,passed,89,5.283728219714279
2355,150.3928806194497,7.535318975032368,passed,178,9.677538048597834,passed,112,5.587940247926015
2356,124.06342293612624,9.816113659586124,passed,196,8.242114483763396,passed,41,5.992526606270476
2357,170.05151788893528,6.855087516334681,passed,64,8.288861819696102,passed,10,5.998692453845789
2358,235.06532955914574,4.079828485262,passed,27,9.25698184869197,passed,6,5.2729900208510205
2359,209.54845143004275,5.674959093110079,passed,78,9.130388154328228,passed,48,5.623784827347955
2360,158.90548120642225,8.449755912686218,passed,48,9.795154626877967,passed,35,6.68077274615666
2361,144.92332382004847,4.8525335014047455,passed,196,8.055417293810097,passed,174,5.034182700491807
2362,170.53997399081936,4.665517084787176,passed,79,9.139005364119402,passed,64,5.182094041836005
2363,239.18986342131686,3.0181576493356705,passed,30,8.734692029519264,passed,13,5.591771943494006
2364,135.9278584229463,5.982309742168461,passed,33,8.032818678762755,passed,28,5.6345485668957584
2365,163.1239850350022,6.1621776206987855,passed,89,8.120059772032494,passed,87,6.151119030795127
2366,192.18142820626946,3.670404040632781,passed,94,8.116110408739473,passed,68,5.001597131802438
2367,139.570407795553,6.622985857792194,passed,106,8.02297273895556,passed,84,5.319925863169783
2368,182.78829040266186,4.732828274554055,passed,67,8.893971307234793,passed,50,5.413597727107944
2369,144.2434919257681,6.40184598300715,passed,164,8.00243123867932,passed,72,5.000444571565299
2370,129.1781404383277,8.345147315645237,passed,182,8.204305818692358,passed,43,5.024296898326042
2371,193.85749919291678,7.345195999890554,passed,98,8.70311884149746,passed,90,6.096929545271501
2372,219.9514648663061,3.347997535729616,passed,40,8.087652228072862,passed,15,5.002971866026229
2373,147.2824737176526,3.7081754170852648,passed,60,8.373703963138258,passed,14,5.469127664485596
2374,152.69097284877571,3.9988901127058787,passed,112,8.004465979106534,passed,29,5.053937990322677
2375,171.57530415812258,9.048669665086221,passed,67,8.693920956997792,passed,18,5.17255884611223
2376,150.71967604573388,7.373572920326963,passed,139,8.482629401511744,passed,110,5.21892714059311
2377,167.06514803326752,4.600198607450641,passed,36,8.023044814560754,passed,12,5.713336632480948
2378,187.7420949644665,4.156095942998518,passed,142,8.14224688491696,passed,138,6.884285064779205
2379,169.38197004743282,5.600795569669686,passed,149,10.72352293807426,passed,115,5.689982783938796
2380,167.81501958639788,6.4937375526584535,passed,45,8.812117795386065,passed,28,6.777422064884986
2381,119.59030061350222,5.913980191725346,passed,45,9.278941261667706,passed,39,5.387566471589023
2382,178.76705860304858,5.765042218589922,passed,73,8.117267266512073,passed,59,5.473818278312548
2383,122.76762849050473,8.255169230064343,passed,308,8.30624563882263,passed,74,5.041140991636306
2384,161.39381336255929,7.455097943044961,passed,107,8.21996296964116,passed,21,5.631220232993517
2385,161.38067139068514,5.878086778951587,passed,67,8.09531848189895,passed,56,6.968284413541848
2386,188.93400008908077,4.343643964029896,passed,72,9.964699721935277,passed,60,5.236815543119189
2387,116.12016769094988,6.336437441322838,passed,70,8.759026683456984,passed,59,5.624416350961692
2388,153.8697155452141,6.239919445707272,passed,94,8.15499664685644,passed,83,5.297242702677263
2389,205.4389156157737,4.577643250864617,passed,56,9.637834041876857,passed,34,6.030562903560921
2390,181.79851503182599,3.6728456174914106,passed,68,8.399117895769104,passed,66,7.435995019498209
2391,142.07545308236115,4.05679823118178,passed,13,8.01982651031965,passed,8,7.887091095754695
2392,178.2553815014263,3.286829453961769,passed,95,8.071138893912199,passed,74,6.404808068354839
2393,101.24681086063525,7.994553571891062,passed,102,8.042175282024644,passed,87,5.208889479134138
2394,116.9583380105518,7.440281838775908,passed,38,9.125755858981123,passed,25,5.997668550919899
2395,175.66818631973598,5.875050382056673,passed,93,9.10763271117423,passed,70,5.017479118690238
2396,138.5898277365482,7.811397248296853,passed,168,8.452922008257492,passed,162,5.729374356394112
2397,128.8879465990724,4.987491248324879,passed,99,8.445184053215261,passed,51,5.775701593418225
2398,163.50708933600419,4.845506604357867,passed,139,8.225904260803695,passed,137,6.350544749511577
2399,211.27627224149427,6.939336102994689,passed,110,8.622776272267574,passed,33,5.568285536546069
2400,175.00763212347854,3.7073554019961374,passed,100,8.22187192073609,passed,50,5.591310617400058
2401,171.27349709555304,7.065032810477126,passed,84,8.138387986985407,passed,64,5.609672075268235
2402,157.0620712199212,5.058074242902854,passed,129,8.122073129055195,passed,115,6.129925752224219
2403,171.57948177730188,4.340399434262429,passed,104,8.409098968822448,passed,94,5.337287820424463
2404,176.09776886651173,5.5279201021297375,passed,225,9.081571405369804,passed,224,6.954778239347048
2405,160.22994296221236,5.401826850648579,passed,83,11.023503670621949,passed,20,5.059809559311335
2406,152.5838719520258,8.250817165523749,passed,43,8.737167710787475,passed,41,7.639552144647577
2407,175.00690406173302,5.749810674563691,passed,49,8.333354290012206,passed,38,6.239056622317274
2408,157.79967043041017,5.551163060172502,passed,122,8.211981051270989,passed,90,5.029565241144418
2409,150.09572669582911,7.459330512130101,passed,84,8.418278172229176,passed,74,6.499216198549318
2410,139.70037664270785,4.425950209496073,passed,133,8.45078744475547,passed,68,5.100075502236434
2411,162.5696673214734,4.942339933775148,passed,50,8.48660354762194,passed,48,5.343803245539158
2412,180.45067356002633,4.653469136191438,passed,99,8.611135456294882,passed,24,5.55929415972658
2413,133.80743859603416,6.120576005364695,passed,99,8.864535212370583,passed,91,5.313477343814843
2414,193.9745077234533,3.965052560991924,passed,89,8.379066097960886,passed,8,5.676761641867589
2415,171.2175179677951,5.705526789664065,passed,175,8.595596530855577,passed,64,5.046056320392434
2416,140.41513275506406,4.825699583962957,passed,89,8.610189548073933,passed,32,5.65866265824575
2417,133.3175382894603,4.829845911946069,passed,151,8.165499261377175,passed,151,8.165499261377175
2418,124.97611530882655,11.998686272423328,passed,74,8.128246087148927,passed,69,5.368775844608287
2419,159.66891455684816,5.53139337063,passed,110,8.822740488226088,passed,58,5.521659145715896
2420,129.70296306228747,5.255383462731018,passed,95,8.017065384078759,passed,43,5.391119160546887
2421,169.44340886650667,5.567848344885427,passed,68,8.005029909375661,passed,39,5.099277346055797
2422,149.00287289373907,4.552563013344737,passed,43,8.805129967367598,passed,16,5.7135961383794065
2423,142.53073924532188,4.938398121524696,passed,123,8.473452584231357,passed,107,5.623406592547497
2424,179.1650953516141,5.118556766765752,passed,70,8.616386389577734,passed,48,6.728870717111768
2425,182.55655881228137,4.519045616333452,passed,75,8.442814759125028,passed,63,5.009410501146716
2426,124.3905390404909,5.594217070520494,passed,131,10.185057604645674,passed,28,5.171147760303696
2427,176.07259653218082,3.369988585957749,passed,70,9.044453206089663,passed,19,5.888759400280841
2428,182.74626117782904,4.607181561576591,passed,40,8.178172992626621,passed,25,5.821758093866136
2429,159.92054980988732,7.38289864884644,passed,163,9.952202966288027,passed,13,5.032308544122399
2430,115.60127363265539,6.452473303563837,passed,312,8.03333166767468,passed,288,5.91356430470773
2431,111.35695253034909,11.70322992524814,passed,89,8.523967705680601,passed,78,6.160854023283369
2432,109.93954759068329,10.988444242968669,passed,26,8.568925863574407,passed,9,5.052054685031426
2433,148.2000819988802,6.388096396105122,passed,193,8.805833569900123,passed,158,5.060574462395295
2434,135.84480561067517,8.833479243394313,passed,18,8.84904569181093,passed,13,5.27572660129072
2435,125.12756970033014,5.645488058138583,passed,128,8.024437727078704,passed,59,5.0080997825401985
2436,154.9646526258331,5.663421895153829,passed,179,8.322347064173009,passed,124,6.736983694586862
2437,208.70141787429213,4.469564003429558,passed,89,8.458312564107139,passed,14,5.905812345617711
2438,162.5649293881106,6.560155998672873,passed,139,8.01702935301365,passed,125,5.536797955947326
2439,186.49327240240598,7.7433660640221555,passed,141,8.095222359540589,passed,137,5.9189040249697955
2440,175.07264250258717,6.55274260101224,passed,107,8.41514462345807,passed,103,6.1325341056354565
2441,152.88126830106444,6.440656417475441,passed,70,8.011535629033206,passed,33,5.4027654622406995
2442,186.1789246398161,3.771023432108899,passed,37,12.271691715948974,passed,29,5.106505661733474
2443,105.78738857898009,12.048914308978619,breach_static,60,-10.604965733029548,breach_static,60,-10.604965733029548
2444,134.54305622074347,6.769325835769735,passed,106,8.016608089585286,passed,98,5.012769055315758
2445,178.80989463226956,3.441938518901602,passed,29,8.085236001580443,passed,22,7.1554217318891
2446,169.83554138356664,5.653169339519312,passed,107,8.449167067699959,passed,50,5.668083308058813
2447,134.89128762545354,11.442950009505246,passed,428,8.074542127592954,passed,164,6.576050916027754
2448,173.94197495516897,3.1655699913819952,passed,72,8.092808601368784,passed,59,5.019892708859985
2449,135.5944446606983,6.1790184617641986,passed,52,9.352504272546746,passed,31,5.003663652132517
2450,150.65166715606625,4.296217497612723,passed,67,8.16591882696982,passed,55,5.031994828392317
2451,178.91040099322714,4.386036516970202,passed,106,8.304286769463243,passed,89,5.665656608654501
2452,103.44358461998611,13.107602916665675,passed,550,8.002654973767353,passed,149,5.533429751291341
2453,181.0117530116134,7.048534345265385,passed,94,10.871298594822786,passed,64,6.540187928456698
2454,176.3720918137172,6.272068923960628,passed,210,8.061058134268006,passed,163,5.654334334634603
2455,120.4209912030974,5.965256569090123,passed,100,8.047262964171086,passed,85,5.022954153609316
2456,177.93135693568388,4.072161793754126,passed,111,9.156085625688949,passed,102,6.836197470828154
2457,169.5568101117403,6.898170039718332,passed,38,8.171126658210648,passed,6,5.7894698575128745
2458,146.74159288225445,5.221196446246337,passed,127,9.910214049227406,passed,47,5.008874988914913
2459,161.61631593559,3.43745551029999,passed,71,9.189449389230141,passed,42,5.10852551809835
2460,132.9812096494448,3.786008636469744,passed,128,8.135780909196866,passed,23,5.218273878944446
2461,191.11420936488787,11.842917135545052,passed,43,8.328512932333808,passed,26,5.193988591486187
2462,165.42835075468307,5.841508116436649,passed,141,8.723541180345439,passed,141,5.269868433283875
2463,162.44462050948374,7.59422553912094,passed,143,8.684316189282537,passed,122,5.454692756071422
2464,150.07945539768625,3.658813963472936,passed,142,8.118890998499783,passed,129,5.374213544220119
2465,126.3341380658615,5.361889210697979,passed,129,8.22891399796022,passed,107,6.113984659237959
2466,174.70176080335787,4.484050569820876,passed,100,8.30578011229941,passed,46,5.209075368580507
2467,113.69759040105136,5.335772604707003,passed,108,8.80605336923086,passed,60,6.5016069872691595
2468,159.9923245673537,4.131492826049677,passed,120,8.376659594171375,passed,76,6.1054812113628065
2469,108.92934115324869,5.659359626803711,passed,84,8.486880215610281,passed,10,5.018267054414149
2470,116.88867494131014,7.396032058631739,passed,148,8.05471344677029,passed,57,5.297041112347034
2471,189.17066208612954,9.065531475727703,passed,63,8.093187527423495,passed,55,5.98987690184225
2472,158.209504002201,3.409316467819811,passed,53,8.271285121360773,passed,43,5.210212142719439
2473,139.63586439570838,4.1848031247095125,passed,64,8.86190487372216,passed,22,5.322437496054544
2474,103.62542237641618,5.659327849621497,passed,87,8.096303665587868,passed,14,5.583882111369576
2475,145.7716203901088,5.093644322263187,passed,118,11.72393185977989,passed,108,5.204962468381913
2476,156.42670938763925,6.67723291482832,passed,197,8.422998675185456,passed,164,5.118214786589759
2477,117.87074084361126,9.068710108729533,passed,303,8.997943331371205,passed,217,5.902644196316853
2478,179.57146411815245,5.08669895407866,passed,42,8.429383068089603,passed,29,5.0313179648545425
2479,161.18688159538658,4.872921955071529,passed,47,8.422733636599622,passed,42,5.222276537019965
2480,132.96249622570357,5.464143201198811,passed,60,8.632821834193427,passed,31,5.319149330683248
2481,134.1352938173213,4.446378022381757,passed,103,8.05382826853176,passed,48,5.7502891622146945
2482,133.1905831065993,5.903903608259007,passed,29,8.277536528702157,passed,3,5.477463670087701
2483,195.77890428143996,3.386784670331148,passed,93,8.11148551774461,passed,44,5.8452773889411835
2484,148.46252121005477,5.2811894405394595,passed,174,8.354042052604772,passed,158,5.487679737288387
2485,164.79179998622175,8.090725489142772,passed,221,8.739976391918947,passed,186,5.015049044321018
2486,162.9648207821115,3.5901456780992906,passed,77,8.014197235411658,passed,61,5.888576530346334
2487,137.98676925208974,4.559827251406403,passed,67,8.652904502103187,passed,50,5.309020749147431
2488,164.2231950880806,5.93553565162083,passed,97,8.003892974208071,passed,82,5.359381227949989
2489,120.70424608629291,5.446994370986592,passed,44,8.529577760926221,passed,19,5.695407318919665
2490,151.41200767027226,5.921699658194781,passed,141,9.492454340262292,passed,103,5.271931693990317
2491,165.90658957897654,4.717664655374956,passed,32,9.149663287276265,passed,24,5.490293914018807
2492,163.68887572877247,5.058523347261446,passed,127,9.410897433933151,passed,77,6.42113964969746
2493,138.2072785559688,6.397751384233197,passed,39,8.377527997650924,passed,33,6.994297538134009
2494,168.88316682542012,3.9554778339115138,passed,92,8.714064906451968,passed,60,5.38493420626498
2495,147.50668630021954,4.881173968032838,passed,112,8.362869296386076,passed,31,5.181082720776398
2496,155.95255165892033,6.047567376405521,passed,107,8.507011827004906,passed,29,5.401313184662571
2497,104.46671181530718,9.10958982531537,passed,89,8.108307259999027,passed,43,5.273464665483774
2498,181.18258417643273,3.803966711442783,passed,68,8.910597039175382,passed,56,5.959637659155703
2499,161.26827491046382,3.655625164533642,passed,83,8.019356329391858,passed,48,6.772131920382263
2500,173.04280070038257,6.568044902318751,passed,107,8.843946546903947,passed,64,5.619571475926333
2501,105.3880860611133,5.3645350163840915,passed,61,8.003657844098576,passed,37,5.261605732587804
2502,180.30040083964977,3.987960953618879,passed,104,8.238125149769182,passed,96,5.102369280686503
2503,173.14107391074765,4.1911651385333855,passed,120,8.33606900758479,passed,31,5.847553742964995
2504,181.80512025305356,4.10294122221514,passed,81,8.096752798709407,passed,61,5.985609572027162
2505,168.1809426866736,6.273299536631491,passed,198,8.059540095925154,passed,154,6.853129421279003
2506,175.06776406905396,4.7779086539217435,passed,98,8.184517027609761,passed,31,5.4890640191635365
2507,163.48984990938234,5.36498366529647,passed,146,9.505640260959524,passed,122,6.015971329637804
2508,160.99462805631836,4.97439687693749,passed,44,8.668114305259156,passed,22,6.37355070630683
2509,149.32047630194657,5.36379389348795,passed,70,8.826838926707502,passed,32,7.6333707702755715
2510,216.2423542517308,3.8853633031302905,passed,61,8.168706687648042,passed,28,5.170163769794511
2511,158.1655977991748,5.508538274750692,passed,116,8.636382472498028,passed,92,5.007711316426899
2512,149.92210035719228,11.871433697868166,passed,162,8.437097428546213,passed,103,5.1581203865904035
2513,113.99732836432923,8.953760427749788,passed,166,9.684788666976951,passed,73,6.043834939798742
2514,179.07555289805325,5.715734397466246,passed,79,10.356332984998652,passed,60,5.100705326065258
2515,175.23365898019404,3.759296459013975,passed,64,8.985977937416735,passed,34,5.215409205336896
2516,145.7856502721218,3.561506391755836,passed,50,8.015687862431143,passed,39,5.337416024406161
2517,157.20516128476874,6.410235732184335,passed,18,9.015916770934629,passed,12,5.019674072450653
2518,212.4896530133066,4.462032183928207,passed,67,8.169645278507275,passed,44,5.202705032142507
2519,158.89285323425037,3.3803213967092565,passed,198,8.095023572002091,passed,89,5.525318968832615
2520,160.13102346621258,5.124610904315948,passed,66,9.080231350738455,passed,56,5.019021593405859
2521,182.40590341521346,4.090373000385075,passed,50,8.095625085988956,passed,47,5.794447633794664
2522,187.23648016272287,5.056622656021397,passed,36,8.26651020114555,passed,13,6.009820564213575
2523,134.05782204613095,5.0228913373089235,passed,117,10.145175817656149,passed,21,5.1254853428913005
2524,150.55746500835602,5.850466478253836,passed,106,8.009268582173146,passed,89,6.840877835091552
2525,213.77394260407195,2.273587459155684,passed,61,8.796362492370324,passed,31,5.1012442771292354
2526,96.73533556393272,9.728216373440507,passed,34,9.820569294811477,passed,21,5.016723451406135
2527,183.19910396180822,6.386098323646398,passed,103,8.21106273608423,passed,65,5.762206719402285
2528,166.61260595900575,4.842010694888386,passed,43,8.010873427940378,passed,25,6.617878796975263
2529,143.08997714764723,5.35831776596008,passed,104,8.280896232631862,passed,89,5.09675261381326
2530,162.5683631524021,4.074312171978215,passed,76,8.355620697641575,passed,43,5.807385316726688
2531,153.56218282894005,4.85759400906608,passed,13,8.368978964852381,passed,7,7.150519704111735
2532,179.26598195856474,3.5825797411196625,passed,54,8.516562629948554,passed,45,6.320458944674945
2533,189.80735886052912,6.016835179719607,passed,64,8.565862349132747,passed,43,7.8380525648810595
2534,161.38937558461242,4.310053396620804,passed,63,9.042522771221417,passed,41,7.323371110241306
2535,130.24049563637243,9.412623253534377,passed,51,8.946462241129938,passed,31,5.118135957157821
2536,162.46354526946777,4.862553762275344,passed,107,8.351156807192295,passed,58,5.0677335156188
2537,179.4927598194977,7.332908201166053,passed,65,8.495531660104195,passed,61,6.359937716559738
2538,158.4061357240183,3.242944291422155,passed,106,8.215792410430511,passed,36,6.396022217888198
2539,132.4959711158142,6.521476715926476,passed,45,8.116837054940639,passed,43,6.522096935169919
2540,183.38439059536645,3.53648399286579,passed,84,8.848367020887093,passed,42,5.281196380805531
2541,169.94347877089112,5.169944448295305,passed,25,8.901820876920286,passed,18,5.3928455492293415
2542,182.3504623279418,4.674287143658483,passed,148,8.103900778705441,passed,94,5.974946649488566
2543,158.87627701988558,4.6278136897156505,passed,142,8.76659392345216,passed,125,5.282806018135866
2544,192.31136075598218,5.666035397834459,passed,56,8.50103784732108,passed,34,5.410829629883618
2545,185.82548694558133,5.633049703057826,passed,146,8.113791680677785,passed,107,5.238937649338293
2546,124.78001225715967,6.484514551828223,passed,66,8.121862632006138,passed,50,5.241933410396338
2547,163.38784031378694,4.161266835877087,passed,33,8.010914992292072,passed,28,5.819888364446335
2548,131.64428648229406,7.2803701166067905,passed,193,8.021679311843322,passed,151,5.782990207785321
2549,182.48135863062575,5.483118466982675,passed,19,8.377301286702599,passed,13,5.34551564089254
2550,145.94053333737352,4.229488491853119,passed,108,9.55822076787407,passed,89,6.6780116873156325
2551,201.35245282183018,3.7026001122066976,passed,43,8.078601223227388,passed,31,5.092534459707987
2552,168.32612518528984,5.297763183507325,passed,61,9.169983687425788,passed,14,5.363262050981854
2553,191.99896728338155,3.571149870083849,passed,41,8.693274676427198,passed,32,6.767004897118789
2554,147.92971639280182,10.178015917993452,passed,106,8.741862608182283,passed,50,5.5232658195252915
2555,126.21895018481185,6.034117438903647,passed,74,8.11062703930492,passed,9,5.103217955812767
2556,137.53494440963289,7.832238296461967,passed,60,8.654212432534658,passed,13,5.2112664998068325
2557,194.45157499092542,6.221357471653261,passed,132,8.721016359574474,passed,13,5.491248213481681
2558,184.76641539303955,5.2435958404411664,passed,139,8.739346501096579,passed,122,5.532761249731455
2559,154.61493291802714,6.526486101665424,passed,31,8.310461621268828,passed,15,5.555011689760381
2560,132.00724701037018,4.54638583498492,passed,53,8.101636031281046,passed,26,6.417453198922285
2561,167.30154608496215,5.452707866355472,passed,142,8.004267478184723,passed,107,6.115483952650824
2562,154.62305076590076,3.1590349776969124,passed,36,8.005093994341594,passed,25,5.957638029065415
2563,149.33695794107416,10.73523111974623,passed,106,8.018515230441992,passed,49,5.200357495058872
2564,146.86074912344273,5.296440828293862,passed,50,8.385909404603154,passed,6,6.265153301556237
2565,143.59285660360587,4.04516993405066,passed,151,8.067197786741321,passed,121,5.207446946158778
2566,188.735248920809,8.86853946259988,passed,153,9.164253304669101,passed,22,5.475057334401945
2567,155.15721764375536,5.944794569754562,passed,83,8.114355805168373,passed,77,6.023813936952549
2568,137.01984433752713,6.651338210493442,passed,145,8.902947690715735,passed,55,5.337346759596806
2569,165.43224263198107,3.6658937716658526,passed,50,8.454767012764774,passed,35,5.23073198415025
2570,113.32664854274958,4.6555504589203975,passed,76,8.745261947945938,passed,44,5.545330480282096
2571,228.92882423584692,8.840175076961934,passed,37,8.373439799577431,passed,30,6.2500443028279395
2572,147.59442624871104,5.648839855458817,passed,79,8.771903702004625,passed,71,5.443186969195324
2573,156.88442770531358,5.912838253537958,passed,297,8.272506855782403,passed,257,5.521325603638361
2574,184.6211148572975,5.320218796173001,passed,128,8.65998746574732,passed,43,5.5819958330357355
2575,135.55824124227152,6.370204142185178,passed,90,9.591373170709527,passed,79,6.026121662069617
2576,151.61840087134135,9.463015683004414,passed,106,8.440088006487168,passed,50,6.7002255968101165
2577,183.6205911259955,7.191070789459503,passed,104,8.662223991284446,passed,100,5.620783437029564
2578,135.44115481417185,5.805930277289952,passed,141,8.286751983953833,passed,34,6.050952725605141
2579,164.47211960364254,7.14538364214343,passed,196,8.489191455429768,passed,193,7.971350882689765
2580,176.6396563907549,6.54124374285217,passed,152,9.173118479195463,passed,152,9.173118479195463
2581,176.76410813440268,6.950467363459892,passed,52,8.19896369159261,passed,50,5.207275860235305
2582,135.56463128140726,9.005410543852642,passed,59,8.592362887720405,passed,21,5.829275645756082
2583,148.65129858875633,4.322833054194338,passed,50,9.24554272562126,passed,43,5.431044742827473
2584,153.72279039858813,4.7582361403662805,passed,94,8.15297339841301,passed,77,5.0907057994997285
2585,232.55959225822357,2.5647526439957553,passed,50,8.019544350631502,passed,40,6.58386660545367
2586,172.60322550278647,4.298987142484117,passed,40,8.012005670639223,passed,33,6.819513267265931
2587,145.2892353733199,6.203543372873381,passed,57,8.976489448447712,passed,25,5.027607716634419
2588,103.73040211531163,5.658566328982116,passed,61,8.406431159239713,passed,50,6.106184017638916
2589,197.41501854771562,8.06654983572978,passed,115,8.447672483580359,passed,14,5.872065292350737
2590,161.45464057036668,9.539701151432698,passed,22,8.163302603381318,passed,19,5.242390503375649
2591,130.80879761819887,5.9278257509752255,passed,46,8.009860096706522,passed,43,7.550749515556698
2592,192.62015410043426,4.617132004770281,passed,106,10.290048590261547,passed,94,6.163742397377403
2593,148.58273886464127,5.815409837361404,passed,137,8.007019322495946,passed,58,5.617847162458012
2594,159.60606176713324,6.258022845655225,passed,161,8.057079979158054,passed,64,5.241098093736851
2595,113.01631268358273,5.129766893409499,passed,97,8.676645708990671,passed,21,5.2359228762534515
2596,164.1257412808511,3.5701748515522485,passed,101,8.330531334577929,passed,85,5.009396062770688
2597,123.0643595913509,4.848986066394611,passed,265,9.017490771341286,passed,113,5.380194125223836
2598,123.94764356953854,7.983777273609942,passed,388,8.076386423315608,passed,197,6.0711012911194295
2599,127.94893137309433,5.4264148359727455,passed,111,8.607957686228552,passed,95,5.686771464511309
2600,123.62729788033357,7.331188123031941,passed,70,9.299006556000222,passed,27,5.594343602154872
2601,131.49517469036084,5.497961863758104,passed,77,9.447093185844269,passed,21,5.016788058436417
2602,164.7234907893897,5.985600167097358,passed,221,8.661002578320588,passed,184,6.766160815493083
2603,139.2511934986259,4.896315824123449,passed,60,8.12046706927443,passed,56,5.00500833046762
2604,126.62070798749698,5.479502764162313,passed,356,9.52329472993032,passed,162,5.08125208334036
2605,196.5691568488803,4.025604817986216,passed,45,8.127607552071336,passed,14,6.398696185287012
2606,170.78433657932388,4.391757663261505,passed,145,11.249854771812394,passed,89,5.1187973817316434
2607,147.8712956434713,5.788896592529488,passed,103,9.389147772253992,passed,72,5.855384993029511
2608,160.57043560503098,6.183012466370855,passed,59,8.11899258065445,passed,47,5.603248342130751
2609,194.3937462231458,3.367585675304293,passed,94,8.613273332366456,passed,69,6.527921557302019
2610,193.65673274024084,5.961634185931746,passed,99,8.587735686073984,passed,83,5.0870021012580535
2611,126.25730108688447,4.346387790267549,passed,105,8.140263211221278,passed,104,5.145006698010102
2612,111.35577824011067,6.3275092837513744,passed,87,8.277775809813082,passed,57,6.112059593973207
2613,138.30310639823034,7.898252075573664,passed,425,8.599559385404486,passed,379,5.029424745734312
2614,217.49091935022005,4.402045115817017,passed,109,8.25993078051177,passed,70,5.340242591835986
2615,115.46769460448347,5.729956874707433,passed,68,8.377763911120685,passed,48,6.033438789584933
2616,136.12430688385584,6.794286295915394,passed,37,10.34395667171626,passed,22,5.308555866256648
2617,148.5419803751383,3.445331018923848,passed,59,9.531705080913365,passed,28,5.519212428672304
2618,143.39683106024864,5.486139706732689,passed,97,9.020338094535774,passed,14,5.39212054489393
2619,144.51236728688852,7.775315493171931,passed,28,8.201084738761754,passed,22,5.827581611316246
2620,163.9912958753858,2.8386949234808614,passed,53,8.749184063136717,passed,40,6.616913081571596
2621,152.15277664455922,7.7021612298833055,passed,67,8.336640344596692,passed,45,5.154832963104483
2622,184.1271917934296,3.853546472621314,passed,50,8.000977506133067,passed,22,5.969114567242251
2623,120.95686492772101,5.820336204779152,passed,13,11.582655483504123,passed,10,5.297930709846543
2624,177.30314034582258,4.231500564172412,passed,74,8.004275537837845,passed,29,5.392823640603539
2625,128.3905733287115,8.503591065176451,passed,234,8.719478397611535,passed,224,5.344098745807946
2626,161.21423539676005,4.754250846915225,passed,62,8.370578691785724,passed,47,5.0379372326568195
2627,140.47763418271458,7.4127830672852015,passed,128,9.625053510260306,passed,115,5.264033058718698
2628,179.53415673992814,5.803785910404823,passed,19,8.015027709993273,passed,13,6.203160057120782
2629,166.40706120870377,10.092571840307606,passed,56,9.110894151471992,passed,48,5.829088372162139
2630,173.2863290478278,5.260344535371112,passed,40,9.647594092003796,passed,40,9.647594092003796
2631,163.20130577082273,5.64689282497436,passed,97,8.451630865172287,passed,27,5.688246907686545
2632,175.3280341628249,5.319920925820615,passed,106,8.010472167686821,passed,12,5.1166264686342
2633,129.615644651071,4.8472057972791704,passed,108,8.632383862689895,passed,52,5.491838347480726
2634,162.78981544064007,4.455221237714257,passed,58,9.265685977035565,passed,55,6.17987206161732
2635,148.8570363448913,4.249989166578732,passed,14,9.5750934693015,passed,14,9.5750934693015
2636,177.96810050666232,5.7128466719757975,passed,73,8.429103034586483,passed,51,5.102066187736409
2637,175.39481904878264,5.193611034543399,passed,156,10.156933397079815,passed,120,5.114218682405647
2638,233.5136931959435,4.066805602028061,passed,40,9.534060389388976,passed,21,5.644462286350893
2639,180.50455254530982,10.554541695993331,passed,106,9.744008071165332,passed,100,5.869201414182701
2640,155.16187656993287,7.253165447679762,passed,221,9.121149498972269,passed,120,5.006043644725744
2641,135.4588927880163,4.133110716289523,passed,71,8.009121848144263,passed,56,5.002504965195831
2642,155.224339462614,3.2978915016918133,passed,84,9.12385654281711,passed,13,5.771670747596502
2643,143.6599633038989,4.3224672271681674,passed,155,8.407357767370161,passed,146,5.077328240684342
2644,180.5259128270698,5.684939672381134,passed,109,9.156101590685983,passed,96,5.544235441871925
2645,179.10625509305177,6.562093221455633,passed,218,8.729631622277111,passed,22,5.511611176596576
2646,121.06338686206368,3.7727971930908093,passed,152,11.605999768910014,passed,81,5.085126508865989
2647,155.1920855861045,6.1421689012618685,passed,134,8.082981634884723,passed,62,5.466474035489677
2648,168.67200874280596,7.190421210560904,passed,65,9.301491860079668,passed,59,6.3047733479120405
2649,175.29799200622284,3.9219694063411215,passed,95,8.74541612759443,passed,77,5.345529098088431
2650,142.55847303573773,5.883648290632676,passed,150,8.117775645982327,passed,46,5.79352061403795
2651,145.51466680193778,4.6179562715752,passed,29,8.296715877422955,passed,22,5.386123387655806
2652,132.59041870169006,7.900189537147169,passed,77,8.228335991381265,passed,45,5.008626408486583
2653,146.4896303643605,6.124714629984883,passed,74,8.300433441015297,passed,70,5.00233735615383
2654,171.5132818014974,4.977209850099995,passed,73,8.461979759160144,passed,65,5.769283700936811
2655,160.3416540539206,7.365826627709536,passed,81,8.86602337731719,passed,40,5.090743099934891
2656,126.00121148545482,5.318342477529272,passed,59,8.00268411528291,passed,33,5.32200659422879
2657,183.68992036057116,2.943387496623009,passed,133,11.193835364871951,passed,97,5.317215682061627
2658,174.56614886175967,4.467545994884446,passed,98,8.004238560140319,passed,66,5.6848010417011485
2659,169.19399749116977,4.611926244059346,passed,61,8.44840675575651,passed,26,5.864634140405278
2660,144.82177782205787,4.118002201659051,passed,37,9.536903926423479,passed,21,5.158515177978784
2661,204.88449910276304,3.9361946821287095,passed,119,8.562250772206959,passed,99,6.408235784187899
2662,153.62704786339862,4.199257830161572,passed,59,11.192430350640281,passed,48,5.144115350125111
2663,165.2781066595276,5.075114758112124,passed,45,9.574147323029191,passed,29,6.439083983242422
2664,122.58038202822048,6.7893785393143915,passed,50,8.056223374651683,passed,43,5.007860518862772
2665,190.6292835227132,4.811097419106176,passed,76,8.685424339622049,passed,47,5.020572581302285
2666,134.22324305993817,9.921795920316828,passed,57,8.054712245191054,passed,50,5.916918929944903
2667,145.35288506919804,4.421278929188651,passed,60,8.611476728801271,passed,56,6.857864983791506
2668,128.47360954140763,5.287079072043452,passed,162,8.83863873315789,passed,139,5.316886191586412
2669,160.48444853570635,6.244372182376051,passed,104,9.046513254910437,passed,97,5.152620753691273
2670,129.2501578154492,5.024523801221036,passed,64,8.013990095873535,passed,64,5.944441795089306
2671,158.45405861255085,3.5225939760651923,passed,70,9.200629019222518,passed,62,5.73143381471557
2672,195.93080843226866,3.081380540758221,passed,16,8.442950020476792,passed,14,5.017060075466784
2673,175.3842659672459,3.8531514373217925,passed,103,8.61291318373385,passed,84,5.223822159297042
2674,165.43841149813878,9.787364029622609,passed,187,8.268159240694173,passed,58,7.0199966268671865
2675,168.98300023164867,5.852993911019158,passed,128,8.109278885001592,passed,63,5.8454773777545155
2676,205.58966192819804,3.716609038389081,passed,50,8.247624367373474,passed,41,5.264018937436665
2677,162.90728607295625,7.565960946795129,passed,107,8.890650417195655,passed,56,5.109089871976291
2678,172.40214297764092,4.083564480486176,passed,103,8.602426129552377,passed,102,5.002348463851947
2679,185.07504194255645,4.990729360511381,passed,82,8.116855895768115,passed,54,6.242980824121047
2680,189.0869555642539,6.184079148246627,passed,115,9.434843492617095,passed,102,6.063984147717649
2681,193.8223950608283,3.108792392895822,passed,66,8.27049162217779,passed,44,5.443379081258826
2682,135.95700582650701,4.411957271393125,passed,61,9.49835030969064,passed,60,5.517727135983086
2683,143.3104280697124,6.293906056297609,passed,37,8.16762978529615,passed,25,5.9788990849752865
2684,176.07023061492333,6.395560089883855,passed,105,8.655937135226655,passed,60,5.335227373396756
2685,126.71626134680744,7.227381841118651,passed,102,9.542710000079623,passed,44,5.203271794579334
2686,175.1424396689617,3.645905884090623,passed,38,8.487108672706434,passed,14,5.327872428112146
2687,163.0319425375401,6.665143957197768,passed,70,8.005871869632418,passed,40,6.1481305964630195
2688,127.23718350964646,3.383086872411482,passed,43,9.253436209156174,passed,40,7.241358352140392
2689,143.43150974209985,4.674651182597709,passed,168,9.144256606096102,passed,68,5.404888316465906
2690,141.11251566625347,6.331596862046099,passed,46,8.716853924326307,passed,43,5.72387166703523
2691,127.45590005566227,6.2646867320966955,passed,70,8.069318342262566,passed,66,6.541706719541063
2692,166.52594891353075,5.176164069421205,passed,93,8.142705531020479,passed,31,5.297134727360819
2693,161.79561791688027,3.4862583532868396,passed,59,8.302016511448773,passed,59,8.302016511448773
2694,182.49970429450443,3.104967500495421,passed,79,9.078020043122637,passed,61,5.55058297387061
2695,179.64930089800473,3.8421079897912525,passed,107,8.446721833005677,passed,16,5.33869445156685
2696,215.24585480164419,3.7914854266272955,passed,97,9.060026343910256,passed,60,5.700248788335438
2697,160.03264063489934,7.584128250763877,passed,21,8.81672119147745,passed,8,5.330696393863366
2698,192.92882249111952,3.8572511661840974,passed,69,8.193167089321186,passed,65,5.796857995680549
2699,177.6165001754447,4.661977242525809,passed,104,8.185207978166464,passed,101,7.785546750526784
2700,144.86304375722585,8.918437277571819,passed,128,8.190494650121916,passed,33,5.538417636937321
2701,129.11880246212925,4.823657874996166,passed,141,8.266705415168962,passed,69,5.274160333647293
2702,233.13189333537187,5.311183679214451,passed,50,9.137807751493376,passed,28,5.8583938912612155
2703,149.06771903641953,5.793477525608413,passed,63,8.31949019648992,passed,14,5.010588149682604
2704,144.11100515536236,6.2105438010664,passed,61,8.012690604741902,passed,18,5.633485902197077
2705,160.32041629972264,5.767885886726712,passed,129,8.735215383579774,passed,97,5.315071910150171
2706,149.4368489519888,6.069414977128075,passed,115,8.174354720270438,passed,114,7.678387811969878
2707,180.22629968788038,4.5351729176382705,passed,64,9.074415434089733,passed,12,5.577349990888414
2708,178.39208225755402,7.251004704823023,passed,70,8.283002768447446,passed,48,5.0148089292036735
2709,164.07217639765017,4.249519622541096,passed,110,8.941752987147122,passed,61,5.518251754399528
2710,210.2865173328933,4.119047104984168,passed,62,8.116719339482126,passed,54,6.928420359916321
2711,169.6578138975353,6.047249668054587,passed,49,8.45898732346624,passed,41,6.085543647736169
2712,141.5262379306292,5.08095581399203,passed,28,9.523787231689251,passed,12,5.092955615408323
2713,189.99536190547525,5.321293668535273,passed,76,8.241906688046585,passed,66,5.588379469706273
2714,185.97401203220224,5.387052508416196,passed,137,8.617801246375368,passed,107,5.562925509475014
2715,141.43137657919462,4.802097351735601,passed,92,8.878167330841013,passed,47,5.205389235426772
2716,127.94587892779883,7.012312991402858,passed,115,8.159145299370053,passed,73,5.015328805986896
2717,136.77741995797737,8.926086292545515,passed,196,8.082202237220537,passed,154,6.140863723901702
2718,134.09719928068552,5.131013751803342,passed,93,8.945178006942033,passed,56,5.682833775734797
2719,151.31571837191825,6.486843465758699,passed,54,8.964076801227305,passed,36,5.754584935748053
2720,174.66322040939323,4.240430261578238,passed,150,8.408621645538904,passed,94,6.195431655403527
2721,142.60190418973662,5.783430148550245,passed,282,8.353141023009613,passed,111,5.009854983030992
2722,193.47394658310608,5.282993407877128,passed,43,8.38046948544633,passed,13,6.577690138433034
2723,91.82841464229759,9.36609710078101,passed,133,8.127358909637827,passed,94,5.166080411916019
2724,104.69243703338704,5.272473137209531,passed,73,8.656928584733814,passed,48,5.85312169876111
2725,172.58809923255055,7.006889515172386,passed,138,8.54309243396878,passed,123,5.088283361312063
2726,144.43989360895375,5.973131028669592,passed,81,8.135353749345153,passed,70,5.3008530473637405
2727,220.1245162614074,5.548729277082026,passed,147,8.905953496706665,passed,101,5.170733678067063
2728,169.55691729829047,4.297293067414939,passed,45,9.952437297116079,passed,14,5.696919816784329
2729,180.10955119832096,4.8230153237777555,passed,85,8.009810406550333,passed,53,5.3241811208701195
2730,178.10459225287082,3.3426265273343247,passed,44,8.1367546909481,passed,40,5.060291008707152
2731,151.27573460613993,8.427320501615277,passed,129,8.004649645236729,passed,104,6.226742109359695
2732,180.10190993901728,5.575148684445324,passed,179,8.08096915583112,passed,27,5.176807101205005
2733,145.85695843263537,4.937823109814646,passed,139,8.317123528622371,passed,120,5.077589708389785
2734,133.24832695439804,11.384137241169794,passed,162,8.150129411144679,passed,74,5.191981501367637
2735,143.86275347661203,3.8203450563698254,passed,48,8.224944576826388,passed,33,6.007272912154993
2736,151.1507782486867,3.5248399599463665,passed,113,8.746136756189383,passed,107,5.246456177063918
2737,177.08488835726888,5.723834458139279,passed,97,9.518733104273402,passed,97,9.518733104273402
2738,161.228937670326,3.7549591919129996,passed,30,8.962887832744881,passed,15,6.301544767944356
2739,143.5298087743506,4.653273829551306,passed,150,8.030342923750222,passed,107,5.001742010620935
2740,121.20527820117925,6.453003330541362,passed,128,8.203876434327185,passed,46,5.624605314824316
2741,180.86260780669613,4.916487635990076,passed,76,8.191356196314349,passed,55,5.152640083289373
2742,188.09592047570112,5.1712299890715325,passed,58,8.560765553622328,passed,22,5.0584724195697595
2743,150.43193436126586,5.901884505515293,passed,119,8.781524948919262,passed,13,6.212889638657226
2744,152.7283721441068,6.408409032310362,passed,142,8.287604728978359,passed,139,5.146757322855033
2745,191.04100777140712,7.594716822563095,passed,128,8.433237287270789,passed,124,7.153039571909137
2746,138.26777248308701,4.807480843423565,passed,221,8.993233238291221,passed,72,5.538878054706697
2747,111.75207241099372,12.415105635546068,passed,262,8.049359875028372,passed,31,5.104637981816218
2748,173.21252775969947,4.193387104085213,passed,33,8.677133541296445,passed,22,6.7433750979498
2749,126.73833575566888,6.578342535306013,passed,45,8.019845967236305,passed,29,6.886177877637301
2750,174.0163742617363,4.896958084770529,passed,94,8.019812034340724,passed,39,5.188027838554898
2751,109.93173082246356,4.866091981202162,passed,46,8.052890497945842,passed,27,5.689775228557004
2752,188.12571127259625,6.6483607452109,passed,51,9.033474551785048,passed,48,7.155491741131326
2753,119.94779666537968,4.513043798205738,passed,240,9.695444118453489,passed,215,6.0168956204427415
2754,156.10915119547877,5.986475860885767,passed,31,8.79745381248771,passed,20,5.019948901971905
2755,145.95883834281315,5.849811287749882,passed,185,9.550449561161312,passed,162,6.422451916347827
2756,88.04390499124055,6.8170769647518945,passed,39,9.249482678575017,passed,38,5.670295591271768
2757,160.79200391106795,6.4072232725295555,passed,216,9.504478423055795,passed,102,5.79058984668086
2758,131.72504482758703,4.306775693946186,passed,128,9.219290278391924,passed,99,5.012321679263909
2759,204.5510127671255,5.514932476504103,passed,82,8.448043048443932,passed,54,6.618657912575054
2760,159.05686578299608,6.042855594019049,passed,45,8.848570195686833,passed,43,5.374006870228087
2761,166.07884111311694,5.274014136257767,passed,79,8.01061931458551,passed,60,5.137870218275231
2762,164.17107160121262,4.30962721548944,passed,167,8.290993632884769,passed,137,5.068553814284038
2763,146.7702125983044,4.096178342181405,passed,79,8.045073089261322,passed,67,6.116839131730734
2764,167.1257675854413,4.834884019832913,passed,43,8.639658662566063,passed,33,5.989824266080612
2765,174.9965603336832,3.368539555362657,passed,94,8.174233528631003,passed,68,5.954384170805738
2766,178.50252797133015,4.88633601714152,passed,48,8.402855034826873,passed,22,7.060735106546789
2767,138.44953645599153,3.8236737495027353,passed,207,8.59447578203325,passed,102,5.262345315021633
2768,168.68981537648128,5.092283243352889,passed,37,8.152556750862416,passed,26,6.0661909534927005
2769,154.42109378546678,4.721567084789021,passed,78,8.50602634411246,passed,36,5.431742928465355
2770,166.10812346241218,5.661330235274135,passed,73,9.001835428479833,passed,70,6.334344939235437
2771,165.16046533268408,5.52009937886962,passed,52,8.900428956554652,passed,14,5.050842486485729
2772,168.9139663886795,5.6268697909273895,passed,49,8.015211965613078,passed,46,7.945148286239689
2773,164.32848348827153,4.057628151025744,passed,115,8.428444540392288,passed,68,5.679808226692606
2774,187.6473979178326,4.130076135686004,passed,63,8.84243194654577,passed,46,5.311113327744588
2775,150.6904321921493,4.462484929996503,passed,70,8.219413933346686,passed,61,5.710865894578299
2776,116.2973694173055,5.619644311395421,passed,53,8.429411711378254,passed,42,5.16314227896193
2777,183.19121081413533,3.9077957498982956,passed,19,8.184830155515144,passed,12,6.213872061587744
2778,136.29205514065563,5.212581718875236,passed,67,8.590981212980143,passed,51,5.01686069433791
2779,165.81010893595683,5.380874999678335,passed,43,8.590829425152325,passed,27,6.019659672485478
2780,173.5195969682634,3.106815381586843,passed,63,9.00493290825306,passed,56,5.808387678030913
2781,164.26780910732091,5.625164615382819,passed,103,8.263732830294757,passed,68,5.5187594292728015
2782,161.36054869173924,4.244725842958495,passed,32,8.391237897116044,passed,28,5.380220278993009
2783,153.08190819781095,6.44683863945794,passed,238,8.173045292334603,passed,140,5.488121185734252
2784,139.65838968383432,11.411054726480096,passed,31,8.427207850259922,passed,20,5.087243132120167
2785,154.51599264541923,4.413393477000318,passed,103,8.61544145474098,passed,89,5.445333596828705
2786,163.96033565059525,7.790691638387664,passed,28,8.160665653739319,passed,28,6.073082443082711
2787,118.65966004493305,6.994390854234597,passed,244,10.674878212617545,passed,176,5.30662172567693
2788,143.84208970538714,7.7038275031064325,passed,66,9.789123735533266,passed,43,5.7107539026791
2789,136.9572831457165,4.932804023911854,passed,71,8.277297188159505,passed,31,5.295901022979432
2790,159.528384631211,6.329924268960238,passed,76,8.07093382788262,passed,75,7.294859361726158
2791,149.70606152643575,5.796917660465466,passed,203,8.861516738979214,passed,155,5.098712737271183
2792,179.33235070105428,5.647083528747366,passed,64,8.229014018540326,passed,11,5.29248062869514
2793,178.57085902124012,5.271472088044455,passed,141,11.39839180542699,passed,131,6.0968915783292
2794,132.01346020036087,7.529277472964774,passed,58,9.027590729397804,passed,14,5.1377332042644275
2795,187.40898303095958,3.4685007222115627,passed,45,8.413752184520185,passed,39,5.820534814602496
2796,184.78502324611532,6.9670768202961755,passed,128,8.084797697006096,passed,59,5.2017588135879755
2797,145.39924745167525,4.811432094332224,passed,50,9.464357612445085,passed,44,5.314683927564867
2798,166.7052324547431,5.669194677576074,passed,112,8.464875874260414,passed,69,6.0266271155556606
2799,127.79351725611319,4.998955074272769,passed,56,8.024416897144594,passed,41,5.169438556880079
2800,133.59020739105327,5.119433066048231,passed,47,8.009846821434152,passed,20,5.014643361289983
2801,134.64685111948702,5.140585773023268,passed,54,8.210494858758821,passed,39,6.47141218380054
2802,164.04240440285767,5.420349295370482,passed,29,8.047262827671432,passed,27,6.800405078700367
2803,131.27489647834278,7.423131816788982,passed,47,9.817480830053338,passed,31,6.053314787659314
2804,119.1228490571111,6.307025790613826,passed,193,8.039272886245708,passed,96,5.073768896217801
2805,138.7180388715428,5.45275099930779,passed,101,8.349055126980387,passed,39,5.8000780617113445
2806,165.10954513528984,5.671053979927216,passed,48,11.418984151959277,passed,22,5.7812273759044075
2807,137.68131932837497,5.710721321867077,passed,193,8.148245673052767,passed,48,5.092730651455013
2808,162.19756259646104,5.274382517296789,passed,107,8.191799590325832,passed,36,5.5044978076404405
2809,136.3080929192412,7.604422667722709,passed,45,9.211160599789991,passed,43,6.944265384175186
2810,181.36293163701626,12.509506369933995,passed,100,9.213332389952988,passed,82,5.014414591383698
2811,166.56146301537942,3.702598460036647,passed,100,8.717949338622155,passed,97,7.430647618565245
2812,146.30649951311213,4.005994935744975,passed,56,8.139776326070614,passed,45,5.474942326279564
2813,148.36652659724453,4.287379362586777,passed,70,8.014020373663634,passed,43,7.118071105805623
2814,129.23777781526482,6.527039327292295,passed,101,9.322565840204945,passed,67,5.954545424801072
2815,152.12911550035452,5.909001732572299,passed,285,8.176962885662252,passed,228,5.146207280546777
2816,119.24284591185979,4.656354904596272,passed,66,8.028881177883186,passed,40,5.085354910438333
2817,132.6486633468705,6.390155311305685,passed,253,8.014455370028095,passed,142,6.513067811172912
2818,179.94756636137933,4.282924055168601,passed,25,8.427908709488374,passed,8,5.008738027661774
2819,139.5255600514587,4.260867626883185,passed,100,8.440670913962212,passed,87,5.343420222940964
2820,135.53639795882307,4.283178070645379,passed,46,8.709719330025356,passed,26,5.362934909035455
2821,200.82323719834338,5.93775376565377,passed,40,8.271760862844623,passed,40,8.271760862844623
2822,135.68770918047406,6.969456049917444,passed,84,8.55025180208322,passed,63,6.837994878136278
2823,153.33807892212485,3.8792320835775165,passed,54,8.004616452653224,passed,23,5.646214720947174
2824,126.56136592820934,6.21488765026681,passed,103,8.205113296009504,passed,94,5.7878196147298056
2825,168.98766034375373,4.164564505282977,passed,83,8.301790712098134,passed,52,5.619089377091746
2826,170.72674249179997,4.899526697848921,passed,19,8.384045206988077,passed,15,5.854177364222091
2827,153.87667322401438,4.184108142188976,passed,119,8.289270624694268,passed,105,5.19184552174603
2828,139.07488092765075,6.391956326172606,passed,31,11.450098058142032,passed,28,5.597785447431414
2829,151.7574414236217,7.020747730851136,passed,60,8.117378577865985,passed,19,5.13899050025215
2830,210.09997673010204,3.8613096901542394,passed,53,8.497725990380523,passed,8,5.271652161174778
2831,140.2556532701607,6.4095227579178085,passed,50,8.266270943685438,passed,40,5.909156457289599
2832,138.8612966389557,5.268414830183617,passed,89,8.318271928793465,passed,33,5.284082670890022
2833,149.98325175245415,7.406308594180409,passed,74,9.60412342599235,passed,45,5.765612719303181
2834,166.69827119846894,5.52302242286357,passed,37,8.30268346398535,passed,10,5.121521001419849
2835,192.38527284732632,3.140333912924619,passed,17,8.064464704621566,passed,13,5.421172212695713
2836,137.0616448353744,5.72685272511341,passed,198,9.576030800265723,passed,159,5.446314040209099
2837,136.82175861079654,9.946363533326982,passed,56,8.091886907689982,passed,37,6.1364129802239376
2838,145.39807587160897,3.3199967035048363,passed,112,8.224502140927425,passed,33,5.552749270907986
2839,151.84013007114547,7.4841281982573395,passed,59,8.955567964990196,passed,49,5.378111347057879
2840,155.06764826526108,4.34602373941469,passed,110,8.534524973349145,passed,84,5.9995136407269944
2841,147.97874589943837,4.952651670957965,passed,47,9.23761642798211,passed,22,5.750145386677552
2842,179.9489756292386,3.658428373514096,passed,60,8.154768978531335,passed,34,6.583209938449208
2843,170.2147638188091,3.9988421690525944,passed,21,8.021852170412913,passed,21,7.4492045508191
2844,172.4177148305408,3.8747187049201535,passed,94,9.189212347457687,passed,35,5.342573154843855
2845,165.39422398862115,7.432195920525085,passed,36,8.827795330486055,passed,28,5.4500327068038645
2846,171.97651025264392,4.956313530427492,passed,106,8.158276213076787,passed,60,5.561122444287192
2847,162.83375786547586,5.760196992699575,passed,69,9.242667899997059,passed,50,6.362043154098163
2848,152.28048839982776,8.04111972488284,passed,64,8.954423097274988,passed,60,5.406058218107956
2849,138.7627313970879,6.696014096209667,passed,146,8.001819876026083,passed,65,5.171999101168567
2850,166.48056083047962,4.614517437372078,passed,60,8.21729203904602,passed,16,5.866297201770965
2851,132.9944594286746,7.755977217072668,passed,31,8.36780712638392,passed,29,5.282862755745188
2852,162.8704142459335,3.199465785848109,passed,53,8.333011502441124,passed,48,5.479656520704568
2853,130.6893690685412,6.2753626509454055,passed,111,8.018098412610254,passed,31,5.037970120631874
2854,157.5005462819111,11.096816826251032,passed,74,8.008409931879168,passed,53,5.96221012950735
2855,157.41485235309557,7.0154339076032235,passed,74,8.171651734037177,passed,50,5.6586716964294625
2856,111.65748136393296,7.0460430644546515,passed,58,10.427424302998745,passed,56,5.478651410274282
2857,136.20700664774557,5.333032652894684,passed,49,8.256726767230038,passed,44,6.941001486413101
2858,167.92560309886477,5.336742467210827,passed,84,9.495949019805018,passed,23,5.096026398559972
2859,158.37913900175556,4.071135228836824,passed,239,8.090854391209001,passed,151,5.2319350108490426
2860,161.67968458279148,6.788770896606248,passed,97,8.217144051161984,passed,89,6.478521676906612
2861,226.56999616778953,5.750212883969673,passed,65,8.038753828517752,passed,51,5.785920917319665
2862,135.1539967047418,3.384861364923139,passed,64,8.006832097960004,passed,30,5.83736293733792
2863,163.6328075879273,5.126599760804911,passed,64,8.11605517496865,passed,30,5.860543580135591
2864,137.76556847846194,4.485972144570927,passed,82,8.865821780226524,passed,42,5.299985301484544
2865,202.56979720374005,3.8884295145448333,passed,117,9.12038172093581,passed,107,5.190891628793293
2866,164.1648139956617,6.445345600963842,passed,64,8.191831203921751,passed,41,6.953272538064237
2867,191.6897195676241,5.389467610280264,passed,42,8.174611181123502,passed,38,5.045662896865344
2868,146.14155281603863,6.150862042631338,passed,64,8.074666219293004,passed,5,5.812629095711586
2869,137.0573610664334,7.3253482195713815,passed,71,9.300451442838042,passed,59,5.133611186220444
2870,128.6342854725595,4.890261488526609,passed,99,8.195632232647988,passed,20,5.246676082402102
2871,178.6662499177032,4.2245946488640795,passed,45,8.230215018900534,passed,32,5.767140231086643
2872,142.02595293163026,6.775669171457924,passed,79,8.527112707020867,passed,67,5.694439652529826
2873,115.13691847255419,5.933991951940958,passed,94,8.586258313893858,passed,27,5.2232078254286
2874,177.56819599232267,3.2383241607667492,passed,84,8.521138315634547,passed,59,5.701961111005449
2875,157.49449652986334,5.673400155017344,passed,80,8.572953312054409,passed,71,5.957613379906035
2876,136.61058954482286,4.961496881570988,passed,49,8.60247096848472,passed,48,5.903531125321826
2877,187.35852112592514,8.362191935607612,passed,37,8.433186009087933,passed,22,5.604923354210145
2878,142.25581131324802,5.350280233845774,passed,126,9.364139274477946,passed,110,5.820924638903069
2879,184.99746059428728,5.190730450552454,passed,36,8.337186015590238,passed,10,5.06143578127094
2880,192.95961236472485,4.890421857528686,passed,37,8.258356092758357,passed,12,5.681314735778953
2881,164.8806180472939,5.299921068148752,passed,85,8.47781096816651,passed,85,8.47781096816651
2882,187.79317063022174,4.661350976596073,passed,70,10.651441493222613,passed,45,5.004808267118688
2883,89.49462590216544,10.884935386904973,passed,64,8.643868341778571,passed,60,5.338148564117429
2884,166.88361086792978,7.108876798307967,passed,44,8.070222272866445,passed,28,6.120488798369816
2885,175.30552551246643,8.758166516858278,passed,89,8.269864143045336,passed,56,5.883535662738626
2886,154.94416149277663,3.9348592506297275,passed,90,8.639914297141704,passed,81,6.061827143288379
2887,165.7318478581162,6.604668566163966,passed,166,8.700020098109151,passed,104,5.12912442834732
2888,169.0897885770275,6.186584542177424,passed,198,8.12910674176015,passed,165,5.14246838013086
2889,167.39722825793925,6.80456944740655,passed,64,9.248020165740556,passed,59,6.172497623812778
2890,151.51206160472293,6.429477603773435,passed,127,8.880361126288584,passed,106,7.260106250848319
2891,150.01243924559918,9.47788889861073,passed,92,8.474744242539689,passed,85,6.321466288190969
2892,110.39321567919531,9.0515214504834,passed,193,8.30058964332785,passed,125,5.498510657798361
2893,196.13616812722694,5.453929567487513,passed,55,9.066264215845553,passed,46,5.406432295481611
2894,119.54616892396706,5.618782768184529,passed,175,8.007275426170235,passed,61,5.116416530064671
2895,172.1062887367143,4.9791543311454145,passed,119,8.164057168114836,passed,61,5.801772514755821
2896,134.04151545044806,4.222913654699162,passed,287,8.945575477985157,passed,107,5.72369616913857
2897,121.33973107347865,5.665499992561104,passed,188,9.039206729680549,passed,173,5.2695510853987715
2898,124.23613126210368,5.182028667291419,passed,88,8.660136485163349,passed,85,5.345165110457706
2899,184.68783573279885,3.721585097152913,passed,59,9.354480515275565,passed,20,5.009493065427484
2900,180.476793707273,3.480503329496011,passed,61,8.096554185943571,passed,33,5.56743769681749
2901,131.00672091957725,15.611993825914649,breach_static,217,-10.532101600677068,breach_static,217,-10.532101600677068
2902,160.66129407303728,6.89927133411699,passed,110,8.973250841127589,passed,106,5.355679667470015
2903,175.38239093346544,4.118341195359129,passed,45,9.94763947066637,passed,44,6.747584981407084
2904,157.09236545941403,6.060669473654421,passed,147,8.852372041681388,passed,67,5.43801810611888
2905,152.4765111654093,6.856431374233144,passed,61,8.385803614136922,passed,25,5.013090112312302
2906,176.4160819792393,3.353457946419565,passed,53,8.12560320773914,passed,30,5.1893328017955875
2907,177.9414989857837,5.411852920019638,passed,69,8.326833850812697,passed,45,5.390733370906875
2908,168.41817664847702,7.436799976843819,passed,174,8.702740029697642,passed,151,5.2386037743682445
2909,140.28917037146252,5.093912933411626,passed,64,9.641993911643754,passed,31,5.311499802695585
2910,146.4260866138964,6.401092845441713,passed,159,8.193191332949535,passed,57,5.312545119259493
2911,157.3547881277149,4.2122145503179516,passed,94,8.171342959262118,passed,87,5.066343439430265
2912,139.15395721361975,5.463781074405741,passed,172,9.935041556813173,passed,102,5.3900041682427124
2913,176.52063828196108,12.914114123688089,passed,214,8.006522505789038,passed,204,5.016253781442814
2914,153.3954292791591,7.566539841504747,passed,100,9.423219041183351,passed,13,5.198758699948214
2915,169.74157570712163,4.916056494239314,passed,37,8.017235475875495,passed,21,5.86507795795983
2916,117.92240107489174,6.912581021590338,passed,13,9.36303965224603,passed,13,6.038938026256679
2917,177.74341590728926,3.796046586378124,passed,53,8.25371029084787,passed,34,5.727538537208998
2918,179.33477806918313,3.9551295174728773,passed,89,9.556756317213665,passed,52,5.022789217310231
2919,148.8997891340511,6.880355896225184,passed,195,10.642599370327277,passed,39,6.10924726592228
2920,147.366155883811,3.43419281590098,passed,50,8.006809146575765,passed,36,5.586004179620496
2921,150.71925686364028,7.924928814997531,passed,200,8.810133439667677,passed,189,5.890058476471993
2922,130.03063710566045,5.8331112842148185,passed,65,8.207062199032045,passed,39,5.007698427378915
2923,143.5869947206309,5.44186846112397,passed,186,9.14661789302713,passed,166,5.174695945329599
2924,172.67744370417776,12.342000260238668,passed,22,8.162540186812283,passed,21,6.1338203338684005
2925,128.0766926623565,5.310821690946098,passed,61,9.125218752667452,passed,61,9.125218752667452
2926,173.9746072019785,4.592266751680839,passed,137,8.275209890830283,passed,72,5.3656181671945635
2927,163.96412723791175,6.343192121243808,passed,55,9.063757746761247,passed,43,5.012484089354063
2928,141.78053349807232,4.385202327105397,passed,237,8.025534316298245,passed,171,5.005656346141674
2929,213.51330768349723,3.4547379781247876,passed,45,8.240590169873396,passed,40,5.335467332754074
2930,153.8971065942084,4.554730560421816,passed,40,8.884751059632512,passed,11,5.4392524899646855
2931,115.23541702331678,8.800784769744576,passed,128,9.661267836982756,passed,107,6.730246254332095
2932,160.5145751972517,4.727897313188186,passed,108,10.370972685645441,passed,43,5.016142143804125
2933,136.62773369917824,4.527872561139662,passed,65,9.188229108776302,passed,59,6.104721183615025
2934,159.77154698070407,7.851647660545271,passed,49,9.467603351411814,passed,37,6.86067674065427
2935,184.78102887819193,5.183350236890207,passed,163,8.257807019327457,passed,61,6.558353999132804
2936,135.33620390131665,7.968294255023234,passed,193,8.307069057973028,passed,59,5.007193124796405
2937,140.21384319239928,5.583376394569292,passed,14,8.670296222331375,passed,13,5.609345465420068
2938,101.7827984634201,4.29184766764526,passed,127,8.046415315095556,passed,72,5.165713435331809
2939,182.9061029761829,4.424115540615137,passed,49,8.390311222803582,passed,38,5.322306243682662
2940,123.0178369728999,6.726388714177592,passed,235,8.742021255804055,passed,164,5.306315618934687
2941,126.59729437540909,5.4128792750430845,passed,35,8.28512446472056,passed,22,5.11695041131226
2942,140.57571735055467,6.624573415755597,passed,150,8.360572656295595,passed,117,5.158257722673953
2943,163.30798568398257,6.3462745391503,passed,85,8.001462067349973,passed,63,5.551928842350651
2944,169.31982524077767,6.096968721047217,passed,126,8.907996823272079,passed,126,6.695684571008642
2945,171.21726017058782,4.987986694536649,passed,72,8.045859444880543,passed,59,5.372263122767906
2946,170.70807094772258,4.688924269389819,passed,89,8.532371425185548,passed,44,5.011486232621309
2947,167.07766475357852,3.210748407288215,passed,53,11.690146442003368,passed,29,6.030316660830315
2948,142.98093428249211,4.900707746359819,passed,67,8.928341180332122,passed,36,5.320565888687012
2949,150.6796617449746,5.773768928918424,passed,100,9.460770447246425,passed,100,9.460770447246425
2950,159.86266447808006,10.157860263182016,passed,129,8.006096973379083,passed,126,6.194319608121246
2951,145.97356852734643,5.984356626970364,passed,87,8.556819804015037,passed,52,5.01852603552273
2952,127.77854430995336,5.2891654665929675,passed,149,8.942991321926375,passed,94,5.304351974993282
2953,136.83888553045023,6.066147037458276,passed,48,8.87721128660095,passed,11,5.082653293035588
2954,171.6233313003081,7.834482030844196,passed,69,8.002148297295397,passed,42,5.153139293217457
2955,159.4427910128341,4.161900864729103,passed,64,8.4880888696919,passed,44,5.859569286232191
2956,126.7201767123936,6.663551642695771,passed,58,8.971542064957095,passed,18,6.269488434756587
2957,164.09045697078244,7.156129741335164,passed,56,8.156776730639947,passed,53,5.5535709663280475
2958,172.01400387815178,7.2857251228010025,passed,100,8.704212612653773,passed,59,5.019182940304412
2959,156.403467461389,5.036698996345061,passed,89,8.016553155119466,passed,64,6.069331479276707
2960,176.49564772675225,3.8265553419810505,passed,52,10.387038350367206,passed,36,5.069361350885426
2961,160.59145545187542,3.936206588976447,passed,103,8.49637535946881,passed,73,5.017352829518074
2962,133.07303434081,8.134129613190797,passed,311,8.312023255057133,passed,158,5.450208488596431
2963,196.2658091198491,3.3405929430759778,passed,113,9.810450138571847,passed,43,5.937316895790468
2964,108.65416408530777,6.393215794620566,passed,107,8.762279463030097,passed,14,5.023541666050058
2965,161.00239963146578,7.2117251976075325,passed,105,8.005750251602596,passed,66,5.006289301753086
2966,198.22473192544393,3.5230002434434993,passed,46,8.841786653306327,passed,36,6.14646014287501
2967,146.7871137369344,6.593097326949255,passed,67,8.010048717337458,passed,61,5.161794068901515
2968,126.55081073826166,5.644996193214986,passed,178,8.160565503906824,passed,139,5.019208912935946
2969,109.41034664292712,9.785989874358386,passed,119,9.278249462644549,passed,65,5.019394274080491
2970,186.181412364316,6.426746521544841,passed,61,8.041769110014751,passed,59,6.4823313945356675
2971,155.33513490939117,9.081748078196307,passed,57,8.013812811511368,passed,35,6.319979405911802
2972,125.31553421495244,4.089718828347351,passed,82,10.52152063891132,passed,81,5.804510280640507
2973,168.97807642871032,3.906101209369326,passed,33,11.94557300311152,passed,7,5.6260085175641406
2974,199.95253383246956,3.3796324031123417,passed,75,9.055038173099428,passed,33,5.045037163789234
2975,170.94739301826175,5.652444210089184,passed,43,8.354450757127708,passed,33,6.878076337424144
2976,144.399805069148,4.698267744081726,passed,106,9.439742977081789,passed,76,5.314882134637533
2977,173.5964276799695,7.110308282740776,passed,198,10.333071576063757,passed,151,5.23979148587419
2978,146.87660227830773,4.063061501303687,passed,115,8.586393172709172,passed,99,5.02513900470527
2979,157.40328087410705,5.59709563619622,passed,70,8.600789814058984,passed,60,5.491122867739584
2980,210.578766426914,6.504009455331067,passed,65,8.581037149857496,passed,64,6.587749957511324
2981,151.92554051715015,3.267959877709033,passed,83,8.642226019296517,passed,59,5.6142021879934445
2982,145.4132623440597,4.658291548700164,passed,115,8.075763557620252,passed,110,5.421381357317356
2983,152.0562362270782,8.218539313283083,passed,51,8.541453417539246,passed,26,6.2161102938221635
2984,114.74364362762417,4.749338245683096,passed,65,8.258117033990576,passed,65,7.752319265267782
2985,134.39317921082488,7.212058492490403,passed,66,8.462738638324897,passed,45,6.442554451603
2986,129.41305837748155,6.0104534111144785,passed,47,8.149911495791496,passed,32,5.140865828038899
2987,97.54177623036375,6.992597909946421,passed,129,8.14766603272854,passed,119,5.351452438608328
2988,178.94964012661987,3.9611959612123355,passed,53,8.240536753471584,passed,20,5.006454471607058
2989,134.69013997761778,3.8464138006777797,passed,54,8.63466303154432,passed,36,5.314969431659322
2990,130.29741970650983,7.136756906231398,passed,102,10.492500450509512,passed,78,5.112387667792073
2991,130.60923034227207,8.371344512275568,passed,59,9.058087736839315,passed,33,6.263321748109307
2992,185.14951444160613,4.3237460664816325,passed,99,8.64649794106407,passed,89,5.216824968240807
2993,175.73092804734443,7.106455993771324,passed,47,8.460444401911161,passed,29,6.536706041389562
2994,116.50452623080389,12.346833910628764,passed,155,8.081129431224632,passed,125,5.101342060182246
2995,184.06565215964602,4.3491756572622675,passed,148,8.439546720877278,passed,87,5.850811337955664
2996,145.9370452809751,6.1448312072903155,passed,111,8.195861597636767,passed,102,5.270513884801287
2997,199.71928537112404,5.362290459185032,passed,85,8.040464094346223,passed,55,5.4409190742041424
2998,119.52834055473818,5.170557880084385,passed,156,8.278596671591698,passed,106,5.027046967255933
2999,200.6244595722162,4.510500143405569,passed,33,8.015944712873235,passed,25,7.910499335412502
3000,182.080042063301,4.5919851911791305,passed,136,9.016235191450983,passed,22,5.94499321137425
3001,195.15797891707498,3.943627302184966,passed,188,8.473505511400536,passed,19,5.31382172525976
3002,125.30147356194377,3.5732443997771606,passed,109,8.50433005374287,passed,67,5.205846219703392
3003,153.27042497340852,5.374633692586521,passed,70,8.01846220215252,passed,34,5.162573903431156
3004,180.2941733701363,3.7288590433392548,passed,49,8.648589102712133,passed,41,5.247958448620205
3005,180.21423694934668,3.8128742150879087,passed,89,8.48773400154581,passed,78,5.017402768464763
3006,137.21052663289638,5.9903440022594525,passed,89,8.764572706920525,passed,29,5.164324285129451
3007,175.60745922331492,5.117555691948811,passed,164,8.917963732573186,passed,149,5.830139673464307
3008,109.50226666381498,6.78475674820915,passed,185,8.631736270842483,passed,33,5.255451835512948
3009,173.8658753885507,6.256084357711742,passed,142,8.97152485171302,passed,115,5.014928933149632
3010,137.00000629401075,6.567196689329208,passed,135,8.066431492820314,passed,68,5.074167075802061
3011,182.79780267150934,3.68924760980092,passed,69,8.691141792555591,passed,32,7.438089827912853
3012,126.91310995180265,5.961598669464186,passed,100,11.927331172795963,passed,53,5.614824114360117
3013,139.80500502956968,7.202767331689164,passed,97,8.014269893482151,passed,79,5.530786076873362
3014,159.23627833291243,4.450813612523213,passed,133,8.004144769907295,passed,86,5.020747020432892
3015,169.18736484007337,9.290656700261206,passed,240,8.04252679551698,passed,210,5.009659357797491
3016,174.83527492106882,5.233495236239078,passed,70,8.067729070715846,passed,30,6.671670186809253
3017,138.768935049485,4.5032987224341605,passed,63,8.20401276466136,passed,59,5.904072253227355
3018,151.67028656244054,4.715480041251687,passed,40,8.345300314898552,passed,32,7.019642031543283
3019,167.07854943682946,6.75085820107299,passed,462,11.355393292381088,passed,313,5.284863493978342
3020,164.61881549737436,4.698182844410187,passed,139,8.252563991332874,passed,102,5.97999560952569
3021,138.9363552490875,5.2590042312780705,passed,298,8.066402431829989,passed,228,6.067703876290476
3022,161.3339895344891,5.683555471815547,passed,54,8.517333042907227,passed,43,5.985627846975539
3023,161.929184865108,3.572968198479932,passed,115,8.393284014769575,passed,108,5.6785138801972
3024,153.8173521205093,5.557671882104265,passed,63,8.52098163579804,passed,35,5.138901134578533
3025,195.25238911590557,4.034055899962886,passed,30,8.569375663233414,passed,15,5.601488389475651
3026,149.08690942695165,4.922396782892821,passed,56,8.049948319982448,passed,31,5.266131905615956
3027,139.6436952950919,8.019284377139197,passed,164,8.086408738729546,passed,133,5.103400187646101
3028,174.08623937276224,4.073520249916688,passed,43,8.328861111880181,passed,14,5.101481536545238
3029,158.43786629667744,4.952765806258997,passed,69,9.2453916624327,passed,22,5.245627161186217
3030,196.46954115637013,2.7374073445917055,passed,38,8.067712543422601,passed,14,5.886065109918359
3031,167.359300052677,11.458370895097818,passed,66,8.013404478905727,passed,6,5.4603602219652325
3032,170.56586452791547,4.901288146085689,passed,134,10.016633307991007,passed,86,5.29016549725132
3033,118.53380286745399,8.382560240410578,passed,104,8.314092047690579,passed,25,5.720768474279825
3034,166.689365183165,5.535281836651762,passed,12,8.297211988421127,passed,8,6.098624245162854
3035,128.66288800355,7.591861985245204,passed,98,8.333073060228301,passed,97,6.3643724183702455
3036,144.87085256735693,5.671018240781238,passed,36,8.045078634627156,passed,14,5.177239459156091
3037,144.93151521204118,6.683027667673833,passed,112,9.90038268018032,passed,112,6.576281054190969
3038,150.19647262680746,4.9998438455311565,passed,68,8.220185341594433,passed,32,5.979885158549969
3039,160.63803864515148,5.321498420864951,passed,19,8.971850544294679,passed,5,7.555031691689185
3040,141.91844010493045,5.693996831328159,passed,198,8.972675535276387,passed,52,5.295768638092779
3041,135.38800986160248,5.80584561748862,passed,86,8.985976748296952,passed,57,5.3759754740349
3042,151.2210375176396,4.921772435655166,passed,77,8.760336554845827,passed,69,6.419605973698239
3043,125.05896197607296,9.201261634400751,passed,270,8.06695015575185,passed,225,5.842181877069752
3044,159.24255654525825,3.0372306774832474,passed,28,9.216955698938879,passed,19,6.814654760196115
3045,171.41535662318614,4.7624318431310675,passed,71,9.551821523146398,passed,65,6.7489984393896085
3046,181.4030938641055,5.120061603187238,passed,89,8.173260363994395,passed,13,5.034257130112119
3047,155.52652691643365,8.893326736895458,passed,84,8.377337620604886,passed,41,6.290994182668297
3048,137.30143336447128,5.182964348827655,passed,65,8.403344268678481,passed,54,5.062290423493709
3049,134.1518722380713,7.425616253009634,passed,22,8.06835907359076,passed,12,5.099864679572219
3050,163.54294330193136,3.660386109949977,passed,49,8.252160617379968,passed,37,5.078817426520232
3051,147.41754825340797,5.925994133472051,passed,100,8.923376710068599,passed,89,5.03559018404407
3052,160.81957859618225,4.372606562449451,passed,43,8.026585740524638,passed,37,6.849290728473312
3053,198.93046982830586,3.8124889184995596,passed,42,8.097076862702114,passed,31,5.001229329580492
3054,132.0066598110154,5.5743001575658635,passed,42,8.558658047396506,passed,18,5.257223632635855
3055,145.67024204035687,3.205777295802561,passed,24,8.985006056624822,passed,21,5.281570836430016
3056,145.03672133760938,5.113896931404093,passed,101,8.353609976855015,passed,68,5.12692909269723
3057,194.55881623187219,2.779902590371971,passed,65,9.15203726456777,passed,39,5.39011175423425
3058,181.1705851748061,3.1653631242421874,passed,117,8.027434771433239,passed,89,6.056896277026569
3059,137.6821590930219,5.8608231841843255,passed,57,8.217686727558204,passed,50,5.628408139299101
3060,212.63198377363497,4.274382784195809,passed,90,8.68668507399013,passed,32,6.598222469588144
3061,143.88365760223826,5.632797246769418,passed,183,8.140728053600888,passed,133,5.4441526949980945
3062,182.57023847987756,4.750333342630378,passed,85,8.45489437471536,passed,48,5.082018853476078
3063,203.48339258533684,3.6435398041736207,passed,67,8.860066646470166,passed,64,6.264508841288263
3064,171.1592581713889,3.5494121004453065,passed,36,11.010743978045067,passed,28,5.011615601559027
3065,165.35142102730939,6.857828814610848,passed,13,9.440468369468746,passed,13,9.440468369468746
3066,133.2065048452297,7.833001960302706,passed,128,8.380839739093116,passed,110,5.05062790125701
3067,183.69086871115763,4.272267416317137,passed,54,8.045374201113598,passed,43,5.4476188228611555
3068,151.18509001878513,3.208533365501636,passed,44,9.291828798936553,passed,20,6.819767760571938
3069,152.97272662580355,5.066544210706059,passed,84,8.499357394335473,passed,14,5.148025759053376
3070,137.6629008548271,4.819332806753526,passed,131,8.850129942098107,passed,116,5.9069539283173045
3071,148.64349959998694,5.643787503482212,passed,87,8.108287177746032,passed,44,5.373222452109894
3072,135.8778531496796,5.997167613719151,passed,36,8.023052556901789,passed,20,5.022025578393929
3073,124.30044911712268,5.7906231391375025,passed,95,10.355637735414547,passed,59,5.15662216671271
3074,187.6099751875445,3.6838062324049825,passed,52,8.070284906741488,passed,38,5.747171165931619
3075,110.65416299267667,7.115243657751017,passed,150,8.005388333998575,passed,46,6.695219939415664
3076,132.03225323507763,5.969798244160179,passed,99,8.28303015175531,passed,26,5.24823760554991
3077,152.80274292616141,7.845885155055832,passed,99,8.079197034996222,passed,41,5.658305465009006
3078,173.36377044465644,3.689709903945933,passed,44,8.51257346310883,passed,29,5.173756306890587
3079,93.85111932412843,7.093556447536857,passed,141,8.466791695401543,passed,126,5.311522738336061
3080,153.4823832510841,4.771044046811862,passed,102,8.060578478671875,passed,70,5.393724859196958
3081,118.49506737457887,5.643299109092082,passed,110,8.337344198066955,passed,80,5.069321445142694
3082,201.23687284137546,3.296401593031754,passed,86,8.014450402306505,passed,70,5.979001793056882
3083,135.16310186960982,6.529375030024999,passed,279,8.371968456919475,passed,237,5.199907270004034
3084,171.47227915710985,3.007981535918687,passed,46,8.610153024548662,passed,40,5.268838910289353
3085,116.01783959110108,7.448878880113345,passed,63,8.406125387969077,passed,59,6.189953856325525
3086,150.44906039734656,4.90375324613904,passed,110,8.202843618039179,passed,92,5.454463588719527
3087,191.5567356160648,4.361770501437673,passed,89,8.335795180919959,passed,50,5.076263795666369
3088,221.26462625453019,3.3260698529162287,passed,53,11.274085530767053,passed,21,6.534606794742581
3089,118.15049587534236,7.830713579276291,passed,44,8.095259641811548,passed,22,5.706196339606495
3090,167.0346073237228,4.944838898022088,passed,45,8.904768952809384,passed,9,5.172519700871003
3091,176.54037023604542,4.525703716199264,passed,66,9.148707030731629,passed,22,5.01704782021557
3092,121.35764868539152,4.873490085248392,passed,115,8.531911892901256,passed,96,5.349562306629019
3093,150.64712610905437,4.719627952571285,passed,62,8.014636841264245,passed,28,5.955195208695474
3094,188.2591503552113,3.112813864098061,passed,43,10.961761560261296,passed,28,5.173988395857343
3095,150.46945226969947,2.5956579527621133,passed,117,8.007293656725057,passed,85,5.47149122959627
3096,167.31472194150686,4.505829817681873,passed,150,9.19576747259323,passed,119,5.675785254103483
3097,134.90027703686835,9.324091458914225,passed,245,9.009922317611242,passed,238,5.000331779582035
3098,106.13770267865186,8.625965730376818,passed,126,8.104420142565116,passed,115,5.3242979027241955
3099,201.51034517795324,3.249744800810963,passed,67,8.521211812492812,passed,52,5.036155978121304
3100,180.1628437894307,4.40772276578494,passed,127,8.35384112078792,passed,100,5.003637980160636
3101,169.01805182794786,5.7168852819625995,passed,64,8.20709448074377,passed,59,5.985620729422592
3102,149.35118647440876,5.234073123583323,passed,141,8.12194524238059,passed,68,5.015811618518629
3103,136.86660160190024,6.230683878857887,passed,89,8.99785638978232,passed,50,6.030142101572622
3104,188.7442505735682,3.4640349142509153,passed,109,8.235393644743926,passed,76,5.194180761666711
3105,164.76445882117824,4.89473259558101,passed,22,11.8213172080178,passed,11,5.057380025222202
3106,208.47754862261957,3.416746059594658,passed,35,9.12479386890459,passed,33,7.362192053931316
3107,122.33246445376493,5.308730649482796,passed,131,9.102837966738653,passed,53,6.04694868808664
3108,153.76758470801403,6.1063006319414015,passed,49,8.042558470686444,passed,31,5.243659731699335
3109,172.36224591580225,5.257304655492066,passed,61,8.021086563284573,passed,19,5.877409013162271
3110,152.91351647494005,4.165949328620945,passed,74,9.085308233637267,passed,46,5.19910493395912
3111,171.2123768070739,4.311517323108164,passed,94,8.582073982459049,passed,88,6.827175033071176
3112,159.1592048283967,3.7736957309600703,passed,111,8.306733798530486,passed,83,5.744232450420528
3113,123.48627752199461,4.639825341529772,passed,168,8.451935508911678,passed,138,5.00129453547391
3114,140.57238966495927,10.536957116231104,passed,61,9.329010083137689,passed,25,5.551297188352855
3115,183.91820665488495,4.992324944516055,passed,128,8.005732161267897,passed,110,5.464913978932295
3116,156.89930346778578,4.004489438766747,passed,77,9.052628769737424,passed,61,5.636686584014505
3117,141.04992229781078,8.832132478534566,passed,37,9.306701603079892,passed,11,5.674979863608098
3118,131.8794252088061,6.351378987625623,passed,183,8.641420323892724,passed,159,5.524540961944413
3119,176.704290121439,5.588468459075763,passed,63,8.257368057214464,passed,22,5.608573941988437
3120,180.60784584870356,3.769317767028346,passed,86,9.723114845219104,passed,64,5.69067209372105
3121,160.88012158789743,8.81683785616526,passed,47,8.159831440183396,passed,33,5.004577617478234
3122,158.52485500357653,4.9535492805902335,passed,89,9.51375052230321,passed,63,5.732039177013437
3123,163.73128687767786,4.816658051001084,passed,61,8.856270829236724,passed,46,6.676184959873499
3124,167.6249010803204,6.350117187229222,passed,92,8.47830781271124,passed,74,6.1662590186914334
3125,161.12410604596383,5.848554949055125,passed,104,8.879298578986528,passed,51,5.122094678560396
3126,166.1921502314754,4.274591967330293,passed,44,8.227189236420273,passed,27,5.33972234394775
3127,130.05022673194864,11.55200369738665,passed,64,8.148888618068595,passed,41,5.819768185971164
3128,149.99900123035837,4.816541981527301,passed,100,8.064964670259922,passed,94,5.795613267825406
3129,136.72790986764193,5.122102495177907,passed,70,9.674837251072255,passed,40,5.395116924766397
3130,182.59405922849874,3.1567091316908615,passed,22,8.67361808979441,passed,7,5.008207864493763
3131,145.36543307158772,6.040817942629682,passed,233,8.168861897990531,passed,138,5.224126774924653
3132,122.75733108903464,8.038429548452592,passed,371,9.528930077110175,passed,355,5.03709051355099
3133,212.03797111764558,3.552985970753003,passed,139,8.013909793673758,passed,106,6.603933535718776
3134,141.78708641954864,5.936147381856922,passed,58,8.705307097436155,passed,21,7.23234296314057
3135,161.83452881021657,4.618951114083093,passed,139,8.19115428532713,passed,98,5.252446164478908
3136,185.26768735592555,5.0064062089065535,passed,22,8.119763800913748,passed,22,8.119763800913748
3137,143.12439958081953,5.272934417080367,passed,106,8.001692208690269,passed,31,5.010729166456085
3138,123.31557872352197,6.423816215888105,passed,107,9.978184477101838,passed,78,6.922332197676728
3139,138.75774498187457,4.834708629689642,passed,28,8.545133060055022,passed,26,5.12283030210785
3140,159.81837694000825,5.353936937286284,passed,196,8.293801413239322,passed,176,6.134194178468633
3141,176.41759137284586,5.115614907411748,passed,105,9.59905508729948,passed,82,5.478249615466391
3142,122.56872745553933,5.653619543440557,passed,127,10.57938246619996,passed,57,5.918656311294135
3143,150.81698407029052,10.23115190540698,passed,119,8.390413871032209,passed,106,5.238016695996639
3144,155.60367178677907,3.7225105291502385,passed,34,8.253765494197495,passed,27,5.056977858674649
3145,209.61639681779775,2.9240410909239953,passed,79,8.481480005396724,passed,41,6.104670477168139
3146,151.33880059644497,5.70702678262546,passed,111,8.566672235348305,passed,91,5.138920915288492
3147,101.45427845739418,6.365122523479169,passed,117,9.136817352113802,passed,100,5.060840024619351
3148,133.44118274227947,5.325662770613611,passed,81,8.772676332777563,passed,70,5.238288013434311
3149,145.88413057007838,5.879673085959804,passed,154,8.299494286159526,passed,60,6.14663493380927
3150,158.84765625472076,6.297377975041349,passed,100,9.44734050401812,passed,74,5.107936309273309
3151,128.07523595414295,7.273924713657943,passed,195,9.528734254570237,passed,126,5.277091076490259
3152,181.85479279650787,4.489462069557888,passed,100,8.01962702000607,passed,57,5.011005814797986
3153,129.5793259538769,4.568867896129096,passed,74,10.381442105643913,passed,65,5.586099764662955
3154,201.76886811134196,4.108602746328066,passed,48,11.656290804461399,passed,14,5.136200945158609
3155,206.5978024208336,4.324598539419875,passed,71,8.546086783229079,passed,35,5.138742820169528
3156,139.33023426233694,5.433006413398912,passed,232,9.834923077666513,passed,164,6.176359346867377
3157,154.30699723961396,4.357916342531939,passed,106,9.113935311789145,passed,81,5.38859375739702
3158,174.71943998156422,3.198893108766009,passed,91,8.301770265997588,passed,70,5.148360819986197
3159,213.2830239189477,3.312641022398689,passed,29,8.537920887232842,passed,15,5.2719254083127165
3160,179.3999989085795,3.200154644161078,passed,30,8.05588356354907,passed,29,5.881022170491912
3161,162.8021683887356,7.159033202427249,passed,89,8.979926716164943,passed,67,5.750527358330726
3162,138.02396345803828,6.124040183037331,passed,121,8.669137013660011,passed,115,7.636008270743178
3163,189.23035404934657,4.105382400838802,passed,37,9.374928747708001,passed,29,5.851827468763915
3164,178.95798334837673,5.064711921699998,passed,61,8.05025610919252,passed,59,7.8532245977164905
3165,166.22569798440736,4.722978387391834,passed,69,8.33748539355148,passed,60,5.075570406804419
3166,166.9557208176776,5.788450065725329,passed,85,8.369450774378784,passed,81,5.808811334690778
3167,193.41183693457515,3.1860647717937396,passed,22,9.859981638150451,passed,13,5.095118860061065
3168,181.43086628215914,5.779532979661559,passed,33,9.156120502435883,passed,13,5.528550529486376
3169,138.31766887998634,9.625371694043682,passed,145,8.824723512457666,passed,115,5.0165633488969075
3170,190.67785246424992,6.186745463893122,passed,50,8.056896726653617,passed,39,5.129247783769841
3171,178.19443673215977,4.35704733736591,passed,198,8.328874234086348,passed,92,5.01169513400983
3172,190.24680332946193,8.698327328569674,passed,147,8.179884927585078,passed,129,5.348057386615368
3173,142.46194684215584,7.758188318273933,passed,200,8.240111787417614,passed,195,6.87141221901606
3174,166.4841777473686,5.225597885861422,passed,61,8.193497526103744,passed,29,6.0875914191470315
3175,107.19156013223187,6.639764174376628,passed,46,8.71002934774856,passed,29,6.431417169327847
3176,164.50022278968163,4.718017062804323,passed,100,10.026466286772461,passed,98,6.6323009814097444
3177,154.15006350975372,8.220039318326853,passed,34,9.019413690090051,passed,26,5.21164216747092
3178,197.32080495215936,3.104887661962219,passed,81,9.430636224140866,passed,67,5.021610968241075
3179,126.49768433539776,5.992489914990999,passed,287,8.010309633419354,passed,164,5.155672419000856
3180,175.06104484574257,4.381701423888573,passed,151,8.967311593585281,passed,115,5.002629595063368
3181,165.23487638602518,9.563633047714886,passed,333,9.509933982832797,passed,326,5.080066349216716
3182,103.61108834301245,15.410421911592204,breach_static,100,-10.072113429071983,breach_static,100,-10.072113429071983
3183,160.58787245739592,5.620734723261424,passed,125,8.009403578671037,passed,64,6.408546925509007
3184,160.38541827226055,10.304790624220193,passed,175,8.531648869371566,passed,163,5.9309488617562245
3185,138.931954633496,4.120910613938928,passed,106,8.27609917041896,passed,84,5.2851119006904534
3186,194.07400900523788,3.073398023965676,passed,92,9.326217644758096,passed,60,5.452309522221932
3187,152.38043064487078,5.34090802028286,passed,113,8.617382550174701,passed,36,5.011703884638141
3188,150.0439594890275,5.5176298755160635,passed,120,8.814234599041004,passed,68,6.926084740795568
3189,220.73149526128066,7.479750622873532,passed,61,10.475387444737594,passed,54,5.322006115827116
3190,165.42564659079991,6.5113643344912315,passed,38,10.3149582020027,passed,25,6.94546737851518
3191,154.09824545286827,8.298043016988684,passed,50,9.349400425256738,passed,31,5.109839318201348
3192,207.7850489090181,2.8222637139291455,passed,53,8.490151769976627,passed,52,6.711724542447506
3193,126.25149091242633,6.778201556749809,passed,222,9.781130022153729,passed,163,5.202112842057804
3194,163.665153274196,5.143312091575032,passed,31,8.095032218302922,passed,31,8.095032218302922
3195,110.60713079912392,8.153603417962568,passed,228,8.007984468746487,passed,59,6.176770398421572
3196,157.05279217646887,5.149059603148565,passed,97,11.529963145993015,passed,89,7.627463636554377
3197,130.27952238031855,5.033545676581939,passed,224,9.579286463942015,passed,116,5.100044093758216
3198,155.32378140010303,4.185854082818221,passed,87,8.221116580001265,passed,63,5.296642009410646
3199,132.16107135516825,4.612137284898259,passed,171,10.014945345736969,passed,164,5.198169306742995
3200,139.7694436415251,7.668792747590536,passed,50,9.320228180930211,passed,43,6.548378402248756
3201,157.79852283271242,4.111970549695325,passed,22,8.028705400277714,passed,21,5.200428513111088
3202,154.98693976730178,5.870129698380965,passed,42,8.10317152300497,passed,9,5.472144406112411
3203,141.3798293156232,6.261502769651821,passed,124,9.278083294506988,passed,109,5.887616463605738
3204,98.55504192208609,8.583395940057684,passed,70,8.284173275439443,passed,67,5.701250250841738
3205,205.5766648985386,4.0604982101372835,passed,43,8.027321005914011,passed,37,5.237067647147309
3206,142.1334391968189,6.611860616055239,passed,217,8.975516641227554,passed,164,5.680524913590634
3207,109.87710894036096,5.305907180298208,passed,198,9.048395164903456,passed,120,5.389110626889537
3208,174.03115272128278,5.35514757834624,passed,97,8.478195146859457,passed,60,6.650175785469137
3209,169.3183704371072,5.3764162044163095,passed,76,8.089223939357826,passed,18,5.49796668683864
3210,143.37298614717366,5.05786181757747,passed,37,8.188358324388489,passed,26,5.186394814862494
3211,167.09785817704747,3.8980903779984604,passed,59,8.289022482588027,passed,28,6.240043147217023
3212,114.62527100791675,7.554787461673302,passed,152,8.460120918901648,passed,143,5.0243894887457285
3213,173.5870047874984,3.9315614338504004,passed,34,8.034311765129253,passed,15,5.442652815425153
3214,179.66379305076035,4.949949223927453,passed,107,10.460048712239821,passed,81,5.683432794324217
3215,188.60909917722108,4.970041247211345,passed,87,8.142316299492979,passed,64,5.892907529100766
3216,136.3398548261359,8.88478684041272,passed,43,8.353678329924596,passed,35,5.123818154205417
3217,151.3636287098835,7.859985434725819,passed,134,8.246662721802146,passed,127,6.04240815393835
3218,161.9254124708847,5.446609976398312,passed,126,8.404283726797468,passed,71,5.4791510459632375
3219,133.01808573945078,6.778411274126296,passed,69,8.136999124709154,passed,13,6.576763595890345
3220,170.23323935754036,7.250005254423518,passed,308,8.094068191908654,passed,267,5.522040764463787
3221,147.95678791838455,6.355928724307904,passed,213,9.206030315953484,passed,137,5.151618529861257
3222,183.76349531014117,5.0345865729095,passed,56,8.174086129424651,passed,47,5.018720392862952
3223,179.1551470340297,8.845776285757594,passed,225,9.727417941386962,passed,216,5.18414842082906
3224,175.50345889647204,3.947276881762213,passed,99,8.43351081127086,passed,45,6.174278006870559
3225,121.8523818005996,4.750560867197903,passed,78,8.662563068475059,passed,64,5.5169463522325435
3226,171.64412603106746,3.7765310196246564,passed,60,8.236781036465878,passed,50,5.01186196241703
3227,167.88751347025018,6.55474937189379,passed,28,8.141599568566704,passed,27,6.569276329789253
3228,139.95490147087227,5.218355974628076,passed,13,8.903700234059153,passed,8,5.6319512029082475
3229,117.91867189633605,8.970691805410894,passed,209,8.401056336487066,passed,12,5.15282810196096
3230,130.1712881236754,10.134693414957221,passed,88,8.911775178937997,passed,8,5.430501892978401
3231,79.68632025213066,6.827072972136418,passed,270,8.767140191182566,passed,87,5.981825122590334
3232,141.619106185296,6.561720474123438,passed,162,8.924801100286416,passed,161,6.339402383711645
3233,131.00535970862475,6.933503805868262,passed,104,8.35934511920593,passed,74,5.236664209194575
3234,204.33378500480924,4.929510227876397,passed,58,8.527833641950199,passed,44,6.153700341983215
3235,203.4766887181545,3.0790113236908025,passed,70,8.020532232358635,passed,47,5.121952183162959
3236,154.49912487201036,8.072553125405335,passed,89,8.42957567071505,passed,41,5.26190508741613
3237,126.77483484810787,12.13469136192145,passed,51,8.020139657718971,passed,43,5.129941484325529
3238,174.47107491633903,4.68716772770018,passed,84,8.179452160885647,passed,57,6.014255095078314
3239,167.20535980558196,5.257608586385925,passed,94,8.915364484390498,passed,24,5.424164925612107
3240,207.75954980771246,4.274323038556916,passed,126,10.190689919757446,passed,121,5.706388923823669
3241,161.86696956983243,5.250735281219289,passed,111,9.029912716849342,passed,52,5.2509987053839025
3242,133.13835071826654,5.875871011596908,passed,29,8.208172963626792,passed,28,5.012897037624198
3243,191.55029854243713,3.5756278640002845,passed,59,8.837455689419095,passed,50,5.586781786367667
3244,157.46614648887575,4.796361534254976,passed,100,8.379054991495893,passed,43,5.008177313668183
3245,190.82683837832724,3.2239747184947114,passed,98,8.13812614032361,passed,61,5.2349479683263755
3246,130.1106760508061,6.183556097758349,passed,137,8.645735823703449,passed,61,5.718835208791484
3247,166.17681002441464,4.545562888487361,passed,141,9.238469967283812,passed,125,6.690877509195237
3248,142.4962388373912,3.7164779521934928,passed,54,8.010713038449158,passed,25,5.009077722545352
3249,168.29823409434564,4.756420061974158,passed,47,8.652059247218634,passed,41,5.7710175064061175
3250,151.21938353610028,3.734540567887338,passed,66,8.964567191599881,passed,50,5.542010225334315
3251,169.9379790732371,3.659937086592241,passed,160,8.218468508495924,passed,127,6.843396398936297
3252,120.02674319306554,7.688857378842018,passed,271,8.729972448066992,passed,240,6.073926177106537
3253,173.37691793704866,4.484961984476241,passed,177,8.54033191693,passed,118,5.423341308155005
3254,188.21830616464138,7.063500356488772,passed,59,8.035611249444742,passed,16,5.5317570599688
3255,161.23370501626954,6.574498186499141,passed,120,9.205019015550398,passed,107,5.047571170084386
3256,182.84751925536028,5.833038084414329,passed,94,8.204232971506986,passed,79,5.694110586399637
3257,231.28382370916808,4.0731585436994475,passed,100,8.00706067978625,passed,92,6.282334007675061
3258,125.68349043497,5.68781281192453,passed,63,8.420122977921828,passed,30,5.200667144534488
3259,125.5914271493979,4.620349989501933,passed,89,8.729709671800535,passed,37,5.149829935008565
3260,220.18035819775724,4.062557074553121,passed,37,8.090531088880404,passed,28,6.599181890163441
3261,178.7367061036761,2.705112484942181,passed,45,8.818299303989253,passed,12,5.620866006101455
3262,155.42224728687776,5.615142453645778,passed,143,8.937313462894615,passed,98,5.797913113604203
3263,176.3857236830358,3.096981076871148,passed,33,9.29293869657557,passed,26,5.8014171368885314
3264,157.87560534885264,4.587548222106588,passed,112,8.007455027918997,passed,37,6.423322173525325
3265,159.02678571067105,5.997485681467911,passed,131,8.046142550180878,passed,131,8.046142550180878
3266,168.34630261962346,8.256684018940195,passed,102,8.396183312242588,passed,81,5.589423549361583
3267,153.2316713985676,8.784649781001203,passed,50,9.142333715363794,passed,34,5.192238663955062
3268,136.02931121149396,5.524997843451708,passed,150,8.099589602512115,passed,131,5.960525877187028
3269,135.9136654290327,7.365346430581085,passed,129,8.018111433859222,passed,107,5.308648351455392
3270,197.609264565322,3.9482769760492946,passed,61,8.353691222220693,passed,50,6.486583419988379
3271,140.97519267662858,9.015431119942326,passed,93,8.174525077474094,passed,89,5.297381005384838
3272,174.7462178527195,7.114944671522909,passed,53,9.052563675545633,passed,21,5.685665602325041
3273,174.4310939620378,10.986604815471521,passed,124,8.737393904558743,passed,105,5.988687351899036
3274,203.02946497374634,3.3231884942559464,passed,22,8.310941137594142,passed,19,7.016944735088004
3275,140.09059923165356,13.104342201044824,passed,74,8.987442347687956,passed,69,5.32885668134353
3276,153.8613445375314,4.810755174763407,passed,64,9.488801689877002,passed,53,6.731788070803391
3277,110.05881716345934,8.29182093143655,passed,27,8.409564892659983,passed,8,5.523065596086596
3278,177.04020801729658,4.677368232995998,passed,67,10.152594749948474,passed,64,5.7859164295471555
3279,171.06384271942056,6.503264375262133,passed,116,8.112097457787648,passed,112,5.272537196513261
3280,157.5971320757469,5.352371640558806,passed,104,8.380215946573632,passed,103,6.7127791332112885
3281,197.8502620206279,4.470681390058087,passed,106,9.76128713434714,passed,74,5.433837415360299
3282,163.66602255033533,4.55411060206674,passed,39,10.742256997361599,passed,20,6.420728165277456
3283,173.639048601745,7.496848596542193,passed,162,8.372675719521695,passed,97,6.26154815905966
3284,140.04203786717113,8.68757907747599,passed,155,8.551596656277072,passed,136,6.309509418221992
3285,147.1003144273106,5.241665822583564,passed,203,8.225831851782829,passed,164,5.0034571674331785
3286,112.59151618719834,6.442130595492703,passed,64,8.28892812698825,passed,57,5.002286542486467
3287,169.96752865142395,5.597716363259066,passed,58,8.070836030486861,passed,47,6.163743725691928
3288,122.84194259995988,5.3814003479666175,passed,131,8.016972990468396,passed,104,5.003214018450541
3289,127.97480825004372,3.8971686480473915,passed,50,8.343740596406125,passed,38,5.102028817896742
3290,124.0979325014234,7.019170971935681,passed,147,11.23761885139345,passed,128,5.535012481985291
3291,121.7131426778241,4.725705847948638,passed,85,9.151048527740958,passed,57,6.27574768743675
3292,107.61691338235818,8.12921892105939,passed,191,8.66090254998586,passed,67,5.094180369986945
3293,153.29123406162353,5.439697757607162,passed,59,8.027204506230689,passed,27,5.363743750492933
3294,154.9995657425154,6.769895528843774,passed,86,12.315131632868725,passed,31,5.662798707155603
3295,146.4114065314248,4.20671782680099,passed,82,8.002812587940134,passed,65,5.358700176269737
3296,180.67808754932457,3.0567829399039623,passed,80,8.000154318050456,passed,64,5.84235272282092
3297,170.41314020572455,6.617207801103396,passed,44,8.222237713327129,passed,34,5.587750965675542
3298,135.87227335827725,5.867121266772563,passed,141,8.154457184375975,passed,108,5.252035377469166
3299,144.25941089504755,5.104956826951915,passed,50,8.045884681534975,passed,41,5.637839266261668
3300,137.00435370998588,6.527683675325573,passed,61,8.705065450764259,passed,30,5.84946203610468
3301,164.4109233313341,5.788886811379386,passed,54,8.483856888234653,passed,22,5.4765770630034405
3302,198.05183414049327,3.1089378609714924,passed,64,8.572639172948993,passed,45,5.035983551113876
3303,169.24267000857657,3.85012257420732,passed,154,8.158979055341685,passed,122,5.444573313118828
3304,174.06202624576218,4.922079095790577,passed,53,8.882892979078626,passed,51,5.740326159930875
3305,172.71474603477355,9.893291654412007,passed,187,8.01104187168431,passed,141,5.004974001948215
3306,180.1883409394918,5.174106410159942,passed,66,8.693564266544396,passed,41,6.143941244645057
3307,187.67416521132137,5.320169650898256,passed,88,9.039991792690527,passed,80,6.1387631974755275
3308,193.98223561922921,7.243666891304288,passed,70,9.118084900591693,passed,13,5.922357865135552
3309,113.13099448544489,9.68840426742303,passed,162,8.063233912084478,passed,69,5.143573341733121
3310,208.07315387913806,2.906579572985593,passed,87,8.019463944738735,passed,60,6.911193047254316
3311,165.70104518693302,4.07494321431938,passed,34,8.640370725039936,passed,27,5.339482811538909
3312,154.30877067051156,3.9180656261719284,passed,61,9.06396560105225,passed,50,5.64196405877746
3313,165.42542955314704,3.5752896682841104,passed,43,8.234255318861305,passed,31,5.447844663088186
3314,128.87289408854846,10.731035870570519,passed,23,8.335111823044361,passed,21,5.410564976730026
3315,136.72303770773345,8.121443193343726,passed,153,8.497194514438423,passed,150,5.004904244206609
3316,159.9447777732775,4.529872481667855,passed,98,9.089331835049608,passed,82,6.085494517663492
3317,173.69178888078767,4.894989948306029,passed,200,9.1876473701906,passed,172,5.438975164457105
3318,170.80456628848424,7.280813061640075,passed,47,8.190746446973463,passed,13,5.082544892622964
3319,130.07151002446454,3.719705702961626,passed,70,9.314399775973037,passed,13,5.103281453039843
3320,213.64198490014482,5.193271168546831,passed,50,8.254222536606438,passed,37,5.004502440364833
3321,153.59444236597372,6.637274640981411,passed,60,8.006088959449453,passed,60,7.985198381052272
3322,205.40515525139793,6.5608999428326635,passed,167,8.203321761296035,passed,100,5.228963545233278
3323,165.33795707270596,3.9450935749775207,passed,53,8.434004711184674,passed,47,5.21046513150718
3324,110.4153224957575,10.168068582213557,passed,81,8.415801419511904,passed,66,5.947338856654527
3325,178.83745977616408,6.542315985433271,passed,208,8.128683781033708,passed,173,5.749062694726148
3326,72.40538697661003,7.7955964238066695,passed,142,8.252657270875495,passed,100,5.912169960233249
3327,173.36308733662275,3.6355916432731887,passed,131,8.106194772226383,passed,64,5.14652340415096
3328,176.2848271561054,3.1738849576269343,passed,36,8.602680474223611,passed,21,6.344665659510418
3329,168.2687207083019,4.946139560787795,passed,24,8.501027225962353,passed,16,5.1036063755377725
3330,125.0770248188764,6.025446369275544,passed,185,8.59650497886124,passed,65,5.321054119169322
3331,88.18313700719061,11.515654478168287,passed,130,8.016434576882503,passed,37,5.216292252340349
3332,143.58799493592093,5.072610783944386,passed,83,11.145686400990185,passed,72,7.05404977031554
3333,175.7688725841462,5.814062997439418,passed,117,8.044975216705419,passed,85,6.565964563630322
3334,195.89784303878295,5.100689146095381,passed,36,9.055885168817968,passed,32,6.813293402968723
3335,169.9803890923373,7.138435605431161,passed,72,8.207024000946106,passed,70,5.520117562367877
3336,149.24512399281048,4.911740525197971,passed,102,8.104183175049506,passed,81,5.661082768074133
3337,167.90487415150142,8.116184789914914,passed,161,10.166656848699041,passed,103,5.024829817288778
3338,140.0569961872411,10.59425803940468,passed,60,8.322219501773699,passed,39,5.005285804777082
3339,164.7407021626848,6.996179359031227,passed,87,8.125314153237252,passed,30,6.460182854516661
3340,140.81981563226842,6.196629832570802,passed,109,8.695127159096039,passed,35,5.127672625410318
3341,153.6065616125148,9.605910813035855,passed,29,9.053227638697226,passed,13,5.408744049834002
3342,149.46041199270664,5.179735553604112,passed,62,8.554783820162637,passed,14,6.221254598485437
3343,142.6182175809911,7.99830617137596,passed,198,10.168176147388142,passed,89,5.1992876491377515
3344,154.873685493712,5.69061330234751,passed,37,8.391262022094459,passed,31,5.106849724171014
3345,148.85059991292243,5.79389720381515,passed,307,8.413553814230724,passed,45,5.040880564806671
3346,141.76592265298322,6.997200771293986,passed,198,8.53509116417641,passed,84,5.346509246021247
3347,133.74974743528236,5.96754616258276,passed,107,8.048714118908018,passed,59,5.256036568203393
3348,154.7276300185038,6.935100342610793,passed,59,8.013808943523081,passed,33,5.213096207929846
3349,165.70305190814491,6.014182224608246,passed,36,8.62535448179007,passed,29,5.119590869941959
3350,147.0229806750565,5.550642722858581,passed,59,9.128033786288237,passed,29,5.870385661358846
3351,159.6166763501558,7.040640812614386,passed,70,8.04512158281181,passed,31,5.014743011495781
3352,130.35894887423814,3.9512366741564766,passed,81,8.318387697483121,passed,57,5.571213784697648
3353,185.54109690130485,4.663820666048127,passed,42,8.664608627436255,passed,27,5.951508724118848
3354,144.3406494177073,6.7221997849135535,passed,54,9.869015986232,passed,44,5.552571421514019
3355,207.26732653349282,2.879462340331413,passed,89,9.818166254266414,passed,39,5.5458479307785025
3356,124.54263206957714,5.862893027675337,passed,35,8.722929632891274,passed,3,5.036031178404121
3357,168.3988954661661,3.7905078140859083,passed,70,8.5202238643048,passed,12,5.8523087184928935
3358,136.79963472743336,9.367225611409314,passed,121,8.355587628016758,passed,116,5.517871616665637
3359,188.29721062877397,4.045571517264908,passed,36,8.562399820105515,passed,17,5.364031998978169
3360,180.8903154071514,3.5236212292516775,passed,105,10.153522133339443,passed,64,5.487615589531236
3361,124.87357162560345,5.608318310227903,passed,64,8.532625793507531,passed,64,8.532625793507531
3362,121.5404403826342,11.710485620644189,passed,107,8.967180804998431,passed,89,6.750695014279784
3363,142.9124103484511,6.192668073324708,passed,193,8.164372173896496,passed,100,5.612184376634222
3364,134.31209061237374,10.947827628730233,breach_static,89,-10.257347063310373,breach_static,89,-10.257347063310373
3365,158.87715927908818,4.954695637135045,passed,50,8.496645036472138,passed,21,5.307580980458093
3366,204.9678569012496,4.174961125219951,passed,37,8.805934673404758,passed,13,5.503049633914503
3367,138.8864019821558,6.51924806012093,passed,250,8.008479767059207,passed,17,5.527157272853578
3368,157.04042363912077,4.992879756592114,passed,56,8.078675324410089,passed,47,5.632622005354726
3369,140.06966531492503,4.0353414568211,passed,79,8.280292640431885,passed,74,5.884280776190676
3370,166.2225839596891,4.1999282961061235,passed,89,8.003960855428026,passed,30,5.727766831718228
3371,158.79396027857916,5.060967213226881,passed,71,8.742132243755997,passed,64,5.968707071850932
3372,136.33346148576376,6.17410662416204,passed,43,8.153059769890225,passed,34,5.714567960475536
3373,113.54437921631005,6.4393045256863815,passed,115,8.294448908336616,passed,22,5.012279455190938
3374,164.14792472930722,4.802503018978207,passed,96,9.831051889261522,passed,8,5.020452885781523
3375,174.3137711728532,6.243778450838837,passed,145,8.142111277186936,passed,144,5.929799024923499
3376,94.81094350390174,7.732194156089278,passed,94,8.012596558871676,passed,77,5.8042940544952515
3377,212.63137849500865,4.240409098606081,passed,71,8.069020527580983,passed,66,6.7844675293661005
3378,119.75399423192891,6.759524463619061,passed,104,8.00706819454109,passed,64,5.424135575122513
3379,185.3946869034497,2.7006532687866076,passed,102,8.791366945248335,passed,70,6.217209348358055
3380,144.6248174736504,6.168863593416493,passed,187,8.91025895614186,passed,160,5.781775444412407
3381,129.7518597194559,6.462965977878898,passed,84,10.231053686272151,passed,74,6.11264362282764
3382,152.15733852441815,4.5494234809559995,passed,21,8.325326314427507,passed,16,5.1992970287971785
3383,210.82942249238639,3.3839846387702446,passed,86,8.150171388041105,passed,74,5.230545453324553
3384,167.44591023032197,4.690348298120191,passed,104,9.19215636324886,passed,52,7.099264527805316
3385,142.06691029858155,5.708933533111462,passed,36,8.009129288764626,passed,21,5.249777344299922
3386,198.05535556268558,7.265676574215147,passed,95,9.409245809372702,passed,50,5.214628146003353
3387,208.16227529290776,9.143604207527092,passed,43,8.770672192989725,passed,24,5.00670476636611
3388,186.25408707103097,3.010656002162688,passed,53,8.046232226376016,passed,42,5.094337259255344
3389,167.1486348592271,5.103833104262578,passed,49,8.003221429840712,passed,26,5.863612704678189
3390,142.27366995051165,5.422652611063761,passed,40,9.326394926694292,passed,18,6.028349299352165
3391,188.07774339451834,8.242219424358293,passed,86,8.103710236987016,passed,79,5.818980677134822
3392,213.46988167626537,3.7994508888427045,passed,115,9.099750042696254,passed,100,6.64061857273659
3393,136.43499862426114,5.9053087820942745,passed,114,8.504841073119174,passed,40,5.412082855313094
3394,177.09933252951421,3.6989748312268,passed,32,8.153081185984767,passed,25,6.626269777127858
3395,213.7047560888447,3.7187092831337005,passed,79,9.436260662857876,passed,52,5.123053478590389
3396,133.70064131025737,5.745514163536995,passed,44,8.01522934459038,passed,13,5.943114559319751
3397,133.28930249380147,8.000413309961981,passed,50,10.01013745036854,passed,29,5.412898030374125
3398,147.55551862529063,6.84100438004195,passed,40,9.278279041598282,passed,37,6.176354108379178
3399,148.73821671043436,4.520862666548586,passed,161,8.268287086243898,passed,141,6.271199605386846
3400,180.8989591208046,4.508287153294356,passed,27,8.386210388710591,passed,19,5.288586241921811
3401,148.9242139572025,5.173986928898376,passed,19,8.883805529723432,passed,14,6.857380729609108
3402,130.28009713444013,3.8979530684870265,passed,69,8.724580867887767,passed,50,5.043883957655693
3403,141.85468177279583,7.630062053513977,passed,166,8.210793610018552,passed,155,5.023667535459975
3404,166.57130333055093,3.6684168320167494,passed,34,8.166602402032353,passed,31,6.351139503509695
3405,146.11220608085796,8.73202540926793,passed,67,8.00269907050588,passed,36,6.137025827256504
3406,149.32859656584353,6.091311917873118,passed,23,8.3583924755964,passed,15,5.931623227557714
3407,157.13091486030817,3.772259814986404,passed,79,8.046192783834405,passed,66,5.817270287377818
3408,108.47456066954378,5.369812250044699,passed,61,8.33668359524311,passed,43,5.541855265233497
3409,137.4032825055918,5.736536297185882,passed,83,8.146864388176134,passed,72,5.790381823596058
3410,123.36095668173024,7.560306255583869,passed,249,8.023920134590522,passed,152,5.022200838822344
3411,168.0204323392847,4.0855160796518435,passed,70,8.385331914799977,passed,68,6.080596661564375
3412,133.10828790723778,6.355865341427435,passed,111,8.544737339097352,passed,102,5.041618637966927
3413,151.76493778592152,6.828022067655793,passed,102,8.017698157908315,passed,98,6.524499140561102
3414,108.90475597711391,4.150010349261207,passed,155,9.343737198969194,passed,106,5.007959587912492
3415,93.09947906726204,6.311973315462821,passed,110,8.015568094282655,passed,55,5.044855976322715
3416,112.37013097833173,5.611081474328718,passed,221,8.768256376732442,passed,146,5.0031261890665535
3417,151.5340008884786,5.476469636928834,passed,68,8.004553294226868,passed,40,6.803282648928288
3418,181.39553792512032,5.507970470312762,passed,80,8.465414924957383,passed,28,5.3004717330616735
3419,180.98529430503322,4.680769801630672,passed,71,9.204313945346044,passed,64,5.069195367249946
3420,227.07059931353965,4.2765633669272285,passed,57,9.257811711853448,passed,30,5.058352201857552
3421,116.85636204109863,9.394611442430916,passed,29,10.038235412642994,passed,21,5.6059975002598295
3422,134.71619607420834,10.494368327314728,passed,54,8.432463907385635,passed,21,5.091047762468648
3423,129.62331503967346,10.709866944567077,passed,367,8.978953848690608,passed,126,5.125167626240801
3424,188.63065999737222,7.586756016731036,passed,40,8.221666308636255,passed,40,8.221666308636255
3425,137.28679543445125,5.630147642679199,passed,70,9.402423726182496,passed,43,5.342547485932414
3426,173.96658785885947,7.162147387203397,passed,98,8.43630298101048,passed,84,6.065042621842798
3427,106.49514012366699,8.334968269477491,passed,43,8.598829576746914,passed,29,5.6103332964196895
3428,155.85177670651288,5.1737653547936135,passed,33,8.224007211837003,passed,30,7.693632292058683
3429,181.4398570810913,4.516119982180022,passed,124,8.959227213376074,passed,13,5.190423060172922
3430,133.27440707402428,5.368114802826515,passed,165,8.057723850063203,passed,162,6.080482648213392
3431,166.35944477079997,4.342843814094326,passed,60,8.61253957063257,passed,44,5.340064013498913
3432,163.10582462237386,4.896267433986154,passed,40,8.588615044952363,passed,39,5.009427957649115
3433,186.88569478332306,6.3837565971970935,passed,124,8.28151579122971,passed,120,5.920239461389198
3434,85.54461613767555,8.471666295078572,passed,139,8.530921139530845,passed,119,5.349023335192804
3435,144.74559357258738,5.706073560832943,passed,172,8.266244346864028,passed,152,6.236314165074952
3436,147.9385458955071,5.180616435013801,passed,97,8.559801865247675,passed,67,5.510991155852962
3437,175.46879345909514,4.161044086468751,passed,112,8.513797429327695,passed,103,5.421536869746557
3438,140.98811268324226,7.460273177106629,passed,127,8.238073030884973,passed,60,5.262481465315094
3439,121.39060871065853,5.56847730054956,passed,106,9.237371129198934,passed,98,6.573565234758161
3440,167.2595333319808,4.466591247162261,passed,29,8.669784210137577,passed,27,6.460789873266659
3441,150.50699588529818,4.759367473038468,passed,60,9.157816164855358,passed,38,5.709684215599364
3442,114.7921519241501,5.1472795314947986,passed,129,8.504811376251165,passed,97,5.280016896832396
3443,121.35825097206418,7.613474925022215,passed,115,8.00513955042188,passed,65,5.1600955485672895
3444,123.08939177166658,5.708278766628718,passed,153,8.149037169730677,passed,112,5.750151366837919
3445,165.52376900521506,5.854392931118217,passed,87,8.730139190762621,passed,56,5.0135772668032486
3446,129.9415418044079,5.109476990917853,passed,104,8.728815490047449,passed,65,5.286925246578611
3447,148.534989412353,5.200289290115926,passed,65,9.936241801666323,passed,50,6.254859236488364
3448,190.00020227897886,2.6088353494206293,passed,66,8.691486358796618,passed,34,6.248897116213747
3449,106.65200860051903,5.2945227041115634,passed,67,8.810269770098378,passed,43,5.778961991744125
3450,157.2442619747577,3.969914395266516,passed,85,8.68269664125525,passed,67,5.009531228970898
3451,142.5127886703412,6.8917075809365205,passed,102,8.019554802952623,passed,14,5.315735300484681
3452,184.05561105977614,6.739480963627514,passed,135,9.354495430175325,passed,34,5.141055787596849
3453,170.81094931552278,6.7787636430002465,passed,31,8.844889294190384,passed,21,5.405382408220349
3454,109.4439864154769,7.151927842853088,passed,106,8.689270353195177,passed,106,8.689270353195177
3455,168.37403586364005,4.330217918262471,passed,30,8.234727088176474,passed,25,5.002918866270067
3456,134.8125493412728,4.716998882051756,passed,85,8.232653999972527,passed,56,6.136677313979488
3457,148.77385466685547,3.731717535376973,passed,33,8.420491152274167,passed,29,5.309896529871949
3458,127.25972358475954,5.744678927421685,passed,43,8.649699931432986,passed,35,5.213559042926952
3459,149.30676211985693,4.879884628538171,passed,78,9.859283009952424,passed,39,5.259283806080162
3460,178.46594963861483,4.304364547018668,passed,13,8.909278273294419,passed,4,5.59481956637784
3461,144.35390227915792,9.867513780069293,passed,143,8.072601044771698,passed,66,5.165637273521262
3462,163.89562374135346,4.161630726996716,passed,40,8.070337761415525,passed,8,5.250664419868745
3463,186.6046216473096,3.244170905227884,passed,46,8.049165709158789,passed,27,5.8904520781368985
3464,159.05518488383126,6.170946279461873,passed,106,11.713410239306965,passed,41,5.105250078680701
3465,172.43351818095908,7.129690559749157,passed,144,8.017002264285278,passed,131,5.11186775091883
3466,116.60852391601199,7.29186257250963,passed,29,8.136777701702913,passed,14,5.197071409332299
3467,144.7878285594943,4.660564188059984,passed,89,10.065533748984246,passed,52,5.084043978557995
3468,188.90398766707014,10.950460953164034,passed,34,8.00313458720938,passed,22,5.576109631886439
3469,203.26929839746256,4.694547269870633,passed,71,9.984531242041882,passed,43,5.008412933609008
3470,117.33134674103903,4.929853507767633,passed,50,10.365628030285778,passed,10,5.172314839512593
3471,164.98578608776216,5.66307126750112,passed,154,8.353615831036642,passed,50,5.963657363198771
3472,234.21589359310389,3.570353658392697,passed,74,10.042074549942527,passed,14,5.675598724820907
3473,195.65578282297668,5.600967878282964,passed,139,8.422501340413957,passed,94,5.818056906516178
3474,101.74498324455969,6.282305445419135,passed,108,8.38106288665661,passed,13,5.350099503206951
3475,183.11920073944475,5.6045784103576475,passed,61,9.17064393816689,passed,21,5.6710423612721605
3476,151.42434841653784,3.920261943707621,passed,133,8.94687662060556,passed,119,5.0035346987437945
3477,130.91602180073986,6.7245674940222555,passed,213,8.098542676213881,passed,203,6.667676843931125
3478,171.3977149682707,4.210555421420482,passed,89,8.068720749600477,passed,69,5.5547210714354645
3479,187.128345052477,6.643683641145637,passed,187,8.30610147241224,passed,172,5.608606227125734
3480,157.043705822834,4.232247177364137,passed,61,8.039466652736493,passed,50,5.014477591354538
3481,139.493031312702,4.968001076313476,passed,81,8.016861962072008,passed,64,5.887874264750836
3482,169.47440212581705,6.5284244881771,passed,117,8.491239882968738,passed,100,5.667471222918041
3483,180.52846018890824,4.636750697960256,passed,89,8.018232835504048,passed,63,5.024352499943574
3484,137.5042901574614,3.9614154566551374,passed,99,8.456927381972545,passed,19,5.443553146315372
3485,157.84653032268986,6.5425169207405025,passed,163,9.495084270126508,passed,136,5.9156805447067695
3486,168.6086343641073,3.46312285059947,passed,142,9.27588587388286,passed,116,5.516051782646358
3487,160.32896362619374,6.8988573902180645,passed,204,8.132201385396765,passed,100,5.665878428228499
3488,140.9204553185628,4.500889098029642,passed,89,8.450209429807053,passed,6,6.527487253155817
3489,214.89543282516323,4.66393854062602,passed,99,8.268964221786689,passed,38,5.840390345681268
3490,168.07884933944987,4.123802542343579,passed,94,9.374415136874692,passed,66,5.727769485570811
3491,170.638272919,3.4254227677833815,passed,94,8.487595976192598,passed,61,6.339325407459939
3492,161.3487910387744,7.78693546166547,passed,13,8.58574494084301,passed,8,5.765252286845435
3493,208.0162583239964,3.464629920008247,passed,103,8.396255678626229,passed,17,5.118975749764276
3494,179.07569913648555,3.796466050435613,passed,88,8.47281172100236,passed,50,5.58406097041062
3495,171.0591869297193,3.978440758426722,passed,60,11.441088320256654,passed,52,6.280780306641587
3496,166.08657749257767,5.317995733463373,passed,60,8.222844676436658,passed,35,5.653823086606802
3497,211.76228890703763,5.6160536536319645,passed,71,8.273085322604468,passed,56,5.27078742296152
3498,167.36514218377906,6.138301461149979,passed,106,8.490962522239197,passed,104,6.398730507492401
3499,172.53331038838803,4.994393895927504,passed,107,8.017717527108804,passed,98,5.192242549016446
3500,149.98079010723845,5.9247141224873685,passed,111,9.092215091451905,passed,84,5.258981966954357
3501,210.1867221597294,5.779543965822074,passed,70,9.1411516766027,passed,46,5.863088474769906
3502,145.5934345142087,3.7515266086463273,passed,77,8.022478580917781,passed,14,5.049961325890551
3503,162.0538574710447,6.445245687429573,passed,221,8.458407607920716,passed,54,5.12135724332321
3504,132.83649971522243,10.00732755728543,passed,54,8.270825515155034,passed,52,6.623778337736197
3505,137.9195581067031,4.480507717833654,passed,66,8.253676062266212,passed,34,5.013073104490862
3506,152.6190684363847,6.596407575631511,passed,198,8.474326627273365,passed,164,5.2885407616148905
3507,167.97794445573246,3.8466025358331906,passed,59,8.443005669603988,passed,46,5.17362682425111
3508,145.24765665108333,5.355062449505227,passed,64,8.32072640603827,passed,64,8.32072640603827
3509,152.12216557485183,8.463738325729544,passed,70,8.98158724957061,passed,50,5.088246882845349
3510,132.56665038410915,4.370745167177822,passed,81,9.155726296030387,passed,65,5.00830551674647
3511,190.04350232543555,4.470764870180107,passed,94,8.073314157886301,passed,54,6.700496430664171
3512,168.80357688048466,5.890617994033353,passed,43,8.676722094778654,passed,36,5.646085399823719
3513,123.345884391816,6.979077810381751,passed,173,8.940613108891093,passed,82,5.63235144257177
3514,149.9309671024441,6.789718675570329,passed,149,9.106151362698945,passed,146,5.904380386064734
3515,146.17238797885625,5.200232671734435,passed,78,10.003309744241484,passed,47,5.579066714467107
3516,101.85638912758175,12.799963686904858,passed,235,10.706975383365869,passed,87,5.01595982770533
3517,147.0983265247644,4.7513173998573155,passed,82,8.333204390987948,passed,54,5.28278585013604
3518,130.68649408466436,5.658425795671645,passed,52,8.318293158320555,passed,27,5.374990466204732
3519,123.54049095847527,8.035402661787376,passed,104,11.873677012677565,passed,87,5.347722505428787
3520,202.12181862463314,4.395783291491767,passed,19,9.441252346366724,passed,13,5.864119527177336
3521,188.33588431885238,5.933493374149497,passed,59,8.022602386939681,passed,34,5.274706192801837
3522,115.76560477883228,8.549683328764317,passed,246,9.406514080268181,passed,244,6.46707282487986
3523,181.2643031659873,5.102674991862222,passed,47,9.727046868716105,passed,38,7.088302246774192
3524,206.0989626885064,5.582023357441637,passed,13,8.822126236069883,passed,8,6.643588767642705
3525,175.71479006330782,5.076676473101018,passed,61,8.537050645326927,passed,53,5.918602065143697
3526,181.93930232618789,3.5719656600064362,passed,84,8.204863167526998,passed,49,6.631581645688378
3527,128.72950535373695,6.3780736014189525,passed,104,8.151125961082162,passed,85,5.410899813319792
3528,108.85610223439946,5.357330558113252,passed,100,8.885606871018737,passed,86,6.359970720088781
3529,134.45204030649737,6.569293309606805,passed,94,8.657211466665714,passed,60,5.3196415711147305
3530,146.690863177886,9.51068774029595,passed,180,8.862966016955953,passed,56,5.39357986042901
3531,113.52520473885556,16.866897290415043,passed,119,9.254265153812424,passed,115,5.2850444010863695
3532,122.19814990626139,12.125633448537993,passed,79,8.36551946466011,passed,67,5.927655626239026
3533,127.87278956037112,7.74801947373415,passed,217,8.27777171544124,passed,75,5.822478107102769
3534,170.89315811325827,6.307070421371271,passed,158,8.822560259232715,passed,102,6.158499587990596
3535,230.44402624059904,2.5982194585712906,passed,33,8.372670209003253,passed,33,8.372670209003253
3536,153.30388448073188,5.31737808305292,passed,129,8.007659473789165,passed,111,5.145526860364558
3537,145.2826648089822,5.355288476612187,passed,199,8.616461313302004,passed,187,5.200152481248743
3538,138.20060146946548,6.1664564363782395,passed,64,8.418288757015425,passed,45,5.261263236033753
3539,164.48233814572157,4.047668529810365,passed,64,8.690595544948643,passed,28,6.155854134313832
3540,167.30991505813583,3.775335923842689,passed,137,8.266922553094469,passed,114,5.2829828258525335
3541,143.3506064636993,5.516485172854859,passed,341,8.619841278134688,passed,312,5.317122079502012
3542,173.06921472785683,4.917587996519222,passed,54,8.05419370588314,passed,36,6.211136281855789
3543,154.33308398027833,5.858973292107834,passed,45,8.766073518504335,passed,32,5.322905066036077
3544,112.33590403077773,9.937641845209122,passed,98,8.70411729291678,passed,97,5.322239864798384
3545,167.4332260484615,5.95633817244334,passed,106,9.738882335411137,passed,87,5.845143785680862
3546,105.08737052262265,6.991859054822926,passed,319,8.06945734773965,passed,112,5.009706860250884
3547,170.77187889997506,3.5396062002419098,passed,161,8.350026011193679,passed,125,5.019275062564299
3548,131.1754720307153,5.41358293483467,passed,131,8.102919061280577,passed,92,6.295725986351397
3549,164.2579142198015,4.9846932006230835,passed,256,8.010058286380705,passed,90,5.436657214163598
3550,195.49625821445264,5.582286050475798,passed,43,8.455166552109873,passed,19,5.004574621180691
3551,156.57065845321873,4.912283071518679,passed,99,8.121343810258486,passed,54,5.018560251822324
3552,162.1070219525075,4.757789550315188,passed,126,8.673423985538232,passed,107,5.014381573907412
3553,153.27274968671526,7.506920668044382,passed,164,8.747444215009637,passed,137,5.724834421617264
3554,170.96980732439852,5.727634842914251,passed,46,8.539177466716797,passed,28,6.300068999275998
3555,153.09243615044602,4.2113724961689245,passed,137,9.085015645710047,passed,134,7.417578832347704
3556,186.71924321661257,5.0651687368662675,passed,148,8.008324675940148,passed,121,6.376576310537718
3557,155.58072176226779,5.939854687500384,passed,94,9.162030908362295,passed,71,5.4640886141503975
3558,136.8482813038067,7.824114551837654,passed,56,9.419919513623775,passed,33,5.175180472826479
3559,159.20652290545723,5.994002249943078,passed,88,8.067747759122357,passed,33,5.749330924511509
3560,183.3742843422896,4.08747377043597,passed,129,9.54824686970397,passed,127,7.582531257391034
3561,159.48366529077464,5.254631861498392,passed,63,8.275130115085405,passed,34,6.3288504020416525
3562,138.80306953954113,6.292524595320757,passed,43,8.287236820023235,passed,14,6.241884150362065
3563,147.86522942139513,5.091672289144319,passed,158,8.545346267170316,passed,81,5.00291049231445
3564,193.37832383513378,2.8273624915220807,passed,97,8.213291590953386,passed,45,5.303183086515517
3565,131.4517659362504,4.332256065091529,passed,123,8.300220250820601,passed,109,5.01491495908124
3566,164.49233028531287,5.401364425753676,passed,64,8.689662328656645,passed,59,5.260721383032019
3567,149.0536400956667,5.434078785066397,passed,21,9.554596998854347,passed,14,5.017464075081235
3568,120.83817745869698,7.139819054806932,passed,118,8.130958321967219,passed,94,5.203875909594946
3569,115.55430440978482,6.067660288998365,passed,53,9.345702107586252,passed,39,6.5389350604495355
3570,122.5634811724885,3.723608899989844,passed,44,9.711337184273038,passed,37,5.585994426435326
3571,126.15868459512858,2.6837641738468805,passed,103,9.180016776121658,passed,57,5.38500877083663
3572,133.48483890690454,5.162704236501748,passed,64,10.582580157638022,passed,55,5.836968463530745
3573,148.78350740382808,6.935883817022821,passed,141,8.527236595723853,passed,125,5.121481001347683
3574,197.24595000911614,7.651880300794681,passed,64,8.385247909041272,passed,33,5.022248836385601
3575,158.03147764740638,7.5057616398586,passed,245,8.628383651643734,passed,44,5.00553484325541
3576,136.33758106873094,3.7077234900130778,passed,128,9.080129016781346,passed,89,6.54968645723264
3577,173.85190998535626,3.8767589419633457,passed,68,9.712821647244008,passed,48,5.359946513889402
3578,143.51419972306897,9.321340108267224,passed,86,8.005088846390972,passed,74,5.3083238447759085
3579,146.47649911475625,4.863991731828046,passed,102,8.69300585765509,passed,76,5.06860870890915
3580,191.37994182391375,4.94048930971114,passed,50,11.471959246291208,passed,25,5.370274564843713
3581,114.34154862162616,5.724145669736911,passed,54,8.0137303215432,passed,43,5.317988975103782
3582,209.3828286878915,3.6279756506804843,passed,102,8.01778401565969,passed,67,5.243482106683706
3583,140.73706632768946,5.712876709542638,passed,107,8.058633301072792,passed,106,5.642053211669418
3584,151.7707336677415,4.554035796077481,passed,75,8.53469442498469,passed,45,5.009546028834366
3585,195.33438803669708,4.486722633047177,passed,59,8.831925800167806,passed,22,5.004958612072796
3586,158.45573337810407,5.981481987171977,passed,20,8.008740451708807,passed,12,6.401952698734004
3587,147.23402057195264,6.7883192689471406,passed,37,9.578464595272473,passed,19,5.690721340474636
3588,143.47742185284451,6.894599613658535,passed,186,9.58025086140033,passed,131,5.263371328150557
3589,177.94473917380708,4.248261465041385,passed,78,8.56929656958143,passed,39,5.470382740207502
3590,153.89227078279936,6.041273762516068,passed,59,8.352680485468888,passed,22,5.79223128326154
3591,177.89917822538533,3.6456175688035817,passed,87,8.535412384689023,passed,81,6.041916786471613
3592,149.37877344654518,7.408893323907073,passed,73,8.678601572353939,passed,70,5.635467275315742
3593,123.54952335102394,6.839625613776891,passed,160,8.003185657904321,passed,153,6.514961486702875
3594,153.07725111117034,4.203239962853399,passed,64,8.815042534453333,passed,54,5.3908604809204785
3595,144.5233885573837,6.0808747064837485,passed,117,8.54157371801907,passed,107,5.466758577385655
3596,149.3299678171467,4.692059367488417,passed,140,8.01703480733369,passed,115,5.260275048378271
3597,156.71982423984875,5.485820497071065,passed,162,8.361595375674469,passed,56,5.070964762360908
3598,195.09862980682718,3.715741432931069,passed,99,8.179356060508525,passed,96,6.263823932409607
3599,183.97797102251644,3.261575401714931,passed,35,8.15196115860466,passed,14,5.174179189421957
3600,169.59173814962548,4.815610050263838,passed,64,8.385575718438787,passed,60,5.012807886254622
3601,158.66359372946994,6.479986012079318,passed,94,9.73808420258191,passed,78,5.38889815781225
3602,171.42960721658955,3.606246874850406,passed,109,8.956324751562871,passed,78,5.304268270894363
3603,196.20033752053385,3.9658556337384185,passed,59,8.399149517424442,passed,42,5.325906102297173
3604,173.30585556801142,5.062149034968624,passed,106,8.011642481356041,passed,36,6.0577876474408265
3605,161.42954941711855,10.90298001235603,passed,155,9.981353076326283,passed,109,5.106916293834973
3606,127.90941123613813,4.810673694782122,passed,56,9.20849040509102,passed,50,7.726813477692307
3607,117.99543203234326,6.323425330784958,passed,302,8.59560920035669,passed,194,5.021616684344377
3608,162.08717053511737,6.386610931828914,passed,31,8.304284134191398,passed,20,5.606987434027233
3609,136.1689396683676,8.233061056482,passed,55,8.133764242599618,passed,18,5.779127644917681
3610,149.25038476728895,5.602668235005017,passed,107,8.77245163367293,passed,38,5.693950913539014
3611,220.83452984912478,3.128284165834209,passed,47,9.191573881900283,passed,29,6.641277917818145
3612,186.2328274199241,4.081895456054471,passed,102,8.127535420277553,passed,79,6.902559854057899
3613,149.37315076977094,3.841103915982619,passed,31,9.002174333542134,passed,19,5.734199904404913
3614,132.5752632394963,6.965702441855524,passed,34,8.204179089259922,passed,5,5.223778370375909
3615,207.15919709751023,3.044747473409054,passed,74,9.602162226324573,passed,30,5.080601953540231
3616,160.17854393300635,4.307105295608542,passed,44,8.315711533134706,passed,40,5.27514577672914
3617,135.60444930166668,4.820622627485229,passed,95,8.928863485543982,passed,29,5.200782167791318
3618,215.51062421659407,5.298550646895775,passed,91,8.011987811925248,passed,65,5.061995355202242
3619,162.69144630512864,7.9361023772844135,passed,152,8.835336587957944,passed,107,5.982070412242946
3620,164.81458524320357,4.4112770128378,passed,49,8.51592268671193,passed,39,5.530569490905446
3621,164.0341054914161,5.844921363949894,passed,69,8.377237631288658,passed,51,5.285613355382712
3622,146.97777465381847,4.361590278660284,passed,81,8.250355365372464,passed,47,5.7858572809179165
3623,135.21525792648208,10.054050322361533,passed,138,8.000356520429786,passed,120,5.167861221338388
3624,133.36289032745975,5.583567411084969,passed,87,8.054318131480542,passed,48,5.2551330137949215
3625,193.75593535503154,4.855964807713662,passed,97,9.182360806790669,passed,85,5.073848374911272
3626,126.24565251133046,5.71639677317992,passed,110,8.63555235966773,passed,79,5.034942428361466
3627,143.05594482010403,7.140919287390296,passed,110,8.94663046526636,passed,36,5.312753388094826
3628,184.47617181251013,4.195437849450999,passed,18,9.056606339428397,passed,13,6.096644289023723
3629,122.33405045947939,5.806037500124228,passed,89,8.294881909093267,passed,75,5.154711945359569
3630,188.87620215351077,4.065479697692917,passed,65,8.04845780305612,passed,46,5.508406756378048
3631,166.6659333915134,4.788047636510904,passed,93,9.096364713086524,passed,55,5.268006139119996
3632,160.80762695389677,5.075239318298296,passed,113,8.203622015521406,passed,107,5.455622557705064
3633,109.89326205681942,9.01535810249691,passed,79,8.02344879126009,passed,72,6.791859553569868
3634,206.54174688576376,7.262998307312063,passed,166,8.55744112233685,passed,141,5.082520337066954
3635,150.13787585127866,3.8147001032866785,passed,44,8.380937424066248,passed,20,5.7251833409886155
3636,143.97629699812913,6.276762190048372,passed,297,8.203556674517909,passed,34,5.661980800772626
3637,169.1214889455682,4.840536285895295,passed,55,10.015464746128488,passed,34,5.079858571644369
3638,133.61544946572286,3.912735969186612,passed,97,8.16942577688813,passed,59,6.144635049264369
3639,134.91436769425684,4.7449365572639275,passed,107,8.363362459200484,passed,92,5.400386490120068
3640,115.00166696380418,7.499564677129654,passed,198,9.002324070527145,passed,139,5.189956183378985
3641,156.90368438126816,4.585791533787021,passed,61,9.283055855190092,passed,33,7.171150481467148
3642,151.2579709749102,6.49117174341446,passed,56,8.346611202111243,passed,20,6.049853521459969
3643,178.97079282858112,3.1564114297479176,passed,30,8.91461655880288,passed,16,7.019728022698768
3644,132.66277267981036,5.654039691016738,passed,34,8.044999777539541,passed,14,5.578591400322663
3645,124.01058269455535,12.936172189314599,breach_static,155,-10.681882276085963,breach_static,155,-10.681882276085963
3646,159.6071674641438,5.0426701107088565,passed,24,8.689238950934563,passed,21,5.247867468634726
3647,143.7535284468626,5.678782150799129,passed,341,8.41412988649588,passed,234,5.569246143240925
3648,185.11289585157743,6.486979766930738,passed,139,8.637495501086834,passed,133,6.740089446139708
3649,185.5943139956296,3.8899197258960982,passed,50,9.314510005372089,passed,11,5.654234063635277
3650,171.9849577551726,6.693693153039076,passed,198,8.892267221771345,passed,98,5.066350210777282
3651,168.01847739452919,3.9667738196966473,passed,127,8.441303114299226,passed,25,5.454892437977366
3652,140.81586218888123,11.77259543888707,passed,109,8.023073676218551,passed,31,5.6609734984525595
3653,129.4545189315178,9.160817340791834,passed,221,8.047527269910848,passed,180,6.4594198906334555
3654,126.60678228266372,4.538124955090618,passed,69,8.939734373441022,passed,57,5.66468842616894
3655,166.82705143152344,5.067354244106526,passed,36,8.205797274821336,passed,30,7.000902444324075
3656,209.21455938683948,3.672525589407999,passed,19,9.002560470083143,passed,13,5.1326353013515735
3657,172.02632566141793,5.675405591723337,passed,64,8.252131210772973,passed,50,5.2859482994267015
3658,113.66537462091415,6.060194087912812,passed,61,8.01562867999519,passed,54,5.694214520016105
3659,117.7704464958735,4.301617464810527,passed,44,10.387637229964719,passed,32,6.49461970948797
3660,129.51888225073955,3.827552131075026,passed,70,8.293630560297105,passed,48,5.205566240627912
3661,106.28114746182442,5.925689779537345,passed,45,8.571727452037713,passed,31,5.789483275050555
3662,138.5450575589823,5.555299241185903,passed,172,9.24625924494331,passed,126,5.581035365758291
3663,166.46308146654175,7.3854887406291425,passed,100,8.006846334400187,passed,64,5.052856664989269
3664,164.93289472238195,4.569757819458255,passed,115,8.273627475799206,passed,88,6.081838508498438
3665,202.63509416858278,3.6277340115559538,passed,70,8.312186841447211,passed,37,5.024415366043522
3666,192.2013561410043,3.5703654302973966,passed,40,8.027241626954984,passed,34,6.112583672490701
3667,172.47381121970292,4.2139990882390315,passed,65,8.456328889609477,passed,28,5.609205968537845
3668,188.3271383783721,3.775756930929904,passed,54,8.246341720446203,passed,53,6.1767934196619745
3669,138.22468566894526,10.73434702535543,passed,107,8.681098028159662,passed,45,5.6673594833470675
3670,150.78231463136987,5.272555769412212,passed,131,8.019721932658918,passed,103,5.008946994480845
3671,146.20971078554766,6.6404296243223655,passed,119,8.355920831039088,passed,103,5.007100364222383
3672,159.64750619840123,8.923447077848198,passed,217,8.026567858865153,passed,164,6.389434491556423
3673,175.53760854903544,4.645410042254073,passed,65,8.871944596595593,passed,58,5.067290349355624
3674,132.94051222139157,4.275623416206012,passed,112,8.270003614951937,passed,10,5.2863170690340855
3675,162.17818700813754,3.871840123598739,passed,89,8.602591577181817,passed,67,5.201681302710259
3676,128.73527267623848,9.142293930073397,passed,179,8.379539329060059,passed,12,5.25495333696766
3677,136.10192806072772,5.909780154458165,passed,92,9.38117161965395,passed,17,5.003632007186765
3678,134.18468949976435,5.466707899561971,passed,106,8.018253159229015,passed,14,5.412392630894369
3679,116.66816254932075,6.382788341779107,passed,117,9.03643903884479,passed,63,5.01487094150308
3680,139.77486988286262,4.8582937369502925,passed,57,8.317460161534207,passed,52,5.664286273928765
3681,161.36597103797777,6.145704121107365,passed,85,9.676830555857174,passed,70,5.57657508981233
3682,148.16847463092776,5.442683795154866,passed,111,11.932605008638486,passed,109,6.794087110332803
3683,158.65068056723692,8.541256661159224,passed,166,9.761448913553728,passed,119,6.526997673941004
3684,169.86685586480502,4.640409088834475,passed,33,8.70955819903967,passed,29,6.20034456259293
3685,149.09764145084347,4.5350292971320485,passed,15,8.619716735664063,passed,9,5.651954028855655
3686,168.52176320562998,7.719593847621817,passed,179,9.056272543744125,passed,147,5.599856104755041
3687,134.19932801708674,4.3389091757873635,passed,64,9.263222634730273,passed,33,6.312871050974378
3688,137.60160367104254,5.333089161757195,passed,79,9.132261973206624,passed,73,5.799334914227772
3689,174.73498276365333,4.054523923676112,passed,56,8.034438474418405,passed,22,6.433803116674941
3690,155.6778183952354,10.055817484832952,passed,156,8.020106712068053,passed,150,5.526369421937427
3691,155.24568248787375,6.014934986681455,passed,85,10.226787260254323,passed,33,5.013058391318559
3692,181.04815266638866,5.661740039082259,passed,101,8.508658091894116,passed,64,5.010186232189562
3693,138.9903837127031,3.7226634284908853,passed,77,9.83488591788837,passed,28,5.572241377540377
3694,190.90269629451768,5.9366134780022195,passed,125,8.132772027825276,passed,112,5.467323599257834
3695,131.18956700893028,10.527950906833297,passed,74,9.942989329004504,passed,59,5.014003416997781
3696,149.92906398009308,8.082979614722765,passed,52,9.755136529855314,passed,33,6.349915725045907
3697,187.17582095394133,4.4864156355170905,passed,45,8.128148622829045,passed,41,7.889372200892053
3698,184.93593575763643,6.116424319707827,passed,181,9.299207367456575,passed,129,5.615138186339652
3699,151.55580179941234,4.461104018134869,passed,73,8.521679503250912,passed,56,5.59564403087478
3700,135.5078057062535,7.209357884847433,passed,56,8.15826226419718,passed,39,5.2431582703381
3701,168.4610262556546,6.28057173231691,passed,98,8.837917390942085,passed,91,5.45347403868961
3702,177.09982495977093,3.5039933006244466,passed,70,8.211741116600034,passed,48,5.117856111069963
3703,192.30088469486753,3.168394884589693,passed,47,8.043148529043421,passed,40,5.648911543243762
3704,172.0771382673899,4.03186447003074,passed,94,8.374874785747078,passed,84,5.5972574522281215
3705,208.56935372798753,3.5032431421895875,passed,69,8.701514753841355,passed,30,5.509707380659012
3706,182.0449218611218,5.55047837974377,passed,24,8.39398104642941,passed,9,5.1796588501664464
3707,149.39312721347954,4.827365142936906,passed,59,8.118731734093432,passed,36,5.346767133339614
3708,152.36600408486504,5.775175344521806,passed,74,9.102831567815972,passed,64,5.420749285836601
3709,151.0538386854189,6.829696771161515,passed,50,9.372551036258425,passed,20,5.301452400962914
3710,169.37823544613124,10.736581923047357,passed,45,8.109535098804699,passed,40,5.4092487638860876
3711,158.6219673895117,4.068674140044758,passed,152,8.187885219226821,passed,147,6.558963690711472
3712,156.9596249932629,6.345232850212184,passed,99,8.510135003563036,passed,66,5.292207551558792
3713,167.47719345682182,6.025479943376338,passed,53,10.000934456551459,passed,43,5.587815542385899
3714,156.98596599069927,8.308703724169881,passed,391,8.1099276098197,passed,133,5.546475856226207
3715,203.75648530517427,3.9346503505033548,passed,104,9.718476815182697,passed,79,5.305165271776757
3716,163.23483129402615,6.993414543830681,passed,100,8.949795835110773,passed,98,7.172130499264395
3717,176.4892283577435,3.2082191188091524,passed,89,8.894933275512829,passed,25,6.2693124026353075
3718,183.44547870089883,3.993894570947534,passed,70,8.40168768015186,passed,14,6.087508177589629
3719,144.61807310948075,6.402919567762452,passed,100,8.018910799252454,passed,45,6.052226399956728
3720,202.6428631961191,5.55076857897375,passed,101,8.338067084865752,passed,54,5.053098575216253
3721,129.7951501666699,5.3249463316105725,passed,64,8.512810815610571,passed,20,5.629455441472797
3722,182.28927098184337,5.5100982850384765,passed,193,8.074276152083826,passed,166,5.825677588822731
3723,211.0184529527746,5.323148118127465,passed,191,8.386191569655498,passed,106,6.484892441516066
3724,153.58972735332546,7.26828049918129,passed,346,9.10906878686053,passed,176,5.008741843460518
3725,172.72998120819074,3.4253506921917842,passed,70,9.397079284258702,passed,59,6.245363286100591
3726,112.47880606679215,5.867416464038385,passed,54,9.38353332644828,passed,39,5.411880401726932
3727,167.0377557585005,6.94361716248174,passed,86,8.667372709524535,passed,70,5.01828152553585
3728,126.33159441105369,5.3198493077877185,passed,188,8.021020026614579,passed,106,5.144218895882724
3729,156.08412340507266,5.029246251360267,passed,102,8.004523786225782,passed,94,5.578035679188864
3730,156.95346332608017,3.5767350706429597,passed,103,8.884101931424526,passed,83,5.097172760292534
3731,133.25128702695292,7.739373521029834,passed,104,8.031149953538375,passed,57,5.363717717125049
3732,149.46099136558882,5.289924332546601,passed,152,8.067606592323195,passed,70,5.120566306028573
3733,132.12750915396376,8.281483595386648,passed,249,8.03555733229424,passed,146,5.968268206589178
3734,141.30274138043086,5.426289666831948,passed,27,9.534197090579411,passed,3,6.889173087681488
3735,135.86974436885833,7.557635007795582,passed,68,8.011138608061064,passed,61,5.072055466566683
3736,168.62493142118197,4.896747724636599,passed,46,8.874684106359298,passed,4,5.016369927531339
3737,169.22340967762358,10.331457296909681,passed,183,9.111751690450308,passed,176,6.887737093137836
3738,148.26829281709436,5.436390994234874,passed,31,8.570495940175471,passed,19,5.034408009620828
3739,182.33414641442243,4.697016083866856,passed,77,8.195924675163035,passed,71,5.228447439520689
3740,149.78467777030122,4.456203828181805,passed,116,8.393847142843637,passed,89,5.183469128426443
3741,184.85237366689321,3.764297934939944,passed,30,8.508984557228839,passed,9,5.80696624860888
3742,122.99429823731147,7.151880546284688,passed,174,8.012380262068097,passed,79,5.4540853649528875
3743,176.81762050159898,2.3372980995580663,passed,38,8.230741544823061,passed,30,5.383095262529536
3744,175.24306620877948,9.81348799238792,passed,110,8.322103038718854,passed,110,8.322103038718854
3745,188.54932341821407,5.6953300240037406,passed,131,8.267618817218292,passed,131,8.267618817218292
3746,151.49614471843188,5.625473894546611,passed,129,8.078242368386812,passed,84,5.752635442560794
3747,170.9763143701685,7.65391144478105,passed,108,8.226960394404292,passed,104,5.907455646066873
3748,163.37359717477847,3.9710222663565076,passed,70,9.732826247770742,passed,70,9.732826247770742
3749,177.99982975925408,7.097183198500646,passed,78,8.15655371212567,passed,69,6.787218942201756
3750,139.0339551127836,4.244778584767351,passed,83,9.012658337155855,passed,74,5.465817924782335
3751,137.0756339249807,5.927355220732228,passed,152,8.037301721301526,passed,68,5.276354192058874
3752,128.92212379432357,7.333552892942636,passed,116,8.93977287057297,passed,22,5.936933343819395
3753,159.17323742192798,5.334866000050599,passed,119,8.818103005265199,passed,107,5.839275421802226
3754,154.76356915859267,6.039411938940524,passed,153,8.05601744469615,passed,139,5.333551341600495
3755,169.07435260934824,5.138899149362695,passed,45,8.75671822125077,passed,42,6.898257723787893
3756,164.26464591646007,5.926585716375242,passed,73,8.405180078271624,passed,66,5.0189488822733
3757,174.42858790639124,5.6917974796251105,passed,70,8.624237918709943,passed,14,5.910422778006508
3758,92.23747342525195,7.693990871574459,passed,39,8.020516043135363,passed,28,5.835314545625514
3759,132.59359761972593,4.089772225950707,passed,87,9.39966345228549,passed,75,6.177730642807244
3760,126.41899466180386,6.244153980272931,passed,64,8.917078884213382,passed,50,5.149510084722619
3761,166.69363213074467,5.350397133758668,passed,128,9.623995884510016,passed,32,5.9006333105636966
3762,163.68791290845078,3.766327772354669,passed,106,8.605158974509376,passed,83,5.014311322939391
3763,177.02026406571574,4.161032981963666,passed,51,8.353341185469354,passed,50,6.486549700463051
3764,131.47572676885807,7.106477830942633,passed,208,8.669874672889755,passed,203,5.057063392789796
3765,144.85895483721274,6.57988199123979,passed,163,8.240157866014307,passed,141,5.070881106959124
3766,171.40801640843156,3.661851169272725,passed,60,8.597673105432069,passed,34,5.962929725804189
3767,152.35490589538747,6.019873603735306,passed,67,8.318835307764715,passed,59,6.623287769495212
3768,125.8176822804637,12.235938800157404,passed,45,8.526922807188896,passed,32,6.151940274859857
3769,99.87690027024708,8.270268625129026,passed,166,9.616550264406643,passed,46,5.003136347305448
3770,136.54261033441344,4.058572992132167,passed,33,8.034319892755693,passed,30,6.031404967485421
3771,120.37518906995194,5.803026212548237,passed,50,8.572700721890026,passed,37,7.630695390749054
3772,202.2788226426229,4.140221938948821,passed,40,8.021991962712294,passed,15,5.2294515121918295
3773,145.4403327182924,5.148669539422294,passed,217,8.31304092551508,passed,212,6.36809987843816
3774,135.05846710298565,7.409256566370595,passed,255,9.257028508722897,passed,24,5.003860642379654
3775,179.4593677631206,3.241309082894391,passed,141,8.029701487313234,passed,128,6.41105204556125
3776,149.36840993284176,4.526391199857946,passed,42,8.165737750205682,passed,20,6.045467040890262
3777,154.41695818152317,4.127806362728617,passed,46,8.01845149271212,passed,12,5.1127890111279495
3778,162.9790519208262,6.481920504539731,passed,48,9.083048653875547,passed,41,7.532492095952348
3779,137.92702862074705,4.499525080802607,passed,170,8.00923743023576,passed,164,5.580441510999945
3780,134.13808515656171,3.8541343054860477,passed,48,8.802996359130866,passed,43,5.757797572704959
3781,148.12427764746602,5.322084452590826,passed,80,9.368052997224098,passed,48,5.044000265691162
3782,154.45107664858196,5.4152227418255565,passed,89,9.701623770557411,passed,63,5.90309043866144
3783,182.91159321930851,5.9731492149662655,passed,277,8.366990963229682,passed,161,5.193843177442625
3784,145.18824346770117,3.119533708412165,passed,55,9.100998359622391,passed,35,5.020523795526999
3785,156.1818048704545,5.399377886947294,passed,56,8.40407634448308,passed,45,5.623030017929631
3786,141.42925800177187,5.268829861778921,passed,254,8.327359610503526,passed,106,5.39921633742364
3787,146.9924263650508,6.228622536769874,passed,107,8.114349525134301,passed,30,6.527243267288796
3788,163.09373719644844,4.063019908119761,passed,63,8.017816606979334,passed,43,6.2817097310239545
3789,208.33566501342236,5.059157763636905,passed,109,9.539082215720619,passed,70,5.285896539639334
3790,162.40786786415376,5.289225669136325,passed,50,8.210587559901228,passed,30,5.102700688727024
3791,181.48163444829564,6.673774820828443,passed,107,8.145734373183267,passed,36,6.919308812473246
3792,183.23580635334116,3.0344953826174486,passed,126,8.805796069920024,passed,99,5.010295282101773
3793,159.92703439112472,3.272543124983139,passed,25,9.078352891159302,passed,20,5.4938501871955925
3794,161.2949898323604,3.493801410661298,passed,72,9.511959411706549,passed,55,5.609383203811769
3795,184.35707354973493,5.908161636136626,passed,56,8.008981080212262,passed,27,5.106841942318963
3796,170.81521913321774,8.821163561270778,passed,148,8.494367123121794,passed,125,5.932585558992676
3797,135.61658854305506,7.955760643321745,passed,116,8.015105683229539,passed,15,7.2573360589718305
3798,172.80265075618036,5.907302108469177,passed,99,9.171727480426316,passed,84,5.0070794898134485
3799,121.73902173196178,6.11896903794074,passed,29,8.516089804953486,passed,22,5.246186462899716
3800,144.2653942381044,5.377123057531454,passed,150,9.258143665974238,passed,115,5.29750307960164
3801,141.89641121259234,4.869764444956364,passed,59,10.38144951497495,passed,8,5.12783623702906
3802,159.6379412859597,12.047875615144127,passed,25,8.132105413404588,passed,21,7.43816955335177
3803,154.57062829987672,6.771488002576491,passed,97,8.73763628126536,passed,47,5.495161932553061
3804,126.40015549467086,7.510466435921444,passed,50,9.598292200094116,passed,45,5.164562052754218
3805,190.91260488350235,4.628048139200003,passed,43,8.612523819310102,passed,18,5.071291661982769
3806,132.03965691884636,7.031867927785698,passed,57,8.001039020298183,passed,53,5.967393256775888
3807,156.5911767527828,5.126737920819456,passed,119,8.683424928814398,passed,61,5.325540429599762
3808,101.72097787368503,15.53556061007712,passed,76,9.874245483986988,passed,64,5.158453141723918
3809,194.59507147635034,3.687971127313741,passed,94,9.750187084523908,passed,66,5.5617960218453
3810,106.82183295363075,9.875770058079747,passed,32,8.000202340720852,passed,21,6.730632005217307
3811,224.28732445054047,5.015456215210053,passed,46,8.016473394661205,passed,12,5.190570007353901
3812,142.9825166746284,6.81401032336305,passed,55,8.38089623242344,passed,55,8.38089623242344
3813,101.05010462610488,5.196180724822825,passed,144,8.3064186852285,passed,107,5.7329988450087965
3814,160.64641638721878,4.860254521476516,passed,67,8.094865893460867,passed,50,5.3490746840495484
3815,149.18523970178842,4.288645275157708,passed,107,8.651740681411614,passed,106,5.072553594108364
3816,168.7279426721746,4.330655554025746,passed,166,8.019601592175562,passed,82,5.2828718229188
3817,172.69081336984402,5.159104061828616,passed,238,8.583774934058596,passed,214,5.183027152125108
3818,148.67966865023612,5.051659269984846,passed,168,8.461959377886297,passed,93,5.002108339131839
3819,178.0223292101721,5.049383838973136,passed,30,8.993085822565238,passed,29,5.697135796884756
3820,188.27979006320552,5.7143705106967975,passed,54,9.088366149813364,passed,44,5.782405311574412
3821,191.33531484655583,4.701967608152416,passed,31,8.481814821035982,passed,19,5.019569186304129
3822,154.63301303467853,7.2013435603075,passed,106,8.986410204311923,passed,95,5.875196171434127
3823,116.00804215474683,7.6115945088497545,passed,82,8.707895437755342,passed,29,5.356750439727609
3824,117.0659288945767,4.99634634029751,passed,48,8.75407385427418,passed,28,5.428247936224073
3825,188.6999072868586,3.467625106190829,passed,88,8.079452031719981,passed,75,5.278749029574126
3826,133.05046111001545,5.281395114613986,passed,93,8.418572716872475,passed,83,5.395390519627519
3827,157.9449053309149,8.116776973455416,passed,59,8.40741128018221,passed,34,6.185383416060697
3828,124.62383406037647,4.289273256449589,passed,73,8.84525213098948,passed,43,5.5266447549378706
3829,164.69372832503794,4.443458447317508,passed,292,8.27571057625558,passed,235,5.265638040751552
3830,148.22434743098034,4.526313170181665,passed,124,8.738230983414086,passed,107,5.002893899001792
3831,155.25586674775616,5.944010374689249,passed,82,8.918732185998923,passed,81,7.064168682682537
3832,186.89032259305017,4.293680739470074,passed,131,8.485343923599586,passed,70,5.211211430957308
3833,165.64257139709838,5.714852818057297,passed,212,8.353557682325064,passed,36,5.327172934471047
3834,141.87768581991622,4.512374491190227,passed,40,8.269153790029925,passed,28,6.493672199480871
3835,160.2115897293044,3.006793055364808,passed,33,9.409115926247624,passed,28,5.002239768484085
3836,135.92052866877026,5.426072719826134,passed,150,8.01121680946688,passed,117,6.878046712716723
3837,187.76722472043383,3.535837179471571,passed,47,8.029559967117205,passed,13,5.240029615489239
3838,192.78048530420025,5.051370984571898,passed,107,8.103818144507757,passed,45,5.3134276946214865
3839,161.73253982253794,4.084136923872415,passed,33,8.052024089414944,passed,13,5.161405581162715
3840,99.36418465340743,8.797091440568687,passed,132,9.55198401364903,passed,94,6.304808318627653
3841,145.74430066431808,5.001842085349366,passed,44,11.869731370123592,passed,17,5.037077375383192
3842,166.8079612460876,3.7509616129944847,passed,68,9.769046111662405,passed,44,6.159501593755978
3843,194.4071114542698,7.772938849920748,passed,44,8.102338851595459,passed,34,5.146763176879698
3844,115.84822774553199,4.714057003332618,passed,106,8.201978503275175,passed,64,5.039180494687612
3845,174.0077879345411,4.821327014055264,passed,100,8.181998326742601,passed,54,5.546997209639382
3846,204.25742036674256,4.128665056714722,passed,100,8.735824994700314,passed,89,5.866679098081473
3847,153.90369644426977,7.601434244266373,passed,173,9.813468774427792,passed,134,5.18917373978629
3848,197.93995368838355,3.6523663566724007,passed,70,8.70368059612785,passed,61,5.748887994868324
3849,146.26596056536306,9.786186024811865,passed,56,8.972208722040786,passed,43,5.9203033919903
3850,147.88253430072837,3.810142753215258,passed,116,8.34738346570727,passed,106,5.945008577385713
3851,161.76485639984074,4.858766607801006,passed,59,8.931847706469021,passed,21,6.871930251277836
3852,153.46296217838864,5.061671951797045,passed,99,8.993402942194063,passed,81,5.79156477113798
3853,163.538491195128,10.112913766965736,passed,156,8.59209896633657,passed,127,7.478310170794922
3854,206.72948654189116,3.2934763240765887,passed,98,8.17964291039679,passed,84,7.825270168908505
3855,156.06973042089476,5.18664838006543,passed,198,8.270482184111616,passed,108,6.1808508240422055
3856,167.13078954184243,6.3830434317647455,passed,43,10.238533397503335,passed,20,5.304214791432416
3857,166.24475972431694,6.392718974004332,passed,37,9.086841304946635,passed,14,5.4077120526923705
3858,146.476698010465,4.3968901446320015,passed,99,8.585247044317956,passed,85,6.870820875276773
3859,124.94959644754738,5.2004219950682895,passed,52,8.397444151430754,passed,45,5.968913680752674
3860,183.2552894586915,4.382986550905676,passed,80,9.037154265831804,passed,23,5.4224242337847395
3861,169.74800499144234,5.4071424972234015,passed,43,8.85714097184973,passed,21,5.093925893089435
3862,149.64177112340386,5.517213372399774,passed,84,8.15049424463301,passed,70,6.483881216607923
3863,161.79778805727545,2.7336763263255537,passed,31,8.90396220939964,passed,30,5.385849910439711
3864,132.59147312457748,5.862075455466986,passed,61,8.122477728020506,passed,55,5.166417508800647
3865,158.43729447134143,4.042622595714619,passed,150,8.178258359450275,passed,132,6.134261994187051
3866,192.77579136011025,7.787994293988099,passed,76,8.307259564073544,passed,42,5.8040141009179536
3867,106.81883666562149,8.18529570526542,passed,113,9.434533191550765,passed,61,5.583694671285944
3868,138.74676718921629,6.961964364284827,passed,212,9.117404830598907,passed,20,5.621452220420475
3869,157.73572674728143,7.328519423491553,passed,224,9.028891662128945,passed,35,5.4538793648674755
3870,152.88058074852415,3.445368246245417,passed,97,9.373686587923014,passed,63,5.514563647050408
3871,171.5240308924461,8.99257442278008,passed,143,12.294848420036097,passed,28,5.27746856380249
3872,131.74220292309772,5.728860946974803,passed,217,8.019434218966936,passed,216,7.9739570900816625
3873,132.8724807804659,7.112630268227142,passed,173,8.443865865607258,passed,150,5.008164407668669
3874,162.6019270936136,7.146240619244239,passed,60,8.633127791026851,passed,50,5.991897255681677
3875,169.501437389088,5.7066011319316585,passed,255,10.307501210991221,passed,225,6.28596960475889
3876,125.71547321238032,4.571705831680305,passed,13,9.28030424894548,passed,3,5.202172719539511
3877,134.17341840183278,5.699972833327093,passed,112,8.168936213660327,passed,46,5.019486818015717
3878,167.71667737000766,7.3107260776228005,passed,53,8.178593778719057,passed,50,7.030647384103816
3879,190.53136530789945,4.7823222352423835,passed,107,8.014646862668107,passed,79,5.420759184347523
3880,166.5879632987976,4.1716970979236825,passed,64,8.160355495298566,passed,9,5.407450818298165
3881,142.88224559314665,4.620187580004232,passed,59,8.161160592589688,passed,48,5.3808667015244005
3882,161.81355242080753,5.273902648292007,passed,124,8.08960389761426,passed,53,5.218687150337753
3883,126.15876797240495,5.807298197719921,passed,251,8.508389879776178,passed,61,5.031597603429083
3884,159.80169631156488,4.348760223920643,passed,86,9.076463656338296,passed,67,5.006356736215833
3885,147.30877926663584,3.8584398319671367,passed,8,8.004072600612577,passed,8,8.004072600612577
3886,163.7197679676763,4.529992488535518,passed,33,8.3533448579171,passed,19,5.313600099678495
3887,167.26393478015842,9.586114386412202,passed,216,8.345003718767984,passed,207,5.110972170492878
3888,168.3205526983884,5.189617392254641,passed,12,9.386410843669935,passed,4,5.4557682764941
3889,134.69399132109166,5.842998977335365,passed,231,9.009804847451864,passed,128,5.0012638248888575
3890,164.69814466230073,8.503753217075221,passed,66,8.356872315047159,passed,53,5.216533828765213
3891,143.46359302464268,5.885706953218175,passed,94,9.296575768421445,passed,73,5.867159662925792
3892,163.56665820466964,4.8917320973193945,passed,78,8.907888615101367,passed,76,6.641251459572639
3893,115.1836455298493,4.653290928010328,passed,103,9.319850457388789,passed,92,5.91220008198361
3894,192.68939387877836,3.6744033934924167,passed,61,8.356762685151221,passed,30,5.172194950475983
3895,192.2702593387229,3.6290142915258587,passed,89,8.708303360577174,passed,48,5.042873278822979
3896,120.09287378885563,9.283706342352529,passed,71,8.92043681539083,passed,53,5.318316877983054
3897,171.38908510119592,5.0334442066865694,passed,65,8.649041378355138,passed,33,5.186261408081694
3898,188.09269160095513,4.649757398550017,passed,36,8.70314896926212,passed,19,7.015014235184869
3899,187.03557488179777,6.378132401517448,passed,87,8.57617466427978,passed,45,5.752095227821363
3900,130.11342214922777,6.604242430980083,passed,45,8.220369589910925,passed,37,5.114468512288894
3901,130.17169201343052,8.602502134890518,passed,142,9.778620324181752,passed,102,6.193939552368621
3902,183.61843511211927,3.336361219001654,passed,30,8.114655398925997,passed,13,6.632539269155102
3903,151.87166962691654,5.294174564158116,passed,260,9.5913686443444,passed,249,5.179594059095671
3904,170.24896212946425,4.7704005347132306,passed,33,8.826499831535028,passed,21,5.174217345210486
3905,149.47070126206995,6.7981388961714035,passed,99,8.039102238218065,passed,56,5.624982661012834
3906,197.49634909313284,4.079010539730275,passed,31,10.581768206729425,passed,16,5.586530963631686
3907,164.48391373929786,12.33079445837311,passed,67,8.003305556553663,passed,61,7.828788985194324
3908,180.52699786566046,5.019084934017045,passed,45,8.152039622885333,passed,12,5.468338306508924
3909,146.71247796723864,5.911960926180159,passed,110,10.184285601391686,passed,50,5.009293192711239
3910,195.7726487121855,4.087682455694935,passed,110,8.006617355945277,passed,89,5.01991304089322
3911,158.64931230674583,4.082442105253457,passed,215,11.574903960456218,passed,172,6.1770583695063275
3912,160.56521812802416,6.770719417624478,passed,213,8.440916748933658,passed,198,5.223317121816784
3913,185.91933676529547,3.8542446258916425,passed,24,8.304242269910489,passed,14,6.166518210896466
3914,173.40002595209052,3.910810329310007,passed,73,9.12489199373252,passed,53,5.139570842016705
3915,147.0235128347936,6.540851173567496,passed,161,8.003471457405942,passed,70,5.062196082206127
3916,139.01608206414485,3.9647306967928153,passed,104,8.33268676717549,passed,60,5.379488847445213
3917,216.33631236683044,4.718164862427285,passed,74,8.972434057149691,passed,53,5.351305444455856
3918,171.72304508804862,4.803254250220119,passed,55,9.509716869893193,passed,37,5.226742043471266
3919,145.66463873754768,5.112003468639458,passed,129,8.49636647434564,passed,122,5.343808693027974
3920,217.38868444504362,3.5067816825143185,passed,44,8.413790938319753,passed,35,6.347929509097838
3921,155.91308845242975,3.8243469903921903,passed,47,9.487301149943006,passed,41,5.5495240293070625
3922,151.25772270435874,5.433105443904976,passed,133,8.53539912160226,passed,118,6.341047681606504
3923,166.73661161451628,3.756296454492712,passed,92,8.759105573112503,passed,74,5.41837432072656
3924,164.10800784423745,10.40848712915032,passed,290,8.708523921596068,passed,73,6.377820924990574
3925,199.31377161301577,4.181965853174587,passed,89,8.393982557220504,passed,65,5.01847134292468
3926,206.70696684684967,4.0060273313348915,passed,94,10.81074219470648,passed,85,5.285490902453072
3927,160.40242138103915,6.032231435507217,passed,66,8.053975273317526,passed,44,5.796440534317737
3928,157.81445546418476,3.8831451237302814,passed,64,8.148390070836076,passed,61,6.600821608434138
3929,168.50849095257504,4.82702433476922,passed,65,9.040442123325976,passed,39,5.370872365084933
3930,193.7754420787157,4.471168340502582,passed,75,8.035617529326355,passed,53,6.490483350122722
3931,205.71981864499315,8.217518055792928,passed,63,8.511284451288859,passed,21,5.17358543279427
3932,172.20610200201912,6.945595908006561,passed,91,8.55349423841838,passed,60,5.442387158227402
3933,127.75226468223985,4.06138892156551,passed,39,8.389184212888612,passed,19,5.1300490422150125
3934,113.14042545902767,5.226643296093388,passed,109,8.01614624710647,passed,69,5.129967825265913
3935,145.82511148314072,6.7109762201232215,passed,33,8.55845006921272,passed,19,5.292000203776581
3936,176.8445595763513,6.4731122532097025,passed,44,8.808876162565449,passed,14,6.758650051110449
3937,152.5841217800849,4.909948281652133,passed,22,8.373754770380426,passed,6,5.1509306633793495
3938,117.70592434254911,4.929427489124054,passed,210,8.51457192021896,passed,183,6.039005753933702
3939,151.87475444373973,3.1267816849833547,passed,25,8.762588099128287,passed,16,5.322817736847174
3940,135.5666937659195,7.135425350658096,passed,59,8.225697233109862,passed,32,5.130248835675433
3941,128.67961177947979,6.258475632845259,passed,150,8.880291016530295,passed,31,5.085619878046743
3942,184.89286481694413,5.661993377095325,passed,83,8.368129465458773,passed,71,5.228358505698383
3943,148.22856315239324,6.689331246454894,passed,107,8.70851357087734,passed,102,5.810971548320709
3944,221.30993609100597,2.5281233510370975,passed,54,8.147785548574316,passed,14,5.19126964249903
3945,198.64667187495942,4.635135716990142,passed,219,8.279202506007977,passed,186,5.011577974929748
3946,163.29725026030655,11.074192929899713,passed,196,8.661892367554437,passed,174,6.114115640015849
3947,160.0198856714754,5.376313008643628,passed,217,8.31339606841155,passed,164,5.425491177181407
3948,100.22880652033082,10.846042386587868,passed,117,8.023309695751957,passed,59,5.33270645302002
3949,136.96060660616953,5.1280336964488225,passed,64,8.131628431708226,passed,36,5.8722174322614284
3950,127.28027569795906,6.419349617703229,passed,218,8.568130575555056,passed,140,5.736267431326558
3951,201.42216117577982,4.27689948081463,passed,102,8.646214044972854,passed,94,5.071286954536602
3952,161.25552767175887,3.75796773327973,passed,126,8.298145812737467,passed,89,5.660767325538263
3953,149.7249840310277,4.163365245135601,passed,88,8.542488882462385,passed,50,6.230493160064787
3954,118.64989866580729,6.116500605929899,passed,104,8.080833543061416,passed,97,5.195972315432473
3955,132.31991195128222,5.3963017493885355,passed,23,8.18671428268325,passed,21,6.300276254551029
3956,156.9702858163373,6.514893306909009,passed,224,8.189194412400091,passed,73,5.012384211105436
3957,216.57385325601427,3.112587519324304,passed,83,8.871694962735276,passed,62,5.4613224851074005
3958,154.461982713231,7.46856932351473,passed,222,10.77412830411495,passed,61,6.984587071374082
3959,164.4434387041728,5.733663787336737,passed,113,8.999662098118932,passed,68,5.053844642436278
3960,129.29824957081198,7.846273010131659,passed,228,8.015304940191248,passed,139,5.88014195441251
3961,137.91692514657683,4.0909245573803,passed,64,8.708479464138087,passed,44,5.128660955066988
3962,116.557288207574,10.12457313498849,passed,169,9.68039471771025,passed,124,5.455106733548742
3963,114.53900358914115,6.80719625975507,passed,46,8.001165855418947,passed,18,6.039880412908216
3964,139.1289556347542,8.306585932208675,passed,104,8.386322548591508,passed,97,5.394867610705023
3965,140.471909277634,7.673918930026767,passed,146,9.403167634750798,passed,141,6.378456937564003
3966,195.04083798068126,4.446730122012466,passed,106,8.013360738214882,passed,97,6.585902016331424
3967,168.53784152353097,7.7268408678261995,passed,228,9.136822690047275,passed,170,5.5012557976645615
3968,200.04481115611856,5.161446371907714,passed,53,8.611741193722589,passed,43,5.522944176764577
3969,139.34226706701355,4.737980576747042,passed,176,8.254855428746023,passed,106,5.0192506592116715
3970,198.4779404901181,3.674877826147998,passed,44,8.338243782184618,passed,44,8.338243782184618
3971,177.5270675339828,3.834163757238733,passed,64,8.472544735607169,passed,38,5.088827869166468
3972,175.01386592196275,6.43343058157229,passed,118,8.021085080448032,passed,115,5.741587530937919
3973,160.00914610503574,5.618398816490234,passed,94,10.223058132548001,passed,54,5.015232702011407
3974,219.6694913013584,2.9164511056186404,passed,37,9.715958384168655,passed,14,5.172221880154826
3975,182.92838397516311,5.5949762135990415,passed,100,8.430665576415741,passed,86,5.0182380265352045
3976,148.55475533464238,7.4905141140386915,passed,203,8.016055595436033,passed,117,5.195931790570563
3977,159.5260535678309,6.363614099105409,passed,50,8.053127395417615,passed,13,6.217420768221316
3978,162.92351449918132,4.9725713120854795,passed,38,8.323102777485026,passed,38,8.323102777485026
3979,192.83325124605324,6.860516394741209,passed,53,8.343017349551673,passed,41,5.013089456443209
3980,159.13686964122746,6.092568969441148,passed,100,8.036664413255746,passed,94,6.0720090903764845
3981,217.60371826826287,3.6387269359661656,passed,80,8.786623283363681,passed,58,5.652734743993282
3982,140.59927974794113,8.136006175328358,passed,139,8.07249037803519,passed,132,5.985001854836147
3983,149.75749043125032,5.612981666011007,passed,23,8.192121740077596,passed,22,6.618590498357713
3984,183.4715009627399,5.877989835547468,passed,52,8.010029981989675,passed,30,5.015155661531834
3985,169.48179107547722,4.844024673003467,passed,86,8.974645485719691,passed,46,6.5965413722238075
3986,189.5897136254304,5.008987341059548,passed,112,9.597692123885725,passed,106,5.078161853793395
3987,109.23426320213147,7.662472445831478,passed,76,8.166999249622542,passed,33,6.149200144043343
3988,162.50583883719608,5.726392835897901,passed,70,8.598733531406166,passed,70,7.064397168727998
3989,158.47776181044244,3.410881936423127,passed,88,9.201161455992391,passed,54,6.12438426659041
3990,195.68383695945215,4.406088129650505,passed,59,8.006625933841294,passed,25,5.768957963698185
3991,152.62374399316334,7.23919275455138,passed,83,9.046731683806764,passed,56,6.484360412017942
3992,150.18778136577959,5.288218482843767,passed,144,9.279323953163999,passed,118,5.328339440034968
3993,188.38750504073616,4.259993981863989,passed,110,8.912057837699505,passed,55,5.9759756444810685
3994,110.2548182719524,5.94008346679252,passed,119,8.843339766839575,passed,81,5.5224969641368915
3995,156.18810533830748,4.598013779557504,passed,108,8.525349150312266,passed,62,5.433204980879758
3996,135.84205711285026,7.761672245198743,passed,8,8.221030534413543,passed,4,5.165022788678386
3997,194.33337823312172,4.170234116410304,passed,82,8.204431139317215,passed,22,5.041420056815071
3998,174.17788301341938,7.139820888442587,passed,69,8.728946128999947,passed,54,5.591075915512911
3999,203.0602756749413,3.2498330912051703,passed,70,8.499920505879643,passed,28,5.467414049088992
4000,165.02581694935577,4.066178557666655,passed,89,8.818208058114664,passed,8,5.396918806899764
4001,174.46421484332325,6.167299122205131,passed,66,8.715126853180122,passed,45,5.3884842537032185
4002,171.8861691813658,12.608190097442396,breach_static,87,-10.540345425734433,breach_static,87,-10.540345425734433
4003,144.7873251051795,6.078586007479102,passed,64,8.652333256324752,passed,63,6.070630511840869
4004,124.601453057205,6.274105976153146,passed,89,8.03913225715851,passed,68,7.1806752232354665
4005,154.99680457751003,5.595212113105211,passed,69,8.194037754602368,passed,48,6.215115524280224
4006,105.3581655683292,6.376583334075233,passed,104,8.14385514268816,passed,24,5.547635639775428
4007,187.58508029707664,6.129791767538038,passed,43,8.335421674729648,passed,34,5.0658336286373284
4008,187.2792360254817,3.2877066982620753,passed,55,8.114345777186816,passed,45,6.006571610940137
4009,176.20101148884032,4.743650016516503,passed,115,10.554839294692208,passed,106,6.258122729252635
4010,106.80389691826764,4.861221811088083,passed,65,8.186739743137217,passed,31,5.054158136249565
4011,211.3869000852835,4.019155489651479,passed,28,8.83153295983683,passed,28,8.83153295983683
4012,158.7755663083678,6.157073709778892,passed,84,8.015222389796905,passed,37,5.578486734580657
4013,190.83500397832708,4.46196018661601,passed,118,8.187682929349439,passed,115,5.878923895447574
4014,203.4985407788665,3.867274362636628,passed,43,9.462146772466241,passed,19,6.707042246301276
4015,182.42260889489447,4.9462540147028955,passed,87,8.789119888164599,passed,33,5.05254120038634
4016,116.50563815107722,7.962438405376855,passed,287,8.617216904517356,passed,255,5.444009890784085
4017,181.38342227323747,4.793781133765779,passed,76,8.048774375914224,passed,52,6.0206538268163134
4018,174.61162154213517,4.052878119179183,passed,19,8.883085067496332,passed,9,7.486236530322543
4019,143.61680044720657,5.072638026025055,passed,130,8.711769205117093,passed,119,5.980250936675913
4020,173.18344818794736,5.610032075930949,passed,34,11.168716344380925,passed,25,6.133371676880017
4021,128.19574144666905,5.334637569412321,passed,97,8.112511128905652,passed,40,5.485627929252979
4022,156.71900791878244,6.404773225737574,passed,65,8.250847301499942,passed,47,5.001830611489333
4023,155.28682543081123,6.936425788448323,passed,135,8.006271948236797,passed,117,5.930917755268306
4024,133.36333432826265,4.645610144262205,passed,46,8.570054146472984,passed,30,5.07305021858373
4025,212.83552648450546,3.935444465065949,passed,50,8.362550438648642,passed,31,5.987668677788305
4026,185.63515014199686,8.168148408350993,passed,154,8.084844989611328,passed,147,6.924234206808366
4027,144.4448010225255,4.871046368047627,passed,138,8.84275538811008,passed,120,5.567874182205523
4028,103.20851126169165,8.141131999061228,passed,244,8.008418728539679,passed,235,5.401641000515323
4029,170.9322968679941,4.27522671917296,passed,75,9.221029930790415,passed,65,6.304827060791829
4030,144.11822358371938,3.7399984904266694,passed,16,8.63806478577962,passed,11,5.089842689027813
4031,187.43849957975925,5.150770856359407,passed,19,8.138068796958953,passed,13,5.45927500344483
4032,126.19050914012129,3.9908841864879143,passed,23,10.155335005353416,passed,22,6.053871946484879
4033,152.98881282487864,6.659242888175075,passed,97,9.241052779685987,passed,33,5.545214038594093
4034,145.34844841058026,5.227311228053792,passed,131,8.010892817122173,passed,44,5.881528807606018
4035,188.80721463396992,4.90398337299927,passed,41,8.307404369574689,passed,35,6.14156401057695
4036,140.8824586853806,4.863338693526806,passed,210,8.030062884791178,passed,186,5.325152678538547
4037,160.55780365283354,3.6641734518314157,passed,84,8.839739258958845,passed,46,5.409391201608038
4038,163.80866974259538,5.362472083125789,passed,53,9.115285492304558,passed,22,5.569360400343015
4039,153.74694245194115,8.488142255578216,passed,222,9.519345820383629,passed,33,5.029456576461677
4040,168.63508976360123,3.784917857583667,passed,38,8.037391951768758,passed,30,5.236180138113489
4041,160.5343863919692,5.632353445937575,passed,81,8.288846047204723,passed,20,5.941632446699319
4042,134.07835991574976,9.1301633048495,passed,311,8.103401777787433,passed,279,5.303751988241445
4043,179.98609361713451,5.077378308815387,passed,126,9.357838945891771,passed,104,5.012937514407567
4044,142.02015237329877,5.3401610879865755,passed,66,9.448149894033243,passed,30,5.233402184949676
4045,141.01216990701602,8.96388188041826,passed,97,9.120512189673091,passed,97,9.120512189673091
4046,167.49898638800153,4.524509389617153,passed,36,8.67738509406708,passed,36,8.67738509406708
4047,170.52147347189938,3.832679800490524,passed,100,8.796556373404773,passed,59,5.275234109896143
4048,92.05861537249802,6.822607088264306,passed,108,8.069503412019351,passed,89,5.159497752929321
4049,160.922818933252,5.232781425936316,passed,103,8.510471776380335,passed,94,5.602049753303695
4050,172.64457997758754,2.9052287229152296,passed,40,8.412508233331263,passed,31,5.239452832749647
4051,152.62559662711107,5.525357648928104,passed,157,8.003261891118974,passed,93,5.286036032907915
4052,146.55384086706303,3.3532648694007445,passed,98,8.373014497727338,passed,10,6.5298015728833425
4053,139.78383521872746,5.748996472294805,passed,63,9.6068444165343,passed,55,5.315050900454388
4054,174.6298418708725,4.2745235468429135,passed,68,8.682049583165918,passed,43,5.2569784257002095
4055,163.11388827250002,5.6645164689553695,passed,247,8.14440245048651,passed,224,5.2350851071989
4056,156.8148247504395,4.9140661579112335,passed,58,8.174875434222638,passed,38,6.411062867429673
4057,136.68394989417743,8.290076817393508,passed,64,8.622623267365647,passed,39,5.5903874434374945
4058,181.30540496316257,4.328678644353164,passed,68,8.011716772466503,passed,50,5.03310735738014
4059,152.50195388823323,6.273060384793423,passed,161,8.869392203583825,passed,59,5.812605198197263
4060,97.9656512699526,7.777129539041676,passed,105,8.547505221312047,passed,31,5.446823254072397
4061,196.08986062844372,3.601264459797452,passed,84,8.018977144665019,passed,64,5.142103439097334
4062,119.24137274227724,8.240740260817436,passed,119,8.009411410002176,passed,115,5.348021832505512
4063,167.8983996394722,5.260439203577176,passed,59,8.000396157629286,passed,31,5.261681993518641
4064,172.1461277150688,4.136160274081551,passed,60,8.064485336944305,passed,57,6.252411989620188
4065,144.75907291378286,6.872311040244374,passed,31,8.425585019282899,passed,15,5.018961013758627
4066,173.42343585598036,3.890962573158374,passed,64,8.788569666790092,passed,33,5.144890626538801
4067,192.02299013615564,8.100982975006648,passed,61,8.727995312118209,passed,22,5.43307384238727
4068,142.23639721694715,5.552541222870932,passed,40,8.20795829760459,passed,34,5.505795637655875
4069,154.87129725817698,5.430161315024002,passed,66,8.349580261112145,passed,44,6.070630914438135
4070,211.9442446292036,3.057916795961881,passed,22,9.039873063428306,passed,22,6.482002553753308
4071,124.4923656338782,8.699186660642768,passed,40,8.206962105266658,passed,31,5.742665434852445
4072,155.95954981602648,4.8179857253901135,passed,50,8.960701995921516,passed,43,5.708578559987187
4073,130.11446446814367,6.205135850409326,passed,84,8.939303154729593,passed,68,5.245563926351449
4074,162.51290670379305,8.075071221604887,passed,225,8.014734099856934,passed,53,5.046790231268683
4075,228.94489890259547,3.9083475892462802,passed,106,8.343271726942847,passed,91,5.002838910722618
4076,127.75257248182999,4.640436240567831,passed,103,9.432542272516464,passed,48,5.306802949523259
4077,114.16916448250909,7.730513241285496,passed,107,8.019276148258081,passed,103,5.780206473457916
4078,137.67641598262634,7.4931387425121105,passed,74,8.636504911019083,passed,69,5.1556336075919695
4079,144.34030756468889,3.7691232958081917,passed,38,8.218317465349912,passed,15,5.741753842076824
4080,133.9305699505974,4.458801893897327,passed,141,8.01014089620713,passed,55,5.086499601833028
4081,162.64566079372074,9.633283589922502,passed,229,8.330812675570986,passed,208,5.428743535795033
4082,152.63186814062018,3.124075950765571,passed,79,8.265534771154236,passed,70,5.54565735243131
4083,162.83218851297096,4.155283728581251,passed,23,8.303125901701147,passed,20,5.975389806108988
4084,143.03477463374148,3.1257161103773377,passed,28,8.890808129427242,passed,13,6.957961313089056
4085,151.780605849972,6.40998501454308,passed,115,9.53796757078944,passed,102,5.006491572141569
4086,135.48257020961935,4.950541499405327,passed,146,8.706304983306246,passed,49,5.0581881529572215
4087,134.73448974141445,4.275566366407278,passed,74,8.377881915545649,passed,63,5.900159660306348
4088,181.26133932249456,3.0409246366273948,passed,52,8.035737107115937,passed,52,8.035737107115937
4089,159.45015734658224,4.791482413075107,passed,52,8.290951518270596,passed,38,6.6818345759096065
4090,174.25429358404622,5.649946105122975,passed,85,10.819981143596369,passed,61,5.44816781833537
4091,166.52601001327815,5.890017632276153,passed,138,8.58187297644626,passed,95,5.0216580648592135
4092,171.97831403029488,5.874502788038703,passed,134,8.371106694444252,passed,34,5.781451499765478
4093,163.48238097019495,4.565734590304473,passed,145,8.655565672052434,passed,50,6.312578725561369
4094,169.39487312730375,5.5118157624471396,passed,102,8.098584886005344,passed,91,6.873731242251324
4095,165.61023633528413,5.3482841414631705,passed,216,8.026484926550005,passed,106,5.032889682412667
4096,144.2911465342856,5.336138385634445,passed,48,8.299682830473664,passed,20,5.486672182559316
4097,136.7500061753943,7.155197782236081,passed,86,8.065758725679228,passed,73,7.302959845508128
4098,165.51585678471855,5.374072694355707,passed,77,9.663054265621795,passed,10,5.038984783311529
4099,98.91379863369933,8.064063058847566,passed,163,9.022859105120574,passed,47,5.761558494362062
4100,151.24424151287604,7.19171924289891,passed,65,8.687014415612083,passed,28,5.011812271921001
4101,85.280659352343,10.120299973206938,passed,99,8.82426774152496,passed,93,5.019715358696564
4102,157.94613559145373,7.857490265222145,passed,158,8.482551815986783,passed,120,6.297223016110065
4103,126.2104882861884,6.603361002640903,passed,44,8.113110172663518,passed,40,6.794787325009977
4104,116.86895774142165,8.035994403715156,passed,48,8.00390175573462,passed,31,5.599073476350935
4105,176.73007925992889,4.009866713377619,passed,70,8.469814256251551,passed,39,5.74738936905872
4106,159.88241521488482,4.4839828092125895,passed,77,8.20690870466423,passed,51,5.052626982338393
4107,193.19343671072284,4.3967069510439005,passed,44,8.814753430132516,passed,17,5.724425922887644
4108,132.23673071634994,6.1390357053412465,passed,65,8.723173706377985,passed,60,5.6520358342994514
4109,155.1097955501134,4.370591876549634,passed,67,8.1481138471027,passed,56,5.878623988966103
4110,159.0574007147013,4.543769249347385,passed,75,8.306911777207304,passed,34,5.3569089107650125
4111,128.8453329943688,4.4246818904170455,passed,67,8.25605658759725,passed,41,6.606371841661085
4112,130.32302578369058,12.22394824964106,passed,18,8.425249110066368,passed,11,5.212086426585705
4113,140.38449369896765,7.578982604737831,passed,290,8.7137502435914,passed,255,5.0771766248678185
4114,167.39210403229148,8.01562014506111,passed,85,9.445532458344076,passed,74,5.098812152131016
4115,143.4933699218656,7.883188470218743,passed,190,10.074353934781023,passed,13,5.000509213097204
4116,101.67103036063688,7.691163839098769,passed,78,8.634569859821362,passed,25,6.201118763532953
4117,157.82904617734937,4.032996509372279,passed,39,8.059739660581755,passed,21,5.09448275768023
4118,160.81115147989667,4.877884298996795,passed,192,8.002046342228585,passed,71,5.008704340942849
4119,168.66184603324464,3.4093362127566014,passed,102,8.08557015552871,passed,55,5.942072645472063
4120,179.28503860982974,4.908906889541973,passed,36,8.330812066577664,passed,14,5.847915520450142
4121,112.8783820607068,5.485745765836978,passed,56,8.84245820170353,passed,44,5.22877132561963
4122,231.98632894439203,3.55556235227105,passed,42,8.767042788076074,passed,23,5.416663690071299
4123,170.81254659772918,4.372117670581267,passed,43,9.274839476749875,passed,26,5.868559246706528
4124,201.53684837568218,3.9622047337915722,passed,45,10.685850658409702,passed,33,7.07892727289976
4125,164.67237456798586,4.306882656577294,passed,163,8.459804645003356,passed,108,5.015783747084646
4126,142.28718834947975,4.324384072082429,passed,128,8.125718328715381,passed,65,5.096411453044425
4127,141.03530421387322,4.600136520432647,passed,15,11.228183097636514,passed,13,6.015815729254093
4128,134.5932760649625,4.853028316189302,passed,134,8.603140720072599,passed,110,5.55232762949236
4129,113.33413201895456,9.036697645746901,passed,42,8.137747757553404,passed,34,5.779791775132437
4130,153.75414854721834,9.012281995857935,passed,240,8.89899569857555,passed,133,5.426955215073859
4131,158.84001432385108,7.505917011565452,passed,61,8.477652870857955,passed,43,5.8772982923891215
4132,108.98637179607147,5.691082897611479,passed,336,8.147353313581561,passed,295,5.019122029864365
4133,200.66637161355675,5.306989655813476,passed,83,8.058216480505465,passed,55,5.539981929765991
4134,146.779616336884,4.4289190355845465,passed,48,9.496875630387148,passed,17,5.011838323417694
4135,172.51423926110996,7.764588228132636,passed,106,8.42795484292842,passed,65,5.30146714624653
4136,172.08514311960053,5.255533465016284,passed,62,11.56284970353032,passed,28,5.012728694396085
4137,138.1371866172622,5.138279440498206,passed,117,8.008723750434532,passed,82,5.02285634796622
4138,192.68174285107418,4.052850383999373,passed,121,8.340602758286009,passed,94,5.41269284474033
4139,76.3015559621304,12.19593346653406,passed,516,8.702103966182717,passed,459,5.38481809625635
4140,186.63272460681918,4.520937633693007,passed,85,9.85106982480195,passed,41,6.509964679605362
4141,188.27475624393313,4.189056010287239,passed,65,8.145041476116921,passed,54,6.441528024655341
4142,156.5627766134096,4.593353620475302,passed,106,8.398430243073317,passed,35,5.342322377983155
4143,146.50078335489397,4.082660702079237,passed,150,8.56764664219698,passed,115,5.172668004544034
4144,160.5013649810775,8.355035666112656,passed,131,8.566788513388811,passed,100,5.6394425901730605
4145,182.02153910870015,4.691854721029979,passed,120,8.272955203467935,passed,104,5.20997076896057
4146,188.58372102027676,5.210518343095461,passed,141,8.528777173119284,passed,139,6.161369108548431
4147,148.07560490880306,6.8361872029733135,passed,48,8.55205494058362,passed,15,5.517586275269704
4148,183.5822152278461,6.58665383686685,passed,50,8.483679668455402,passed,20,5.729066608903133
4149,149.9288868484013,7.952810937577222,passed,100,8.300146741132085,passed,56,5.604664641350632
4150,141.75127812223013,6.881269608316062,passed,198,12.458364865726246,passed,190,7.602493603991745
4151,203.9882737628215,7.5233420675088745,passed,43,10.542811377777594,passed,26,5.107127524912913
4152,140.7706853516602,6.446787888086202,passed,198,8.721324750891446,passed,176,6.345361276194739
4153,153.65952166137043,6.851176433992142,passed,64,8.831000076954165,passed,59,6.524335355296618
4154,128.70090278414327,7.2189306016874095,passed,69,8.374764427435855,passed,31,5.0611963516214775
4155,177.78553463260428,3.783407799735746,passed,78,8.63150186015027,passed,61,5.589986211768183
4156,166.4542867191773,4.286464959601467,passed,89,8.376143203207342,passed,84,6.421049494309128
4157,154.85274241790626,3.8627293452011497,passed,100,8.665847277832462,passed,64,5.58039482972319
4158,164.12653894054245,3.635764264856108,passed,85,9.010581439690025,passed,45,5.2248074663359345
4159,189.11577370373175,7.914033540341723,passed,79,8.603224721141922,passed,79,8.603224721141922
4160,210.92368985377533,3.580127379230278,passed,37,8.671229583467067,passed,30,5.966532185671136
4161,142.02536317814594,3.955049069739449,passed,110,8.002747487470096,passed,100,5.505958654405041
4162,141.12235442230494,8.830239086712787,passed,57,8.437850141800073,passed,50,5.975895765433559
4163,181.19078330190948,8.893642394579398,passed,21,8.058436811086711,passed,7,5.095409584931354
4164,195.62503468973307,3.1879248546624286,passed,57,8.14245923460344,passed,14,6.379227093987394
4165,154.21303679193218,5.3280885843758305,passed,114,9.134289812597874,passed,99,5.0088304852409005
4166,135.14695880700737,5.088732710590243,passed,41,12.02533389231968,passed,33,6.846490667417826
4167,134.6226218561474,6.329315295349446,passed,89,9.148128124562849,passed,78,6.840360372069498
4168,125.88207405021046,9.981795574640559,passed,350,9.06086052082733,passed,342,5.578731063694042
4169,166.20438105234766,3.8556407145654497,passed,98,8.016158913201998,passed,85,5.002734906635697
4170,148.51384385811664,3.4559059800280996,passed,58,9.158461269984276,passed,20,5.8371077081813105
4171,159.57209809117825,4.106998746151066,passed,61,8.19588099736539,passed,36,5.783524348887803
4172,131.42379438021473,4.790879336122901,passed,67,8.006818618747369,passed,19,6.376849744334767
4173,159.806256557079,5.955024282878442,passed,59,8.579272646506597,passed,14,5.154073949140314
4174,132.55758406587162,4.874144951155788,passed,118,8.981687764219304,passed,56,6.825905873512461
4175,188.01082414531228,5.416229221167048,passed,106,8.877138240032266,passed,85,5.0886041481764455
4176,122.82877497329929,7.640900766911743,passed,172,8.55428605893447,passed,155,6.368914678506576
4177,138.66911228732275,6.946256360244258,passed,272,8.016142696272489,passed,152,5.087251283580008
4178,153.0239018230125,7.542593565699532,passed,48,9.886293800137015,passed,34,6.5944931633485915
4179,188.40973448532444,3.121128476903039,passed,64,8.904643781139532,passed,28,6.803823496459738
4180,139.10805541273206,7.409818282006203,passed,106,8.628471830060391,passed,98,5.251235134401511
4181,167.9934043935982,4.847051878555105,passed,95,8.861389920713902,passed,60,5.091676113108923
4182,144.11258335974244,5.677163463083766,passed,127,8.75523695233067,passed,102,5.481163094678276
4183,140.23968333058988,6.065282109244769,passed,112,8.013342848125603,passed,89,5.281275726749635
4184,137.41026510673805,5.0736407278210045,passed,76,8.030059037936631,passed,55,5.216441856830145
4185,186.0790462268617,4.068313385938018,passed,48,8.683426296975183,passed,13,5.346334981480738
4186,185.9586935903229,5.004304760690463,passed,56,8.45024381908781,passed,43,5.036719583775118
4187,144.8416438813592,8.961443005756166,passed,242,8.182053596100936,passed,242,8.182053596100936
4188,194.1988912136741,6.441926250704489,passed,53,8.219757511414016,passed,22,5.158475771071047
4189,142.77579471292125,7.441427596161561,passed,63,8.433386187315994,passed,52,6.589140940171712
4190,152.50693278399194,7.2100855868857785,passed,33,9.537512220040023,passed,22,5.503077319004124
4191,143.26384973113613,4.508152265656346,passed,56,8.518854648456497,passed,39,5.663329379166826
4192,192.35782671024327,5.377808356694587,passed,22,8.607998756262681,passed,7,5.714997349718476
4193,146.2894649529231,4.1205718084532466,passed,157,8.47539331235112,passed,82,5.131614105040905
4194,195.11176649982463,4.383487840254975,passed,60,12.599263706059173,passed,46,5.483549407055466
4195,164.50437173414727,5.104598037695351,passed,67,9.228906166386853,passed,39,5.286511613028133
4196,136.700864184698,10.38151764127027,passed,49,8.239697537570144,passed,37,6.206614928615117
4197,117.85459511072145,6.341971337897061,passed,146,8.018466064710129,passed,122,6.12663761847696
4198,167.70813139369966,4.680980941379651,passed,50,10.171353244451353,passed,33,5.192030484054011
4199,159.77600942730962,4.975491138499331,passed,64,9.249195809344691,passed,12,5.621793829545263
4200,157.13592660402767,8.113877077808565,passed,58,8.140938720692613,passed,31,6.219171291002357
4201,170.87757167347024,5.905720870372462,passed,224,8.38184858316322,passed,168,5.0049165967966935
4202,174.97982207834917,4.200985155500198,passed,89,9.715962988347492,passed,70,6.3500820789641255
4203,180.04322872374297,6.121436413606686,passed,32,8.90346433901248,passed,19,5.511056635482525
4204,145.3106016963472,8.819067088263632,passed,248,9.069870379418244,passed,204,5.667449545400327
4205,190.4812789649847,7.079038946565279,passed,96,8.136606616631825,passed,31,7.21043446197811
4206,134.75222871339616,5.205547486217034,passed,110,8.712238770630897,passed,100,5.107563877318255
4207,155.99268850825248,5.194324363263092,passed,87,8.44969140179379,passed,70,5.011512235121129
4208,178.28498345940383,5.549541743988828,passed,87,8.6637175792724,passed,52,5.16445889337287
4209,93.45913280175442,8.330354889645886,passed,94,8.24907378403723,passed,56,5.514024374075999
4210,89.53024888970624,6.011200124344674,passed,90,8.027118099094421,passed,84,5.221470721849775
4211,134.5246872590424,4.835559576148088,passed,45,8.190798336058647,passed,31,6.27093538249095
4212,188.8288745291391,4.408125333597609,passed,33,8.243305668806977,passed,29,5.59474898530794
4213,182.3428550849508,4.517509325433701,passed,62,8.378479492834723,passed,56,6.1580455129248035
4214,105.5998122734827,6.1885501885514325,passed,103,9.255672013692774,passed,60,5.833793638242835
4215,158.49088003896998,4.752934185043573,passed,80,8.178035415497199,passed,46,5.222738074596012
4216,129.07439528138224,4.292216737053905,passed,171,9.936021035863863,passed,87,5.658203350791524
4217,189.69637552096725,4.011021844608495,passed,42,8.061950952184915,passed,13,5.053189495922261
4218,145.17764000952042,3.506891210797377,passed,109,8.201160558040721,passed,71,5.35932088889659
4219,144.76761261429502,5.7226324302492175,passed,106,8.073404028098953,passed,97,5.457035916587483
4220,251.18147739544017,2.946175515830062,passed,43,8.28331793017265,passed,31,5.035910762907969
4221,165.83088115986163,5.439311987896517,passed,104,9.190238066874624,passed,66,5.977503123944894
4222,124.18138942631435,6.781925961977736,passed,84,9.49001864623562,passed,50,5.493078262983797
4223,187.09594864912825,4.711815615078435,passed,103,9.832507245001576,passed,66,5.092723723707704
4224,191.366281061693,7.865611234705712,passed,30,8.771303655481756,passed,10,5.348850180029108
4225,192.01897716087214,4.454640081736931,passed,102,8.262734363289127,passed,50,5.454800700124562
4226,130.50558727788732,5.640854397521446,passed,50,8.291700851946015,passed,30,5.101777770574101
4227,166.99427905621502,4.793166996799799,passed,59,9.101998243080134,passed,50,5.661338056926413
4228,162.8881987596221,5.671465888779875,passed,193,8.112637738957517,passed,191,6.04308943817331
4229,150.89517058870152,7.411971498245348,passed,22,8.005831283496768,passed,19,6.195714708824518
4230,163.6761492398944,7.080202527764347,passed,50,9.036183621187055,passed,35,5.860277201434871
4231,179.2019049496825,4.860880933314253,passed,120,9.62145451129295,passed,87,5.6642391182799345
4232,133.81207323791023,7.392479343174426,passed,159,8.340631418094802,passed,94,5.069724292083211
4233,141.6349859746795,14.504983855356748,passed,102,8.430772245399009,passed,100,5.2437428242056106
4234,124.11278817111592,5.412533794999927,passed,106,8.20204056745435,passed,50,5.117937278839557
4235,127.63206914404664,8.237931173924089,passed,393,8.470441136631269,passed,155,5.221106513306717
4236,182.10462945003388,4.236483135791691,passed,70,8.392044386471964,passed,36,5.436823046048067
4237,156.99090646727143,4.049911294695062,passed,51,8.236608910235255,passed,51,8.236608910235255
4238,179.97492204621128,6.8930447942612245,passed,224,9.844579958063736,passed,84,5.544138124877551
4239,132.3919443491342,7.024443366292621,passed,115,8.564685305495146,passed,56,5.073925354812614
4240,149.0975213486755,6.692744691256827,passed,43,8.699675970540866,passed,30,5.5696432510111915
4241,177.89518725299794,5.5104389003442655,passed,46,8.279480876907975,passed,32,5.268006388509461
4242,209.9310484510075,3.3514035647498384,passed,64,12.01223716507107,passed,43,5.010376590040866
4243,108.19811348242894,7.504885453850724,passed,252,8.189513363131763,passed,98,5.403311296140445
4244,204.9898836707269,4.6188835701158615,passed,74,8.69128543758697,passed,21,5.029241240948101
4245,166.69131537950128,3.3785058432340045,passed,48,9.740901598703399,passed,31,5.208266449572552
4246,109.74107070399457,7.021943131590583,passed,95,8.47233175077382,passed,69,5.512457015788863
4247,198.16904071620968,4.126779177410434,passed,29,10.022958675031646,passed,26,6.540489856785925
4248,128.80355727610055,5.041346583879608,passed,40,8.223650604735045,passed,31,5.0069366073441035
4249,206.5748303315241,3.5504362527226165,passed,100,8.804823386618699,passed,70,5.703884050394725
4250,134.20443865980965,8.441242967574873,passed,200,8.987082335600395,passed,144,5.4750027927679135
4251,169.24886355368028,4.350237070076059,passed,140,8.074496222307626,passed,37,6.101394741150723
4252,160.15897765898438,3.789846058126688,passed,89,8.322771010626951,passed,71,5.264260902481599
4253,134.87753693280183,7.375431657635839,passed,34,9.78575304517928,passed,31,6.971584465830527
4254,183.9349693350053,3.551519656236672,passed,117,9.519629623444924,passed,64,5.005402992562891
4255,161.7582398723985,4.15397084124863,passed,109,8.065082315014305,passed,104,5.329365236647199
4256,164.6040159992125,4.592854483177873,passed,101,8.171356663264095,passed,61,5.307363765484219
4257,234.73601044093155,3.50784590316731,passed,70,8.381516227049456,passed,64,6.1213585424406025
4258,139.93793418485768,12.423737162863526,passed,248,9.328995109394755,passed,237,5.105253900854034
4259,155.58874223476428,4.971548871144338,passed,53,8.265464367161224,passed,33,5.0141086765737475
4260,160.41314773287283,4.446955865893931,passed,129,8.148555736555462,passed,59,5.301320009650756
4261,154.79450019655155,5.130112353551044,passed,281,8.485965452347743,passed,110,6.104826466968616
4262,185.0087349417011,6.31749944519062,passed,124,11.397819185727688,passed,65,5.511265042188107
4263,153.85453871138984,7.702579674746553,passed,32,8.107573206522511,passed,21,6.001374031323525
4264,131.9196102198561,3.828851802673335,passed,57,9.577577194484244,passed,52,5.788128890775912
4265,150.22077449992003,7.4545007368200285,passed,63,8.061324840223506,passed,40,5.448068502418568
4266,161.90629030157277,7.4331115195196,passed,103,8.226722785093,passed,89,5.016977629069808
4267,172.78511710364737,6.170878315341835,passed,77,8.519914855401446,passed,27,5.005179264244397
4268,91.43957014893206,6.728729898002131,passed,79,8.79390227899004,passed,38,5.041932317733533
4269,123.26366744216686,6.701083181076134,passed,177,9.15951753909956,passed,163,5.759623236858702
4270,171.04027031978418,5.35582170204303,passed,119,9.132603118784942,passed,50,5.652930300004599
4271,119.6761735551465,7.383143042545119,passed,100,8.346583665661434,passed,83,5.243301697010128
4272,188.5551481091921,4.935738884871403,passed,40,9.305656287424435,passed,26,5.957069345809751
4273,174.68664410308793,5.752356245027255,passed,48,8.055719879160872,passed,45,5.33693025921933
4274,127.01633483610325,6.3881153964760395,passed,128,8.02037437495342,passed,98,5.207109556805767
4275,126.63841213440827,4.3281854471048975,passed,64,8.79077257683527,passed,16,5.268480216117588
4276,222.97911615118662,3.5635253096225727,passed,165,8.781310777793383,passed,74,5.016087955770865
4277,120.56474136298108,4.896047445191912,passed,183,8.600891783807763,passed,131,5.0069726508027435
4278,183.48165546680417,4.2974877374134755,passed,89,8.590949707564132,passed,44,6.171359390102271
4279,134.78047147990767,4.809192397557401,passed,53,8.08468924753587,passed,30,5.810445487523097
4280,116.69573185431,10.740060923853889,breach_static,51,-10.582971285577392,breach_static,51,-10.582971285577392
4281,90.07194497481717,7.242713242543585,passed,63,8.286539498016499,passed,32,5.742080384606485
4282,171.20288107906006,4.070822621307878,passed,43,8.568960540354809,passed,30,5.519593380578636
4283,179.3404183393923,5.3429704656912165,passed,13,9.229177949705436,passed,8,6.606563060834381
4284,126.56280858956941,8.49100135260935,passed,150,8.695324344883737,passed,146,6.242118284770837
4285,137.91473356195024,8.287999507062503,passed,110,8.72132279907829,passed,59,6.095730255699516
4286,186.01377299597766,6.2659085586984204,passed,128,8.669735155138248,passed,88,5.003100830519136
4287,158.28043232449437,5.178165225380353,passed,221,8.597889211125231,passed,136,5.545887288861939
4288,156.67727377758425,5.970565247527924,passed,109,8.040601364633758,passed,64,5.004856986656447
4289,153.9915443995334,7.202590871655658,passed,36,8.432680004161819,passed,6,6.471250172450582
4290,133.05705922374057,12.337431743339172,passed,60,8.470429084143616,passed,26,6.364918205130987
4291,165.7315071248436,4.105569048658473,passed,106,8.772923778117825,passed,94,5.003213406035867
4292,146.38206628035664,5.209032122337869,passed,146,8.598133777534333,passed,135,5.481229449485192
4293,150.22698302579164,3.494112107080231,passed,55,8.426768563658204,passed,19,5.448256570264554
4294,115.30270926899173,10.19258499032848,passed,231,8.470420927247657,passed,222,6.061007983380051
4295,190.525253432638,6.00069053272406,passed,30,8.497606862363138,passed,28,5.904624318408147
4296,121.12323688090791,10.931869430201997,passed,84,8.031176323925514,passed,64,5.554804119487455
4297,132.33960228636974,8.664862436544443,passed,100,8.131764561969291,passed,85,5.571887285760924
4298,213.75508194507668,5.433605261671443,passed,111,8.293286175395998,passed,101,6.459057639106391
4299,177.81075350398808,4.598591401256452,passed,72,9.0237018779463,passed,65,6.086089699736541
4300,190.5575135752135,7.129613742361148,passed,54,8.378855289999908,passed,40,6.700757599323315
4301,169.33350308406102,6.56611286945461,passed,160,8.26499114053787,passed,102,5.266761038743639
4302,117.12869274626443,6.965407250040075,passed,245,8.061812674198809,passed,181,5.92604968719912
4303,152.73034691072795,3.8671536086731573,passed,70,8.906340105889022,passed,35,6.142145129885823
4304,183.6251711479458,4.8076895505826975,passed,42,9.435480413758723,passed,34,5.678020461994504
4305,179.0419282474605,9.164943802950583,passed,79,9.17340940843241,passed,56,5.01020843911022
4306,124.64455285489149,6.142737231462146,passed,75,10.429788674730034,passed,61,6.123613877242118
4307,102.97338009575681,11.13411714102988,passed,129,8.205695174667493,passed,119,5.261896064681415
4308,145.2568216160457,5.03891339007347,passed,99,8.546948336435367,passed,59,5.004271064871912
4309,171.92532513080545,3.5122706176612657,passed,74,9.046815885167025,passed,53,5.0046231228616955
4310,189.08950402785587,3.556879519273601,passed,79,8.44324246496111,passed,61,5.486901188517179
4311,122.33876889890132,6.874475144087701,passed,119,8.076895027982257,passed,20,5.445775904713734
4312,189.38640752156167,3.7214752630458157,passed,70,8.061139856081656,passed,67,6.367960711292642
4313,149.0689037402143,9.833385372611191,passed,37,8.39763561514153,passed,30,5.589697686908268
4314,171.06604543277766,6.401380221370337,passed,33,8.62232407444916,passed,20,5.018486286139656
4315,171.65841592067665,12.357983398232795,breach_static,59,-10.433863632276974,breach_static,59,-10.433863632276974
4316,195.4422340194028,2.4058544177228565,passed,29,9.246575587089456,passed,16,5.01550324339195
4317,157.93614770797873,5.14853480256414,passed,100,9.145452743437609,passed,98,6.255794208083798
4318,117.13522032089129,14.317070940705733,passed,22,9.047349502352464,passed,21,7.734927426816074
4319,167.63724214885207,11.440034254519853,passed,69,8.162651377064712,passed,20,5.8660125308001465
4320,175.60491912719732,4.210676865200333,passed,104,8.01070534589654,passed,100,6.573906296325216
4321,166.53926948379527,6.217279339776291,passed,141,8.023752116150916,passed,46,6.260401021351236
4322,175.66149118007908,6.538660268734804,passed,278,8.019640658460613,passed,105,5.415404647819111
4323,141.97178749636157,4.305139867003446,passed,84,8.011606954866068,passed,41,5.273446399290482
4324,136.3699365632919,5.817132420977613,passed,72,8.121158033838881,passed,61,5.971459134465484
4325,165.50783821085008,4.5470779079754635,passed,120,8.621753713308422,passed,21,5.169966174654395
4326,139.01714120517687,8.029752665848886,passed,198,8.299906750267327,passed,167,6.149148770439461
4327,125.67107370922264,4.535120619069627,passed,148,8.083615271193413,passed,50,5.25877013300351
4328,139.25270725288428,9.007270835105317,passed,34,8.931733769338956,passed,13,5.447645746627283
4329,167.16039076594717,4.492238127928494,passed,106,8.019700764771542,passed,89,5.083980819979272
4330,197.7646212278545,5.445162021604391,passed,139,9.06725210722048,passed,107,5.9937445890450025
4331,140.6454654957075,5.358789427890649,passed,70,8.430656074325249,passed,64,5.841707869903301
4332,155.19041612568572,7.736262265108182,passed,115,10.76216288780838,passed,109,5.000460646863369
4333,138.59399149308751,6.468142930174106,passed,64,8.019544309582471,passed,52,7.839214509994874
4334,204.88611053576125,4.549533285326392,passed,81,8.662485283526866,passed,65,5.944869332613445
4335,126.47233807821414,13.169188108271518,passed,137,8.106518229437864,passed,61,5.03597939935605
4336,153.95738425267632,4.803541509175236,passed,47,8.315500556257716,passed,28,5.666634972233142
4337,158.6534464598127,6.264739170726617,passed,19,9.076757171875926,passed,17,7.122446451960873
4338,141.42886509593401,6.956820467998213,passed,82,9.482232921769707,passed,65,5.265438039504544
4339,136.12375888871532,5.1343719373699015,passed,199,8.446554690022223,passed,87,5.366108484107346
4340,119.37378357634736,12.092231578683561,passed,97,9.304491490435286,passed,70,5.530105391984064
4341,161.28530286345085,8.108556222557395,passed,116,9.092487747461098,passed,116,7.314060519931975
4342,178.72747995667612,10.582271094760785,passed,40,10.770221115228452,passed,33,5.028930630700312
4343,152.41237114280653,4.736854325630166,passed,39,8.007525705130192,passed,24,5.7605565911075685
4344,136.72021265876944,4.696613787856112,passed,37,8.09635823815551,passed,20,5.803882304561592
4345,127.27445341956548,9.094181578463303,passed,144,8.019742163663768,passed,52,5.60778923600509
4346,193.55426123460012,5.370186312547303,passed,46,8.815348515633037,passed,26,5.243645058368029
4347,144.50725666343777,5.557637063851041,passed,104,8.147296446127172,passed,100,5.003126800872404
4348,190.52440361689702,5.074580638755631,passed,99,8.016220703559274,passed,89,6.130726612223647
4349,166.40891727836316,9.682614178297538,passed,166,8.146030986122966,passed,66,5.777700582860201
4350,151.02728552358,3.873514557511854,passed,162,8.809342158415667,passed,51,5.378384317186713
4351,155.87095573823143,4.677728665597306,passed,60,8.333280246652075,passed,45,5.761777584126748
4352,156.39943585582637,4.446127801868183,passed,43,8.352896669474053,passed,14,5.268941056739851
4353,125.5140241216214,5.979947119307922,passed,81,8.290924222414953,passed,61,6.028715935166518
4354,144.2147597421154,6.316014366389078,passed,76,8.676435821478634,passed,71,5.2800636525234035
4355,161.77342641338527,4.923942472064478,passed,77,9.002226582769657,passed,37,5.0201574140099625
4356,186.11322453894488,9.381651268760804,passed,30,8.002104380294295,passed,22,5.633935286788816
4357,189.4853041749006,3.64296366334717,passed,104,8.293494173657635,passed,97,5.060945239989567
4358,159.25342493745868,4.762775974394372,passed,85,8.171249634717048,passed,67,5.2657865272272675
4359,171.64842636645102,6.103448425493256,passed,58,8.326356393907153,passed,52,5.825120932120864
4360,156.7447442221122,4.195092656027193,passed,60,9.325633447190974,passed,12,5.0252796735831495
4361,106.5129248997672,5.25043091708041,passed,151,8.107289889830982,passed,149,5.854064102637868
4362,125.47712698089657,6.609186585448322,passed,52,8.72437476440866,passed,43,5.216378953645173
4363,164.5643971440519,6.648522107042465,passed,250,8.129052224411847,passed,228,5.476087830841614
4364,130.84882669388585,11.38283759432255,passed,64,8.384516947891573,passed,53,5.088708054995483
4365,126.37881045323765,6.569181563167509,passed,281,8.019600139206705,passed,266,5.289806572036615
4366,125.35955170594085,8.59735715350901,passed,131,8.570632617806172,passed,122,5.743679685012459
4367,184.270750433069,5.963051533232136,passed,107,9.09578792934196,passed,87,5.132453168277751
4368,116.46747337015202,8.349509369925096,passed,426,8.148071729873706,passed,396,5.2191682502229275
4369,141.8478066585651,5.30661897966521,passed,89,9.026516828276442,passed,28,5.895872594403495
4370,172.1796084134644,7.883615161166202,passed,43,8.10367640952041,passed,24,5.041632422803222
4371,85.28655835265148,12.289618969051622,passed,107,8.76717165041363,passed,64,5.0229487120941885
4372,200.8467961815474,4.831851310634897,passed,101,8.33684769247538,passed,47,5.471120701056709
4373,160.1846893547163,5.851418296381674,passed,112,8.864236008638592,passed,78,5.003611699260935
4374,159.9747196988434,5.248814115981471,passed,32,9.842455733201616,passed,19,5.6572980610615
4375,152.382690732051,7.756464850950639,passed,53,9.470798066442153,passed,38,6.384793296154867
4376,195.7662157670557,5.103808441086493,passed,48,9.338899449571736,passed,39,5.531336365739059
4377,158.93823074709715,4.781763680059855,passed,68,8.733475852526817,passed,21,5.773774081260941
4378,149.0450722804166,7.133436157211971,passed,39,8.04346288038731,passed,22,6.4537317763693425
4379,189.04443773646332,3.888898428814105,passed,69,8.507576605618517,passed,45,5.1459172089119765
4380,112.16260397148665,9.819735608255394,passed,108,8.92196215893495,passed,21,5.244497547029514
4381,104.09052404309524,9.856666129693048,passed,50,9.012283084396632,passed,36,6.8107073154479725
4382,153.57020536322756,7.486197771001551,passed,100,8.215876960726987,passed,70,6.380228511897079
4383,149.21264024620888,7.063591457493332,passed,60,8.710440832833587,passed,39,5.04286996455372
4384,111.2683499712205,8.467136695904747,passed,69,8.155690189956522,passed,63,5.342048730785609
4385,187.11598302000803,4.515530884442651,passed,68,8.333631073554738,passed,50,5.195048412491077
4386,204.22649227740388,4.0874825610496055,passed,98,8.179895302249518,passed,85,5.95902729395914
4387,178.1409672865184,4.051705328102402,passed,20,8.076779553349777,passed,4,5.393447270216534
4388,161.33501561802723,5.119355258180995,passed,6,9.209585179555702,passed,5,6.6367133104545895
4389,149.7567494893398,5.786739597524818,passed,139,8.432428727796237,passed,114,5.7423989763376815
4390,142.68146608666962,5.961790510657138,passed,77,8.822067343168815,passed,60,5.437576727265481
4391,129.7916401276324,6.1096526088138345,passed,121,8.028583420415302,passed,100,5.018370669332772
4392,171.5903817395974,4.917601423378171,passed,44,8.242820976033393,passed,30,5.896932189766169
4393,171.98866335485002,5.984556723865726,passed,73,8.48102644056965,passed,44,6.504870895917625
4394,176.22596266292402,5.396695769109117,passed,111,8.198273107248276,passed,76,5.36816854284512
4395,150.33013528305196,4.078895841768843,passed,37,8.156976304274565,passed,14,5.6986725969772944
4396,180.6545511043001,4.280555529113981,passed,166,8.092083398279804,passed,148,5.14058795664869
4397,144.8887036384326,3.7758052123781325,passed,106,8.286758903722724,passed,100,5.027617408657159
4398,129.48118616111884,5.986717996133146,passed,76,10.562748795347442,passed,43,5.7868487902118515
4399,129.4495460058711,4.852682513290657,passed,185,8.007782175377208,passed,28,5.19613583120444
4400,143.4230796914306,5.76541183850463,passed,104,8.195232473781422,passed,94,5.006749026172375
4401,163.58857164233055,4.728690693400984,passed,130,8.443058905528321,passed,50,5.429069651686413
4402,128.52028716417468,5.48520021894032,passed,181,8.358783048303685,passed,39,5.160092037392094
4403,205.67890565217576,5.041591815005302,passed,198,9.535042494007362,passed,100,5.007683729183654
4404,208.59048912365532,3.679698344192374,passed,71,8.225630943672702,passed,39,5.196944288224192
4405,138.29827874051998,4.652221486989591,passed,48,8.496530461058583,passed,40,7.813244750532422
4406,168.53187061110688,5.690481077674734,passed,166,8.730872098777187,passed,141,6.1537546358052975
4407,186.25232035373784,3.404165535813411,passed,28,8.107546107440754,passed,19,5.17091650855146
4408,177.73227836582427,4.411506331751373,passed,94,8.64431452296046,passed,61,5.021489031011428
4409,155.07910614044326,4.61501896723646,passed,36,9.274027234580707,passed,15,5.230748310781896
4410,204.15628918751887,3.4325774434658687,passed,61,8.70724354984469,passed,54,6.005151243344309
4411,205.39110977840616,5.116987436925152,passed,48,8.876905937000213,passed,44,6.479518337856094
4412,168.90689446578975,5.505982958177431,passed,72,8.036197441899429,passed,66,5.12696475263188
4413,182.33254463380976,4.008629212139049,passed,104,8.447467328347692,passed,31,5.477854261472359
4414,124.47785259129608,5.115948872990772,passed,61,8.062341129608885,passed,57,6.927290395914998
4415,144.97299601181487,6.888367817040902,passed,28,8.551032752206789,passed,22,7.64497727967961
4416,158.77035922964473,5.381456544595968,passed,93,8.757579621239175,passed,40,5.005049997177768
4417,190.55794386376684,2.9648497768016226,passed,198,9.694877256840462,passed,151,5.067915866432293
4418,138.32238938794163,5.696324008818697,passed,43,8.22062165155022,passed,11,5.000162617030468
4419,144.95502767128707,5.896715070809839,passed,130,8.675032322260456,passed,37,5.656154245026945
4420,185.3329665009004,3.2370405339479236,passed,76,8.023474030675226,passed,64,6.549682996490547
4421,197.43647618422057,3.4024449664262475,passed,54,9.447781428095592,passed,46,6.287402214232873
4422,106.97989673124519,4.871563720405537,passed,119,8.005689307549568,passed,100,5.009214628792469
4423,153.53735670983576,5.0302926159913275,passed,60,8.440847134371499,passed,36,5.175337145116199
4424,175.7684037309448,7.5325932002427365,passed,150,9.403487263119636,passed,16,5.006160316974118
4425,118.16428548172064,3.633017039957747,passed,38,8.479141264065682,passed,30,5.468113006388964
4426,126.38227027945597,3.5773812718611695,passed,56,11.212260328666313,passed,46,5.017780604672439
4427,158.87135761941335,4.300071879621216,passed,53,8.438565879025916,passed,43,5.113822401872503
4428,140.95109068343868,8.011651349747615,passed,265,8.824344332293176,passed,260,6.628988445892436
4429,191.27818151410153,4.047964737326294,passed,68,8.488405604314586,passed,45,5.873730189123072
4430,204.1350389497576,5.542414289144309,passed,65,9.842582860582638,passed,37,5.1504080322476
4431,160.22518827055544,3.874512068721954,passed,63,8.094251854156864,passed,20,5.064138694856557
4432,172.09066472508331,7.4836195324453065,passed,94,8.447832409038192,passed,70,5.2236396107959715
4433,154.83535472514188,3.4424051344975344,passed,97,8.879882040576259,passed,50,5.063106110494053
4434,152.6971534327944,5.280040204875287,passed,120,8.593543774177714,passed,40,5.658316271722308
4435,163.3543840080064,4.871949792360067,passed,158,8.002452932234561,passed,152,6.802915081509209
4436,156.04700632354357,4.602077667968775,passed,53,8.04106194349805,passed,34,6.949858078673787
4437,153.7953117416791,5.645670136531027,passed,61,8.034526395589058,passed,36,6.496265293126591
4438,211.84456682904374,4.710487970579204,passed,56,8.602694813362465,passed,23,6.410039226231334
4439,109.30898633725845,7.80396289225623,passed,89,8.745758615291876,passed,74,6.395263898172354
4440,142.2105520643815,5.138016944220287,passed,100,8.007861149566843,passed,99,6.606222737193357
4441,171.85403584106857,4.997469055098702,passed,52,8.700562411587075,passed,48,6.248793323984692
4442,143.64924696372117,4.124107860161382,passed,50,8.012518324151374,passed,20,5.688111304504062
4443,224.63620957441645,3.8077692469613122,passed,36,8.469317972429868,passed,20,5.4152040352784425
4444,134.9375776134798,3.1322642272369037,passed,116,9.898917043618049,passed,99,6.0714408623335325
4445,198.18107504103097,4.011863391276299,passed,100,8.011830899894345,passed,51,5.379064480412588
4446,112.13420703504924,4.954925126531114,passed,100,10.29078151155316,passed,70,6.101473992374773
4447,164.90877216360929,3.644728586985667,passed,83,8.02359667992214,passed,43,5.043707701013922
4448,184.63285812948186,3.4211215814657026,passed,44,10.206489296732979,passed,38,5.489469504162381
4449,148.93690644778047,5.917500600141796,passed,47,9.027365346555749,passed,40,5.321553278578084
4450,166.40406301255345,7.321948172154413,passed,197,8.237099412888128,passed,64,6.068751699478314
4451,152.0958710954213,8.333954479370217,passed,34,8.18357903179785,passed,22,5.230543016684264
4452,143.13357134255392,6.7814889369957205,passed,51,9.587187626326688,passed,47,6.027677529672371
4453,146.9367743126971,10.894792844885309,passed,198,8.757395016079016,passed,28,5.49081339364057
4454,125.83360723321361,6.47033439018985,passed,108,8.741512073469204,passed,61,5.0138311628088905
4455,213.09009661311916,4.114935615957661,passed,36,8.524745328618199,passed,23,7.0510796240412565
4456,128.14135197377473,4.553257057983116,passed,162,8.362245626267129,passed,89,5.512712902423722
4457,153.5330168927035,4.870716491305991,passed,112,8.143735844211996,passed,55,5.594307550331745
4458,159.64102121331854,5.969888820689063,passed,146,9.383382273861972,passed,107,5.351480109868034
4459,114.56256367523063,5.484762414091395,passed,111,8.393674996834699,passed,95,5.698246943881746
4460,150.79120871994527,7.51242334403559,passed,85,8.735096130223162,passed,37,5.052461816265752
4461,138.84847592129742,7.230216895881774,passed,55,8.640393008968061,passed,32,6.292713892713797
4462,155.80635066635043,4.432431415173702,passed,90,8.643995277384908,passed,65,5.812041655157341
4463,165.5216929522727,5.952860741194301,passed,85,8.001804334460449,passed,30,5.061330336497716
4464,179.22791666706047,6.372176428574437,passed,33,8.921388767807281,passed,23,5.51126985894046
4465,176.2464452647214,3.2222499768697546,passed,28,8.170247813332088,passed,18,5.157191394922256
4466,148.9608199635726,4.577695056212048,passed,51,8.796586963376107,passed,50,5.4588557809012395
4467,162.12653203257582,5.0567008231693995,passed,113,8.005186468542224,passed,43,5.363531130841959
4468,168.07736113043944,5.359538513149178,passed,221,8.018656939758317,passed,174,5.001752836046802
4469,156.69134892594988,7.200556651090709,passed,110,8.180757975348563,passed,100,5.503150201625595
4470,164.12682870483258,4.072014886774712,passed,50,8.083762356605195,passed,28,6.733195081292953
4471,173.2249294884236,4.295689602349262,passed,135,9.084669875448492,passed,79,5.358676839204235
4472,178.17187915879563,6.463940454077835,passed,106,8.75168767531096,passed,37,5.019899086709989
4473,180.03838202479554,3.6129175345199798,passed,36,8.121152823822865,passed,23,6.113559985480466
4474,124.71889645326466,4.689838285223112,passed,153,9.164112935827218,passed,130,5.553873221307426
4475,119.68224712130579,8.915420584808729,passed,212,8.423102006664873,passed,134,5.635965760548456
4476,164.3024343253013,7.306264649784766,passed,166,8.021255781319535,passed,20,5.083264729818282
4477,178.18927643951437,5.087569988952612,passed,209,9.011335196194015,passed,162,5.194720382785101
4478,117.03693506396111,7.187376284701978,passed,240,8.646485890600442,passed,221,5.795573730599046
4479,161.14432079411193,8.660518242223764,passed,76,8.535370964328436,passed,69,6.1889621547594365
4480,136.78848813269047,7.641198129536038,passed,65,8.033318639158239,passed,60,5.716318702691736
4481,149.21118949662278,6.087623911606256,passed,21,8.014318184670909,passed,5,5.765477245520367
4482,167.02747275115385,5.630879324012712,passed,58,8.240056937059737,passed,44,6.207996163459928
4483,111.26524688326,11.073007733356148,passed,83,8.988392472503559,passed,60,6.337161804781188
4484,142.47723384724634,7.747835383707868,passed,275,8.3059607811675,passed,251,5.404050931697246
4485,134.34118734109566,8.148905913336767,passed,64,8.078873597679802,passed,28,5.5911496115508275
4486,157.63542859697165,4.170953127528735,passed,64,8.273309077243528,passed,31,5.769345762086231
4487,118.86699856595212,7.723878996782206,passed,94,8.021131091309952,passed,66,5.059211783482209
4488,161.98615057641172,7.454072474793186,passed,59,8.675873092885267,passed,41,5.902921905922254
4489,127.51644967397837,8.730579044677492,passed,53,10.555356210887679,passed,22,5.217748384807441
4490,131.13023112921786,6.1652161228019695,passed,100,8.374073527058389,passed,60,5.333468346250569
4491,224.24922608430978,4.684057002518028,passed,34,9.073843045036911,passed,31,7.132106427029727
4492,186.01730405615058,3.6812923688885926,passed,26,8.321266467717269,passed,18,6.074832745373127
4493,112.37944368345735,7.683537306642944,passed,166,8.828501446428039,passed,94,5.449139051967178
4494,196.89361563352037,2.883255328129338,passed,70,8.121624443264608,passed,43,5.122301570566701
4495,193.9385275970357,3.8284641803722335,passed,73,8.329717399389391,passed,43,6.088822148034478
4496,183.05999646606347,5.158782601407155,passed,101,8.263613841690386,passed,74,5.664262675384402
4497,181.11336362613395,2.994280458863619,passed,33,8.435514995599691,passed,30,5.038359145559568
4498,167.6490942211573,3.716857924511288,passed,59,8.365473372781418,passed,40,5.68950087197122
4499,167.3524692603231,5.453282495629841,passed,43,8.38643427460668,passed,28,5.0163722018234935
4500,157.8736552277912,4.201790961793216,passed,88,9.382347281970937,passed,52,5.507898331915229
4501,182.53148828405182,4.382009097597419,passed,87,8.29098821896903,passed,69,6.191316540182146
4502,146.94396595223998,4.3688204001676745,passed,110,8.0819607819834,passed,90,5.06381373273066
4503,154.26296685975083,4.6096086144822,passed,100,8.007119826111374,passed,89,6.272364729331059
4504,128.37803187138314,7.859527843664932,passed,36,8.931902990931938,passed,33,6.297331173380982
4505,158.90594120110052,5.1773513036545555,passed,75,8.685409190502824,passed,64,6.411975720703622
4506,104.85222685514248,6.897335455556375,passed,195,8.691914209678986,passed,184,6.077891643383437
4507,137.35693504779425,5.183221834144263,passed,46,8.34012631687473,passed,13,5.5954947500512775
4508,148.32962432316032,4.399754293797403,passed,64,8.407083533977055,passed,7,5.1785445228773375
4509,100.81514265232059,7.357234095542078,passed,67,8.263149470728703,passed,13,5.364352224906499
4510,182.57269255492554,3.4311707918220224,passed,36,8.606610079401932,passed,15,5.720764327130379
4511,190.12095685922006,3.421217578517692,passed,51,8.911269323189952,passed,36,6.587840861240646
4512,174.44282441795212,3.6681566087902393,passed,84,9.612733794661299,passed,22,6.055757807756934
4513,133.64732310953005,4.845405734360655,passed,81,8.830939889083433,passed,67,6.375973163653548
4514,172.64536386460742,6.764270624571722,passed,53,8.65479811648109,passed,21,5.375659612321204
4515,167.42806091638127,4.803905123978024,passed,85,8.178944397296295,passed,83,6.135773161428215
4516,161.25052549176922,4.855630269476707,passed,32,8.701763098066007,passed,3,5.070192242528715
4517,165.26399315984884,3.7474803993775905,passed,45,10.072782110768696,passed,40,5.152797001359954
4518,174.57159574914888,6.275887385565833,passed,36,8.874417347915543,passed,11,5.429181902014202
4519,180.7364184467489,6.327649479184013,passed,48,8.067039784645358,passed,14,5.496887055885158
4520,157.19655692725647,6.141865353773518,passed,61,9.77133757078741,passed,28,5.431874029994677
4521,149.27065189710845,3.598251084151047,passed,107,8.22857092865994,passed,104,5.976528944235371
4522,144.69060522946765,7.150799991084661,passed,59,8.472783495805825,passed,46,5.253899546632557
4523,194.38719125019213,6.742831142566712,passed,66,8.513060404326179,passed,56,5.424007238305428
4524,160.81885566195075,6.737804921240258,passed,141,8.391217235437388,passed,131,5.7489873420233595
4525,153.13984964601826,12.168596333423109,breach_static,178,-10.641760757837837,breach_static,178,-10.641760757837837
4526,116.04724754259763,5.383441724351499,passed,59,9.241834012817662,passed,46,5.015131904922665
4527,181.43218129498186,3.6700126646628854,passed,54,9.232988248307494,passed,48,6.73813344636307
4528,149.1298245071148,3.830317365225575,passed,157,8.007609214505273,passed,112,5.2674110692005005
4529,157.9184332751749,6.1328464647851515,passed,61,8.008942666492501,passed,8,5.1362632570270295
4530,164.6234349123669,4.207687401387643,passed,57,9.731071662216916,passed,21,5.421581016754984
4531,165.0914439734196,4.379088270720097,passed,66,8.019983123994813,passed,53,5.876916570825608
4532,143.06488216779326,6.210369653319187,passed,46,8.915291377603696,passed,13,5.4701490001534125
4533,126.58530863635131,6.632734584944462,passed,47,8.5252359092582,passed,46,6.527541802275394
4534,174.85329639259993,6.183107599407708,passed,179,8.482174783547336,passed,70,6.342605399319234
4535,132.006156443913,5.892995773900943,passed,57,10.329537028762381,passed,50,6.149363672848551
4536,126.41002393837456,5.6469348045262375,passed,121,9.74151567063104,passed,48,5.010541283624459
4537,130.38891828959632,5.964323790623382,passed,190,9.942905704617623,passed,37,5.936737609218623
4538,159.29620002051087,9.384182219162028,passed,127,10.619041581190803,passed,13,5.1988563820690725
4539,165.39596979806933,3.2549714619921857,passed,70,8.03051918075759,passed,28,6.482071285220958
4540,123.5546338941175,8.194545375119768,passed,84,8.147302498762677,passed,51,7.4548093002422045
4541,140.89301682891215,6.045204026570516,passed,37,8.982877287425971,passed,13,5.618980675811036
4542,175.87712984268856,4.468169496904808,passed,90,9.070904511505251,passed,61,6.015851842112374
4543,197.43461338854632,3.953466047786083,passed,71,9.770366900913508,passed,35,5.296485134099349
4544,144.65980003367048,6.1574743733151225,passed,209,8.587895442772918,passed,174,5.666632309437514
4545,116.56362338108525,5.747680805332873,passed,199,8.598755285144065,passed,59,7.103442513405134
4546,183.84688240826787,7.836422817215863,passed,172,8.695189978625084,passed,11,5.060171101450406
4547,188.73921599473408,5.608050286207135,passed,79,10.578352444152417,passed,65,6.022785925084007
4548,141.52027045587667,4.775147138224044,passed,198,8.01313007499267,passed,172,7.582439706283428
4549,177.35668784923405,4.448300321951591,passed,37,8.072514290435539,passed,16,5.226936822029971
4550,154.55452033946648,8.231949286062044,passed,101,9.490627273283426,passed,85,5.064897970553384
4551,168.13125220743768,4.468130547073146,passed,44,9.438202537657968,passed,33,5.3051005863132605
4552,130.23319523593315,7.530682721789746,passed,64,8.6669356930684,passed,50,5.813586863108222
4553,174.18343881581615,4.701480967284934,passed,152,8.611804979418714,passed,96,5.603135861059982
4554,171.42918532421217,3.3178969595474483,passed,124,8.015855922188987,passed,106,6.119530637039272
4555,141.26996213401256,7.52438121653696,passed,96,8.125987238629385,passed,17,5.111432366655255
4556,156.7666899180264,3.7250079048023625,passed,87,8.361721021198765,passed,81,5.264110698305657
4557,161.45903321563964,5.134909066382413,passed,186,9.362685699509154,passed,43,5.211715073839596
4558,193.0036680338735,3.2870081318866964,passed,57,8.283136879546182,passed,28,5.8591426074517505
4559,152.17037740957932,5.244817911539442,passed,168,8.866937319499012,passed,163,6.457456546595575
4560,162.3233788862458,3.4754231257897032,passed,96,8.046981892908978,passed,74,5.670527929110114
4561,206.15918410979268,3.699427983957879,passed,141,8.198531081769955,passed,127,5.00207712549392
4562,144.79809824219592,5.860358639743613,passed,8,10.083150273080932,passed,3,5.015140600006918
4563,130.200452605654,10.376756323703267,passed,71,8.170964261514136,passed,67,5.459717043958379
4564,111.38936806085242,5.58005455411554,passed,106,8.681411567432162,passed,84,5.429406927891001
4565,114.16445213688928,6.499518701669523,passed,162,8.27747695491059,passed,100,5.31996589089172
4566,95.40767096846533,9.343828291212633,passed,386,8.170422649298526,passed,348,5.226511316056293
4567,116.06387498858459,6.0491459162389845,passed,126,8.935638526051303,passed,85,5.165649658425764
4568,172.5901102244437,7.415813475256951,passed,139,8.062962884238111,passed,136,6.310273134871669
4569,147.27438490474714,4.891205578139079,passed,50,8.062893031263929,passed,22,5.248503530687421
4570,181.30997353476087,7.117573065024228,passed,127,8.442590166966891,passed,115,5.377564763933673
4571,190.73056933901995,5.105469795795467,passed,58,8.33696035837792,passed,50,5.860946401486333
4572,175.63883574661875,7.522292643753035,passed,35,8.065316332651374,passed,22,5.13340894262948
4573,137.92775959603577,5.031821570914439,passed,66,8.184182170886277,passed,18,5.723951643320224
4574,164.52646440897888,7.538524220540017,passed,221,8.671849422524858,passed,31,5.572271668302897
4575,201.92485565980758,4.771269316860474,passed,31,8.141550075098337,passed,29,7.77571019335328
4576,202.50487242083466,5.3941047520174585,passed,196,8.018285655254687,passed,56,5.118673565833509
4577,145.45765602075167,4.040883828099546,passed,61,9.841789048122497,passed,16,5.347675356931325
4578,158.07148263074328,9.570254781898566,passed,69,8.40625695400885,passed,63,5.493283583158259
4579,170.0597538012886,6.26198002297588,passed,56,8.98040313616908,passed,31,5.466802476227706
4580,195.79210117100078,4.260775385876945,passed,150,8.30164893878682,passed,50,5.101419147354758
4581,134.20595030846752,5.265508106188307,passed,106,8.338001317639932,passed,100,6.727094736058836
4582,199.70727114670032,3.9140243925323226,passed,92,8.496907400041497,passed,14,5.018162777895951
4583,120.64615233137093,6.062333118149788,passed,46,8.541054753244847,passed,9,5.440920788113579
4584,162.49708513039235,4.561265188322359,passed,69,8.794223089779196,passed,61,5.844498246117502
4585,178.76898098930366,3.6726251907972687,passed,66,8.087840498706855,passed,59,5.88195155029787
4586,181.72333407777012,8.468748317741575,passed,71,8.035423044058486,passed,40,5.723163721304614
4587,180.53991006086417,3.823311583384862,passed,197,8.512645437441346,passed,40,5.931161100512483
4588,131.4907981374857,6.721710642655529,passed,60,8.373345224669348,passed,56,5.474347371914456
4589,136.89072857856686,6.018930934545075,passed,68,8.06546069851568,passed,67,7.16682227817611
4590,169.23307082660097,3.8749385641075085,passed,161,9.086444704385531,passed,12,5.024109479340555
4591,177.78041789195967,5.445950971849064,passed,111,8.311851387727653,passed,79,5.387811558935529
4592,162.6624318689407,4.2201288002304,passed,124,8.167547786858997,passed,117,7.425667683382753
4593,216.00305831794927,4.880243056426841,passed,104,8.008836088265415,passed,49,5.023027397383406
4594,180.73454055530226,6.836800999184338,passed,120,9.243158840241517,passed,111,5.739360157448603
4595,120.76591937733814,4.778181978146681,passed,97,8.454377890660325,passed,84,5.881007973252816
4596,138.34642489003267,6.127811021851837,passed,115,8.87823185093637,passed,102,5.547617867838706
4597,158.03070062224052,5.6611278731498516,passed,37,8.214194070679959,passed,32,5.971765408940977
4598,186.64285732731227,4.7882517479959965,passed,66,8.9604980051881,passed,44,5.380696165223897
4599,175.14086362563913,5.842261090287993,passed,81,8.904206730907394,passed,64,5.958731136039197
4600,157.04184733300374,4.214246943485554,passed,79,9.678552554552677,passed,78,5.026900134959078
4601,166.53055896751025,3.8381675355404608,passed,74,8.684575040347319,passed,56,5.409593279678693
4602,204.8742819082804,7.789793413320462,passed,53,9.163817851371503,passed,44,5.565763023056847
4603,194.47706135853235,9.194730306371323,passed,75,8.670860121641066,passed,33,5.007018883881265
4604,198.50206012726898,7.782887699895881,passed,59,11.54683482515595,passed,50,5.0181595009503255
4605,160.70026150460959,5.2209455882767974,passed,28,9.436790882392287,passed,14,5.246834960614799
4606,143.45834236680147,5.683793931268961,passed,89,8.139325924792074,passed,61,5.43621527385636
4607,161.50307541939512,4.048615010018828,passed,89,8.639217779938523,passed,74,5.791557539792147
4608,112.44019603652298,5.311932333973465,passed,21,8.018040095013612,passed,14,6.02568718776435
4609,179.39155684144015,3.604885364790284,passed,98,8.0838702572388,passed,50,5.626854140488158
4610,179.87496126930256,4.928726542915583,passed,54,8.250971901864968,passed,51,6.330135261687553
4611,135.39300759967517,3.679674227063089,passed,36,8.339897247582307,passed,22,6.776772122773567
4612,127.51167105491716,5.923769989440046,passed,144,8.640712591887812,passed,131,7.886865572986812
4613,153.56420098492129,6.039769791393926,passed,163,9.38580723646707,passed,76,5.656817361742217
4614,143.62430905425666,6.088728241468394,passed,137,8.399590305270554,passed,126,5.2677865810481395
4615,181.08480793242472,5.153344504033475,passed,89,8.943708492926072,passed,58,5.015848273910106
4616,175.9902744262479,3.641105378754476,passed,27,8.115801612632945,passed,22,5.508102616451915
4617,136.26735964532344,4.4820579055676335,passed,79,8.717309501936189,passed,66,5.091651545418174
4618,170.37436335125005,4.651272286687218,passed,150,9.957903077075647,passed,115,5.573111820960142
4619,121.36749162415458,6.282613380225707,passed,76,8.006982195377033,passed,46,5.0048390281321575
4620,188.39547031659927,5.101849629356305,passed,111,8.608468367407962,passed,55,5.048330178232452
4621,128.550380980307,6.350761380198268,passed,150,8.134493107888874,passed,121,5.622973533521569
4622,151.62769988320397,10.569404142756142,passed,129,8.316564869648202,passed,87,5.14773215397768
4623,205.00884248846356,4.050013165964396,passed,60,9.016263306696736,passed,37,6.09502721110311
4624,168.1432249235911,4.596950754877564,passed,110,8.443643706085524,passed,100,5.01747301154587
4625,122.227714120024,13.704717244343742,passed,387,9.215079972827734,passed,101,5.841416621811635
4626,135.51147092453343,6.082597900935291,passed,53,8.0229503403769,passed,30,5.122542267713515
4627,119.20215089413743,12.74789656365316,passed,226,9.28423703951593,passed,29,5.991152268178079
4628,194.45383113531597,5.474117233527866,passed,67,8.32790598537898,passed,59,6.011133264095747
4629,153.24942103606256,2.8895923365262863,passed,22,8.249505356740073,passed,17,5.681385924959703
4630,151.52703695662936,4.644699388365211,passed,106,11.47270107888434,passed,14,5.0507028842355695
4631,151.14153974215435,4.500297708837097,passed,106,8.982937026392479,passed,51,5.425917001664593
4632,134.4693275115972,6.486043265612844,passed,169,8.004051547212976,passed,154,5.279012926768467
4633,202.79017449039202,5.6742584084997745,passed,133,8.13435816083945,passed,64,5.200756495210501
4634,192.7178996647596,3.4860704165064793,passed,104,8.813810441739655,passed,48,5.054766009683043
4635,176.25151705131032,3.3415399613078844,passed,60,8.236158174759268,passed,55,6.559839610433316
4636,172.68597983348963,5.447010107401783,passed,141,8.104782451453097,passed,139,6.065307187675928
4637,133.6462506403497,9.163253620524928,passed,53,8.00199726757851,passed,31,6.893932123672841
4638,163.28173178649004,8.962221646690093,passed,74,8.076035625982136,passed,34,5.25247437654075
4639,209.31112751320367,5.7873925499481444,passed,96,8.349850887939825,passed,94,5.9186772314008484
4640,164.56689026150036,4.465678111830151,passed,74,8.316848602766914,passed,57,5.471332787848215
4641,170.90510703067818,4.145439615699078,passed,102,9.77319578511553,passed,100,5.351566524373341
4642,217.6092268701599,4.17832326161412,passed,37,8.480293026498153,passed,33,6.381754184756705
4643,149.75184952372817,4.632608414576901,passed,101,8.25923224133951,passed,59,6.788986976313494
4644,160.33236197896602,6.818982136569633,passed,49,8.358793277069054,passed,35,5.620879850618099
4645,190.2182794583537,6.0911169111934145,passed,70,8.076195586982227,passed,34,5.733311119443707
4646,144.20712876059966,7.29494621446827,passed,39,8.835713522429156,passed,28,5.395804247055835
4647,124.63476810267,4.311874675783527,passed,35,8.01289221350081,passed,13,5.307333874410758
4648,152.4058872921221,4.648681507064385,passed,53,8.233146935474878,passed,53,8.233146935474878
4649,168.29254874589913,9.247686287145655,passed,84,8.335109629367876,passed,59,5.0641944212702406
4650,205.12169022312398,3.6184843592898885,passed,35,8.002780333543647,passed,17,5.630709408853463
4651,134.87298785090434,5.467899839727572,passed,45,8.122754181552772,passed,40,6.315703511965198
4652,190.34939137081594,6.864846951536624,passed,59,9.13106302986062,passed,27,5.474297960615071
4653,148.7052178751473,3.0206391302516264,passed,79,8.224031826555267,passed,35,5.223988270921298
4654,162.7658383647825,3.88734767670591,passed,108,8.174489825171328,passed,81,6.3987496210609285
4655,121.40491915422875,3.9732638661105266,passed,148,10.065018166858364,passed,71,5.051692662734508
4656,167.44455097690744,5.8759178362654225,passed,223,8.133483056635459,passed,59,5.497500058226468
4657,140.82856765780693,4.81777930301799,passed,53,8.411530771357235,passed,39,5.0041382809052015
4658,184.73535736153468,3.88844373457097,passed,104,8.926810611515346,passed,37,5.024401866032502
4659,181.19495450882383,4.779778346239842,passed,65,8.11020904403179,passed,49,6.489040920028666
4660,129.91922877878062,7.156769230716901,passed,159,8.728585369165609,passed,155,5.010122031029951
4661,135.93603443069725,11.777039740173999,passed,398,8.137689315154661,passed,336,5.00098702118168
4662,182.74201835369013,4.260449842685519,passed,44,8.342847762598794,passed,34,5.318296879928974
4663,141.9054056902044,7.335985458162527,passed,110,8.680018183785077,passed,54,6.34701400148896
4664,164.2787990197961,5.180614323960137,passed,89,8.436400562924828,passed,56,6.407762565178032
4665,115.84092449289898,5.732079778262487,passed,124,8.02310255005223,passed,39,5.244652952816686
4666,107.71704562382185,10.35881208631562,passed,109,8.05019306846695,passed,56,5.011037044260314
4667,153.5760111034281,4.986141978773713,passed,146,9.851590851868552,passed,137,5.9154846615322
4668,114.0578399702319,6.8936075732780795,passed,207,8.001184326577416,passed,77,5.205675896833983
4669,139.01104317151356,5.954671687742557,passed,114,8.591774882839886,passed,94,6.5192544306111655
4670,208.50311517748074,5.074721991919614,passed,25,8.238479996842862,passed,8,5.610075661642688
4671,143.47029352254995,5.3335252760954335,passed,158,8.315086369723957,passed,130,5.230142195016696
4672,151.8909563366301,4.455450976054893,passed,225,8.05713914208923,passed,64,5.196240529458485
4673,144.26325967342493,5.46672095128794,passed,133,9.034003583148742,passed,109,5.019427143236355
4674,227.66212888944168,6.548724735278406,passed,31,9.61188087335183,passed,30,7.7811866068018265
4675,216.89565327930885,5.005644230729936,passed,110,9.350345666813297,passed,70,5.1546709298951665
4676,149.03095484853557,4.528199343420464,passed,69,8.51055352764054,passed,66,5.2487253302799575
4677,194.19756913981178,3.690572833489495,passed,61,8.990158380760004,passed,49,5.455434400950354
4678,167.42828854944437,6.629176841836064,passed,168,8.27969630032024,passed,148,6.392690758101005
4679,110.22238124840298,5.899238005600962,passed,125,10.408246152426436,passed,102,5.190407702499833
4680,157.7176564008372,5.910573238557553,passed,169,8.045301445444885,passed,83,5.093748689743793
4681,128.6580304877139,5.978949125707567,passed,73,8.041531685443815,passed,72,6.421037230597526
4682,182.33532875855812,2.4906365789068414,passed,56,8.030474263807985,passed,27,5.045842064118511
4683,124.69535529193737,5.4936225081136865,passed,34,8.003961768746404,passed,25,5.283479320679718
4684,130.44745053507611,7.2570308951660945,passed,37,8.070014740881582,passed,31,6.2848492260830335
4685,147.44119334725693,6.2572319873318225,passed,217,8.524976854039966,passed,214,6.071592674984561
4686,168.12894512280695,8.673354129966901,passed,248,8.096833710024232,passed,246,7.5440747839202515
4687,149.2931974787759,6.2700436588883965,passed,228,9.677807896673318,passed,166,5.01095349634797
4688,100.21668698824296,9.822166101311103,passed,305,8.761968729376001,passed,106,5.491540957504104
4689,139.84202416878318,5.131410731943289,passed,221,8.103714266673624,passed,110,6.117416167564604
4690,144.12646355739525,4.695111919271225,passed,107,9.248258898892914,passed,98,7.286556559046109
4691,142.77834899518308,6.692389754499454,passed,150,9.094790802364304,passed,132,5.211940960576245
4692,140.3408770405584,5.115734305263433,passed,21,8.49711437112106,passed,13,5.336298285310903
4693,101.17527481642195,5.9754008645794245,passed,53,8.055129799553672,passed,29,5.8866008053477525
4694,147.8097417011627,3.4856486304632632,passed,67,9.361244731265451,passed,64,5.014173874245409
4695,157.1554995721672,7.14790397191945,passed,102,8.726110576722345,passed,23,5.071584261283557
4696,101.44154882815548,7.697340493963924,passed,81,8.243874070384072,passed,54,5.012989849625993
4697,179.19391857426618,4.640454240285187,passed,49,8.275248260496614,passed,46,5.934801648032018
4698,174.0926065826556,5.615666215487325,passed,85,10.31331076009321,passed,32,5.075735722841879
4699,147.7077500776291,7.008644501257985,passed,60,8.69093993985317,passed,53,6.107229337410458
4700,123.47285781537245,5.132218315375142,passed,106,8.918892117582388,passed,97,6.115522495577297
4701,122.78245977450774,6.979746182656559,passed,66,8.436728943018279,passed,64,7.440598211872573
4702,153.13034432653313,6.045649986055749,passed,77,8.510696339852664,passed,64,5.3282805594114135
4703,140.35277620311732,5.8875963290371685,passed,56,8.423916670462205,passed,32,6.0590955077369335
4704,176.45183643553221,10.523312589501133,passed,47,8.875487528673576,passed,44,7.090185769100055
4705,166.89282606568185,5.347505362334619,passed,21,9.16472472002381,passed,6,5.379530792078202
4706,131.2886902742905,7.919944551685014,passed,128,8.904663623351695,passed,94,5.892474884411092
4707,127.31806473096441,4.694734289973533,passed,112,9.998797603378517,passed,50,5.189584685089077
4708,163.5334665418814,7.241155115609775,passed,129,8.491465367113605,passed,122,5.436960637337096
4709,170.19547555353438,4.617721335862482,passed,139,8.002406011581797,passed,110,5.062714868096929
4710,177.33545371651724,3.1514369343603765,passed,40,9.230193730917492,passed,29,5.388335545712097
4711,157.54899730835757,11.30215905208199,passed,315,8.989047192307332,passed,74,5.009897079628067
4712,195.39583693352625,5.730278205840056,passed,102,8.011816247026537,passed,87,5.300563683010662
4713,184.53217079143843,5.722189258318449,passed,47,9.406525408016009,passed,31,5.736599032755918
4714,124.60669378054239,7.65901224719446,passed,76,10.115928114040607,passed,64,5.198577472975763
4715,185.85736942129634,3.764448617017751,passed,75,10.290994050644375,passed,6,5.006130556249233
4716,170.51958480512943,3.580194431818546,passed,64,8.013840928000505,passed,22,6.359009721200737
4717,178.4474125372645,5.185073933487616,passed,89,8.495184965525905,passed,71,5.014389550691312
4718,144.14850997269113,8.480904521829,passed,44,8.123583245671329,passed,22,5.128103097526782
4719,152.5744608211371,5.61119173617351,passed,99,8.151112040492237,passed,31,5.341482562944044
4720,190.4926452929662,7.718619041199973,passed,163,11.478421945623696,passed,151,5.010628835339248
4721,180.8220269182577,4.210822785256189,passed,25,8.881859628301969,passed,13,5.373998222445597
4722,85.21480053135437,6.586944681792407,passed,222,8.163597621721363,passed,79,5.684083386630823
4723,112.82392204154318,6.68575798553293,passed,61,8.879451282650086,passed,58,5.834332867437486
4724,133.16957566422934,6.056850926110205,passed,89,8.495556225429546,passed,72,5.251712745067971
4725,161.0953246898202,4.3000218747779515,passed,88,8.14413837075476,passed,22,5.444655111528562
4726,152.38394579343552,6.957314419728417,passed,102,8.020648483753723,passed,69,5.686675915828299
4727,169.86028179478723,3.694700292730312,passed,110,8.97784284978098,passed,91,5.07684958727983
4728,116.04136056183853,5.411770334233241,passed,146,8.012740829695852,passed,108,5.646940074213402
4729,126.25112473465188,5.71987483435346,passed,214,9.485818235837694,passed,164,5.842388210109228
4730,137.14884405543,5.977176825499779,passed,277,8.0246092733252,passed,119,5.768974820392403
4731,156.85801144182054,6.247947851741185,passed,112,8.260020853233918,passed,23,5.430188547399228
4732,149.4717245748611,3.365090019641822,passed,34,8.013156267212196,passed,26,5.593079567682535
4733,144.03972435400868,4.847979930946428,passed,65,8.24142782340338,passed,51,5.205853333348354
4734,171.98208559558105,3.6326587596954147,passed,29,8.075035367420469,passed,21,5.020527813840303
4735,146.54986885857858,2.7576779827723055,passed,165,9.207832382136893,passed,129,5.016927360574397
4736,135.15558446723844,7.79616882329283,passed,228,8.34324052054738,passed,47,5.847135368735401
4737,154.48533595972674,4.128740942594645,passed,54,9.147073897676904,passed,13,6.4959906718797145
4738,179.4318394090133,4.493540885124124,passed,22,9.269189900285957,passed,19,6.3007549519737305
4739,216.9454462735829,3.708310718135387,passed,141,11.39143864373391,passed,94,5.026344245727032
4740,161.11333745250852,5.555713975044681,passed,54,8.064476514638041,passed,43,5.899705139944955
4741,178.7403767571777,4.717734768030118,passed,43,8.548604082225818,passed,35,5.523561578278979
4742,138.90145581534466,3.9507807874317202,passed,112,8.00454386080498,passed,100,5.005975239477345
4743,141.04504764461643,4.310741041126007,passed,74,8.345968943041182,passed,67,5.041276057812727
4744,175.09386269257007,3.813999271723651,passed,30,8.952514308543712,passed,22,5.063688742807004
4745,154.32260066039132,4.792776929395395,passed,69,9.884738436129581,passed,54,5.492491266933386
4746,177.66186263340944,6.683469300541754,passed,32,9.256576532157169,passed,14,6.721463667163907
4747,172.81770738486856,6.228891816173117,passed,75,8.85427271336341,passed,31,5.226629257832527
4748,162.1988472660016,4.485300800351301,passed,58,8.381236313891671,passed,53,5.889963997715442
4749,137.41725738326204,9.98896284119769,passed,385,9.201063584359614,passed,172,6.476617981606725
4750,142.79804361296016,8.092198922619872,passed,390,8.460452651480876,passed,155,5.292679777685105
4751,186.00024310943007,4.019039473399537,passed,22,9.08903009025317,passed,21,5.635357343191605
4752,164.0046844788849,4.006308786803222,passed,106,9.492900755511368,passed,100,5.116304829750762
4753,124.10611141162416,6.251716710344763,passed,148,9.453378189944717,passed,59,5.3873287368977785
4754,165.08630637109457,4.85289867225304,passed,74,8.867384442680004,passed,40,5.161922492465543
4755,243.91267866990006,4.166167222958872,passed,81,9.47810159943947,passed,59,5.863141481108736
4756,160.96457710168286,5.2918438147415054,passed,20,8.582004813851917,passed,13,5.546848204677968
4757,155.23176346902198,6.524068862450546,passed,194,8.081512852121353,passed,113,5.740803131496897
4758,144.4525066552536,7.678027858236101,passed,119,8.025339161823686,passed,61,5.60965810418923
4759,190.55214029440495,5.30985163130636,passed,103,8.716188566181016,passed,78,5.151146580170507
4760,192.73789523378807,4.708817604363062,passed,174,11.122204066447704,passed,45,5.007275769154984
4761,136.80452625867906,5.300722122234429,passed,145,8.094734730804687,passed,110,5.141512889214028
4762,100.31710159590345,10.052805498289622,passed,313,9.36424992514553,passed,125,6.838224127261006
4763,154.5285049076937,6.553339483640928,passed,166,9.13174922529909,passed,111,5.900732812408616
4764,185.9864317169174,2.8278250966990774,passed,13,8.295876763950938,passed,6,5.850149318943942
4765,164.6781869695161,4.122981407938261,passed,70,8.059283611634903,passed,67,7.12176938575666
4766,167.62832597724233,6.910813548029153,passed,139,8.389730168316166,passed,117,5.4074239858566076
4767,144.15049716065354,4.478934425990074,passed,163,8.317673006436443,passed,59,5.259507600352187
4768,177.0154450059882,5.175049050577777,passed,86,8.077966914163802,passed,21,5.474454668497741
4769,172.38755801157524,3.6539086815743906,passed,100,8.92270694034143,passed,97,6.7877534935038675
4770,147.60963536567212,7.193352786502527,passed,248,9.253527339014699,passed,240,6.27125328060294
4771,126.58330544760634,8.903619067517287,passed,379,8.619639468719065,passed,123,7.1459984515390484
4772,175.1912071102066,3.973656933302526,passed,34,8.128666198030432,passed,32,7.127629436106209
4773,115.9549832111776,7.688248461268017,passed,162,8.831886602955464,passed,19,5.020451649781532
4774,198.27465990925234,4.069556258572389,passed,27,10.741361059279942,passed,19,5.91163303414306
4775,137.06488463762855,5.135199845083696,passed,59,8.00790340501556,passed,31,6.2738550867411425
4776,174.84980081691913,4.380873563372623,passed,89,8.01560974013853,passed,81,6.059574760847597
4777,152.0400557963462,5.416408139884073,passed,43,9.526492929359431,passed,31,6.6031104368396765
4778,140.4557741924894,4.654691783839334,passed,94,10.043448309173009,passed,70,5.0309457656368295
4779,146.2990907285732,5.489349027192551,passed,94,9.300389270260867,passed,87,6.030484480572751
4780,190.00029072254932,4.440094161086903,passed,208,8.587879668307208,passed,110,5.729278097465151
4781,156.99317764582133,6.168781161414217,passed,227,9.777802444266381,passed,100,5.134411161429631
4782,173.50337518502096,4.663865342423251,passed,71,9.36307691047491,passed,37,5.988143398885604
4783,167.45687281782412,3.8540207956233576,passed,44,8.384540939278317,passed,19,5.346501795819014
4784,150.92701974701717,4.8494547352493065,passed,66,8.180824661658015,passed,60,5.3739817259288225
4785,184.22947701767532,2.697524967927679,passed,15,8.541063600420241,passed,15,8.541063600420241
4786,155.56005122595607,4.2127828540127545,passed,88,8.256467141011603,passed,34,6.439836786856401
4787,148.17902421347986,5.370677459582806,passed,31,8.108633525610998,passed,26,5.898584146067698
4788,157.8374365792898,6.231769595349144,passed,89,8.898221154744522,passed,46,5.023515189061389
4789,153.39384065522412,6.661075546208077,passed,106,8.003286839400591,passed,14,7.169888072858144
4790,158.31819952269987,5.503096008824744,passed,37,8.393842477690395,passed,21,5.727920847333379
4791,176.59062422322643,3.8578830782602926,passed,128,9.025499011330718,passed,97,6.095358848947363
4792,137.77041493750914,5.105514130643263,passed,138,8.900700022303676,passed,60,5.0087279344880775
4793,149.79362430424547,4.069556442763975,passed,84,10.112424243309315,passed,44,6.160788761566627
4794,169.09526558166985,6.923397833351723,passed,67,9.20378059377056,passed,64,6.67829007522267
4795,157.5311914502216,4.933079470367644,passed,141,9.484812587386804,passed,64,5.868369884038049
4796,146.1249390695007,7.1686013485964555,passed,174,8.004372827253237,passed,146,5.111567609908385
4797,145.4662537884094,7.039346423894114,passed,104,8.929294594461833,passed,89,5.169488597641947
4798,187.83997396546118,4.532984757165376,passed,66,8.134487184734018,passed,48,5.014789789502494
4799,124.34842409432991,5.896322188818263,passed,31,8.87310995188657,passed,22,6.083330655135177
4800,170.5494504282785,3.5712324174202283,passed,61,8.003155052265898,passed,59,7.757118971334975
4801,97.55480544238098,5.249141013143331,passed,87,9.361437687156403,passed,24,5.019484306758559
4802,107.60594972170607,6.361070167372443,passed,327,8.00810219773538,passed,93,5.231754713903025
4803,176.92139939905118,4.434918907948022,passed,89,9.139190367115813,passed,83,5.350022406305066
4804,180.57373159054458,5.803709901292735,passed,29,8.640876181033196,passed,21,5.090685023053987
4805,167.98001760545404,8.34837723158068,passed,271,8.044559727390755,passed,83,5.0181221601563575
4806,154.27377096532814,4.332645875769159,passed,48,8.201204183116761,passed,43,6.834543914080449
4807,139.60095066941838,7.489398089301555,passed,70,9.275423039185405,passed,21,5.272181014634381
4808,145.2209261817654,5.7935163711441735,passed,75,8.049215650526387,passed,12,5.00269998835301
4809,110.10317510442795,7.9185847734366686,passed,143,9.048739369301973,passed,120,5.989153998609642
4810,141.96918692750793,4.892750555167899,passed,175,8.498395030220053,passed,125,5.010866308815576
4811,148.43557508351074,5.630399355397322,passed,146,8.000617628936935,passed,85,5.226208683770417
4812,161.91489720597693,4.883256021306003,passed,89,8.313554805353963,passed,30,5.501197346506914
4813,164.38462207325188,4.368296031264456,passed,193,8.002271681763373,passed,143,5.295052611940676
4814,126.15731774949089,7.229422920143228,passed,139,8.177454640632664,passed,117,5.239856287744815
4815,145.67772620579797,5.517449326906738,passed,43,8.817723896622232,passed,40,5.281440082197553
4816,166.03944887332668,7.7642595897711235,passed,35,8.049180992001826,passed,22,5.20754258866396
4817,171.96849475031914,4.15693947581579,passed,55,8.099043586830689,passed,20,5.343152511302307
4818,178.03011430353087,4.44056847846673,passed,133,8.393086834417286,passed,92,5.169908768741571
4819,152.82575739847695,5.499657246826336,passed,74,8.314423043790109,passed,43,5.577848113512229
4820,111.45702446296765,7.36352351400546,passed,64,8.022834727965433,passed,53,5.204452608597432
4821,141.4448088773963,4.209183857780634,passed,100,8.523326358020512,passed,71,5.20679883988564
4822,159.17982471422118,4.795415433394863,passed,40,8.405398951610831,passed,14,5.763886643593641
4823,180.02426600714864,4.004508982432553,passed,61,8.199552683383082,passed,60,5.798430162716506
4824,106.53486185456988,7.825263347541572,passed,101,8.085522012543734,passed,81,6.14299724059566
4825,176.22511881092518,3.8511244127822835,passed,29,9.159165616767506,passed,20,5.310575356165437
4826,184.2153427692161,5.0952438063451195,passed,40,9.570781316348477,passed,31,5.2285959869095455
4827,135.85980856301126,7.8377014546088475,passed,50,8.283615633852627,passed,25,6.452460259583237
4828,164.5399119971089,6.679651017967589,passed,122,10.111833549708905,passed,75,5.618244487541402
4829,142.26395535833524,5.692491820914982,passed,162,8.992281167493775,passed,149,5.007408384510281
4830,172.3046532267086,6.623271022514053,passed,146,8.42991921578271,passed,106,5.845682010435516
4831,206.34223051175235,3.9759189943041893,passed,56,8.510634208517477,passed,22,5.448168280455601
4832,151.46799179672104,5.2690501561386975,passed,87,9.767337927346297,passed,32,5.190340463628695
4833,182.07328027299837,4.971128817050905,passed,132,8.39485875137267,passed,79,5.107420514807703
4834,140.6387935859562,4.640958673192733,passed,56,8.594147218869818,passed,34,5.248164623234608
4835,92.58192621394986,10.692108440352953,passed,65,8.004147644890258,passed,45,5.489780619467255
4836,103.51010514981631,5.699475570291683,passed,22,8.129628864871275,passed,22,8.129628864871275
4837,153.72402603998788,3.7507440552962277,passed,97,8.279683969503138,passed,89,5.064788761094152
4838,138.6987974288258,7.822565685578185,passed,47,8.074116287844625,passed,17,5.108406203432203
4839,126.6449651198427,9.079513510016819,passed,279,8.51579911603595,passed,245,5.102753312145003
4840,181.85731649018894,4.092265879107475,passed,65,8.717607409850746,passed,50,6.293190915245828
4841,125.49973116455489,10.530822391169234,passed,73,8.646595328919894,passed,68,5.683545799367651
4842,204.2014072517726,4.4112694234490215,passed,50,8.458640379011406,passed,40,5.407491162357725
4843,176.73308189127158,6.413524271602173,passed,69,11.937640170831386,passed,56,6.069251757288963
4844,149.23153915840368,6.121800173847328,passed,102,9.595873220653782,passed,38,5.016483946012995
4845,177.93478792212832,5.04047498762562,passed,118,8.426028472015412,passed,90,5.230248234953816
4846,162.47792524228396,8.326299678206542,passed,265,8.663199511240084,passed,198,6.07265006036406
4847,115.61975505887733,6.339262466286266,passed,225,8.187286793958815,passed,207,6.718161424020397
4848,206.71320324624114,3.0855744746264806,passed,38,8.711171990919532,passed,24,5.5324485614225205
4849,181.16262027277364,3.454206811967517,passed,89,8.62888882615145,passed,50,5.2367667685247365
4850,107.7806739946058,5.689003450794226,passed,109,8.954284511894016,passed,104,5.067001817466088
4851,161.2902443653685,5.277286270470806,passed,34,9.892441557986675,passed,30,5.861604456247038
4852,190.8666425646273,4.135570445578612,passed,50,8.876425761562622,passed,39,5.931548146073018
4853,169.74774567536838,6.318356832516479,passed,136,8.842628763623782,passed,102,7.295572671081452
4854,189.86998161140502,6.268722385284875,passed,91,10.160317372588112,passed,69,5.135403225655755
4855,147.27881485026816,6.0367151250595255,passed,102,9.149132291958928,passed,59,6.739380757793323
4856,162.68172940120297,4.571578687133381,passed,110,8.404675170622578,passed,44,5.101018849173045
4857,130.37354593938315,4.752554155599245,passed,72,8.713384699928707,passed,63,5.638711493091986
4858,156.42913432207638,4.628807051760413,passed,161,8.858300039006096,passed,106,5.127911287305542
4859,170.04872666349775,4.2922168728758345,passed,54,8.373587475671119,passed,21,5.002318187376442
4860,167.25499774285325,4.609071678069757,passed,116,9.240816201480229,passed,104,5.771511098234305
4861,144.97935545713835,9.4700373236229,passed,380,8.4655829226846,passed,377,5.942769443175577
4862,158.02941468767435,6.99891295050806,passed,31,8.31183762854204,passed,28,5.944679925196206
4863,164.67817781107726,4.189376813905414,passed,97,9.675847674460503,passed,51,5.792101549994122
4864,188.40415199425073,4.217110009036545,passed,56,8.559780879045498,passed,30,5.871273213689965
4865,168.21083617547106,5.537597890147796,passed,140,9.292858224546553,passed,119,5.916060416835678
4866,184.66122586723907,3.5878139764488988,passed,89,8.063704550950558,passed,85,5.8140269216153895
4867,199.58394994122074,4.415638416131165,passed,53,8.54770454413105,passed,17,6.7728697400572635
4868,147.7508547682474,6.178790350956046,passed,127,8.9319151045824,passed,53,5.535614778459408
4869,180.95212984819145,3.2745630751473653,passed,45,8.478741965771297,passed,31,5.391487464973732
4870,160.09948759336515,3.793530426391081,passed,64,8.23047175982785,passed,63,6.225196387779608
4871,131.67819844520653,5.393098411972126,passed,121,8.733934703204538,passed,71,5.131832819589488
4872,155.6363849623429,5.744930373325884,passed,71,8.140566280733697,passed,53,5.0088225752530136
4873,125.94139767247961,3.8370415442513974,passed,41,8.144310494346406,passed,37,5.742262635934314
4874,130.6016270655429,6.603008230914388,passed,36,8.27895494661095,passed,21,5.318468511019669
4875,199.59867894416604,5.91203827391413,passed,33,9.202397549773567,passed,32,5.878295923784216
4876,147.96937823765228,4.928674582148802,passed,193,8.159914500725263,passed,141,6.141865311722161
4877,121.67337905189406,5.005457984285718,passed,50,8.874109505582407,passed,45,6.52990975046539
4878,149.6665726825046,5.271043797948684,passed,106,8.117971405380885,passed,40,5.245372970758222
4879,182.37372352226183,4.21653816659636,passed,134,9.349983392132554,passed,107,5.2227703651335
4880,198.54711723991895,7.041948007359497,passed,23,8.201036462489576,passed,19,5.933748012457918
4881,160.38379805517806,6.941879003406388,passed,53,8.034779338902108,passed,29,5.268724494422705
4882,140.8569471142717,3.6552688485944076,passed,29,8.789257794847604,passed,16,5.752284540518637
4883,135.2218664189142,6.843129693082818,passed,54,8.004569056928169,passed,39,5.7079287784325805
4884,117.67889965211671,5.646732894402613,passed,55,8.133795022102186,passed,39,6.783589213489849
4885,139.30062680636306,5.8319605101352785,passed,61,8.369164181279753,passed,23,5.582440541683886
4886,86.96694209479551,8.336328231808805,passed,89,8.316541602236093,passed,13,5.096027404872783
4887,153.7332698285955,5.885322982481067,passed,61,10.45058197158375,passed,39,5.537310983137966
4888,170.7926321707566,5.006543027563432,passed,84,8.506229498357264,passed,30,5.8224447668638435
4889,172.69957801358794,3.205422188986045,passed,107,8.747849479101678,passed,67,7.280324267343996
4890,164.1081447084217,4.468432715083916,passed,157,8.527871255565532,passed,145,5.736062293989064
4891,123.32723063866698,8.54799271980168,passed,107,8.804411500454234,passed,94,5.057273710661314
4892,166.66276448446712,5.155374896008536,passed,29,8.370305522177723,passed,16,7.338419124390416
4893,171.01536720911227,6.860926934776527,passed,35,9.020839621662757,passed,12,5.511494106055115
4894,146.1586289264234,3.7261270765591687,passed,22,8.27331543569072,passed,20,6.512545318728802
4895,176.07854985671744,9.271462084563558,passed,122,10.900758625636353,passed,111,5.562957748254771
4896,121.7523143165815,8.369967252273627,passed,158,9.076140124651833,passed,63,5.014025627795871
4897,149.09657204742675,6.008363980868257,passed,166,8.028417378571117,passed,161,5.0130123763452605
4898,149.9113461765577,4.231873536691488,passed,166,9.366714218890015,passed,71,5.3153783549726
4899,176.04815295345668,4.195566603215741,passed,69,8.108888843184282,passed,63,7.0623315763585826
4900,163.35491188316294,4.091322025906041,passed,89,8.127443646765919,passed,60,5.444989188160143
4901,180.5210571391035,4.994673967831321,passed,107,9.489744620756401,passed,107,5.134483067296691
4902,109.1505029711473,5.42631215654611,passed,65,9.402573212727795,passed,49,5.614451241235696
4903,166.62205361816436,5.182319443134785,passed,68,9.803174978979868,passed,50,5.016656415201304
4904,141.3404476833063,9.278863196072697,passed,71,8.436859759981207,passed,13,5.576366199584282
4905,116.16211946749272,8.206430258675613,passed,104,8.310573972655622,passed,59,6.041419839629403
4906,133.16176243017242,5.388559520422977,passed,49,9.41500461824145,passed,6,6.337410087513606
4907,137.25713047708675,5.160814674145517,passed,95,8.098890697086759,passed,76,5.138693238198155
4908,130.02637480571488,4.260234570452096,passed,81,8.687595401024684,passed,46,5.953176244302294
4909,109.54708529793602,4.275468531682778,passed,48,8.038780765535414,passed,36,5.015765959445306
4910,158.22715955664478,6.296939258916634,passed,215,8.191815569361127,passed,196,5.601729147784318
4911,137.0164599453011,4.6570026829656355,passed,100,8.352365398776573,passed,81,6.239943168873441
4912,129.52164379834525,4.265046203591901,passed,43,8.6644865053088,passed,28,6.045639388672486
4913,174.4120331895497,4.680193791272267,passed,37,8.892637224064703,passed,30,5.7424846255152096
4914,156.85702080330293,4.255732840619294,passed,32,9.143710053500298,passed,22,6.253509571546267
4915,181.5120932925984,3.3087648672665106,passed,34,9.607931406999937,passed,20,5.893067548441144
4916,146.81028779174957,4.087570109445192,passed,21,8.489877829549286,passed,17,5.839069912218142
4917,179.84802080888505,3.8533863738752996,passed,31,8.014916552065365,passed,26,6.337998736681505
4918,148.03693903068407,5.343692076147988,passed,196,11.159023272300782,passed,191,6.343880443653105
4919,183.92430377232833,5.985282680929033,passed,146,8.319507401699354,passed,120,5.597197272422139
4920,151.88283876524912,5.076654454426052,passed,79,8.642017156261783,passed,56,5.342382579105465
4921,156.6607244168702,3.9739879685794075,passed,81,8.721229977590728,passed,21,5.149485762416983
4922,149.43232570046268,11.054869306946403,passed,152,8.162546981754137,passed,61,5.043714892275042
4923,155.52097420456226,5.737202460523739,passed,103,8.215137798201955,passed,79,5.124703688328092
4924,108.34730757287501,6.625187235362419,passed,146,9.736150411506749,passed,34,5.110271857162596
4925,177.64342884341596,6.9658969967989774,passed,154,8.010694679631536,passed,61,5.176892640319597
4926,154.036874837468,3.979508545544023,passed,54,8.536273330048449,passed,53,6.548719124187818
4927,78.7917575785548,9.270224553001642,passed,662,9.364527172985216,passed,584,5.327479898976462
4928,162.59872424492733,5.5060087127591455,passed,102,8.2316491390789,passed,89,5.0166984382369995
4929,194.57378293771194,3.528336960920331,passed,141,8.39188222618259,passed,115,5.173205393505831
4930,165.21401697651152,7.22884394542041,passed,107,8.147171314795564,passed,94,5.050573263304581
4931,160.83004766127718,7.143213430492583,passed,65,8.583372172956839,passed,50,5.648055416824094
4932,160.64022772317608,6.179926375426549,passed,31,9.367143212839423,passed,6,6.067052194086675
4933,160.84275108548098,6.764929698401649,passed,117,8.757060089159264,passed,97,5.936460627435269
4934,116.06504194469771,7.265623300729489,passed,94,8.553042254492649,passed,64,5.515370817139487
4935,172.38870757213994,4.271835939901134,passed,115,8.6415520758252,passed,43,5.02860021363003
4936,232.99196102039684,3.0467305509751457,passed,113,8.0681355014538,passed,104,5.2389071610049465
4937,195.97131564029561,7.713881642647149,passed,154,8.722003232639054,passed,33,5.3238106764941895
4938,155.23791803134986,5.187065834915116,passed,119,10.022910483150916,passed,28,6.280274746584724
4939,173.7002534538234,3.920430388995607,passed,97,8.208885300044289,passed,74,5.006979458413019
4940,189.89928578887177,5.409831507561651,passed,67,9.179777264663858,passed,61,5.099562747391029
4941,131.2078032673981,7.110615481632247,passed,217,8.460332060613629,passed,150,5.409067339428919
4942,172.04118927145902,4.820447350997948,passed,117,9.02153079741479,passed,103,5.028144647906396
4943,126.7378205401367,6.14247735114553,passed,164,8.015046547658923,passed,37,5.009773020395447
4944,192.27223410204127,3.8886374420759116,passed,54,8.760366210842285,passed,21,5.663790747035358
4945,106.35568304406284,9.264301656966081,passed,128,8.015074598970905,passed,100,6.387396973165527
4946,114.80126767452572,10.936945459340407,passed,250,8.17431262831203,passed,12,5.327133033270881
4947,149.0344705979021,5.8986201026323215,passed,136,8.296133418846786,passed,124,5.614227698504726
4948,133.6118515738938,6.8494778258481075,passed,174,8.160365206302878,passed,129,5.018364898806937
4949,187.79252744070374,3.5838380314846923,passed,53,8.160674186632555,passed,23,5.40204085182876
4950,117.29842168603514,10.953067851319302,passed,141,9.773028853253818,passed,125,5.023776769508892
4951,196.63520109923633,3.6362596621208247,passed,33,8.191210011492412,passed,20,5.905501565931348
4952,121.17250489183178,3.960219088983911,passed,66,8.507304215884393,passed,57,5.030950509954768
4953,107.61600928650785,5.662148690989171,passed,108,8.583948803579888,passed,107,5.520334818426065
4954,153.01563653997405,3.5188182661411336,passed,100,9.1682948467815,passed,8,5.196725916059575
4955,114.73738173441501,7.149481844459474,passed,73,9.156162825411007,passed,56,5.395037429217764
4956,171.02503168437173,7.032725767862143,passed,45,8.911705572470542,passed,40,5.225776994153408
4957,152.60394136598362,4.512824928302949,passed,64,8.593820903438964,passed,58,5.0590022490274
4958,188.7372028160006,3.1674022227477976,passed,53,9.584901850280225,passed,32,5.407503992461349
4959,141.3962147840038,5.047196613581847,passed,49,9.060053835311788,passed,37,6.205539144490957
4960,137.4686683625315,6.10332564627532,passed,246,8.513301379816163,passed,46,5.099677549938719
4961,193.36642579704505,6.667746763691518,passed,43,8.11186050191477,passed,22,5.223873714367611
4962,158.6317810848187,4.085140364616479,passed,128,8.683708263096769,passed,58,5.489772803021986
4963,217.31892490858598,3.7631278781217294,passed,50,8.01839623526508,passed,21,5.0117664514433
4964,141.69336128794052,5.717581934807979,passed,41,8.011257322990705,passed,25,5.001096398257787
4965,188.86587618328687,3.963042618028228,passed,94,8.088745283989018,passed,84,5.3835680516827855
4966,195.03633435818116,9.983481018766255,passed,248,10.284383571793466,passed,233,5.949226816603503
4967,152.20573450618363,6.694031544063564,passed,48,9.033499904541674,passed,38,5.976750911008222
4968,139.0799857148966,4.015379885514189,passed,102,8.01541664435228,passed,94,5.619765024884793
4969,192.28307147432818,5.5448565750846885,passed,232,9.319565680633524,passed,203,5.092021353297049
4970,165.57746031226176,5.263183993679346,passed,175,8.45849890239656,passed,162,5.004091002977362
4971,138.98162418112454,5.931632298477922,passed,128,8.642109280039012,passed,21,7.042788844204795
4972,210.117168921176,6.517060995685618,passed,81,8.310760728585365,passed,60,5.487323461902305
4973,150.20295298222868,6.3501571514759085,passed,154,8.01926112914726,passed,110,5.04450984155389
4974,161.41329234337144,6.005443172190462,passed,167,8.15673421315919,passed,131,6.677878906688339
4975,159.46908005391668,4.25828791063046,passed,96,8.833696367370658,passed,71,6.179462147364201
4976,161.01684283283788,4.864329721641854,passed,94,8.03491965059633,passed,67,5.5715868244033295
4977,156.923888436739,8.42629193727205,passed,132,8.1317010743142,passed,110,5.000060620478619
4978,173.79044956349375,4.665153175441286,passed,28,8.515760739127852,passed,13,5.686078171709696
4979,83.68410789628491,10.705324704132833,passed,107,8.151878234115472,passed,62,5.003374321590814
4980,168.63890077378824,3.94646770108851,passed,19,8.30241948835717,passed,14,6.518320420742185
4981,151.740883361875,5.29596526210588,passed,103,8.956711585275844,passed,93,5.224152759661127
4982,154.02055913011284,5.111602054076095,passed,45,10.1395038398576,passed,27,5.022640646209919
4983,183.78701568018278,3.9100504882955667,passed,95,8.520536570484039,passed,79,5.578449665979579
4984,123.53602164898928,6.72607538927576,passed,40,8.35048982158022,passed,34,5.141668781472686
4985,158.67744248208305,4.119920616723443,passed,71,8.078736616531401,passed,41,5.517684048740734
4986,144.83209227567232,5.361573875274203,passed,57,9.045854407324017,passed,31,5.295387022044351
4987,165.0549753570635,4.9190815210503995,passed,60,8.828803612346704,passed,33,5.174412393348127
4988,153.66631898650093,5.787266533514709,passed,125,8.561090820894556,passed,115,5.3737543428600265
4989,168.74277120547214,6.481665163228395,passed,48,8.378447552502166,passed,40,5.284184234306566
4990,173.96180637127253,5.3433866710267335,passed,76,8.03115610477172,passed,4,5.306351693505507
4991,155.40603403794435,3.6314394105311254,passed,136,8.336823443730989,passed,98,5.464710529666217
4992,122.20103730167588,3.7692758659458607,passed,18,8.071175231996675,passed,12,5.2601447811554625
4993,119.35689519387603,10.020459027151892,passed,173,9.431541852524571,passed,146,5.142375163324009
4994,150.00812185914688,9.274307693882436,passed,104,8.010822037694897,passed,24,5.914398697701051
4995,96.39059379473221,5.92713528924838,passed,146,8.478336727070722,passed,146,5.73423182709536
4996,174.81570896918566,4.8979134815838075,passed,97,10.744752371415188,passed,96,5.816870057087931
4997,155.28798898245086,4.215984046448216,passed,143,8.15960168782306,passed,123,6.739326419186353
4998,142.40609436263023,4.725938971632105,passed,30,8.300399616487342,passed,22,5.230397049257052
4999,209.776493599355,3.8785426062648454,passed,65,8.015818102821104,passed,38,5.152567021505194
5000,136.84340713699794,7.447903774839011,passed,328,9.183597489858064,passed,46,5.638458570465832
