Time,NetPnl,Balance,SourceCandidate
2013-01-02 07:00:00,0.5672413372387529,2500.5672413372386,cand_003 (USDJPY)
2013-01-02 08:00:00,0.6146637622021717,2501.181905099441,cand_008 (EURJPY)
2013-01-03 07:00:01,0.5672413372387529,2501.74914643668,cand_003 (USDJPY)
2013-01-04 07:00:00,0.5672413372387529,2502.3163877739184,cand_003 (USDJPY)
2013-01-04 09:32:40,0.0,2502.3163877739184,cand_003 (USDJPY)
2013-01-04 13:00:00,18.8324123963266,2521.148800170245,cand_003 (USDJPY)
2013-01-07 07:00:00,0.5672413372387529,2521.7160415074836,cand_003 (USDJPY)
2013-01-07 08:28:40,0.0,2521.7160415074836,cand_008 (EURJPY)
2013-01-07 15:00:00,-0.07068633265324975,2521.6453551748305,cand_008 (EURJPY)
2013-01-08 08:00:00,0.6146637622021717,2522.260018937033,cand_008 (EURJPY)
2013-01-09 07:00:00,0.5672413372387529,2522.8272602742713,cand_003 (USDJPY)
2013-01-09 08:00:00,0.6146637622021717,2523.4419240364737,cand_008 (EURJPY)
2013-01-10 07:00:00,0.5672413372387529,2524.009165373712,cand_003 (USDJPY)
2013-01-11 07:00:00,0.5672413372387529,2524.5764067109512,cand_003 (USDJPY)
2013-01-11 08:00:00,0.6146637622021717,2525.191070473153,cand_008 (EURJPY)
2013-01-14 07:00:00,0.5672413372387529,2525.758311810392,cand_003 (USDJPY)
2013-01-14 08:00:00,0.6146637622021717,2526.3729755725944,cand_008 (EURJPY)
2013-01-15 08:00:00,0.6146637622021717,2526.9876393347963,cand_008 (EURJPY)
2013-01-17 08:00:00,0.6146637622021717,2527.6023030969986,cand_008 (EURJPY)
2013-01-18 07:00:00,0.5672413372387529,2528.169544434237,cand_003 (USDJPY)
2013-01-18 08:00:00,0.6146637622021717,2528.7842081964395,cand_008 (EURJPY)
2013-01-23 08:07:40,0.0,2528.7842081964395,cand_003 (USDJPY)
2013-01-23 08:08:40,0.0,2528.7842081964395,cand_008 (EURJPY)
2013-01-23 11:42:40,-37.829481244732655,2490.954726951707,cand_008 (EURJPY)
2013-01-23 13:00:00,-5.522094418019259,2485.4326325336874,cand_003 (USDJPY)
2013-01-24 07:00:00,0.5672413372387529,2485.9998738709264,cand_003 (USDJPY)
2013-01-24 07:35:40,0.0,2485.9998738709264,cand_003 (USDJPY)
2013-01-24 13:00:00,7.283378770145587,2493.283252641072,cand_003 (USDJPY)
2013-01-25 07:00:00,0.5672413372387529,2493.8504939783106,cand_003 (USDJPY)
2013-01-28 07:00:00,0.5672413372387529,2494.4177353155496,cand_003 (USDJPY)
2013-01-29 07:00:00,0.5672413372387529,2494.984976652788,cand_003 (USDJPY)
2013-01-30 07:00:00,0.5672413372387529,2495.5522179900267,cand_003 (USDJPY)
2013-02-01 07:00:00,0.5672413372387529,2496.1194593272658,cand_003 (USDJPY)
2013-02-01 08:00:00,0.6146637622021717,2496.7341230894676,cand_008 (EURJPY)
2013-02-04 07:00:00,0.5672413372387529,2497.3013644267066,cand_003 (USDJPY)
2013-02-04 08:00:00,0.6146637622021717,2497.916028188909,cand_008 (EURJPY)
2013-02-05 07:00:00,0.5672413372387529,2498.4832695261475,cand_003 (USDJPY)
2013-02-05 08:48:40,0.0,2498.4832695261475,cand_008 (EURJPY)
2013-02-05 10:28:40,-34.40580408926656,2464.077465436881,cand_008 (EURJPY)
2013-02-06 07:00:00,0.5672413372387529,2464.6447067741196,cand_003 (USDJPY)
2013-02-06 07:39:40,0.0,2464.6447067741196,cand_003 (USDJPY)
2013-02-06 13:00:00,-21.07301567841967,2443.5716910957,cand_003 (USDJPY)
2013-02-07 07:00:00,0.5672413372387529,2444.138932432939,cand_003 (USDJPY)
2013-02-08 07:00:00,0.5672413372387529,2444.7061737701774,cand_003 (USDJPY)
2013-02-12 07:00:00,0.5672413372387529,2445.2734151074164,cand_003 (USDJPY)
2013-02-14 07:00:00,0.5672413372387529,2445.840656444655,cand_003 (USDJPY)
2013-02-18 07:00:00,0.5672413372387529,2446.407897781894,cand_003 (USDJPY)
2013-02-19 09:30:40,0.0,2446.407897781894,cand_003 (USDJPY)
2013-02-19 13:00:00,-6.063809895082269,2440.3440878868114,cand_003 (USDJPY)
2013-03-01 07:00:00,0.5672413372387529,2440.9113292240504,cand_003 (USDJPY)
2013-03-01 08:00:00,0.6146637622021717,2441.5259929862523,cand_008 (EURJPY)
2013-03-04 07:00:00,0.5672413372387529,2442.0932343234913,cand_003 (USDJPY)
2013-03-04 08:00:00,0.6146637622021717,2442.7078980856936,cand_008 (EURJPY)
2013-03-05 07:32:40,0.0,2442.7078980856936,cand_003 (USDJPY)
2013-03-05 13:00:00,-15.400602306032141,2427.307295779661,cand_003 (USDJPY)
2013-03-07 07:00:00,0.5672413372387529,2427.8745371169002,cand_003 (USDJPY)
2013-03-08 07:00:00,0.5672413372387529,2428.441778454139,cand_003 (USDJPY)
2013-03-08 08:00:00,0.6146637622021717,2429.056442216341,cand_008 (EURJPY)
2013-03-11 07:00:00,0.5672413372387529,2429.6236835535797,cand_003 (USDJPY)
2013-03-11 08:00:00,0.6146637622021717,2430.238347315782,cand_008 (EURJPY)
2013-03-12 07:00:00,0.5672413372387529,2430.8055886530205,cand_003 (USDJPY)
2013-03-15 07:00:00,0.5672413372387529,2431.3728299902596,cand_003 (USDJPY)
2013-03-15 08:00:00,0.6146637622021717,2431.9874937524614,cand_008 (EURJPY)
2013-03-18 08:22:40,0.0,2431.9874937524614,cand_008 (EURJPY)
2013-03-18 10:51:40,-29.961785088544858,2402.0257086639167,cand_008 (EURJPY)
2013-03-19 07:00:00,0.5672413372387529,2402.5929500011553,cand_003 (USDJPY)
2013-03-21 07:00:00,0.5672413372387529,2403.1601913383943,cand_003 (USDJPY)
2013-03-22 08:28:40,0.0,2403.1601913383943,cand_003 (USDJPY)
2013-03-22 13:00:00,16.396110852886153,2419.5563021912803,cand_003 (USDJPY)
2013-03-27 07:00:00,0.5672413372387529,2420.123543528519,cand_003 (USDJPY)
2013-04-03 07:00:00,0.5672413372387529,2420.690784865758,cand_003 (USDJPY)
2013-04-04 08:00:00,0.6146637622021717,2421.3054486279602,cand_008 (EURJPY)
2013-04-04 08:17:40,0.0,2421.3054486279602,cand_008 (EURJPY)
2013-04-04 15:00:00,89.47967718258113,2510.785125810541,cand_008 (EURJPY)
2013-04-05 07:00:00,0.5672413372387529,2511.35236714778,cand_003 (USDJPY)
2013-04-05 08:00:00,0.6146637622021717,2511.967030909982,cand_008 (EURJPY)
2013-04-08 07:00:00,0.5672413372387529,2512.534272247221,cand_003 (USDJPY)
2013-04-08 08:00:00,0.6146637622021717,2513.148936009423,cand_008 (EURJPY)
2013-04-09 07:00:00,0.5672413372387529,2513.716177346662,cand_003 (USDJPY)
2013-04-09 08:00:00,0.6146637622021717,2514.3308411088638,cand_008 (EURJPY)
2013-04-10 07:00:00,0.5672413372387529,2514.8980824461028,cand_003 (USDJPY)
2013-04-11 07:00:00,0.5672413372387529,2515.4653237833413,cand_003 (USDJPY)
2013-04-11 08:00:00,0.6146637622021717,2516.0799875455436,cand_008 (EURJPY)
2013-04-12 08:00:00,0.6146637622021717,2516.694651307746,cand_008 (EURJPY)
2013-04-17 07:00:00,0.5672413372387529,2517.2618926449845,cand_003 (USDJPY)
2013-04-17 08:00:00,0.6146637622021717,2517.876556407187,cand_008 (EURJPY)
2013-04-17 08:36:40,0.0,2517.876556407187,cand_003 (USDJPY)
2013-04-17 13:00:00,-21.455903581055832,2496.4206528261307,cand_003 (USDJPY)
2013-04-19 08:00:00,0.6146637622021717,2497.035316588333,cand_008 (EURJPY)
2013-04-25 08:00:00,0.6146637622021717,2497.6499803505353,cand_008 (EURJPY)
2013-04-26 08:21:40,0.0,2497.6499803505353,cand_008 (EURJPY)
2013-04-26 15:00:00,8.218054500643035,2505.8680348511784,cand_008 (EURJPY)
2013-05-07 07:00:00,0.5672413372387529,2506.435276188417,cand_003 (USDJPY)
2013-05-07 08:00:00,0.6146637622021717,2507.0499399506193,cand_008 (EURJPY)
2013-05-08 07:00:00,0.5672413372387529,2507.617181287858,cand_003 (USDJPY)
2013-05-10 07:00:00,0.5672413372387529,2508.184422625097,cand_003 (USDJPY)
2013-05-10 08:00:00,0.6146637622021717,2508.7990863872988,cand_008 (EURJPY)
2013-05-13 07:00:00,0.5672413372387529,2509.3663277245378,cand_003 (USDJPY)
2013-05-14 07:00:00,0.5672413372387529,2509.9335690617763,cand_003 (USDJPY)
2013-05-15 07:00:00,0.5672413372387529,2510.5008103990153,cand_003 (USDJPY)
2013-05-15 09:57:40,0.0,2510.5008103990153,cand_003 (USDJPY)
2013-05-15 13:00:00,-4.373430710110785,2506.1273796889045,cand_003 (USDJPY)
2013-05-16 07:00:00,0.5672413372387529,2506.694621026143,cand_003 (USDJPY)
2013-05-16 08:54:40,0.0,2506.694621026143,cand_003 (USDJPY)
2013-05-16 13:00:00,8.571016605677556,2515.2656376318205,cand_003 (USDJPY)
2013-05-17 07:00:00,0.5672413372387529,2515.8328789690595,cand_003 (USDJPY)
2013-05-17 09:12:40,0.0,2515.8328789690595,cand_003 (USDJPY)
2013-05-17 13:00:00,-6.480732277952752,2509.3521466911066,cand_003 (USDJPY)
2013-05-20 07:00:00,0.5672413372387529,2509.9193880283456,cand_003 (USDJPY)
2013-05-21 07:00:00,0.5672413372387529,2510.486629365584,cand_003 (USDJPY)
2013-05-21 08:00:00,0.6146637622021717,2511.1012931277864,cand_008 (EURJPY)
2013-05-23 07:19:40,0.0,2511.1012931277864,cand_003 (USDJPY)
2013-05-23 08:24:40,0.0,2511.1012931277864,cand_008 (EURJPY)
2013-05-23 13:00:00,78.84370966950047,2589.9450027972866,cand_003 (USDJPY)
2013-05-23 15:00:00,35.37082619592397,2625.3158289932107,cand_008 (EURJPY)
2013-05-24 07:18:40,0.0,2625.3158289932107,cand_003 (USDJPY)
2013-05-24 11:29:40,-32.64757516477643,2592.6682538284344,cand_003 (USDJPY)
2013-05-28 07:00:00,0.5672413372387529,2593.235495165673,cand_003 (USDJPY)
2013-05-28 08:00:00,0.6146637622021717,2593.8501589278753,cand_008 (EURJPY)
2013-05-29 07:00:00,0.5672413372387529,2594.417400265114,cand_003 (USDJPY)
2013-05-29 08:00:00,0.6146637622021717,2595.032064027316,cand_008 (EURJPY)
2013-05-31 08:00:00,0.6146637622021717,2595.6467277895185,cand_008 (EURJPY)
2013-06-03 09:33:40,0.0,2595.6467277895185,cand_003 (USDJPY)
2013-06-03 13:00:00,-2.9411463335829335,2592.7055814559353,cand_003 (USDJPY)
2013-06-05 07:13:40,0.0,2592.7055814559353,cand_003 (USDJPY)
2013-06-05 08:13:40,0.0,2592.7055814559353,cand_008 (EURJPY)
2013-06-05 13:00:00,8.426370064681675,2601.131951520617,cand_003 (USDJPY)
2013-06-05 15:00:00,19.14984951140866,2620.2818010320257,cand_008 (EURJPY)
2013-06-07 07:15:40,0.0,2620.2818010320257,cand_003 (USDJPY)
2013-06-07 07:52:40,-30.08364432045726,2590.1981567115686,cand_003 (USDJPY)
2013-06-10 08:00:00,0.6146637622021717,2590.8128204737704,cand_008 (EURJPY)
2013-06-11 08:00:00,0.6146637622021717,2591.4274842359728,cand_008 (EURJPY)
2013-06-13 08:22:40,0.0,2591.4274842359728,cand_008 (EURJPY)
2013-06-13 15:00:00,48.74590966144323,2640.173393897416,cand_008 (EURJPY)
2013-06-14 08:00:00,0.6146637622021717,2640.788057659618,cand_008 (EURJPY)
2013-06-18 08:00:00,0.6146637622021717,2641.4027214218204,cand_008 (EURJPY)
2013-06-19 08:00:00,0.6146637622021717,2642.0173851840227,cand_008 (EURJPY)
2013-06-20 08:00:00,0.6146637622021717,2642.6320489462246,cand_008 (EURJPY)
2013-06-21 08:00:00,0.6146637622021717,2643.246712708427,cand_008 (EURJPY)
2013-06-21 08:06:40,0.0,2643.246712708427,cand_008 (EURJPY)
2013-06-21 12:40:40,-43.40448156790635,2599.8422311405207,cand_008 (EURJPY)
2013-06-24 08:00:00,0.6146637622021717,2600.456894902723,cand_008 (EURJPY)
2013-06-26 08:35:40,0.0,2600.456894902723,cand_008 (EURJPY)
2013-06-26 15:00:00,7.91379593835296,2608.370690841076,cand_008 (EURJPY)
2013-06-28 08:00:00,0.6146637622021717,2608.9853546032778,cand_008 (EURJPY)
2013-07-01 07:00:00,0.5672413372387529,2609.5525959405168,cand_003 (USDJPY)
2013-07-03 07:00:00,0.5672413372387529,2610.1198372777553,cand_003 (USDJPY)
2013-07-03 08:00:00,0.6146637622021717,2610.7345010399576,cand_008 (EURJPY)
2013-07-04 09:44:40,0.0,2610.7345010399576,cand_003 (USDJPY)
2013-07-04 13:00:00,-6.089335755258012,2604.6451652846995,cand_003 (USDJPY)
2013-07-05 07:00:00,0.5672413372387529,2605.2124066219385,cand_003 (USDJPY)
2013-07-08 07:00:00,0.5672413372387529,2605.779647959177,cand_003 (USDJPY)
2013-07-08 08:00:00,0.6146637622021717,2606.3943117213794,cand_008 (EURJPY)
2013-07-09 07:00:00,0.5672413372387529,2606.961553058618,cand_003 (USDJPY)
2013-07-10 07:54:40,0.0,2606.961553058618,cand_003 (USDJPY)
2013-07-10 08:07:40,0.0,2606.961553058618,cand_008 (EURJPY)
2013-07-10 11:13:40,48.18147918505967,2655.1430322436777,cand_003 (USDJPY)
2013-07-10 11:13:40,28.348453069843917,2683.4914853135215,cand_003 (USDJPY)
2013-07-10 15:00:00,-1.8409179677955043,2681.650567345726,cand_008 (EURJPY)
2013-07-11 08:00:00,0.6146637622021717,2682.2652311079282,cand_008 (EURJPY)
2013-07-12 08:00:00,0.6146637622021717,2682.8798948701306,cand_008 (EURJPY)
2013-07-16 07:00:00,0.5672413372387529,2683.447136207369,cand_003 (USDJPY)
2013-07-17 08:00:00,0.6146637622021717,2684.0617999695714,cand_008 (EURJPY)
2013-07-18 07:00:00,0.5672413372387529,2684.62904130681,cand_003 (USDJPY)
2013-07-18 07:40:40,0.0,2684.62904130681,cand_003 (USDJPY)
2013-07-18 08:00:00,0.6146637622021717,2685.2437050690123,cand_008 (EURJPY)
2013-07-18 13:00:00,-5.042775488052514,2680.20092958096,cand_003 (USDJPY)
2013-07-19 08:00:00,0.6146637622021717,2680.815593343162,cand_008 (EURJPY)
2013-07-22 08:00:00,0.6146637622021717,2681.430257105364,cand_008 (EURJPY)
2013-07-24 07:00:00,0.5672413372387529,2681.997498442603,cand_003 (USDJPY)
2013-07-24 09:20:40,0.0,2681.997498442603,cand_003 (USDJPY)
2013-07-24 13:00:00,9.801930307485652,2691.7994287500887,cand_003 (USDJPY)
2013-07-25 07:00:00,0.5672413372387529,2692.3666700873273,cand_003 (USDJPY)
2013-07-25 08:00:00,0.6146637622021717,2692.9813338495296,cand_008 (EURJPY)
2013-07-30 07:00:00,0.5672413372387529,2693.548575186768,cand_003 (USDJPY)
2013-07-30 08:00:00,0.6146637622021717,2694.1632389489705,cand_008 (EURJPY)
2013-08-01 07:00:00,0.5672413372387529,2694.730480286209,cand_003 (USDJPY)
2013-08-01 08:00:00,0.6146637622021717,2695.3451440484114,cand_008 (EURJPY)
2013-08-01 08:59:40,0.0,2695.3451440484114,cand_008 (EURJPY)
2013-08-01 09:02:40,0.0,2695.3451440484114,cand_003 (USDJPY)
2013-08-01 13:00:00,12.757257674499552,2708.102401722911,cand_003 (USDJPY)
2013-08-01 15:00:00,-0.7468164710756386,2707.3555852518352,cand_008 (EURJPY)
2013-08-02 07:00:00,0.5672413372387529,2707.9228265890742,cand_003 (USDJPY)
2013-08-05 08:52:40,0.0,2707.9228265890742,cand_008 (EURJPY)
2013-08-05 08:54:40,0.0,2707.9228265890742,cand_003 (USDJPY)
2013-08-05 13:00:00,11.069714696214264,2718.9925412852886,cand_003 (USDJPY)
2013-08-05 15:00:00,19.961205677515526,2738.953746962804,cand_008 (EURJPY)
2013-08-07 09:55:40,0.0,2738.953746962804,cand_003 (USDJPY)
2013-08-07 13:00:00,-5.201603062479364,2733.7521439003244,cand_003 (USDJPY)
2013-08-08 08:37:40,0.0,2733.7521439003244,cand_008 (EURJPY)
2013-08-08 08:42:40,0.0,2733.7521439003244,cand_003 (USDJPY)
2013-08-08 13:00:00,-4.302525542955941,2729.4496183573688,cand_003 (USDJPY)
2013-08-08 15:00:00,-8.869598088577337,2720.5800202687915,cand_008 (EURJPY)
2013-08-12 07:00:00,0.5672413372387529,2721.14726160603,cand_003 (USDJPY)
2013-08-13 07:00:00,0.5672413372387529,2721.7145029432686,cand_003 (USDJPY)
2013-08-13 08:00:00,0.6146637622021717,2722.329166705471,cand_008 (EURJPY)
2013-08-13 08:10:40,0.0,2722.329166705471,cand_008 (EURJPY)
2013-08-13 08:21:40,0.0,2722.329166705471,cand_003 (USDJPY)
2013-08-13 13:00:00,20.622058815314862,2742.951225520786,cand_003 (USDJPY)
2013-08-13 15:00:00,32.28828742848008,2775.239512949266,cand_008 (EURJPY)
2013-08-14 07:00:00,0.5672413372387529,2775.8067542865047,cand_003 (USDJPY)
2013-08-14 08:00:00,0.6146637622021717,2776.421418048707,cand_008 (EURJPY)
2013-08-14 08:33:40,0.0,2776.421418048707,cand_008 (EURJPY)
2013-08-14 08:42:40,0.0,2776.421418048707,cand_003 (USDJPY)
2013-08-14 13:00:00,-12.357352531746232,2764.0640655169605,cand_003 (USDJPY)
2013-08-14 15:00:00,-14.506064787971253,2749.558000728989,cand_008 (EURJPY)
2013-08-16 08:00:00,0.6146637622021717,2750.1726644911914,cand_008 (EURJPY)
2013-08-20 08:13:40,0.0,2750.1726644911914,cand_003 (USDJPY)
2013-08-20 13:00:00,-4.018904874336564,2746.153759616855,cand_003 (USDJPY)
2013-08-21 08:00:00,0.6146637622021717,2746.768423379057,cand_008 (EURJPY)
2013-08-21 08:24:40,0.0,2746.768423379057,cand_008 (EURJPY)
2013-08-21 11:01:40,-37.09803136771207,2709.670392011345,cand_008 (EURJPY)
2013-08-22 07:00:00,0.5672413372387529,2710.237633348584,cand_003 (USDJPY)
2013-08-22 08:00:00,0.6146637622021717,2710.852297110786,cand_008 (EURJPY)
2013-08-23 07:00:00,0.5672413372387529,2711.419538448025,cand_003 (USDJPY)
2013-08-23 08:00:00,0.6146637622021717,2712.034202210227,cand_008 (EURJPY)
2013-08-26 07:00:00,0.5672413372387529,2712.601443547466,cand_003 (USDJPY)
2013-08-30 07:00:00,0.5672413372387529,2713.1686848847044,cand_003 (USDJPY)
2013-09-02 07:00:00,0.5672413372387529,2713.7359262219434,cand_003 (USDJPY)
2013-09-02 08:00:00,0.6146637622021717,2714.3505899841452,cand_008 (EURJPY)
2013-09-02 09:42:20,0.0,2714.3505899841452,cand_003 (USDJPY)
2013-09-02 13:00:00,28.33370479507571,2742.684294779221,cand_003 (USDJPY)
2013-09-03 07:00:00,0.5672413372387529,2743.2515361164596,cand_003 (USDJPY)
2013-09-03 08:00:00,0.6146637622021717,2743.866199878662,cand_008 (EURJPY)
2013-09-04 07:00:00,0.5672413372387529,2744.433441215901,cand_003 (USDJPY)
2013-09-04 09:03:40,0.0,2744.433441215901,cand_003 (USDJPY)
2013-09-04 13:00:00,-15.386421272601172,2729.0470199433,cand_003 (USDJPY)
2013-09-06 07:00:00,0.5672413372387529,2729.6142612805384,cand_003 (USDJPY)
2013-09-09 07:00:00,0.5672413372387529,2730.1815026177774,cand_003 (USDJPY)
2013-09-09 08:00:00,0.6146637622021717,2730.7961663799792,cand_008 (EURJPY)
2013-09-11 07:00:00,0.5672413372387529,2731.3634077172183,cand_003 (USDJPY)
2013-09-11 08:00:00,0.6146637622021717,2731.97807147942,cand_008 (EURJPY)
2013-09-12 09:12:40,0.0,2731.97807147942,cand_003 (USDJPY)
2013-09-12 13:00:00,-6.849439147157941,2725.1286323322624,cand_003 (USDJPY)
2013-09-17 07:00:00,0.5672413372387529,2725.695873669501,cand_003 (USDJPY)
2013-09-19 08:00:00,0.6146637622021717,2726.3105374317033,cand_008 (EURJPY)
2013-09-20 07:00:00,0.5672413372387529,2726.877778768942,cand_003 (USDJPY)
2013-09-20 08:00:00,0.6146637622021717,2727.492442531144,cand_008 (EURJPY)
2013-09-23 09:12:40,0.0,2727.492442531144,cand_003 (USDJPY)
2013-09-23 13:00:00,-1.5485688506617954,2725.9438736804823,cand_003 (USDJPY)
2013-09-26 07:00:00,0.5672413372387529,2726.5111150177213,cand_003 (USDJPY)
2013-09-26 08:00:00,0.6146637622021717,2727.125778779923,cand_008 (EURJPY)
2013-09-27 09:01:40,0.0,2727.125778779923,cand_003 (USDJPY)
2013-09-27 13:00:00,-3.911129020261201,2723.2146497596623,cand_003 (USDJPY)
2013-10-01 07:45:40,0.0,2723.2146497596623,cand_003 (USDJPY)
2013-10-01 08:00:00,0.6146637622021717,2723.829313521864,cand_008 (EURJPY)
2013-10-01 13:00:00,10.085550976105027,2733.9148644979696,cand_003 (USDJPY)
2013-10-02 09:54:40,0.0,2733.9148644979696,cand_003 (USDJPY)
2013-10-02 13:00:00,3.664379038562344,2737.5792435365315,cand_003 (USDJPY)
2013-10-03 08:00:00,0.6146637622021717,2738.193907298734,cand_008 (EURJPY)
2013-10-09 07:00:00,0.5672413372387529,2738.761148635973,cand_003 (USDJPY)
2013-10-09 08:00:00,0.6146637622021717,2739.3758123981747,cand_008 (EURJPY)
2013-10-10 07:00:00,0.5672413372387529,2739.9430537354137,cand_003 (USDJPY)
2013-10-11 07:00:00,0.5672413372387529,2740.5102950726523,cand_003 (USDJPY)
2013-10-11 08:00:00,0.6146637622021717,2741.1249588348546,cand_008 (EURJPY)
2013-10-15 07:00:00,0.5672413372387529,2741.692200172093,cand_003 (USDJPY)
2013-10-16 07:00:00,0.5672413372387529,2742.259441509332,cand_003 (USDJPY)
2013-10-17 07:00:00,0.5672413372387529,2742.8266828465707,cand_003 (USDJPY)
2013-10-23 07:06:40,0.0,2742.8266828465707,cand_003 (USDJPY)
2013-10-23 13:00:00,4.954853080780507,2747.7815359273513,cand_003 (USDJPY)
2013-10-28 07:00:00,0.5672413372387529,2748.34877726459,cand_003 (USDJPY)
2013-11-06 07:00:00,0.5672413372387529,2748.916018601829,cand_003 (USDJPY)
2013-11-06 08:00:00,0.6146637622021717,2749.530682364031,cand_008 (EURJPY)
2013-11-11 07:00:00,0.5672413372387529,2750.09792370127,cand_003 (USDJPY)
2013-11-12 07:00:00,0.5672413372387529,2750.6651650385083,cand_003 (USDJPY)
2013-11-12 08:00:00,0.6146637622021717,2751.2798288007107,cand_008 (EURJPY)
2013-11-12 09:18:00,0.0,2751.2798288007107,cand_003 (USDJPY)
2013-11-12 13:00:00,1.420939549783076,2752.700768350494,cand_003 (USDJPY)
2013-11-14 07:00:00,0.5672413372387529,2753.2680096877325,cand_003 (USDJPY)
2013-11-14 08:00:00,0.6146637622021717,2753.882673449935,cand_008 (EURJPY)
2013-11-15 07:00:00,0.5672413372387529,2754.4499147871734,cand_003 (USDJPY)
2013-11-18 07:00:00,0.5672413372387529,2755.0171561244124,cand_003 (USDJPY)
2013-11-20 07:00:00,0.5672413372387529,2755.584397461651,cand_003 (USDJPY)
2013-11-21 07:00:00,0.5672413372387529,2756.1516387988895,cand_003 (USDJPY)
2013-11-21 08:03:40,0.0,2756.1516387988895,cand_003 (USDJPY)
2013-11-21 13:00:00,14.334188592023287,2770.485827390913,cand_003 (USDJPY)
2013-11-22 07:00:00,0.5672413372387529,2771.0530687281516,cand_003 (USDJPY)
2013-11-25 07:00:00,0.5672413372387529,2771.62031006539,cand_003 (USDJPY)
2013-11-25 08:00:00,0.6146637622021717,2772.2349738275925,cand_008 (EURJPY)
2013-11-26 07:00:00,0.5672413372387529,2772.802215164831,cand_003 (USDJPY)
2013-11-27 07:00:00,0.5672413372387529,2773.36945650207,cand_003 (USDJPY)
2013-11-27 08:00:00,0.6146637622021717,2773.984120264272,cand_008 (EURJPY)
2013-11-27 09:33:40,0.0,2773.984120264272,cand_003 (USDJPY)
2013-11-27 13:00:00,4.013232460964177,2777.9973527252364,cand_003 (USDJPY)
2013-11-28 07:00:00,0.5672413372387529,2778.564594062475,cand_003 (USDJPY)
2013-11-28 08:00:00,0.6146637622021717,2779.1792578246773,cand_008 (EURJPY)
2013-11-29 07:00:00,0.5672413372387529,2779.746499161916,cand_003 (USDJPY)
2013-11-29 08:00:00,0.6146637622021717,2780.361162924118,cand_008 (EURJPY)
2013-12-02 07:00:00,0.5672413372387529,2780.9284042613567,cand_003 (USDJPY)
2013-12-02 08:00:00,0.6146637622021717,2781.543068023559,cand_008 (EURJPY)
2013-12-03 07:00:00,0.5672413372387529,2782.1103093607976,cand_003 (USDJPY)
2013-12-03 08:00:00,0.6146637622021717,2782.724973123,cand_008 (EURJPY)
2013-12-05 07:33:40,0.0,2782.724973123,cand_003 (USDJPY)
2013-12-05 13:00:00,-0.1673361944854321,2782.5576369285145,cand_003 (USDJPY)
2013-12-06 08:00:00,0.6146637622021717,2783.172300690717,cand_008 (EURJPY)
2013-12-09 07:00:00,0.5672413372387529,2783.7395420279554,cand_003 (USDJPY)
2013-12-11 08:00:00,0.6146637622021717,2784.3542057901577,cand_008 (EURJPY)
2013-12-11 09:45:40,0.0,2784.3542057901577,cand_003 (USDJPY)
2013-12-11 13:00:00,-6.194275402647182,2778.1599303875105,cand_003 (USDJPY)
2013-12-13 07:00:00,0.5672413372387529,2778.727171724749,cand_003 (USDJPY)
2013-12-13 08:00:00,0.6146637622021717,2779.3418354869514,cand_008 (EURJPY)
2013-12-18 07:00:00,0.5672413372387529,2779.90907682419,cand_003 (USDJPY)
2013-12-18 08:00:00,0.6146637622021717,2780.5237405863923,cand_008 (EURJPY)
2013-12-19 07:00:00,0.5672413372387529,2781.090981923631,cand_003 (USDJPY)
2013-12-19 08:00:00,0.6146637622021717,2781.705645685833,cand_008 (EURJPY)
2013-12-20 07:00:00,0.5672413372387529,2782.2728870230717,cand_003 (USDJPY)
2013-12-20 08:00:40,0.0,2782.2728870230717,cand_003 (USDJPY)
2013-12-20 13:00:00,-9.016301055409977,2773.2565859676615,cand_003 (USDJPY)
2013-12-24 07:00:00,0.5672413372387529,2773.8238273049005,cand_003 (USDJPY)
2013-12-26 07:00:00,0.5672413372387529,2774.391068642139,cand_003 (USDJPY)
2013-12-26 08:00:00,0.6146637622021717,2775.0057324043414,cand_008 (EURJPY)
2013-12-26 08:55:40,0.0,2775.0057324043414,cand_008 (EURJPY)
2013-12-26 15:00:00,-4.634564767004375,2770.371167637337,cand_008 (EURJPY)
2013-12-27 07:00:00,0.5672413372387529,2770.938408974576,cand_003 (USDJPY)
2013-12-27 08:00:00,0.6146637622021717,2771.5530727367777,cand_008 (EURJPY)
2013-12-27 08:42:40,0.0,2771.5530727367777,cand_008 (EURJPY)
2013-12-27 13:41:40,44.76811312435187,2816.32118586113,cand_008 (EURJPY)
2013-12-27 13:41:40,86.34181867653905,2902.6630045376687,cand_008 (EURJPY)
2014-01-07 08:00:00,0.6146637622021717,2903.277668299871,cand_008 (EURJPY)
2014-01-08 07:00:00,0.5672413372387529,2903.8449096371096,cand_003 (USDJPY)
2014-01-08 08:00:00,0.6146637622021717,2904.459573399312,cand_008 (EURJPY)
2014-01-08 09:18:20,0.0,2904.459573399312,cand_003 (USDJPY)
2014-01-08 13:00:00,-17.48805042707075,2886.971522972241,cand_003 (USDJPY)
2014-01-15 07:00:00,0.5672413372387529,2887.53876430948,cand_003 (USDJPY)
2014-01-16 07:00:00,0.5672413372387529,2888.1060056467186,cand_003 (USDJPY)
2014-01-16 08:00:00,0.6146637622021717,2888.720669408921,cand_008 (EURJPY)
2014-01-21 07:00:00,0.5672413372387529,2889.2879107461595,cand_003 (USDJPY)
2014-01-21 08:00:00,0.6146637622021717,2889.902574508362,cand_008 (EURJPY)
2014-01-22 08:00:00,0.6146637622021717,2890.5172382705637,cand_008 (EURJPY)
2014-01-29 07:00:00,0.5672413372387529,2891.0844796078027,cand_003 (USDJPY)
2014-02-04 08:05:40,0.0,2891.0844796078027,cand_008 (EURJPY)
2014-02-04 08:07:40,0.0,2891.0844796078027,cand_003 (USDJPY)
2014-02-04 10:56:40,-30.940178739687777,2860.1443008681144,cand_003 (USDJPY)
2014-02-04 10:56:40,-37.83870120116569,2822.305599666949,cand_008 (EURJPY)
2014-03-04 07:00:00,0.5672413372387529,2822.8728410041876,cand_003 (USDJPY)
2014-03-04 08:05:40,0.0,2822.8728410041876,cand_003 (USDJPY)
2014-03-04 13:00:00,0.5558965104939778,2823.428737514682,cand_003 (USDJPY)
2014-03-06 07:00:00,0.5672413372387529,2823.9959788519204,cand_003 (USDJPY)
2014-03-06 08:00:00,0.6146637622021717,2824.6106426141228,cand_008 (EURJPY)
2014-03-07 07:00:00,0.5672413372387529,2825.1778839513613,cand_003 (USDJPY)
2014-03-10 07:00:00,0.5672413372387529,2825.7451252886,cand_003 (USDJPY)
2014-03-13 08:00:00,0.6146637622021717,2826.359789050802,cand_008 (EURJPY)
2014-03-20 07:00:00,0.5672413372387529,2826.9270303880407,cand_003 (USDJPY)
2014-03-24 07:00:00,0.5672413372387529,2827.4942717252798,cand_003 (USDJPY)
2014-03-24 08:00:00,0.6146637622021717,2828.1089354874816,cand_008 (EURJPY)
2014-04-01 07:00:00,0.5672413372387529,2828.6761768247206,cand_003 (USDJPY)
2014-04-02 07:00:00,0.5672413372387529,2829.243418161959,cand_003 (USDJPY)
2014-04-03 07:00:00,0.5672413372387529,2829.8106594991978,cand_003 (USDJPY)
2014-04-10 07:51:40,0.0,2829.8106594991978,cand_003 (USDJPY)
2014-04-10 13:00:00,8.999283815292815,2838.8099433144907,cand_003 (USDJPY)
2014-04-11 08:00:00,0.6146637622021717,2839.424607076693,cand_008 (EURJPY)
2014-04-16 07:00:00,0.5672413372387529,2839.9918484139316,cand_003 (USDJPY)
2014-04-16 08:00:00,0.6146637622021717,2840.606512176134,cand_008 (EURJPY)
2014-04-16 08:59:40,0.0,2840.606512176134,cand_008 (EURJPY)
2014-04-16 15:00:00,1.1432745976960395,2841.74978677383,cand_008 (EURJPY)
2014-04-18 07:00:00,0.5672413372387529,2842.317028111069,cand_003 (USDJPY)
2014-04-21 07:00:00,0.5672413372387529,2842.8842694483074,cand_003 (USDJPY)
2014-05-12 07:00:00,0.5672413372387529,2843.451510785546,cand_003 (USDJPY)
2014-05-21 09:35:40,0.0,2843.451510785546,cand_003 (USDJPY)
2014-05-21 13:00:00,1.2933102489043566,2844.7448210344505,cand_003 (USDJPY)
2014-05-22 07:00:00,0.5672413372387529,2845.312062371689,cand_003 (USDJPY)
2014-05-22 08:00:00,0.6146637622021717,2845.9267261338914,cand_008 (EURJPY)
2014-06-02 07:00:00,0.5672413372387529,2846.49396747113,cand_003 (USDJPY)
2014-06-04 07:00:00,0.5672413372387529,2847.061208808369,cand_003 (USDJPY)
2014-06-13 08:00:00,0.6146637622021717,2847.675872570571,cand_008 (EURJPY)
2014-06-17 07:00:00,0.5672413372387529,2848.24311390781,cand_003 (USDJPY)
2014-08-20 07:00:00,0.5672413372387529,2848.8103552450484,cand_003 (USDJPY)
2014-08-21 07:00:01,0.5672413372387529,2849.377596582287,cand_003 (USDJPY)
2014-09-02 07:00:00,0.5672413372387529,2849.944837919526,cand_003 (USDJPY)
2014-09-02 08:00:00,0.6146637622021717,2850.559501681728,cand_008 (EURJPY)
2014-09-05 07:00:00,0.5672413372387529,2851.126743018967,cand_003 (USDJPY)
2014-09-09 07:00:00,0.5672413372387529,2851.6939843562054,cand_003 (USDJPY)
2014-09-10 07:00:00,0.5672413372387529,2852.261225693444,cand_003 (USDJPY)
2014-09-10 07:39:40,0.0,2852.261225693444,cand_003 (USDJPY)
2014-09-10 13:00:00,7.819421833836209,2860.0806475272802,cand_003 (USDJPY)
2014-09-12 07:00:00,0.5672413372387529,2860.6478888645192,cand_003 (USDJPY)
2014-09-18 07:00:00,0.5672413372387529,2861.215130201758,cand_003 (USDJPY)
2014-09-18 08:00:00,0.6146637622021717,2861.82979396396,cand_008 (EURJPY)
2014-09-18 08:06:40,0.0,2861.82979396396,cand_003 (USDJPY)
2014-09-18 08:31:40,0.0,2861.82979396396,cand_008 (EURJPY)
2014-09-18 13:00:00,-7.830766660580984,2853.999027303379,cand_003 (USDJPY)
2014-09-18 15:00:00,4.124393844376572,2858.1234211477554,cand_008 (EURJPY)
2014-09-19 07:00:00,0.5672413372387529,2858.6906624849944,cand_003 (USDJPY)
2014-09-19 08:00:00,0.6146637622021717,2859.3053262471963,cand_008 (EURJPY)
2014-09-22 07:00:00,0.5672413372387529,2859.8725675844353,cand_003 (USDJPY)
2014-09-25 07:00:00,0.5672413372387529,2860.439808921674,cand_003 (USDJPY)
2014-09-26 07:00:00,0.5672413372387529,2861.0070502589124,cand_003 (USDJPY)
2014-09-29 07:00:00,0.5672413372387529,2861.5742915961514,cand_003 (USDJPY)
2014-09-29 08:05:40,0.0,2861.5742915961514,cand_003 (USDJPY)
2014-09-29 13:00:00,-4.8669306735085005,2856.7073609226427,cand_003 (USDJPY)
2014-09-30 07:00:00,0.5672413372387529,2857.2746022598817,cand_003 (USDJPY)
2014-10-01 07:00:00,0.5672413372387529,2857.8418435971203,cand_003 (USDJPY)
2014-10-03 08:00:00,0.6146637622021717,2858.4565073593226,cand_008 (EURJPY)
2014-10-06 07:00:00,0.5672413372387529,2859.023748696561,cand_003 (USDJPY)
2014-10-07 08:40:40,0.0,2859.023748696561,cand_003 (USDJPY)
2014-10-07 13:00:00,-8.139913189376104,2850.8838355071853,cand_003 (USDJPY)
2014-10-09 09:46:40,0.0,2850.8838355071853,cand_003 (USDJPY)
2014-10-09 13:00:00,-9.725352726958418,2841.1584827802267,cand_003 (USDJPY)
2014-10-16 08:00:00,0.6146637622021717,2841.773146542429,cand_008 (EURJPY)
2014-10-17 08:00:00,0.6146637622021717,2842.387810304631,cand_008 (EURJPY)
2014-10-20 07:00:00,0.5672413372387529,2842.95505164187,cand_003 (USDJPY)
2014-10-20 08:00:00,0.6146637622021717,2843.5697154040718,cand_008 (EURJPY)
2014-10-21 07:32:40,0.0,2843.5697154040718,cand_003 (USDJPY)
2014-10-21 13:00:00,-23.625601695994057,2819.9441137080776,cand_003 (USDJPY)
2014-10-31 08:00:00,0.6146637622021717,2820.55877747028,cand_008 (EURJPY)
2014-10-31 08:02:20,0.0,2820.55877747028,cand_008 (EURJPY)
2014-10-31 15:00:00,82.39875064201213,2902.957528112292,cand_008 (EURJPY)
2014-11-03 07:00:00,0.5672413372387529,2903.524769449531,cand_003 (USDJPY)
2014-11-03 08:00:00,0.6146637622021717,2904.139433211733,cand_008 (EURJPY)
2014-11-04 07:00:00,0.5672413372387529,2904.706674548972,cand_003 (USDJPY)
2014-11-04 08:00:00,0.6146637622021717,2905.321338311174,cand_008 (EURJPY)
2014-11-05 07:00:00,0.5672413372387529,2905.888579648413,cand_003 (USDJPY)
2014-11-05 07:54:40,0.0,2905.888579648413,cand_003 (USDJPY)
2014-11-05 08:00:00,0.6146637622021717,2906.5032434106147,cand_008 (EURJPY)
2014-11-05 13:00:00,10.703844033695269,2917.2070874443098,cand_003 (USDJPY)
2014-11-06 07:00:00,0.5672413372387529,2917.774328781549,cand_003 (USDJPY)
2014-11-06 08:00:00,0.6146637622021717,2918.3889925437506,cand_008 (EURJPY)
2014-11-07 07:00:00,0.5672413372387529,2918.9562338809897,cand_003 (USDJPY)
2014-11-10 09:47:40,0.0,2918.9562338809897,cand_003 (USDJPY)
2014-11-10 13:00:00,-6.962887414605692,2911.993346466384,cand_003 (USDJPY)
2014-11-11 07:00:00,0.5672413372387529,2912.5605878036226,cand_003 (USDJPY)
2014-11-11 08:00:00,0.6146637622021717,2913.175251565825,cand_008 (EURJPY)
2014-11-11 08:50:40,0.0,2913.175251565825,cand_008 (EURJPY)
2014-11-11 08:51:40,0.0,2913.175251565825,cand_003 (USDJPY)
2014-11-11 13:00:00,26.995015239192252,2940.170266805017,cand_003 (USDJPY)
2014-11-11 15:00:00,30.71167487843151,2970.8819416834485,cand_008 (EURJPY)
2014-11-12 07:00:00,0.5672413372387529,2971.449183020687,cand_003 (USDJPY)
2014-11-12 08:00:00,0.6146637622021717,2972.0638467828894,cand_008 (EURJPY)
2014-11-13 07:00:00,0.5672413372387529,2972.631088120128,cand_003 (USDJPY)
2014-11-13 08:00:00,0.6146637622021717,2973.2457518823303,cand_008 (EURJPY)
2014-11-14 07:00:00,0.5672413372387529,2973.812993219569,cand_003 (USDJPY)
2014-11-14 08:00:00,0.6146637622021717,2974.427656981771,cand_008 (EURJPY)
2014-11-14 09:05:40,0.0,2974.427656981771,cand_003 (USDJPY)
2014-11-14 13:00:00,1.023870613715949,2975.4515275954873,cand_003 (USDJPY)
2014-11-17 08:00:00,0.6146637622021717,2976.066191357689,cand_008 (EURJPY)
2014-11-18 07:00:00,0.5672413372387529,2976.633432694928,cand_003 (USDJPY)
2014-11-19 07:00:00,0.5672413372387529,2977.2006740321667,cand_003 (USDJPY)
2014-11-19 08:00:00,0.6146637622021717,2977.815337794369,cand_008 (EURJPY)
2014-11-20 07:00:00,0.5672413372387529,2978.3825791316076,cand_003 (USDJPY)
2014-11-20 07:22:40,0.0,2978.3825791316076,cand_003 (USDJPY)
2014-11-20 08:00:00,0.6146637622021717,2978.99724289381,cand_008 (EURJPY)
2014-11-20 13:00:00,-18.991239970753448,2960.0060029230563,cand_003 (USDJPY)
2014-11-21 08:00:00,0.6146637622021717,2960.6206666852586,cand_008 (EURJPY)
2014-11-24 07:00:00,0.5672413372387529,2961.187908022497,cand_003 (USDJPY)
2014-11-28 07:00:00,0.5672413372387529,2961.7551493597357,cand_003 (USDJPY)
2014-12-01 07:00:00,0.5672413372387529,2962.3223906969747,cand_003 (USDJPY)
2014-12-02 07:00:00,0.5672413372387529,2962.8896320342133,cand_003 (USDJPY)
2014-12-02 09:01:40,0.0,2962.8896320342133,cand_003 (USDJPY)
2014-12-02 13:00:00,9.97493891534347,2972.8645709495568,cand_003 (USDJPY)
2014-12-03 07:00:00,0.5672413372387529,2973.4318122867953,cand_003 (USDJPY)
2014-12-05 07:00:00,0.5672413372387529,2973.9990536240343,cand_003 (USDJPY)
2014-12-08 07:00:00,0.5672413372387529,2974.566294961273,cand_003 (USDJPY)
2014-12-09 08:18:20,0.0,2974.566294961273,cand_003 (USDJPY)
2014-12-09 13:00:00,-1.0408878538331117,2973.52540710744,cand_003 (USDJPY)
2014-12-16 07:56:40,0.0,2973.52540710744,cand_003 (USDJPY)
2014-12-16 13:00:00,15.877085029312694,2989.4024921367527,cand_003 (USDJPY)
2014-12-18 07:00:00,0.5672413372387529,2989.9697334739913,cand_003 (USDJPY)
2014-12-19 07:00:00,0.5672413372387529,2990.53697481123,cand_003 (USDJPY)
2014-12-19 08:00:00,0.6146637622021717,2991.151638573432,cand_008 (EURJPY)
2014-12-19 08:35:40,0.0,2991.151638573432,cand_008 (EURJPY)
2014-12-19 08:36:40,0.0,2991.151638573432,cand_003 (USDJPY)
2014-12-19 13:00:00,-2.8503877196247336,2988.3012508538077,cand_003 (USDJPY)
2014-12-19 15:00:00,-13.242930756645789,2975.058320097162,cand_008 (EURJPY)
2014-12-22 07:00:00,0.5672413372387529,2975.6255614344004,cand_003 (USDJPY)
2014-12-24 07:00:00,0.5672413372387529,2976.192802771639,cand_003 (USDJPY)
2014-12-29 08:00:00,0.6146637622021717,2976.8074665338413,cand_008 (EURJPY)
2014-12-30 08:03:40,0.0,2976.8074665338413,cand_008 (EURJPY)
2014-12-30 09:09:40,0.0,2976.8074665338413,cand_003 (USDJPY)
2014-12-30 10:06:40,33.8328259389368,3010.640292472778,cand_003 (USDJPY)
2014-12-30 10:06:40,45.078669070363695,3055.7189615431416,cand_003 (USDJPY)
2014-12-30 15:00:00,32.17764795128369,3087.8966094944253,cand_008 (EURJPY)
2015-01-02 07:00:00,0.5672413372387529,3088.4638508316643,cand_003 (USDJPY)
2015-01-05 07:00:00,0.5672413372387529,3089.0310921689033,cand_003 (USDJPY)
2015-01-06 07:53:40,0.0,3089.0310921689033,cand_003 (USDJPY)
2015-01-06 08:45:40,0.0,3089.0310921689033,cand_008 (EURJPY)
2015-01-06 13:00:00,-1.8577153794569157,3087.173376789446,cand_003 (USDJPY)
2015-01-06 15:00:00,13.731588447596515,3100.9049652370427,cand_008 (EURJPY)
2015-01-08 07:00:00,0.5672413372387529,3101.4722065742817,cand_003 (USDJPY)
2015-01-08 09:00:40,0.0,3101.4722065742817,cand_003 (USDJPY)
2015-01-08 13:00:00,-5.397301323826734,3096.074905250455,cand_003 (USDJPY)
2015-01-13 08:00:00,0.6146637622021717,3096.689569012657,cand_008 (EURJPY)
2015-01-13 08:12:40,0.0,3096.689569012657,cand_008 (EURJPY)
2015-01-13 14:50:20,-41.20398529922257,3055.4855837134346,cand_008 (EURJPY)
2015-01-14 07:26:40,0.0,3055.4855837134346,cand_003 (USDJPY)
2015-01-14 08:17:40,0.0,3055.4855837134346,cand_008 (EURJPY)
2015-01-14 13:00:00,4.79886171303985,3060.284445426474,cand_003 (USDJPY)
2015-01-14 15:00:00,22.976131431117178,3083.2605768575913,cand_008 (EURJPY)
2015-01-15 07:00:00,0.5672413372387529,3083.8278181948303,cand_003 (USDJPY)
2015-01-15 08:10:40,0.0,3083.8278181948303,cand_003 (USDJPY)
2015-01-15 11:32:40,-32.2051269217302,3051.6226912731,cand_003 (USDJPY)
2015-01-20 08:00:00,0.6146637622021717,3052.2373550353022,cand_008 (EURJPY)
2015-01-20 08:31:20,0.0,3052.2373550353022,cand_008 (EURJPY)
2015-01-20 15:00:00,18.593578806615692,3070.830933841918,cand_008 (EURJPY)
2015-01-21 08:53:40,0.0,3070.830933841918,cand_008 (EURJPY)
2015-01-21 15:00:00,-6.853500948554214,3063.9774328933636,cand_008 (EURJPY)
2015-01-22 08:00:00,0.6146637622021717,3064.592096655566,cand_008 (EURJPY)
2015-01-23 08:01:40,0.0,3064.592096655566,cand_008 (EURJPY)
2015-01-23 13:59:40,108.88153883649268,3173.4736354920587,cand_008 (EURJPY)
2015-01-23 13:59:40,40.557051689504796,3214.0306871815637,cand_008 (EURJPY)
2015-01-27 08:47:40,0.0,3214.0306871815637,cand_008 (EURJPY)
2015-01-27 10:37:40,-46.17661513543815,3167.854072046125,cand_008 (EURJPY)
2015-01-27 10:37:40,41.04417272105002,3208.898244767175,cand_008 (EURJPY)
2015-01-28 08:00:00,0.6146637622021717,3209.5129085293775,cand_008 (EURJPY)
2015-01-30 08:00:00,0.6146637622021717,3210.12757229158,cand_008 (EURJPY)
2015-02-04 07:00:00,0.5672413372387529,3210.6948136288183,cand_003 (USDJPY)
2015-02-04 08:00:00,0.6146637622021717,3211.3094773910207,cand_008 (EURJPY)
2015-02-09 07:00:00,0.5672413372387529,3211.8767187282597,cand_003 (USDJPY)
2015-02-10 07:00:00,0.5672413372387529,3212.4439600654982,cand_003 (USDJPY)
2015-02-11 07:00:00,0.5672413372387529,3213.0112014027372,cand_003 (USDJPY)
2015-02-12 07:00:00,0.5672413372387529,3213.578442739976,cand_003 (USDJPY)
2015-02-18 07:00:00,0.5672413372387529,3214.145684077215,cand_003 (USDJPY)
2015-02-24 07:00:00,0.5672413372387529,3214.7129254144534,cand_003 (USDJPY)
2015-02-24 08:41:40,0.0,3214.7129254144534,cand_003 (USDJPY)
2015-02-24 13:00:00,10.964775048825093,3225.6777004632786,cand_003 (USDJPY)
2015-02-26 07:00:00,0.5672413372387529,3226.244941800517,cand_003 (USDJPY)
2015-02-27 07:00:00,0.5672413372387529,3226.812183137756,cand_003 (USDJPY)
2015-03-02 07:00:00,0.5672413372387529,3227.379424474995,cand_003 (USDJPY)
2015-03-04 07:00:00,0.5672413372387529,3227.9466658122337,cand_003 (USDJPY)
2015-03-05 07:00:00,0.5672413372387529,3228.5139071494723,cand_003 (USDJPY)
2015-03-06 07:00:00,0.5672413372387529,3229.0811484867113,cand_003 (USDJPY)
2015-03-09 07:00:00,0.5672413372387529,3229.6483898239503,cand_003 (USDJPY)
2015-03-10 07:00:00,0.5672413372387529,3230.215631161189,cand_003 (USDJPY)
2015-03-11 07:00:00,0.5672413372387529,3230.7828724984274,cand_003 (USDJPY)
2015-03-12 07:00:00,0.5672413372387529,3231.3501138356664,cand_003 (USDJPY)
2015-03-19 08:00:00,0.6146637622021717,3231.9647775978688,cand_008 (EURJPY)
2015-03-23 08:00:00,0.6146637622021717,3232.5794413600706,cand_008 (EURJPY)
2015-03-24 08:00:00,0.6146637622021717,3233.194105122273,cand_008 (EURJPY)
2015-03-26 07:10:20,0.0,3233.194105122273,cand_003 (USDJPY)
2015-03-26 13:00:00,30.253816721628887,3263.447921843902,cand_003 (USDJPY)
2015-03-27 07:00:00,0.5672413372387529,3264.015163181141,cand_003 (USDJPY)
2015-03-31 07:00:00,0.5672413372387529,3264.5824045183795,cand_003 (USDJPY)
2015-03-31 08:51:40,0.0,3264.5824045183795,cand_008 (EURJPY)
2015-03-31 15:00:00,34.36585094472342,3298.948255463103,cand_008 (EURJPY)
2015-04-08 07:00:00,0.5672413372387529,3299.5154968003417,cand_003 (USDJPY)
2015-04-09 07:00:00,0.5672413372387529,3300.0827381375807,cand_003 (USDJPY)
2015-04-13 07:00:00,0.5672413372387529,3300.6499794748192,cand_003 (USDJPY)
2015-04-14 08:19:40,0.0,3300.6499794748192,cand_008 (EURJPY)
2015-04-14 15:00:00,-17.32737145647922,3283.3226080183404,cand_008 (EURJPY)
2015-04-16 08:00:00,0.6146637622021717,3283.9372717805422,cand_008 (EURJPY)
2015-04-20 08:03:40,0.0,3283.9372717805422,cand_008 (EURJPY)
2015-04-20 08:29:40,0.0,3283.9372717805422,cand_003 (USDJPY)
2015-04-20 13:00:00,-12.689188714030903,3271.2480830665113,cand_003 (USDJPY)
2015-04-20 15:00:00,4.852770402586145,3276.1008534690973,cand_008 (EURJPY)
2015-04-21 07:00:00,0.5672413372387529,3276.6680948063363,cand_003 (USDJPY)
2015-04-24 08:00:00,0.6146637622021717,3277.2827585685386,cand_008 (EURJPY)
2015-04-30 07:04:40,0.0,3277.2827585685386,cand_003 (USDJPY)
2015-04-30 08:00:00,0.6146637622021717,3277.8974223307405,cand_008 (EURJPY)
2015-04-30 13:00:00,-13.023861103001767,3264.8735612277387,cand_003 (USDJPY)
2015-05-01 07:00:00,0.5672413372387529,3265.4408025649777,cand_003 (USDJPY)
2015-05-06 08:00:00,0.6146637622021717,3266.05546632718,cand_008 (EURJPY)
2015-05-08 07:00:00,0.5672413372387529,3266.6227076644186,cand_003 (USDJPY)
2015-05-11 07:00:00,0.5672413372387529,3267.1899490016576,cand_003 (USDJPY)
2015-05-12 08:00:00,0.6146637622021717,3267.80461276386,cand_008 (EURJPY)
2015-05-12 08:05:40,0.0,3267.80461276386,cand_008 (EURJPY)
2015-05-12 15:00:00,22.490547058977462,3290.2951598228374,cand_008 (EURJPY)
2015-05-13 08:00:00,0.6146637622021717,3290.9098235850392,cand_008 (EURJPY)
2015-05-15 07:00:00,0.5672413372387529,3291.4770649222783,cand_003 (USDJPY)
2015-05-15 08:00:00,0.6146637622021717,3292.0917286844806,cand_008 (EURJPY)
2015-05-18 07:00:00,0.5672413372387529,3292.658970021719,cand_003 (USDJPY)
2015-05-20 07:00:00,0.5672413372387529,3293.2262113589577,cand_003 (USDJPY)
2015-05-20 09:42:40,0.0,3293.2262113589577,cand_003 (USDJPY)
2015-05-20 13:00:00,-9.901197541502432,3283.3250138174553,cand_003 (USDJPY)
2015-05-21 07:00:00,0.5672413372387529,3283.8922551546943,cand_003 (USDJPY)
2015-05-25 07:00:00,0.5672413372387529,3284.459496491933,cand_003 (USDJPY)
2015-05-26 07:00:00,0.5672413372387529,3285.026737829172,cand_003 (USDJPY)
2015-05-26 09:00:40,0.0,3285.026737829172,cand_003 (USDJPY)
2015-05-26 12:01:40,34.845068105239356,3319.871805934411,cand_003 (USDJPY)
2015-05-26 12:01:40,42.8011951013501,3362.6730010357614,cand_003 (USDJPY)
2015-05-27 07:00:00,0.5672413372387529,3363.240242373,cand_003 (USDJPY)
2015-05-28 07:00:00,0.5672413372387529,3363.8074837102386,cand_003 (USDJPY)
2015-05-28 08:00:00,0.6146637622021717,3364.422147472441,cand_008 (EURJPY)
2015-05-29 07:00:00,0.5672413372387529,3364.98938880968,cand_003 (USDJPY)
2015-06-01 07:00:00,0.5672413372387529,3365.5566301469185,cand_003 (USDJPY)
2015-06-02 07:00:00,0.5672413372387529,3366.1238714841575,cand_003 (USDJPY)
2015-06-04 07:00:00,0.5672413372387529,3366.691112821396,cand_003 (USDJPY)
2015-06-05 08:00:00,0.6146637622021717,3367.3057765835983,cand_008 (EURJPY)
2015-06-08 07:00:00,0.5672413372387529,3367.873017920837,cand_003 (USDJPY)
2015-06-09 08:00:00,0.6146637622021717,3368.487681683039,cand_008 (EURJPY)
2015-06-09 08:57:40,0.0,3368.487681683039,cand_003 (USDJPY)
2015-06-09 13:00:00,5.116516861893551,3373.604198544933,cand_003 (USDJPY)
2015-06-10 07:15:40,0.0,3373.604198544933,cand_003 (USDJPY)
2015-06-10 07:49:20,34.88364051617159,3408.4878390611043,cand_003 (USDJPY)
2015-06-10 07:49:20,51.74659098960523,3460.2344300507098,cand_003 (USDJPY)
2015-06-10 08:41:20,0.0,3460.2344300507098,cand_008 (EURJPY)
2015-06-10 10:19:20,-46.0198758760766,3414.214554174633,cand_008 (EURJPY)
2015-06-16 07:00:00,0.5672413372387529,3414.7817955118717,cand_003 (USDJPY)
2015-06-18 08:25:40,0.0,3414.7817955118717,cand_003 (USDJPY)
2015-06-18 13:00:00,15.826033308961206,3430.6078288208328,cand_003 (USDJPY)
2015-06-23 07:00:00,0.5672413372387529,3431.175070158072,cand_003 (USDJPY)
2015-07-02 07:00:00,0.5672413372387529,3431.742311495311,cand_003 (USDJPY)
2015-07-02 08:00:00,0.6146637622021717,3432.3569752575127,cand_008 (EURJPY)
2015-07-08 09:30:40,0.0,3432.3569752575127,cand_003 (USDJPY)
2015-07-08 13:00:00,14.095947230383011,3446.4529224878956,cand_003 (USDJPY)
2015-07-09 08:00:00,0.6146637622021717,3447.067586250098,cand_008 (EURJPY)
2015-07-09 08:07:40,0.0,3447.067586250098,cand_008 (EURJPY)
2015-07-09 15:00:00,-7.083999859380029,3439.983586390718,cand_008 (EURJPY)
2015-07-10 07:00:00,0.5672413372387529,3440.550827727957,cand_003 (USDJPY)
2015-07-10 08:00:00,0.6146637622021717,3441.165491490159,cand_008 (EURJPY)
2015-07-10 08:50:40,0.0,3441.165491490159,cand_008 (EURJPY)
2015-07-10 15:00:00,64.02030415216718,3505.1857956423264,cand_008 (EURJPY)
2015-07-13 07:00:00,0.5672413372387529,3505.753036979565,cand_003 (USDJPY)
2015-07-13 08:00:00,0.6146637622021717,3506.3677007417673,cand_008 (EURJPY)
2015-07-13 09:48:40,0.0,3506.3677007417673,cand_003 (USDJPY)
2015-07-13 13:00:00,25.27627398735883,3531.643974729126,cand_003 (USDJPY)
2015-07-14 07:00:00,0.5672413372387529,3532.2112160663646,cand_003 (USDJPY)
2015-07-22 08:00:00,0.6146637622021717,3532.825879828567,cand_008 (EURJPY)
2015-07-28 07:00:00,0.5672413372387529,3533.3931211658055,cand_003 (USDJPY)
2015-07-30 07:00:00,0.5672413372387529,3533.9603625030445,cand_003 (USDJPY)
2015-08-11 07:00:00,0.5672413372387529,3534.5276038402835,cand_003 (USDJPY)
2015-08-11 08:00:00,0.6146637622021717,3535.1422676024854,cand_008 (EURJPY)
2015-08-12 08:00:00,0.6146637622021717,3535.7569313646873,cand_008 (EURJPY)
2015-08-24 08:00:00,0.6146637622021717,3536.3715951268896,cand_008 (EURJPY)
2015-08-25 08:00:00,0.6146637622021717,3536.986258889092,cand_008 (EURJPY)
2015-08-27 07:00:00,0.5672413372387529,3537.5535002263305,cand_003 (USDJPY)
2015-08-28 07:00:00,0.5672413372387529,3538.120741563569,cand_003 (USDJPY)
2015-08-31 07:00:00,0.5672413372387529,3538.687982900808,cand_003 (USDJPY)
2015-08-31 08:00:00,0.6146637622021717,3539.30264666301,cand_008 (EURJPY)
2015-09-01 09:02:40,0.0,3539.30264666301,cand_003 (USDJPY)
2015-09-01 13:00:00,27.30132556130118,3566.6039722243113,cand_003 (USDJPY)
2015-09-03 07:00:00,0.5672413372387529,3567.17121356155,cand_003 (USDJPY)
2015-09-04 07:18:40,0.0,3567.17121356155,cand_003 (USDJPY)
2015-09-04 13:00:00,3.8118617862444193,3570.9830753477945,cand_003 (USDJPY)
2015-09-08 08:00:00,0.6146637622021717,3571.597739109997,cand_008 (EURJPY)
2015-09-09 07:00:00,0.5672413372387529,3572.1649804472354,cand_003 (USDJPY)
2015-09-09 08:00:00,0.6146637622021717,3572.7796442094377,cand_008 (EURJPY)
2015-09-09 09:46:40,0.0,3572.7796442094377,cand_003 (USDJPY)
2015-09-09 13:00:00,-3.434646296980649,3569.344997912457,cand_003 (USDJPY)
2015-09-10 07:00:00,0.5672413372387529,3569.9122392496956,cand_003 (USDJPY)
2015-09-10 07:53:40,0.0,3569.9122392496956,cand_003 (USDJPY)
2015-09-10 08:00:00,0.6146637622021717,3570.526903011898,cand_008 (EURJPY)
2015-09-10 13:00:00,24.850842984429768,3595.3777459963276,cand_003 (USDJPY)
2015-09-11 07:00:00,0.5672413372387529,3595.944987333566,cand_003 (USDJPY)
2015-09-14 08:00:00,0.6146637622021717,3596.5596510957685,cand_008 (EURJPY)
2015-09-15 08:56:40,0.0,3596.5596510957685,cand_008 (EURJPY)
2015-09-15 09:00:40,0.0,3596.5596510957685,cand_003 (USDJPY)
2015-09-15 13:00:00,5.783025433149086,3602.3426765289178,cand_003 (USDJPY)
2015-09-15 15:00:00,10.685929505884756,3613.0286060348026,cand_008 (EURJPY)
2015-09-17 07:00:00,0.5672413372387529,3613.595847372041,cand_003 (USDJPY)
2015-09-17 08:13:40,0.0,3613.595847372041,cand_003 (USDJPY)
2015-09-17 13:00:00,2.4873532637919316,3616.0832006358332,cand_003 (USDJPY)
2015-09-18 08:00:00,0.6146637622021717,3616.697864398035,cand_008 (EURJPY)
2015-09-22 07:00:00,0.5672413372387529,3617.265105735274,cand_003 (USDJPY)
2015-09-24 08:00:00,0.6146637622021717,3617.879769497476,cand_008 (EURJPY)
2015-09-25 07:00:00,0.5672413372387529,3618.447010834715,cand_003 (USDJPY)
2015-09-25 09:24:40,0.0,3618.447010834715,cand_003 (USDJPY)
2015-09-25 13:00:00,18.81255894952324,3637.259569784238,cand_003 (USDJPY)
2015-09-28 08:13:40,0.0,3637.259569784238,cand_008 (EURJPY)
2015-09-28 15:00:00,8.903404595498456,3646.1629743797366,cand_008 (EURJPY)
2015-09-29 08:04:40,0.0,3646.1629743797366,cand_003 (USDJPY)
2015-09-29 13:00:00,-21.529644954896867,3624.6333294248398,cand_003 (USDJPY)
2015-10-01 07:00:00,0.5672413372387529,3625.2005707620783,cand_003 (USDJPY)
2015-10-02 07:00:00,0.5672413372387529,3625.767812099317,cand_003 (USDJPY)
2015-10-07 08:00:00,0.6146637622021717,3626.382475861519,cand_008 (EURJPY)
2015-10-15 08:00:00,0.6146637622021717,3626.9971396237215,cand_008 (EURJPY)
2015-10-16 07:00:00,0.5672413372387529,3627.56438096096,cand_003 (USDJPY)
2015-10-19 07:00:00,0.5672413372387529,3628.1316222981986,cand_003 (USDJPY)
2015-10-19 08:00:00,0.6146637622021717,3628.746286060401,cand_008 (EURJPY)
2015-10-23 07:00:00,0.5672413372387529,3629.3135273976395,cand_003 (USDJPY)
2015-10-26 07:00:00,0.5672413372387529,3629.8807687348785,cand_003 (USDJPY)
2015-10-29 07:00:00,0.5672413372387529,3630.4480100721175,cand_003 (USDJPY)
2015-10-30 08:00:00,0.6146637622021717,3631.0626738343194,cand_008 (EURJPY)
2015-11-04 07:00:00,0.5672413372387529,3631.6299151715584,cand_003 (USDJPY)
2015-11-09 07:00:00,0.5672413372387529,3632.197156508797,cand_003 (USDJPY)
2015-11-09 08:00:00,0.6146637622021717,3632.8118202709993,cand_008 (EURJPY)
2015-11-19 08:00:00,0.6146637622021717,3633.426484033201,cand_008 (EURJPY)
2015-11-23 07:00:00,0.5672413372387529,3633.99372537044,cand_003 (USDJPY)
2015-12-01 07:00:00,0.5672413372387529,3634.5609667076787,cand_003 (USDJPY)
2015-12-02 07:00:00,0.5672413372387529,3635.1282080449173,cand_003 (USDJPY)
2015-12-04 08:00:00,0.6146637622021717,3635.7428718071196,cand_008 (EURJPY)
2015-12-10 08:00:00,0.6146637622021717,3636.357535569322,cand_008 (EURJPY)
2015-12-11 07:00:00,0.5672413372387529,3636.9247769065605,cand_003 (USDJPY)
2015-12-15 08:02:40,0.0,3636.9247769065605,cand_003 (USDJPY)
2015-12-15 13:00:00,-14.711404081287057,3622.2133728252734,cand_003 (USDJPY)
2015-12-16 07:00:00,0.5672413372387529,3622.7806141625124,cand_003 (USDJPY)
2015-12-17 07:00:00,0.5672413372387529,3623.347855499751,cand_003 (USDJPY)
2015-12-18 07:00:00,0.5672413372387529,3623.9150968369895,cand_003 (USDJPY)
2015-12-24 09:53:40,0.0,3623.9150968369895,cand_003 (USDJPY)
2015-12-24 13:00:00,5.374611670337184,3629.289708507327,cand_003 (USDJPY)
2016-01-04 07:39:40,0.0,3629.289708507327,cand_003 (USDJPY)
2016-01-04 13:00:00,14.915610962693009,3644.20531947002,cand_003 (USDJPY)
2016-01-08 07:00:00,0.5672413372387529,3644.7725608072587,cand_003 (USDJPY)
2016-01-08 08:00:00,0.6146637622021717,3645.387224569461,cand_008 (EURJPY)
2016-01-12 08:42:40,0.0,3645.387224569461,cand_003 (USDJPY)
2016-01-12 13:00:00,-26.331342874622912,3619.055881694838,cand_003 (USDJPY)
2016-01-13 07:00:00,0.5672413372387529,3619.623123032077,cand_003 (USDJPY)
2016-01-13 08:00:00,0.6146637622021717,3620.2377867942787,cand_008 (EURJPY)
2016-01-19 07:00:00,0.5672413372387529,3620.8050281315177,cand_003 (USDJPY)
2016-01-19 07:35:40,0.0,3620.8050281315177,cand_003 (USDJPY)
2016-01-19 13:00:00,6.682102952672509,3627.48713108419,cand_003 (USDJPY)
2016-01-20 08:07:40,0.0,3627.48713108419,cand_003 (USDJPY)
2016-01-20 13:00:00,14.711404081287057,3642.1985351654776,cand_003 (USDJPY)
2016-01-21 08:01:20,0.0,3642.1985351654776,cand_003 (USDJPY)
2016-01-21 13:00:00,-11.48947328577094,3630.7090618797065,cand_003 (USDJPY)
2016-01-22 07:00:00,0.5672413372387529,3631.276303216945,cand_003 (USDJPY)
2016-01-22 07:31:40,0.0,3631.276303216945,cand_003 (USDJPY)
2016-01-22 08:00:00,0.6146637622021717,3631.8909669791474,cand_008 (EURJPY)
2016-01-22 13:00:00,4.991723767701026,3636.8826907468483,cand_003 (USDJPY)
2016-01-25 07:00:00,0.5672413372387529,3637.449932084087,cand_003 (USDJPY)
2016-01-25 08:00:00,0.6146637622021717,3638.064595846289,cand_008 (EURJPY)
2016-01-26 08:23:40,0.0,3638.064595846289,cand_003 (USDJPY)
2016-01-26 13:00:00,-25.486153282137167,3612.5784425641523,cand_003 (USDJPY)
2016-01-27 07:00:00,0.5672413372387529,3613.145683901391,cand_003 (USDJPY)
2016-01-28 07:00:00,0.5672413372387529,3613.7129252386294,cand_003 (USDJPY)
2016-02-01 07:00:00,0.5672413372387529,3614.2801665758684,cand_003 (USDJPY)
2016-02-02 07:26:40,0.0,3614.2801665758684,cand_003 (USDJPY)
2016-02-02 13:00:00,-19.064981344594486,3595.2151852312736,cand_003 (USDJPY)
2016-02-08 07:00:00,0.5672413372387529,3595.7824265685126,cand_003 (USDJPY)
2016-02-08 07:31:40,0.0,3595.7824265685126,cand_003 (USDJPY)
2016-02-08 08:00:00,0.6146637622021717,3596.3970903307145,cand_008 (EURJPY)
2016-02-08 08:44:40,0.0,3596.3970903307145,cand_008 (EURJPY)
2016-02-08 11:58:40,-37.37269550397524,3559.02439482674,cand_003 (USDJPY)
2016-02-08 13:05:40,40.000166320949624,3599.0245611476894,cand_008 (EURJPY)
2016-02-08 13:05:40,-38.84060313355523,3560.183958014134,cand_008 (EURJPY)
2016-03-02 07:00:00,0.5672413372387529,3560.7511993513726,cand_003 (USDJPY)
2016-03-02 08:00:00,0.6146637622021717,3561.365863113575,cand_008 (EURJPY)
2016-03-02 08:45:40,0.0,3561.365863113575,cand_003 (USDJPY)
2016-03-02 13:00:00,2.4306291300680565,3563.796492243643,cand_003 (USDJPY)
2016-03-03 07:00:00,0.5672413372387529,3564.3637335808817,cand_003 (USDJPY)
2016-03-03 07:06:40,0.0,3564.3637335808817,cand_003 (USDJPY)
2016-03-03 08:00:00,0.6146637622021717,3564.978397343084,cand_008 (EURJPY)
2016-03-03 08:30:40,0.0,3564.978397343084,cand_008 (EURJPY)
2016-03-03 13:00:00,-16.180559144735426,3548.7978381983485,cand_003 (USDJPY)
2016-03-03 15:00:00,4.858917040208167,3553.6567552385563,cand_008 (EURJPY)
2016-03-04 07:00:00,0.5672413372387529,3554.2239965757954,cand_003 (USDJPY)
2016-03-04 07:53:40,0.0,3554.2239965757954,cand_003 (USDJPY)
2016-03-04 08:00:00,0.6146637622021717,3554.838660337997,cand_008 (EURJPY)
2016-03-04 13:00:00,-9.129749322857728,3545.708911015139,cand_003 (USDJPY)
2016-03-08 08:00:00,0.6146637622021717,3546.3235747773415,cand_008 (EURJPY)
2016-03-10 07:00:00,0.5672413372387529,3546.89081611458,cand_003 (USDJPY)
2016-03-10 08:00:00,0.6146637622021717,3547.5054798767824,cand_008 (EURJPY)
2016-03-11 07:00:00,0.5672413372387529,3548.072721214021,cand_003 (USDJPY)
2016-03-11 08:00:00,0.6146637622021717,3548.6873849762233,cand_008 (EURJPY)
2016-03-11 09:16:40,0.0,3548.6873849762233,cand_003 (USDJPY)
2016-03-11 13:00:00,3.7381204124033816,3552.4255053886263,cand_003 (USDJPY)
2016-03-14 07:00:00,0.5672413372387529,3552.9927467258653,cand_003 (USDJPY)
2016-03-15 07:53:40,0.0,3552.9927467258653,cand_003 (USDJPY)
2016-03-15 13:00:00,0.8508620058581293,3553.843608731723,cand_003 (USDJPY)
2016-03-16 07:00:00,0.5672413372387529,3554.410850068962,cand_003 (USDJPY)
2016-03-17 07:21:40,0.0,3554.410850068962,cand_003 (USDJPY)
2016-03-17 13:00:00,45.390651805845,3599.8015018748074,cand_003 (USDJPY)
2016-03-22 07:00:00,0.5672413372387529,3600.368743212046,cand_003 (USDJPY)
2016-03-23 07:00:00,0.5672413372387529,3600.9359845492845,cand_003 (USDJPY)
2016-03-24 07:00:00,0.5672413372387529,3601.5032258865235,cand_003 (USDJPY)
2016-03-24 08:00:00,0.6146637622021717,3602.1178896487254,cand_008 (EURJPY)
2016-03-25 07:00:00,0.5672413372387529,3602.6851309859644,cand_003 (USDJPY)
2016-03-25 08:00:00,0.6146637622021717,3603.2997947481663,cand_008 (EURJPY)
2016-03-28 07:00:00,0.5672413372387529,3603.8670360854053,cand_003 (USDJPY)
2016-03-29 07:00:00,0.5672413372387529,3604.4342774226443,cand_003 (USDJPY)
2016-03-30 08:14:40,0.0,3604.4342774226443,cand_003 (USDJPY)
2016-03-30 13:00:00,-3.1311721815579157,3601.303105241086,cand_003 (USDJPY)
2016-04-01 08:00:00,0.6146637622021717,3601.9177690032884,cand_008 (EURJPY)
2016-04-04 08:24:40,0.0,3601.9177690032884,cand_008 (EURJPY)
2016-04-04 15:00:00,-9.471968575535465,3592.445800427753,cand_008 (EURJPY)
2016-04-05 08:12:40,0.0,3592.445800427753,cand_008 (EURJPY)
2016-04-05 09:27:40,0.0,3592.445800427753,cand_003 (USDJPY)
2016-04-05 13:00:00,11.968792215737688,3604.4145926434903,cand_003 (USDJPY)
2016-04-05 15:00:00,19.936619127027438,3624.3512117705177,cand_008 (EURJPY)
2016-04-07 08:18:40,0.0,3624.3512117705177,cand_003 (USDJPY)
2016-04-07 08:18:40,0.0,3624.3512117705177,cand_008 (EURJPY)
2016-04-07 13:00:00,34.09120436804905,3658.442416138567,cand_003 (USDJPY)
2016-04-07 15:00:00,46.36408758290981,3704.806503721477,cand_008 (EURJPY)
2016-04-13 07:00:00,0.5672413372387529,3705.373745058716,cand_003 (USDJPY)
2016-04-13 09:37:40,0.0,3705.373745058716,cand_003 (USDJPY)
2016-04-13 13:00:00,7.430861517827663,3712.8046065765434,cand_003 (USDJPY)
2016-04-14 07:00:00,0.5672413372387529,3713.3718479137824,cand_003 (USDJPY)
2016-04-15 07:00:00,0.5672413372387529,3713.939089251021,cand_003 (USDJPY)
2016-04-19 07:00:00,0.5672413372387529,3714.5063305882595,cand_003 (USDJPY)
2016-04-19 08:00:00,0.6146637622021717,3715.120994350462,cand_008 (EURJPY)
2016-04-21 07:00:00,0.5672413372387529,3715.6882356877004,cand_003 (USDJPY)
2016-04-22 08:00:00,0.6146637622021717,3716.3028994499027,cand_008 (EURJPY)
2016-04-22 08:47:40,0.0,3716.3028994499027,cand_008 (EURJPY)
2016-04-22 15:00:00,14.64743745327775,3730.9503369031804,cand_008 (EURJPY)
2016-04-25 07:00:00,0.5672413372387529,3731.5175782404194,cand_003 (USDJPY)
2016-04-25 08:00:00,0.6146637622021717,3732.1322420026213,cand_008 (EURJPY)
2016-04-26 07:00:00,0.5672413372387529,3732.6994833398603,cand_003 (USDJPY)
2016-04-27 07:00:00,0.5672413372387529,3733.266724677099,cand_003 (USDJPY)
2016-05-03 07:36:40,0.0,3733.266724677099,cand_003 (USDJPY)
2016-05-03 13:00:00,6.971396034664273,3740.2381207117633,cand_003 (USDJPY)
2016-05-04 07:00:00,0.5672413372387529,3740.805362049002,cand_003 (USDJPY)
2016-05-04 08:00:00,0.6146637622021717,3741.420025811204,cand_008 (EURJPY)
2016-05-05 07:00:00,0.5672413372387529,3741.9872671484427,cand_003 (USDJPY)
2016-05-06 07:00:00,0.5672413372387529,3742.5545084856813,cand_003 (USDJPY)
2016-05-09 07:00:00,0.5672413372387529,3743.1217498229203,cand_003 (USDJPY)
2016-05-10 07:00:00,0.5672413372387529,3743.6889911601593,cand_003 (USDJPY)
2016-05-10 08:00:00,0.6146637622021717,3744.303654922361,cand_008 (EURJPY)
2016-05-11 07:00:00,0.5672413372387529,3744.8708962596,cand_003 (USDJPY)
2016-05-11 08:00:00,0.6146637622021717,3745.485560021802,cand_008 (EURJPY)
2016-05-12 07:00:00,0.5672413372387529,3746.052801359041,cand_003 (USDJPY)
2016-05-12 07:37:40,0.0,3746.052801359041,cand_003 (USDJPY)
2016-05-12 08:00:00,0.6146637622021717,3746.667465121243,cand_008 (EURJPY)
2016-05-12 08:10:40,0.0,3746.667465121243,cand_008 (EURJPY)
2016-05-12 13:00:00,20.468903654260398,3767.1363687755033,cand_003 (USDJPY)
2016-05-12 15:00:00,2.415628585454535,3769.551997360958,cand_008 (EURJPY)
2016-05-13 09:22:40,0.0,3769.551997360958,cand_003 (USDJPY)
2016-05-13 13:00:00,-12.249576677670868,3757.302420683287,cand_003 (USDJPY)
2016-05-16 07:00:00,0.5672413372387529,3757.8696620205255,cand_003 (USDJPY)
2016-05-18 07:00:00,0.5672413372387529,3758.4369033577645,cand_003 (USDJPY)
2016-05-18 09:59:40,0.0,3758.4369033577645,cand_003 (USDJPY)
2016-05-18 13:00:00,-4.923654807232375,3753.513248550532,cand_003 (USDJPY)
2016-05-19 07:00:00,0.5672413372387529,3754.080489887771,cand_003 (USDJPY)
2016-05-19 08:51:40,0.0,3754.080489887771,cand_003 (USDJPY)
2016-05-19 13:00:00,-23.214351726495963,3730.8661381612746,cand_003 (USDJPY)
2016-05-25 07:00:00,0.5672413372387529,3731.4333794985137,cand_003 (USDJPY)
2016-05-27 07:00:00,0.5672413372387529,3732.0006208357527,cand_003 (USDJPY)
2016-05-30 07:00:00,0.5672413372387529,3732.567862172991,cand_003 (USDJPY)
2016-05-30 07:26:40,0.0,3732.567862172991,cand_003 (USDJPY)
2016-05-30 08:00:00,0.6146637622021717,3733.1825259351936,cand_008 (EURJPY)
2016-05-30 08:44:40,0.0,3733.1825259351936,cand_008 (EURJPY)
2016-05-30 13:00:00,-0.3063103221089266,3732.8762156130842,cand_003 (USDJPY)
2016-05-30 15:00:00,14.432305136506992,3747.3085207495915,cand_008 (EURJPY)
2016-05-31 07:00:00,0.5672413372387529,3747.87576208683,cand_003 (USDJPY)
2016-05-31 08:00:00,0.6146637622021717,3748.4904258490324,cand_008 (EURJPY)
2016-06-01 08:02:40,0.0,3748.4904258490324,cand_003 (USDJPY)
2016-06-01 13:00:00,32.120040721144385,3780.610466570177,cand_003 (USDJPY)
2016-06-03 07:19:40,0.0,3780.610466570177,cand_003 (USDJPY)
2016-06-03 13:00:00,-21.175119119122645,3759.435347451054,cand_003 (USDJPY)
2016-06-07 07:00:00,0.5672413372387529,3760.002588788293,cand_003 (USDJPY)
2016-06-07 08:00:00,0.6146637622021717,3760.617252550495,cand_008 (EURJPY)
2016-06-10 07:00:00,0.5672413372387529,3761.184493887734,cand_003 (USDJPY)
2016-06-13 07:55:40,0.0,3761.184493887734,cand_003 (USDJPY)
2016-06-13 13:00:00,-1.7669567654987155,3759.417537122235,cand_003 (USDJPY)
2016-06-14 08:00:40,0.0,3759.417537122235,cand_008 (EURJPY)
2016-06-14 09:16:40,0.0,3759.417537122235,cand_003 (USDJPY)
2016-06-14 13:00:00,-4.1777324487634155,3755.2398046734716,cand_003 (USDJPY)
2016-06-14 15:00:00,32.42351345616456,3787.663318129636,cand_008 (EURJPY)
2016-06-15 07:00:00,0.5672413372387529,3788.230559466875,cand_003 (USDJPY)
2016-06-16 07:30:40,0.0,3788.230559466875,cand_003 (USDJPY)
2016-06-16 08:18:40,0.0,3788.230559466875,cand_008 (EURJPY)
2016-06-16 13:00:00,0.10777585407536305,3788.33833532095,cand_003 (USDJPY)
2016-06-16 15:00:00,37.608202290339875,3825.9465376112903,cand_008 (EURJPY)
2016-06-20 08:00:00,0.6146637622021717,3826.561201373492,cand_008 (EURJPY)
2016-06-21 08:00:00,0.6146637622021717,3827.175865135694,cand_008 (EURJPY)
2016-06-21 08:08:40,0.0,3827.175865135694,cand_008 (EURJPY)
2016-06-21 15:00:00,13.037018396308062,3840.2128835320023,cand_008 (EURJPY)
2016-06-23 07:00:00,0.5672413372387529,3840.7801248692413,cand_003 (USDJPY)
2016-06-30 07:00:00,0.5672413372387529,3841.34736620648,cand_003 (USDJPY)
2016-06-30 08:00:00,0.6146637622021717,3841.962029968682,cand_008 (EURJPY)
2016-07-01 07:00:00,0.5672413372387529,3842.5292713059207,cand_003 (USDJPY)
2016-07-01 08:00:00,0.6146637622021717,3843.143935068123,cand_008 (EURJPY)
2016-07-04 07:00:00,0.5672413372387529,3843.7111764053616,cand_003 (USDJPY)
2016-07-04 08:00:00,0.6146637622021717,3844.325840167564,cand_008 (EURJPY)
2016-07-05 09:51:20,0.0,3844.325840167564,cand_003 (USDJPY)
2016-07-05 13:00:00,8.922706234765583,3853.2485464023293,cand_003 (USDJPY)
2016-07-11 08:00:00,0.6146637622021717,3853.8632101645317,cand_008 (EURJPY)
2016-07-11 08:06:40,0.0,3853.8632101645317,cand_008 (EURJPY)
2016-07-11 15:00:00,68.60262249938438,3922.4658326639155,cand_008 (EURJPY)
2016-07-12 07:00:00,0.5672413372387529,3923.0330740011545,cand_003 (USDJPY)
2016-07-12 08:00:00,0.6146637622021717,3923.6477377633564,cand_008 (EURJPY)
2016-07-12 09:39:40,0.0,3923.6477377633564,cand_003 (USDJPY)
2016-07-12 13:00:00,24.03117925211977,3947.678917015476,cand_003 (USDJPY)
2016-07-13 07:00:00,0.5672413372387529,3948.246158352715,cand_003 (USDJPY)
2016-07-13 08:00:00,0.6146637622021717,3948.860822114917,cand_008 (EURJPY)
2016-07-14 07:00:00,0.5672413372387529,3949.428063452156,cand_003 (USDJPY)
2016-07-14 08:00:00,0.6146637622021717,3950.042727214358,cand_008 (EURJPY)
2016-07-14 08:40:40,0.0,3950.042727214358,cand_008 (EURJPY)
2016-07-14 08:45:40,0.0,3950.042727214358,cand_003 (USDJPY)
2016-07-14 13:00:00,51.060228971546344,4001.1029561859045,cand_003 (USDJPY)
2016-07-14 15:00:00,83.1025406497336,4084.205496835638,cand_008 (EURJPY)
2016-07-15 07:00:00,0.5672413372387529,4084.772738172877,cand_003 (USDJPY)
2016-07-15 08:00:00,0.6146637622021717,4085.3874019350787,cand_008 (EURJPY)
2016-07-18 07:00:00,0.5672413372387529,4085.9546432723178,cand_003 (USDJPY)
2016-07-19 07:00:00,0.5672413372387529,4086.5218846095568,cand_003 (USDJPY)
2016-07-19 08:00:00,0.6146637622021717,4087.1365483717586,cand_008 (EURJPY)
2016-07-20 07:00:00,0.5672413372387529,4087.7037897089976,cand_003 (USDJPY)
2016-07-21 07:00:00,0.5672413372387529,4088.271031046236,cand_003 (USDJPY)
2016-07-21 08:00:00,0.6146637622021717,4088.8856948084385,cand_008 (EURJPY)
2016-07-25 07:00:00,0.5672413372387529,4089.452936145677,cand_003 (USDJPY)
2016-07-26 07:28:40,0.0,4089.452936145677,cand_003 (USDJPY)
2016-07-26 13:00:00,11.696516373863085,4101.14945251954,cand_003 (USDJPY)
2016-07-27 08:00:00,0.6146637622021717,4101.764116281742,cand_008 (EURJPY)
2016-07-28 09:10:40,0.0,4101.764116281742,cand_003 (USDJPY)
2016-07-28 13:00:00,-14.022205856541971,4087.7419104252003,cand_003 (USDJPY)
2016-08-02 09:06:40,0.0,4087.7419104252003,cand_003 (USDJPY)
2016-08-02 13:00:00,20.85462776358275,4108.596538188784,cand_003 (USDJPY)
2016-08-08 07:00:00,0.5672413372387529,4109.163779526022,cand_003 (USDJPY)
2016-08-09 07:00:00,0.5672413372387529,4109.731020863261,cand_003 (USDJPY)
2016-08-12 07:00:00,0.5672413372387529,4110.298262200499,cand_003 (USDJPY)
2016-08-16 09:06:40,0.0,4110.298262200499,cand_003 (USDJPY)
2016-08-16 13:00:00,6.063809895082269,4116.362072095581,cand_003 (USDJPY)
2016-08-17 08:00:00,0.6146637622021717,4116.976735857784,cand_008 (EURJPY)
2016-08-17 08:03:40,0.0,4116.976735857784,cand_008 (EURJPY)
2016-08-17 15:00:00,-21.371859011769512,4095.604876846014,cand_008 (EURJPY)
2016-08-18 08:00:00,0.6146637622021717,4096.219540608216,cand_008 (EURJPY)
2016-08-19 07:00:00,0.5672413372387529,4096.786781945455,cand_003 (USDJPY)
2016-08-22 07:00:00,0.5672413372387529,4097.3540232826945,cand_003 (USDJPY)
2016-08-24 07:00:00,0.5672413372387529,4097.921264619933,cand_003 (USDJPY)
2016-08-29 07:00:00,0.5672413372387529,4098.488505957172,cand_003 (USDJPY)
2016-08-29 08:00:00,0.6146637622021717,4099.103169719374,cand_008 (EURJPY)
2016-08-29 08:39:40,0.0,4099.103169719374,cand_003 (USDJPY)
2016-08-29 08:39:40,0.0,4099.103169719374,cand_008 (EURJPY)
2016-08-29 13:00:00,-12.0538784163235,4087.0492913030503,cand_003 (USDJPY)
2016-08-29 15:00:00,-26.92534610326613,4060.1239451997844,cand_008 (EURJPY)
2016-08-30 07:00:00,0.5672413372387529,4060.691186537023,cand_003 (USDJPY)
2016-08-31 07:00:00,0.5672413372387529,4061.2584278742615,cand_003 (USDJPY)
2016-09-01 07:00:00,0.5672413372387529,4061.8256692115006,cand_003 (USDJPY)
2016-09-02 07:00:00,0.5672413372387529,4062.3929105487396,cand_003 (USDJPY)
2016-09-02 09:32:40,0.0,4062.3929105487396,cand_003 (USDJPY)
2016-09-02 13:00:00,0.6012758174730781,4062.9941863662125,cand_003 (USDJPY)
2016-09-05 07:00:00,0.5672413372387529,4063.561427703451,cand_003 (USDJPY)
2016-09-05 08:00:00,0.6146637622021717,4064.1760914656534,cand_008 (EURJPY)
2016-09-06 07:00:00,0.5672413372387529,4064.743332802892,cand_003 (USDJPY)
2016-09-08 07:29:40,0.0,4064.743332802892,cand_003 (USDJPY)
2016-09-08 13:00:00,-10.604576799678487,4054.1387560032135,cand_003 (USDJPY)
2016-09-09 07:00:00,0.5672413372387529,4054.7059973404525,cand_003 (USDJPY)
2016-09-12 07:00:00,0.5672413372387529,4055.2732386776916,cand_003 (USDJPY)
2016-09-12 08:00:00,0.6146637622021717,4055.8879024398934,cand_008 (EURJPY)
2016-09-14 07:00:00,0.5672413372387529,4056.4551437771324,cand_003 (USDJPY)
2016-09-14 08:00:00,0.6146637622021717,4057.0698075393343,cand_008 (EURJPY)
2016-09-14 09:27:40,0.0,4057.0698075393343,cand_003 (USDJPY)
2016-09-14 12:19:40,-41.64402277338305,4015.425784765951,cand_003 (USDJPY)
2016-09-21 08:00:00,0.6146637622021717,4016.0404485281533,cand_008 (EURJPY)
2016-09-21 08:03:40,0.0,4016.0404485281533,cand_008 (EURJPY)
2016-09-21 10:35:40,-61.45100962616211,3954.5894389019913,cand_008 (EURJPY)
2016-10-03 07:00:00,0.5672413372387529,3955.15668023923,cand_003 (USDJPY)
2016-10-03 08:00:00,0.6146637622021717,3955.771344001432,cand_008 (EURJPY)
2016-10-04 07:00:00,0.5672413372387529,3956.338585338671,cand_003 (USDJPY)
2016-10-04 08:00:00,0.6146637622021717,3956.953249100873,cand_008 (EURJPY)
2016-10-05 07:00:00,0.5672413372387529,3957.5204904381117,cand_003 (USDJPY)
2016-10-06 07:00:00,0.5672413372387529,3958.08773177535,cand_003 (USDJPY)
2016-10-07 07:00:00,0.5672413372387529,3958.6549731125892,cand_003 (USDJPY)
2016-10-11 07:00:00,0.5672413372387529,3959.2222144498282,cand_003 (USDJPY)
2016-10-14 07:00:00,0.5672413372387529,3959.789455787067,cand_003 (USDJPY)
2016-10-14 07:13:40,0.0,3959.789455787067,cand_003 (USDJPY)
2016-10-14 13:00:00,11.035680215979937,3970.8251360030467,cand_003 (USDJPY)
2016-10-17 07:00:00,0.5672413372387529,3971.3923773402857,cand_003 (USDJPY)
2016-10-21 07:00:00,0.5672413372387529,3971.9596186775243,cand_003 (USDJPY)
2016-10-25 07:00:00,0.5672413372387529,3972.526860014763,cand_003 (USDJPY)
2016-10-26 07:00:00,0.5672413372387529,3973.094101352002,cand_003 (USDJPY)
2016-10-27 07:00:00,0.5672413372387529,3973.661342689241,cand_003 (USDJPY)
2016-10-27 08:00:00,0.6146637622021717,3974.2760064514428,cand_008 (EURJPY)
2016-10-28 07:00:00,0.5672413372387529,3974.8432477886818,cand_003 (USDJPY)
2016-10-28 09:17:40,0.0,3974.8432477886818,cand_003 (USDJPY)
2016-10-28 13:00:00,-10.077042356046446,3964.766205432635,cand_003 (USDJPY)
2016-11-07 07:00:00,0.5672413372387529,3965.333446769874,cand_003 (USDJPY)
2016-11-07 08:00:00,0.6146637622021717,3965.948110532076,cand_008 (EURJPY)
2016-11-08 07:00:00,0.5672413372387529,3966.515351869315,cand_003 (USDJPY)
2016-11-10 07:00:00,0.5672413372387529,3967.0825932065536,cand_003 (USDJPY)
2016-11-10 08:00:00,0.6146637622021717,3967.697256968756,cand_008 (EURJPY)
2016-11-11 07:00:00,0.5672413372387529,3968.2644983059945,cand_003 (USDJPY)
2016-11-11 08:00:00,0.6146637622021717,3968.879162068197,cand_008 (EURJPY)
2016-11-14 07:00:00,0.5672413372387529,3969.4464034054354,cand_003 (USDJPY)
2016-11-14 08:00:00,0.6146637622021717,3970.0610671676377,cand_008 (EURJPY)
2016-11-15 07:00:00,0.5672413372387529,3970.6283085048763,cand_003 (USDJPY)
2016-11-16 07:00:00,0.5672413372387529,3971.195549842115,cand_003 (USDJPY)
2016-11-16 08:00:00,0.6146637622021717,3971.810213604317,cand_008 (EURJPY)
2016-11-16 09:24:40,0.0,3971.810213604317,cand_003 (USDJPY)
2016-11-16 13:00:00,15.831705722333593,3987.6419193266506,cand_003 (USDJPY)
2016-11-17 07:00:00,0.5672413372387529,3988.2091606638896,cand_003 (USDJPY)
2016-11-17 08:00:00,0.6146637622021717,3988.8238244260915,cand_008 (EURJPY)
2016-11-17 08:37:40,0.0,3988.8238244260915,cand_003 (USDJPY)
2016-11-17 13:00:00,-21.024800164754375,3967.799024261337,cand_003 (USDJPY)
2016-11-18 07:00:00,0.5672413372387529,3968.366265598576,cand_003 (USDJPY)
2016-11-18 08:00:00,0.6146637622021717,3968.9809293607777,cand_008 (EURJPY)
2016-11-18 09:29:40,0.0,3968.9809293607777,cand_003 (USDJPY)
2016-11-18 13:00:00,-28.78749786486671,3940.193431495911,cand_003 (USDJPY)
2016-11-21 08:00:00,0.6146637622021717,3940.808095258113,cand_008 (EURJPY)
2016-11-25 08:00:00,0.6146637622021717,3941.4227590203154,cand_008 (EURJPY)
2016-11-28 08:00:00,0.6146637622021717,3942.0374227825178,cand_008 (EURJPY)
2016-11-30 08:00:00,0.6146637622021717,3942.6520865447196,cand_008 (EURJPY)
2016-12-01 07:00:00,0.5672413372387529,3943.2193278819586,cand_003 (USDJPY)
2016-12-01 08:00:00,0.6146637622021717,3943.8339916441605,cand_008 (EURJPY)
2016-12-02 07:00:00,0.5672413372387529,3944.4012329813995,cand_003 (USDJPY)
2016-12-02 08:00:00,0.6146637622021717,3945.0158967436014,cand_008 (EURJPY)
2016-12-07 07:00:00,0.5672413372387529,3945.5831380808404,cand_003 (USDJPY)
2016-12-08 08:00:00,0.6146637622021717,3946.1978018430423,cand_008 (EURJPY)
2016-12-09 07:00:00,0.5672413372387529,3946.7650431802813,cand_003 (USDJPY)
2016-12-12 07:00:00,0.5672413372387529,3947.33228451752,cand_003 (USDJPY)
2016-12-12 08:00:00,0.6146637622021717,3947.946948279722,cand_008 (EURJPY)
2016-12-12 08:18:40,0.0,3947.946948279722,cand_008 (EURJPY)
2016-12-12 08:20:40,0.0,3947.946948279722,cand_003 (USDJPY)
2016-12-12 13:00:00,4.112499694980959,3952.059447974703,cand_003 (USDJPY)
2016-12-12 15:00:00,28.455858871149537,3980.515306845852,cand_008 (EURJPY)
2016-12-13 07:00:00,0.5672413372387529,3981.082548183091,cand_003 (USDJPY)
2016-12-13 07:48:40,0.0,3981.082548183091,cand_003 (USDJPY)
2016-12-13 08:00:00,0.6146637622021717,3981.697211945293,cand_008 (EURJPY)
2016-12-13 13:00:00,2.8503877196247336,3984.547599664918,cand_003 (USDJPY)
2016-12-14 07:00:00,0.5672413372387529,3985.114841002157,cand_003 (USDJPY)
2016-12-15 07:00:00,0.5672413372387529,3985.6820823393955,cand_003 (USDJPY)
2016-12-15 08:00:00,0.6146637622021717,3986.296746101598,cand_008 (EURJPY)
2016-12-16 07:00:00,0.5672413372387529,3986.8639874388364,cand_003 (USDJPY)
2016-12-19 08:53:20,0.0,3986.8639874388364,cand_003 (USDJPY)
2016-12-19 13:00:00,-14.637662707446019,3972.2263247313904,cand_003 (USDJPY)
2016-12-20 07:00:00,0.5672413372387529,3972.793566068629,cand_003 (USDJPY)
2016-12-20 07:14:40,0.0,3972.793566068629,cand_003 (USDJPY)
2016-12-20 13:00:00,8.131404569317523,3980.924970637947,cand_003 (USDJPY)
2016-12-22 07:00:00,0.5672413372387529,3981.4922119751855,cand_003 (USDJPY)
2016-12-27 07:00:00,0.5672413372387529,3982.059453312424,cand_003 (USDJPY)
2016-12-28 07:00:00,0.5672413372387529,3982.626694649663,cand_003 (USDJPY)
2016-12-29 08:43:40,0.0,3982.626694649663,cand_003 (USDJPY)
2016-12-29 13:00:00,0.14748274768207575,3982.774177397345,cand_003 (USDJPY)
2016-12-30 08:00:00,0.6146637622021717,3983.388841159547,cand_008 (EURJPY)
2017-01-03 07:00:00,0.5672413372387529,3983.9560824967857,cand_003 (USDJPY)
2017-01-03 09:10:40,0.0,3983.9560824967857,cand_003 (USDJPY)
2017-01-03 13:00:00,28.299670314841382,4012.2557528116276,cand_003 (USDJPY)
2017-01-04 07:00:00,0.5672413372387529,4012.822994148866,cand_003 (USDJPY)
2017-01-05 07:19:40,0.0,4012.822994148866,cand_003 (USDJPY)
2017-01-05 08:00:00,0.6146637622021717,4013.4376579110685,cand_008 (EURJPY)
2017-01-05 13:00:00,-30.551618423679233,3982.886039487389,cand_003 (USDJPY)
2017-01-06 08:00:00,0.6146637622021717,3983.5007032495914,cand_008 (EURJPY)
2017-01-06 08:45:40,0.0,3983.5007032495914,cand_008 (EURJPY)
2017-01-06 15:00:00,-3.4943634881193457,3980.006339761472,cand_008 (EURJPY)
2017-01-09 07:00:00,0.5672413372387529,3980.5735810987107,cand_003 (USDJPY)
2017-01-12 08:48:40,0.0,3980.5735810987107,cand_003 (USDJPY)
2017-01-12 13:00:00,1.0919395741845994,3981.6655206728956,cand_003 (USDJPY)
2017-01-13 08:00:00,0.6146637622021717,3982.2801844350975,cand_008 (EURJPY)
2017-01-16 08:38:40,0.0,3982.2801844350975,cand_003 (USDJPY)
2017-01-16 08:39:40,0.0,3982.2801844350975,cand_008 (EURJPY)
2017-01-16 13:00:00,-22.63009314914005,3959.6500912859574,cand_003 (USDJPY)
2017-01-16 15:00:00,-0.32269847515614014,3959.327392810801,cand_008 (EURJPY)
2017-01-17 07:21:40,0.0,3959.327392810801,cand_003 (USDJPY)
2017-01-17 13:00:00,27.233256600832526,3986.5606494116337,cand_003 (USDJPY)
2017-01-18 08:00:00,0.6146637622021717,3987.175313173836,cand_008 (EURJPY)
2017-01-19 07:00:00,0.5672413372387529,3987.7425545110746,cand_003 (USDJPY)
2017-01-20 07:00:00,0.5672413372387529,3988.309795848313,cand_003 (USDJPY)
2017-01-23 08:06:40,0.0,3988.309795848313,cand_003 (USDJPY)
2017-01-23 13:00:00,-13.483326586165157,3974.8264692621483,cand_003 (USDJPY)
2017-01-25 07:00:00,0.5672413372387529,3975.3937105993873,cand_003 (USDJPY)
2017-01-25 08:00:00,0.6146637622021717,3976.008374361589,cand_008 (EURJPY)
2017-01-27 07:00:00,0.5672413372387529,3976.575615698828,cand_003 (USDJPY)
2017-01-27 08:00:00,0.6146637622021717,3977.19027946103,cand_008 (EURJPY)
2017-01-27 08:02:40,0.0,3977.19027946103,cand_003 (USDJPY)
2017-01-27 08:40:40,0.0,3977.19027946103,cand_008 (EURJPY)
2017-01-27 13:00:00,-4.583310004889124,3972.606969456141,cand_003 (USDJPY)
2017-01-27 15:00:00,3.629589515803824,3976.2365589719448,cand_008 (EURJPY)
2017-02-01 08:00:00,0.6146637622021717,3976.851222734147,cand_008 (EURJPY)
2017-02-02 07:47:40,0.0,3976.851222734147,cand_003 (USDJPY)
2017-02-02 13:00:00,5.601508205232685,3982.4527309393798,cand_003 (USDJPY)
2017-02-03 07:00:00,0.5672413372387529,3983.0199722766183,cand_003 (USDJPY)
2017-02-08 07:00:00,0.5672413372387529,3983.587213613857,cand_003 (USDJPY)
2017-02-09 07:00:00,0.5672413372387529,3984.154454951096,cand_003 (USDJPY)
2017-02-10 07:00:00,0.5672413372387529,3984.721696288335,cand_003 (USDJPY)
2017-02-10 08:00:00,0.6146637622021717,3985.3363600505368,cand_008 (EURJPY)
2017-02-13 07:00:00,0.5672413372387529,3985.903601387776,cand_003 (USDJPY)
2017-02-15 07:00:00,0.5672413372387529,3986.4708427250143,cand_003 (USDJPY)
2017-02-21 07:00:00,0.5672413372387529,3987.038084062253,cand_003 (USDJPY)
2017-02-28 07:00:00,0.5672413372387529,3987.605325399492,cand_003 (USDJPY)
2017-03-01 07:00:00,0.5672413372387529,3988.172566736731,cand_003 (USDJPY)
2017-03-01 08:00:00,0.6146637622021717,3988.787230498933,cand_008 (EURJPY)
2017-03-02 07:00:00,0.5672413372387529,3989.354471836172,cand_003 (USDJPY)
2017-03-03 07:00:00,0.5672413372387529,3989.9217131734104,cand_003 (USDJPY)
2017-03-09 07:00:00,0.5672413372387529,3990.488954510649,cand_003 (USDJPY)
2017-03-10 07:00:00,0.5672413372387529,3991.056195847888,cand_003 (USDJPY)
2017-03-10 08:22:40,0.0,3991.056195847888,cand_003 (USDJPY)
2017-03-10 13:00:00,-5.556128898253585,3985.5000669496344,cand_003 (USDJPY)
2017-03-15 07:00:00,0.5672413372387529,3986.0673082868734,cand_003 (USDJPY)
2017-03-29 07:00:00,0.5672413372387529,3986.634549624112,cand_003 (USDJPY)
2017-03-30 07:00:00,0.5672413372387529,3987.2017909613505,cand_003 (USDJPY)
2017-03-31 07:00:00,0.5672413372387529,3987.7690322985895,cand_003 (USDJPY)
2017-03-31 08:00:00,0.6146637622021717,3988.3836960607914,cand_008 (EURJPY)
2017-04-04 09:46:40,0.0,3988.3836960607914,cand_003 (USDJPY)
2017-04-04 13:00:00,-8.931214854824164,3979.452481205967,cand_003 (USDJPY)
2017-04-10 07:00:00,0.5672413372387529,3980.019722543206,cand_003 (USDJPY)
2017-04-18 07:00:00,0.5672413372387529,3980.586963880445,cand_003 (USDJPY)
2017-04-20 07:00:00,0.5672413372387529,3981.1542052176837,cand_003 (USDJPY)
2017-04-24 07:00:00,0.5672413372387529,3981.7214465549223,cand_003 (USDJPY)
2017-04-24 08:00:00,0.6146637622021717,3982.3361103171246,cand_008 (EURJPY)
2017-04-24 08:55:40,0.0,3982.3361103171246,cand_008 (EURJPY)
2017-04-24 15:00:00,-25.431713161114853,3956.9043971560095,cand_008 (EURJPY)
2017-04-25 07:00:00,0.5672413372387529,3957.4716384932485,cand_003 (USDJPY)
2017-04-25 08:00:00,0.6146637622021717,3958.0863022554504,cand_008 (EURJPY)
2017-04-25 08:38:40,0.0,3958.0863022554504,cand_008 (EURJPY)
2017-04-25 09:45:40,0.0,3958.0863022554504,cand_003 (USDJPY)
2017-04-25 13:00:00,3.854404886537326,3961.9407071419882,cand_003 (USDJPY)
2017-04-25 15:00:00,29.2088219798472,3991.1495291218353,cand_008 (EURJPY)
2017-04-26 07:00:00,0.5672413372387529,3991.716770459074,cand_003 (USDJPY)
2017-04-26 08:00:00,0.6146637622021717,3992.331434221276,cand_008 (EURJPY)
2017-04-26 08:14:40,0.0,3992.331434221276,cand_008 (EURJPY)
2017-04-26 09:34:20,0.0,3992.331434221276,cand_003 (USDJPY)
2017-04-26 11:38:40,-44.197397821147156,3948.134036400129,cand_008 (EURJPY)
2017-04-26 11:38:40,37.23694537796976,3985.3709817780987,cand_008 (EURJPY)
2017-04-26 13:00:00,-11.415731911929903,3973.9552498661687,cand_003 (USDJPY)
2017-04-27 07:00:00,0.5672413372387529,3974.5224912034073,cand_003 (USDJPY)
2017-05-01 07:00:00,0.5672413372387529,3975.0897325406463,cand_003 (USDJPY)
2017-05-01 09:26:40,0.0,3975.0897325406463,cand_003 (USDJPY)
2017-05-01 13:00:00,-6.59985295877289,3968.4898795818735,cand_003 (USDJPY)
2017-05-04 07:00:00,0.5672413372387529,3969.057120919112,cand_003 (USDJPY)
2017-05-05 08:00:00,0.6146637622021717,3969.6717846813144,cand_008 (EURJPY)
2017-05-08 07:00:00,0.5672413372387529,3970.239026018553,cand_003 (USDJPY)
2017-05-08 08:00:00,0.6146637622021717,3970.8536897807553,cand_008 (EURJPY)
2017-05-10 07:00:00,0.5672413372387529,3971.420931117994,cand_003 (USDJPY)
2017-05-11 07:00:00,0.5672413372387529,3971.9881724552324,cand_003 (USDJPY)
2017-05-16 09:13:40,0.0,3971.9881724552324,cand_003 (USDJPY)
2017-05-16 13:00:00,-14.53272306005685,3957.4554493951755,cand_003 (USDJPY)
2017-05-22 07:00:00,0.5672413372387529,3958.0226907324145,cand_003 (USDJPY)
2017-05-23 08:00:00,0.6146637622021717,3958.6373544946164,cand_008 (EURJPY)
2017-05-24 07:00:00,0.5672413372387529,3959.2045958318554,cand_003 (USDJPY)
2017-05-26 08:02:40,0.0,3959.2045958318554,cand_003 (USDJPY)
2017-05-26 08:52:40,0.0,3959.2045958318554,cand_008 (EURJPY)
2017-05-26 13:00:00,22.54217074186804,3981.746766573723,cand_003 (USDJPY)
2017-05-26 15:00:00,28.78777730273871,4010.534543876462,cand_008 (EURJPY)
2017-05-31 07:00:00,0.5672413372387529,4011.101785213701,cand_003 (USDJPY)
2017-06-01 07:00:00,0.5672413372387529,4011.6690265509396,cand_003 (USDJPY)
2017-06-02 07:00:00,0.5672413372387529,4012.236267888178,cand_003 (USDJPY)
2017-06-06 09:50:40,0.0,4012.236267888178,cand_003 (USDJPY)
2017-06-06 13:00:00,-6.460878831149396,4005.7753890570293,cand_003 (USDJPY)
2017-06-08 07:00:00,0.5672413372387529,4006.342630394268,cand_003 (USDJPY)
2017-06-09 07:00:00,0.5672413372387529,4006.9098717315064,cand_003 (USDJPY)
2017-06-09 08:00:00,0.6146637622021717,4007.5245354937088,cand_008 (EURJPY)
2017-06-09 09:52:40,0.0,4007.5245354937088,cand_003 (USDJPY)
2017-06-09 13:00:00,-4.571965178144349,4002.952570315564,cand_003 (USDJPY)
2017-06-12 07:00:00,0.5672413372387529,4003.519811652803,cand_003 (USDJPY)
2017-06-16 07:00:00,0.5672413372387529,4004.087052990042,cand_003 (USDJPY)
2017-06-16 08:00:00,0.6146637622021717,4004.701716752244,cand_008 (EURJPY)
2017-06-16 09:42:40,0.0,4004.701716752244,cand_003 (USDJPY)
2017-06-16 13:00:00,-4.024577287708952,4000.677139464535,cand_003 (USDJPY)
2017-06-19 07:00:00,0.5672413372387529,4001.244380801774,cand_003 (USDJPY)
2017-06-20 07:00:00,0.5672413372387529,4001.811622139013,cand_003 (USDJPY)
2017-06-27 07:00:00,0.5672413372387529,4002.3788634762514,cand_003 (USDJPY)
2017-06-28 07:00:00,0.5672413372387529,4002.94610481349,cand_003 (USDJPY)
2017-07-03 07:00:00,0.5672413372387529,4003.513346150729,cand_003 (USDJPY)
2017-07-04 07:00:00,0.5672413372387529,4004.080587487968,cand_003 (USDJPY)
2017-07-05 07:00:00,0.5672413372387529,4004.6478288252065,cand_003 (USDJPY)
2017-07-07 07:00:00,0.5672413372387529,4005.215070162445,cand_003 (USDJPY)
2017-07-07 08:00:00,0.6146637622021717,4005.8297339246474,cand_008 (EURJPY)
2017-07-10 07:00:00,0.5672413372387529,4006.396975261886,cand_003 (USDJPY)
2017-07-12 08:00:00,0.6146637622021717,4007.0116390240883,cand_008 (EURJPY)
2017-07-14 07:00:00,0.5672413372387529,4007.578880361327,cand_003 (USDJPY)
2017-07-18 08:00:00,0.6146637622021717,4008.193544123529,cand_008 (EURJPY)
2017-07-20 07:00:00,0.5672413372387529,4008.7607854607677,cand_003 (USDJPY)
2017-07-25 09:06:40,0.0,4008.7607854607677,cand_003 (USDJPY)
2017-07-25 12:59:40,31.615763172339133,4040.3765486331067,cand_003 (USDJPY)
2017-07-25 12:59:40,-29.666721937586775,4010.70982669552,cand_003 (USDJPY)
2017-08-02 07:00:00,0.5672413372387529,4011.277068032759,cand_003 (USDJPY)
2017-08-02 07:00:40,0.0,4011.277068032759,cand_003 (USDJPY)
2017-08-02 08:00:00,0.6146637622021717,4011.891731794961,cand_008 (EURJPY)
2017-08-02 13:00:00,-2.867404959741896,4009.024326835219,cand_003 (USDJPY)
2017-08-03 07:00:00,0.5672413372387529,4009.591568172458,cand_003 (USDJPY)
2017-08-14 07:00:00,0.5672413372387529,4010.1588095096968,cand_003 (USDJPY)
2017-08-14 07:10:40,0.0,4010.1588095096968,cand_003 (USDJPY)
2017-08-14 08:00:00,0.6146637622021717,4010.773473271899,cand_008 (EURJPY)
2017-08-14 13:00:00,1.9654912335322787,4012.738964505431,cand_003 (USDJPY)
2017-08-15 07:00:00,0.5672413372387529,4013.30620584267,cand_003 (USDJPY)
2017-08-15 08:30:40,0.0,4013.30620584267,cand_003 (USDJPY)
2017-08-15 13:00:00,0.975655100050655,4014.2818609427204,cand_003 (USDJPY)
2017-08-18 09:51:40,0.0,4014.2818609427204,cand_003 (USDJPY)
2017-08-18 13:00:00,0.10493964738916929,4014.3868005901095,cand_003 (USDJPY)
2017-08-22 07:00:00,0.5672413372387529,4014.9540419273485,cand_003 (USDJPY)
2017-08-23 07:00:00,0.5672413372387529,4015.5212832645875,cand_003 (USDJPY)
2017-08-25 07:00:00,0.5672413372387529,4016.088524601826,cand_003 (USDJPY)
2017-08-28 08:00:00,0.6146637622021717,4016.7031883640284,cand_008 (EURJPY)
2017-08-30 07:00:00,0.5672413372387529,4017.270429701267,cand_003 (USDJPY)
2017-08-30 09:16:40,0.0,4017.270429701267,cand_003 (USDJPY)
2017-08-30 13:00:00,-8.4150252379369,4008.85540446333,cand_003 (USDJPY)
2017-08-31 07:00:00,0.5672413372387529,4009.4226458005687,cand_003 (USDJPY)
2017-09-08 08:00:00,0.6146637622021717,4010.037309562771,cand_008 (EURJPY)
2017-09-08 08:00:40,0.0,4010.037309562771,cand_003 (USDJPY)
2017-09-08 13:00:00,10.47978370548596,4020.5170932682568,cand_003 (USDJPY)
2017-09-11 07:00:00,0.5672413372387529,4021.0843346054958,cand_003 (USDJPY)
2017-09-12 07:00:00,0.5672413372387529,4021.651575942735,cand_003 (USDJPY)
2017-09-13 07:00:00,0.5672413372387529,4022.2188172799733,cand_003 (USDJPY)
2017-09-14 07:00:00,0.5672413372387529,4022.786058617212,cand_003 (USDJPY)
2017-09-15 07:00:00,0.5672413372387529,4023.353299954451,cand_003 (USDJPY)
2017-09-15 08:00:00,0.6146637622021717,4023.967963716653,cand_008 (EURJPY)
2017-09-15 08:23:40,0.0,4023.967963716653,cand_008 (EURJPY)
2017-09-15 09:13:40,0.0,4023.967963716653,cand_003 (USDJPY)
2017-09-15 13:00:00,33.609049231396114,4057.577012948049,cand_003 (USDJPY)
2017-09-15 15:00:00,73.65208530587522,4131.229098253924,cand_008 (EURJPY)
2017-09-18 07:00:00,0.5672413372387529,4131.796339591163,cand_003 (USDJPY)
2017-09-18 09:43:40,0.0,4131.796339591163,cand_003 (USDJPY)
2017-09-18 13:00:00,-5.4540254575506095,4126.3423141336125,cand_003 (USDJPY)
2017-09-19 08:00:00,0.6146637622021717,4126.956977895815,cand_008 (EURJPY)
2017-09-19 08:17:40,0.0,4126.956977895815,cand_008 (EURJPY)
2017-09-19 15:00:00,-19.623140608304332,4107.3338372875105,cand_008 (EURJPY)
2017-09-21 07:00:00,0.5672413372387529,4107.901078624749,cand_003 (USDJPY)
2017-09-25 07:00:00,0.5672413372387529,4108.468319961988,cand_003 (USDJPY)
2017-09-27 07:00:00,0.5672413372387529,4109.035561299226,cand_003 (USDJPY)
2017-09-27 09:57:40,0.0,4109.035561299226,cand_003 (USDJPY)
2017-09-27 13:00:00,8.193801116413786,4117.229362415641,cand_003 (USDJPY)
2017-09-28 07:00:00,0.5672413372387529,4117.7966037528795,cand_003 (USDJPY)
2017-09-28 09:03:40,0.0,4117.7966037528795,cand_003 (USDJPY)
2017-09-28 13:00:00,-24.201351653291393,4093.595252099588,cand_003 (USDJPY)
2017-09-29 07:00:00,0.5672413372387529,4094.1624934368265,cand_003 (USDJPY)
2017-09-29 08:00:00,0.6146637622021717,4094.777157199029,cand_008 (EURJPY)
2017-10-02 07:00:00,0.5672413372387529,4095.3443985362674,cand_003 (USDJPY)
2017-10-03 07:00:00,0.5672413372387529,4095.9116398735064,cand_003 (USDJPY)
2017-10-17 07:00:00,0.5672413372387529,4096.478881210745,cand_003 (USDJPY)
2017-10-20 07:00:00,0.5672413372387529,4097.046122547984,cand_003 (USDJPY)
2017-10-20 08:00:00,0.6146637622021717,4097.660786310186,cand_008 (EURJPY)
2017-10-23 07:00:00,0.5672413372387529,4098.228027647425,cand_003 (USDJPY)
2017-10-27 07:00:00,0.5672413372387529,4098.795268984663,cand_003 (USDJPY)
2017-11-01 07:00:00,0.5672413372387529,4099.362510321902,cand_003 (USDJPY)
2017-11-02 07:00:00,0.5672413372387529,4099.929751659141,cand_003 (USDJPY)
2017-11-06 07:00:00,0.5672413372387529,4100.49699299638,cand_003 (USDJPY)
2017-11-09 07:23:40,0.0,4100.49699299638,cand_003 (USDJPY)
2017-11-09 13:00:00,8.497275231836518,4108.994268228216,cand_003 (USDJPY)
2017-11-13 07:00:00,0.5672413372387529,4109.561509565456,cand_003 (USDJPY)
2017-11-15 08:00:00,0.6146637622021717,4110.176173327657,cand_008 (EURJPY)
2017-11-22 09:46:40,0.0,4110.176173327657,cand_003 (USDJPY)
2017-11-22 13:00:00,-3.2899997559847667,4106.886173571673,cand_003 (USDJPY)
2017-11-27 08:00:00,0.6146637622021717,4107.500837333875,cand_008 (EURJPY)
2017-11-29 07:00:00,0.5672413372387529,4108.068078671114,cand_003 (USDJPY)
2017-11-30 07:00:00,0.5672413372387529,4108.635320008352,cand_003 (USDJPY)
2017-11-30 09:03:40,0.0,4108.635320008352,cand_003 (USDJPY)
2017-11-30 13:00:00,6.764352946572129,4115.399672954924,cand_003 (USDJPY)
2017-12-01 07:00:00,0.5672413372387529,4115.966914292163,cand_003 (USDJPY)
2017-12-01 08:00:00,0.6146637622021717,4116.581578054365,cand_008 (EURJPY)
2017-12-07 07:00:00,0.5672413372387529,4117.148819391604,cand_003 (USDJPY)
2017-12-07 08:37:40,0.0,4117.148819391604,cand_003 (USDJPY)
2017-12-07 13:00:00,3.8260428196753886,4120.974862211279,cand_003 (USDJPY)
2017-12-08 07:00:00,0.5672413372387529,4121.542103548518,cand_003 (USDJPY)
2017-12-18 07:00:00,0.5672413372387529,4122.109344885757,cand_003 (USDJPY)
2017-12-21 07:00:00,0.5672413372387529,4122.676586222996,cand_003 (USDJPY)
2017-12-21 09:35:40,0.0,4122.676586222996,cand_003 (USDJPY)
2017-12-21 13:00:00,-5.147715135441683,4117.528871087554,cand_003 (USDJPY)
2018-01-10 08:36:40,0.0,4117.528871087554,cand_008 (EURJPY)
2018-01-10 09:03:40,0.0,4117.528871087554,cand_003 (USDJPY)
2018-01-10 13:00:00,31.870454532759332,4149.399325620314,cand_003 (USDJPY)
2018-01-10 15:00:00,10.645976361341614,4160.045301981655,cand_008 (EURJPY)
2018-01-15 08:00:00,0.6146637622021717,4160.659965743857,cand_008 (EURJPY)
2018-01-17 07:00:00,0.5672413372387529,4161.227207081096,cand_003 (USDJPY)
2018-01-17 08:00:00,0.6146637622021717,4161.841870843298,cand_008 (EURJPY)
2018-01-18 07:00:00,0.5672413372387529,4162.409112180537,cand_003 (USDJPY)
2018-01-23 08:00:00,0.6146637622021717,4163.023775942739,cand_008 (EURJPY)
2018-01-25 08:27:40,0.0,4163.023775942739,cand_003 (USDJPY)
2018-01-25 13:00:00,-15.341041965622074,4147.682733977117,cand_003 (USDJPY)
2018-01-26 08:24:40,0.0,4147.682733977117,cand_003 (USDJPY)
2018-01-26 13:00:00,3.3779221632567737,4151.060656140374,cand_003 (USDJPY)
2018-01-30 08:14:20,0.0,4151.060656140374,cand_008 (EURJPY)
2018-01-30 13:56:40,41.5199224729945,4192.580578613368,cand_008 (EURJPY)
2018-01-30 13:56:40,-46.54848671157046,4146.032091901798,cand_008 (EURJPY)
2018-01-31 07:00:00,0.5672413372387529,4146.599333239036,cand_003 (USDJPY)
2018-02-01 07:00:00,0.5672413372387529,4147.166574576275,cand_003 (USDJPY)
2018-02-01 08:36:40,0.0,4147.166574576275,cand_003 (USDJPY)
2018-02-01 13:00:00,6.001413347986006,4153.167987924261,cand_003 (USDJPY)
2018-02-02 07:00:00,0.5672413372387529,4153.7352292615,cand_003 (USDJPY)
2018-02-02 08:38:40,0.0,4153.7352292615,cand_003 (USDJPY)
2018-02-02 13:00:00,2.736939452176983,4156.472168713677,cand_003 (USDJPY)
2018-02-05 07:00:00,0.5672413372387529,4157.039410050916,cand_003 (USDJPY)
2018-02-07 08:04:40,0.0,4157.039410050916,cand_008 (EURJPY)
2018-02-07 09:30:40,0.0,4157.039410050916,cand_003 (USDJPY)
2018-02-07 13:00:00,-1.506025750368889,4155.5333843005465,cand_003 (USDJPY)
2018-02-07 15:00:00,11.245273529488731,4166.778657830036,cand_008 (EURJPY)
2018-02-08 07:00:00,0.5672413372387529,4167.345899167274,cand_003 (USDJPY)
2018-02-08 08:00:40,0.0,4167.345899167274,cand_003 (USDJPY)
2018-02-08 13:00:00,-6.367284010505001,4160.97861515677,cand_003 (USDJPY)
2018-02-13 08:10:20,0.0,4160.97861515677,cand_003 (USDJPY)
2018-02-13 13:00:00,29.51073056984612,4190.489345726615,cand_003 (USDJPY)
2018-02-19 07:00:00,0.5672413372387529,4191.056587063855,cand_003 (USDJPY)
2018-02-19 08:21:40,0.0,4191.056587063855,cand_003 (USDJPY)
2018-02-19 13:00:00,-3.621835938269437,4187.434751125585,cand_003 (USDJPY)
2018-02-20 07:00:00,0.5672413372387529,4188.001992462823,cand_003 (USDJPY)
2018-02-20 09:35:40,0.0,4188.001992462823,cand_003 (USDJPY)
2018-02-20 13:00:00,8.735516593476795,4196.7375090563,cand_003 (USDJPY)
2018-02-21 07:00:00,0.5672413372387529,4197.3047503935395,cand_003 (USDJPY)
2018-02-21 08:00:00,0.6146637622021717,4197.919414155742,cand_008 (EURJPY)
2018-02-22 07:00:00,0.5672413372387529,4198.48665549298,cand_003 (USDJPY)
2018-02-27 07:00:00,0.5672413372387529,4199.053896830219,cand_003 (USDJPY)
2018-02-28 07:00:00,0.5672413372387529,4199.6211381674575,cand_003 (USDJPY)
2018-03-02 07:58:40,0.0,4199.6211381674575,cand_003 (USDJPY)
2018-03-02 08:28:40,0.0,4199.6211381674575,cand_008 (EURJPY)
2018-03-02 13:00:00,12.734568021010002,4212.355706188468,cand_003 (USDJPY)
2018-03-02 15:00:00,2.6830073220124793,4215.03871351048,cand_008 (EURJPY)
2018-03-06 07:00:00,0.5672413372387529,4215.605954847719,cand_003 (USDJPY)
2018-03-06 08:00:00,0.6146637622021717,4216.220618609921,cand_008 (EURJPY)
2018-03-09 07:00:00,0.5672413372387529,4216.78785994716,cand_003 (USDJPY)
2018-03-09 08:00:00,0.6146637622021717,4217.402523709362,cand_008 (EURJPY)
2018-03-12 07:00:00,0.5672413372387529,4217.9697650466005,cand_003 (USDJPY)
2018-03-13 07:00:00,0.5672413372387529,4218.53700638384,cand_003 (USDJPY)
2018-03-13 07:18:40,0.0,4218.53700638384,cand_003 (USDJPY)
2018-03-13 08:00:00,0.6146637622021717,4219.151670146041,cand_008 (EURJPY)
2018-03-13 13:00:00,23.134937939282537,4242.286608085324,cand_003 (USDJPY)
2018-03-20 07:00:00,0.5672413372387529,4242.853849422563,cand_003 (USDJPY)
2018-03-20 08:00:00,0.6146637622021717,4243.4685131847655,cand_008 (EURJPY)
2018-03-27 07:00:00,0.5672413372387529,4244.035754522004,cand_003 (USDJPY)
2018-03-28 07:00:00,0.5672413372387529,4244.602995859243,cand_003 (USDJPY)
2018-03-28 08:00:00,0.6146637622021717,4245.217659621445,cand_008 (EURJPY)
2018-03-29 07:00:00,0.5672413372387529,4245.7849009586835,cand_003 (USDJPY)
2018-03-30 07:00:00,0.5672413372387529,4246.352142295922,cand_003 (USDJPY)
2018-04-05 07:00:00,0.5672413372387529,4246.9193836331615,cand_003 (USDJPY)
2018-04-06 07:00:00,0.5672413372387529,4247.4866249704,cand_003 (USDJPY)
2018-04-09 07:00:00,0.5672413372387529,4248.053866307639,cand_003 (USDJPY)
2018-04-10 07:00:00,0.5672413372387529,4248.621107644877,cand_003 (USDJPY)
2018-04-10 08:00:00,0.6146637622021717,4249.2357714070795,cand_008 (EURJPY)
2018-04-13 07:00:00,0.5672413372387529,4249.803012744318,cand_003 (USDJPY)
2018-04-13 09:03:20,0.0,4249.803012744318,cand_003 (USDJPY)
2018-04-13 13:00:00,-0.8962413128372296,4248.906771431481,cand_003 (USDJPY)
2018-04-18 07:00:00,0.5672413372387529,4249.47401276872,cand_003 (USDJPY)
2018-04-18 08:00:00,0.6146637622021717,4250.088676530922,cand_008 (EURJPY)
2018-04-19 07:00:00,0.5672413372387529,4250.655917868161,cand_003 (USDJPY)
2018-04-20 07:00:00,0.5672413372387529,4251.2231592053995,cand_003 (USDJPY)
2018-04-25 07:00:00,0.5672413372387529,4251.790400542638,cand_003 (USDJPY)
2018-04-25 09:57:40,0.0,4251.790400542638,cand_003 (USDJPY)
2018-04-25 13:00:00,-5.510749591274484,4246.279650951364,cand_003 (USDJPY)
2018-05-02 07:00:00,0.5672413372387529,4246.846892288602,cand_003 (USDJPY)
2018-05-09 07:00:00,0.5672413372387529,4247.414133625842,cand_003 (USDJPY)
2018-05-10 07:00:00,0.5672413372387529,4247.98137496308,cand_003 (USDJPY)
2018-05-17 07:00:00,0.5672413372387529,4248.548616300319,cand_003 (USDJPY)
2018-05-17 09:19:40,0.0,4248.548616300319,cand_003 (USDJPY)
2018-05-17 13:00:00,8.199473529786173,4256.7480898301055,cand_003 (USDJPY)
2018-05-18 07:00:00,0.5672413372387529,4257.315331167344,cand_003 (USDJPY)
2018-05-21 07:00:00,0.5672413372387529,4257.882572504583,cand_003 (USDJPY)
2018-05-21 07:14:40,0.0,4257.882572504583,cand_003 (USDJPY)
2018-05-21 13:00:00,0.2552586017574388,4258.13783110634,cand_003 (USDJPY)
2018-05-31 08:00:00,0.6146637622021717,4258.752494868542,cand_008 (EURJPY)
2018-05-31 08:36:40,0.0,4258.752494868542,cand_008 (EURJPY)
2018-05-31 15:00:00,21.45791193847781,4280.21040680702,cand_008 (EURJPY)
2018-06-01 07:00:00,0.5672413372387529,4280.777648144259,cand_003 (USDJPY)
2018-06-01 08:00:00,0.6146637622021717,4281.392311906461,cand_008 (EURJPY)
2018-06-04 07:00:00,0.5672413372387529,4281.9595532437,cand_003 (USDJPY)
2018-06-04 08:00:00,0.6146637622021717,4282.574217005902,cand_008 (EURJPY)
2018-06-07 07:00:00,0.5672413372387529,4283.141458343141,cand_003 (USDJPY)
2018-06-11 07:00:00,0.5672413372387529,4283.708699680379,cand_003 (USDJPY)
2018-06-11 08:00:00,0.6146637622021717,4284.3233634425815,cand_008 (EURJPY)
2018-06-11 09:07:40,0.0,4284.3233634425815,cand_003 (USDJPY)
2018-06-11 13:00:00,7.371301177417593,4291.6946646199995,cand_003 (USDJPY)
2018-06-12 07:00:00,0.5672413372387529,4292.261905957238,cand_003 (USDJPY)
2018-06-12 08:00:00,0.6146637622021717,4292.876569719439,cand_008 (EURJPY)
2018-06-13 07:00:00,0.5672413372387529,4293.443811056679,cand_003 (USDJPY)
2018-06-15 07:00:00,0.5672413372387529,4294.011052393917,cand_003 (USDJPY)
2018-06-15 09:00:40,0.0,4294.011052393917,cand_003 (USDJPY)
2018-06-15 13:00:00,-19.342929599841476,4274.668122794076,cand_003 (USDJPY)
2018-06-19 08:50:20,0.0,4274.668122794076,cand_008 (EURJPY)
2018-06-19 08:53:20,0.0,4274.668122794076,cand_003 (USDJPY)
2018-06-19 13:00:00,-12.133292203536925,4262.534830590539,cand_003 (USDJPY)
2018-06-19 15:00:00,29.411661021373916,4291.946491611913,cand_008 (EURJPY)
2018-06-21 07:00:00,0.5672413372387529,4292.513732949152,cand_003 (USDJPY)
2018-06-21 08:14:40,0.0,4292.513732949152,cand_003 (USDJPY)
2018-06-21 13:00:00,-18.80405032946466,4273.709682619687,cand_003 (USDJPY)
2018-06-25 08:23:20,0.0,4273.709682619687,cand_008 (EURJPY)
2018-06-25 15:00:00,-37.73728168040233,4235.972400939285,cand_008 (EURJPY)
2018-06-29 08:00:00,0.6146637622021717,4236.587064701487,cand_008 (EURJPY)
2018-07-02 07:00:00,0.5672413372387529,4237.154306038726,cand_003 (USDJPY)
2018-07-03 07:00:00,0.5672413372387529,4237.721547375964,cand_003 (USDJPY)
2018-07-03 08:00:00,0.6146637622021717,4238.336211138167,cand_008 (EURJPY)
2018-07-10 07:00:00,0.5672413372387529,4238.903452475405,cand_003 (USDJPY)
2018-07-10 08:09:40,0.0,4238.903452475405,cand_003 (USDJPY)
2018-07-10 13:00:00,1.8350257259673657,4240.738478201372,cand_003 (USDJPY)
2018-07-11 07:00:00,0.5672413372387529,4241.305719538612,cand_003 (USDJPY)
2018-07-11 08:00:00,0.6146637622021717,4241.920383300814,cand_008 (EURJPY)
2018-07-12 07:00:00,0.5672413372387529,4242.487624638053,cand_003 (USDJPY)
2018-07-12 08:00:00,0.6146637622021717,4243.102288400254,cand_008 (EURJPY)
2018-07-13 07:00:00,0.5672413372387529,4243.669529737494,cand_003 (USDJPY)
2018-07-30 07:00:00,0.5672413372387529,4244.236771074732,cand_003 (USDJPY)
2018-07-31 08:00:00,0.6146637622021717,4244.8514348369345,cand_008 (EURJPY)
2018-08-01 07:00:00,0.5672413372387529,4245.418676174173,cand_003 (USDJPY)
2018-08-01 09:19:40,0.0,4245.418676174173,cand_003 (USDJPY)
2018-08-01 13:00:00,-4.861258260136113,4240.557417914037,cand_003 (USDJPY)
2018-08-10 07:22:40,0.0,4240.557417914037,cand_003 (USDJPY)
2018-08-10 08:09:40,0.0,4240.557417914037,cand_008 (EURJPY)
2018-08-10 13:00:00,-12.677843887286128,4227.879574026751,cand_003 (USDJPY)
2018-08-10 15:00:00,14.014333778209515,4241.893907804961,cand_008 (EURJPY)
2018-08-14 07:00:00,0.5672413372387529,4242.461149142199,cand_003 (USDJPY)
2018-08-14 09:18:40,0.0,4242.461149142199,cand_003 (USDJPY)
2018-08-14 13:00:00,-4.909473773801406,4237.551675368398,cand_003 (USDJPY)
2018-08-15 07:00:00,0.5672413372387529,4238.118916705636,cand_003 (USDJPY)
2018-08-16 08:00:00,0.6146637622021717,4238.733580467839,cand_008 (EURJPY)
2018-08-16 08:49:20,0.0,4238.733580467839,cand_008 (EURJPY)
2018-08-16 15:00:00,-21.96193622348359,4216.771644244354,cand_008 (EURJPY)
2018-08-21 08:00:00,0.6146637622021717,4217.386308006557,cand_008 (EURJPY)
2018-08-21 08:29:40,0.0,4217.386308006557,cand_008 (EURJPY)
2018-08-21 15:00:00,0.891262455193149,4218.27757046175,cand_008 (EURJPY)
2018-08-22 07:00:00,0.5672413372387529,4218.844811798988,cand_003 (USDJPY)
2018-08-22 08:00:00,0.6146637622021717,4219.459475561191,cand_008 (EURJPY)
2018-08-23 07:00:00,0.5672413372387529,4220.02671689843,cand_003 (USDJPY)
2018-08-24 07:00:00,0.5672413372387529,4220.593958235669,cand_003 (USDJPY)
2018-08-27 08:00:00,0.6146637622021717,4221.20862199787,cand_008 (EURJPY)
2018-08-28 07:00:00,0.5672413372387529,4221.7758633351095,cand_003 (USDJPY)
2018-09-04 07:00:00,0.5672413372387529,4222.343104672348,cand_003 (USDJPY)
2018-09-04 09:02:40,0.0,4222.343104672348,cand_003 (USDJPY)
2018-09-04 13:00:00,5.042775488052514,4227.3858801604,cand_003 (USDJPY)
2018-09-05 07:00:00,0.5672413372387529,4227.95312149764,cand_003 (USDJPY)
2018-09-05 08:00:00,0.6146637622021717,4228.567785259842,cand_008 (EURJPY)
2018-09-11 07:00:00,0.5672413372387529,4229.1350265970805,cand_003 (USDJPY)
2018-09-11 08:00:00,0.6146637622021717,4229.749690359282,cand_008 (EURJPY)
2018-09-11 08:40:40,0.0,4229.749690359282,cand_008 (EURJPY)
2018-09-11 15:00:00,-23.2373635300531,4206.512326829229,cand_008 (EURJPY)
2018-09-13 07:00:00,0.5672413372387529,4207.079568166468,cand_003 (USDJPY)
2018-09-13 08:00:00,0.6146637622021717,4207.69423192867,cand_008 (EURJPY)
2018-09-14 07:00:00,0.5672413372387529,4208.261473265909,cand_003 (USDJPY)
2018-09-18 07:00:00,0.5672413372387529,4208.828714603148,cand_003 (USDJPY)
2018-09-18 08:00:00,0.6146637622021717,4209.443378365349,cand_008 (EURJPY)
2018-09-18 09:17:40,0.0,4209.443378365349,cand_003 (USDJPY)
2018-09-18 13:00:00,-6.889146040764654,4202.554232324585,cand_003 (USDJPY)
2018-09-21 07:00:00,0.5672413372387529,4203.121473661824,cand_003 (USDJPY)
2018-09-21 08:00:00,0.6146637622021717,4203.736137424026,cand_008 (EURJPY)
2018-09-21 09:47:40,0.0,4203.736137424026,cand_003 (USDJPY)
2018-09-21 13:00:00,-7.4450425512586325,4196.291094872768,cand_003 (USDJPY)
2018-09-28 07:00:00,0.5672413372387529,4196.858336210006,cand_003 (USDJPY)
2018-10-01 07:00:00,0.5672413372387529,4197.425577547245,cand_003 (USDJPY)
2018-10-04 07:00:00,0.5672413372387529,4197.992818884484,cand_003 (USDJPY)
2018-10-12 08:00:00,0.6146637622021717,4198.607482646686,cand_008 (EURJPY)
2018-10-12 08:24:40,0.0,4198.607482646686,cand_008 (EURJPY)
2018-10-12 15:00:00,-27.914954760411625,4170.692527886275,cand_008 (EURJPY)
2018-10-19 07:00:00,0.5672413372387529,4171.259769223513,cand_003 (USDJPY)
2018-10-22 07:00:00,0.5672413372387529,4171.827010560752,cand_003 (USDJPY)
2018-10-22 08:00:00,0.6146637622021717,4172.441674322954,cand_008 (EURJPY)
2018-10-22 09:33:20,0.0,4172.441674322954,cand_003 (USDJPY)
2018-10-22 13:00:00,2.8163532393904083,4175.258027562344,cand_003 (USDJPY)
2018-10-23 09:43:40,0.0,4175.258027562344,cand_003 (USDJPY)
2018-10-23 13:00:00,2.5242239507124506,4177.7822515130565,cand_003 (USDJPY)
2018-10-24 07:00:00,0.5672413372387529,4178.349492850295,cand_003 (USDJPY)
2018-10-26 08:31:40,0.0,4178.349492850295,cand_008 (EURJPY)
2018-10-26 15:00:00,15.799932007406822,4194.149424857702,cand_008 (EURJPY)
2018-10-30 07:00:00,0.5672413372387529,4194.716666194941,cand_003 (USDJPY)
2018-10-30 08:00:00,0.6146637622021717,4195.331329957144,cand_008 (EURJPY)
2018-10-31 07:00:00,0.5672413372387529,4195.898571294382,cand_003 (USDJPY)
2018-11-02 08:00:00,0.6146637622021717,4196.513235056584,cand_008 (EURJPY)
2018-11-02 08:23:40,0.0,4196.513235056584,cand_008 (EURJPY)
2018-11-02 15:00:00,6.152784259643738,4202.666019316228,cand_008 (EURJPY)
2018-11-07 08:00:00,0.6146637622021717,4203.28068307843,cand_008 (EURJPY)
2018-11-09 07:00:00,0.5672413372387529,4203.847924415669,cand_003 (USDJPY)
2018-11-13 07:00:00,0.5672413372387529,4204.415165752907,cand_003 (USDJPY)
2018-11-21 07:00:00,0.5672413372387529,4204.982407090147,cand_003 (USDJPY)
2018-11-26 07:00:00,0.5672413372387529,4205.549648427385,cand_003 (USDJPY)
2018-12-07 07:00:00,0.5672413372387529,4206.116889764624,cand_003 (USDJPY)
2018-12-11 07:00:00,0.5672413372387529,4206.6841311018625,cand_003 (USDJPY)
2018-12-20 07:43:40,0.0,4206.6841311018625,cand_003 (USDJPY)
2018-12-20 13:00:00,17.56179180091179,4224.2459229027745,cand_003 (USDJPY)
2018-12-27 07:00:00,0.5672413372387529,4224.813164240013,cand_003 (USDJPY)
2018-12-27 08:00:00,0.6146637622021717,4225.427828002215,cand_008 (EURJPY)
2018-12-28 09:56:40,0.0,4225.427828002215,cand_003 (USDJPY)
2018-12-28 13:00:00,3.497042844076912,4228.924870846293,cand_003 (USDJPY)
2019-01-02 08:10:40,0.0,4228.924870846293,cand_003 (USDJPY)
2019-01-02 13:00:00,6.812568460237422,4235.737439306529,cand_003 (USDJPY)
2019-01-04 07:00:00,0.5672413372387529,4236.304680643769,cand_003 (USDJPY)
2019-01-07 07:00:00,0.5672413372387529,4236.871921981007,cand_003 (USDJPY)
2019-01-07 08:00:00,0.6146637622021717,4237.48658574321,cand_008 (EURJPY)
2019-01-08 07:00:00,0.5672413372387529,4238.053827080448,cand_003 (USDJPY)
2019-01-08 08:00:00,0.6146637622021717,4238.6684908426505,cand_008 (EURJPY)
2019-01-09 07:00:00,0.5672413372387529,4239.235732179889,cand_003 (USDJPY)
2019-01-10 08:00:00,0.6146637622021717,4239.850395942091,cand_008 (EURJPY)
2019-01-15 07:00:00,0.5672413372387529,4240.41763727933,cand_003 (USDJPY)
2019-01-15 07:16:40,0.0,4240.41763727933,cand_003 (USDJPY)
2019-01-15 08:00:00,0.6146637622021717,4241.032301041532,cand_008 (EURJPY)
2019-01-15 13:00:00,-10.664137140088556,4230.368163901443,cand_003 (USDJPY)
2019-01-16 07:00:00,0.5672413372387529,4230.9354052386825,cand_003 (USDJPY)
2019-01-17 07:00:00,0.5672413372387529,4231.502646575921,cand_003 (USDJPY)
2019-01-18 07:00:00,0.5672413372387529,4232.06988791316,cand_003 (USDJPY)
2019-01-21 07:00:00,0.5672413372387529,4232.637129250399,cand_003 (USDJPY)
2019-01-23 07:00:00,0.5672413372387529,4233.204370587638,cand_003 (USDJPY)
2019-01-23 08:00:00,0.6146637622021717,4233.819034349839,cand_008 (EURJPY)
2019-01-25 07:00:00,0.5672413372387529,4234.3862756870785,cand_003 (USDJPY)
2019-02-04 07:00:00,0.5672413372387529,4234.953517024317,cand_003 (USDJPY)
2019-02-07 07:00:00,0.5672413372387529,4235.520758361556,cand_003 (USDJPY)
2019-02-12 07:00:00,0.5672413372387529,4236.087999698795,cand_003 (USDJPY)
2019-02-13 07:00:00,0.5672413372387529,4236.655241036034,cand_003 (USDJPY)
2019-02-14 07:00:01,0.5672413372387529,4237.222482373272,cand_003 (USDJPY)
2019-02-20 07:00:00,0.5672413372387529,4237.789723710511,cand_003 (USDJPY)
2019-02-20 08:00:00,0.6146637622021717,4238.404387472713,cand_008 (EURJPY)
2019-02-21 07:00:00,0.5672413372387529,4238.971628809952,cand_003 (USDJPY)
2019-02-21 08:00:00,0.6146637622021717,4239.586292572154,cand_008 (EURJPY)
2019-03-01 07:00:00,0.5672413372387529,4240.1535339093925,cand_003 (USDJPY)
2019-03-08 07:52:40,0.0,4240.1535339093925,cand_003 (USDJPY)
2019-03-08 13:00:00,-5.507913384588291,4234.645620524804,cand_003 (USDJPY)
2019-03-14 07:00:00,0.5672413372387529,4235.212861862043,cand_003 (USDJPY)
2019-03-14 08:00:00,0.6146637622021717,4235.827525624245,cand_008 (EURJPY)
2019-03-15 07:00:00,0.5672413372387529,4236.3947669614845,cand_003 (USDJPY)
2019-03-20 07:00:00,0.5672413372387529,4236.962008298723,cand_003 (USDJPY)
2019-03-27 07:00:00,0.5672413372387529,4237.529249635962,cand_003 (USDJPY)
2019-03-29 07:00:00,0.5672413372387529,4238.0964909732,cand_003 (USDJPY)
2019-04-01 07:00:00,0.5672413372387529,4238.663732310439,cand_003 (USDJPY)
2019-04-03 07:00:00,0.5672413372387529,4239.230973647678,cand_003 (USDJPY)
2019-04-03 08:00:00,0.6146637622021717,4239.8456374098805,cand_008 (EURJPY)
2019-04-25 07:00:00,0.5672413372387529,4240.412878747119,cand_003 (USDJPY)
2019-05-02 07:00:00,0.5672413372387529,4240.980120084358,cand_003 (USDJPY)
2019-05-14 07:00:00,0.5672413372387529,4241.547361421596,cand_003 (USDJPY)
2019-05-14 08:00:00,0.6146637622021717,4242.1620251837985,cand_008 (EURJPY)
2019-05-17 09:29:40,0.0,4242.1620251837985,cand_003 (USDJPY)
2019-05-17 13:00:00,-9.149602769661085,4233.012422414137,cand_003 (USDJPY)
2019-05-20 07:00:00,0.5672413372387529,4233.579663751376,cand_003 (USDJPY)
2019-05-31 07:55:20,0.0,4233.579663751376,cand_003 (USDJPY)
2019-05-31 08:24:40,0.0,4233.579663751376,cand_008 (EURJPY)
2019-05-31 13:00:00,10.428731985134473,4244.0083957365105,cand_003 (USDJPY)
2019-05-31 15:00:00,-4.293426378982169,4239.714969357528,cand_008 (EURJPY)
2019-06-11 07:00:00,0.5672413372387529,4240.282210694768,cand_003 (USDJPY)
2019-06-25 07:38:40,0.0,4240.282210694768,cand_003 (USDJPY)
2019-06-25 13:00:00,-17.210102171823763,4223.072108522943,cand_003 (USDJPY)
2019-06-26 07:00:00,0.5672413372387529,4223.639349860183,cand_003 (USDJPY)
2019-06-27 07:00:00,0.5672413372387529,4224.206591197421,cand_003 (USDJPY)
2019-07-01 07:00:00,0.5672413372387529,4224.77383253466,cand_003 (USDJPY)
2019-07-22 07:00:00,0.5672413372387529,4225.3410738718985,cand_003 (USDJPY)
2019-07-23 07:00:00,0.5672413372387529,4225.908315209137,cand_003 (USDJPY)
2019-07-23 07:39:40,0.0,4225.908315209137,cand_003 (USDJPY)
2019-07-23 13:00:00,-0.8905688994648421,4225.0177463096725,cand_003 (USDJPY)
2019-08-01 07:00:00,0.5672413372387529,4225.584987646911,cand_003 (USDJPY)
2019-08-06 07:00:00,0.5672413372387529,4226.1522289841505,cand_003 (USDJPY)
2019-08-06 07:01:40,0.0,4226.1522289841505,cand_003 (USDJPY)
2019-08-06 08:00:00,0.6146637622021717,4226.766892746353,cand_008 (EURJPY)
2019-08-06 13:00:00,-13.542886926575227,4213.224005819777,cand_003 (USDJPY)
2019-08-08 07:00:00,0.5672413372387529,4213.791247157016,cand_003 (USDJPY)
2019-08-14 07:00:00,0.5672413372387529,4214.358488494255,cand_003 (USDJPY)
2019-08-14 08:00:00,0.6146637622021717,4214.973152256457,cand_008 (EURJPY)
2019-08-16 07:00:00,0.5672413372387529,4215.540393593696,cand_003 (USDJPY)
2019-08-21 07:00:00,0.5672413372387529,4216.107634930934,cand_003 (USDJPY)
2019-08-29 07:00:00,0.5672413372387529,4216.674876268173,cand_003 (USDJPY)
2019-09-05 07:00:00,0.5672413372387529,4217.242117605412,cand_003 (USDJPY)
2019-09-09 07:00:00,0.5672413372387529,4217.809358942651,cand_003 (USDJPY)
2019-09-10 07:00:00,0.5672413372387529,4218.376600279889,cand_003 (USDJPY)
2019-09-12 07:00:00,0.5672413372387529,4218.943841617129,cand_003 (USDJPY)
2019-09-17 07:00:00,0.5672413372387529,4219.511082954367,cand_003 (USDJPY)
2019-10-09 07:00:00,0.5672413372387529,4220.078324291606,cand_003 (USDJPY)
2019-10-10 07:00:00,0.5672413372387529,4220.645565628844,cand_003 (USDJPY)
2019-10-10 08:00:00,0.6146637622021717,4221.260229391047,cand_008 (EURJPY)
2019-10-11 07:00:00,0.5672413372387529,4221.827470728285,cand_003 (USDJPY)
2019-10-14 07:00:00,0.5672413372387529,4222.394712065525,cand_003 (USDJPY)
2019-10-16 07:00:00,0.5672413372387529,4222.961953402763,cand_003 (USDJPY)
2019-11-08 07:00:00,0.5672413372387529,4223.529194740002,cand_003 (USDJPY)
2019-11-26 07:00:00,0.5672413372387529,4224.0964360772405,cand_003 (USDJPY)
2019-12-13 07:00:00,0.5672413372387529,4224.663677414479,cand_003 (USDJPY)
2020-01-14 07:00:00,0.5672413372387529,4225.2309187517185,cand_003 (USDJPY)
2020-01-31 07:00:00,0.5672413372387529,4225.798160088957,cand_003 (USDJPY)
2020-02-20 07:00:00,0.5672413372387529,4226.365401426196,cand_003 (USDJPY)
2020-02-20 09:17:40,0.0,4226.365401426196,cand_003 (USDJPY)
2020-02-20 13:00:00,27.006360065937027,4253.371761492133,cand_003 (USDJPY)
2020-02-21 07:00:00,0.5672413372387529,4253.939002829372,cand_003 (USDJPY)
2020-03-03 08:00:00,0.6146637622021717,4254.553666591573,cand_008 (EURJPY)
2020-03-10 08:00:00,0.6146637622021717,4255.168330353776,cand_008 (EURJPY)
2020-03-10 08:05:40,0.0,4255.168330353776,cand_008 (EURJPY)
2020-03-10 15:00:00,6.284936968517205,4261.453267322293,cand_008 (EURJPY)
2020-03-11 07:00:00,0.5672413372387529,4262.020508659532,cand_003 (USDJPY)
2020-03-11 08:00:00,0.6146637622021717,4262.635172421734,cand_008 (EURJPY)
2020-03-13 07:00:00,0.5672413372387529,4263.202413758972,cand_003 (USDJPY)
2020-03-13 07:42:40,0.0,4263.202413758972,cand_003 (USDJPY)
2020-03-13 08:00:00,0.6146637622021717,4263.817077521175,cand_008 (EURJPY)
2020-03-13 08:03:40,0.0,4263.817077521175,cand_008 (EURJPY)
2020-03-13 13:00:00,45.589186273878575,4309.406263795054,cand_003 (USDJPY)
2020-03-13 15:00:00,36.228282144195994,4345.63454593925,cand_008 (EURJPY)
2020-03-16 08:00:00,0.6146637622021717,4346.249209701452,cand_008 (EURJPY)
2020-03-17 07:00:00,0.5672413372387529,4346.8164510386905,cand_003 (USDJPY)
2020-03-17 08:00:00,0.6146637622021717,4347.431114800893,cand_008 (EURJPY)
2020-03-18 07:00:00,0.5672413372387529,4347.998356138131,cand_003 (USDJPY)
2020-03-19 07:00:00,0.5672413372387529,4348.56559747537,cand_003 (USDJPY)
2020-03-19 08:00:00,0.6146637622021717,4349.180261237572,cand_008 (EURJPY)
2020-03-20 07:00:00,0.5672413372387529,4349.747502574811,cand_003 (USDJPY)
2020-03-20 08:00:00,0.6146637622021717,4350.362166337013,cand_008 (EURJPY)
2020-03-23 07:00:00,0.5672413372387529,4350.929407674252,cand_003 (USDJPY)
2020-03-24 08:00:00,0.6146637622021717,4351.544071436454,cand_008 (EURJPY)
2020-03-25 07:00:00,0.5672413372387529,4352.111312773693,cand_003 (USDJPY)
2020-03-25 08:00:00,0.6146637622021717,4352.725976535895,cand_008 (EURJPY)
2020-03-25 08:07:40,0.0,4352.725976535895,cand_008 (EURJPY)
2020-03-25 15:00:00,-10.000579411029333,4342.725397124866,cand_008 (EURJPY)
2020-03-26 08:00:00,0.6146637622021717,4343.340060887068,cand_008 (EURJPY)
2020-03-31 07:00:00,0.5672413372387529,4343.9073022243065,cand_003 (USDJPY)
2020-04-03 07:00:00,0.5672413372387529,4344.474543561545,cand_003 (USDJPY)
2020-04-06 07:00:00,0.5672413372387529,4345.041784898784,cand_003 (USDJPY)
2020-04-06 08:00:00,0.6146637622021717,4345.656448660986,cand_008 (EURJPY)
2020-04-06 08:44:40,0.0,4345.656448660986,cand_008 (EURJPY)
2020-04-06 09:59:40,0.0,4345.656448660986,cand_003 (USDJPY)
2020-04-06 13:00:00,-0.15599136774065706,4345.500457293246,cand_003 (USDJPY)
2020-04-06 15:00:00,-24.60191708214192,4320.898540211104,cand_008 (EURJPY)
2020-04-07 07:00:00,0.5672413372387529,4321.465781548342,cand_003 (USDJPY)
2020-04-08 07:00:00,0.5672413372387529,4322.033022885581,cand_003 (USDJPY)
2020-04-08 08:00:00,0.6146637622021717,4322.647686647783,cand_008 (EURJPY)
2020-04-08 08:19:20,0.0,4322.647686647783,cand_003 (USDJPY)
2020-04-08 13:00:00,-8.548326952188006,4314.099359695595,cand_003 (USDJPY)
2020-04-09 07:00:00,0.5672413372387529,4314.666601032834,cand_003 (USDJPY)
2020-04-13 07:50:40,0.0,4314.666601032834,cand_003 (USDJPY)
2020-04-13 13:00:00,-6.146059888981888,4308.520541143852,cand_003 (USDJPY)
2020-04-16 07:00:00,0.5672413372387529,4309.0877824810905,cand_003 (USDJPY)
2020-04-17 07:00:00,0.5672413372387529,4309.65502381833,cand_003 (USDJPY)
2020-04-20 07:00:00,0.5672413372387529,4310.2222651555685,cand_003 (USDJPY)
2020-04-27 09:17:40,0.0,4310.2222651555685,cand_003 (USDJPY)
2020-04-27 13:00:00,-2.0647584675490607,4308.15750668802,cand_003 (USDJPY)
2020-05-01 07:00:00,0.5672413372387529,4308.724748025258,cand_003 (USDJPY)
2020-05-11 07:00:00,0.5672413372387529,4309.291989362497,cand_003 (USDJPY)
2020-05-11 09:37:40,0.0,4309.291989362497,cand_003 (USDJPY)
2020-05-11 13:00:00,3.9678531539850765,4313.2598425164815,cand_003 (USDJPY)
2020-05-12 07:00:00,0.5672413372387529,4313.827083853721,cand_003 (USDJPY)
2020-05-20 07:00:00,0.5672413372387529,4314.3943251909595,cand_003 (USDJPY)
2020-05-21 07:00:00,0.5672413372387529,4314.961566528198,cand_003 (USDJPY)
2020-05-26 07:00:00,0.5672413372387529,4315.528807865438,cand_003 (USDJPY)
2020-05-29 07:47:40,0.0,4315.528807865438,cand_003 (USDJPY)
2020-05-29 13:00:00,0.8451895924857419,4316.373997457923,cand_003 (USDJPY)
2020-06-03 07:00:00,0.5672413372387529,4316.941238795162,cand_003 (USDJPY)
2020-06-03 08:00:00,0.6146637622021717,4317.555902557364,cand_008 (EURJPY)
2020-06-08 07:00:00,0.5672413372387529,4318.123143894602,cand_003 (USDJPY)
2020-06-10 08:45:40,0.0,4318.123143894602,cand_003 (USDJPY)
2020-06-10 13:00:00,4.807370333098431,4322.930514227701,cand_003 (USDJPY)
2020-06-15 08:03:40,0.0,4322.930514227701,cand_003 (USDJPY)
2020-06-15 13:00:00,-17.122179764551756,4305.808334463149,cand_003 (USDJPY)
2020-06-16 07:00:00,0.5672413372387529,4306.375575800388,cand_003 (USDJPY)
2020-06-16 08:00:00,0.6146637622021717,4306.99023956259,cand_008 (EURJPY)
2020-06-23 07:00:00,0.5672413372387529,4307.557480899829,cand_003 (USDJPY)
2020-06-23 08:00:00,0.6146637622021717,4308.17214466203,cand_008 (EURJPY)
2020-06-25 07:00:00,0.5672413372387529,4308.73938599927,cand_003 (USDJPY)
2020-06-29 07:00:00,0.5672413372387529,4309.306627336508,cand_003 (USDJPY)
2020-06-30 07:00:00,0.5672413372387529,4309.873868673747,cand_003 (USDJPY)
2020-07-01 07:00:00,0.5672413372387529,4310.441110010986,cand_003 (USDJPY)
2020-07-06 07:00:00,0.5672413372387529,4311.008351348225,cand_003 (USDJPY)
2020-07-10 09:33:40,0.0,4311.008351348225,cand_003 (USDJPY)
2020-07-10 13:00:00,2.6546894582773635,4313.663040806502,cand_003 (USDJPY)
2020-07-20 07:00:00,0.5672413372387529,4314.230282143741,cand_003 (USDJPY)
2020-07-31 08:00:00,0.6146637622021717,4314.844945905943,cand_008 (EURJPY)
2020-08-03 07:00:00,0.5672413372387529,4315.4121872431815,cand_003 (USDJPY)
2020-08-03 08:00:00,0.6146637622021717,4316.026851005384,cand_008 (EURJPY)
2020-08-04 07:00:00,0.5672413372387529,4316.594092342622,cand_003 (USDJPY)
2020-08-11 07:00:00,0.5672413372387529,4317.161333679862,cand_003 (USDJPY)
2020-08-12 07:00:00,0.5672413372387529,4317.7285750171,cand_003 (USDJPY)
2020-08-13 07:00:00,0.5672413372387529,4318.295816354339,cand_003 (USDJPY)
2020-08-24 07:00:00,0.5672413372387529,4318.8630576915775,cand_003 (USDJPY)
2020-08-26 08:00:00,0.6146637622021717,4319.47772145378,cand_008 (EURJPY)
2020-08-28 07:00:00,0.5672413372387529,4320.044962791018,cand_003 (USDJPY)
2020-08-28 08:00:00,0.6146637622021717,4320.659626553221,cand_008 (EURJPY)
2020-09-01 08:00:00,0.6146637622021717,4321.274290315423,cand_008 (EURJPY)
2020-09-02 07:00:00,0.5672413372387529,4321.841531652662,cand_003 (USDJPY)
2020-09-23 07:00:00,0.5672413372387529,4322.4087729899,cand_003 (USDJPY)
2020-09-30 08:00:00,0.6146637622021717,4323.0234367521025,cand_008 (EURJPY)
2020-10-02 08:01:40,0.0,4323.0234367521025,cand_008 (EURJPY)
2020-10-02 15:00:00,6.4263096338237045,4329.449746385926,cand_008 (EURJPY)
2020-10-05 07:00:00,0.5672413372387529,4330.016987723165,cand_003 (USDJPY)
2020-11-02 07:00:00,0.5672413372387529,4330.584229060403,cand_003 (USDJPY)
2020-11-04 07:00:00,0.5672413372387529,4331.151470397643,cand_003 (USDJPY)
2020-11-04 08:00:00,0.6146637622021717,4331.766134159845,cand_008 (EURJPY)
2020-11-10 07:00:00,0.5672413372387529,4332.333375497084,cand_003 (USDJPY)
2020-11-10 08:00:00,0.6146637622021717,4332.948039259285,cand_008 (EURJPY)
2020-11-11 07:00:00,0.5672413372387529,4333.5152805965245,cand_003 (USDJPY)
2020-11-11 09:14:40,0.0,4333.5152805965245,cand_003 (USDJPY)
2020-11-11 13:00:00,0.9671464799920738,4334.482427076517,cand_003 (USDJPY)
2020-11-12 07:00:00,0.5672413372387529,4335.049668413755,cand_003 (USDJPY)
2020-12-10 07:00:00,0.5672413372387529,4335.616909750994,cand_003 (USDJPY)
2020-12-18 07:00:00,0.5672413372387529,4336.184151088233,cand_003 (USDJPY)
2020-12-21 07:00:00,0.5672413372387529,4336.751392425472,cand_003 (USDJPY)
2021-01-07 07:00:00,0.5672413372387529,4337.31863376271,cand_003 (USDJPY)
2021-01-07 09:34:40,0.0,4337.31863376271,cand_003 (USDJPY)
2021-01-07 13:00:00,16.08696432409103,4353.405598086802,cand_003 (USDJPY)
2021-01-11 07:00:00,0.5672413372387529,4353.97283942404,cand_003 (USDJPY)
2021-01-14 07:00:00,0.5672413372387529,4354.540080761279,cand_003 (USDJPY)
2021-01-19 07:00:00,0.5672413372387529,4355.107322098518,cand_003 (USDJPY)
2021-01-29 07:00:00,0.5672413372387529,4355.674563435757,cand_003 (USDJPY)
2021-02-16 07:00:00,0.5672413372387529,4356.241804772995,cand_003 (USDJPY)
2021-02-17 07:00:00,0.5672413372387529,4356.809046110234,cand_003 (USDJPY)
2021-02-22 07:00:00,0.5672413372387529,4357.376287447472,cand_003 (USDJPY)
2021-02-24 07:00:00,0.5672413372387529,4357.943528784712,cand_003 (USDJPY)
2021-02-25 07:00:00,0.5672413372387529,4358.51077012195,cand_003 (USDJPY)
2021-02-26 07:00:00,0.5672413372387529,4359.078011459189,cand_003 (USDJPY)
2021-02-26 08:00:00,0.6146637622021717,4359.692675221391,cand_008 (EURJPY)
2021-03-01 07:00:00,0.5672413372387529,4360.25991655863,cand_003 (USDJPY)
2021-03-05 07:00:00,0.5672413372387529,4360.827157895868,cand_003 (USDJPY)
2021-03-05 08:12:40,0.0,4360.827157895868,cand_003 (USDJPY)
2021-03-05 13:00:00,16.200412591538782,4377.0275704874075,cand_003 (USDJPY)
2021-03-09 07:00:00,0.5672413372387529,4377.594811824646,cand_003 (USDJPY)
2021-03-10 07:00:00,0.5672413372387529,4378.162053161885,cand_003 (USDJPY)
2021-03-11 07:00:00,0.5672413372387529,4378.729294499124,cand_003 (USDJPY)
2021-03-11 07:53:40,0.0,4378.729294499124,cand_003 (USDJPY)
2021-03-11 08:00:00,0.6146637622021717,4379.343958261326,cand_008 (EURJPY)
2021-03-11 08:45:40,0.0,4379.343958261326,cand_008 (EURJPY)
2021-03-11 13:00:00,-15.692731594710098,4363.651226666616,cand_003 (USDJPY)
2021-03-11 15:00:00,-3.8508684701966054,4359.800358196419,cand_008 (EURJPY)
2021-03-12 07:00:00,0.5672413372387529,4360.367599533658,cand_003 (USDJPY)
2021-03-12 08:12:40,0.0,4360.367599533658,cand_003 (USDJPY)
2021-03-12 13:00:00,6.1403874756095,4366.507987009268,cand_003 (USDJPY)
2021-03-15 07:00:00,0.5672413372387529,4367.075228346506,cand_003 (USDJPY)
2021-03-15 09:01:40,0.0,4367.075228346506,cand_003 (USDJPY)
2021-03-15 13:00:00,-11.540525006122428,4355.534703340384,cand_003 (USDJPY)
2021-03-18 08:00:00,0.6146637622021717,4356.1493671025855,cand_008 (EURJPY)
2021-03-25 07:00:00,0.5672413372387529,4356.716608439825,cand_003 (USDJPY)
2021-03-29 07:00:00,0.5672413372387529,4357.283849777064,cand_003 (USDJPY)
2021-03-31 07:00:00,0.5672413372387529,4357.851091114302,cand_003 (USDJPY)
2021-03-31 08:00:00,0.6146637622021717,4358.465754876504,cand_008 (EURJPY)
2021-04-01 07:00:00,0.5672413372387529,4359.032996213743,cand_003 (USDJPY)
2021-04-13 07:00:00,0.5672413372387529,4359.600237550982,cand_003 (USDJPY)
2021-04-20 08:00:00,0.6146637622021717,4360.214901313184,cand_008 (EURJPY)
2021-04-27 07:00:00,0.5672413372387529,4360.782142650423,cand_003 (USDJPY)
2021-04-28 07:00:00,0.5672413372387529,4361.349383987662,cand_003 (USDJPY)
2021-04-28 09:58:40,0.0,4361.349383987662,cand_003 (USDJPY)
2021-04-28 13:00:00,-8.90568899464842,4352.443694993013,cand_003 (USDJPY)
2021-04-30 07:00:00,0.5672413372387529,4353.010936330252,cand_003 (USDJPY)
2021-05-03 07:00:00,0.5672413372387529,4353.57817766749,cand_003 (USDJPY)
2021-05-06 07:00:00,0.5672413372387529,4354.14541900473,cand_003 (USDJPY)
2021-05-12 07:00:00,0.5672413372387529,4354.712660341968,cand_003 (USDJPY)
2021-05-13 07:00:00,0.5672413372387529,4355.279901679207,cand_003 (USDJPY)
2021-05-31 07:00:00,0.5672413372387529,4355.847143016446,cand_003 (USDJPY)
2021-06-22 07:00:00,0.5672413372387529,4356.414384353685,cand_003 (USDJPY)
2021-07-08 08:35:40,0.0,4356.414384353685,cand_003 (USDJPY)
2021-07-08 13:00:00,18.36727449979082,4374.781658853475,cand_003 (USDJPY)
2021-08-05 07:00:00,0.5672413372387529,4375.348900190715,cand_003 (USDJPY)
2021-08-19 07:00:00,0.5672413372387529,4375.916141527953,cand_003 (USDJPY)
2021-09-03 07:00:00,0.5672413372387529,4376.483382865192,cand_003 (USDJPY)
2021-09-22 07:00:00,0.5672413372387529,4377.05062420243,cand_003 (USDJPY)
2021-09-22 09:37:40,0.0,4377.05062420243,cand_003 (USDJPY)
2021-09-22 13:00:00,-5.646887512211785,4371.4037366902185,cand_003 (USDJPY)
2021-09-27 07:00:00,0.5672413372387529,4371.970978027457,cand_003 (USDJPY)
2021-09-28 07:00:00,0.5672413372387529,4372.5382193646965,cand_003 (USDJPY)
2021-09-28 09:37:40,0.0,4372.5382193646965,cand_003 (USDJPY)
2021-09-28 13:00:00,-3.2616376891228294,4369.276581675574,cand_003 (USDJPY)
2021-09-29 07:00:00,0.5672413372387529,4369.843823012812,cand_003 (USDJPY)
2021-10-05 07:00:00,0.5672413372387529,4370.411064350051,cand_003 (USDJPY)
2021-10-08 07:00:00,0.5672413372387529,4370.978305687289,cand_003 (USDJPY)
2021-10-11 07:00:00,0.5672413372387529,4371.545547024529,cand_003 (USDJPY)
2021-10-11 08:00:00,0.6146637622021717,4372.160210786731,cand_008 (EURJPY)
2021-10-12 07:00:00,0.5672413372387529,4372.72745212397,cand_003 (USDJPY)
2021-10-13 07:00:00,0.5672413372387529,4373.294693461208,cand_003 (USDJPY)
2021-10-14 07:00:00,0.5672413372387529,4373.861934798447,cand_003 (USDJPY)
2021-10-15 07:00:00,0.5672413372387529,4374.429176135685,cand_003 (USDJPY)
2021-10-15 08:19:40,0.0,4374.429176135685,cand_003 (USDJPY)
2021-10-15 13:00:00,14.08743861032443,4388.51661474601,cand_003 (USDJPY)
2021-10-18 07:00:00,0.5672413372387529,4389.083856083249,cand_003 (USDJPY)
2021-10-18 08:00:00,0.6146637622021717,4389.698519845451,cand_008 (EURJPY)
2021-10-20 07:00:00,0.5672413372387529,4390.26576118269,cand_003 (USDJPY)
2021-10-26 07:00:00,0.5672413372387529,4390.833002519928,cand_003 (USDJPY)
2021-10-27 07:00:00,0.5672413372387529,4391.400243857168,cand_003 (USDJPY)
2021-10-29 08:00:00,0.6146637622021717,4392.014907619369,cand_008 (EURJPY)
2021-11-02 07:34:40,0.0,4392.014907619369,cand_003 (USDJPY)
2021-11-02 13:00:00,9.291413103970772,4401.306320723341,cand_003 (USDJPY)
2021-11-04 07:00:00,0.5672413372387529,4401.873562060579,cand_003 (USDJPY)
2021-11-11 07:00:00,0.5672413372387529,4402.440803397818,cand_003 (USDJPY)
2021-11-12 07:00:00,0.5672413372387529,4403.0080447350565,cand_003 (USDJPY)
2021-11-17 07:00:00,0.5672413372387529,4403.575286072295,cand_003 (USDJPY)
2021-11-22 07:00:00,0.5672413372387529,4404.1425274095345,cand_003 (USDJPY)
2021-11-23 07:00:00,0.5672413372387529,4404.709768746773,cand_003 (USDJPY)
2021-11-24 07:00:00,0.5672413372387529,4405.277010084012,cand_003 (USDJPY)
2021-11-26 08:31:40,0.0,4405.277010084012,cand_003 (USDJPY)
2021-11-26 08:31:40,0.0,4405.277010084012,cand_008 (EURJPY)
2021-11-26 13:00:00,21.83879148369199,4427.115801567704,cand_003 (USDJPY)
2021-11-26 15:00:00,-15.360447417432269,4411.755354150271,cand_008 (EURJPY)
2021-11-29 08:04:40,0.0,4411.755354150271,cand_003 (USDJPY)
2021-11-29 08:06:40,0.0,4411.755354150271,cand_008 (EURJPY)
2021-11-29 13:00:00,-14.146998950734499,4397.608355199537,cand_003 (USDJPY)
2021-11-29 15:00:00,-30.072424565741247,4367.535930633796,cand_008 (EURJPY)
2021-11-30 07:10:40,0.0,4367.535930633796,cand_003 (USDJPY)
2021-11-30 13:00:00,25.630799823133053,4393.166730456929,cand_003 (USDJPY)
2021-12-01 07:00:00,0.5672413372387529,4393.733971794168,cand_003 (USDJPY)
2021-12-03 07:00:00,0.5672413372387529,4394.301213131406,cand_003 (USDJPY)
2021-12-03 08:58:40,0.0,4394.301213131406,cand_003 (USDJPY)
2021-12-03 13:00:00,-5.8113875000110236,4388.489825631395,cand_003 (USDJPY)
2021-12-07 07:00:00,0.5672413372387529,4389.057066968634,cand_003 (USDJPY)
2021-12-17 08:00:00,0.6146637622021717,4389.671730730836,cand_008 (EURJPY)
2022-01-04 07:00:00,0.5672413372387529,4390.238972068075,cand_003 (USDJPY)
2022-01-04 08:00:00,0.6146637622021717,4390.853635830277,cand_008 (EURJPY)
2022-01-05 07:00:00,0.5672413372387529,4391.420877167516,cand_003 (USDJPY)
2022-01-06 07:00:00,0.5672413372387529,4391.988118504754,cand_003 (USDJPY)
2022-01-10 07:00:00,0.5672413372387529,4392.555359841994,cand_003 (USDJPY)
2022-01-17 07:00:00,0.5672413372387529,4393.122601179232,cand_003 (USDJPY)
2022-01-18 07:00:00,0.5672413372387529,4393.689842516471,cand_003 (USDJPY)
2022-01-18 08:00:00,0.6146637622021717,4394.304506278673,cand_008 (EURJPY)
2022-01-19 07:48:40,0.0,4394.304506278673,cand_003 (USDJPY)
2022-01-19 13:00:00,-13.820835181822215,4380.48367109685,cand_003 (USDJPY)
2022-01-27 07:00:00,0.5672413372387529,4381.05091243409,cand_003 (USDJPY)
2022-01-31 07:00:00,0.5672413372387529,4381.618153771328,cand_003 (USDJPY)
2022-02-08 07:00:00,0.5672413372387529,4382.185395108567,cand_003 (USDJPY)
2022-02-08 08:25:40,0.0,4382.185395108567,cand_003 (USDJPY)
2022-02-08 13:00:00,-14.717076494659445,4367.468318613907,cand_003 (USDJPY)
2022-02-09 07:00:00,0.5672413372387529,4368.035559951146,cand_003 (USDJPY)
2022-02-25 07:00:00,0.5672413372387529,4368.602801288385,cand_003 (USDJPY)
2022-02-28 07:00:00,0.5672413372387529,4369.170042625624,cand_003 (USDJPY)
2022-03-03 07:00:00,0.5672413372387529,4369.737283962862,cand_003 (USDJPY)
2022-03-08 07:00:00,0.5672413372387529,4370.304525300102,cand_003 (USDJPY)
2022-03-09 07:00:00,0.5672413372387529,4370.87176663734,cand_003 (USDJPY)
2022-03-10 07:00:00,0.5672413372387529,4371.439007974579,cand_003 (USDJPY)
2022-03-11 07:00:00,0.5672413372387529,4372.006249311818,cand_003 (USDJPY)
2022-03-11 07:15:40,0.0,4372.006249311818,cand_003 (USDJPY)
2022-03-11 08:00:00,0.6146637622021717,4372.62091307402,cand_008 (EURJPY)
2022-03-11 13:00:00,9.461585505142398,4382.082498579162,cand_003 (USDJPY)
2022-03-14 07:00:00,0.5672413372387529,4382.649739916401,cand_003 (USDJPY)
2022-03-15 07:00:00,0.5672413372387529,4383.2169812536395,cand_003 (USDJPY)
2022-03-15 08:00:00,0.6146637622021717,4383.831645015842,cand_008 (EURJPY)
2022-03-17 07:00:00,0.5672413372387529,4384.398886353081,cand_003 (USDJPY)
2022-03-17 08:00:00,0.6146637622021717,4385.013550115283,cand_008 (EURJPY)
2022-03-18 07:00:00,0.5672413372387529,4385.580791452521,cand_003 (USDJPY)
2022-03-18 08:00:00,0.6146637622021717,4386.195455214724,cand_008 (EURJPY)
2022-03-21 07:00:00,0.5672413372387529,4386.762696551963,cand_003 (USDJPY)
2022-03-22 07:00:00,0.5672413372387529,4387.329937889202,cand_003 (USDJPY)
2022-03-22 07:16:40,0.0,4387.329937889202,cand_003 (USDJPY)
2022-03-22 08:00:00,0.6146637622021717,4387.944601651403,cand_008 (EURJPY)
2022-03-22 13:00:00,29.666721937586775,4417.61132358899,cand_003 (USDJPY)
2022-03-23 07:00:00,0.5672413372387529,4418.178564926229,cand_003 (USDJPY)
2022-03-23 08:00:00,0.6146637622021717,4418.793228688432,cand_008 (EURJPY)
2022-03-24 07:00:00,0.5672413372387529,4419.36047002567,cand_003 (USDJPY)
2022-03-24 08:00:00,0.6146637622021717,4419.9751337878715,cand_008 (EURJPY)
2022-03-24 08:36:40,0.0,4419.9751337878715,cand_003 (USDJPY)
2022-03-24 13:00:00,11.234214684013502,4431.209348471885,cand_003 (USDJPY)
2022-03-25 07:00:00,0.5672413372387529,4431.776589809124,cand_003 (USDJPY)
2022-03-25 08:00:00,0.6146637622021717,4432.391253571326,cand_008 (EURJPY)
2022-03-28 07:00:00,0.5672413372387529,4432.958494908566,cand_003 (USDJPY)
2022-03-28 08:00:00,0.6146637622021717,4433.573158670767,cand_008 (EURJPY)
2022-03-28 08:59:40,0.0,4433.573158670767,cand_008 (EURJPY)
2022-03-28 09:57:40,0.0,4433.573158670767,cand_003 (USDJPY)
2022-03-28 11:50:40,123.19705785818127,4556.770216528948,cand_008 (EURJPY)
2022-03-28 11:50:40,42.25045035437177,4599.02066688332,cand_008 (EURJPY)
2022-03-28 13:00:00,45.682781094522966,4644.703447977843,cand_003 (USDJPY)
2022-03-29 07:00:00,0.5672413372387529,4645.270689315082,cand_003 (USDJPY)
2022-03-29 08:00:00,0.6146637622021717,4645.885353077284,cand_008 (EURJPY)
2022-03-31 07:00:00,0.5672413372387529,4646.4525944145225,cand_003 (USDJPY)
2022-03-31 08:00:00,0.6146637622021717,4647.067258176725,cand_008 (EURJPY)
2022-04-01 07:00:00,0.5672413372387529,4647.634499513963,cand_003 (USDJPY)
2022-04-01 08:00:00,0.6146637622021717,4648.249163276166,cand_008 (EURJPY)
2022-04-04 07:00:00,0.5672413372387529,4648.816404613404,cand_003 (USDJPY)
2022-04-04 08:00:00,0.6146637622021717,4649.431068375607,cand_008 (EURJPY)
2022-04-06 07:00:00,0.5672413372387529,4649.998309712845,cand_003 (USDJPY)
2022-04-07 07:00:00,0.5672413372387529,4650.565551050084,cand_003 (USDJPY)
2022-04-08 07:00:00,0.5672413372387529,4651.132792387322,cand_003 (USDJPY)
2022-04-11 07:00:00,0.5672413372387529,4651.700033724561,cand_003 (USDJPY)
2022-04-11 08:00:00,0.6146637622021717,4652.314697486763,cand_008 (EURJPY)
2022-04-11 08:52:40,0.0,4652.314697486763,cand_008 (EURJPY)
2022-04-11 09:16:40,0.0,4652.314697486763,cand_003 (USDJPY)
2022-04-11 13:00:00,9.685645833351705,4662.000343320115,cand_003 (USDJPY)
2022-04-11 15:00:00,42.101394392037754,4704.101737712153,cand_008 (EURJPY)
2022-04-12 07:00:00,0.5672413372387529,4704.668979049391,cand_003 (USDJPY)
2022-04-12 08:00:00,0.6146637622021717,4705.283642811593,cand_008 (EURJPY)
2022-04-12 09:25:40,0.0,4705.283642811593,cand_003 (USDJPY)
2022-04-12 13:00:00,-3.431810090294455,4701.851832721299,cand_003 (USDJPY)
2022-04-13 07:00:00,0.5672413372387529,4702.419074058538,cand_003 (USDJPY)
2022-04-13 09:20:40,0.0,4702.419074058538,cand_003 (USDJPY)
2022-04-13 13:00:00,12.241068057612287,4714.66014211615,cand_003 (USDJPY)
2022-04-15 07:00:00,0.5672413372387529,4715.227383453388,cand_003 (USDJPY)
2022-04-15 08:00:00,0.6146637622021717,4715.84204721559,cand_008 (EURJPY)
2022-04-15 09:19:40,0.0,4715.84204721559,cand_003 (USDJPY)
2022-04-15 13:00:00,-9.28290448391219,4706.559142731679,cand_003 (USDJPY)
2022-04-18 07:00:00,0.5672413372387529,4707.126384068917,cand_003 (USDJPY)
2022-04-18 08:00:00,0.6146637622021717,4707.741047831119,cand_008 (EURJPY)
2022-04-19 07:00:00,0.5672413372387529,4708.308289168358,cand_003 (USDJPY)
2022-04-19 07:40:40,0.0,4708.308289168358,cand_003 (USDJPY)
2022-04-19 08:00:00,0.6146637622021717,4708.92295293056,cand_008 (EURJPY)
2022-04-19 13:00:00,10.695335413636686,4719.618288344197,cand_003 (USDJPY)
2022-04-20 07:00:00,0.5672413372387529,4720.185529681436,cand_003 (USDJPY)
2022-04-20 08:00:00,0.6146637622021717,4720.800193443638,cand_008 (EURJPY)
2022-04-21 07:00:00,0.5672413372387529,4721.3674347808765,cand_003 (USDJPY)
2022-04-21 08:00:00,0.6146637622021717,4721.982098543079,cand_008 (EURJPY)
2022-04-22 07:00:00,0.5672413372387529,4722.549339880317,cand_003 (USDJPY)
2022-04-22 08:04:20,0.0,4722.549339880317,cand_008 (EURJPY)
2022-04-22 15:00:00,-0.23971886725884695,4722.309621013059,cand_008 (EURJPY)
2022-04-25 09:48:40,0.0,4722.309621013059,cand_003 (USDJPY)
2022-04-25 13:00:00,-5.882292667165867,4716.427328345892,cand_003 (USDJPY)
2022-04-28 07:00:00,0.5672413372387529,4716.994569683131,cand_003 (USDJPY)
2022-04-28 08:00:00,0.6146637622021717,4717.609233445333,cand_008 (EURJPY)
2022-04-28 08:36:40,0.0,4717.609233445333,cand_003 (USDJPY)
2022-04-28 08:42:20,0.0,4717.609233445333,cand_008 (EURJPY)
2022-04-28 13:00:00,25.71304981703267,4743.322283262366,cand_003 (USDJPY)
2022-04-28 15:00:00,26.762460206282555,4770.084743468648,cand_008 (EURJPY)
2022-04-29 07:00:00,0.5672413372387529,4770.651984805887,cand_003 (USDJPY)
2022-05-02 07:00:00,0.5672413372387529,4771.2192261431255,cand_003 (USDJPY)
2022-05-02 08:00:00,0.6146637622021717,4771.833889905328,cand_008 (EURJPY)
2022-05-02 09:06:40,0.0,4771.833889905328,cand_003 (USDJPY)
2022-05-02 13:00:00,-27.60479967672391,4744.229090228604,cand_003 (USDJPY)
2022-05-05 08:00:00,0.6146637622021717,4744.843753990806,cand_008 (EURJPY)
2022-05-06 07:00:00,0.5672413372387529,4745.410995328045,cand_003 (USDJPY)
2022-05-09 07:00:00,0.5672413372387529,4745.9782366652835,cand_003 (USDJPY)
2022-05-09 09:41:20,0.0,4745.9782366652835,cand_003 (USDJPY)
2022-05-09 13:00:00,-0.9075861395820047,4745.070650525702,cand_003 (USDJPY)
2022-05-10 08:00:00,0.6146637622021717,4745.6853142879045,cand_008 (EURJPY)
2022-05-12 09:22:40,0.0,4745.6853142879045,cand_003 (USDJPY)
2022-05-12 13:00:00,27.048903166229934,4772.734217454134,cand_003 (USDJPY)
2022-05-17 07:00:00,0.5672413372387529,4773.301458791373,cand_003 (USDJPY)
2022-05-17 08:00:00,0.6146637622021717,4773.916122553575,cand_008 (EURJPY)
2022-05-18 07:20:20,0.0,4773.916122553575,cand_003 (USDJPY)
2022-05-18 08:00:00,0.6146637622021717,4774.530786315778,cand_008 (EURJPY)
2022-05-18 13:00:00,-10.71235265375385,4763.818433662023,cand_003 (USDJPY)
2022-05-19 08:00:00,0.6146637622021717,4764.433097424226,cand_008 (EURJPY)
2022-05-20 08:00:00,0.6146637622021717,4765.047761186428,cand_008 (EURJPY)
2022-05-24 08:00:00,0.6146637622021717,4765.66242494863,cand_008 (EURJPY)
2022-05-24 09:48:40,0.0,4765.66242494863,cand_003 (USDJPY)
2022-05-24 13:00:00,5.031430661307738,4770.693855609938,cand_003 (USDJPY)
2022-05-26 07:00:00,0.5672413372387529,4771.261096947177,cand_003 (USDJPY)
2022-05-26 08:00:00,0.6146637622021717,4771.875760709379,cand_008 (EURJPY)
2022-05-31 07:00:00,0.5672413372387529,4772.443002046617,cand_003 (USDJPY)
2022-05-31 08:00:00,0.6146637622021717,4773.057665808819,cand_008 (EURJPY)
2022-06-01 07:00:00,0.5672413372387529,4773.624907146059,cand_003 (USDJPY)
2022-06-01 08:09:20,0.0,4773.624907146059,cand_003 (USDJPY)
2022-06-01 13:00:00,1.097611987556987,4774.722519133615,cand_003 (USDJPY)
2022-06-02 07:00:00,0.5672413372387529,4775.289760470854,cand_003 (USDJPY)
2022-06-03 07:00:00,0.5672413372387529,4775.857001808092,cand_003 (USDJPY)
2022-06-06 07:00:00,0.5672413372387529,4776.424243145331,cand_003 (USDJPY)
2022-06-06 08:00:00,0.6146637622021717,4777.038906907534,cand_008 (EURJPY)
2022-06-07 07:00:00,0.5672413372387529,4777.606148244771,cand_003 (USDJPY)
2022-06-07 07:44:40,0.0,4777.606148244771,cand_003 (USDJPY)
2022-06-07 08:00:00,0.6146637622021717,4778.220812006974,cand_008 (EURJPY)
2022-06-07 13:00:00,-8.979430368489458,4769.241381638485,cand_003 (USDJPY)
2022-06-08 07:00:00,0.5672413372387529,4769.808622975723,cand_003 (USDJPY)
2022-06-08 09:51:40,0.0,4769.808622975723,cand_003 (USDJPY)
2022-06-08 13:00:00,18.571481381196772,4788.38010435692,cand_003 (USDJPY)
2022-06-09 07:00:00,0.5672413372387529,4788.947345694159,cand_003 (USDJPY)
2022-06-09 08:00:00,0.6146637622021717,4789.562009456361,cand_008 (EURJPY)
2022-06-10 07:00:00,0.5672413372387529,4790.1292507936,cand_003 (USDJPY)
2022-06-13 07:00:00,0.5672413372387529,4790.696492130838,cand_003 (USDJPY)
2022-06-13 07:09:40,0.0,4790.696492130838,cand_003 (USDJPY)
2022-06-13 11:46:40,-40.67120388001859,4750.025288250819,cand_003 (USDJPY)
2022-06-13 11:46:40,38.05225062598726,4788.077538876807,cand_003 (USDJPY)
2022-06-14 07:00:00,0.5672413372387529,4788.644780214045,cand_003 (USDJPY)
2022-06-15 07:00:00,0.5672413372387529,4789.212021551284,cand_003 (USDJPY)
2022-06-15 08:00:00,0.6146637622021717,4789.826685313486,cand_008 (EURJPY)
2022-06-15 08:35:40,0.0,4789.826685313486,cand_008 (EURJPY)
2022-06-15 15:00:00,-31.7566032741752,4758.07008203931,cand_008 (EURJPY)
2022-06-20 07:00:00,0.5672413372387529,4758.63732337655,cand_003 (USDJPY)
2022-06-20 08:00:00,0.6146637622021717,4759.251987138752,cand_008 (EURJPY)
2022-06-20 08:59:40,0.0,4759.251987138752,cand_008 (EURJPY)
2022-06-20 15:00:00,-5.648759974637957,4753.603227164114,cand_008 (EURJPY)
2022-06-21 07:00:00,0.5672413372387529,4754.170468501352,cand_003 (USDJPY)
2022-06-21 08:00:00,0.6146637622021717,4754.785132263554,cand_008 (EURJPY)
2022-06-22 07:00:00,0.5672413372387529,4755.352373600794,cand_003 (USDJPY)
2022-06-22 08:00:00,0.6146637622021717,4755.967037362996,cand_008 (EURJPY)
2022-06-28 07:00:00,0.5672413372387529,4756.534278700234,cand_003 (USDJPY)
2022-06-28 08:00:00,0.6146637622021717,4757.148942462436,cand_008 (EURJPY)
2022-06-29 07:00:00,0.5672413372387529,4757.7161837996755,cand_003 (USDJPY)
2022-06-30 07:00:00,0.5672413372387529,4758.283425136913,cand_003 (USDJPY)
2022-07-01 08:05:40,0.0,4758.283425136913,cand_003 (USDJPY)
2022-07-01 13:00:00,-34.70098880558071,4723.582436331333,cand_003 (USDJPY)
2022-07-05 08:00:00,0.6146637622021717,4724.1971000935355,cand_008 (EURJPY)
2022-07-11 08:00:00,0.6146637622021717,4724.811763855738,cand_008 (EURJPY)
2022-07-14 08:00:00,0.6146637622021717,4725.42642761794,cand_008 (EURJPY)
2022-07-14 08:22:40,0.0,4725.42642761794,cand_008 (EURJPY)
2022-07-14 15:00:00,12.216442273768163,4737.642869891708,cand_008 (EURJPY)
2022-07-15 08:00:00,0.6146637622021717,4738.25753365391,cand_008 (EURJPY)
2022-07-19 08:00:00,0.6146637622021717,4738.872197416113,cand_008 (EURJPY)
2022-07-20 08:00:00,0.6146637622021717,4739.486861178315,cand_008 (EURJPY)
2022-07-21 08:00:00,0.6146637622021717,4740.101524940517,cand_008 (EURJPY)
2022-07-29 08:21:40,0.0,4740.101524940517,cand_008 (EURJPY)
2022-07-29 15:00:00,-21.737583950279802,4718.363940990237,cand_008 (EURJPY)
2022-08-03 07:00:00,0.5672413372387529,4718.931182327477,cand_003 (USDJPY)
2022-08-04 07:00:00,0.5672413372387529,4719.498423664714,cand_003 (USDJPY)
2022-08-04 08:00:00,0.6146637622021717,4720.1130874269165,cand_008 (EURJPY)
2022-08-04 09:17:40,0.0,4720.1130874269165,cand_003 (USDJPY)
2022-08-04 13:00:00,-6.724646052965416,4713.3884413739515,cand_003 (USDJPY)
2022-08-05 08:00:00,0.6146637622021717,4714.003105136154,cand_008 (EURJPY)
2022-08-08 07:00:00,0.5672413372387529,4714.570346473392,cand_003 (USDJPY)
2022-08-08 08:00:00,0.6146637622021717,4715.185010235595,cand_008 (EURJPY)
2022-08-09 07:00:00,0.5672413372387529,4715.752251572833,cand_003 (USDJPY)
2022-08-09 08:00:00,0.6146637622021717,4716.366915335036,cand_008 (EURJPY)
2022-08-09 09:22:40,0.0,4716.366915335036,cand_003 (USDJPY)
2022-08-09 13:00:00,-14.345533418768062,4702.021381916267,cand_003 (USDJPY)
2022-08-10 07:00:00,0.5672413372387529,4702.588623253507,cand_003 (USDJPY)
2022-08-15 08:57:40,0.0,4702.588623253507,cand_008 (EURJPY)
2022-08-15 15:00:00,24.730996472204378,4727.319619725711,cand_008 (EURJPY)
2022-08-16 07:00:00,0.5672413372387529,4727.886861062949,cand_003 (USDJPY)
2022-08-17 07:00:00,0.5672413372387529,4728.454102400188,cand_003 (USDJPY)
2022-08-17 08:00:00,0.6146637622021717,4729.068766162391,cand_008 (EURJPY)
2022-08-17 09:21:40,0.0,4729.068766162391,cand_003 (USDJPY)
2022-08-17 13:00:00,9.722516520272226,4738.791282682662,cand_003 (USDJPY)
2022-08-18 07:00:00,0.5672413372387529,4739.358524019901,cand_003 (USDJPY)
2022-08-18 09:04:40,0.0,4739.358524019901,cand_003 (USDJPY)
2022-08-18 13:00:00,-4.742137579315974,4734.616386440584,cand_003 (USDJPY)
2022-08-19 07:00:00,0.5672413372387529,4735.183627777824,cand_003 (USDJPY)
2022-08-19 08:00:00,0.6146637622021717,4735.798291540026,cand_008 (EURJPY)
2022-08-19 09:54:40,0.0,4735.798291540026,cand_003 (USDJPY)
2022-08-19 13:00:00,3.1141549414407534,4738.912446481467,cand_003 (USDJPY)
2022-08-22 07:00:00,0.5672413372387529,4739.479687818704,cand_003 (USDJPY)
2022-08-22 08:00:00,0.6146637622021717,4740.094351580907,cand_008 (EURJPY)
2022-08-23 07:00:00,0.5672413372387529,4740.661592918146,cand_003 (USDJPY)
2022-08-23 08:23:40,0.0,4740.661592918146,cand_008 (EURJPY)
2022-08-23 15:00:00,-9.751640587337453,4730.909952330809,cand_008 (EURJPY)
2022-08-24 07:42:40,0.0,4730.909952330809,cand_003 (USDJPY)
2022-08-24 13:00:00,-0.7487585651551539,4730.161193765653,cand_003 (USDJPY)
2022-08-25 09:35:40,0.0,4730.161193765653,cand_003 (USDJPY)
2022-08-25 13:00:00,-1.3301809358248757,4728.831012829828,cand_003 (USDJPY)
2022-08-29 07:00:00,0.5672413372387529,4729.398254167067,cand_003 (USDJPY)
2022-08-29 07:32:40,0.0,4729.398254167067,cand_003 (USDJPY)
2022-08-29 08:00:00,0.6146637622021717,4730.012917929269,cand_008 (EURJPY)
2022-08-29 08:05:40,0.0,4730.012917929269,cand_008 (EURJPY)
2022-08-29 13:00:00,-8.389499377761155,4721.623418551508,cand_003 (USDJPY)
2022-08-29 15:00:00,31.317118684200647,4752.940537235709,cand_008 (EURJPY)
2022-08-30 07:00:00,0.5672413372387529,4753.507778572946,cand_003 (USDJPY)
2022-08-30 08:00:00,0.6146637622021717,4754.122442335149,cand_008 (EURJPY)
2022-08-31 07:00:00,0.5672413372387529,4754.689683672388,cand_003 (USDJPY)
2022-09-01 07:00:00,0.5672413372387529,4755.256925009626,cand_003 (USDJPY)
2022-09-02 07:00:00,0.5672413372387529,4755.824166346865,cand_003 (USDJPY)
2022-09-02 07:49:40,0.0,4755.824166346865,cand_003 (USDJPY)
2022-09-02 08:00:00,0.6146637622021717,4756.438830109068,cand_008 (EURJPY)
2022-09-02 08:03:40,0.0,4756.438830109068,cand_008 (EURJPY)
2022-09-02 13:00:00,-1.0919395741845994,4755.346890534883,cand_003 (USDJPY)
2022-09-02 15:00:00,13.700855259486406,4769.047745794369,cand_008 (EURJPY)
2022-09-05 07:00:00,0.5672413372387529,4769.614987131608,cand_003 (USDJPY)
2022-09-05 08:04:40,0.0,4769.614987131608,cand_008 (EURJPY)
2022-09-05 10:33:40,42.88232470191561,4812.497311833524,cand_008 (EURJPY)
2022-09-05 10:33:40,-31.58449742075859,4780.912814412764,cand_008 (EURJPY)
2022-09-06 07:00:00,0.5672413372387529,4781.480055750004,cand_003 (USDJPY)
2022-09-06 07:52:40,0.0,4781.480055750004,cand_003 (USDJPY)
2022-09-06 08:00:00,0.6146637622021717,4782.094719512206,cand_008 (EURJPY)
2022-09-06 08:22:40,0.0,4782.094719512206,cand_008 (EURJPY)
2022-09-06 11:43:40,40.22166512025687,4822.316384632462,cand_003 (USDJPY)
2022-09-06 11:43:40,43.19826403741723,4865.5146486698795,cand_003 (USDJPY)
2022-09-06 15:00:00,23.000717981605266,4888.515366651485,cand_008 (EURJPY)
2022-09-07 07:00:00,0.5672413372387529,4889.082607988724,cand_003 (USDJPY)
2022-09-07 07:01:40,0.0,4889.082607988724,cand_003 (USDJPY)
2022-09-07 08:00:00,0.6146637622021717,4889.697271750926,cand_008 (EURJPY)
2022-09-07 13:00:00,-4.172060035391028,4885.525211715535,cand_003 (USDJPY)
2022-09-08 07:00:00,0.5672413372387529,4886.092453052774,cand_003 (USDJPY)
2022-09-08 08:00:00,0.6146637622021717,4886.707116814976,cand_008 (EURJPY)
2022-09-09 07:07:40,0.0,4886.707116814976,cand_003 (USDJPY)
2022-09-09 08:00:00,0.6146637622021717,4887.321780577178,cand_008 (EURJPY)
2022-09-09 13:00:00,35.463928404166836,4922.785708981345,cand_003 (USDJPY)
2022-09-12 08:00:00,0.6146637622021717,4923.400372743547,cand_008 (EURJPY)
2022-09-12 08:42:40,0.0,4923.400372743547,cand_008 (EURJPY)
2022-09-12 15:00:00,6.641441950594465,4930.041814694142,cand_008 (EURJPY)
2022-09-13 08:00:00,0.6146637622021717,4930.656478456344,cand_008 (EURJPY)
2022-09-13 09:10:40,0.0,4930.656478456344,cand_003 (USDJPY)
2022-09-13 13:00:00,-2.512879123967675,4928.143599332377,cand_003 (USDJPY)
2022-09-14 07:00:00,0.5672413372387529,4928.710840669615,cand_003 (USDJPY)
2022-09-14 08:06:40,0.0,4928.710840669615,cand_008 (EURJPY)
2022-09-14 15:00:00,10.243371597099191,4938.954212266714,cand_008 (EURJPY)
2022-09-15 07:00:00,0.5672413372387529,4939.521453603953,cand_003 (USDJPY)
2022-09-15 08:26:40,0.0,4939.521453603953,cand_003 (USDJPY)
2022-09-15 13:00:00,-12.587085273327927,4926.934368330625,cand_003 (USDJPY)
2022-09-16 07:00:00,0.5672413372387529,4927.501609667864,cand_003 (USDJPY)
2022-09-16 09:05:40,0.0,4927.501609667864,cand_003 (USDJPY)
2022-09-16 13:00:00,-13.696042087629689,4913.805567580233,cand_003 (USDJPY)
2022-09-21 07:00:00,0.5672413372387529,4914.372808917473,cand_003 (USDJPY)
2022-09-21 07:41:20,0.0,4914.372808917473,cand_003 (USDJPY)
2022-09-21 08:00:00,0.6146637622021717,4914.987472679675,cand_008 (EURJPY)
2022-09-21 08:57:20,0.0,4914.987472679675,cand_008 (EURJPY)
2022-09-21 09:02:40,43.92264311944278,4958.910115799117,cand_008 (EURJPY)
2022-09-21 09:02:40,-29.56532696192446,4929.344788837194,cand_008 (EURJPY)
2022-09-21 10:11:20,-25.99950669233824,4903.345282144855,cand_003 (USDJPY)
2022-09-21 10:11:20,40.65560474324452,4944.0008868881,cand_003 (USDJPY)
2022-09-26 07:00:00,0.5672413372387529,4944.568128225338,cand_003 (USDJPY)
2022-09-26 08:30:20,0.0,4944.568128225338,cand_003 (USDJPY)
2022-09-26 13:00:00,-8.780895900455896,4935.787232324882,cand_003 (USDJPY)
2022-09-27 07:00:00,0.5672413372387529,4936.354473662121,cand_003 (USDJPY)
2022-09-28 07:00:00,0.5672413372387529,4936.921714999359,cand_003 (USDJPY)
2022-09-29 07:00:00,0.5672413372387529,4937.488956336598,cand_003 (USDJPY)
2022-09-29 08:00:00,0.6146637622021717,4938.1036200988,cand_008 (EURJPY)
2022-09-29 08:34:40,0.0,4938.1036200988,cand_003 (USDJPY)
2022-09-29 13:00:00,4.43015484383466,4942.533774942634,cand_003 (USDJPY)
2022-09-30 07:00:00,0.5672413372387529,4943.101016279874,cand_003 (USDJPY)
2022-09-30 08:00:00,0.6146637622021717,4943.715680042076,cand_008 (EURJPY)
2022-10-03 07:00:00,0.5672413372387529,4944.282921379314,cand_003 (USDJPY)
2022-10-03 07:05:40,0.0,4944.282921379314,cand_003 (USDJPY)
2022-10-03 08:00:00,0.6146637622021717,4944.897585141516,cand_008 (EURJPY)
2022-10-03 13:00:00,4.6513789653577735,4949.548964106874,cand_003 (USDJPY)
2022-10-04 07:00:00,0.5672413372387529,4950.116205444113,cand_003 (USDJPY)
2022-10-04 08:00:00,0.6146637622021717,4950.730869206315,cand_008 (EURJPY)
2022-10-04 08:58:40,0.0,4950.730869206315,cand_008 (EURJPY)
2022-10-04 15:00:00,26.654894047897177,4977.385763254212,cand_008 (EURJPY)
2022-10-05 08:00:00,0.6146637622021717,4978.0004270164145,cand_008 (EURJPY)
2022-10-06 07:00:00,0.5672413372387529,4978.567668353653,cand_003 (USDJPY)
2022-10-06 08:00:00,0.6146637622021717,4979.182332115855,cand_008 (EURJPY)
2022-10-07 07:00:00,0.5672413372387529,4979.749573453094,cand_003 (USDJPY)
2022-10-10 07:00:00,0.5672413372387529,4980.3168147903325,cand_003 (USDJPY)
2022-10-12 07:00:00,0.5672413372387529,4980.884056127571,cand_003 (USDJPY)
2022-10-12 08:00:00,0.6146637622021717,4981.498719889773,cand_008 (EURJPY)
2022-10-14 07:00:00,0.5672413372387529,4982.065961227012,cand_003 (USDJPY)
2022-10-14 08:00:00,0.6146637622021717,4982.680624989214,cand_008 (EURJPY)
2022-10-17 07:00:00,0.5672413372387529,4983.247866326453,cand_003 (USDJPY)
2022-10-18 07:00:00,0.5672413372387529,4983.815107663691,cand_003 (USDJPY)
2022-10-18 08:00:00,0.6146637622021717,4984.429771425894,cand_008 (EURJPY)
2022-10-20 07:00:00,0.5672413372387529,4984.997012763132,cand_003 (USDJPY)
2022-10-21 07:00:00,0.5672413372387529,4985.564254100371,cand_003 (USDJPY)
2022-10-25 08:00:00,0.6146637622021717,4986.178917862573,cand_008 (EURJPY)
2022-10-26 09:53:20,0.0,4986.178917862573,cand_003 (USDJPY)
2022-10-26 13:00:00,22.27840352005202,5008.457321382625,cand_003 (USDJPY)
2022-10-27 07:57:40,0.0,5008.457321382625,cand_003 (USDJPY)
2022-10-27 08:08:40,0.0,5008.457321382625,cand_008 (EURJPY)
2022-10-27 13:00:00,-26.181023920254642,4982.276297462371,cand_003 (USDJPY)
2022-10-27 15:00:00,-28.28375301773293,4953.992544444638,cand_008 (EURJPY)
2022-10-31 07:00:00,0.5672413372387529,4954.559785781876,cand_003 (USDJPY)
2022-10-31 08:00:00,0.6146637622021717,4955.174449544078,cand_008 (EURJPY)
2022-11-01 07:00:00,0.5672413372387529,4955.7416908813175,cand_003 (USDJPY)
2022-11-04 07:00:00,0.5672413372387529,4956.308932218555,cand_003 (USDJPY)
2022-11-07 08:00:00,0.6146637622021717,4956.923595980757,cand_008 (EURJPY)
2022-11-09 08:00:00,0.6146637622021717,4957.53825974296,cand_008 (EURJPY)
2022-11-15 08:00:00,0.6146637622021717,4958.152923505162,cand_008 (EURJPY)
2022-11-15 09:24:40,0.0,4958.152923505162,cand_003 (USDJPY)
2022-11-15 13:00:00,19.430852007113483,4977.583775512276,cand_003 (USDJPY)
2022-11-16 07:00:00,0.5672413372387529,4978.151016849515,cand_003 (USDJPY)
2022-11-16 08:00:00,0.6146637622021717,4978.7656806117175,cand_008 (EURJPY)
2022-11-21 07:00:00,0.5672413372387529,4979.332921948955,cand_003 (USDJPY)
2022-11-21 08:29:40,0.0,4979.332921948955,cand_003 (USDJPY)
2022-11-21 13:00:00,38.002333388310255,5017.335255337266,cand_003 (USDJPY)
2022-11-22 07:00:00,0.5672413372387529,5017.902496674504,cand_003 (USDJPY)
2022-11-23 07:00:00,0.5672413372387529,5018.469738011743,cand_003 (USDJPY)
2022-11-28 08:01:40,0.0,5018.469738011743,cand_008 (EURJPY)
2022-11-28 08:02:40,0.0,5018.469738011743,cand_003 (USDJPY)
2022-11-28 13:00:00,15.349550585680653,5033.819288597424,cand_003 (USDJPY)
2022-11-28 13:01:40,-62.73873020797566,4971.080558389448,cand_008 (EURJPY)
2022-11-29 09:20:40,0.0,4971.080558389448,cand_003 (USDJPY)
2022-11-29 13:00:00,11.673826720373533,4982.754385109822,cand_003 (USDJPY)
2022-12-01 07:17:40,0.0,4982.754385109822,cand_003 (USDJPY)
2022-12-01 13:00:00,-4.654215172043968,4978.1001699377775,cand_003 (USDJPY)
2022-12-02 09:08:40,0.0,4978.1001699377775,cand_003 (USDJPY)
2022-12-02 13:00:00,34.26988538927926,5012.370055327057,cand_003 (USDJPY)
2022-12-05 08:00:00,0.6146637622021717,5012.98471908926,cand_008 (EURJPY)
2022-12-06 07:00:00,0.5672413372387529,5013.551960426497,cand_003 (USDJPY)
2022-12-06 08:00:00,0.6146637622021717,5014.1666241887,cand_008 (EURJPY)
2022-12-06 08:22:20,0.0,5014.1666241887,cand_003 (USDJPY)
2022-12-06 13:00:00,-26.73124801737623,4987.435376171324,cand_003 (USDJPY)
2022-12-07 07:00:00,0.5672413372387529,4988.002617508562,cand_003 (USDJPY)
2022-12-07 08:00:00,0.6146637622021717,4988.617281270765,cand_008 (EURJPY)
2022-12-07 08:12:20,0.0,4988.617281270765,cand_003 (USDJPY)
2022-12-07 08:26:40,0.0,4988.617281270765,cand_008 (EURJPY)
2022-12-07 13:00:00,-8.006611475124998,4980.61066979564,cand_003 (USDJPY)
2022-12-07 15:00:00,26.92841942207714,5007.5390892177165,cand_008 (EURJPY)
2022-12-08 07:00:00,0.5672413372387529,5008.106330554956,cand_003 (USDJPY)
2022-12-08 08:00:00,0.6146637622021717,5008.720994317158,cand_008 (EURJPY)
2022-12-09 08:00:00,0.6146637622021717,5009.335658079361,cand_008 (EURJPY)
2022-12-12 07:00:00,0.5672413372387529,5009.902899416598,cand_003 (USDJPY)
2022-12-13 07:00:00,0.5672413372387529,5010.470140753838,cand_003 (USDJPY)
2022-12-15 07:00:00,0.5672413372387529,5011.037382091075,cand_003 (USDJPY)
2022-12-15 07:06:40,0.0,5011.037382091075,cand_003 (USDJPY)
2022-12-15 13:00:00,36.28926454984922,5047.326646640925,cand_003 (USDJPY)
2022-12-16 07:00:00,0.5672413372387529,5047.893887978164,cand_003 (USDJPY)
2022-12-16 08:00:00,0.6146637622021717,5048.508551740366,cand_008 (EURJPY)
2022-12-23 07:00:00,0.5672413372387529,5049.075793077604,cand_003 (USDJPY)
2022-12-23 08:00:00,0.6146637622021717,5049.690456839807,cand_008 (EURJPY)
2022-12-26 08:00:00,0.6146637622021717,5050.305120602009,cand_008 (EURJPY)
2022-12-27 07:00:00,0.5672413372387529,5050.872361939248,cand_003 (USDJPY)
2022-12-27 08:00:00,0.6146637622021717,5051.48702570145,cand_008 (EURJPY)
2022-12-28 07:00:00,0.5672413372387529,5052.0542670386885,cand_003 (USDJPY)
2022-12-28 08:00:00,0.6146637622021717,5052.668930800891,cand_008 (EURJPY)
2022-12-30 08:35:40,0.0,5052.668930800891,cand_008 (EURJPY)
2022-12-30 09:48:40,0.0,5052.668930800891,cand_003 (USDJPY)
2022-12-30 13:00:00,14.793654075186675,5067.462584876077,cand_003 (USDJPY)
2022-12-30 15:00:00,15.102288637307359,5082.5648735133855,cand_008 (EURJPY)
2023-01-04 09:11:40,0.0,5082.5648735133855,cand_003 (USDJPY)
2023-01-04 13:00:00,-0.5218620302596527,5082.043011483125,cand_003 (USDJPY)
2023-01-05 07:00:00,0.5672413372387529,5082.610252820364,cand_003 (USDJPY)
2023-01-05 08:00:00,0.6146637622021717,5083.224916582566,cand_008 (EURJPY)
2023-01-05 08:41:40,0.0,5083.224916582566,cand_008 (EURJPY)
2023-01-05 15:00:00,0.6023704869581282,5083.827287069524,cand_008 (EURJPY)
2023-01-06 07:00:00,0.5672413372387529,5084.394528406763,cand_003 (USDJPY)
2023-01-06 07:45:40,0.0,5084.394528406763,cand_003 (USDJPY)
2023-01-06 08:00:00,0.6146637622021717,5085.0091921689655,cand_008 (EURJPY)
2023-01-06 13:00:00,12.03118876283395,5097.0403809317995,cand_003 (USDJPY)
2023-01-09 08:00:00,0.6146637622021717,5097.655044694002,cand_008 (EURJPY)
2023-01-10 08:00:00,0.6146637622021717,5098.269708456204,cand_008 (EURJPY)
2023-01-11 07:00:00,0.5672413372387529,5098.836949793442,cand_003 (USDJPY)
2023-01-13 08:35:40,0.0,5098.836949793442,cand_008 (EURJPY)
2023-01-13 08:55:40,0.0,5098.836949793442,cand_003 (USDJPY)
2023-01-13 13:00:00,4.506732424361892,5103.343682217805,cand_003 (USDJPY)
2023-01-13 15:00:00,33.41926875093207,5136.762950968736,cand_008 (EURJPY)
2023-01-17 08:00:00,0.6146637622021717,5137.377614730938,cand_008 (EURJPY)
2023-01-19 07:36:40,0.0,5137.377614730938,cand_003 (USDJPY)
2023-01-19 13:00:00,-33.54098027092746,5103.836634460011,cand_003 (USDJPY)
2023-01-20 07:00:00,0.5672413372387529,5104.40387579725,cand_003 (USDJPY)
2023-01-20 07:20:40,0.0,5104.40387579725,cand_003 (USDJPY)
2023-01-20 08:00:00,0.6146637622021717,5105.018539559453,cand_008 (EURJPY)
2023-01-20 13:00:00,17.678076275045733,5122.6966158344985,cand_003 (USDJPY)
2023-01-23 07:00:00,0.5672413372387529,5123.263857171736,cand_003 (USDJPY)
2023-01-23 07:54:40,0.0,5123.263857171736,cand_003 (USDJPY)
2023-01-23 08:00:00,0.6146637622021717,5123.8785209339385,cand_008 (EURJPY)
2023-01-23 08:24:40,0.0,5123.8785209339385,cand_008 (EURJPY)
2023-01-23 13:00:00,6.891982247450848,5130.770503181389,cand_003 (USDJPY)
2023-01-23 15:00:00,0.282745330612999,5131.053248512003,cand_008 (EURJPY)
2023-01-24 07:00:00,0.5672413372387529,5131.6204898492415,cand_003 (USDJPY)
2023-01-24 08:00:00,0.6146637622021717,5132.235153611444,cand_008 (EURJPY)
2023-01-25 07:00:00,0.5672413372387529,5132.802394948682,cand_003 (USDJPY)
2023-01-25 08:00:00,0.6146637622021717,5133.417058710885,cand_008 (EURJPY)
2023-01-27 07:00:00,0.5672413372387529,5133.984300048123,cand_003 (USDJPY)
2023-01-31 07:00:00,0.5672413372387529,5134.551541385362,cand_003 (USDJPY)
2023-02-01 07:00:00,0.5672413372387529,5135.1187827226,cand_003 (USDJPY)
2023-02-01 08:00:00,0.6146637622021717,5135.733446484803,cand_008 (EURJPY)
2023-02-01 09:22:40,0.0,5135.733446484803,cand_003 (USDJPY)
2023-02-01 13:00:00,-25.123118826304367,5110.610327658498,cand_003 (USDJPY)
2023-02-02 08:00:00,0.6146637622021717,5111.2249914207005,cand_008 (EURJPY)
2023-02-02 08:14:40,0.0,5111.2249914207005,cand_008 (EURJPY)
2023-02-02 14:36:40,43.38020234929937,5154.6051937699995,cand_008 (EURJPY)
2023-02-02 14:36:40,-32.841484814462035,5121.763708955537,cand_008 (EURJPY)
2023-02-06 07:00:00,0.5672413372387529,5122.330950292777,cand_003 (USDJPY)
2023-02-06 08:00:00,0.6146637622021717,5122.945614054979,cand_008 (EURJPY)
2023-02-07 07:00:00,0.5672413372387529,5123.512855392217,cand_003 (USDJPY)
2023-02-09 07:00:00,0.5672413372387529,5124.080096729456,cand_003 (USDJPY)
2023-02-09 08:00:00,0.6146637622021717,5124.694760491659,cand_008 (EURJPY)
2023-02-10 07:00:00,0.5672413372387529,5125.262001828896,cand_003 (USDJPY)
2023-02-10 08:00:00,0.6146637622021717,5125.876665591099,cand_008 (EURJPY)
2023-02-13 07:00:00,0.5672413372387529,5126.443906928338,cand_003 (USDJPY)
2023-02-13 08:00:00,0.6146637622021717,5127.05857069054,cand_008 (EURJPY)
2023-02-13 08:14:20,0.0,5127.05857069054,cand_003 (USDJPY)
2023-02-13 08:14:20,0.0,5127.05857069054,cand_008 (EURJPY)
2023-02-13 13:00:00,10.995973322373226,5138.0545440129135,cand_003 (USDJPY)
2023-02-13 15:00:00,19.309662089581224,5157.364206102495,cand_008 (EURJPY)
2023-02-14 08:00:00,0.6146637622021717,5157.978869864697,cand_008 (EURJPY)
2023-02-15 07:00:00,0.5672413372387529,5158.546111201935,cand_003 (USDJPY)
2023-02-15 08:00:00,0.6146637622021717,5159.160774964137,cand_008 (EURJPY)
2023-02-15 08:44:40,0.0,5159.160774964137,cand_003 (USDJPY)
2023-02-15 13:00:00,3.190732521967985,5162.351507486106,cand_003 (USDJPY)
2023-02-16 07:00:00,0.5672413372387529,5162.918748823344,cand_003 (USDJPY)
2023-02-17 07:00:00,0.5672413372387529,5163.485990160583,cand_003 (USDJPY)
2023-02-17 08:00:00,0.6146637622021717,5164.100653922786,cand_008 (EURJPY)
2023-02-20 08:00:00,0.6146637622021717,5164.715317684988,cand_008 (EURJPY)
2023-02-21 07:00:00,0.5672413372387529,5165.2825590222255,cand_003 (USDJPY)
2023-02-21 09:04:40,0.0,5165.2825590222255,cand_003 (USDJPY)
2023-02-21 13:00:00,1.0096895802849801,5166.292248602511,cand_003 (USDJPY)
2023-02-22 07:00:00,0.5672413372387529,5166.859489939749,cand_003 (USDJPY)
2023-02-23 07:00:00,0.5672413372387529,5167.426731276988,cand_003 (USDJPY)
2023-02-27 07:00:00,0.5672413372387529,5167.993972614227,cand_003 (USDJPY)
2023-02-27 08:00:00,0.6146637622021717,5168.608636376429,cand_008 (EURJPY)
2023-02-28 08:00:00,0.6146637622021717,5169.223300138631,cand_008 (EURJPY)
2023-03-01 07:00:00,0.5672413372387529,5169.79054147587,cand_003 (USDJPY)
2023-03-01 08:00:00,0.6146637622021717,5170.405205238072,cand_008 (EURJPY)
2023-03-01 08:48:40,0.0,5170.405205238072,cand_008 (EURJPY)
2023-03-01 15:00:00,4.539291883863037,5174.944497121935,cand_008 (EURJPY)
2023-03-02 07:00:00,0.5672413372387529,5175.511738459174,cand_003 (USDJPY)
2023-03-02 07:38:40,0.0,5175.511738459174,cand_003 (USDJPY)
2023-03-02 13:00:00,5.227128922655108,5180.738867381829,cand_003 (USDJPY)
2023-03-03 07:00:00,0.5672413372387529,5181.306108719067,cand_003 (USDJPY)
2023-03-07 09:29:40,0.0,5181.306108719067,cand_003 (USDJPY)
2023-03-07 13:00:00,-13.179852470742423,5168.126256248324,cand_003 (USDJPY)
2023-03-08 07:00:00,0.5672413372387529,5168.693497585564,cand_003 (USDJPY)
2023-03-08 08:00:00,0.6146637622021717,5169.308161347766,cand_008 (EURJPY)
2023-03-09 08:43:40,0.0,5169.308161347766,cand_008 (EURJPY)
2023-03-09 08:47:40,0.0,5169.308161347766,cand_003 (USDJPY)
2023-03-09 13:00:00,19.54146406787504,5188.849625415641,cand_003 (USDJPY)
2023-03-09 15:00:00,12.17648912922502,5201.026114544866,cand_008 (EURJPY)
2023-03-10 07:00:00,0.5672413372387529,5201.593355882104,cand_003 (USDJPY)
2023-03-10 08:00:00,0.6146637622021717,5202.208019644307,cand_008 (EURJPY)
2023-03-15 07:00:00,0.5672413372387529,5202.775260981545,cand_003 (USDJPY)
2023-03-15 08:00:00,0.6146637622021717,5203.3899247437475,cand_008 (EURJPY)
2023-03-15 08:09:40,0.0,5203.3899247437475,cand_008 (EURJPY)
2023-03-15 09:10:40,0.0,5203.3899247437475,cand_003 (USDJPY)
2023-03-15 12:27:40,-31.861096113749568,5171.528828629998,cand_008 (EURJPY)
2023-03-15 12:27:40,44.243804935193424,5215.772633565191,cand_008 (EURJPY)
2023-03-15 13:00:00,-22.27556731336583,5193.497066251826,cand_003 (USDJPY)
2023-03-17 08:33:40,0.0,5193.497066251826,cand_003 (USDJPY)
2023-03-17 13:00:00,-10.564869906071774,5182.932196345754,cand_003 (USDJPY)
2023-03-20 09:28:40,0.0,5182.932196345754,cand_003 (USDJPY)
2023-03-20 13:00:00,11.929085322130975,5194.861281667885,cand_003 (USDJPY)
2023-03-22 07:00:00,0.5672413372387529,5195.428523005124,cand_003 (USDJPY)
2023-03-22 08:00:00,0.6146637622021717,5196.043186767326,cand_008 (EURJPY)
2023-03-23 08:00:00,0.6146637622021717,5196.657850529528,cand_008 (EURJPY)
2023-03-29 07:00:00,0.5672413372387529,5197.225091866767,cand_003 (USDJPY)
2023-03-29 08:00:00,0.6146637622021717,5197.839755628969,cand_008 (EURJPY)
2023-03-29 08:52:40,0.0,5197.839755628969,cand_008 (EURJPY)
2023-03-29 08:58:40,0.0,5197.839755628969,cand_003 (USDJPY)
2023-03-29 13:00:00,-12.192852543946994,5185.646903085022,cand_003 (USDJPY)
2023-03-29 15:00:00,26.45820164399248,5212.105104729015,cand_008 (EURJPY)
2023-03-30 07:00:00,0.5672413372387529,5212.672346066253,cand_003 (USDJPY)
2023-03-31 07:00:00,0.5672413372387529,5213.239587403492,cand_003 (USDJPY)
2023-03-31 08:00:00,0.6146637622021717,5213.854251165694,cand_008 (EURJPY)
2023-04-03 07:00:00,0.5672413372387529,5214.421492502933,cand_003 (USDJPY)
2023-04-03 08:15:40,0.0,5214.421492502933,cand_003 (USDJPY)
2023-04-03 13:00:00,-10.20750786361136,5204.213984639322,cand_003 (USDJPY)
2023-04-04 07:00:00,0.5672413372387529,5204.78122597656,cand_003 (USDJPY)
2023-04-04 08:00:00,0.6146637622021717,5205.395889738762,cand_008 (EURJPY)
2023-04-07 07:00:00,0.5672413372387529,5205.963131076001,cand_003 (USDJPY)
2023-04-10 07:00:00,0.5672413372387529,5206.530372413239,cand_003 (USDJPY)
2023-04-10 08:00:00,0.6146637622021717,5207.145036175441,cand_008 (EURJPY)
2023-04-11 07:00:00,0.5672413372387529,5207.712277512681,cand_003 (USDJPY)
2023-04-11 08:00:00,0.6146637622021717,5208.326941274883,cand_008 (EURJPY)
2023-04-12 07:00:00,0.5672413372387529,5208.894182612121,cand_003 (USDJPY)
2023-04-12 08:00:00,0.6146637622021717,5209.508846374323,cand_008 (EURJPY)
2023-04-17 07:00:00,0.5672413372387529,5210.076087711563,cand_003 (USDJPY)
2023-04-17 08:00:00,0.6146637622021717,5210.690751473765,cand_008 (EURJPY)
2023-04-17 08:08:40,0.0,5210.690751473765,cand_008 (EURJPY)
2023-04-17 08:14:40,0.0,5210.690751473765,cand_003 (USDJPY)
2023-04-17 13:00:00,-7.490421858237732,5203.200329615527,cand_003 (USDJPY)
2023-04-17 15:00:00,-25.68372530361774,5177.516604311909,cand_008 (EURJPY)
2023-04-18 07:00:00,0.5672413372387529,5178.083845649147,cand_003 (USDJPY)
2023-04-18 08:00:00,0.6146637622021717,5178.69850941135,cand_008 (EURJPY)
2023-04-19 07:00:00,0.5672413372387529,5179.265750748588,cand_003 (USDJPY)
2023-04-19 09:00:40,0.0,5179.265750748588,cand_003 (USDJPY)
2023-04-19 13:00:00,11.48947328577094,5190.755224034359,cand_003 (USDJPY)
2023-04-20 07:00:00,0.5672413372387529,5191.322465371598,cand_003 (USDJPY)
2023-04-24 07:00:00,0.5672413372387529,5191.8897067088365,cand_003 (USDJPY)
2023-04-24 08:00:00,0.6146637622021717,5192.504370471039,cand_008 (EURJPY)
2023-04-25 07:00:00,0.5672413372387529,5193.071611808277,cand_003 (USDJPY)
2023-04-25 08:00:00,0.6146637622021717,5193.68627557048,cand_008 (EURJPY)
2023-04-27 08:00:00,0.6146637622021717,5194.300939332682,cand_008 (EURJPY)
2023-04-27 08:47:40,0.0,5194.300939332682,cand_008 (EURJPY)
2023-04-27 14:46:20,45.245092203820754,5239.546031536503,cand_008 (EURJPY)
2023-04-27 14:46:20,-32.33746052945625,5207.208571007046,cand_008 (EURJPY)
2023-05-01 07:00:00,0.5672413372387529,5207.775812344285,cand_003 (USDJPY)
2023-05-01 08:00:00,0.6146637622021717,5208.390476106488,cand_008 (EURJPY)
2023-05-02 07:00:00,0.5672413372387529,5208.957717443725,cand_003 (USDJPY)
2023-05-02 07:30:20,0.0,5208.957717443725,cand_003 (USDJPY)
2023-05-02 08:00:00,0.6146637622021717,5209.572381205928,cand_008 (EURJPY)
2023-05-02 08:02:40,0.0,5209.572381205928,cand_008 (EURJPY)
2023-05-02 12:27:40,46.294015914018765,5255.866397119948,cand_008 (EURJPY)
2023-05-02 12:27:40,-34.249064829905,5221.617332290042,cand_008 (EURJPY)
2023-05-02 13:00:00,-12.714714574206646,5208.902617715836,cand_003 (USDJPY)
2023-05-04 09:36:40,0.0,5208.902617715836,cand_003 (USDJPY)
2023-05-04 13:00:00,-17.737636615455802,5191.16498110038,cand_003 (USDJPY)
2023-05-08 07:00:00,0.5672413372387529,5191.7322224376185,cand_003 (USDJPY)
2023-05-08 08:00:00,0.6146637622021717,5192.346886199821,cand_008 (EURJPY)
2023-05-09 07:00:00,0.5672413372387529,5192.914127537059,cand_003 (USDJPY)
2023-05-10 07:00:00,0.5672413372387529,5193.481368874298,cand_003 (USDJPY)
2023-05-10 09:20:40,0.0,5193.481368874298,cand_003 (USDJPY)
2023-05-10 13:00:00,-11.537688799436234,5181.943680074862,cand_003 (USDJPY)
2023-05-15 08:00:00,0.6146637622021717,5182.558343837064,cand_008 (EURJPY)
2023-05-15 08:56:20,0.0,5182.558343837064,cand_008 (EURJPY)
2023-05-15 15:00:00,2.572367844816088,5185.130711681881,cand_008 (EURJPY)
2023-05-19 08:00:00,0.6146637622021717,5185.745375444083,cand_008 (EURJPY)
2023-05-23 08:00:00,0.6146637622021717,5186.360039206285,cand_008 (EURJPY)
2023-05-31 08:07:40,0.0,5186.360039206285,cand_008 (EURJPY)
2023-05-31 15:00:00,8.623732583696468,5194.983771789981,cand_008 (EURJPY)
2023-06-05 07:00:00,0.5672413372387529,5195.55101312722,cand_003 (USDJPY)
2023-06-08 07:00:00,0.5672413372387529,5196.118254464458,cand_003 (USDJPY)
2023-06-12 07:00:00,0.5672413372387529,5196.6854958016975,cand_003 (USDJPY)
2023-06-14 07:00:00,0.5672413372387529,5197.252737138935,cand_003 (USDJPY)
2023-06-15 07:00:00,0.5672413372387529,5197.819978476175,cand_003 (USDJPY)
2023-06-15 07:02:40,0.0,5197.819978476175,cand_003 (USDJPY)
2023-06-15 08:00:00,0.6146637622021717,5198.434642238377,cand_008 (EURJPY)
2023-06-15 08:02:40,0.0,5198.434642238377,cand_008 (EURJPY)
2023-06-15 13:00:00,-8.165439049551848,5190.269203188825,cand_003 (USDJPY)
2023-06-15 15:00:00,-3.2638645772935315,5187.0053386115305,cand_008 (EURJPY)
2023-06-16 07:00:00,0.5672413372387529,5187.57257994877,cand_003 (USDJPY)
2023-06-16 08:00:00,0.6146637622021717,5188.187243710972,cand_008 (EURJPY)
2023-06-16 08:40:40,0.0,5188.187243710972,cand_008 (EURJPY)
2023-06-16 09:38:40,0.0,5188.187243710972,cand_003 (USDJPY)
2023-06-16 13:00:00,2.0534136408042856,5190.2406573517765,cand_003 (USDJPY)
2023-06-16 15:00:00,19.40186165391155,5209.642519005687,cand_008 (EURJPY)
2023-06-19 07:00:00,0.5672413372387529,5210.2097603429265,cand_003 (USDJPY)
2023-06-19 08:00:00,0.6146637622021717,5210.824424105129,cand_008 (EURJPY)
2023-06-20 07:00:00,0.5672413372387529,5211.3916654423665,cand_003 (USDJPY)
2023-06-20 08:00:00,0.6146637622021717,5212.006329204569,cand_008 (EURJPY)
2023-06-21 07:00:00,0.5672413372387529,5212.573570541808,cand_003 (USDJPY)
2023-06-21 08:00:00,0.6146637622021717,5213.188234304011,cand_008 (EURJPY)
2023-06-21 08:07:40,0.0,5213.188234304011,cand_003 (USDJPY)
2023-06-21 13:00:00,2.3568877562270187,5215.545122060237,cand_003 (USDJPY)
2023-06-22 07:00:00,0.5672413372387529,5216.112363397476,cand_003 (USDJPY)
2023-06-23 07:00:00,0.5672413372387529,5216.679604734714,cand_003 (USDJPY)
2023-06-23 08:00:00,0.6146637622021717,5217.294268496917,cand_008 (EURJPY)
2023-06-23 08:37:40,0.0,5217.294268496917,cand_003 (USDJPY)
2023-06-23 13:00:00,-3.366577336511998,5213.927691160405,cand_003 (USDJPY)
2023-06-26 07:00:00,0.5672413372387529,5214.494932497643,cand_003 (USDJPY)
2023-06-26 08:00:00,0.6146637622021717,5215.109596259846,cand_008 (EURJPY)
2023-06-27 07:00:00,0.5672413372387529,5215.676837597084,cand_003 (USDJPY)
2023-06-28 07:00:00,0.5672413372387529,5216.244078934323,cand_003 (USDJPY)
2023-06-29 07:00:00,0.5672413372387529,5216.811320271561,cand_003 (USDJPY)
2023-06-29 07:56:40,0.0,5216.811320271561,cand_003 (USDJPY)
2023-06-29 13:00:00,-9.782076860682295,5207.02924341088,cand_003 (USDJPY)
2023-06-30 07:00:00,0.5672413372387529,5207.596484748117,cand_003 (USDJPY)
2023-07-03 07:00:00,0.5672413372387529,5208.163726085357,cand_003 (USDJPY)
2023-07-03 08:00:00,0.6146637622021717,5208.778389847559,cand_008 (EURJPY)
2023-07-04 07:00:00,0.5672413372387529,5209.345631184797,cand_003 (USDJPY)
2023-07-05 07:00:00,0.5672413372387529,5209.912872522036,cand_003 (USDJPY)
2023-07-06 07:30:40,0.0,5209.912872522036,cand_003 (USDJPY)
2023-07-06 08:34:20,0.0,5209.912872522036,cand_008 (EURJPY)
2023-07-06 13:00:00,-4.132353141784315,5205.7805193802515,cand_003 (USDJPY)
2023-07-06 15:00:00,-30.57952216955804,5175.2009972106935,cand_008 (EURJPY)
2023-07-07 08:38:40,0.0,5175.2009972106935,cand_003 (USDJPY)
2023-07-07 13:00:00,20.843282936837973,5196.044280147531,cand_003 (USDJPY)
2023-07-10 08:00:00,0.6146637622021717,5196.658943909733,cand_008 (EURJPY)
2023-07-14 08:00:00,0.6146637622021717,5197.273607671936,cand_008 (EURJPY)
2023-07-17 07:00:00,0.5672413372387529,5197.840849009175,cand_003 (USDJPY)
2023-07-17 08:00:00,0.6146637622021717,5198.4555127713775,cand_008 (EURJPY)
2023-07-18 07:38:40,0.0,5198.4555127713775,cand_003 (USDJPY)
2023-07-18 13:00:00,6.648068472438185,5205.103581243815,cand_003 (USDJPY)
2023-07-19 07:00:00,0.5672413372387529,5205.670822581054,cand_003 (USDJPY)
2023-07-19 08:00:00,0.6146637622021717,5206.285486343257,cand_008 (EURJPY)
2023-07-19 08:49:40,0.0,5206.285486343257,cand_008 (EURJPY)
2023-07-19 08:50:40,0.0,5206.285486343257,cand_003 (USDJPY)
2023-07-19 13:00:00,14.6461713275046,5220.931657670761,cand_003 (USDJPY)
2023-07-19 15:00:00,8.88189136382138,5229.813549034583,cand_008 (EURJPY)
2023-07-21 07:00:00,0.5672413372387529,5230.380790371821,cand_003 (USDJPY)
2023-07-24 07:00:00,0.5672413372387529,5230.94803170906,cand_003 (USDJPY)
2023-07-24 08:00:00,0.6146637622021717,5231.5626954712625,cand_008 (EURJPY)
2023-07-25 07:00:00,0.5672413372387529,5232.1299368085,cand_003 (USDJPY)
2023-07-26 09:28:40,0.0,5232.1299368085,cand_003 (USDJPY)
2023-07-26 13:00:00,14.305826525161349,5246.435763333662,cand_003 (USDJPY)
2023-07-31 07:00:00,0.5672413372387529,5247.0030046709,cand_003 (USDJPY)
2023-07-31 08:00:00,0.6146637622021717,5247.617668433102,cand_008 (EURJPY)
2023-07-31 09:48:40,0.0,5247.617668433102,cand_003 (USDJPY)
2023-07-31 13:00:00,10.882525054925473,5258.500193488027,cand_003 (USDJPY)
2023-08-01 07:00:00,0.5672413372387529,5259.067434825267,cand_003 (USDJPY)
2023-08-01 08:00:00,0.6146637622021717,5259.682098587469,cand_008 (EURJPY)
2023-08-01 08:57:40,0.0,5259.682098587469,cand_008 (EURJPY)
2023-08-01 15:00:00,-4.557731796729103,5255.12436679074,cand_008 (EURJPY)
2023-08-02 07:00:00,0.5672413372387529,5255.691608127978,cand_003 (USDJPY)
2023-08-02 08:00:00,0.6146637622021717,5256.30627189018,cand_008 (EURJPY)
2023-08-03 07:00:00,0.5672413372387529,5256.87351322742,cand_003 (USDJPY)
2023-08-03 07:04:40,0.0,5256.87351322742,cand_003 (USDJPY)
2023-08-03 08:00:00,0.6146637622021717,5257.488176989622,cand_008 (EURJPY)
2023-08-03 08:18:40,0.0,5257.488176989622,cand_008 (EURJPY)
2023-08-03 10:15:40,48.09836138796323,5305.586538377585,cand_008 (EURJPY)
2023-08-03 10:15:40,-30.548788981447935,5275.037749396137,cand_008 (EURJPY)
2023-08-03 10:31:40,40.56654785329803,5315.604297249434,cand_003 (USDJPY)
2023-08-03 10:31:40,-22.644274182571017,5292.960023066864,cand_003 (USDJPY)
2023-08-07 08:00:00,0.6146637622021717,5293.574686829066,cand_008 (EURJPY)
2023-08-08 07:00:00,0.5672413372387529,5294.141928166305,cand_003 (USDJPY)
2023-08-08 08:00:00,0.6146637622021717,5294.756591928507,cand_008 (EURJPY)
2023-08-08 08:59:40,0.0,5294.756591928507,cand_008 (EURJPY)
2023-08-08 14:11:40,-45.85698997909302,5248.899601949413,cand_008 (EURJPY)
2023-08-08 14:11:40,48.12048928340251,5297.020091232816,cand_008 (EURJPY)
2023-08-09 07:00:00,0.5672413372387529,5297.587332570055,cand_003 (USDJPY)
2023-08-10 07:00:00,0.5672413372387529,5298.1545739072935,cand_003 (USDJPY)
2023-08-10 07:14:20,0.0,5298.1545739072935,cand_003 (USDJPY)
2023-08-10 13:00:00,-6.191439195960988,5291.963134711333,cand_003 (USDJPY)
2023-08-11 07:00:00,0.5672413372387529,5292.530376048571,cand_003 (USDJPY)
2023-08-14 07:00:00,0.5672413372387529,5293.09761738581,cand_003 (USDJPY)
2023-08-15 07:00:00,0.5672413372387529,5293.664858723048,cand_003 (USDJPY)
2023-08-15 09:44:40,0.0,5293.664858723048,cand_003 (USDJPY)
2023-08-15 13:00:00,-6.701956399475866,5286.962902323572,cand_003 (USDJPY)
2023-09-05 07:00:00,0.5672413372387529,5287.5301436608115,cand_003 (USDJPY)
2023-09-05 08:56:20,0.0,5287.5301436608115,cand_003 (USDJPY)
2023-09-05 13:00:00,10.67548196683333,5298.205625627645,cand_003 (USDJPY)
2023-09-06 07:00:00,0.5672413372387529,5298.772866964882,cand_003 (USDJPY)
2023-09-07 07:00:00,0.5672413372387529,5299.340108302122,cand_003 (USDJPY)
2023-09-11 07:32:20,0.0,5299.340108302122,cand_003 (USDJPY)
2023-09-11 13:00:00,-17.941843496861754,5281.39826480526,cand_003 (USDJPY)
2023-09-13 07:00:00,0.5672413372387529,5281.965506142498,cand_003 (USDJPY)
2023-09-13 08:00:00,0.6146637622021717,5282.580169904701,cand_008 (EURJPY)
2023-09-19 07:00:00,0.5672413372387529,5283.147411241939,cand_003 (USDJPY)
2023-09-19 09:45:40,0.0,5283.147411241939,cand_003 (USDJPY)
2023-09-19 13:00:00,-8.758206246966346,5274.389204994973,cand_003 (USDJPY)
2023-09-21 07:00:00,0.5672413372387529,5274.956446332211,cand_003 (USDJPY)
2023-09-22 07:00:00,0.5672413372387529,5275.52368766945,cand_003 (USDJPY)
2023-09-22 08:00:00,0.6146637622021717,5276.138351431652,cand_008 (EURJPY)
2023-09-22 09:36:40,0.0,5276.138351431652,cand_003 (USDJPY)
2023-09-22 13:00:00,0.38288790263615824,5276.521239334288,cand_003 (USDJPY)
2023-09-25 07:00:00,0.5672413372387529,5277.088480671527,cand_003 (USDJPY)
2023-09-26 07:00:00,0.5672413372387529,5277.655722008765,cand_003 (USDJPY)
2023-09-26 09:21:40,0.0,5277.655722008765,cand_003 (USDJPY)
2023-09-26 13:00:00,-8.687301079811501,5268.9684209289535,cand_003 (USDJPY)
2023-09-28 07:00:00,0.5672413372387529,5269.535662266193,cand_003 (USDJPY)
2023-09-29 07:00:00,0.5672413372387529,5270.102903603431,cand_003 (USDJPY)
2023-09-29 08:00:00,0.6146637622021717,5270.717567365633,cand_008 (EURJPY)
2023-10-02 07:00:00,0.5672413372387529,5271.284808702872,cand_003 (USDJPY)
2023-10-09 07:00:00,0.5672413372387529,5271.85205004011,cand_003 (USDJPY)
2023-10-11 07:00:00,0.5672413372387529,5272.4192913773495,cand_003 (USDJPY)
2023-10-11 08:53:40,0.0,5272.4192913773495,cand_003 (USDJPY)
2023-10-11 13:00:00,-11.217197443896339,5261.2020939334525,cand_003 (USDJPY)
2023-10-12 07:00:00,0.5672413372387529,5261.769335270691,cand_003 (USDJPY)
2023-10-16 07:00:00,0.5672413372387529,5262.33657660793,cand_003 (USDJPY)
2023-10-18 07:00:00,0.5672413372387529,5262.903817945168,cand_003 (USDJPY)
2023-10-26 07:00:00,0.5672413372387529,5263.471059282407,cand_003 (USDJPY)
2023-10-26 09:05:40,0.0,5263.471059282407,cand_003 (USDJPY)
2023-10-26 09:47:40,42.51814167406796,5305.989200956475,cand_003 (USDJPY)
2023-10-26 09:47:40,-26.220730813861355,5279.768470142613,cand_003 (USDJPY)
2023-10-31 08:00:00,0.6146637622021717,5280.383133904816,cand_008 (EURJPY)
2023-10-31 08:36:40,0.0,5280.383133904816,cand_008 (EURJPY)
2023-10-31 15:00:00,58.71882920317346,5339.101963107989,cand_008 (EURJPY)
2023-11-01 07:00:00,0.5672413372387529,5339.6692044452275,cand_003 (USDJPY)
2023-11-01 08:00:00,0.6146637622021717,5340.28386820743,cand_008 (EURJPY)
2023-11-07 07:00:00,0.5672413372387529,5340.851109544668,cand_003 (USDJPY)
2023-11-07 08:38:40,0.0,5340.851109544668,cand_003 (USDJPY)
2023-11-07 13:00:00,-2.4533187835576067,5338.397790761111,cand_003 (USDJPY)
2023-11-08 07:00:00,0.5672413372387529,5338.965032098349,cand_003 (USDJPY)
2023-11-08 09:16:40,0.0,5338.965032098349,cand_003 (USDJPY)
2023-11-08 13:00:00,1.1656809480256374,5340.130713046375,cand_003 (USDJPY)
2023-11-13 07:00:00,0.5672413372387529,5340.697954383613,cand_003 (USDJPY)
2023-11-22 07:00:00,0.5672413372387529,5341.265195720852,cand_003 (USDJPY)
2023-11-22 07:15:40,0.0,5341.265195720852,cand_003 (USDJPY)
2023-11-22 08:00:00,0.6146637622021717,5341.879859483054,cand_008 (EURJPY)
2023-11-22 08:13:40,0.0,5341.879859483054,cand_008 (EURJPY)
2023-11-22 13:00:00,14.249102391437473,5356.128961874492,cand_003 (USDJPY)
2023-11-22 15:00:00,-7.52041113054357,5348.608550743948,cand_008 (EURJPY)
2023-11-23 07:00:00,0.5672413372387529,5349.175792081187,cand_003 (USDJPY)
2023-11-24 07:00:00,0.5672413372387529,5349.7430334184255,cand_003 (USDJPY)
2023-11-24 08:00:00,0.6146637622021717,5350.357697180628,cand_008 (EURJPY)
2023-11-27 08:00:00,0.6146637622021717,5350.97236094283,cand_008 (EURJPY)
2023-12-01 07:00:00,0.5672413372387529,5351.539602280069,cand_003 (USDJPY)
2023-12-01 09:52:40,0.0,5351.539602280069,cand_003 (USDJPY)
2023-12-01 13:00:00,-12.99549903613983,5338.5441032439285,cand_003 (USDJPY)
2023-12-05 08:24:20,0.0,5338.5441032439285,cand_003 (USDJPY)
2023-12-05 13:00:00,-9.716844106899837,5328.82725913703,cand_003 (USDJPY)
2023-12-06 07:00:00,0.5672413372387529,5329.394500474267,cand_003 (USDJPY)
2023-12-07 07:49:40,0.0,5329.394500474267,cand_003 (USDJPY)
2023-12-07 08:22:40,0.0,5329.394500474267,cand_008 (EURJPY)
2023-12-07 12:13:40,71.96307224879439,5401.357572723062,cand_003 (USDJPY)
2023-12-07 12:13:40,41.0461504039334,5442.403723126996,cand_003 (USDJPY)
2023-12-07 15:00:00,56.481453108757556,5498.8851762357535,cand_008 (EURJPY)
2023-12-11 07:00:00,0.5672413372387529,5499.452417572992,cand_003 (USDJPY)
2023-12-11 08:00:00,0.6146637622021717,5500.067081335194,cand_008 (EURJPY)
2023-12-11 08:15:40,0.0,5500.067081335194,cand_008 (EURJPY)
2023-12-11 09:40:40,0.0,5500.067081335194,cand_003 (USDJPY)
2023-12-11 13:00:00,17.105162524434594,5517.172243859629,cand_003 (USDJPY)
2023-12-11 15:00:00,25.9541773589867,5543.126421218616,cand_008 (EURJPY)
2023-12-12 07:22:40,0.0,5543.126421218616,cand_003 (USDJPY)
2023-12-12 13:00:00,2.966672193758678,5546.093093412374,cand_003 (USDJPY)
2023-12-13 07:00:00,0.5672413372387529,5546.660334749613,cand_003 (USDJPY)
2023-12-13 08:33:40,0.0,5546.660334749613,cand_003 (USDJPY)
2023-12-13 13:00:00,-7.359956350672819,5539.300378398941,cand_003 (USDJPY)
2023-12-19 07:00:00,0.5672413372387529,5539.867619736178,cand_003 (USDJPY)
2023-12-19 08:00:00,0.6146637622021717,5540.482283498381,cand_008 (EURJPY)
2023-12-19 09:01:40,0.0,5540.482283498381,cand_003 (USDJPY)
2023-12-19 13:00:00,36.96428174116334,5577.446565239545,cand_003 (USDJPY)
2023-12-20 07:00:00,0.5672413372387529,5578.013806576782,cand_003 (USDJPY)
2023-12-20 08:00:00,0.6146637622021717,5578.628470338985,cand_008 (EURJPY)
2023-12-27 07:00:00,0.5672413372387529,5579.195711676224,cand_003 (USDJPY)
2023-12-27 08:00:00,0.6146637622021717,5579.8103754384265,cand_008 (EURJPY)
2023-12-28 09:03:40,0.0,5579.8103754384265,cand_003 (USDJPY)
2023-12-28 13:00:00,10.925068155218382,5590.735443593645,cand_003 (USDJPY)
2024-01-02 07:00:00,0.5672413372387529,5591.302684930883,cand_003 (USDJPY)
2024-01-03 07:00:00,0.5672413372387529,5591.869926268122,cand_003 (USDJPY)
2024-01-03 09:14:40,0.0,5591.869926268122,cand_003 (USDJPY)
2024-01-03 13:00:00,13.401076592265538,5605.271002860387,cand_003 (USDJPY)
2024-01-04 07:00:00,0.5672413372387529,5605.8382441976255,cand_003 (USDJPY)
2024-01-04 07:34:40,0.0,5605.8382441976255,cand_003 (USDJPY)
2024-01-04 08:00:00,0.6146637622021717,5606.452907959828,cand_008 (EURJPY)
2024-01-04 13:00:00,20.40934331385033,5626.862251273678,cand_003 (USDJPY)
2024-01-05 07:00:00,0.5672413372387529,5627.429492610917,cand_003 (USDJPY)
2024-01-05 08:00:00,0.6146637622021717,5628.044156373119,cand_008 (EURJPY)
2024-01-05 08:23:40,0.0,5628.044156373119,cand_003 (USDJPY)
2024-01-05 08:31:40,0.0,5628.044156373119,cand_008 (EURJPY)
2024-01-05 13:00:00,5.116516861893551,5633.160673235013,cand_003 (USDJPY)
2024-01-05 15:00:00,-15.249807940235879,5617.910865294777,cand_008 (EURJPY)
2024-01-08 07:00:00,0.5672413372387529,5618.478106632016,cand_003 (USDJPY)
2024-01-10 07:00:00,0.5672413372387529,5619.045347969254,cand_003 (USDJPY)
2024-01-10 08:00:00,0.6146637622021717,5619.6600117314565,cand_008 (EURJPY)
2024-01-10 08:52:40,0.0,5619.6600117314565,cand_003 (USDJPY)
2024-01-10 08:57:20,0.0,5619.6600117314565,cand_008 (EURJPY)
2024-01-10 13:00:00,-5.088154795031614,5614.571856936425,cand_003 (USDJPY)
2024-01-10 15:00:00,18.320053432435728,5632.89191036886,cand_008 (EURJPY)
2024-01-11 07:00:00,0.5672413372387529,5633.459151706099,cand_003 (USDJPY)
2024-01-11 08:00:00,0.6146637622021717,5634.073815468301,cand_008 (EURJPY)
2024-01-12 08:00:00,0.6146637622021717,5634.688479230504,cand_008 (EURJPY)
2024-01-15 07:00:00,0.5672413372387529,5635.255720567742,cand_003 (USDJPY)
2024-01-15 08:00:00,0.6146637622021717,5635.8703843299445,cand_008 (EURJPY)
2024-01-15 09:01:40,0.0,5635.8703843299445,cand_003 (USDJPY)
2024-01-15 13:00:00,12.03118876283395,5647.901573092779,cand_003 (USDJPY)
2024-01-16 07:00:00,0.5672413372387529,5648.468814430017,cand_003 (USDJPY)
2024-01-16 08:00:00,0.6146637622021717,5649.083478192219,cand_008 (EURJPY)
2024-01-17 07:00:00,0.5672413372387529,5649.650719529458,cand_003 (USDJPY)
2024-01-17 07:37:40,0.0,5649.650719529458,cand_003 (USDJPY)
2024-01-17 13:00:00,5.298034089809952,5654.948753619268,cand_003 (USDJPY)
2024-01-18 07:00:00,0.5672413372387529,5655.515994956506,cand_003 (USDJPY)
2024-01-19 07:00:00,0.5672413372387529,5656.083236293745,cand_003 (USDJPY)
2024-01-19 07:32:40,0.0,5656.083236293745,cand_003 (USDJPY)
2024-01-19 08:00:00,0.6146637622021717,5656.697900055948,cand_008 (EURJPY)
2024-01-19 08:24:40,0.0,5656.697900055948,cand_008 (EURJPY)
2024-01-19 12:07:40,49.44078704461278,5706.13868710056,cand_008 (EURJPY)
2024-01-19 12:07:40,-41.603516744653994,5664.535170355906,cand_008 (EURJPY)
2024-01-19 13:00:00,-25.151480893166305,5639.38368946274,cand_003 (USDJPY)
2024-01-23 08:00:00,0.6146637622021717,5639.998353224943,cand_008 (EURJPY)
2024-01-23 08:40:20,0.0,5639.998353224943,cand_003 (USDJPY)
2024-01-23 13:00:00,-5.638378892153204,5634.3599743327895,cand_003 (USDJPY)
2024-01-25 07:00:00,0.5672413372387529,5634.927215670028,cand_003 (USDJPY)
2024-01-26 07:00:00,0.5672413372387529,5635.494457007267,cand_003 (USDJPY)
2024-01-29 07:00:00,0.5672413372387529,5636.061698344505,cand_003 (USDJPY)
2024-01-31 07:00:00,0.5672413372387529,5636.628939681744,cand_003 (USDJPY)
2024-02-05 07:00:00,0.5672413372387529,5637.196181018982,cand_003 (USDJPY)
2024-02-06 07:00:00,0.5672413372387529,5637.763422356221,cand_003 (USDJPY)
2024-02-08 07:00:00,0.5672413372387529,5638.330663693459,cand_003 (USDJPY)
2024-02-08 07:31:40,0.0,5638.330663693459,cand_003 (USDJPY)
2024-02-08 08:00:00,0.6146637622021717,5638.945327455662,cand_008 (EURJPY)
2024-02-08 08:46:40,0.0,5638.945327455662,cand_008 (EURJPY)
2024-02-08 13:00:00,18.072309004426668,5657.017636460088,cand_003 (USDJPY)
2024-02-08 15:00:00,6.835061035688149,5663.852697495777,cand_008 (EURJPY)
2024-02-09 07:00:00,0.5672413372387529,5664.419938833015,cand_003 (USDJPY)
2024-02-13 07:00:00,0.5672413372387529,5664.987180170254,cand_003 (USDJPY)
2024-02-14 07:00:00,0.5672413372387529,5665.554421507492,cand_003 (USDJPY)
2024-02-16 07:00:00,0.5672413372387529,5666.121662844731,cand_003 (USDJPY)
2024-02-20 07:00:00,0.5672413372387529,5666.6889041819695,cand_003 (USDJPY)
2024-02-26 07:00:00,0.5672413372387529,5667.256145519208,cand_003 (USDJPY)
2024-02-28 07:00:00,0.5672413372387529,5667.823386856447,cand_003 (USDJPY)
2024-02-28 09:37:40,0.0,5667.823386856447,cand_003 (USDJPY)
2024-02-28 13:00:00,-3.916801433633589,5663.906585422813,cand_003 (USDJPY)
2024-03-01 07:00:00,0.5672413372387529,5664.473826760051,cand_003 (USDJPY)
2024-03-04 07:00:00,0.5672413372387529,5665.04106809729,cand_003 (USDJPY)
2024-03-04 08:30:20,0.0,5665.04106809729,cand_003 (USDJPY)
2024-03-04 13:00:00,0.7913016654480604,5665.832369762738,cand_003 (USDJPY)
2024-03-06 09:07:40,0.0,5665.832369762738,cand_003 (USDJPY)
2024-03-06 13:00:00,-3.3325428562776733,5662.49982690646,cand_003 (USDJPY)
2024-03-07 08:35:40,0.0,5662.49982690646,cand_008 (EURJPY)
2024-03-07 08:50:40,0.0,5662.49982690646,cand_003 (USDJPY)
2024-03-07 13:00:00,14.345533418768062,5676.845360325228,cand_003 (USDJPY)
2024-03-07 15:00:00,26.728653699361434,5703.57401402459,cand_008 (EURJPY)
2024-03-12 07:00:00,0.5672413372387529,5704.141255361828,cand_003 (USDJPY)
2024-03-12 08:00:00,0.6146637622021717,5704.755919124031,cand_008 (EURJPY)
2024-03-12 08:36:40,0.0,5704.755919124031,cand_008 (EURJPY)
2024-03-12 08:37:40,0.0,5704.755919124031,cand_003 (USDJPY)
2024-03-12 13:00:00,-5.34908581016144,5699.406833313869,cand_003 (USDJPY)
2024-03-12 15:00:00,-6.08824456461251,5693.318588749256,cand_008 (EURJPY)
2024-03-14 07:00:00,0.5672413372387529,5693.885830086496,cand_003 (USDJPY)
2024-03-15 07:00:00,0.5672413372387529,5694.4530714237335,cand_003 (USDJPY)
2024-03-18 07:00:00,0.5672413372387529,5695.020312760973,cand_003 (USDJPY)
2024-03-18 08:00:00,0.6146637622021717,5695.634976523175,cand_008 (EURJPY)
2024-03-19 07:00:00,0.5672413372387529,5696.202217860413,cand_003 (USDJPY)
2024-03-19 07:42:40,0.0,5696.202217860413,cand_003 (USDJPY)
2024-03-19 08:00:00,0.6146637622021717,5696.816881622615,cand_008 (EURJPY)
2024-03-19 08:04:40,0.0,5696.816881622615,cand_008 (EURJPY)
2024-03-19 13:00:00,23.56604135558399,5720.3829229781995,cand_003 (USDJPY)
2024-03-19 15:00:00,-0.9004824116261816,5719.482440566573,cand_008 (EURJPY)
2024-03-20 07:00:00,0.5672413372387529,5720.049681903812,cand_003 (USDJPY)
2024-03-20 07:11:40,0.0,5720.049681903812,cand_003 (USDJPY)
2024-03-20 08:00:00,0.6146637622021717,5720.664345666014,cand_008 (EURJPY)
2024-03-20 13:00:00,7.8903270009910536,5728.554672667005,cand_003 (USDJPY)
2024-03-21 08:00:00,0.6146637622021717,5729.169336429208,cand_008 (EURJPY)
2024-03-21 08:55:20,0.0,5729.169336429208,cand_008 (EURJPY)
2024-03-21 15:00:00,-9.923746440754062,5719.2455899884535,cand_008 (EURJPY)
2024-03-22 07:00:00,0.5672413372387529,5719.812831325691,cand_003 (USDJPY)
2024-03-27 07:00:00,0.5672413372387529,5720.380072662931,cand_003 (USDJPY)
2024-03-27 08:00:00,0.6146637622021717,5720.994736425133,cand_008 (EURJPY)
2024-04-02 07:00:00,0.5672413372387529,5721.561977762371,cand_003 (USDJPY)
2024-04-08 07:00:00,0.5672413372387529,5722.12921909961,cand_003 (USDJPY)
2024-04-11 07:00:00,0.5672413372387529,5722.696460436848,cand_003 (USDJPY)
2024-04-12 07:00:00,0.5672413372387529,5723.263701774087,cand_003 (USDJPY)
2024-04-15 07:00:00,0.5672413372387529,5723.830943111325,cand_003 (USDJPY)
2024-04-15 07:39:40,0.0,5723.830943111325,cand_003 (USDJPY)
2024-04-15 08:00:00,0.6146637622021717,5724.445606873527,cand_008 (EURJPY)
2024-04-15 08:53:40,0.0,5724.445606873527,cand_008 (EURJPY)
2024-04-15 13:00:00,0.0,5724.445606873527,cand_003 (USDJPY)
2024-04-15 15:00:00,0.9189223244922468,5725.364529198019,cand_008 (EURJPY)
2024-04-16 07:00:00,0.5672413372387529,5725.931770535259,cand_003 (USDJPY)
2024-04-16 09:31:40,0.0,5725.931770535259,cand_003 (USDJPY)
2024-04-16 13:00:00,0.36587066251899564,5726.297641197777,cand_003 (USDJPY)
2024-04-22 07:00:00,0.5672413372387529,5726.864882535016,cand_003 (USDJPY)
2024-04-25 07:00:00,0.5672413372387529,5727.432123872254,cand_003 (USDJPY)
2024-04-25 07:57:40,0.0,5727.432123872254,cand_003 (USDJPY)
2024-04-25 08:00:00,0.6146637622021717,5728.046787634456,cand_008 (EURJPY)
2024-04-25 08:17:40,0.0,5728.046787634456,cand_008 (EURJPY)
2024-04-25 13:00:00,-0.5105172035148776,5727.536270430941,cand_003 (USDJPY)
2024-04-25 15:00:00,0.07990628908628232,5727.616176720028,cand_008 (EURJPY)
2024-04-26 07:00:00,0.5672413372387529,5728.183418057266,cand_003 (USDJPY)
2024-04-26 08:00:00,0.6146637622021717,5728.798081819468,cand_008 (EURJPY)
2024-04-26 09:57:40,0.0,5728.798081819468,cand_003 (USDJPY)
2024-04-26 11:01:40,44.04061742321678,5772.838699242686,cand_003 (USDJPY)
2024-04-26 11:01:40,-36.20134214257721,5736.637357100108,cand_003 (USDJPY)
2024-04-30 07:00:00,0.5672413372387529,5737.204598437347,cand_003 (USDJPY)
2024-04-30 08:00:00,0.6146637622021717,5737.8192621995495,cand_008 (EURJPY)
2024-05-01 07:00:00,0.5672413372387529,5738.386503536787,cand_003 (USDJPY)
2024-05-06 07:00:00,0.5672413372387529,5738.953744874027,cand_003 (USDJPY)
2024-05-06 08:00:00,0.6146637622021717,5739.568408636229,cand_008 (EURJPY)
2024-05-07 07:00:00,0.5672413372387529,5740.135649973467,cand_003 (USDJPY)
2024-05-07 08:00:00,0.6146637622021717,5740.750313735669,cand_008 (EURJPY)
2024-05-08 07:00:00,0.5672413372387529,5741.317555072908,cand_003 (USDJPY)
2024-05-09 07:00:00,0.5672413372387529,5741.884796410146,cand_003 (USDJPY)
2024-05-09 08:00:00,0.6146637622021717,5742.499460172348,cand_008 (EURJPY)
2024-05-09 09:50:20,0.0,5742.499460172348,cand_003 (USDJPY)
2024-05-09 13:00:00,3.20207734871276,5745.701537521061,cand_003 (USDJPY)
2024-05-10 07:00:00,0.5672413372387529,5746.268778858301,cand_003 (USDJPY)
2024-05-13 07:00:00,0.5672413372387529,5746.836020195538,cand_003 (USDJPY)
2024-05-13 08:00:00,0.6146637622021717,5747.450683957741,cand_008 (EURJPY)
2024-05-14 07:00:00,0.5672413372387529,5748.01792529498,cand_003 (USDJPY)
2024-05-15 07:00:00,0.5672413372387529,5748.585166632218,cand_003 (USDJPY)
2024-05-17 07:00:00,0.5672413372387529,5749.152407969457,cand_003 (USDJPY)
2024-05-17 08:00:00,0.6146637622021717,5749.76707173166,cand_008 (EURJPY)
2024-05-20 07:00:00,0.5672413372387529,5750.334313068897,cand_003 (USDJPY)
2024-05-21 07:00:00,0.5672413372387529,5750.901554406137,cand_003 (USDJPY)
2024-05-22 07:00:00,0.5672413372387529,5751.468795743374,cand_003 (USDJPY)
2024-05-22 09:27:20,0.0,5751.468795743374,cand_003 (USDJPY)
2024-05-22 13:00:00,-1.4861723035655328,5749.98262343981,cand_003 (USDJPY)
2024-05-23 07:00:00,0.5672413372387529,5750.549864777047,cand_003 (USDJPY)
2024-05-24 07:00:00,0.5672413372387529,5751.117106114287,cand_003 (USDJPY)
2024-05-29 07:00:00,0.5672413372387529,5751.684347451524,cand_003 (USDJPY)
2024-05-30 07:00:00,0.5672413372387529,5752.251588788764,cand_003 (USDJPY)
2024-05-30 08:23:40,0.0,5752.251588788764,cand_008 (EURJPY)
2024-05-30 15:00:00,-2.5877344388711427,5749.663854349892,cand_008 (EURJPY)
2024-06-03 07:00:00,0.5672413372387529,5750.2310956871315,cand_003 (USDJPY)
2024-06-03 08:00:00,0.6146637622021717,5750.845759449334,cand_008 (EURJPY)
2024-06-04 08:00:00,0.6146637622021717,5751.460423211536,cand_008 (EURJPY)
2024-06-04 09:16:40,0.0,5751.460423211536,cand_003 (USDJPY)
2024-06-04 13:00:00,24.45377404836264,5775.914197259898,cand_003 (USDJPY)
2024-06-06 08:00:00,0.6146637622021717,5776.5288610221005,cand_008 (EURJPY)
2024-06-07 09:07:40,0.0,5776.5288610221005,cand_003 (USDJPY)
2024-06-07 13:00:00,-4.886784120311857,5771.642076901789,cand_003 (USDJPY)
2024-06-10 07:00:00,0.5672413372387529,5772.209318239027,cand_003 (USDJPY)
2024-06-11 07:00:00,0.5672413372387529,5772.776559576266,cand_003 (USDJPY)
2024-06-13 07:00:00,0.5672413372387529,5773.343800913504,cand_003 (USDJPY)
2024-06-13 08:17:40,0.0,5773.343800913504,cand_003 (USDJPY)
2024-06-13 13:00:00,0.0,5773.343800913504,cand_003 (USDJPY)
2024-06-14 07:00:00,0.5672413372387529,5773.911042250743,cand_003 (USDJPY)
2024-06-14 08:00:00,0.6146637622021717,5774.525706012945,cand_008 (EURJPY)
2024-06-14 08:52:40,0.0,5774.525706012945,cand_003 (USDJPY)
2024-06-14 08:56:40,0.0,5774.525706012945,cand_008 (EURJPY)
2024-06-14 11:46:20,-54.53296898257667,5719.9927370303685,cand_008 (EURJPY)
2024-06-14 11:46:20,51.738707519605605,5771.731444549974,cand_008 (EURJPY)
2024-06-14 13:00:00,-36.64946279899583,5735.081981750978,cand_003 (USDJPY)
2024-06-17 07:00:00,0.5672413372387529,5735.649223088217,cand_003 (USDJPY)
2024-06-20 07:00:00,0.5672413372387529,5736.216464425455,cand_003 (USDJPY)
2024-06-21 07:00:00,0.5672413372387529,5736.783705762694,cand_003 (USDJPY)
2024-06-24 07:00:00,0.5672413372387529,5737.3509470999325,cand_003 (USDJPY)
2024-06-25 07:00:00,0.5672413372387529,5737.918188437171,cand_003 (USDJPY)
2024-06-26 07:00:00,0.5672413372387529,5738.48542977441,cand_003 (USDJPY)
2024-06-27 07:00:00,0.5672413372387529,5739.052671111648,cand_003 (USDJPY)
2024-06-28 07:00:00,0.5672413372387529,5739.619912448887,cand_003 (USDJPY)
2024-07-01 07:00:00,0.5672413372387529,5740.187153786125,cand_003 (USDJPY)
2024-07-01 08:00:00,0.6146637622021717,5740.801817548328,cand_008 (EURJPY)
2024-07-02 07:00:00,0.5672413372387529,5741.369058885566,cand_003 (USDJPY)
2024-07-03 07:00:00,0.5672413372387529,5741.936300222805,cand_003 (USDJPY)
2024-07-03 08:08:40,0.0,5741.936300222805,cand_003 (USDJPY)
2024-07-03 13:00:00,2.8390428928799585,5744.775343115685,cand_003 (USDJPY)
2024-07-04 07:00:00,0.5672413372387529,5745.342584452923,cand_003 (USDJPY)
2024-07-09 07:00:00,0.5672413372387529,5745.909825790162,cand_003 (USDJPY)
2024-07-10 07:00:00,0.5672413372387529,5746.4770671274,cand_003 (USDJPY)
2024-07-16 07:00:00,0.5672413372387529,5747.0443084646395,cand_003 (USDJPY)
2024-07-16 08:00:00,0.6146637622021717,5747.658972226842,cand_008 (EURJPY)
2024-07-17 08:04:40,0.0,5747.658972226842,cand_003 (USDJPY)
2024-07-17 11:00:40,39.55373844565824,5787.2127106725,cand_003 (USDJPY)
2024-07-17 11:00:40,44.53808807597516,5831.750798748475,cand_003 (USDJPY)
2024-07-19 07:00:00,0.5672413372387529,5832.318040085714,cand_003 (USDJPY)
2024-07-19 08:01:40,0.0,5832.318040085714,cand_003 (USDJPY)
2024-07-19 13:00:00,-10.669809553460942,5821.6482305322525,cand_003 (USDJPY)
2024-07-22 07:00:00,0.5672413372387529,5822.215471869491,cand_003 (USDJPY)
2024-07-24 07:02:40,0.0,5822.215471869491,cand_003 (USDJPY)
2024-07-24 08:08:40,0.0,5822.215471869491,cand_008 (EURJPY)
2024-07-24 13:00:00,4.067120388001858,5826.282592257493,cand_003 (USDJPY)
2024-07-24 15:00:00,10.642903042530603,5836.925495300024,cand_008 (EURJPY)
2024-07-30 07:00:00,0.5672413372387529,5837.492736637262,cand_003 (USDJPY)
2024-07-30 07:42:40,0.0,5837.492736637262,cand_003 (USDJPY)
2024-07-30 08:00:00,0.6146637622021717,5838.1074003994645,cand_008 (EURJPY)
2024-07-30 08:05:40,0.0,5838.1074003994645,cand_008 (EURJPY)
2024-07-30 13:00:00,15.976352263329476,5854.083752662794,cand_003 (USDJPY)
2024-07-30 15:00:00,14.881009682914577,5868.964762345709,cand_008 (EURJPY)
2024-08-06 08:00:00,0.6146637622021717,5869.579426107911,cand_008 (EURJPY)
2024-08-08 07:00:00,0.5672413372387529,5870.146667445149,cand_003 (USDJPY)
2024-08-08 08:00:00,0.6146637622021717,5870.761331207352,cand_008 (EURJPY)
2024-08-09 07:00:00,0.5672413372387529,5871.32857254459,cand_003 (USDJPY)
2024-08-09 08:00:00,0.6146637622021717,5871.943236306793,cand_008 (EURJPY)
2024-08-12 07:00:00,0.5672413372387529,5872.510477644031,cand_003 (USDJPY)
2024-08-12 08:00:00,0.6146637622021717,5873.1251414062335,cand_008 (EURJPY)
2024-08-12 08:34:40,0.0,5873.1251414062335,cand_008 (EURJPY)
2024-08-12 15:00:00,19.451034754887722,5892.576176161121,cand_008 (EURJPY)
2024-08-13 07:00:00,0.5672413372387529,5893.14341749836,cand_003 (USDJPY)
2024-08-13 07:23:40,0.0,5893.14341749836,cand_003 (USDJPY)
2024-08-13 08:00:00,0.6146637622021717,5893.758081260562,cand_008 (EURJPY)
2024-08-13 13:00:00,9.472930331887174,5903.231011592449,cand_003 (USDJPY)
2024-08-14 08:00:00,0.6146637622021717,5903.845675354652,cand_008 (EURJPY)
2024-08-15 07:00:00,0.5672413372387529,5904.41291669189,cand_003 (USDJPY)
2024-08-16 07:00:00,0.5672413372387529,5904.980158029129,cand_003 (USDJPY)
2024-08-19 07:33:40,0.0,5904.980158029129,cand_003 (USDJPY)
2024-08-19 08:33:40,0.0,5904.980158029129,cand_008 (EURJPY)
2024-08-19 13:00:00,-4.53509449122383,5900.445063537905,cand_003 (USDJPY)
2024-08-19 15:00:00,-15.108435274929379,5885.336628262976,cand_008 (EURJPY)
2024-08-20 07:00:00,0.5672413372387529,5885.9038696002135,cand_003 (USDJPY)
2024-08-20 08:00:00,0.6146637622021717,5886.518533362416,cand_008 (EURJPY)
2024-08-20 08:24:40,0.0,5886.518533362416,cand_003 (USDJPY)
2024-08-20 08:24:40,0.0,5886.518533362416,cand_008 (EURJPY)
2024-08-20 13:00:00,-31.561308003964214,5854.957225358452,cand_003 (USDJPY)
2024-08-20 15:00:00,-37.58361573985179,5817.3736096186,cand_008 (EURJPY)
2024-08-23 08:00:00,0.6146637622021717,5817.988273380803,cand_008 (EURJPY)
2024-08-27 07:00:00,0.5672413372387529,5818.555514718041,cand_003 (USDJPY)
2024-08-27 08:00:00,0.6146637622021717,5819.1701784802435,cand_008 (EURJPY)
2024-08-29 07:00:00,0.5672413372387529,5819.737419817482,cand_003 (USDJPY)
2024-08-29 08:00:00,0.6146637622021717,5820.352083579684,cand_008 (EURJPY)
2024-08-29 08:03:40,0.0,5820.352083579684,cand_008 (EURJPY)
2024-08-29 08:10:40,0.0,5820.352083579684,cand_003 (USDJPY)
2024-08-29 11:07:40,49.27329116941269,5869.625374749097,cand_008 (EURJPY)
2024-08-29 11:07:40,-38.481024832666954,5831.144349916431,cand_008 (EURJPY)
2024-08-29 13:00:00,-11.97162842242388,5819.1727214940065,cand_003 (USDJPY)
2024-09-02 07:00:00,0.5672413372387529,5819.739962831245,cand_003 (USDJPY)
2024-09-02 08:00:00,0.6146637622021717,5820.354626593447,cand_008 (EURJPY)
2024-09-03 07:00:00,0.5672413372387529,5820.921867930686,cand_003 (USDJPY)
2024-09-03 08:00:00,0.6146637622021717,5821.536531692888,cand_008 (EURJPY)
2024-09-05 09:28:40,0.0,5821.536531692888,cand_003 (USDJPY)
2024-09-05 13:00:00,-22.86549830409413,5798.671033388794,cand_003 (USDJPY)
2024-09-06 08:06:40,0.0,5798.671033388794,cand_003 (USDJPY)
2024-09-06 08:08:40,0.0,5798.671033388794,cand_008 (EURJPY)
2024-09-06 13:00:00,0.794137872134254,5799.465171260928,cand_003 (USDJPY)
2024-09-06 15:00:00,-9.321375953795933,5790.143795307133,cand_008 (EURJPY)
2024-09-10 07:00:00,0.5672413372387529,5790.711036644371,cand_003 (USDJPY)
2024-09-11 07:11:40,0.0,5790.711036644371,cand_003 (USDJPY)
2024-09-11 08:24:20,0.0,5790.711036644371,cand_008 (EURJPY)
2024-09-11 13:00:00,-18.988403764067254,5771.722632880304,cand_003 (USDJPY)
2024-09-11 14:20:40,-53.93367181442956,5717.788961065875,cand_008 (EURJPY)
2024-10-01 07:00:00,0.5672413372387529,5718.356202403113,cand_003 (USDJPY)
2024-10-01 08:00:00,0.6146637622021717,5718.970866165315,cand_008 (EURJPY)
2024-10-01 09:14:40,0.0,5718.970866165315,cand_003 (USDJPY)
2024-10-01 13:00:00,-28.730773731142836,5690.240092434173,cand_003 (USDJPY)
2024-10-02 07:00:00,0.5672413372387529,5690.80733377141,cand_003 (USDJPY)
2024-10-02 08:37:20,0.0,5690.80733377141,cand_008 (EURJPY)
2024-10-02 11:31:40,49.08735538134653,5739.894689152758,cand_008 (EURJPY)
2024-10-02 11:31:40,-43.49360781342567,5696.401081339332,cand_008 (EURJPY)
2024-10-03 07:00:00,0.5672413372387529,5696.96832267657,cand_003 (USDJPY)
2024-10-04 07:00:00,0.5672413372387529,5697.53556401381,cand_003 (USDJPY)
2024-10-07 07:00:00,0.5672413372387529,5698.102805351047,cand_003 (USDJPY)
2024-10-08 07:00:00,0.5672413372387529,5698.670046688287,cand_003 (USDJPY)
2024-10-09 07:00:00,0.5672413372387529,5699.237288025524,cand_003 (USDJPY)
2024-10-09 08:16:40,0.0,5699.237288025524,cand_003 (USDJPY)
2024-10-09 13:00:00,2.1753705283106175,5701.412658553835,cand_003 (USDJPY)
2024-10-10 07:00:00,0.5672413372387529,5701.979899891074,cand_003 (USDJPY)
2024-10-10 07:30:40,0.0,5701.979899891074,cand_003 (USDJPY)
2024-10-10 12:28:40,-21.260205319708458,5680.719694571366,cand_003 (USDJPY)
2024-10-10 12:28:40,42.2228925580352,5722.942587129401,cand_003 (USDJPY)
2024-11-01 08:00:00,0.6146637622021717,5723.557250891603,cand_008 (EURJPY)
2024-11-05 07:00:00,0.5672413372387529,5724.1244922288415,cand_003 (USDJPY)
2024-11-05 08:00:00,0.6146637622021717,5724.739155991044,cand_008 (EURJPY)
2024-11-06 08:13:40,0.0,5724.739155991044,cand_008 (EURJPY)
2024-11-06 15:00:00,0.11985943362942347,5724.859015424673,cand_008 (EURJPY)
2024-11-07 07:00:00,0.5672413372387529,5725.426256761912,cand_003 (USDJPY)
2024-11-11 07:00:00,0.5672413372387529,5725.99349809915,cand_003 (USDJPY)
2024-11-12 07:00:00,0.5672413372387529,5726.560739436389,cand_003 (USDJPY)
2024-11-13 07:00:00,0.5672413372387529,5727.127980773627,cand_003 (USDJPY)
2024-11-13 08:04:40,0.0,5727.127980773627,cand_003 (USDJPY)
2024-11-13 13:00:00,-2.7823187591560834,5724.345662014472,cand_003 (USDJPY)
2024-11-14 07:00:00,0.5672413372387529,5724.912903351709,cand_003 (USDJPY)
2024-11-14 08:00:00,0.6146637622021717,5725.527567113912,cand_008 (EURJPY)
2024-11-15 07:00:00,0.5672413372387529,5726.094808451151,cand_003 (USDJPY)
2024-11-20 07:00:00,0.5672413372387529,5726.662049788389,cand_003 (USDJPY)
2024-11-20 08:01:40,0.0,5726.662049788389,cand_003 (USDJPY)
2024-11-20 13:00:00,17.55328318085321,5744.215332969243,cand_003 (USDJPY)
2024-11-21 08:12:40,0.0,5744.215332969243,cand_003 (USDJPY)
2024-11-21 13:00:00,11.092404349703813,5755.307737318946,cand_003 (USDJPY)
2024-11-27 08:30:40,0.0,5755.307737318946,cand_003 (USDJPY)
2024-11-27 08:52:40,0.0,5755.307737318946,cand_008 (EURJPY)
2024-11-27 13:00:00,25.996670485652047,5781.304407804599,cand_003 (USDJPY)
2024-11-27 15:00:00,-3.8938949335507576,5777.410512871047,cand_008 (EURJPY)
2024-11-29 09:27:40,0.0,5777.410512871047,cand_003 (USDJPY)
2024-11-29 13:00:00,-13.690369674257303,5763.72014319679,cand_003 (USDJPY)
2024-12-04 07:00:00,0.5672413372387529,5764.287384534029,cand_003 (USDJPY)
2024-12-04 08:00:00,0.6146637622021717,5764.902048296231,cand_008 (EURJPY)
2024-12-04 09:17:40,0.0,5764.902048296231,cand_003 (USDJPY)
2024-12-04 13:00:00,21.319765660118527,5786.22181395635,cand_003 (USDJPY)
2024-12-05 07:00:00,0.5672413372387529,5786.789055293588,cand_003 (USDJPY)
2024-12-05 08:50:40,0.0,5786.789055293588,cand_008 (EURJPY)
2024-12-05 14:32:40,-37.53444263887561,5749.254612654713,cand_008 (EURJPY)
2024-12-05 14:32:40,48.71241048640321,5797.967023141116,cand_008 (EURJPY)
2024-12-10 07:00:00,0.5672413372387529,5798.534264478354,cand_003 (USDJPY)
2024-12-11 07:00:00,0.5672413372387529,5799.101505815594,cand_003 (USDJPY)
2024-12-12 07:00:00,0.5672413372387529,5799.668747152831,cand_003 (USDJPY)
2024-12-12 07:33:40,0.0,5799.668747152831,cand_003 (USDJPY)
2024-12-12 13:00:00,-9.833128581033783,5789.8356185717985,cand_003 (USDJPY)
2024-12-13 07:00:00,0.5672413372387529,5790.402859909036,cand_003 (USDJPY)
2024-12-16 07:00:00,0.5672413372387529,5790.970101246276,cand_003 (USDJPY)
2024-12-17 07:00:00,0.5672413372387529,5791.537342583513,cand_003 (USDJPY)
2024-12-19 07:00:00,0.5672413372387529,5792.104583920753,cand_003 (USDJPY)
2024-12-19 08:36:40,0.0,5792.104583920753,cand_003 (USDJPY)
2024-12-19 13:00:00,50.01934111771324,5842.123925038466,cand_003 (USDJPY)
2024-12-20 07:00:00,0.5672413372387529,5842.691166375704,cand_003 (USDJPY)
2024-12-23 07:00:00,0.5672413372387529,5843.258407712943,cand_003 (USDJPY)
2024-12-23 09:17:40,0.0,5843.258407712943,cand_003 (USDJPY)
2024-12-23 13:00:00,-0.03687068692051894,5843.221537026022,cand_003 (USDJPY)
2024-12-24 07:00:00,0.5672413372387529,5843.788778363261,cand_003 (USDJPY)
2024-12-25 07:00:00,0.5672413372387529,5844.356019700499,cand_003 (USDJPY)
2024-12-26 03:26:40,0.0,5844.356019700499,cand_003 (USDJPY)
2024-12-26 13:00:00,-1.2621119753562253,5843.093907725143,cand_003 (USDJPY)
2024-12-27 07:00:00,0.5672413372387529,5843.661149062382,cand_003 (USDJPY)
2024-12-30 07:00:00,0.5672413372387529,5844.22839039962,cand_003 (USDJPY)
2025-01-02 08:26:40,0.0,5844.22839039962,cand_008 (EURJPY)
2025-01-02 08:27:40,0.0,5844.22839039962,cand_003 (USDJPY)
2025-01-02 13:00:00,-10.72086127381243,5833.507529125808,cand_003 (USDJPY)
2025-01-02 15:00:00,21.86973665915327,5855.377265784961,cand_008 (EURJPY)
2025-01-03 07:00:00,0.5672413372387529,5855.9445071222,cand_003 (USDJPY)
2025-01-06 07:00:00,0.5672413372387529,5856.511748459438,cand_003 (USDJPY)
2025-01-06 08:00:00,0.6146637622021717,5857.126412221641,cand_008 (EURJPY)
2025-01-07 07:00:00,0.5672413372387529,5857.693653558879,cand_003 (USDJPY)
2025-01-07 08:00:00,0.6146637622021717,5858.308317321082,cand_008 (EURJPY)
2025-01-08 07:00:00,0.5672413372387529,5858.87555865832,cand_003 (USDJPY)
2025-01-10 07:00:00,0.5672413372387529,5859.442799995559,cand_003 (USDJPY)
2025-01-15 07:13:40,0.0,5859.442799995559,cand_003 (USDJPY)
2025-01-15 13:00:00,23.004472431717623,5882.447272427276,cand_003 (USDJPY)
2025-01-20 08:00:00,0.6146637622021717,5883.061936189479,cand_008 (EURJPY)
2025-01-20 08:29:40,0.0,5883.061936189479,cand_008 (EURJPY)
2025-01-20 15:00:00,19.497134537052883,5902.559070726531,cand_008 (EURJPY)
2025-01-21 08:00:00,0.6146637622021717,5903.173734488733,cand_008 (EURJPY)
2025-01-22 07:00:00,0.5672413372387529,5903.740975825973,cand_003 (USDJPY)
2025-01-22 08:00:00,0.6146637622021717,5904.355639588175,cand_008 (EURJPY)
2025-01-22 09:56:40,0.0,5904.355639588175,cand_003 (USDJPY)
2025-01-22 13:00:00,-11.872361188407098,5892.483278399768,cand_003 (USDJPY)
2025-01-23 07:00:00,0.5672413372387529,5893.050519737006,cand_003 (USDJPY)
2025-01-23 07:05:20,0.0,5893.050519737006,cand_003 (USDJPY)
2025-01-23 13:00:00,-12.439602525645851,5880.61091721136,cand_003 (USDJPY)
2025-01-24 08:40:20,0.0,5880.61091721136,cand_003 (USDJPY)
2025-01-24 13:00:00,-38.705712646486305,5841.905204564873,cand_003 (USDJPY)
2025-01-27 08:00:00,0.6146637622021717,5842.5198683270755,cand_008 (EURJPY)
2025-01-27 08:04:40,0.0,5842.5198683270755,cand_008 (EURJPY)
2025-01-27 11:05:40,49.94235267456975,5892.462221001646,cand_008 (EURJPY)
2025-01-27 11:05:40,-35.23560016823949,5857.226620833406,cand_008 (EURJPY)
2025-02-03 07:00:00,0.5672413372387529,5857.793862170645,cand_003 (USDJPY)
2025-02-04 07:00:00,0.5672413372387529,5858.361103507883,cand_003 (USDJPY)
2025-02-11 07:00:00,0.5672413372387529,5858.928344845122,cand_003 (USDJPY)
2025-02-12 07:00:00,0.5672413372387529,5859.49558618236,cand_003 (USDJPY)
2025-02-12 08:00:00,0.6146637622021717,5860.110249944562,cand_008 (EURJPY)
2025-02-13 07:00:00,0.5672413372387529,5860.677491281802,cand_003 (USDJPY)
2025-02-13 08:00:00,0.6146637622021717,5861.292155044004,cand_008 (EURJPY)
2025-02-18 07:00:00,0.5672413372387529,5861.859396381242,cand_003 (USDJPY)
2025-02-19 08:29:40,0.0,5861.859396381242,cand_003 (USDJPY)
2025-02-19 13:00:00,-5.644051305525591,5856.215345075717,cand_003 (USDJPY)
2025-02-20 08:27:40,0.0,5856.215345075717,cand_003 (USDJPY)
2025-02-20 08:41:40,0.0,5856.215345075717,cand_008 (EURJPY)
2025-02-20 13:00:00,0.30347411542273284,5856.51881919114,cand_003 (USDJPY)
2025-02-20 15:00:00,-4.136687119620616,5852.38213207152,cand_008 (EURJPY)
2025-02-21 08:00:00,0.6146637622021717,5852.996795833722,cand_008 (EURJPY)
2025-02-24 08:00:00,0.6146637622021717,5853.611459595924,cand_008 (EURJPY)
2025-02-25 09:33:40,0.0,5853.611459595924,cand_003 (USDJPY)
2025-02-25 13:00:00,-17.834067642786394,5835.777391953137,cand_003 (USDJPY)
2025-02-28 07:00:00,0.5672413372387529,5836.344633290376,cand_003 (USDJPY)
2025-02-28 09:42:40,0.0,5836.344633290376,cand_003 (USDJPY)
2025-02-28 13:00:00,3.848732473164939,5840.193365763541,cand_003 (USDJPY)
2025-03-03 07:00:00,0.5672413372387529,5840.760607100779,cand_003 (USDJPY)
2025-03-03 08:00:00,0.6146637622021717,5841.375270862982,cand_008 (EURJPY)
2025-03-05 07:00:00,0.5672413372387529,5841.94251220022,cand_003 (USDJPY)
2025-03-05 08:00:00,0.6146637622021717,5842.557175962423,cand_008 (EURJPY)
2025-03-06 08:00:00,0.6146637622021717,5843.171839724625,cand_008 (EURJPY)
2025-03-06 09:01:40,0.0,5843.171839724625,cand_003 (USDJPY)
2025-03-06 13:00:00,26.810661804589657,5869.9825015292145,cand_003 (USDJPY)
2025-03-10 08:00:00,0.6146637622021717,5870.597165291417,cand_008 (EURJPY)
2025-03-12 07:00:00,0.5672413372387529,5871.164406628655,cand_003 (USDJPY)
2025-03-12 07:34:40,0.0,5871.164406628655,cand_003 (USDJPY)
2025-03-12 08:00:00,0.6146637622021717,5871.779070390858,cand_008 (EURJPY)
2025-03-12 13:00:00,12.175835303829832,5883.954905694687,cand_003 (USDJPY)
2025-03-13 07:30:40,0.0,5883.954905694687,cand_003 (USDJPY)
2025-03-13 08:19:40,0.0,5883.954905694687,cand_008 (EURJPY)
2025-03-13 13:00:00,-11.217197443896339,5872.737708250791,cand_003 (USDJPY)
2025-03-13 15:00:00,6.395576445713596,5879.133284696505,cand_008 (EURJPY)
2025-03-14 07:00:00,0.5672413372387529,5879.700526033743,cand_003 (USDJPY)
2025-03-14 07:42:40,0.0,5879.700526033743,cand_003 (USDJPY)
2025-03-14 08:00:00,0.6146637622021717,5880.315189795945,cand_008 (EURJPY)
2025-03-14 08:04:40,0.0,5880.315189795945,cand_008 (EURJPY)
2025-03-14 13:00:00,15.763636761864943,5896.07882655781,cand_003 (USDJPY)
2025-03-14 15:00:00,39.22169466612058,5935.300521223931,cand_008 (EURJPY)
2025-03-17 07:00:00,0.5672413372387529,5935.867762561169,cand_003 (USDJPY)
2025-03-17 07:57:40,0.0,5935.867762561169,cand_003 (USDJPY)
2025-03-17 08:00:00,0.6146637622021717,5936.482426323371,cand_008 (EURJPY)
2025-03-17 13:00:00,-13.812326561763633,5922.670099761608,cand_003 (USDJPY)
2025-03-18 07:00:00,0.5672413372387529,5923.237341098847,cand_003 (USDJPY)
2025-03-18 09:21:40,0.0,5923.237341098847,cand_003 (USDJPY)
2025-03-18 13:00:00,-2.538404984143419,5920.698936114703,cand_003 (USDJPY)
2025-03-19 07:00:00,0.5672413372387529,5921.266177451942,cand_003 (USDJPY)
2025-03-19 08:57:20,0.0,5921.266177451942,cand_003 (USDJPY)
2025-03-19 13:00:00,-0.6069482308454657,5920.659229221097,cand_003 (USDJPY)
2025-03-21 07:00:00,0.5672413372387529,5921.226470558335,cand_003 (USDJPY)
2025-03-21 07:15:40,0.0,5921.226470558335,cand_003 (USDJPY)
2025-03-21 13:00:00,0.30347411542273284,5921.529944673758,cand_003 (USDJPY)
2025-03-24 07:00:00,0.5672413372387529,5922.097186010997,cand_003 (USDJPY)
2025-03-24 08:00:00,0.6146637622021717,5922.711849773199,cand_008 (EURJPY)
2025-03-25 07:00:00,0.5672413372387529,5923.279091110438,cand_003 (USDJPY)
2025-03-26 07:00:00,0.5672413372387529,5923.846332447676,cand_003 (USDJPY)
2025-03-26 08:00:00,0.6146637622021717,5924.460996209878,cand_008 (EURJPY)
2025-03-26 08:03:40,0.0,5924.460996209878,cand_003 (USDJPY)
2025-03-26 13:00:00,-18.290696919263585,5906.170299290615,cand_003 (USDJPY)
2025-03-28 07:00:00,0.5672413372387529,5906.737540627853,cand_003 (USDJPY)
2025-03-28 08:00:00,0.6146637622021717,5907.352204390056,cand_008 (EURJPY)
2025-04-02 07:00:00,0.5672413372387529,5907.919445727294,cand_003 (USDJPY)
2025-04-04 07:54:40,0.0,5907.919445727294,cand_003 (USDJPY)
2025-04-04 12:26:20,41.56035467614033,5949.479800403435,cand_003 (USDJPY)
2025-04-04 12:26:20,-43.586824353425776,5905.892976050009,cand_003 (USDJPY)
2025-04-08 08:00:00,0.6146637622021717,5906.507639812211,cand_008 (EURJPY)
2025-04-10 08:00:00,0.6146637622021717,5907.122303574413,cand_008 (EURJPY)
2025-04-11 08:00:00,0.6146637622021717,5907.736967336616,cand_008 (EURJPY)
2025-04-14 08:00:00,0.6146637622021717,5908.351631098818,cand_008 (EURJPY)
2025-04-17 08:00:00,0.6146637622021717,5908.96629486102,cand_008 (EURJPY)
2025-04-21 08:00:00,0.6146637622021717,5909.580958623223,cand_008 (EURJPY)
2025-04-21 08:51:20,0.0,5909.580958623223,cand_008 (EURJPY)
2025-04-21 15:00:00,6.853500948554214,5916.434459571777,cand_008 (EURJPY)
2025-04-25 08:00:00,0.6146637622021717,5917.049123333979,cand_008 (EURJPY)
2025-04-25 08:12:20,0.0,5917.049123333979,cand_008 (EURJPY)
2025-04-25 15:00:00,-10.802715620703166,5906.246407713275,cand_008 (EURJPY)
2025-05-01 07:00:00,0.5672413372387529,5906.813649050515,cand_003 (USDJPY)
2025-05-01 07:20:20,0.0,5906.813649050515,cand_003 (USDJPY)
2025-05-01 08:00:00,0.6146637622021717,5907.428312812717,cand_008 (EURJPY)
2025-05-01 08:23:40,0.0,5907.428312812717,cand_008 (EURJPY)
2025-05-01 13:00:00,19.955550244059328,5927.383863056776,cand_003 (USDJPY)
2025-05-01 15:00:00,31.310972046578623,5958.694835103355,cand_008 (EURJPY)
2025-05-02 07:00:00,0.5672413372387529,5959.262076440593,cand_003 (USDJPY)
2025-05-02 08:00:00,0.6146637622021717,5959.876740202795,cand_008 (EURJPY)
2025-05-07 08:00:00,0.6146637622021717,5960.4914039649975,cand_008 (EURJPY)
2025-05-08 07:00:00,0.5672413372387529,5961.058645302237,cand_003 (USDJPY)
2025-05-08 08:13:20,0.0,5961.058645302237,cand_003 (USDJPY)
2025-05-08 13:00:00,28.01037723284962,5989.069022535086,cand_003 (USDJPY)
2025-05-09 07:00:00,0.5672413372387529,5989.636263872325,cand_003 (USDJPY)
2025-05-09 08:00:00,0.6146637622021717,5990.250927634527,cand_008 (EURJPY)
2025-05-12 07:00:00,0.5672413372387529,5990.818168971766,cand_003 (USDJPY)
2025-05-12 08:00:00,0.6146637622021717,5991.432832733968,cand_008 (EURJPY)
2025-05-13 07:00:00,0.5672413372387529,5992.000074071207,cand_003 (USDJPY)
2025-05-13 08:00:00,0.6146637622021717,5992.614737833409,cand_008 (EURJPY)
2025-05-14 08:05:40,0.0,5992.614737833409,cand_003 (USDJPY)
2025-05-14 13:00:00,37.398221364150984,6030.01295919756,cand_003 (USDJPY)
2025-05-15 08:47:40,0.0,6030.01295919756,cand_008 (EURJPY)
2025-05-15 09:21:40,0.0,6030.01295919756,cand_003 (USDJPY)
2025-05-15 13:00:00,-5.5958357918602974,6024.417123405699,cand_003 (USDJPY)
2025-05-15 15:00:00,-1.346113639222756,6023.071009766477,cand_008 (EURJPY)
2025-05-20 08:23:40,0.0,6023.071009766477,cand_003 (USDJPY)
2025-05-20 08:33:40,0.0,6023.071009766477,cand_008 (EURJPY)
2025-05-20 13:00:00,3.0999739080097846,6026.170983674487,cand_003 (USDJPY)
2025-05-20 15:00:00,0.0,6026.170983674487,cand_008 (EURJPY)
2025-05-21 08:42:20,0.0,6026.170983674487,cand_003 (USDJPY)
2025-05-21 13:00:00,-16.623007387781655,6009.547976286705,cand_003 (USDJPY)
2025-05-27 08:00:00,0.6146637622021717,6010.162640048908,cand_008 (EURJPY)
2025-05-27 08:01:40,0.0,6010.162640048908,cand_008 (EURJPY)
2025-05-27 15:00:00,38.81601658306714,6048.978656631974,cand_008 (EURJPY)
2025-05-28 07:00:00,0.5672413372387529,6049.545897969213,cand_003 (USDJPY)
2025-05-28 08:00:00,0.6146637622021717,6050.160561731415,cand_008 (EURJPY)
2025-05-29 07:00:00,0.5672413372387529,6050.727803068654,cand_003 (USDJPY)
2025-05-29 08:00:00,0.6146637622021717,6051.342466830856,cand_008 (EURJPY)
2025-06-02 09:30:40,0.0,6051.342466830856,cand_003 (USDJPY)
2025-06-02 13:00:00,9.166620009778248,6060.509086840635,cand_003 (USDJPY)
2025-06-03 08:00:00,0.6146637622021717,6061.123750602837,cand_008 (EURJPY)
2025-06-04 07:00:00,0.5672413372387529,6061.690991940075,cand_003 (USDJPY)
2025-06-04 08:00:00,0.6146637622021717,6062.305655702277,cand_008 (EURJPY)
2025-06-04 08:34:40,0.0,6062.305655702277,cand_003 (USDJPY)
2025-06-04 13:00:00,-12.714714574206646,6049.590941128072,cand_003 (USDJPY)
2025-06-06 07:00:00,0.5672413372387529,6050.158182465309,cand_003 (USDJPY)
2025-06-06 09:23:40,0.0,6050.158182465309,cand_003 (USDJPY)
2025-06-06 13:00:00,5.153387548814071,6055.311570014124,cand_003 (USDJPY)
2025-06-09 07:00:00,0.5672413372387529,6055.878811351362,cand_003 (USDJPY)
2025-06-10 07:00:00,0.5672413372387529,6056.446052688601,cand_003 (USDJPY)
2025-06-11 07:00:00,0.5672413372387529,6057.013294025839,cand_003 (USDJPY)
2025-06-16 07:00:00,0.5672413372387529,6057.5805353630785,cand_003 (USDJPY)
2025-06-16 08:00:00,0.6146637622021717,6058.195199125281,cand_008 (EURJPY)
2025-06-17 07:00:00,0.5672413372387529,6058.7624404625185,cand_003 (USDJPY)
2025-06-17 08:00:00,0.6146637622021717,6059.377104224721,cand_008 (EURJPY)
2025-06-18 07:00:00,0.5672413372387529,6059.94434556196,cand_003 (USDJPY)
2025-06-19 07:00:00,0.5672413372387529,6060.511586899198,cand_003 (USDJPY)
2025-06-19 09:30:40,0.0,6060.511586899198,cand_003 (USDJPY)
2025-06-19 13:00:00,3.5480945644283994,6064.0596814636265,cand_003 (USDJPY)
2025-06-20 07:00:00,0.5672413372387529,6064.626922800866,cand_003 (USDJPY)
2025-06-23 07:00:00,0.5672413372387529,6065.194164138104,cand_003 (USDJPY)
2025-06-23 07:08:40,0.0,6065.194164138104,cand_003 (USDJPY)
2025-06-23 08:00:00,0.6146637622021717,6065.808827900306,cand_008 (EURJPY)
2025-06-23 08:05:40,0.0,6065.808827900306,cand_008 (EURJPY)
2025-06-23 13:00:00,37.401057570837175,6103.209885471144,cand_003 (USDJPY)
2025-06-23 15:00:00,12.03511646391852,6115.245001935062,cand_008 (EURJPY)
2025-06-24 08:00:00,0.6146637622021717,6115.859665697264,cand_008 (EURJPY)
2025-06-24 09:17:40,0.0,6115.859665697264,cand_003 (USDJPY)
2025-06-24 13:00:00,6.1432236822956945,6122.002889379561,cand_003 (USDJPY)
2025-06-26 09:13:20,0.0,6122.002889379561,cand_003 (USDJPY)
2025-06-26 13:00:00,13.264938671328238,6135.267828050888,cand_003 (USDJPY)
2025-06-30 07:52:40,0.0,6135.267828050888,cand_003 (USDJPY)
2025-06-30 13:00:00,-13.367042112031212,6121.900785938857,cand_003 (USDJPY)
2025-07-03 07:00:00,0.5672413372387529,6122.468027276096,cand_003 (USDJPY)
2025-07-04 07:00:00,0.5672413372387529,6123.035268613334,cand_003 (USDJPY)
2025-07-07 07:00:00,0.5672413372387529,6123.602509950573,cand_003 (USDJPY)
2025-07-07 07:44:20,0.0,6123.602509950573,cand_003 (USDJPY)
2025-07-07 08:00:00,0.6146637622021717,6124.217173712776,cand_008 (EURJPY)
2025-07-07 08:43:40,0.0,6124.217173712776,cand_008 (EURJPY)
2025-07-07 13:00:00,17.82555902272781,6142.042732735503,cand_003 (USDJPY)
2025-07-07 15:00:00,-2.535488019083958,6139.507244716418,cand_008 (EURJPY)
2025-07-08 07:00:00,0.5672413372387529,6140.074486053658,cand_003 (USDJPY)
2025-07-08 08:00:00,0.6146637622021717,6140.68914981586,cand_008 (EURJPY)
2025-07-09 07:00:00,0.5672413372387529,6141.256391153098,cand_003 (USDJPY)
2025-07-10 08:00:00,0.6146637622021717,6141.8710549153,cand_008 (EURJPY)
2025-07-11 07:00:00,0.5672413372387529,6142.43829625254,cand_003 (USDJPY)
2025-07-11 07:25:40,0.0,6142.43829625254,cand_003 (USDJPY)
2025-07-11 08:00:00,0.6146637622021717,6143.052960014742,cand_008 (EURJPY)
2025-07-11 13:00:00,-6.211292642764344,6136.841667371977,cand_003 (USDJPY)
2025-07-14 07:00:00,0.5672413372387529,6137.408908709216,cand_003 (USDJPY)
2025-07-15 07:00:00,0.5672413372387529,6137.976150046454,cand_003 (USDJPY)
2025-07-16 07:00:00,0.5672413372387529,6138.543391383693,cand_003 (USDJPY)
2025-07-16 08:00:00,0.6146637622021717,6139.158055145896,cand_008 (EURJPY)
2025-07-17 07:00:00,0.5672413372387529,6139.725296483133,cand_003 (USDJPY)
2025-07-17 08:00:00,0.6146637622021717,6140.3399602453355,cand_008 (EURJPY)
2025-07-17 09:30:40,0.0,6140.3399602453355,cand_003 (USDJPY)
2025-07-17 13:00:00,-1.4861723035655328,6138.853787941771,cand_003 (USDJPY)
2025-07-18 07:00:00,0.5672413372387529,6139.4210292790085,cand_003 (USDJPY)
2025-07-18 08:00:00,0.6146637622021717,6140.035693041211,cand_008 (EURJPY)
2025-07-18 08:30:40,0.0,6140.035693041211,cand_003 (USDJPY)
2025-07-18 13:00:00,-3.5083876708216866,6136.5273053703895,cand_003 (USDJPY)
2025-07-23 08:00:00,0.6146637622021717,6137.141969132592,cand_008 (EURJPY)
2025-07-25 07:00:00,0.5672413372387529,6137.70921046983,cand_003 (USDJPY)
2025-07-25 08:00:00,0.6146637622021717,6138.323874232033,cand_008 (EURJPY)
2025-07-28 07:00:00,0.5672413372387529,6138.891115569271,cand_003 (USDJPY)
2025-07-28 09:21:40,0.0,6138.891115569271,cand_003 (USDJPY)
2025-07-28 13:00:00,9.175128629836829,6148.066244199108,cand_003 (USDJPY)
2025-07-29 07:00:00,0.5672413372387529,6148.633485536347,cand_003 (USDJPY)
2025-07-29 08:55:40,0.0,6148.633485536347,cand_008 (EURJPY)
2025-07-29 15:00:00,0.6208103998241934,6149.254295936171,cand_008 (EURJPY)
2025-07-30 08:22:40,0.0,6149.254295936171,cand_008 (EURJPY)
2025-07-30 15:00:00,-4.806670620420983,6144.44762531575,cand_008 (EURJPY)
2025-07-31 07:00:00,0.5672413372387529,6145.0148666529885,cand_003 (USDJPY)
2025-08-01 07:00:00,0.5672413372387529,6145.582107990227,cand_003 (USDJPY)
2025-08-01 08:00:00,0.6146637622021717,6146.196771752429,cand_008 (EURJPY)
2025-08-07 07:00:00,0.5672413372387529,6146.764013089668,cand_003 (USDJPY)
2025-08-07 08:00:00,0.6146637622021717,6147.37867685187,cand_008 (EURJPY)
2025-08-12 07:00:00,0.5672413372387529,6147.945918189109,cand_003 (USDJPY)
2025-08-13 07:00:00,0.5672413372387529,6148.513159526347,cand_003 (USDJPY)
2025-08-13 08:00:00,0.6146637622021717,6149.12782328855,cand_008 (EURJPY)
2025-08-14 09:12:40,0.0,6149.12782328855,cand_003 (USDJPY)
2025-08-14 13:00:00,-16.166378111304457,6132.961445177245,cand_003 (USDJPY)
2025-08-15 08:13:40,0.0,6132.961445177245,cand_003 (USDJPY)
2025-08-15 13:00:00,4.864094466822306,6137.825539644067,cand_003 (USDJPY)
2025-08-18 07:00:00,0.5672413372387529,6138.392780981307,cand_003 (USDJPY)
2025-08-19 07:00:00,0.5672413372387529,6138.960022318544,cand_003 (USDJPY)
2025-08-19 08:00:00,0.6146637622021717,6139.574686080747,cand_008 (EURJPY)
2025-08-20 09:11:40,0.0,6139.574686080747,cand_003 (USDJPY)
2025-08-20 13:00:00,-8.383826964388767,6131.190859116358,cand_003 (USDJPY)
2025-08-22 07:00:00,0.5672413372387529,6131.758100453597,cand_003 (USDJPY)
2025-08-26 07:00:00,0.5672413372387529,6132.325341790835,cand_003 (USDJPY)
2025-08-27 07:00:00,0.5672413372387529,6132.892583128074,cand_003 (USDJPY)
2025-08-27 07:20:40,0.0,6132.892583128074,cand_003 (USDJPY)
2025-08-27 13:00:00,2.0307239873147354,6134.9233071153885,cand_003 (USDJPY)
2025-09-02 07:00:00,0.5672413372387529,6135.490548452627,cand_003 (USDJPY)
2025-09-02 07:33:40,0.0,6135.490548452627,cand_003 (USDJPY)
2025-09-02 08:00:00,0.6146637622021717,6136.105212214829,cand_008 (EURJPY)
2025-09-02 08:56:40,0.0,6136.105212214829,cand_008 (EURJPY)
2025-09-02 13:00:00,26.002342899024434,6162.107555113854,cand_003 (USDJPY)
2025-09-02 15:00:00,4.053707511723322,6166.161262625577,cand_008 (EURJPY)
2025-09-03 07:00:00,0.5672413372387529,6166.728503962815,cand_003 (USDJPY)
2025-09-04 07:00:00,0.5672413372387529,6167.2957453000545,cand_003 (USDJPY)
2025-09-08 07:00:00,0.5672413372387529,6167.862986637292,cand_003 (USDJPY)
2025-09-08 08:00:00,0.6146637622021717,6168.477650399494,cand_008 (EURJPY)
2025-09-09 08:22:40,0.0,6168.477650399494,cand_003 (USDJPY)
2025-09-09 13:00:00,25.228058473693537,6193.705708873189,cand_003 (USDJPY)
2025-09-12 07:00:00,0.5672413372387529,6194.272950210427,cand_003 (USDJPY)
2025-09-16 09:16:40,0.0,6194.272950210427,cand_003 (USDJPY)
2025-09-16 13:00:00,-3.9366548804369454,6190.33629532999,cand_003 (USDJPY)
2025-09-18 07:00:00,0.5672413372387529,6190.903536667229,cand_003 (USDJPY)
2025-09-18 08:12:40,0.0,6190.903536667229,cand_003 (USDJPY)
2025-09-18 13:00:00,-0.1531551610544633,6190.750381506174,cand_003 (USDJPY)
2025-09-19 07:00:00,0.5672413372387529,6191.317622843413,cand_003 (USDJPY)
2025-09-22 07:00:00,0.5672413372387529,6191.884864180651,cand_003 (USDJPY)
2025-09-24 07:00:00,0.5672413372387529,6192.45210551789,cand_003 (USDJPY)
2025-09-24 09:12:40,0.0,6192.45210551789,cand_003 (USDJPY)
2025-09-24 13:00:00,10.442913018565442,6202.895018536456,cand_003 (USDJPY)
2025-09-25 07:00:00,0.5672413372387529,6203.462259873693,cand_003 (USDJPY)
2025-09-26 07:00:00,0.5672413372387529,6204.029501210933,cand_003 (USDJPY)
2025-09-29 08:32:40,0.0,6204.029501210933,cand_003 (USDJPY)
2025-09-29 13:00:00,4.733628959257394,6208.7631301701895,cand_003 (USDJPY)
2025-09-30 08:21:40,0.0,6208.7631301701895,cand_003 (USDJPY)
2025-09-30 13:00:00,11.920576702072394,6220.683706872262,cand_003 (USDJPY)
2025-10-01 07:51:40,0.0,6220.683706872262,cand_003 (USDJPY)
2025-10-01 13:00:00,16.257136725262658,6236.940843597525,cand_003 (USDJPY)
2025-10-03 07:00:00,0.5672413372387529,6237.508084934763,cand_003 (USDJPY)
2025-10-03 08:00:00,0.6146637622021717,6238.122748696966,cand_008 (EURJPY)
2025-10-06 07:00:00,0.5672413372387529,6238.689990034204,cand_003 (USDJPY)
2025-10-06 07:36:40,0.0,6238.689990034204,cand_003 (USDJPY)
2025-10-06 08:00:00,0.6146637622021717,6239.3046537964065,cand_008 (EURJPY)
2025-10-06 13:00:00,5.581654758429329,6244.886308554836,cand_003 (USDJPY)
2025-10-07 07:00:00,0.5672413372387529,6245.453549892074,cand_003 (USDJPY)
2025-10-07 08:00:00,0.6146637622021717,6246.068213654276,cand_008 (EURJPY)
2025-10-08 07:00:00,0.5672413372387529,6246.635454991516,cand_003 (USDJPY)
2025-10-08 08:00:00,0.6146637622021717,6247.250118753718,cand_008 (EURJPY)
2025-10-09 07:00:00,0.5672413372387529,6247.817360090956,cand_003 (USDJPY)
2025-10-09 09:13:40,0.0,6247.817360090956,cand_003 (USDJPY)
2025-10-09 13:00:00,-12.754421467813359,6235.062938623143,cand_003 (USDJPY)
2025-10-10 07:00:00,0.5672413372387529,6235.630179960382,cand_003 (USDJPY)
2025-10-14 07:11:40,0.0,6235.630179960382,cand_003 (USDJPY)
2025-10-14 08:59:40,0.0,6235.630179960382,cand_008 (EURJPY)
2025-10-14 13:00:00,-8.389499377761155,6227.24068058262,cand_003 (USDJPY)
2025-10-14 15:00:00,0.4026047642424225,6227.643285346863,cand_008 (EURJPY)
2025-10-16 08:00:00,0.6146637622021717,6228.2579491090655,cand_008 (EURJPY)
2025-10-17 08:53:40,0.0,6228.2579491090655,cand_003 (USDJPY)
2025-10-17 13:00:00,2.348379136168437,6230.606328245234,cand_003 (USDJPY)
2025-10-20 07:00:00,0.5672413372387529,6231.173569582472,cand_003 (USDJPY)
2025-10-20 08:00:00,0.6146637622021717,6231.788233344674,cand_008 (EURJPY)
2025-10-21 07:00:00,0.5672413372387529,6232.355474681914,cand_003 (USDJPY)
2025-10-21 08:00:00,0.6146637622021717,6232.970138444116,cand_008 (EURJPY)
2025-10-21 08:09:40,0.0,6232.970138444116,cand_003 (USDJPY)
2025-10-21 08:15:40,0.0,6232.970138444116,cand_008 (EURJPY)
2025-10-21 13:00:00,19.39398132019296,6252.364119764308,cand_003 (USDJPY)
2025-10-21 15:00:00,17.312004862424164,6269.676124626732,cand_008 (EURJPY)
2025-10-22 07:00:00,0.5672413372387529,6270.243365963971,cand_003 (USDJPY)
2025-10-23 07:00:00,0.5672413372387529,6270.8106073012095,cand_003 (USDJPY)
2025-10-23 09:56:40,0.0,6270.8106073012095,cand_003 (USDJPY)
2025-10-23 13:00:00,-2.155517081507261,6268.655090219702,cand_003 (USDJPY)
2025-10-24 07:00:00,0.5672413372387529,6269.222331556941,cand_003 (USDJPY)
2025-10-24 08:29:40,0.0,6269.222331556941,cand_003 (USDJPY)
2025-10-24 13:00:00,-3.1878963152817916,6266.03443524166,cand_003 (USDJPY)
2025-10-27 07:00:00,0.5672413372387529,6266.601676578897,cand_003 (USDJPY)
2025-10-28 07:41:40,0.0,6266.601676578897,cand_003 (USDJPY)
2025-10-28 08:25:40,0.0,6266.601676578897,cand_008 (EURJPY)
2025-10-28 13:00:00,3.24745665569186,6269.849133234589,cand_003 (USDJPY)
2025-10-28 15:00:00,-9.41664883693727,6260.432484397652,cand_008 (EURJPY)
2025-10-30 07:00:00,0.5672413372387529,6260.999725734891,cand_003 (USDJPY)
2025-10-30 08:00:00,0.6146637622021717,6261.614389497094,cand_008 (EURJPY)
2025-10-30 09:40:40,0.0,6261.614389497094,cand_003 (USDJPY)
2025-10-30 13:00:00,18.886300323364278,6280.500689820457,cand_003 (USDJPY)
2025-10-31 07:00:00,0.5672413372387529,6281.067931157696,cand_003 (USDJPY)
2025-10-31 08:00:00,0.6146637622021717,6281.682594919898,cand_008 (EURJPY)
2025-11-03 07:00:00,0.5672413372387529,6282.249836257137,cand_003 (USDJPY)
2025-11-04 07:00:00,0.5672413372387529,6282.817077594375,cand_003 (USDJPY)
2025-11-06 07:00:00,0.5672413372387529,6283.384318931614,cand_003 (USDJPY)
2025-11-10 07:00:00,0.5672413372387529,6283.9515602688525,cand_003 (USDJPY)
2025-11-10 08:00:00,0.6146637622021717,6284.566224031055,cand_008 (EURJPY)
2025-11-10 09:19:40,0.0,6284.566224031055,cand_003 (USDJPY)
2025-11-10 13:00:00,0.2580948084436326,6284.824318839499,cand_003 (USDJPY)
2025-11-11 07:00:00,0.5672413372387529,6285.391560176737,cand_003 (USDJPY)
2025-11-12 07:00:00,0.5672413372387529,6285.958801513976,cand_003 (USDJPY)
2025-11-12 08:00:00,0.6146637622021717,6286.5734652761785,cand_008 (EURJPY)
2025-11-13 07:00:00,0.5672413372387529,6287.140706613416,cand_003 (USDJPY)
2025-11-17 07:00:00,0.5672413372387529,6287.707947950656,cand_003 (USDJPY)
2025-11-18 07:00:00,0.5672413372387529,6288.275189287893,cand_003 (USDJPY)
2025-11-19 07:00:00,0.5672413372387529,6288.842430625133,cand_003 (USDJPY)
2025-11-20 07:00:00,0.5672413372387529,6289.40967196237,cand_003 (USDJPY)
2025-11-20 08:00:00,0.6146637622021717,6290.024335724573,cand_008 (EURJPY)
2025-11-20 08:00:40,0.0,6290.024335724573,cand_003 (USDJPY)
2025-11-20 08:11:40,0.0,6290.024335724573,cand_008 (EURJPY)
2025-11-20 13:00:00,-8.074680435593647,6281.94965528898,cand_003 (USDJPY)
2025-11-20 15:00:00,-0.8175028037288884,6281.13215248525,cand_008 (EURJPY)
2025-11-21 07:00:00,0.5672413372387529,6281.69939382249,cand_003 (USDJPY)
2025-11-25 07:00:00,0.5672413372387529,6282.266635159727,cand_003 (USDJPY)
2025-11-26 08:00:00,0.6146637622021717,6282.88129892193,cand_008 (EURJPY)
2025-11-26 08:12:40,0.0,6282.88129892193,cand_008 (EURJPY)
2025-11-26 15:00:00,0.15673925936155378,6283.038038181292,cand_008 (EURJPY)
2025-11-27 08:00:00,0.6146637622021717,6283.652701943494,cand_008 (EURJPY)
2025-11-28 08:00:00,0.6146637622021717,6284.267365705697,cand_008 (EURJPY)
2025-12-05 07:30:40,0.0,6284.267365705697,cand_003 (USDJPY)
2025-12-05 13:00:00,-18.387127946594177,6265.880237759102,cand_003 (USDJPY)
2025-12-09 07:00:00,0.5672413372387529,6266.44747909634,cand_003 (USDJPY)
2025-12-09 09:16:40,0.0,6266.44747909634,cand_003 (USDJPY)
2025-12-09 13:00:00,-3.3438876830224484,6263.103591413318,cand_003 (USDJPY)
2025-12-10 07:00:00,0.5672413372387529,6263.670832750557,cand_003 (USDJPY)
2025-12-11 08:00:00,0.6146637622021717,6264.285496512759,cand_008 (EURJPY)
2025-12-15 07:58:40,0.0,6264.285496512759,cand_003 (USDJPY)
2025-12-15 13:00:00,-2.158353288193455,6262.127143224565,cand_003 (USDJPY)
2025-12-17 07:00:00,0.5672413372387529,6262.694384561804,cand_003 (USDJPY)
2025-12-17 08:12:40,0.0,6262.694384561804,cand_003 (USDJPY)
2025-12-17 13:00:00,6.639559852379603,6269.333944414184,cand_003 (USDJPY)
2025-12-18 07:00:00,0.5672413372387529,6269.9011857514215,cand_003 (USDJPY)
2025-12-18 08:00:00,0.6146637622021717,6270.515849513624,cand_008 (EURJPY)
2025-12-18 09:00:00,0.0,6270.515849513624,cand_003 (USDJPY)
2025-12-18 13:00:00,-2.912784266720996,6267.6030652469035,cand_003 (USDJPY)
2025-12-19 07:00:00,0.5672413372387529,6268.170306584142,cand_003 (USDJPY)
2025-12-19 08:00:00,0.6146637622021717,6268.784970346344,cand_008 (EURJPY)
2025-12-19 08:40:40,0.0,6268.784970346344,cand_003 (USDJPY)
2025-12-19 08:40:40,0.0,6268.784970346344,cand_008 (EURJPY)
2025-12-19 13:00:00,37.02951449494579,6305.81448484129,cand_003 (USDJPY)
2025-12-19 15:00:00,39.91011807978701,6345.724602921077,cand_008 (EURJPY)
2025-12-22 07:00:00,0.5672413372387529,6346.291844258316,cand_003 (USDJPY)
2025-12-26 07:00:00,0.5672413372387529,6346.8590855955545,cand_003 (USDJPY)
2025-12-26 08:00:00,0.6146637622021717,6347.473749357757,cand_008 (EURJPY)
2025-12-29 07:00:00,0.5672413372387529,6348.040990694995,cand_003 (USDJPY)
2025-12-31 07:00:00,0.5672413372387529,6348.608232032234,cand_003 (USDJPY)
2026-01-02 07:00:00,0.5672413372387529,6349.1754733694725,cand_003 (USDJPY)
2026-01-02 08:34:40,0.0,6349.1754733694725,cand_003 (USDJPY)
2026-01-02 13:00:00,-6.112025408747563,6343.063447960725,cand_003 (USDJPY)
2026-01-05 07:00:00,0.5672413372387529,6343.630689297963,cand_003 (USDJPY)
2026-01-07 07:56:40,0.0,6343.630689297963,cand_003 (USDJPY)
2026-01-07 13:00:00,-6.557309858479984,6337.073379439484,cand_003 (USDJPY)
2026-01-08 07:00:00,0.5672413372387529,6337.640620776721,cand_003 (USDJPY)
2026-01-09 07:00:00,0.5672413372387529,6338.207862113961,cand_003 (USDJPY)
2026-01-09 08:05:20,0.0,6338.207862113961,cand_003 (USDJPY)
2026-01-09 13:00:00,8.131404569317523,6346.339266683278,cand_003 (USDJPY)
2026-01-12 07:00:00,0.5672413372387529,6346.906508020516,cand_003 (USDJPY)
2026-01-12 08:00:00,0.6146637622021717,6347.521171782719,cand_008 (EURJPY)
2026-01-13 07:00:00,0.5672413372387529,6348.088413119957,cand_003 (USDJPY)
2026-01-13 08:00:00,0.6146637622021717,6348.70307688216,cand_008 (EURJPY)
2026-01-14 07:00:00,0.5672413372387529,6349.270318219398,cand_003 (USDJPY)
2026-01-15 07:00:00,0.5672413372387529,6349.837559556637,cand_003 (USDJPY)
2026-01-20 08:00:00,0.6146637622021717,6350.452223318839,cand_008 (EURJPY)
2026-01-20 08:09:40,0.0,6350.452223318839,cand_008 (EURJPY)
2026-01-20 15:00:00,22.465960508489374,6372.918183827329,cand_008 (EURJPY)
2026-01-22 07:00:00,0.5672413372387529,6373.485425164567,cand_003 (USDJPY)
2026-01-22 08:00:00,0.6146637622021717,6374.100088926769,cand_008 (EURJPY)
2026-01-22 08:12:20,0.0,6374.100088926769,cand_003 (USDJPY)
2026-01-22 08:17:40,0.0,6374.100088926769,cand_008 (EURJPY)
2026-01-22 13:00:00,-7.079171888739637,6367.020917038029,cand_003 (USDJPY)
2026-01-22 15:00:00,8.049021966037438,6375.069939004067,cand_008 (EURJPY)
2026-01-23 07:00:00,0.5672413372387529,6375.637180341306,cand_003 (USDJPY)
2026-01-23 08:47:40,0.0,6375.637180341306,cand_003 (USDJPY)
2026-01-23 09:43:40,44.870207878928454,6420.507388220234,cand_003 (USDJPY)
2026-01-23 09:43:40,-23.878024091065303,6396.629364129169,cand_003 (USDJPY)
2026-01-30 07:00:00,0.5672413372387529,6397.196605466407,cand_003 (USDJPY)
2026-01-30 07:41:20,0.0,6397.196605466407,cand_003 (USDJPY)
2026-01-30 08:00:00,0.6146637622021717,6397.8112692286095,cand_008 (EURJPY)
2026-01-30 13:00:00,2.132827428017711,6399.944096656627,cand_003 (USDJPY)
2026-02-02 07:00:00,0.5672413372387529,6400.511337993866,cand_003 (USDJPY)
2026-02-02 08:00:00,0.6146637622021717,6401.126001756068,cand_008 (EURJPY)
2026-02-03 07:00:00,0.5672413372387529,6401.693243093307,cand_003 (USDJPY)
2026-02-04 07:00:00,0.5672413372387529,6402.260484430545,cand_003 (USDJPY)
2026-02-04 08:00:00,0.6146637622021717,6402.8751481927475,cand_008 (EURJPY)
2026-02-05 07:00:00,0.5672413372387529,6403.442389529986,cand_003 (USDJPY)
2026-02-05 08:00:00,0.6146637622021717,6404.057053292188,cand_008 (EURJPY)
2026-02-05 09:17:40,0.0,6404.057053292188,cand_003 (USDJPY)
2026-02-05 13:00:00,4.580473798202929,6408.637527090392,cand_003 (USDJPY)
2026-02-06 07:00:00,0.5672413372387529,6409.2047684276295,cand_003 (USDJPY)
2026-02-06 08:00:00,0.6146637622021717,6409.819432189832,cand_008 (EURJPY)
2026-02-06 08:06:40,0.0,6409.819432189832,cand_008 (EURJPY)
2026-02-06 15:00:00,7.120879685112159,6416.940311874944,cand_008 (EURJPY)
2026-02-09 08:00:00,0.6146637622021717,6417.5549756371465,cand_008 (EURJPY)
2026-02-11 07:29:40,0.0,6417.5549756371465,cand_003 (USDJPY)
2026-02-11 08:08:40,0.0,6417.5549756371465,cand_008 (EURJPY)
2026-02-11 13:00:00,-7.80524080040524,6409.7497348367415,cand_003 (USDJPY)
2026-02-11 15:00:00,-23.44634920920184,6386.30338562754,cand_008 (EURJPY)
2026-02-16 07:00:00,0.5672413372387529,6386.870626964778,cand_003 (USDJPY)
2026-02-16 09:20:40,0.0,6386.870626964778,cand_003 (USDJPY)
2026-02-16 13:00:00,5.541947864822616,6392.412574829601,cand_003 (USDJPY)
2026-02-17 08:20:40,0.0,6392.412574829601,cand_003 (USDJPY)
2026-02-17 13:00:00,-5.96737886775168,6386.445195961849,cand_003 (USDJPY)
2026-02-18 07:00:00,0.5672413372387529,6387.012437299088,cand_003 (USDJPY)
2026-02-18 08:00:00,0.6146637622021717,6387.62710106129,cand_008 (EURJPY)
2026-02-19 07:00:00,0.5672413372387529,6388.1943423985285,cand_003 (USDJPY)
2026-02-19 08:00:00,0.6146637622021717,6388.809006160731,cand_008 (EURJPY)
2026-02-20 07:00:00,0.5672413372387529,6389.376247497969,cand_003 (USDJPY)
2026-02-20 09:55:40,0.0,6389.376247497969,cand_003 (USDJPY)
2026-02-20 13:00:00,-9.759387207192743,6379.6168602907765,cand_003 (USDJPY)
2026-02-23 08:00:00,0.6146637622021717,6380.231524052979,cand_008 (EURJPY)
2026-02-24 07:00:00,0.5672413372387529,6380.798765390217,cand_003 (USDJPY)
2026-02-24 08:00:00,0.6146637622021717,6381.41342915242,cand_008 (EURJPY)
2026-02-24 09:05:40,0.0,6381.41342915242,cand_003 (USDJPY)
2026-02-24 13:00:00,16.191903971480205,6397.6053331239,cand_003 (USDJPY)
2026-02-25 07:00:00,0.5672413372387529,6398.1725744611385,cand_003 (USDJPY)
2026-02-25 08:00:00,0.6146637622021717,6398.787238223341,cand_008 (EURJPY)
2026-02-26 08:00:00,0.6146637622021717,6399.401901985543,cand_008 (EURJPY)
2026-03-02 07:00:00,0.5672413372387529,6399.969143322782,cand_003 (USDJPY)
2026-03-02 08:00:00,0.6146637622021717,6400.583807084984,cand_008 (EURJPY)
2026-03-02 08:03:40,0.0,6400.583807084984,cand_003 (USDJPY)
2026-03-02 13:00:00,-0.6154568509040469,6399.9683502340795,cand_003 (USDJPY)
2026-03-03 07:00:00,0.5672413372387529,6400.535591571319,cand_003 (USDJPY)
2026-03-03 08:35:40,0.0,6400.535591571319,cand_008 (EURJPY)
2026-03-03 15:00:00,15.594019647069096,6416.129611218388,cand_008 (EURJPY)
2026-03-04 07:00:00,0.5672413372387529,6416.696852555626,cand_003 (USDJPY)
2026-03-06 07:00:00,0.5672413372387529,6417.264093892865,cand_003 (USDJPY)
2026-03-06 07:28:40,0.0,6417.264093892865,cand_003 (USDJPY)
2026-03-06 08:00:00,0.6146637622021717,6417.878757655068,cand_008 (EURJPY)
2026-03-06 13:00:00,2.226422248662105,6420.105179903729,cand_003 (USDJPY)
2026-03-09 07:00:00,0.5672413372387529,6420.672421240968,cand_003 (USDJPY)
2026-03-09 08:00:00,0.6146637622021717,6421.28708500317,cand_008 (EURJPY)
2026-03-09 08:22:40,0.0,6421.28708500317,cand_008 (EURJPY)
2026-03-09 15:00:00,0.11678611481841261,6421.403871117988,cand_008 (EURJPY)
2026-03-10 08:00:00,0.6146637622021717,6422.018534880191,cand_008 (EURJPY)
2026-03-11 07:00:00,0.5672413372387529,6422.585776217429,cand_003 (USDJPY)
2026-03-11 08:00:00,0.6146637622021717,6423.2004399796315,cand_008 (EURJPY)
2026-03-12 07:00:00,0.5672413372387529,6423.76768131687,cand_003 (USDJPY)
2026-03-13 07:00:00,0.5672413372387529,6424.334922654109,cand_003 (USDJPY)
2026-03-13 07:35:40,0.0,6424.334922654109,cand_003 (USDJPY)
2026-03-13 13:00:00,-2.6319998047878133,6421.702922849321,cand_003 (USDJPY)
2026-03-16 07:00:00,0.5672413372387529,6422.270164186559,cand_003 (USDJPY)
2026-03-17 07:00:00,0.5672413372387529,6422.837405523798,cand_003 (USDJPY)
2026-03-18 08:22:40,0.0,6422.837405523798,cand_003 (USDJPY)
2026-03-18 13:00:00,-9.600559632765894,6413.236845891031,cand_003 (USDJPY)
2026-03-19 07:00:00,0.5672413372387529,6413.804087228271,cand_003 (USDJPY)
2026-03-20 08:00:00,0.6146637622021717,6414.418750990473,cand_008 (EURJPY)
2026-03-23 07:00:00,0.5672413372387529,6414.985992327711,cand_003 (USDJPY)
2026-03-23 08:00:00,0.6146637622021717,6415.600656089913,cand_008 (EURJPY)
2026-03-25 07:00:00,0.5672413372387529,6416.167897427153,cand_003 (USDJPY)
2026-03-25 07:44:40,0.0,6416.167897427153,cand_003 (USDJPY)
2026-03-25 13:00:00,-2.7482842789217576,6413.41961314823,cand_003 (USDJPY)
2026-03-27 07:00:00,0.5672413372387529,6413.986854485469,cand_003 (USDJPY)
2026-03-30 07:00:00,0.5672413372387529,6414.5540958227075,cand_003 (USDJPY)
2026-03-31 07:00:00,0.5672413372387529,6415.121337159946,cand_003 (USDJPY)
2026-03-31 08:11:40,0.0,6415.121337159946,cand_008 (EURJPY)
2026-03-31 15:00:00,-10.756615838538004,6404.364721321408,cand_008 (EURJPY)
2026-04-01 09:46:40,0.0,6404.364721321408,cand_003 (USDJPY)
2026-04-01 13:00:00,-15.043240263571727,6389.3214810578365,cand_003 (USDJPY)
2026-04-02 07:00:00,0.5672413372387529,6389.888722395075,cand_003 (USDJPY)
2026-04-03 07:00:00,0.5672413372387529,6390.455963732314,cand_003 (USDJPY)
2026-04-06 07:00:00,0.5672413372387529,6391.023205069552,cand_003 (USDJPY)
2026-04-07 07:00:00,0.5672413372387529,6391.590446406791,cand_003 (USDJPY)
2026-04-08 08:00:00,0.6146637622021717,6392.205110168993,cand_008 (EURJPY)
2026-04-08 08:51:40,0.0,6392.205110168993,cand_003 (USDJPY)
2026-04-08 13:00:00,-12.774274914616715,6379.430835254376,cand_003 (USDJPY)
2026-04-10 07:00:00,0.5672413372387529,6379.998076591615,cand_003 (USDJPY)
2026-04-10 09:29:40,0.0,6379.998076591615,cand_003 (USDJPY)
2026-04-10 13:00:00,-4.5237496644790545,6375.474326927136,cand_003 (USDJPY)
2026-04-13 07:00:00,0.5672413372387529,6376.041568264374,cand_003 (USDJPY)
2026-04-17 07:00:00,0.5672413372387529,6376.608809601613,cand_003 (USDJPY)
2026-04-21 07:00:00,0.5672413372387529,6377.176050938851,cand_003 (USDJPY)
2026-04-22 07:00:00,0.5672413372387529,6377.74329227609,cand_003 (USDJPY)
2026-04-23 07:00:00,0.5672413372387529,6378.3105336133285,cand_003 (USDJPY)
2026-04-24 07:00:00,0.5672413372387529,6378.877774950567,cand_003 (USDJPY)
2026-04-30 07:00:00,0.5672413372387529,6379.445016287806,cand_003 (USDJPY)
2026-04-30 07:28:40,0.0,6379.445016287806,cand_003 (USDJPY)
2026-04-30 10:57:40,45.363140600988935,6424.808156888795,cand_003 (USDJPY)
2026-04-30 10:57:40,-22.023144918294584,6402.7850119705,cand_003 (USDJPY)
2026-05-01 09:46:40,0.0,6402.7850119705,cand_003 (USDJPY)
2026-05-01 13:00:00,-12.714714574206646,6390.070297396293,cand_003 (USDJPY)
2026-05-06 07:00:00,0.5672413372387529,6390.637538733532,cand_003 (USDJPY)
2026-05-08 07:00:00,0.5672413372387529,6391.2047800707705,cand_003 (USDJPY)
2026-05-11 07:00:00,0.5672413372387529,6391.772021408009,cand_003 (USDJPY)
2026-05-12 07:00:00,0.5672413372387529,6392.339262745248,cand_003 (USDJPY)
2026-05-13 07:00:00,0.5672413372387529,6392.906504082486,cand_003 (USDJPY)
2026-05-14 08:00:00,0.6146637622021717,6393.5211678446885,cand_008 (EURJPY)
2026-05-15 07:00:00,0.5672413372387529,6394.088409181927,cand_003 (USDJPY)
2026-05-18 07:00:00,0.5672413372387529,6394.655650519166,cand_003 (USDJPY)
2026-05-19 07:00:00,0.5672413372387529,6395.222891856404,cand_003 (USDJPY)
2026-06-16 07:00:00,0.5672413372387529,6395.790133193643,cand_003 (USDJPY)
2026-06-18 07:00:00,0.5672413372387529,6396.357374530881,cand_003 (USDJPY)
2026-06-19 07:00:00,0.5672413372387529,6396.92461586812,cand_003 (USDJPY)
2026-06-19 08:39:40,0.0,6396.92461586812,cand_008 (EURJPY)
2026-06-19 15:00:00,-20.615822584260837,6376.308793283859,cand_008 (EURJPY)
2026-06-22 07:00:00,0.5672413372387529,6376.8760346210975,cand_003 (USDJPY)
2026-06-22 09:01:40,0.0,6376.8760346210975,cand_003 (USDJPY)
2026-06-22 13:00:00,0.3148189421675079,6377.190853563265,cand_003 (USDJPY)
2026-06-30 07:00:00,0.5672413372387529,6377.758094900504,cand_003 (USDJPY)
2026-06-30 08:00:00,0.6146637622021717,6378.3727586627065,cand_008 (EURJPY)
2026-07-01 07:00:00,0.5672413372387529,6378.939999999944,cand_003 (USDJPY)
