sim,final_return_pct,max_dd_pct,phase1_outcome,phase1_days,phase1_return_pct,phase2_outcome,phase2_days,phase2_return_pct
1,109.47037638972023,4.47381290400643,passed,106,9.686574970969941,passed,80,5.036489717300929
2,190.70589585030805,3.942157709466094,passed,203,9.405045678676816,passed,106,5.212805828468725
3,119.19112665555143,4.518846349754427,passed,104,8.668418918494837,passed,54,5.444298033024797
4,182.66189401962558,3.7089407052804355,passed,96,8.432651741909858,passed,77,5.55091775631833
5,129.70300372557108,6.935944633115615,passed,139,8.133742762465834,passed,111,5.009737200452502
6,178.96749390526762,2.913377766381675,passed,85,8.064616180880812,passed,65,5.164991482796855
7,129.51713625081567,7.76601221003567,passed,51,8.703998496891273,passed,42,6.647797402611055
8,169.03951889661576,5.263781100465525,passed,108,8.013444705869667,passed,59,6.693976295065451
9,152.10041878254313,5.820978573884167,passed,87,8.007499060251867,passed,73,7.63118632542934
10,147.93540807096605,3.9009464090962878,passed,94,8.225885833714862,passed,63,5.097042959056863
11,189.2166021279191,4.052104464094454,passed,23,8.049210681662156,passed,5,5.016213253529633
12,182.20733389757066,4.8185730749674045,passed,110,9.976911686027123,passed,84,5.474031483306163
13,134.6784908250184,8.413934242551013,passed,79,9.71715867253713,passed,42,5.460860069331819
14,184.03112188456228,3.49754518493461,passed,35,8.123294984350826,passed,28,5.8071027469805525
15,177.0965599517896,5.864583922968019,passed,46,9.902152005615417,passed,29,5.848205085749347
16,177.6667705015979,4.708068330387109,passed,62,8.839658175033605,passed,36,6.604130486141946
17,112.53819754133883,7.364854087677199,passed,167,8.305799508398092,passed,148,6.047880207242207
18,172.36458180644632,6.125701879092314,passed,44,8.014445649805445,passed,36,6.053691739488598
19,177.5442561245959,3.786715945643379,passed,126,8.383981238597338,passed,115,5.873811449534405
20,202.140485288629,5.144968614186492,passed,128,9.299754581534048,passed,110,5.142147700797972
21,139.94803823579213,6.044154469087304,passed,166,8.269670234190652,passed,166,8.269670234190652
22,170.52700580533758,4.188672948502795,passed,146,8.485012427790007,passed,146,8.485012427790007
23,156.78885743617147,9.17629262742395,passed,165,9.852263061142175,passed,87,6.48231184946737
24,164.0266476673446,3.9231271666045333,passed,61,8.084200726508994,passed,36,5.3828704932727955
25,193.04401819992364,4.387718693741405,passed,89,9.740225356068887,passed,42,5.719359099605947
26,197.07518765117587,3.89037608159288,passed,38,9.385043237670354,passed,34,5.4905202516397855
27,207.49015976942457,5.260592601716959,passed,254,10.316590178122675,passed,149,5.0663436272878615
28,140.13440111753002,3.527829837563931,passed,72,8.188635073598505,passed,49,5.166581116597291
29,116.17835626627758,4.7389224637604075,passed,256,8.655374940310768,passed,161,7.24243790154242
30,103.95878905465383,8.147966889798571,passed,74,8.902462498317675,passed,58,5.006416244366529
31,138.0376883886846,4.858646686905811,passed,50,8.041863980585596,passed,43,6.049571644417839
32,179.61262457286082,2.851481841182436,passed,68,8.867585834480241,passed,65,5.425230487130728
33,186.08891684985213,3.2207096404437587,passed,50,8.796473088404655,passed,43,6.538475666145627
34,156.31431284733037,4.244999107580427,passed,32,8.155472163429224,passed,19,5.853258040105147
35,148.33624811692286,3.5540323099918427,passed,51,8.00741877842006,passed,36,5.066008993055848
36,189.5578639726766,5.432341469314166,passed,187,8.015800511003368,passed,59,6.345059001805664
37,152.27648833922234,4.242778977719828,passed,37,8.022366504134638,passed,13,5.309019607877952
38,176.34747188942046,4.5128569177261575,passed,149,8.43609524939386,passed,119,5.276355500851837
39,166.2137468296964,9.402177940731047,passed,117,8.326316058854278,passed,103,5.179269709780021
40,140.80720010279023,5.6990464267656975,passed,71,8.303834105096497,passed,22,5.002447276757294
41,196.25000640053813,3.520642397299831,passed,50,8.014684806692474,passed,22,5.1915670234328415
42,171.24802202312588,5.856537446443726,passed,243,9.01694611437074,passed,138,6.377176688611863
43,135.05822444402114,4.6796550637005,passed,117,8.115063720870875,passed,61,6.181479284387215
44,210.26873497760832,3.751139840038778,passed,40,8.240941337101138,passed,16,5.003526513522538
45,138.41740370150183,5.485795632431214,passed,79,8.012986421816336,passed,4,5.932599020539975
46,137.61396598666173,7.728344724800563,passed,107,8.009655474096245,passed,37,5.017836099379136
47,210.9392447595206,4.2420559223733045,passed,58,8.16878105715302,passed,20,5.869744022052781
48,149.1142420482273,3.050695164471678,passed,98,8.980006834127652,passed,98,8.980006834127652
49,161.69874579396318,4.10784500088866,passed,97,9.16950974009123,passed,81,5.109329713430699
50,149.62998851579513,5.7057283646870625,passed,20,8.32349199039335,passed,13,5.555757042733522
51,171.007692347562,3.7461727167252254,passed,29,8.248699101361057,passed,21,5.18969349474061
52,117.7437966751369,4.929316617572827,passed,249,8.663693693306818,passed,174,5.751399906091326
53,176.11270483842586,2.5669178635138166,passed,65,8.046410918120039,passed,60,5.8681224584038905
54,183.2306163818123,4.890166189893631,passed,176,8.721283748246078,passed,66,5.096413392576715
55,159.00268595552998,5.083026739253976,passed,74,8.823591442204481,passed,67,5.280858458907711
56,128.73240541971933,4.3783884302109595,passed,180,11.543766055664495,passed,97,5.002294243454641
57,158.21768758998428,4.223295805204142,passed,67,8.784364409661617,passed,43,5.917052868437445
58,239.96982581596416,3.510648478808008,passed,94,8.043894112627758,passed,68,5.527634870822684
59,193.545168940604,7.827679739777363,passed,229,8.018329419720406,passed,186,5.8311036540293015
60,164.988368423623,5.404472189105413,passed,51,8.16322636162985,passed,5,6.004052750519406
61,117.27421287775744,5.579998858535972,passed,203,8.44013615277921,passed,74,5.021203941714569
62,135.16712417736736,4.759575614491734,passed,50,8.035453901786394,passed,28,5.600699247145435
63,135.2109870973437,7.260658478991698,passed,106,8.212767992479431,passed,100,5.226964706774151
64,150.94712147278938,6.4710186300598185,passed,64,8.35790029383967,passed,56,6.14308790849587
65,162.81518003696175,7.00266603191594,passed,36,8.288384466691534,passed,30,7.68146795939415
66,148.92046576100287,5.063853444295403,passed,82,8.071083161389447,passed,40,5.767573037531171
67,131.70310891010067,4.58040313572031,passed,83,8.796589244648324,passed,36,5.00258486694527
68,87.27657286814426,8.315977245845671,passed,428,8.48258654057612,passed,254,5.5097376031340906
69,162.0088507280788,5.970172788747621,passed,28,9.447855900856329,passed,13,7.4370449746586464
70,174.0221928100636,7.207482670114866,passed,84,8.768605834350684,passed,53,5.006126309691239
71,87.24934270574745,6.231858127065003,passed,104,8.086463845136759,passed,100,6.588416421896204
72,146.02861658196625,5.860010697136657,passed,100,8.048615039875306,passed,92,5.184667001519916
73,158.36551352957935,4.815195583213218,passed,72,8.364328519514919,passed,66,5.127982661997121
74,115.90113668175044,5.451724798823078,passed,23,8.406770674633734,passed,22,7.8724610585029
75,151.35836407869223,7.298230318807784,passed,33,8.998073484464108,passed,26,6.172196022425691
76,185.38785355727848,6.691630505325451,passed,54,8.798043234734454,passed,43,6.6022480242640125
77,180.06434481894834,8.135745957015137,passed,48,8.289389431471928,passed,31,5.66865580288074
78,182.65019381069828,8.627945076647315,passed,115,9.047123124126744,passed,111,5.087551693665349
79,133.0789162868336,12.684326672267227,passed,254,8.01296668638436,passed,21,5.51885129291616
80,203.16781629085256,4.974588921282686,passed,107,8.273985831363762,passed,85,5.365391640361006
81,171.46705852516777,6.122387640948145,passed,154,8.018541337564656,passed,143,5.437051155057637
82,116.88515933155155,12.437651768555922,breach_static,232,-10.241241679845514,breach_static,232,-10.241241679845514
83,191.94423274275047,4.425859559581386,passed,94,8.163752293547422,passed,66,5.945376376247724
84,120.13230356974942,10.069322178310061,passed,160,9.941150187541648,passed,156,6.43010362947376
85,198.4905981533879,4.371008564935266,passed,100,9.636539063038963,passed,70,5.290208543617947
86,166.51205470920925,5.535407525178001,passed,40,8.564911676166798,passed,23,5.270276374488825
87,119.47739505587451,4.342423339819912,passed,226,8.058055148776555,passed,220,5.786455489084674
88,187.86017325309516,5.58097112787933,passed,169,8.563398495951112,passed,106,5.772246763682443
89,186.39619457075332,4.592499108846643,passed,104,8.518750650932528,passed,86,5.00182486073486
90,151.57254647555916,5.942717858105798,passed,21,8.225202048285208,passed,17,5.014670697021462
91,135.7291669548997,5.012399744331314,passed,79,9.056869221335129,passed,40,5.438666713271045
92,189.40212040632,4.483422349205017,passed,51,8.318958481203653,passed,22,5.013072777199601
93,176.52805754204385,5.354072758082787,passed,66,8.278103115328905,passed,12,5.141039637296663
94,181.60007473951697,4.96715287365928,passed,112,8.0107358422993,passed,77,5.397848888285406
95,188.33522602405844,4.963582568012068,passed,188,8.290397480916024,passed,173,5.401501733979552
96,147.86344203437588,4.520775054474554,passed,169,8.127085835702363,passed,120,5.002580273019497
97,169.59620399568786,5.461397953797006,passed,96,11.314697754946067,passed,53,5.352672244041057
98,140.11128896348822,2.7345780684680876,passed,99,8.183218111939805,passed,78,5.126716612569493
99,162.55129823179902,4.85543482140667,passed,35,9.206698299504357,passed,27,5.067336138431178
100,151.18935783592372,5.077591257249908,passed,170,8.67958136381839,passed,63,6.779344069553517
101,173.19184325489192,6.999982729923149,passed,106,10.586771937168127,passed,96,5.052315880059544
102,128.68503725875922,6.778887797991222,passed,229,8.721627997818171,passed,159,5.7996145130349674
103,161.56174089188627,5.600018498397294,passed,161,9.788209404111047,passed,29,5.0239934964954935
104,182.05637332856207,4.004227232838123,passed,89,8.208533644716077,passed,37,5.213905205855052
105,177.7174408760728,4.3894076067983665,passed,129,8.256905429295557,passed,102,6.33714816372819
106,191.79014955802703,3.275551712746385,passed,62,8.995305041605551,passed,50,5.661028824676229
107,120.22234861079268,5.408435355374534,passed,109,8.012037750550327,passed,82,5.703597037431152
108,95.7609069208736,8.18572786182658,passed,137,8.006844632768884,passed,47,5.015371163669502
109,138.17608955169698,4.368744335572744,passed,284,8.358718191962788,passed,167,5.176807001084116
110,188.77910741745382,4.1436301477587705,passed,100,11.435403077839945,passed,46,5.255905339927525
111,143.86768238701612,6.956840906187158,passed,306,8.803057055856689,passed,50,5.032885525860209
112,178.40630895602598,6.3858928936785,passed,114,8.659769498568547,passed,107,6.768908947393681
113,150.28579589652975,4.367604920664872,passed,88,9.134203129001284,passed,53,5.884141017473854
114,159.7737677470369,5.693855892121048,passed,294,9.997595645039038,passed,260,6.173404294562945
115,168.75504696499002,3.9962237176071724,passed,28,8.518077698670723,passed,20,6.09156697814992
116,179.65101655420824,3.131718895571014,passed,22,8.109833022655577,passed,5,5.135920848153908
117,162.66671742105552,6.645419773561563,passed,53,8.30158085055519,passed,20,6.611593485580225
118,161.28981362263636,4.215651915797595,passed,53,10.639172479154091,passed,48,5.61673775687157
119,125.20322946182874,6.0595301106304325,passed,50,9.998290138176813,passed,45,5.036716365465299
120,195.1211014507341,4.194179359274923,passed,34,8.050838206252543,passed,32,6.000891460567814
121,184.47951773708277,4.8981148704175315,passed,67,8.506741782684735,passed,22,6.354540475133463
122,167.37657660789768,3.9458119575223187,passed,110,8.919554790563765,passed,95,5.015574896999198
123,144.91433003974765,3.901163438711306,passed,95,9.942021151396263,passed,19,5.334702393641932
124,157.5099883782804,4.9072125683716665,passed,70,9.958582142060092,passed,52,5.329195214945037
125,138.07645303699925,5.0163260823909654,passed,162,8.485072324704412,passed,159,6.077925022389952
126,161.56354647044395,3.863624548695055,passed,82,8.963938644508772,passed,43,5.576872300746971
127,122.84114273903333,7.650940793565642,passed,150,8.198829144308718,passed,74,5.404060649032916
128,167.84230711855636,5.775640245777285,passed,244,11.056241935278678,passed,219,5.563956020751193
129,124.59077156966893,4.4948341121455515,passed,169,8.395743479074124,passed,144,5.579744471058712
130,124.09811056361634,5.957100455101163,passed,81,8.381952557594218,passed,67,6.531982804620884
131,119.37356623085394,7.524099479249098,passed,36,8.190304148597338,passed,21,5.090198609120988
132,178.73969448292164,3.415876468398413,passed,146,8.866299471591566,passed,95,5.1610549266405625
133,130.8064407791262,6.871593900064956,passed,87,9.524631751967028,passed,77,5.407383408698796
134,167.80338336024036,6.884738685091911,passed,155,9.861336948901634,passed,114,5.064532919609022
135,152.83467740666222,4.194619264888229,passed,91,8.262873601001775,passed,31,5.752426053255455
136,190.90893571831765,3.9435165242499632,passed,128,8.222111332363436,passed,82,5.014496820825798
137,203.7440400320897,3.8665817700630036,passed,104,8.021051350530684,passed,103,5.050381387807601
138,163.89628221922007,4.855876960098173,passed,125,9.362712160527643,passed,111,5.001306756932311
139,155.43834613548984,7.54041477942667,passed,132,8.010436406134925,passed,32,5.028187520189942
140,147.62155072596474,7.488900601155471,passed,224,8.109759603027843,passed,36,5.223328672746508
141,160.60631070368427,8.725884650310114,passed,141,8.001798243567503,passed,57,6.483393362934731
142,185.73561874259207,4.145106777320065,passed,73,9.059721073549042,passed,57,5.840061344480119
143,171.6521838503759,4.0772139126557185,passed,102,8.606781757479975,passed,37,5.907823378918975
144,189.11739910260144,3.2785434634141386,passed,28,8.110084299640663,passed,8,5.005170820383831
145,172.76620178282954,2.9368219018997594,passed,83,8.420291613529173,passed,78,5.340869909716606
146,150.02135857769136,3.5753248152358315,passed,41,8.066262279394643,passed,31,5.766559172923746
147,122.95113391123596,12.538788552716412,passed,102,8.088108900879632,passed,94,5.006996817882126
148,184.3096739267848,3.8467923317043837,passed,91,8.017656744888235,passed,64,5.007506114182458
149,117.61715190494128,9.57481205978529,passed,345,8.12409575859716,passed,94,5.5028522573213
150,176.35798739513623,5.482502220861496,passed,81,8.118118328043034,passed,54,5.7530693364743035
151,136.72996285525673,4.614273165224307,passed,107,8.352621813823124,passed,87,5.008402400224887
152,152.67182840075205,5.211316507433269,passed,67,8.00014063467096,passed,58,5.304725664229082
153,146.17338163678642,6.254566955041772,passed,28,8.631071022390223,passed,21,6.4713370635309575
154,166.0642308813637,5.092779472059529,passed,33,8.565932840786683,passed,14,5.362403510293401
155,139.2473500256797,7.2300302180477445,passed,120,8.253639640267373,passed,59,5.1724592596970265
156,138.06892529527715,8.056156990034394,passed,85,8.131313405847695,passed,70,5.8817904106846175
157,139.90809482409185,4.785576349828558,passed,94,8.068049063269388,passed,32,5.012255169653934
158,148.99650228070874,5.158158148126408,passed,120,8.779553674325214,passed,34,5.9240524905883385
159,158.60122686103716,3.009829279395076,passed,88,8.007651595024878,passed,66,5.425137389970036
160,146.25052471187647,3.8127086307508993,passed,61,8.007087735876727,passed,17,5.1361038783865665
161,166.64286490019782,6.45086602527241,passed,132,8.638700939813582,passed,33,5.157080248232182
162,162.57099461477586,6.154573054804099,passed,219,8.599160618839807,passed,100,5.50198510713682
163,155.2529415401826,4.1796613382966425,passed,36,8.008280480435515,passed,10,5.813366102963147
164,157.15675903582894,4.377579928395728,passed,21,8.081047004171271,passed,21,8.081047004171271
165,152.35317672228703,5.76050304657507,passed,136,8.11263354644618,passed,34,5.305314109702275
166,179.51382711541112,3.7730429741844014,passed,121,8.454532875529775,passed,87,5.424733542737714
167,168.08414382886215,3.5497866618062535,passed,54,8.410169992254634,passed,50,5.57366282524292
168,138.31741082352386,7.807413233291606,passed,193,9.42251036482582,passed,120,5.1003694156496415
169,152.69766599546605,6.93504636699999,passed,39,8.001126475205321,passed,32,5.383810930540145
170,200.8706992949126,6.032337460559481,passed,29,8.239458120126786,passed,9,5.440255738008348
171,172.32281143961745,5.800543528443846,passed,87,8.73130477347781,passed,64,5.041699475343608
172,154.85236507743457,5.17569468924464,passed,94,8.59962889077761,passed,45,5.054157698886841
173,181.40693652348733,4.209022307762294,passed,87,8.008082383470882,passed,68,6.353804070587565
174,180.08001164722498,5.080094321632014,passed,112,8.798587856020523,passed,110,6.802554496275315
175,143.43639662909305,3.9147184718822983,passed,50,9.026998105096261,passed,20,5.35552269269346
176,172.79332560141927,8.721091394967788,passed,150,8.022518221546227,passed,28,5.464172736648432
177,97.68780102046742,14.236983940345132,passed,444,8.24542548883118,passed,437,6.172402283241274
178,99.66172637344243,9.586396707882198,passed,43,8.5223811219443,passed,41,5.119317491829434
179,206.67069858085983,3.155646761501591,passed,102,8.378627983645659,passed,54,5.703143353584972
180,160.83102988888703,6.421271523136933,passed,100,8.697466442175617,passed,37,5.7933863539124
181,175.53556287569822,6.3290976256683855,passed,65,8.2490634830523,passed,48,5.478152333998487
182,161.52901060791623,3.875683481273209,passed,107,8.247747539033835,passed,100,5.518132564321965
183,167.5857641565229,5.7741754477291325,passed,44,8.452413835072559,passed,13,6.34841083659492
184,128.26688918853927,5.6649618349915265,passed,48,8.70799264598272,passed,42,5.507445516988385
185,139.48519425958676,6.998546376516101,passed,95,8.882056444884023,passed,56,5.058403141904044
186,182.61697608648126,7.336077526516065,passed,84,8.356862435075207,passed,56,5.637337184270463
187,189.26111981371827,3.892794468489181,passed,63,10.841251240371452,passed,55,5.658408749830213
188,187.09926539002856,5.854482320059077,passed,245,8.892637591763442,passed,106,5.213339094419145
189,152.62294140484437,6.014179476799506,passed,86,8.228252744805587,passed,45,6.141929240389521
190,172.66700235474678,3.57392159386284,passed,124,9.283545108871284,passed,64,5.274351225109286
191,157.97782695037083,6.145226745271244,passed,176,9.659950971111542,passed,22,5.213773050353532
192,136.438348387964,5.496714831539448,passed,31,8.46858586962873,passed,6,5.123685070657857
193,130.52117653009438,5.947435314276374,passed,56,8.244378788119345,passed,36,5.060559974191969
194,148.53239533014641,3.715638333661997,passed,117,8.414941334819881,passed,92,5.887847673598068
195,144.36395030427062,8.20482458142119,passed,442,8.00726193994208,passed,42,5.126314140521271
196,166.5857012872228,4.403544620128714,passed,62,9.062409082063327,passed,22,5.194621452570702
197,198.26013593381586,4.517263484422197,passed,69,8.86070270726167,passed,54,5.184154363227966
198,188.97673068886576,3.504844664174181,passed,59,8.016309626089658,passed,14,5.1611529819466595
199,141.71200689591817,5.178632636585305,passed,53,8.017628061507388,passed,32,5.023862941600643
200,152.0468730238686,6.664450927525374,passed,167,8.019598397301975,passed,153,5.451351687121453
201,164.0803064449781,5.186153573163325,passed,70,8.271329986596765,passed,54,6.3860777160892335
202,134.06977995106902,4.5671832077895465,passed,74,8.115597597201463,passed,36,5.470977093707119
203,189.0265871458343,3.7286855437052226,passed,77,8.330357792943822,passed,30,5.768832189941353
204,218.61561563058288,2.8063928942852705,passed,81,9.316142139974183,passed,59,5.549241367303059
205,124.4253180941397,5.960869630412509,passed,137,8.252072860658743,passed,128,6.720956268583622
206,173.6619426250774,3.8220242976609677,passed,43,8.501992589713803,passed,14,5.17832785855683
207,143.6582846949317,7.948985969626341,passed,256,8.879715893748031,passed,75,5.301537024986325
208,139.61035323871047,4.382824981478988,passed,29,8.03802107313112,passed,15,7.138843551265173
209,137.25532389169595,4.426664902652584,passed,61,8.4268681117053,passed,53,5.931264291323468
210,163.98551877033037,4.293761419993083,passed,32,8.502113997868,passed,30,7.661658553816131
211,151.9703836168728,4.048181727473497,passed,46,8.444057731224696,passed,44,5.316207272970841
212,137.2947136500408,4.97490630960919,passed,106,8.002365951061186,passed,100,5.970726223907152
213,146.7463852949871,3.7031200908592696,passed,70,8.718500075743062,passed,20,5.090685010679219
214,208.63849920520968,3.884510086925192,passed,143,8.85882181715747,passed,55,5.988759377169828
215,184.99333711237637,5.00068638112939,passed,36,8.889367266138493,passed,25,5.310325863085863
216,152.48197279827033,6.134611914029123,passed,286,8.743048632196725,passed,18,5.572149227118595
217,155.51351834565267,6.8229031273740155,passed,95,8.507405790495003,passed,87,5.700680161480598
218,175.34740726534275,5.4285426200169775,passed,92,9.191448628678799,passed,87,7.237914961803593
219,133.1123376771621,4.843989206279221,passed,162,8.397974884962057,passed,146,5.7970470194522505
220,152.49854842859816,5.530891744333111,passed,13,8.932167391235769,passed,7,7.671727517441296
221,149.86460745974765,4.63153387719362,passed,97,8.172332071098198,passed,20,5.336882696614986
222,161.82732521165536,3.7457180852956475,passed,125,8.846338970043988,passed,84,6.8788343276726005
223,135.44783403714308,6.401986906811404,passed,147,8.879716206403444,passed,45,5.157896204398793
224,143.39680853394734,5.766260522711183,passed,15,9.010902366301332,passed,5,5.784271561742216
225,102.31427206689263,4.967955527864453,passed,50,9.177322430226443,passed,20,6.057208520926127
226,156.90313421363666,5.120288907956731,passed,20,9.260812285630227,passed,20,9.260812285630227
227,134.98857848547638,4.002827086940433,passed,36,9.007864374101171,passed,13,6.1613844865899825
228,165.11124888562262,3.6802128550413564,passed,98,8.219741045155903,passed,30,5.7075197251128085
229,146.87438345667633,6.407963701304125,passed,245,8.537090297508731,passed,148,5.016638028237508
230,152.9124456280139,5.869575950432644,passed,37,9.304883854736335,passed,22,5.171139898922528
231,119.56172545353678,5.055036228490349,passed,79,9.045569739533455,passed,74,5.272074048280473
232,182.50503303372773,4.16197258595584,passed,84,8.816944115660652,passed,63,5.124611192072326
233,181.86618382599104,7.350898715558045,passed,79,8.634295113806377,passed,50,5.4645246008761195
234,146.10848566897207,3.423125293617134,passed,56,9.328427753743718,passed,40,5.557591845275245
235,130.60899071111885,7.7733720459464335,passed,97,8.866747048628687,passed,44,5.119620340891573
236,136.31550515051973,5.349076092643709,passed,33,9.294956579580349,passed,17,5.189277480578114
237,171.39843948151398,5.700397384930771,passed,63,8.003393571825047,passed,37,5.616608088246555
238,181.7241320019519,4.287627697919864,passed,58,8.011149591369392,passed,42,5.678809831438958
239,142.5495012969866,5.6615797599601665,passed,63,10.012687345976445,passed,54,5.27635464806524
240,142.22328206674123,5.1211818174217685,passed,42,8.591592856270825,passed,31,6.869455269229108
241,66.39515894998686,12.550074221450647,passed,64,8.015950935967076,passed,23,5.358340187832544
242,150.00896416934464,5.073518532937406,passed,203,8.563267873778525,passed,109,5.071656547747039
243,195.05069789015187,7.204433747425883,passed,219,8.27972640017165,passed,144,5.973837647419633
244,171.9275213308904,3.676698587528482,passed,66,8.016870617596371,passed,13,5.021169610374776
245,149.12467321681763,4.33437693139065,passed,36,8.584021340991521,passed,17,5.712550362212143
246,144.43250626013295,3.9790748453876583,passed,87,8.190601144726406,passed,80,5.109210383744278
247,149.4487526565151,5.114010630966539,passed,24,9.642326745383523,passed,6,6.571358487717505
248,168.9575280701715,3.571364673182917,passed,133,8.820779824489033,passed,71,5.184211857776111
249,172.20136516845452,8.743971735136297,passed,52,9.464229428592308,passed,38,5.30835002398784
250,136.3720066370842,5.278295882208319,passed,150,8.009066572829004,passed,106,5.519495756376225
251,178.93074826664605,3.0831267010744234,passed,81,9.7219561049537,passed,22,5.485633844411741
252,168.85544211954513,5.223699638201991,passed,63,8.026648060405117,passed,60,7.627228434269662
253,182.46699156991727,5.195291261884783,passed,76,9.523111195632495,passed,60,5.013488406490296
254,178.9653749447602,4.511788052837054,passed,100,10.319665221538443,passed,30,5.520779133757414
255,201.3660012376029,4.313759186520801,passed,67,8.536839405831742,passed,63,7.610205302145312
256,154.61426302265693,4.17371098778509,passed,113,8.58700971645927,passed,99,5.010557432479312
257,146.10109679915286,3.6463152080396375,passed,74,8.236412635109502,passed,31,5.70600750714676
258,175.6737373856513,3.8620100648341484,passed,93,8.894178749455861,passed,88,5.038837951427877
259,131.3650862282012,10.033203518910208,passed,148,8.302457146507125,passed,130,6.394170906986729
260,117.71772221160846,5.617865393975947,passed,229,8.651368600424657,passed,30,5.802446106712389
261,161.73924137356838,4.3623014025479705,passed,106,9.20450697308377,passed,74,5.374148711960736
262,167.74554993419906,4.4360726785019535,passed,25,8.03723767244422,passed,20,6.004238767124526
263,176.20617949525132,4.210478856201413,passed,89,8.06003584775099,passed,44,5.742891421102736
264,175.54328242719328,4.5679040361186525,passed,65,9.463852622748137,passed,14,6.001043122754135
265,96.45452896679802,5.475750788610237,passed,36,8.098850528300904,passed,24,5.121024809897601
266,105.07893827663301,5.103403936639246,passed,91,8.191193950219633,passed,84,5.354823814587162
267,163.3347045007069,7.00114009518172,passed,137,9.67031171251489,passed,94,5.01060120468193
268,155.10076744576043,5.8079497295848475,passed,226,8.160924393836178,passed,203,5.148664348168741
269,132.93140922195903,7.964749004018226,passed,255,8.006610124564805,passed,221,6.264155073774447
270,130.496361714954,5.298251659930255,passed,106,8.003319265953568,passed,101,5.053044231515824
271,136.96236973393076,5.279466955236245,passed,119,8.056741231865017,passed,104,5.6751661337223425
272,110.05270664284006,4.652175219531452,passed,311,8.095130043806108,passed,226,5.164885889384063
273,179.07594560535256,9.222027013285878,passed,132,8.864360042072539,passed,107,5.810937419345152
274,148.92011145814305,6.872505447352256,passed,221,9.841368552402985,passed,106,5.013080336403086
275,162.68090062831968,3.678370496156897,passed,245,9.724236276185083,passed,231,5.381361114452421
276,165.5500197763312,7.2685503534237155,passed,206,9.428474133111543,passed,115,5.09602470857351
277,137.9456563756279,9.211434318343406,passed,57,9.043304904173844,passed,44,5.01493646746709
278,162.24676492891624,4.057686705016415,passed,45,8.619924825804937,passed,17,5.0088116400734295
279,138.57888848979658,4.439539076636372,passed,75,9.013293370937836,passed,11,5.49477896264341
280,151.10088704396486,3.5941380229578415,passed,33,9.335951887692072,passed,13,5.505698206265808
281,154.05615914414668,4.769753462913137,passed,97,8.628338003864911,passed,33,5.079633341215839
282,128.47965787210046,5.905783198481025,passed,97,8.88087695529336,passed,75,5.34370582330248
283,160.275154327639,3.956515429766541,passed,61,8.668018196365912,passed,21,5.024563442488583
284,163.4925410189137,5.058901715831339,passed,100,8.259520205743275,passed,49,5.014363845991365
285,124.80513154122596,7.4622321855837015,passed,107,8.00688021982483,passed,22,5.018079861581892
286,155.184939347034,12.084558865795895,passed,52,8.153395921410489,passed,20,6.207058437563906
287,155.6172495617059,6.118740350841238,passed,154,8.295214182480247,passed,91,5.0158218316552095
288,184.23307330121688,6.438011252737241,passed,96,8.909717767871816,passed,87,6.707450756447475
289,148.47047762371744,5.114042489952593,passed,70,8.228557102572577,passed,36,5.674747251797552
290,119.23189193716487,4.9162973945953246,passed,108,8.230673452184533,passed,46,5.0329350908050685
291,125.6056113857146,4.164225093397664,passed,115,8.06005661542455,passed,89,5.775114696776051
292,122.45262626015273,9.300241254592436,passed,255,8.845073130689052,passed,249,5.473843101538289
293,194.49314301057186,3.7749271316700646,passed,29,9.04802069513102,passed,21,5.534156490728481
294,181.5563484650878,3.5007880273178382,passed,63,8.070523733387368,passed,45,6.127059622088682
295,189.95288699129196,3.1667758987603936,passed,81,8.324381607677612,passed,60,5.008597168778861
296,143.3282425968942,5.81482218392394,passed,75,8.070399003581663,passed,66,6.844491635489747
297,164.03321298979327,3.1860379999398503,passed,107,8.905681698853307,passed,64,5.1168652431120565
298,155.40924158473484,5.923804404295979,passed,165,8.96549803499591,passed,39,5.279576857931367
299,162.04321737468348,5.3245480199801545,passed,183,8.240951187573753,passed,104,5.536612836508326
300,103.71102975890993,7.609894406252968,passed,193,8.178277319009553,passed,146,5.6130291244546715
301,149.25779720176857,6.002428428295828,passed,74,8.365655217725365,passed,41,5.265995386092137
302,154.11666624974933,3.1939248035901633,passed,33,9.11821257379506,passed,9,5.7194301896207556
303,138.55358392282207,4.026140841172899,passed,70,11.311314432285924,passed,46,6.094083968969399
304,143.9187500851533,4.8048163817119915,passed,173,8.01686503897836,passed,79,6.2698027217965135
305,159.48196655692178,6.709615939966343,passed,39,8.900702195908972,passed,19,5.011085199121967
306,154.33608455023938,4.817015921282942,passed,47,8.77385783776139,passed,18,5.933480945106395
307,173.40996328094494,3.1498773607649744,passed,30,8.6784857820146,passed,21,6.322678359760414
308,191.08011055788828,3.4446135821399126,passed,129,10.15195410077756,passed,121,5.43902980648292
309,132.1560504540395,9.99150891789835,passed,255,9.908079928986036,passed,238,5.257368491130476
310,163.4664727382484,4.878069022272915,passed,79,8.342076441927592,passed,52,6.287504195294069
311,165.28970077353208,5.4656579376315895,passed,86,8.34427060330205,passed,50,7.1733307479943775
312,119.88119531789908,7.3634900166609745,passed,107,8.383930416849129,passed,36,5.371937534817217
313,148.07810356673895,3.9998675788816627,passed,50,8.643973917993875,passed,23,5.3740779560228935
314,155.7223520071374,3.5158987247379514,passed,84,8.108031049453434,passed,22,5.24667783776076
315,157.863146730911,3.4892391968668175,passed,102,8.046795907253458,passed,69,5.509852436086704
316,235.2901663216859,5.191882456945742,passed,7,8.351600422267257,passed,3,6.8269191548656405
317,131.5259158543927,5.267132370171475,passed,114,9.366208017698474,passed,106,5.303415811682921
318,201.86686748405614,4.311351077835162,passed,58,8.215004058663421,passed,53,7.2886186206556625
319,135.66884544324384,5.931866564256888,passed,48,8.597670146605573,passed,25,5.089539442595137
320,187.0402657928852,3.3791430460685468,passed,111,9.214224403666549,passed,88,5.253106676357122
321,185.85063412672577,3.4904389986757427,passed,54,8.001757005725697,passed,51,7.745735989644209
322,166.89780891346473,4.028194087652888,passed,59,8.548633492786184,passed,33,6.5205124101690215
323,154.2037133125997,5.737951323464452,passed,128,8.090459496065527,passed,107,5.698118076057335
324,215.00145376222704,3.51886200892178,passed,95,8.01869107369706,passed,81,5.947480898979807
325,180.52875541348624,3.8174428097224036,passed,36,9.337329547787053,passed,26,5.930616520982501
326,121.31185711218629,7.148856060940968,passed,107,8.52923289457026,passed,70,5.451728859196092
327,150.5588168113797,5.802165793396044,passed,95,8.317827636051378,passed,63,5.896208746847376
328,185.212795745178,5.156130603321635,passed,169,9.369258041628271,passed,58,5.355401384930225
329,183.35694419028124,3.5831749649067546,passed,58,11.501250209237268,passed,44,5.764231085702476
330,150.8196945561179,6.240761796177888,passed,66,8.110525508777688,passed,54,5.30477358395236
331,133.60431613398563,7.505051083937985,passed,67,8.499654718612693,passed,55,5.930570802185264
332,155.75786208347176,4.36183800463905,passed,43,8.04110134240068,passed,43,6.070169695624195
333,155.12097935539327,5.7188063660461275,passed,32,8.136921908941396,passed,32,8.136921908941396
334,154.60203487836264,3.840633672597239,passed,31,8.814644413765137,passed,22,5.431653557511207
335,153.90042788674913,3.2043622657773927,passed,94,9.46950371557913,passed,38,5.147262987914569
336,164.08719061989837,5.809975151577247,passed,44,8.155990948419323,passed,40,6.959515518744053
337,177.22696019983312,5.275078226378817,passed,91,9.409175712360218,passed,63,5.797639303344049
338,155.61201116016997,4.629985757415387,passed,85,8.252879267741564,passed,56,5.103767009426696
339,127.90597900830471,5.291030918562065,passed,50,8.115657691380429,passed,50,8.115657691380429
340,121.26728271308292,4.969344435024873,passed,53,8.1153420680804,passed,48,5.989226484402632
341,186.94511434903896,5.3439054664675,passed,145,8.068858801618607,passed,110,5.024720584653797
342,127.4786158759626,4.255229242283376,passed,152,11.351332725446905,passed,66,6.120580589257996
343,96.26418004394557,5.347712831748246,passed,292,9.756054272247283,passed,25,5.628450546408481
344,164.58059253065827,4.1054526927219985,passed,24,8.137726908476917,passed,24,8.137726908476917
345,115.349898711208,6.965834229009237,passed,79,8.367740182847093,passed,67,6.528698506379693
346,164.75519229120033,7.688286706549599,passed,48,8.41741905491038,passed,31,5.186957821041149
347,81.21384808595484,8.527451881271281,passed,99,8.218026537310298,passed,87,5.020537810700243
348,157.36140009303745,4.9799268306572255,passed,122,9.061822425144307,passed,117,5.233915567320713
349,153.2776601139934,4.199678564179489,passed,101,8.147389863679111,passed,61,5.413244656404159
350,142.7301799387913,5.124093916270311,passed,45,8.876226601637072,passed,41,5.9888011453445245
351,167.5589790941116,3.241375338491516,passed,29,8.113989814995204,passed,29,8.113989814995204
352,97.1643576273646,9.811380096575139,passed,310,8.712543656505245,passed,126,5.368065177637971
353,148.32043459971666,4.438546460852948,passed,107,8.11034356446716,passed,9,6.461028143100256
354,132.41362377447624,11.231409422525513,passed,64,8.00701582805865,passed,45,6.3381226526992185
355,199.32600125270116,5.568813798774581,passed,105,9.048570709331694,passed,98,5.629281773160866
356,183.3049809729113,3.7562770718033986,passed,64,8.92422360516061,passed,43,5.016822889890982
357,131.09072432429255,4.210112111778759,passed,141,9.015679984211822,passed,89,5.2663494376642195
358,151.24287012607857,2.8893772042465775,passed,87,8.816553095687695,passed,67,7.527463263693446
359,152.5934002614249,7.373398556568149,passed,30,8.327596799505855,passed,14,5.780401112159783
360,153.92227352183406,3.934215451086738,passed,199,8.030895625499435,passed,154,5.293256732304585
361,164.95040400784154,6.492584356455755,passed,235,8.031164852911132,passed,59,5.506735576774258
362,151.87506592598203,3.429390309364132,passed,70,8.197465734678723,passed,43,5.274748078902602
363,113.58433253982287,6.164986117128776,passed,96,8.400028839189932,passed,22,5.093566425934859
364,122.56615313895671,6.282253421631295,passed,66,8.622503982292518,passed,20,5.937086767283839
365,156.84521747206753,7.823524311540695,passed,56,8.125591419257727,passed,43,7.4405090556889375
366,130.05467770838428,4.731765778424714,passed,124,8.502343866194838,passed,61,5.560752546045689
367,152.66025304604835,4.269872054862665,passed,178,8.298210278945284,passed,88,5.4866901043801874
368,125.7241690759186,7.001373486295866,passed,111,8.588417433147422,passed,90,5.754877031044026
369,145.04069165221733,9.005682799621772,passed,59,8.508459789356726,passed,49,6.113353813814171
370,121.33762266186952,7.549732511446348,passed,100,8.867113583221563,passed,72,6.171438547042096
371,126.38467485830778,5.029345331831043,passed,60,9.755909212993208,passed,60,9.755909212993208
372,166.29635265169676,3.296253217701569,passed,92,8.357719221683645,passed,48,5.291455338596118
373,134.92046559881535,4.427324685205249,passed,72,8.094817365581775,passed,21,5.527050191755234
374,167.1999261224106,5.5185752915225805,passed,144,8.828281161204487,passed,29,5.756536613482033
375,177.9785303156337,2.7006155661067477,passed,36,8.411569286541498,passed,31,5.830798097468759
376,158.3619260554445,4.951198556160157,passed,51,8.693128006803285,passed,31,5.967389337905038
377,217.55295575970393,4.138651952376461,passed,104,8.62280874106327,passed,98,5.980155841243451
378,186.8059026960923,4.001887760718607,passed,28,8.160110347836834,passed,27,7.301338686805425
379,175.62700035100258,5.340969346370564,passed,71,8.229306599313158,passed,33,5.285131494065665
380,160.26297190115534,5.9734368072193895,passed,69,9.140895877603405,passed,45,5.233570262827847
381,181.5905686542473,3.2465024049884263,passed,17,9.352366991112948,passed,12,6.150975119962876
382,180.84861348489682,2.899742057947585,passed,64,10.93448573175635,passed,23,5.986766484545236
383,161.1369246747934,2.7936443396467037,passed,37,10.007843968029917,passed,13,5.334822691216967
384,146.3956833068988,6.356914803361087,passed,98,8.155608739252806,passed,20,5.430368066331881
385,136.7502619891587,4.0382717577595395,passed,164,8.033170756538354,passed,122,5.311033306499713
386,188.13449655211087,3.757193265690834,passed,99,8.496892079300844,passed,78,5.0159386082121005
387,158.13995964186395,4.705648199152302,passed,97,8.020563927839675,passed,45,5.020708087687975
388,120.98551868723261,10.480110059280188,passed,110,8.559234120431803,passed,106,5.177179822835942
389,182.16826742629428,6.5235932379637385,passed,89,8.19981555216025,passed,79,6.095622257012345
390,192.25591245871757,7.991851510093856,passed,42,10.504637491733938,passed,29,5.636770919978962
391,142.3723406050487,5.544052798893741,passed,124,9.337003802875433,passed,56,5.004559263159036
392,186.20794566112028,4.386416127379649,passed,82,8.560915934855885,passed,60,5.180077487606494
393,180.0461738456157,5.339693256439368,passed,177,8.250746958374577,passed,66,5.489849853925399
394,150.35292047737792,3.9488503095842655,passed,64,8.389838542525062,passed,20,5.646619348563164
395,155.94156781080972,4.616863120436671,passed,63,9.185592328829163,passed,53,5.280102499181871
396,110.66355836058732,8.956312252764437,passed,278,8.821528515782862,passed,131,6.048981262158604
397,126.31360725586146,7.612649190540025,passed,233,8.006509915721672,passed,64,5.145893232251364
398,184.55491218282452,4.765151267221006,passed,123,8.74507060798868,passed,75,5.893636499412458
399,211.0646799422112,3.0725372585577175,passed,143,8.441195783550292,passed,99,5.548461312793407
400,180.6469139713241,3.2490493151767685,passed,104,9.005297793263512,passed,56,5.731265745911451
401,156.74189967862486,5.661060547000601,passed,76,8.027523869991038,passed,61,6.202753447732867
402,118.44575486986004,7.384679190522178,passed,261,9.33665914466495,passed,238,5.110991683221644
403,167.83116896697882,4.279048867413635,passed,66,8.156927954563242,passed,45,5.003696144210568
404,175.71296517401916,3.5872888808182353,passed,57,8.170453760936546,passed,54,5.438378452726056
405,94.2140121770677,8.690616995202122,passed,151,8.036112678567275,passed,106,5.167739767928858
406,132.12423988402588,3.5340648951336937,passed,208,8.013236698682991,passed,141,5.320486470385943
407,140.372889260582,9.880928714363115,passed,85,8.374179184365204,passed,69,5.213951898389935
408,174.13766684130135,3.92934397428385,passed,94,8.820613515592512,passed,71,5.014592640313853
409,152.03682182419186,12.087992830453405,passed,51,8.16694879955675,passed,37,5.020673312271318
410,184.06331818635536,3.915752624514948,passed,64,9.486603203582366,passed,63,6.190653177901884
411,148.39239240481592,4.639341363571812,passed,66,8.84832027687279,passed,39,5.42962464747252
412,155.95139993876012,6.856166937016056,passed,47,8.982391952279078,passed,34,5.874043537785845
413,157.7510552523072,6.6097148019718475,passed,104,8.469025488989157,passed,83,5.629981686092589
414,152.40160333754824,11.081560218085194,passed,337,8.500593689699954,passed,78,5.725711544041334
415,139.86709279238477,5.4228818752461265,passed,146,9.226524470801145,passed,53,5.055911917228095
416,165.88018919130766,6.743683214167789,passed,140,8.018109375349503,passed,100,6.051309835644658
417,197.00618849581463,3.50371698036596,passed,86,8.532590494254922,passed,34,5.06641539826167
418,182.18288648250893,3.7512170941355603,passed,97,8.654929899066023,passed,61,5.109011984843792
419,142.51819922585653,3.989160665507225,passed,123,8.325474352437956,passed,102,5.068751376441316
420,183.42623273265838,5.40285380723598,passed,107,8.888694889485471,passed,97,6.335353891218709
421,147.98293726895002,4.799672628409827,passed,66,8.807847996144558,passed,61,6.377767829790537
422,148.77285910857307,4.832915300697537,passed,106,8.419987370077987,passed,87,5.007491366632455
423,80.61247708923231,9.51481960207719,passed,125,8.549145527192724,passed,108,5.282273041242247
424,155.30034445789207,5.0195063785336345,passed,106,8.2272736384869,passed,69,5.652429425342165
425,157.33616118549287,3.573075929840466,passed,25,9.5432858892738,passed,21,5.901631842402222
426,141.08804069393184,3.737269912633259,passed,71,9.703532115372271,passed,61,7.087655410486948
427,190.17845588492236,3.1335030288635703,passed,57,8.010549961644964,passed,48,5.253770508589484
428,166.06349806017744,7.668181929784064,passed,35,8.733797393204323,passed,19,5.68533498627164
429,171.5915436182949,4.176026103761554,passed,42,8.477587966512923,passed,22,5.144982847041879
430,169.6385752341659,5.7066508544148355,passed,28,8.27807177609905,passed,13,6.027888838369155
431,168.9868901551634,6.878816548303213,passed,323,8.019760992849378,passed,249,5.100039740891593
432,164.59501539110573,7.93212649146778,passed,59,8.512917872563076,passed,50,5.484148509233777
433,141.8831233751098,4.840767407689558,passed,107,8.702481503438552,passed,46,5.239933355772108
434,185.7203844963828,5.935240117220591,passed,164,8.005428493145006,passed,141,5.0141783631248105
435,186.19203864493792,8.869060577943074,passed,21,8.208620115103615,passed,14,5.108515755658982
436,129.42065846064793,4.9310643069116695,passed,148,8.115270731014235,passed,131,6.035725478684761
437,188.49320034332106,4.132885039941021,passed,64,9.387105821359732,passed,37,5.014552574647335
438,147.73751200007075,4.178772486605825,passed,117,8.780920108324008,passed,100,6.433076406007321
439,151.8926417630124,5.024557236939363,passed,89,8.350475891115083,passed,50,5.170911518084953
440,151.1773856678913,4.948330428675494,passed,50,9.058402100070007,passed,38,6.181203850748274
441,152.89395746258086,5.068721733977588,passed,106,8.049443938472312,passed,89,5.003918713314004
442,159.94818761828137,5.482268566731609,passed,107,8.262177228753975,passed,100,5.084612592239379
443,143.69060461322078,8.36960907899152,passed,147,9.071444111025805,passed,36,5.475282994127451
444,145.20844243285302,5.4831468250737005,passed,170,8.400248744397754,passed,107,5.292119614452928
445,154.0965055121151,6.156538892730732,passed,46,9.352592257575898,passed,46,9.352592257575898
446,168.23412509546225,6.06903533821337,passed,70,8.478553861492744,passed,29,6.420907790228925
447,126.25259477927489,3.710448281058131,passed,21,8.816913579005448,passed,17,5.134655772683572
448,224.8508236104266,2.829144818853082,passed,70,8.014147465005394,passed,29,5.417356781989291
449,109.85268940967607,6.7777692627586665,passed,332,8.281621787113247,passed,59,5.011878478335374
450,142.43049975797052,5.0675306730927465,passed,50,8.676063457247697,passed,31,5.222401157149559
451,167.79951912193863,4.23097679765999,passed,69,8.011008851692436,passed,57,6.590251608772579
452,134.95975600326756,5.340209860617478,passed,98,8.009932972812406,passed,44,5.709979037825108
453,151.06896551605365,4.723330190775277,passed,61,9.035161537492975,passed,43,5.212260525250856
454,163.2652217533559,6.614384085199694,passed,252,9.247620110237209,passed,81,5.2362695783952695
455,164.0277176931776,6.762908810703781,passed,141,8.163885538625792,passed,128,5.183307349350841
456,165.1080914119739,4.620380773610814,passed,50,8.006951154544195,passed,43,5.086349422545067
457,176.51545362065173,4.820141167273241,passed,150,9.049304393334289,passed,133,5.016814819791082
458,183.8772108812191,3.6343505289057694,passed,85,8.101591038103638,passed,67,5.154576432552593
459,143.85034688288192,5.149506734695616,passed,97,8.006197348479539,passed,33,5.028468233010175
460,121.51677258014257,5.046832745943324,passed,265,10.40677178829199,passed,119,5.306439296860455
461,167.87010020474682,7.0500721786709395,passed,229,9.30234456928709,passed,55,6.685053410518416
462,130.56647908900663,8.345950701042604,passed,242,8.41619204584292,passed,223,7.316534639862504
463,151.31759963204158,4.8981276098684745,passed,242,8.00224966926384,passed,203,6.291184966098107
464,109.0205685296187,6.747212664853912,passed,128,8.32066032760077,passed,124,5.446033975075504
465,175.9615582528498,3.3771362172176635,passed,50,8.69115870954229,passed,41,6.971142197577418
466,172.2965485198043,3.486944706151841,passed,50,8.270248687823667,passed,34,5.448785444699777
467,154.50471318089006,4.448569414424437,passed,61,8.079765144426121,passed,38,5.013671410438292
468,176.3238584884808,5.112161415478746,passed,50,8.393070055003381,passed,50,5.115504229130874
469,101.12094228115063,5.834582711082229,passed,22,8.400785756206929,passed,7,6.801409508972367
470,148.2332488717858,8.408168541342917,passed,106,9.072387136985682,passed,10,5.902160543135793
471,133.84551351009213,5.771712643145759,passed,70,8.01307786127763,passed,57,5.023521392679187
472,149.94784278516607,5.00828932977454,passed,116,12.376700505546822,passed,115,5.826121884892044
473,140.76479959663484,4.802549515675423,passed,253,8.295936530246362,passed,225,5.958287190407696
474,155.61169670131724,4.337742763258512,passed,165,9.24314023724493,passed,165,9.24314023724493
475,164.1641140202197,4.854525820736848,passed,54,8.654291951052894,passed,44,5.157103091396675
476,152.58584068735908,3.750578474706602,passed,63,9.517127055142716,passed,33,5.204600500448597
477,176.30576115034265,4.476052654604799,passed,61,8.850627612743311,passed,23,5.044126995691411
478,141.77368691280444,4.846956015907855,passed,139,8.252189149968302,passed,85,5.844150356872535
479,125.7558381776684,6.215365861476068,passed,61,8.821116036681698,passed,29,5.792438326188032
480,220.90520775326303,3.1793535084845685,passed,60,8.159711631032796,passed,59,5.926937278862954
481,148.2464738188397,6.642073675450087,passed,117,8.790046035480525,passed,110,6.290104535363894
482,159.03050260460608,4.6549938100558155,passed,44,8.140040886460609,passed,32,5.394265915347596
483,143.96313681890373,4.523139596556347,passed,98,11.142077954398388,passed,89,6.137968564720131
484,119.60626872037619,8.46193811649121,passed,61,8.423842086105115,passed,20,6.702480224242802
485,139.22885882278754,3.8626637196686096,passed,96,8.229491797024169,passed,54,6.687114441686681
486,126.71054901499788,4.50864782855336,passed,79,9.244420091613748,passed,33,6.220187769945307
487,158.82015020785633,7.912982891992282,passed,222,8.133401038512922,passed,208,6.152500016097573
488,179.12692185606173,6.733429082673785,passed,142,8.515390831988645,passed,56,5.006295335298416
489,135.1419013427003,6.56090289854996,passed,106,8.318896047940605,passed,86,6.176857118346479
490,137.54182155322297,4.532897717552436,passed,95,8.465836901543433,passed,70,5.648600897356637
491,141.1872312659295,6.222834564138475,passed,205,8.232159921907577,passed,198,5.661018914228211
492,177.16872797117955,4.3193438648874105,passed,15,8.371221017888564,passed,13,7.133759040116594
493,142.68697013010484,3.108582630185532,passed,36,8.075507338455079,passed,26,6.911321017376637
494,171.94718605574622,5.438336095133342,passed,61,8.209465055385445,passed,46,5.000527258287035
495,179.32143112889557,5.834149586831453,passed,126,9.854942495760909,passed,126,9.854942495760909
496,193.7936553596027,5.899795176902623,passed,151,8.076416834970868,passed,119,5.006647319687918
497,145.2769863986169,5.030381799760001,passed,223,8.09981911894706,passed,164,6.165103899492741
498,137.00249045437047,3.0220098139736757,passed,67,8.003741150590393,passed,34,5.030866889967656
499,149.9055301032419,4.375390532991584,passed,194,10.235850154221415,passed,165,5.013311927709263
500,180.17912572823894,5.851637395711673,passed,30,8.329056256320522,passed,30,5.175307869540502
501,162.60909141478314,8.053885360486436,passed,64,8.523378167827133,passed,44,5.074616389467934
502,143.94644414795877,7.029169153808254,passed,36,9.572682005978962,passed,16,5.544621280847006
503,178.45202292525002,4.991949526147159,passed,95,8.012522183754944,passed,50,5.091106034783688
504,146.21527183187922,4.155311165396153,passed,67,8.607337251555315,passed,61,6.199684518299331
505,115.82865891263032,5.325754567870866,passed,85,10.043681623259705,passed,64,5.094864260866316
506,189.00342340377193,4.648729114237702,passed,92,8.402877063277469,passed,70,5.40389842092357
507,163.5462085950033,4.646686145570717,passed,74,9.104767723800089,passed,50,5.5677255895329125
508,152.30347245175676,6.481947554904625,passed,88,9.394683953357985,passed,15,7.180738893363969
509,163.4191435781255,6.717501392846609,passed,128,9.0989939351245,passed,126,7.272122352879595
510,141.0801094786191,4.436119223336282,passed,111,8.831414098648693,passed,101,5.014932447152987
511,207.2578820857195,3.8914147285506218,passed,55,8.093370157637292,passed,17,5.162027670578162
512,126.61562813882954,5.752100341953929,passed,46,8.264260126248303,passed,37,5.017643913203762
513,196.85375483814772,3.470038444069648,passed,101,8.076120074502668,passed,94,5.111174979729682
514,141.61967582158624,7.969069527612787,passed,88,8.277306172835953,passed,22,5.784791048212323
515,145.691683482374,6.09944684736227,passed,106,8.153456334869592,passed,100,5.010983375082234
516,194.8225426574183,6.017371269353349,passed,15,9.111987679125821,passed,4,5.018640928285412
517,148.41260261560984,6.663166060708571,passed,158,9.332151160672254,passed,137,5.120850017295253
518,113.1439412360824,6.546982709121872,passed,143,8.179846225231913,passed,131,5.442738460995544
519,148.21790645579918,6.709342310139779,passed,58,8.480196110108839,passed,57,7.471073771161096
520,167.93800907748127,5.500345064838964,passed,63,8.08054279709378,passed,14,5.245321865629893
521,141.56330977931972,3.9360851802242163,passed,46,9.526912362746254,passed,43,6.812975706675117
522,208.73779347835466,5.0384654860039815,passed,94,9.95655095853527,passed,59,5.394765435605042
523,151.60980696297764,5.401479459184289,passed,62,8.599302683797138,passed,32,5.5564525213000815
524,153.0335654642642,3.8719903135810454,passed,159,8.019852037070807,passed,71,6.148513003771794
525,184.6254528267588,2.2055905383309855,passed,79,8.302770382778068,passed,36,5.3880540879178485
526,130.14617393325855,10.38912080168699,passed,87,9.850802171157302,passed,64,7.19198606734941
527,213.04504154896082,4.7559810183756985,passed,54,8.638776807964742,passed,46,6.907920407640766
528,156.34770278709723,4.009160393161496,passed,121,8.321157888877885,passed,57,5.276162238248627
529,158.29416526986427,5.656815374609246,passed,116,10.291414510363616,passed,48,5.120496552025422
530,150.6219860628386,4.900085470099849,passed,98,8.625084676415874,passed,60,5.366496985504399
531,127.98460704197913,8.145012859980039,passed,107,8.465212783890852,passed,91,5.00088405781014
532,150.62157585696121,4.372533309319179,passed,107,9.478448547303842,passed,91,5.280116400124557
533,135.24613504009486,6.047989958561782,passed,42,9.126956856475399,passed,35,5.583689623992871
534,150.62213071127042,3.6165808137178055,passed,101,8.62617021041654,passed,97,5.391110162041679
535,122.91908831271061,4.842766636503602,passed,132,9.789176922311782,passed,70,5.544640063952233
536,208.56267115551188,2.9058814131170965,passed,45,8.325470983620997,passed,28,5.232412703299949
537,146.11450337623714,5.15415448695198,passed,152,8.488897553000996,passed,107,5.006004708503187
538,157.80649470115594,4.062610995747025,passed,15,8.095192699604414,passed,12,5.134095153256313
539,156.40571353571832,3.814202156158777,passed,150,8.014035719271506,passed,117,6.806014055593779
540,126.63581838227134,4.887187395589825,passed,44,8.87670013421873,passed,43,6.527946966091802
541,202.0434944407382,2.498452800868462,passed,100,8.826916513460858,passed,79,5.4647316100369325
542,123.6618435194945,6.159987095744744,passed,104,8.000418187610725,passed,89,5.485114821320947
543,137.32314768496204,5.320223643313421,passed,39,8.434191901118492,passed,9,5.616832486868306
544,187.6930434872076,8.602191725688082,passed,29,8.937104686894104,passed,23,5.3444874418377974
545,148.25517380641736,3.8210512817211146,passed,47,8.219080166293935,passed,34,5.131032519404166
546,174.33859076837538,5.9229017340656025,passed,47,8.84934413353693,passed,22,5.005767584562504
547,146.80506418577147,6.481574319669008,passed,229,8.248509079034182,passed,217,5.02617613648797
548,120.60586755262537,6.45803658743032,passed,90,9.113321931139073,passed,68,5.586875194900509
549,142.24603056059664,6.845406157368285,passed,83,8.222561913549399,passed,64,5.924822206123692
550,177.75554935188183,4.505197698561707,passed,109,9.868724069692858,passed,103,5.387352228299203
551,170.80124500193358,3.1163153587013697,passed,86,8.81168838902533,passed,46,5.1956629623368
552,135.91178329700594,7.390411975864305,passed,160,9.546704254598314,passed,74,5.236903224486222
553,162.74638003764665,7.444253562324192,passed,144,8.129290830941915,passed,131,5.662601254460786
554,160.85731723980646,5.280794221520754,passed,117,8.890050348962042,passed,66,5.209580068777897
555,171.7121017136679,3.346864836467036,passed,79,8.266090979732411,passed,69,5.258044092947167
556,150.24394379468808,5.452233002798923,passed,131,8.204511076828712,passed,115,6.016393440446199
557,135.72765646029615,5.337678672124206,passed,43,8.553415020579113,passed,13,5.009495206610781
558,189.11817271371208,3.486632044122691,passed,64,10.228013284834825,passed,50,5.019533298154788
559,133.916825597539,6.006300364896664,passed,74,9.034262661661252,passed,71,5.670243675512143
560,119.63295349882968,5.322857794332557,passed,160,9.244999983610569,passed,155,6.305180218254347
561,145.15665299457848,4.1922953349458965,passed,76,9.660025423102425,passed,69,6.0013724137369495
562,142.90841735697745,4.351007845642265,passed,29,8.268506884920491,passed,13,6.052209043470391
563,150.4658718272261,7.116540826293455,passed,23,10.3634503302797,passed,14,5.019512217708311
564,131.23971486288664,4.753325863510043,passed,29,8.413606362092807,passed,12,6.040119282768686
565,124.92839274549183,6.2356757444572555,passed,62,8.188342520880077,passed,59,6.319527279002468
566,146.34016147862093,4.261393682973274,passed,71,10.385665341400351,passed,11,5.325164148811212
567,143.1249642115052,3.6460721287109035,passed,58,8.749752171546632,passed,49,6.18156558203975
568,206.32258701165475,6.476155988597973,passed,74,9.060607991604087,passed,71,7.518278795651923
569,141.72722334355515,5.783794072635208,passed,21,8.760417025650536,passed,20,5.834037051959484
570,143.74396264720977,4.702394458311376,passed,94,8.013942886509295,passed,86,6.049373646966405
571,185.52765673573606,4.079777410192912,passed,45,10.919244437162057,passed,43,5.004539211116366
572,200.113312520096,3.1144745823581377,passed,71,8.137630952929875,passed,46,5.332466251367318
573,113.43229218864815,7.38284459181987,passed,277,8.031617519148382,passed,69,5.354788653844089
574,138.64216176370044,6.759088243654039,passed,97,8.245840386032132,passed,89,6.118480383699598
575,147.31167965481276,6.339718622490707,passed,45,8.022126112956585,passed,39,6.4816051564871024
576,139.47510736332706,8.458476383924443,passed,31,8.407282385125935,passed,25,5.669435346809415
577,177.93488391294483,5.679742383862707,passed,97,8.820680049891028,passed,50,5.023816560279637
578,191.60637118442372,4.014207348144665,passed,77,8.049818925934149,passed,60,5.156025969864442
579,190.8809489453088,3.73844995586156,passed,63,8.155485330506185,passed,43,6.524033197225698
580,156.9102092731239,8.512857904334957,passed,100,11.393693790011783,passed,59,5.093570980426532
581,192.79647447238673,3.2220263438938015,passed,49,8.91408960281197,passed,41,5.051989182504668
582,168.51315302305218,8.081017724839493,passed,50,9.467328492783444,passed,47,5.757665388560262
583,167.59853948773858,2.9930401003087757,passed,59,8.420562735293391,passed,48,5.234641055989497
584,181.61895177616577,4.423483020465993,passed,106,9.32294133666145,passed,69,5.5505657210094705
585,165.42582506105475,3.8202236333363513,passed,97,8.009490150292375,passed,90,5.034776575469757
586,102.28486804353865,6.518826361537863,passed,19,9.577308132116968,passed,18,7.817513487656913
587,164.7734750680252,4.182959824464725,passed,122,9.22648153283918,passed,31,5.268823438750925
588,176.90357626150245,5.393999237076047,passed,15,8.079615599136346,passed,6,5.11259827315802
589,152.13452160755253,4.410838846996477,passed,48,8.198674179660092,passed,30,5.699552600457847
590,165.51291448250166,5.02186899248727,passed,61,9.038762954154311,passed,54,5.912651375277855
591,127.79356458584444,7.028679847883401,passed,124,8.941692925454436,passed,112,5.182754749781626
592,171.7733189606508,8.376369949708897,passed,172,8.200055398202387,passed,170,6.485450833539419
593,171.7903492935576,2.7978989595325303,passed,51,8.012646057227112,passed,18,5.353154685813588
594,214.4007189418775,4.380064053353553,passed,67,8.167283903266153,passed,32,5.010550681352366
595,161.2790563277255,3.1679812676280736,passed,77,8.566863744749021,passed,42,6.3562100791287435
596,146.37732518746952,7.208152466678749,passed,141,8.313569427428646,passed,115,6.033720692679068
597,175.06392747904846,5.261166143224245,passed,60,8.30132465977207,passed,14,5.8445261160847695
598,151.0563010488968,4.133134851729518,passed,62,8.165585293629075,passed,44,5.234863481410312
599,157.08409087462155,3.979839123758855,passed,61,8.138823133600216,passed,49,7.194084955395752
600,191.60595817358023,3.515834212670277,passed,72,8.081628968319098,passed,22,5.5697632651018125
601,161.62145624902013,4.370556929223348,passed,48,9.184909576783928,passed,45,5.309962312995231
602,139.56498085176375,5.4853192938993445,passed,95,9.700235689720294,passed,70,6.590627293203988
603,167.52875784731475,4.224633980523902,passed,50,9.50788096721411,passed,22,5.016447676463076
604,131.2956381358295,5.449308627181161,passed,74,8.029442829790456,passed,54,6.426849494501985
605,99.34741606354218,8.088855541719361,passed,173,8.29473189575831,passed,164,5.628207620243497
606,166.2959912703977,6.504421581123816,passed,107,8.316646639111003,passed,71,5.73840949171911
607,205.31619649916104,3.607289884458273,passed,119,10.516827140808815,passed,107,5.443026069605139
608,144.18028785353988,7.676143308710164,passed,286,8.019026950928087,passed,229,5.059488573073456
609,115.56551669858864,5.053648234504117,passed,36,8.004345700250992,passed,30,6.45961581305925
610,191.70722819367106,4.895733296626335,passed,14,8.638879953397115,passed,8,7.597343133507484
611,146.41892935807493,5.545386409039075,passed,115,8.588248524820363,passed,103,5.1759595621099
612,192.61010293173436,2.3266230614821923,passed,62,8.336646386073276,passed,45,5.267754859330287
613,150.13358737870797,5.65898263111888,passed,85,8.24210380075372,passed,81,6.339644601644179
614,209.97197356421134,6.320163718637352,passed,55,8.640514346836902,passed,20,5.838627418007958
615,129.30584978905227,4.701208417105705,passed,58,8.377358602840413,passed,33,5.223439012380204
616,168.90051488516323,3.498703452401609,passed,49,8.630744661901812,passed,14,5.365627997856892
617,174.66488526813276,4.78579793847996,passed,100,8.294783477081392,passed,55,5.171861617429041
618,136.70082726053116,4.805843577650105,passed,142,9.289496970423139,passed,115,5.0234947458921875
619,153.77994020141065,9.84166347556731,passed,229,8.010911599926951,passed,115,5.0841585576403725
620,177.1435725454518,5.920281476938951,passed,64,8.79988110838159,passed,47,6.040588727329799
621,116.88813170982763,5.862495694486384,passed,133,8.582906678340606,passed,105,5.005491660155004
622,173.12700084972005,4.127025361583779,passed,84,9.227814080792607,passed,9,5.0126633702716195
623,168.37201485405413,4.558414070449082,passed,71,8.778257173067217,passed,8,5.005158166314483
624,160.34579610716574,6.091889327630161,passed,62,9.041560424105132,passed,59,5.2510470212731475
625,155.87303874922216,4.86187904172016,passed,85,8.531688754639166,passed,65,5.339433036302466
626,131.08615875727452,5.360590692137481,passed,59,8.713559560147432,passed,7,5.955354978179228
627,206.63052841022144,3.72166822670624,passed,215,8.662741086129078,passed,201,6.070595102738507
628,170.70978288501468,3.273606037372343,passed,33,8.310601559902754,passed,4,5.1643729594204935
629,124.73426748727317,5.274485813025391,passed,85,9.414949617454237,passed,56,5.327725061145605
630,147.65520470712582,8.145794163314205,passed,87,8.998314761122849,passed,85,5.168381013198076
631,147.05601891797983,5.700382698691868,passed,100,8.272258849995495,passed,89,5.172466940942622
632,180.22621322486728,6.21703075344147,passed,203,9.028178578239721,passed,152,5.3532516415925935
633,127.61056872309737,8.732913713767882,passed,36,8.018694785214109,passed,21,5.967922730302444
634,115.74743039468859,4.2584611920546465,passed,165,8.070327937077915,passed,155,5.018055774759267
635,187.3812619279059,3.6259191582138457,passed,68,8.684654066404507,passed,49,5.684931871572174
636,158.5482277115798,4.454560139323172,passed,115,8.050093932051938,passed,63,6.151988932334351
637,132.47690351065788,7.22394148668147,passed,128,9.073869795656385,passed,72,5.439344780166189
638,178.34234975860883,3.8076181952883372,passed,89,8.437085863344773,passed,53,5.6245911350887745
639,159.4151207659681,4.5243926413926365,passed,66,8.158677436737038,passed,14,5.2655490914852
640,222.8584626477464,4.057339896448848,passed,60,9.537756463231496,passed,39,5.896716436275429
641,136.63740123909983,7.373704489598736,passed,74,8.015029209025371,passed,58,5.876572672895586
642,159.93507921871708,3.9601899142932626,passed,32,10.448757172035329,passed,30,5.573121691648186
643,158.7500617378374,6.217276251841805,passed,44,8.559997211751934,passed,29,5.287791316939017
644,177.23603710285727,4.366787046896063,passed,245,10.593551342326712,passed,170,5.48101991700658
645,166.07256887904134,4.0349805624311825,passed,43,8.222615349587702,passed,15,5.204765808012168
646,127.92968688445754,5.623374856270367,passed,93,8.285395621084678,passed,75,5.111732390145263
647,164.22162881323095,5.9511766733864855,passed,146,8.47178801950954,passed,145,5.153148340339508
648,164.73594158372498,4.390189033994217,passed,39,8.211455979984251,passed,21,5.378779581330684
649,143.38612953450155,5.894488864538438,passed,85,8.14780680000522,passed,60,5.0037674655923015
650,178.13919372668198,3.0890873896836224,passed,44,8.724560511679357,passed,14,5.71516992329042
651,202.35413487937367,3.5712890877819934,passed,87,8.024312590143756,passed,36,5.846248056149794
652,146.38683132241073,4.461433949862694,passed,62,8.002224054854178,passed,48,5.4757986577675055
653,149.93892004307062,3.866099153027146,passed,89,9.265520621638679,passed,86,7.484892048767677
654,191.3517072078613,4.6231553179516744,passed,97,8.369993054495106,passed,50,5.983450499851717
655,179.04347754494387,4.008156763568251,passed,60,8.947983680626281,passed,50,5.333762222200722
656,169.76510058177357,5.173945142976937,passed,104,8.330302661442524,passed,81,5.063957917834316
657,174.2245412496931,4.6908504644379585,passed,115,8.480496184385045,passed,107,5.001219974116
658,134.38252907012517,6.980705416668455,passed,234,8.792869914228408,passed,106,5.614052324018415
659,131.59929515813226,11.66244058677512,breach_static,100,-10.099648931958239,breach_static,100,-10.099648931958239
660,134.7336192568965,7.507194499691637,passed,148,9.129828232272352,passed,70,5.040859155819177
661,180.6559025980659,4.938138097873154,passed,82,8.447191842278512,passed,77,5.003249445714553
662,168.13983059650403,3.9252545075334657,passed,97,8.884868273956826,passed,38,6.040252426352599
663,175.10020996623936,3.8457550399596236,passed,104,9.50959603576711,passed,46,5.037740982941563
664,164.72842104154415,3.1889214699528337,passed,28,9.757726191154914,passed,23,5.299132354632041
665,145.08018359254606,5.131450566169246,passed,148,8.006215623783897,passed,145,5.871150953965332
666,162.67928473945003,6.759447311400608,passed,21,8.017765580684145,passed,13,5.509251953775562
667,130.1331201917578,7.216889662392265,passed,258,9.064466020484208,passed,151,6.342089265900119
668,103.99948508163348,8.45946556183437,passed,174,8.3009668733812,passed,168,5.175820895922856
669,135.96871797299514,5.651329819902013,passed,59,8.09815956125519,passed,41,5.129988771043381
670,169.74098591600884,4.529105989018756,passed,60,8.026519157216727,passed,21,5.466645853548169
671,215.6824540653903,3.69940726165823,passed,104,8.039300583492759,passed,69,5.596659567427054
672,122.87059601253532,6.053293011882862,passed,61,8.95418860310313,passed,43,5.006574520854867
673,158.2492063325482,4.170011274969347,passed,36,8.910253647126453,passed,27,5.218224954855
674,163.21281076487807,5.706936126353302,passed,243,9.007092427887065,passed,70,5.18736858064055
675,158.79920881266676,5.321293922093582,passed,45,8.16629637666142,passed,9,5.015168947460502
676,208.17544999106272,2.776439026770038,passed,56,8.35342093027629,passed,44,5.790974425527051
677,121.16069655953483,8.60869794080048,passed,7,8.708525980842152,passed,6,5.807313437400818
678,190.77634558499432,2.8321112561181296,passed,44,8.51975740338653,passed,30,6.4929041030898915
679,160.3588104463789,5.88934183595342,passed,48,8.05036367552454,passed,39,5.01386008741167
680,158.01549494696556,3.575580792536796,passed,146,8.44903468268685,passed,128,6.39439663330188
681,202.2671145018823,3.912006694047464,passed,35,8.279929275714991,passed,12,6.387137421430711
682,162.91129527561793,5.176336156453939,passed,53,9.016272845917372,passed,28,5.01704526361979
683,156.34835991262054,8.109259408990065,passed,98,10.228406624919373,passed,86,5.550990307550663
684,173.4037691691904,4.092106018234197,passed,37,8.23885119349741,passed,20,5.0106723907811235
685,144.89605925497585,6.12892851022805,passed,38,8.540521477711472,passed,29,5.068096878510442
686,182.97399041328788,4.339520237223181,passed,64,8.06558330976641,passed,44,5.976727309260288
687,154.97986519906394,4.714211760103509,passed,53,8.008139327823628,passed,50,6.529539965853437
688,141.87163564216715,4.783286410226437,passed,46,8.864626254826513,passed,37,5.8934786751783985
689,173.0835930641528,4.207786912569939,passed,94,8.099765753697818,passed,59,5.0123300090541
690,138.31289707097127,7.173726102082731,passed,146,9.566770122278312,passed,134,5.385496835073744
691,192.71822649917718,3.4634436769308024,passed,50,8.57496944682239,passed,20,5.069408157490285
692,188.1615328826906,4.040876562910737,passed,33,8.858131229917209,passed,13,5.028728729118748
693,164.08606832013928,3.3935687730766473,passed,65,8.564080517225658,passed,36,5.07157424322684
694,165.28928072897776,5.139153850449944,passed,17,8.171081234728561,passed,12,7.07019269334046
695,161.71917622841434,4.247328062322801,passed,89,8.72416679952497,passed,79,5.320211381542861
696,179.70517708196954,2.9714858930216987,passed,64,8.960858240277947,passed,56,5.308076802461481
697,124.52701718584419,5.888356650617832,passed,116,10.992704343553505,passed,74,5.4123617450623
698,150.95702013050186,7.549908645023419,passed,121,8.258379095732394,passed,121,5.379856205780609
699,117.65160519099939,5.5456700279394155,passed,46,8.174229734201699,passed,42,5.6697438184170945
700,130.42232718490004,6.4519526198419594,passed,60,8.021262943105034,passed,30,5.319172325409016
701,158.80969375095074,4.89821417636286,passed,84,8.429495330619385,passed,66,5.027145031403024
702,120.52438168468184,4.368061096505381,passed,110,8.496271666985189,passed,72,5.686342122057542
703,108.87076192544556,6.090840580411184,passed,43,8.339481165336405,passed,30,6.22020629108897
704,129.8661196580599,4.704331966681111,passed,91,8.021062214935682,passed,55,5.4199647028248865
705,123.6966144903839,5.2213770768865695,passed,92,8.307471782558263,passed,60,5.207664045971105
706,124.36917467270048,5.789371840626751,passed,71,8.093813766147594,passed,46,5.136863888461285
707,139.0308821369695,6.882360690244423,passed,97,8.014050982577036,passed,72,5.183460482042435
708,174.67255256292918,8.149893861678539,passed,61,10.587979869259367,passed,39,7.033803583130727
709,147.24779054256038,4.1967032525075005,passed,192,8.015108659914505,passed,106,6.676867525798524
710,155.81336555729638,5.595480974170769,passed,44,8.298513344572257,passed,33,5.574243543102986
711,161.77969934442612,5.993856826311066,passed,35,8.19888641886115,passed,20,5.794731207615422
712,88.76130624840764,6.833117843901117,passed,50,10.321198844434921,passed,47,5.698210438038931
713,152.2960393906458,3.7462735215673124,passed,115,8.665437584270963,passed,111,7.256664025686943
714,123.62869995066985,4.189015475681909,passed,57,8.024175208447403,passed,53,6.594531865618958
715,149.32612196771973,6.736161670558202,passed,166,8.005561427795538,passed,150,5.712533816718524
716,176.20073276635702,4.64160468584056,passed,64,8.07339929715718,passed,64,8.07339929715718
717,131.4637793598594,4.989348587943264,passed,86,9.111938278423537,passed,31,5.7825237062308465
718,136.0595934696532,4.139529689757123,passed,29,8.159909448475178,passed,21,6.769469106173576
719,172.9237389573031,4.125113643783713,passed,121,8.13847294361385,passed,59,5.455820935289135
720,158.42069844578606,3.453168916559575,passed,11,8.512942410526026,passed,7,7.872920258663996
721,115.03155653778671,7.077286063896604,passed,50,8.550905704484556,passed,16,5.7529990611646875
722,149.48561191279651,3.1372860903705675,passed,20,9.108692514466043,passed,9,5.292525125876257
723,137.61194579357593,5.367608381378516,passed,82,8.45631408545675,passed,70,5.920388532878196
724,181.1188583999572,4.213319722757876,passed,87,8.230408624894835,passed,21,5.359788466155968
725,211.81697925764004,8.859048362083914,passed,167,8.544276732872724,passed,163,5.003907672420849
726,158.49516285400037,4.038483199500221,passed,129,8.41385137774575,passed,106,5.652936201098768
727,122.9770500871337,6.408409142224519,passed,70,8.093496838573122,passed,61,6.387921263420315
728,179.51899234347283,4.662246684182759,passed,43,8.134400669650343,passed,22,5.547484996512253
729,191.8647989238059,9.113528992844135,passed,30,8.534047984513426,passed,23,7.381606694358678
730,155.14716481717977,6.915345217083338,passed,89,9.257526498105184,passed,71,6.255921456739433
731,172.7881086213284,7.402655874811251,passed,110,8.702671568503018,passed,108,7.58603199556287
732,168.86525642284482,4.540198300879041,passed,100,8.188218402004633,passed,89,6.34588933655682
733,112.40040980970325,6.745423948224982,passed,25,8.411118607839917,passed,16,5.129804367277391
734,134.1884449036237,5.1214354345703965,passed,115,8.125732380149131,passed,10,6.722747521155825
735,131.35785343327208,5.694078888824422,passed,77,8.136084086986495,passed,69,6.151320093912949
736,208.9464853117396,6.0308793148829976,passed,40,8.015315766254227,passed,13,5.81353476952533
737,132.20925613091947,8.315739863681673,passed,63,8.294218783899021,passed,49,5.485448489652556
738,123.86955623160918,7.8266468614878075,passed,160,8.072646235205895,passed,65,5.432868772827382
739,198.9791477106644,3.0873402240760717,passed,14,8.41870316263611,passed,14,6.657078465707444
740,191.30786601013367,3.6578879542822413,passed,126,8.021495542696911,passed,90,5.2048197811160435
741,177.81395006881957,5.244811224451993,passed,108,8.842037246222233,passed,102,5.623817676220089
742,137.84938245592375,5.3852079810936555,passed,97,8.172051679657667,passed,87,5.904871289130775
743,182.3653734910548,3.2611656204025126,passed,16,8.088271056858321,passed,9,5.45991063052349
744,190.29835034489645,4.111329711293128,passed,117,8.006385473148514,passed,45,5.078940925986908
745,164.46181253534306,7.084250272497209,passed,81,10.926157353130716,passed,44,5.1131925218565355
746,219.55788060673527,3.0319508762231795,passed,154,8.102018533475807,passed,128,5.99109568809979
747,152.88801518194316,4.037993935002027,passed,60,8.776850586824448,passed,47,5.9133561554548075
748,166.6526522838681,3.220605811412009,passed,67,8.233787865288722,passed,37,5.242814632974757
749,145.56004295482802,6.60618135865298,passed,21,8.055744133867716,passed,17,5.347284208616032
750,115.56725315142415,4.27877075074183,passed,130,10.453457071300942,passed,50,5.601407100160727
751,156.7415586925081,3.242000085751785,passed,45,8.293943722679797,passed,43,7.469114343145344
752,172.2686443211564,3.665674995617064,passed,81,8.319081342400958,passed,57,5.559480919345994
753,211.57326774682934,3.935226256282413,passed,21,8.755132719440994,passed,3,6.248035670163965
754,101.20649715427228,7.8874149112671335,passed,149,9.052996615097975,passed,112,5.303938179513379
755,144.0040482262571,5.696479804014321,passed,156,9.162927877043847,passed,141,5.215614549159064
756,156.1072368706255,4.161294542954866,passed,116,8.59704268862458,passed,102,6.84593652410177
757,148.98532059705198,3.869164722117327,passed,81,11.238262681661283,passed,53,5.072027034613447
758,118.63537869026732,5.807567559616816,passed,120,8.149133086620019,passed,113,6.0951650707037786
759,191.90698292876095,4.670929664902637,passed,199,8.008647100851384,passed,166,6.876227414502734
760,133.74812328779555,5.1919197309607785,passed,79,9.479309414502435,passed,64,5.960746157571606
761,175.427310306959,6.80280687795708,passed,106,8.125129001802446,passed,60,6.286519354887643
762,142.87783249252027,5.976581683156037,passed,186,8.20843609379811,passed,173,6.712314334655289
763,182.31199652532356,4.77200038406511,passed,44,8.936306689948204,passed,22,5.247382466411321
764,182.41027239043137,5.451891556151716,passed,106,8.09174821837546,passed,55,5.200407445297861
765,188.49910557220153,3.820266915982968,passed,69,8.580235599644848,passed,37,5.776308263676921
766,171.13264174810197,3.663511120569102,passed,133,8.27677486895082,passed,65,5.976452994823012
767,162.20186945058774,6.007806226623883,passed,72,8.033347548314751,passed,60,5.133817167626664
768,129.39879035107631,4.350868379790406,passed,81,8.302775728336309,passed,67,5.33942059405188
769,114.91442292589143,4.974001716820038,passed,133,9.297377286428233,passed,77,5.050494271512429
770,106.7376372793678,8.28053472864712,passed,81,8.157260252796705,passed,57,5.899846921524898
771,147.57480290691888,3.1495972015442346,passed,100,8.876385051623291,passed,98,5.740005271552828
772,123.2498440779672,6.91106269933361,passed,71,8.008844041289409,passed,56,5.30030259905323
773,130.23010432392027,8.372408872282158,passed,337,8.000168808046304,passed,274,5.387676915737782
774,98.03253695355852,7.179850591356162,passed,64,8.003734435913579,passed,44,7.238897089949559
775,147.23822719843164,4.119065560385985,passed,38,8.015930934728921,passed,14,5.203589782680873
776,149.507867974987,5.537204809333569,passed,111,8.16358685995986,passed,71,6.015524630151781
777,174.7956457606036,4.1492391637534745,passed,12,8.396259567367249,passed,9,6.330848567136171
778,194.1969969438734,3.989093621906363,passed,226,8.044075261853312,passed,162,5.687085288439331
779,107.14631901252093,8.509145376608046,passed,200,9.270741940944461,passed,174,6.334265453898724
780,148.37144104512095,6.008419918420673,passed,89,8.009501557297805,passed,60,5.581320432656711
781,156.82459619245512,4.179177269151373,passed,60,9.035477637118138,passed,54,6.48490065113958
782,200.25070793827547,3.703968334144774,passed,70,8.303666784214347,passed,64,7.458318327710312
783,180.05515263128999,4.875743266742246,passed,60,9.574284988974192,passed,55,7.58112167569176
784,159.89968256573454,6.614538934730558,passed,84,8.228523758443362,passed,64,5.875535829615064
785,137.6337552118105,4.985723336225533,passed,74,8.418137482556931,passed,46,5.0077642831119595
786,172.76774468886558,3.9871642719351175,passed,111,8.006421407079877,passed,45,6.429127708655735
787,119.85912134673397,7.6285073596795465,passed,197,8.508502550266805,passed,89,5.911591069276634
788,176.16761072337175,4.933601567865283,passed,180,8.691254497636592,passed,120,6.56474799017519
789,137.31668194855976,4.726949898404957,passed,124,9.96105997801202,passed,67,5.062970427679825
790,130.66362087542984,5.6450183053474845,passed,74,8.138012621394708,passed,23,5.703800469798037
791,153.46252478722334,6.029073540123609,passed,165,8.28562178239829,passed,125,5.21682424681813
792,124.51394538077425,4.204458578023908,passed,89,8.103745816459384,passed,74,6.97715542181967
793,138.62423586231895,5.182156807589973,passed,48,8.958071644916688,passed,34,5.802698766960601
794,108.14624843785742,10.935009750498674,passed,65,8.675549932676208,passed,37,5.304458614671126
795,122.50252311697665,5.553318003344601,passed,133,8.024504624340834,passed,46,5.218403081945588
796,174.8785946273592,6.943848453911339,passed,226,11.18419998742164,passed,61,5.023179211272222
797,141.57855104119756,4.491866453454634,passed,102,8.509235541367822,passed,61,6.063952590313915
798,160.18237328174303,4.447081800513502,passed,25,8.528739318253997,passed,21,5.573698711235564
799,156.9913347483599,4.198665425897852,passed,112,9.071314543886011,passed,105,5.004448817278462
800,173.7216710906997,3.7959910309502574,passed,72,8.807868754769267,passed,31,5.019743682433941
801,179.77472007690176,5.10940971687607,passed,156,8.035096060395453,passed,142,5.6659687883236165
802,191.8546210170186,4.576142722334085,passed,34,8.329446680166175,passed,32,7.7333894829956895
803,139.53954356759874,5.771568020418616,passed,107,8.534574906173532,passed,61,6.097022928140183
804,178.10640962113,4.341768454250312,passed,37,8.403814504563734,passed,34,5.554214176105132
805,163.6012036499619,3.931274876876683,passed,87,8.292039079836556,passed,48,6.117996645582124
806,112.5989117136343,6.097882079680431,passed,137,8.668401018243221,passed,102,6.657164075995015
807,96.89125488482976,8.561035851099481,passed,107,8.083273863833163,passed,104,6.058420057081948
808,151.7043929831497,9.484064281353007,passed,19,8.30241754314265,passed,6,5.298323791470794
809,162.52587425607254,2.8149588009693836,passed,59,9.094272939292614,passed,46,6.124780484552894
810,159.00416808289225,5.99514141174748,passed,89,8.190961052103972,passed,29,5.206282844104648
811,164.73998019157565,5.841938218997204,passed,285,8.010646104464513,passed,217,5.784201161190627
812,154.8930554106336,8.134897125082183,passed,229,8.035435040716333,passed,186,5.134584785486029
813,162.33593408604509,7.21851941241973,passed,63,10.930968160349487,passed,46,5.155645485744298
814,206.7885624480017,2.5929772887133464,passed,81,8.79669591947958,passed,37,5.289998185417244
815,141.9676906105621,3.3319697554085015,passed,59,8.393951942578814,passed,33,7.131310512521671
816,146.0324986155797,4.523444492462593,passed,34,9.894436790116789,passed,19,6.747100121711624
817,184.26340222467493,3.7120899492763675,passed,88,8.021110337107462,passed,19,6.036012340627295
818,146.1828646302178,7.447050669187072,passed,147,9.042830376877674,passed,106,5.606444959203571
819,162.36601372828963,5.056542724878572,passed,106,10.799961279317749,passed,69,5.5579983722015
820,175.67344414150602,5.6661817207111955,passed,33,8.94313719803157,passed,19,5.035162851327213
821,174.00089784148932,5.130717607793697,passed,56,9.298181128231665,passed,14,5.116826871375757
822,146.784461925724,5.750448251632853,passed,50,8.396972477159714,passed,46,6.019210239722339
823,183.7356003587414,3.3649439644940875,passed,30,8.196708432453192,passed,9,5.417770210789841
824,155.84468287290778,5.256535680686986,passed,126,8.400037011998895,passed,106,6.312357162727156
825,178.81594750208185,4.480328262107311,passed,89,8.108875440086894,passed,9,6.007953230941121
826,153.49419656622047,3.337425702684633,passed,62,8.352310446949552,passed,51,5.088446860852658
827,126.265070916403,4.959436050974856,passed,79,8.40158555915611,passed,41,5.030014940690419
828,112.03738174672782,7.825548388733579,passed,165,8.764585520640122,passed,141,5.647870244236097
829,188.95888333789426,6.266274177245109,passed,226,10.286869999701743,passed,187,5.129332825240018
830,152.47400959467953,8.15503027344617,passed,62,8.604284156637876,passed,55,6.17110916351471
831,165.59619814784696,3.808455484702897,passed,54,8.00507520833933,passed,39,5.510162121969264
832,116.4695733030078,8.878165304685025,passed,249,8.009164014548475,passed,115,5.063072091347287
833,108.49152697819959,3.8798037773926084,passed,97,8.507259214688512,passed,73,5.703044625157583
834,144.9283634216644,5.301767135704276,passed,43,9.417746596490261,passed,33,5.571269454995376
835,180.85237953079124,5.674194295931536,passed,127,8.005140513801834,passed,13,5.830219819096594
836,123.80469241303125,4.147624942475008,passed,24,8.22158172184273,passed,18,5.390373640855128
837,118.24551359174352,6.1950481654829,passed,40,8.147421825009982,passed,15,6.1266609600748145
838,122.71066922075616,6.924512837792743,passed,299,9.918787921731465,passed,71,5.331901426760188
839,149.16786480969063,5.897976576810451,passed,37,8.295318474926328,passed,32,5.318878389198445
840,129.4060687987726,5.538142926407349,passed,94,8.723501417856848,passed,86,6.967335683690523
841,165.87473218091645,4.966295540836,passed,167,9.046651578241228,passed,67,5.482790576599106
842,155.76119429396994,5.30428774059454,passed,54,8.010372548649114,passed,33,5.613099620858231
843,200.85105191217036,5.064636417995251,passed,50,8.700587213214096,passed,36,5.55975365129997
844,122.68086128403107,7.128971839581398,passed,249,8.751005409296408,passed,186,5.495815027455464
845,171.85701970801054,4.243921433364663,passed,67,9.444978535828131,passed,34,5.435067288490658
846,145.94316677729125,3.832756396579183,passed,66,8.411625036170744,passed,54,5.281966123183479
847,170.08742854248177,4.325311275846852,passed,151,8.61303340608901,passed,49,5.17367263025359
848,156.48412975211738,5.9204138457029405,passed,70,8.613326870144533,passed,66,5.6611507065885025
849,133.15477174233013,5.972487802741455,passed,71,9.657004920108792,passed,48,5.493835660599933
850,162.58196895096458,4.513657193873062,passed,36,8.982093702994764,passed,23,6.219287478290325
851,174.68293246325936,4.674652502107636,passed,141,8.831171984975427,passed,120,6.208294295563688
852,179.6852281256021,6.2176612809658085,passed,67,8.246619292284386,passed,12,6.690501932405324
853,204.4723449781227,4.070209352707955,passed,89,8.526741860425036,passed,77,5.260979281746625
854,187.97197018639937,3.257985272185857,passed,70,8.451473334958415,passed,31,6.114182026907522
855,137.03502084399338,11.109217627680676,passed,115,9.01573890498133,passed,114,7.949543143065463
856,154.00238948759352,3.492665130931063,passed,35,8.153210120720944,passed,30,5.831730548904845
857,142.3790468288753,4.161004117972713,passed,33,8.86851082522071,passed,20,5.215587540904387
858,153.17271097295557,3.1746229116936977,passed,30,8.746634754506566,passed,8,5.520524419898187
859,141.72434170216434,4.659783068910682,passed,22,8.07644197161894,passed,14,6.831717504576074
860,155.95531305804195,4.156785728762839,passed,88,9.13408734971608,passed,54,5.121031703485945
861,159.55895361755316,8.841812345048625,passed,205,8.89115972699841,passed,178,5.74837555031491
862,175.4441139360309,3.041604582794597,passed,127,8.545407775585034,passed,50,5.239005450974443
863,143.9952849618467,5.605005024321992,passed,97,8.022042359715442,passed,71,5.268288496793594
864,167.27482585039857,5.730437677280946,passed,75,8.709044638819009,passed,40,5.028961021475786
865,178.96405086478842,10.263287128861583,passed,476,9.493764046276754,passed,417,5.022030160616686
866,121.88907029801572,4.592600762261707,passed,102,8.483551322993144,passed,70,5.286141199005279
867,146.13448176431768,4.3938363688174835,passed,107,8.132033752474666,passed,103,5.054699496783166
868,168.9854201156417,4.150957599565176,passed,142,8.304028417223641,passed,94,5.8070612613144945
869,153.20497094260892,7.800200968602823,passed,38,8.141152759017212,passed,14,5.16351975412892
870,197.17465959938602,3.569621176868818,passed,27,8.645211030446575,passed,26,7.605344211020482
871,161.49176514990037,5.31517885203637,passed,116,9.00351652328315,passed,106,6.446011312734434
872,133.4135150084732,9.075636677489626,passed,87,8.593226835033029,passed,31,5.041502389881014
873,182.14411199282316,5.4843611431617045,passed,48,9.436747458547433,passed,30,5.0164621243954155
874,169.4525360708097,10.746167238963821,passed,333,8.67912218233997,passed,270,5.730186140736904
875,122.44543222116944,6.193578818350342,passed,98,8.024375332744139,passed,44,5.012267867142439
876,175.18757567385404,5.361135469120133,passed,44,8.755170465762397,passed,7,6.468989155859872
877,123.0855189040378,12.50878166208263,passed,42,8.892350170132456,passed,10,5.638303319217863
878,144.10724504181385,6.600607807147497,passed,89,9.747440250297501,passed,56,5.1131715885183615
879,175.36966437399437,2.8544261566110873,passed,100,8.019496514770829,passed,89,5.745206209504317
880,174.51487016367855,4.726384222900071,passed,66,8.311237440625163,passed,60,5.38026342194502
881,155.2435276602103,5.067222521381716,passed,125,8.588966268515552,passed,86,7.306171545886664
882,159.73894429247028,4.38161572426294,passed,59,8.016410108958972,passed,28,5.090457199604703
883,167.19266588852454,5.027977669410459,passed,110,8.0113982769205,passed,104,6.374346500611927
884,168.08961401928303,5.124342003916662,passed,36,9.104378722873907,passed,12,5.790028739437814
885,144.03526388313674,5.531444187929254,passed,87,8.77295706127259,passed,43,5.285195101615914
886,158.72909166375675,4.736621998857091,passed,125,8.023189428866928,passed,102,5.672535990945171
887,186.3854934444815,3.7984019417168167,passed,24,8.222910535407003,passed,13,5.528752991985453
888,147.4892745607932,8.382307336700915,passed,164,8.434162048646732,passed,121,5.194305376927577
889,131.48598888834772,8.623820942232438,passed,70,8.5248755727503,passed,56,5.217534029005089
890,144.55900683718448,4.425171026104795,passed,131,8.409062730741578,passed,89,5.032259296842589
891,197.2854475306701,7.494009057717356,passed,112,8.992157573306358,passed,107,6.4491080916360355
892,145.4872377640245,4.113259921641619,passed,124,9.080368918637038,passed,112,5.0404078138207575
893,157.64491679111302,7.966495934311648,passed,358,9.210360947935126,passed,340,5.4274870852876855
894,130.23978857061772,4.94322182021426,passed,27,8.192299141986181,passed,27,8.192299141986181
895,129.72258253908487,3.844016918097499,passed,61,8.44105080004567,passed,59,6.069233251822559
896,166.10245081774835,9.19541165824059,passed,81,8.139523780486368,passed,63,5.184507024829621
897,153.1160003670265,6.182732116017147,passed,72,8.30605865538232,passed,59,5.7245035558403545
898,147.3974436089127,4.26815006848415,passed,44,8.352302892602715,passed,11,5.178673066530037
899,150.37310926396552,3.4406935563465626,passed,81,9.315686735827322,passed,46,5.293085602855019
900,160.92500809694226,4.129152455389464,passed,82,8.537058622332761,passed,81,6.559427140548224
901,180.80370919560713,3.261921851663195,passed,74,8.71963981255124,passed,56,5.157266556293405
902,124.787376044269,4.845781615679945,passed,43,8.589237261078853,passed,30,5.337631112270769
903,123.55451684729827,5.872770577788663,passed,39,8.387413285845312,passed,34,5.202447389276799
904,187.83824519991924,3.393205072218821,passed,102,8.557580405389409,passed,74,5.5686905923839625
905,148.81338319198315,5.641394748634678,passed,30,8.153434244915992,passed,24,6.228205285194965
906,191.9663679475139,4.496268455049371,passed,67,8.02818864314614,passed,44,5.172585028847698
907,125.8259018700687,6.1048575313852655,passed,66,8.457887278120646,passed,33,6.155949834386365
908,170.97748659611008,3.383171073973036,passed,115,9.060811050502116,passed,114,5.76486102482161
909,148.0741011470733,3.651063790120044,passed,78,8.279349832651107,passed,53,5.562623537518152
910,131.12685354538408,6.679796106638265,passed,57,8.293830727105123,passed,48,6.78406118391055
911,154.58877563044524,5.562662217991036,passed,103,9.590139261807117,passed,90,5.8791904786634985
912,144.9536863315945,8.758457200194721,passed,89,8.001696780223778,passed,43,5.556149186971826
913,154.71328905129303,5.970849473900768,passed,10,9.900172734522839,passed,3,5.861344473587771
914,162.57676653636497,4.774421163530495,passed,141,9.220093777164795,passed,49,5.40067208859718
915,159.44522313628173,3.1332048011637186,passed,84,9.292220116589212,passed,51,5.549562194361446
916,205.27783201398427,3.343320772121182,passed,37,8.817301839882784,passed,23,5.015138958894982
917,131.8590579613611,5.9081035232512225,passed,70,8.012445206485097,passed,21,5.0135660175884
918,136.2453650989745,5.885547421820196,passed,160,8.296911078883905,passed,128,5.242719717558608
919,148.20107004211755,6.896252769521688,passed,66,9.365776015079973,passed,29,5.250594439497935
920,184.80434585478972,5.316127524536982,passed,55,9.324006868523838,passed,46,5.020056773148429
921,133.69686399230923,4.831545000481194,passed,106,8.518045935370576,passed,67,6.262525973676714
922,188.83806667626874,4.231673736345962,passed,97,8.347643650830317,passed,85,5.535309258853349
923,121.87405009648838,7.092608279853437,passed,171,8.191468518978095,passed,69,5.55284340882265
924,146.146684376979,5.834140355649966,passed,154,9.33609218373137,passed,120,5.716483660412286
925,155.48868487916613,7.130179702127045,passed,71,9.461313042665953,passed,21,5.327583832207705
926,127.30601969706017,4.257489004035437,passed,190,8.266315909249599,passed,97,5.622111374625205
927,140.18353803284236,8.734974934644198,passed,36,8.530344809963752,passed,27,5.490628143719589
928,159.8448869055358,3.784591682148103,passed,63,8.063018012573785,passed,63,8.063018012573785
929,168.72873072069564,3.9019214266992397,passed,186,8.46430854746214,passed,110,5.220734687853068
930,131.1454737264287,5.046167505730237,passed,226,9.33068148770766,passed,189,5.235007480588538
931,170.50694229566483,4.369141547072503,passed,67,8.025836749633154,passed,48,6.2821954943590885
932,158.97097764868252,2.8540792353270175,passed,44,8.353456980260155,passed,42,6.639026762589739
933,117.44993471836587,5.619494880961312,passed,54,8.800241047673762,passed,33,6.142955439133901
934,149.41743656112521,7.482635247050687,passed,104,8.40370831687476,passed,70,6.958234422126508
935,152.52277385557466,5.612280018482454,passed,41,9.162454410292732,passed,30,5.494724665965123
936,129.73582216071975,4.439203776438145,passed,73,8.212578778449743,passed,66,6.8209970228781724
937,128.49982867897177,6.452986337070311,passed,81,8.36332679708236,passed,80,6.337966601885725
938,143.90193301924688,6.126777341403248,passed,107,8.074735373392738,passed,101,6.790607377109348
939,147.9724688221802,5.293032753883513,passed,75,8.81835919065952,passed,53,5.243197760882223
940,166.70648948975781,5.762300383542426,passed,180,10.434671251703564,passed,165,5.733369373206654
941,189.18614661672112,3.6175997926095578,passed,39,8.331096557356288,passed,17,6.492904495490404
942,158.31630879182873,5.20097186555613,passed,31,8.672515283803971,passed,21,6.567073227213771
943,150.61888961548843,4.737417429385606,passed,64,8.817546718081125,passed,48,5.117078576877643
944,179.60241562445924,8.791221245463703,passed,50,8.092098564843454,passed,31,5.499498641500522
945,151.06893105129652,5.002070260905864,passed,117,9.438406999677685,passed,106,5.567512868822222
946,89.0810524025464,7.905505124936759,passed,95,11.95544418912764,passed,45,5.490674509245341
947,134.75478984584356,4.269872556403921,passed,29,8.022573360318685,passed,22,6.840284948202924
948,168.04679636767955,5.7763605432977965,passed,72,8.734251178319163,passed,64,5.62579231949456
949,172.90451138800393,8.282890396227739,passed,373,8.918846693336647,passed,89,5.228555385998024
950,159.40569021471026,4.448845820319511,passed,189,8.287516645923043,passed,46,5.31911978856372
951,177.85167521437342,5.011313785708077,passed,76,8.156545327048725,passed,26,5.040410444141807
952,174.55527607470503,4.489917282718395,passed,81,8.084593519594542,passed,74,5.973475731714517
953,147.98897460052234,4.562516546140889,passed,86,8.407963629474624,passed,70,7.630260525505594
954,175.69265217345213,3.253049287021972,passed,94,8.301358757760436,passed,58,6.49756373238628
955,133.11724046591132,5.198036481756161,passed,221,8.916809580817597,passed,125,6.023235833084528
956,195.62452614996508,3.2870022017109215,passed,78,8.510090868199738,passed,61,5.442499851762883
957,157.7828428502789,6.30443959322631,passed,210,10.74631818318137,passed,133,5.072149145150662
958,171.50367465000093,4.837872995781897,passed,62,8.784257095595315,passed,41,6.634839777057233
959,121.13007196235456,6.468020853060544,passed,43,9.807685383335851,passed,21,5.349481968320724
960,142.07064297447653,5.531054803752019,passed,104,9.533069611885914,passed,76,5.079095638616815
961,165.94711826393498,5.6096679520294845,passed,87,9.007289548155995,passed,24,5.117994030680872
962,157.70277985854887,5.722945917721759,passed,228,8.044232654167626,passed,89,6.035452178959155
963,166.95992253906584,3.6791113435637137,passed,69,9.10257496577136,passed,43,7.303898975817891
964,192.53753637581062,3.6274792167127328,passed,28,8.185417011711715,passed,12,7.140913256507142
965,157.48363479864778,4.680630587266821,passed,81,8.118735678874822,passed,34,6.069308700970377
966,157.96472908602598,3.443406559170485,passed,120,9.554178831327675,passed,106,5.5732626557328135
967,139.40546435755627,5.0639051278745155,passed,66,8.81336846758578,passed,63,6.6555616195761225
968,172.03300143348835,5.956012335474662,passed,61,8.351774524517763,passed,44,6.178756116456219
969,179.47594154914995,7.731757090614212,passed,215,10.796331103832824,passed,116,5.054949005000986
970,151.89444336871492,4.833279856804803,passed,128,8.225018252357286,passed,45,5.666398985797905
971,158.12249301948665,5.57302608479849,passed,45,8.833600415464238,passed,28,5.431175642940489
972,134.089622064046,7.205048616372507,passed,150,9.305113823568757,passed,110,5.565481722526955
973,174.76147193016192,2.6200058506618196,passed,117,8.022991748154663,passed,40,5.356411535485783
974,145.82799715235652,3.450917661084043,passed,65,8.736598513790582,passed,49,5.132066185679451
975,186.99146344084062,5.500641298192887,passed,64,10.963208238427757,passed,54,5.082711566938003
976,180.1689821511726,3.5773225208870865,passed,60,9.316934846336245,passed,31,5.0481766107012715
977,135.68146723043597,5.316478210254123,passed,265,8.4192479411602,passed,142,5.187006303806663
978,175.20807733957312,5.733594020294945,passed,165,11.499795839558669,passed,18,5.000202720036273
979,131.2676105915122,4.421761857787288,passed,66,8.335020900513568,passed,46,5.6121174722925105
980,157.35772489487792,6.9791739018452486,passed,94,8.69545435097896,passed,59,5.150504638454079
981,167.47439430674208,6.024395877373546,passed,59,9.254301052385848,passed,45,5.326633866721298
982,195.8875772639351,6.764395040701436,passed,245,8.285397221684132,passed,208,5.742875080579202
983,153.82035819054101,6.873291660046729,passed,165,8.151345335335014,passed,22,6.176456904670413
984,148.73427242069525,8.149037413456126,passed,436,8.92579973351224,passed,401,5.174483195336244
985,164.2067539404492,6.955477831918623,passed,44,8.579543921933318,passed,18,5.192038617584527
986,160.76360177162542,4.210577836589363,passed,91,8.142228927011708,passed,56,5.048351861635347
987,170.07968676506482,4.953029366337218,passed,81,8.47717395328651,passed,74,5.323560232713742
988,159.93968909353583,3.9298027983704222,passed,69,8.514278810800558,passed,37,5.239573610735104
989,95.92942162019126,6.918345566554088,passed,372,8.24282204256388,passed,87,5.328385225912791
990,179.022344603464,4.851429160740341,passed,97,8.439492568082985,passed,92,5.011160959041461
991,152.8142878016203,5.86647048401701,passed,69,9.999474133782659,passed,15,5.801926928784362
992,103.93659225252611,5.202106241068159,passed,226,8.072498146495999,passed,99,5.051109054323111
993,172.13543301669904,3.843771968431332,passed,64,8.520347693543062,passed,50,6.497080985249082
994,131.84415538916414,5.434404438614125,passed,132,8.635896241860298,passed,115,5.930067604526079
995,149.29545894753215,4.355219817863973,passed,61,8.007809218827555,passed,39,5.617782834376639
996,191.3034055146543,4.3921983328709775,passed,98,8.756223199636448,passed,86,5.461862375512072
997,158.04627000670405,8.294849596028365,passed,80,8.573789648670104,passed,31,5.565033535663932
998,154.35913078224058,4.712937740855637,passed,25,8.108159851494158,passed,20,7.479570445609052
999,103.51833898973086,3.704003065031005,passed,252,8.705841828932348,passed,201,5.867387236971333
1000,208.18739345942663,3.511119738619048,passed,70,9.892241402094704,passed,63,6.715758967839802
1001,164.09755378578285,6.470735224406683,passed,89,8.928281480775047,passed,55,5.848055506871708
1002,161.04327371082604,3.503845065068135,passed,99,8.001913859087617,passed,46,5.876968493765622
1003,170.53617619160576,4.432213300841405,passed,97,9.312369868302262,passed,97,7.7922765327698595
1004,144.970207427755,5.818170872966958,passed,162,8.486838221958791,passed,147,5.521330448174178
1005,112.41936124154131,12.907628644298864,passed,83,8.000308691934599,passed,50,6.499333546894737
1006,211.12259242406557,3.373320940753715,passed,56,9.155126638421397,passed,30,5.206698567809864
1007,177.86160224630487,4.540584289946718,passed,60,8.643286808578022,passed,45,5.0232893341289
1008,77.08556022934336,8.350044190418824,passed,67,8.488526209140158,passed,46,6.576921766230104
1009,184.18020550491119,7.651080249813158,passed,30,8.992431930135258,passed,28,6.386240457069481
1010,167.97680908798856,4.505421651864889,passed,117,8.015868175334283,passed,54,5.16763694939808
1011,154.59160408475117,8.123315582812985,passed,247,9.844750128900603,passed,13,5.246281464036029
1012,150.42182249448982,4.296243849186882,passed,131,8.024473013553335,passed,87,5.052670627851619
1013,152.6447403025275,4.4350195089008295,passed,61,8.842758910059922,passed,46,5.5147685657073175
1014,152.30862563749469,3.797340712315269,passed,102,10.343389159345783,passed,79,5.067239573286808
1015,105.72680192160573,5.276634453512646,passed,107,8.222897045636458,passed,66,6.380834758055354
1016,169.79222569151355,5.754964493621683,passed,128,9.133078296921603,passed,104,5.471541857792506
1017,166.72755742948527,15.656303103173402,breach_static,117,-10.03129124248552,breach_static,117,-10.03129124248552
1018,161.54671916064746,7.111651158588435,passed,50,8.654954727371834,passed,34,5.082375294901675
1019,175.80715572526478,2.8932777320519123,passed,145,8.013907978996615,passed,112,5.1390944277224015
1020,167.94668505435553,5.144661561819957,passed,102,8.475162835277628,passed,100,6.7596828315589885
1021,175.40549875102886,5.133333517634534,passed,128,8.012938679665393,passed,28,5.6389907429394315
1022,148.8321091615698,9.695149930702199,passed,43,8.359465025473511,passed,34,5.158642425082727
1023,107.75613681486442,10.091797451183831,passed,57,8.494024910543896,passed,44,5.468839547226723
1024,149.6726464754267,3.873776450119985,passed,67,8.750719508834637,passed,54,5.224576914237566
1025,146.5930831807789,7.751570875255978,passed,55,8.218139986573568,passed,12,5.080513298879108
1026,184.84557471176655,5.995503998311857,passed,73,8.265081639696392,passed,15,5.529103139897917
1027,177.06587965102528,4.174765066846376,passed,102,11.173505865037292,passed,66,7.3185504167304405
1028,112.06645633582109,7.057235478967004,passed,95,10.355862918318405,passed,88,7.0316643888967745
1029,166.31195519127164,2.825981170189114,passed,63,8.146026394306883,passed,50,5.000552529333047
1030,150.02329627584206,5.13780149993335,passed,103,8.911325338157706,passed,87,5.832181504462852
1031,182.31544583827534,3.4566461957463206,passed,16,8.344803051239635,passed,14,6.155151557829486
1032,158.15673451670423,2.7857817500489728,passed,31,8.191331347908392,passed,13,5.910542259835383
1033,168.4421459859716,4.9762735754155605,passed,135,8.847300485340659,passed,67,5.820241770134382
1034,159.51371873002577,4.7155371367240315,passed,59,9.84646891781038,passed,33,5.1557945295406915
1035,101.49418459503137,8.3447732426954,passed,69,8.013259612859326,passed,14,5.0674634453452105
1036,142.73536167333484,4.616734595592741,passed,63,8.272186706503938,passed,54,5.550325169059467
1037,127.25293111839227,4.889647919562007,passed,59,8.645099232244746,passed,50,5.295966663143359
1038,141.76724694161962,6.8266718908161685,passed,177,10.002546833030701,passed,141,5.516066803083497
1039,165.4877203801697,4.952281799413493,passed,83,8.032525425790338,passed,43,6.05295066845386
1040,146.1250077932462,5.8199645684318195,passed,63,9.492021541083595,passed,14,6.20769885345247
1041,146.26131915993108,5.6977545819536655,passed,46,8.281842292899611,passed,8,6.341550490034686
1042,148.06645788100207,7.04636185088994,passed,63,8.024709356806504,passed,41,6.5850579352739524
1043,178.7153071270571,4.779129396011734,passed,242,8.22825479942444,passed,217,5.84250536220432
1044,142.14168263249297,5.164470022727491,passed,70,8.989920065221213,passed,58,5.2009975242716555
1045,145.0941062456838,4.886237753939149,passed,85,8.508396261074292,passed,28,5.191800969061666
1046,197.78804074473717,4.67695705803083,passed,86,9.58020117425633,passed,29,5.299658815889985
1047,169.5277407485622,7.110184244807577,passed,71,9.23734262025151,passed,54,5.591556254289642
1048,150.51914490550396,7.3263813576266035,passed,117,8.177637180095765,passed,89,6.622257949045385
1049,145.26841497837813,9.041155234797058,passed,380,8.424162094786158,passed,106,5.789936197447054
1050,216.0043795585357,3.2904151610924672,passed,53,8.611135755454335,passed,41,5.006646024246431
1051,168.48509398836003,4.05651060249894,passed,23,9.075885463758704,passed,19,5.284702985737866
1052,169.82075642860767,6.185631766707699,passed,122,8.582471098498456,passed,63,5.445065014426409
1053,155.85947697923936,4.737424798108545,passed,65,8.21750451536667,passed,30,5.507708537167866
1054,151.4870768561032,5.359821149582968,passed,40,8.81018225291037,passed,14,5.1305826590528625
1055,179.79545675356076,8.154124692487299,passed,152,8.765895399569601,passed,128,5.477261290149316
1056,197.13735220986223,3.062023203488567,passed,81,9.018138748484784,passed,21,5.080242335387464
1057,172.6687786474241,4.849483123758446,passed,84,9.64679663560668,passed,59,5.2721061502056354
1058,128.65542464715486,6.459079293368275,passed,44,8.013362917426026,passed,27,5.399710280311587
1059,143.6551882271396,10.061455595525565,passed,9,9.015318195618537,passed,4,5.041402282287444
1060,162.13291456917324,4.911041053467364,passed,34,8.060818333987484,passed,16,6.274602254872397
1061,138.83010603621688,7.572314646990373,passed,125,8.199424756696573,passed,109,5.906580438707887
1062,208.76466275816833,3.624516166050996,passed,37,8.070911884277688,passed,21,5.489440411097557
1063,181.67849091574033,4.759999330271965,passed,50,10.92505359829139,passed,36,5.705125611826256
1064,141.7096888166141,6.168682317265219,passed,100,9.239956475196909,passed,82,5.5271027297007835
1065,186.82356071833738,5.694798126839224,passed,50,8.858353910566287,passed,45,5.3818749628374185
1066,142.95396246161997,5.064734842071806,passed,41,8.369218115420797,passed,12,5.059659458459986
1067,146.23131500572703,5.471724732444939,passed,69,8.721732748262712,passed,66,5.232415731198992
1068,151.9532926348821,4.727053437523088,passed,54,9.91967341303901,passed,43,5.345697356201273
1069,118.5683814808641,4.277075746570609,passed,167,8.99419623384996,passed,102,6.989062956491177
1070,161.52675476566242,6.452169034748256,passed,146,9.71790828591217,passed,69,5.2128044027093035
1071,166.65733141091792,4.772423816051121,passed,165,8.322753968783791,passed,150,5.9674515152873475
1072,170.86197558757252,4.7345741209202306,passed,102,10.699144532697913,passed,46,5.1294820071090985
1073,133.44810777662013,5.782026652549689,passed,97,8.182080165241379,passed,31,6.316473010652968
1074,161.75925392062163,4.593788578181184,passed,102,8.762628338416988,passed,100,7.274590861400987
1075,177.9860163536292,3.721611573472024,passed,131,8.869047531772134,passed,115,5.51554552857374
1076,169.88033279870837,3.5863218790077735,passed,34,8.677410547773645,passed,5,6.100266079207239
1077,163.60621797894726,4.207694421127078,passed,250,9.215210052827016,passed,194,5.036307197515155
1078,149.31556898000636,4.2081823765352935,passed,115,8.32007687846894,passed,104,5.552999574819872
1079,138.38666814315283,4.346312073416744,passed,60,8.488776130518549,passed,24,6.783445753824191
1080,160.5820367745503,3.4735181004741036,passed,48,8.228918133678231,passed,37,5.306757163274933
1081,132.6508992839118,5.3795022181018055,passed,146,8.762752419502773,passed,91,6.079820020287707
1082,178.50568485753803,7.528590859382897,passed,150,8.242870860812857,passed,134,6.925913371108128
1083,95.06721696144731,7.701264012552824,passed,88,8.379512037710391,passed,70,5.008693753814919
1084,128.1935319062598,11.199997749197077,breach_static,77,-10.712829260185785,breach_static,77,-10.712829260185785
1085,229.08400393778646,3.3152664414159707,passed,103,8.22321976662106,passed,65,5.261919804716597
1086,170.4105098383573,4.788274208463907,passed,81,8.423901451275073,passed,1,5.2251167750403615
1087,155.06920892203416,5.0167216686821545,passed,29,8.013576577323045,passed,13,5.4761254840944185
1088,135.0053887723647,4.658058902061792,passed,130,9.399171161738362,passed,90,5.746005063884185
1089,116.57988914543363,9.04214696334577,passed,229,8.179690660892724,passed,137,5.2489936311466145
1090,192.7056292525867,4.448878105819445,passed,61,8.064992354449263,passed,58,5.3241168012421625
1091,159.41087944541806,5.28148791337125,passed,159,8.224581416621612,passed,150,5.2294457350712475
1092,116.82786644327918,4.992860348988732,passed,64,8.781421004207846,passed,34,6.285419876891218
1093,125.48781366267305,6.0931760705032065,passed,222,8.145058408187001,passed,96,5.148918202386632
1094,158.15242666218433,4.3982001542640345,passed,201,8.349977906180639,passed,186,5.019234187014776
1095,141.09754036522168,6.199780994789693,passed,101,9.76401434487395,passed,71,5.438711511689132
1096,139.702741597696,6.7108098792564,passed,36,8.008485310845614,passed,21,6.533589555230379
1097,138.99097104274065,7.601086966638454,passed,109,8.294785783274495,passed,80,5.0064203769891735
1098,137.52473491164267,11.016264182603628,passed,107,8.450241041042217,passed,60,5.92392185703865
1099,181.5764744386337,3.503114159834876,passed,137,8.270658936307672,passed,112,5.429317642819864
1100,155.23434906728318,5.08377297451611,passed,155,8.16454897879144,passed,75,5.250300366563598
1101,131.47214802349745,5.594465109077196,passed,117,8.176204744131944,passed,113,5.539655106540331
1102,203.01982258474652,3.559194256511924,passed,143,9.917735933100813,passed,89,5.2469823742164134
1103,130.79338574405125,5.675311004144911,passed,129,8.034470556172234,passed,97,5.29694514769512
1104,164.85339305183956,5.089441400911435,passed,63,8.307059681254557,passed,46,5.873569927580458
1105,175.34166920432236,3.3837877265317915,passed,63,9.56276065177082,passed,60,5.864233684706743
1106,153.03337174913293,4.286859740332207,passed,70,8.294935641998812,passed,56,5.1257093344237115
1107,110.030344901896,5.32634288878451,passed,134,8.504802916509767,passed,87,5.173984659978359
1108,122.77296364219983,4.858731174229257,passed,67,8.048937632736886,passed,47,5.496113533383773
1109,137.2865667367349,5.403932104907728,passed,99,9.331290957867623,passed,91,5.311136037677366
1110,169.661212878633,4.692822489465903,passed,59,8.01499258617715,passed,7,5.3473758949055705
1111,107.24848161397608,6.622848515307207,passed,87,8.750049043534824,passed,54,5.617183865610653
1112,205.53352478013792,2.733732931839079,passed,77,8.722080293118895,passed,60,5.263613038400972
1113,181.8531853447937,6.5116812739905345,passed,38,8.011804060601824,passed,20,7.716025346850053
1114,179.45769098132195,4.727441204222742,passed,51,9.324909084474164,passed,50,7.445759030669685
1115,151.63536512125572,3.919078550758152,passed,63,8.412463681100224,passed,61,6.410012076597993
1116,181.36118781886915,7.143094664167733,passed,112,8.047128436198815,passed,108,5.067039824376973
1117,117.5240103442988,5.031255423107011,passed,50,8.397085217283351,passed,22,5.618952195816407
1118,140.42280543264044,6.856670012031239,passed,60,8.048383514297509,passed,48,5.232412222556948
1119,126.6595444834791,5.700246692892248,passed,64,8.969350979996783,passed,50,5.113720044313785
1120,192.14442062738203,4.902534148902692,passed,43,8.72765344774109,passed,35,5.087873229080753
1121,138.98991704498255,5.548190140608546,passed,71,10.609129340121282,passed,59,5.458226784899289
1122,131.87976228262488,4.285945797176893,passed,83,8.222977280328237,passed,48,5.478845959965084
1123,169.02077602751228,5.165108269617112,passed,181,8.131591668146054,passed,28,5.01785264863559
1124,146.35121902373527,3.6199816164647096,passed,60,8.294205268833132,passed,43,5.197779877402486
1125,159.8539716359942,6.399049552977518,passed,37,9.264147665898449,passed,20,5.0054219070007955
1126,156.98964888185625,4.262758941472841,passed,30,8.18475961198779,passed,22,5.359816027819453
1127,142.87138013748742,7.342758304621652,passed,59,8.169128054800456,passed,53,5.4513136425187625
1128,163.70723386120488,6.216366513423786,passed,66,8.38050775357797,passed,54,5.357762103947672
1129,163.12882494945472,3.9091785321493684,passed,47,8.35181272475043,passed,13,5.606327378313702
1130,178.5324899867127,4.613809817563079,passed,43,8.809312193888275,passed,13,5.424035823029061
1131,128.50779568367193,8.205895138086595,passed,345,8.020969796197953,passed,128,5.021150674747066
1132,160.0495455111457,5.0600961441357475,passed,151,8.398875484739698,passed,94,6.243952544479248
1133,121.66359151459415,5.012376524792117,passed,164,8.767182447965038,passed,21,5.326554930137073
1134,180.23053005310285,5.1423408705409255,passed,127,8.56005930629722,passed,89,5.181684768001293
1135,155.37563050903782,5.765197556955721,passed,89,8.62239331233836,passed,84,5.509235997246598
1136,143.68988211905577,5.92058454764664,passed,117,8.32147447940812,passed,64,5.010663080449462
1137,198.51653621455205,5.052022559792381,passed,82,9.388687329749157,passed,17,5.599725166570524
1138,157.910958245678,4.632221218035147,passed,162,9.041671008015717,passed,128,5.462818489576193
1139,157.1098340376813,5.422685883641484,passed,58,9.736547673344287,passed,49,5.9925237361273975
1140,160.30547343652316,4.778290985321638,passed,148,8.57503889205724,passed,131,5.40194750333336
1141,205.421667375595,3.970752453913949,passed,63,8.06138466785895,passed,63,8.06138466785895
1142,154.5480114440584,9.37365540286651,passed,44,9.241078307984596,passed,43,5.76014383424992
1143,164.69152342855088,4.290649468042434,passed,107,8.020565452211947,passed,100,5.487651154379014
1144,162.68739968518,4.231859691970988,passed,75,8.031532362880235,passed,24,5.965374530694878
1145,168.0777540784217,3.0576345600099746,passed,61,8.107229159327867,passed,46,5.915090899779507
1146,168.74826897555545,7.421753866996976,passed,203,8.283296360339198,passed,45,5.032526139219451
1147,132.0270831237523,9.380489104256105,passed,73,8.671753729903585,passed,37,5.777889310085893
1148,185.72795793611303,7.090405638511961,passed,67,8.281699951642807,passed,67,7.771409644662808
1149,167.2397928199852,3.7101798471329004,passed,64,8.464445545145804,passed,60,6.682729800040899
1150,134.9337335391655,3.8125428197855125,passed,89,8.51341471843503,passed,68,5.008305993989115
1151,179.35158642137367,3.2474555343434117,passed,97,9.387321496435908,passed,29,5.0286296624097115
1152,123.7266021235167,6.947360297237699,passed,104,8.616661291595484,passed,50,6.686536419302946
1153,125.4382601626264,5.3031271689898105,passed,175,8.297835140736897,passed,169,5.460089984487149
1154,169.37334243564086,3.077209068522934,passed,102,8.09090980889684,passed,47,5.01095913045857
1155,137.8545982111996,5.165569720813931,passed,76,9.06142302229609,passed,40,5.553633686857706
1156,119.14425550663114,8.717460888099264,passed,173,8.202382644325489,passed,167,5.251793919499392
1157,182.8263921142365,3.633286504005389,passed,130,9.888126708017598,passed,53,5.805784960721394
1158,124.1736655332557,6.3252374834575935,passed,67,8.180436608250918,passed,49,5.02060936897426
1159,136.2846111366697,4.169978129001203,passed,156,8.967655381264272,passed,107,5.006015823947463
1160,161.35878919429535,5.032540934675549,passed,52,8.168862171155332,passed,29,5.302717915699273
1161,219.5664520097127,4.109535448311006,passed,100,8.645153553455188,passed,83,5.906176810263197
1162,156.15968130233662,3.458138287915693,passed,63,8.64134195230777,passed,58,7.427994454330866
1163,145.70729412315592,6.241753035791255,passed,107,8.728104984439323,passed,55,5.08537696464384
1164,123.51798839911905,4.409540164271968,passed,203,8.621348381947813,passed,150,5.638287051687363
1165,156.1834317744635,6.729586709600167,passed,39,8.440103838613311,passed,14,5.415878812536179
1166,127.68646197920957,5.433784635881775,passed,84,9.04726201804209,passed,60,5.333834718534791
1167,112.12953249993092,6.038746816816384,passed,242,9.410454900575571,passed,89,5.118927962332442
1168,143.68789024582668,4.611821535427499,passed,158,8.913378263669935,passed,73,5.622215085615667
1169,177.03875870150432,4.91708597974155,passed,104,8.104609992189404,passed,104,6.252849355628642
1170,141.97679083939127,7.477714811040724,passed,100,9.493180580709048,passed,50,5.90807164537166
1171,176.8833503578576,3.919726849620686,passed,65,8.921221674655456,passed,37,6.087552439389121
1172,175.59378241277525,4.297852058872045,passed,100,8.19419088589357,passed,89,5.012307328786569
1173,148.54379302931372,5.089896950998382,passed,43,9.635850161865744,passed,21,5.09455319073826
1174,169.0357634225584,3.837667540219457,passed,77,8.563868079335402,passed,50,6.054577622524104
1175,177.7762972891879,4.216698052046613,passed,208,8.045363010205575,passed,129,5.337190186539109
1176,142.53345237913248,5.707098691475121,passed,140,9.062184823256514,passed,140,9.062184823256514
1177,144.2397244054888,4.38947443004902,passed,53,8.127614517110725,passed,34,5.007152201750831
1178,167.3866629189231,8.222514628353473,passed,97,8.34060371455334,passed,5,5.991810719986579
1179,138.18967033841457,3.4353648427068277,passed,71,9.205179348413651,passed,65,5.416241316885051
1180,135.04231959999947,3.9076323119813607,passed,91,8.305931586260296,passed,70,5.115585968990177
1181,124.08491071768846,8.323135578722056,passed,324,9.499941817156499,passed,322,5.074714406229619
1182,189.1208521373453,5.160420024678915,passed,74,8.244369124165907,passed,59,5.353370655414769
1183,169.46322844779007,4.095785701298206,passed,75,8.950656487453678,passed,54,5.004731337969237
1184,132.02959720072118,3.8869453493561315,passed,26,9.237463757958352,passed,23,7.217079997486042
1185,125.26977337027363,5.651978461289421,passed,134,10.704133553240979,passed,100,5.5223976805628405
1186,156.1750134226413,6.720499083728783,passed,163,8.453921550769273,passed,18,5.005230298311125
1187,133.884453008805,6.3142443319345585,passed,36,8.920592344628297,passed,24,5.465824821733478
1188,188.43371374336505,4.43448320014334,passed,63,10.477494736710424,passed,60,7.043509893094124
1189,197.15640193634226,3.4991929405332183,passed,60,8.069845966211076,passed,33,5.079308113497882
1190,151.24618885537143,5.508846764426923,passed,47,8.082599854672212,passed,34,5.356157219309865
1191,150.39265309416368,2.6270346903859494,passed,50,8.988232147053976,passed,45,6.348152943408714
1192,182.0291620189016,4.883934041973465,passed,59,8.45423230316349,passed,31,5.891539867200213
1193,157.87992382325632,5.504174460176602,passed,79,8.241500635113109,passed,71,6.095694725299383
1194,163.37167994259087,5.7012784086802615,passed,106,9.17852158232515,passed,100,7.060342426733102
1195,132.99890678375982,4.447943968940527,passed,52,8.683079198710075,passed,40,5.607433821224639
1196,152.8556458730879,5.037819717825197,passed,151,8.87120520626854,passed,77,5.088472551789547
1197,168.96585715100554,5.5865225970624355,passed,168,8.023157268764724,passed,145,5.290696567544639
1198,163.80050601644953,7.822806911037563,passed,59,8.001661039243624,passed,42,6.20769691448162
1199,225.47854811069533,2.6758582764696377,passed,87,11.70702230079983,passed,28,5.109923689903817
1200,137.2012626572786,7.390678278335024,passed,112,9.696396385675698,passed,59,5.419371327358502
1201,162.8828476949181,5.038009426405407,passed,39,8.291339293040423,passed,32,5.309123721952447
1202,160.9797387446362,3.4756989115936014,passed,107,9.132755342909359,passed,100,5.2928147090255395
1203,125.56838245315562,6.320464145453833,passed,81,8.702528393314001,passed,24,5.013840879899245
1204,114.30654483405753,3.458642770746397,passed,100,8.494994790798804,passed,73,5.15981351490522
1205,162.37199088281162,6.767304987322789,passed,168,9.539939575430022,passed,149,5.282474878873966
1206,172.4181699333895,8.032475133988601,passed,159,8.046331758689384,passed,64,6.4373439762147155
1207,164.4660728241405,5.634044740084479,passed,63,9.436249900899064,passed,13,6.84885884191786
1208,120.1156805791801,8.642739850996485,passed,149,8.894012212041758,passed,27,5.365814956291715
1209,103.6735481746197,6.334680992069831,passed,21,8.030418094042258,passed,18,5.888421735082638
1210,173.20646806110312,5.2456244718699185,passed,106,8.054744162565996,passed,31,5.264525507046858
1211,140.38906824863687,13.661968400225396,breach_static,102,-10.411330984522849,breach_static,102,-10.411330984522849
1212,189.32892597250083,3.062595742775278,passed,94,8.283296593007151,passed,78,5.285260833143046
1213,155.1737035510223,3.566196995579396,passed,69,8.890849132330757,passed,65,5.438051112558484
1214,154.05329014180592,5.48356394952444,passed,59,8.93861340505051,passed,14,5.622099193334518
1215,187.3290275775873,3.035385939800623,passed,43,8.944768939840442,passed,22,6.19708259982068
1216,159.5455721019621,4.838601646525651,passed,106,8.859416924537356,passed,104,5.947461507816398
1217,145.54926703783843,3.9217036102601868,passed,135,9.230647469649146,passed,104,5.759915688122308
1218,136.7532685344071,4.997231138624838,passed,59,8.285662292914854,passed,19,5.823829152004811
1219,157.69559098206622,5.410651870515275,passed,139,8.689231074333104,passed,106,5.009712636099706
1220,155.05349471114278,7.4204238736313215,passed,65,8.003871878004109,passed,50,6.639002664189997
1221,171.94671720025983,4.240751329325619,passed,174,8.528511059444654,passed,92,5.364281154480022
1222,158.94072932091498,4.098030583925584,passed,55,8.443156153946374,passed,28,5.154072376893737
1223,154.18664609613126,4.461926598879797,passed,60,9.298776117198603,passed,54,6.57344568568945
1224,167.29766017762654,4.722512312521104,passed,203,9.26692755288656,passed,136,5.966182073753945
1225,162.23394929006253,5.560984858041945,passed,66,8.005087847612291,passed,28,5.240764474067627
1226,169.91098431515766,3.288394420620555,passed,37,8.505189353718734,passed,19,5.304886346948257
1227,183.2394371416079,5.49857585560583,passed,23,9.349801164364013,passed,15,5.139552499527977
1228,144.13238319576288,5.796972172804036,passed,86,8.553963667341002,passed,38,5.510785202280455
1229,181.35875659674642,3.486964286710263,passed,24,9.748696536700784,passed,14,5.005511631247317
1230,144.01699432188346,5.934221677503688,passed,352,8.099491750798427,passed,292,5.923145317795786
1231,133.84151664814453,6.218292568432507,passed,48,8.563116841413109,passed,33,5.482500862247686
1232,128.9646692222548,8.518016230687701,passed,60,8.713826498802346,passed,60,8.713826498802346
1233,129.676506392274,5.196956801744869,passed,222,8.476752437401691,passed,85,5.617066159937223
1234,167.9459467238636,5.3190951417158345,passed,79,8.00575281714102,passed,19,5.26739158179621
1235,200.6920232208289,4.393316028499009,passed,28,8.774430616949802,passed,22,5.832938768921769
1236,152.7330517280662,5.685637523553827,passed,92,8.576764504873635,passed,56,5.885628006260757
1237,159.2117376869497,12.08067401065386,passed,44,8.234994605207802,passed,31,6.277720447629065
1238,129.01544737797136,5.64124158918672,passed,145,8.406911214769085,passed,59,5.62083635824
1239,147.6460293172376,2.883351690954141,passed,102,8.011635835898922,passed,53,5.568743898107686
1240,141.30884313989606,5.149242012253352,passed,125,8.238731826479517,passed,22,5.902106624366699
1241,121.93258335708497,5.80160004829107,passed,135,8.013581921783652,passed,106,5.012452477529794
1242,206.96089440152798,6.371728037782296,passed,79,8.797330418478367,passed,30,5.13020719636339
1243,161.66552808336405,4.611743347890238,passed,53,8.606837308872084,passed,22,5.526081502024627
1244,164.9540110285069,5.574422063397525,passed,256,8.173871219240226,passed,127,5.015782079216247
1245,140.10275900222643,5.36880126347789,passed,117,8.387279774914159,passed,112,6.274596137330857
1246,169.9024070141118,3.3554211302329615,passed,70,9.717551710679228,passed,60,5.428431596566208
1247,159.66788079744566,4.632053237705597,passed,124,8.151000578960721,passed,106,5.699358888246153
1248,165.70737883831282,3.9662450444452073,passed,157,8.448496774891257,passed,150,5.292027830736257
1249,169.929639525259,4.872320976586679,passed,18,8.376932408651093,passed,15,6.425508760282361
1250,118.57633799106048,6.558609751403639,passed,129,8.637887838944835,passed,24,5.015228491640711
1251,184.74485001671388,4.064304784052606,passed,60,8.910560400090484,passed,44,5.297206924442754
1252,139.1540541271279,4.660719597941861,passed,50,8.096894813354162,passed,28,6.463280366038204
1253,117.33165355839392,7.89660612084299,passed,129,9.16795947308502,passed,104,5.027069770222203
1254,115.53990619886734,5.859102214724015,passed,84,8.768945425637419,passed,56,5.903415788110333
1255,119.84779494664508,6.635353716013831,passed,56,8.092287708860791,passed,48,5.510186864126787
1256,146.64715536753695,3.949823566760341,passed,97,8.232479834092853,passed,26,5.21444638263675
1257,188.33031294709812,3.122177783949982,passed,14,8.248487746661493,passed,6,5.420476044240807
1258,174.25370121729276,7.36551071316221,passed,155,9.183130587894418,passed,135,5.727675496494555
1259,202.02071098995808,6.038190155516173,passed,141,8.576751524103088,passed,94,5.945143834072364
1260,145.35593057191764,6.5035380652889465,passed,153,8.001332960534246,passed,109,5.193284752780136
1261,227.9904644429194,4.214232930342035,passed,64,9.636916904033278,passed,51,6.087227828476349
1262,171.1136650340903,3.4555860457245235,passed,64,8.248398386640933,passed,50,5.571728270275056
1263,107.18021276502489,6.26858554902428,passed,72,8.750467350079894,passed,70,7.1584114675732335
1264,162.6238330863497,6.223987385187602,passed,89,8.129881608752632,passed,89,8.129881608752632
1265,97.70677077701002,8.086669455637754,passed,148,8.168775920754069,passed,98,5.420029743663446
1266,187.00720424022202,3.553527235772585,passed,43,9.380091485889274,passed,37,5.610608391881899
1267,121.89377991827621,5.623275346931612,passed,89,8.452028451770023,passed,22,5.2136030707859105
1268,133.14915846497155,6.955038330470627,passed,95,8.009926249624154,passed,88,5.3177805854658144
1269,125.74515441471172,6.919982300404777,passed,116,8.536485720784759,passed,40,6.1798642752629585
1270,201.14731229673643,4.781438476219332,passed,197,8.019084028136781,passed,107,5.838863991527021
1271,164.684936390873,9.28950424872077,passed,219,8.040088966723102,passed,181,5.954981560919381
1272,136.99150950205757,5.879310855644686,passed,300,8.081663420017392,passed,109,5.021006120932436
1273,158.86041877323768,7.2409815452982444,passed,174,8.52359714048645,passed,69,5.343672775044306
1274,120.33707950575673,4.789909007250786,passed,21,8.328422214203425,passed,8,5.412256810309457
1275,147.1587932059771,3.3459609495389437,passed,42,8.35236567806894,passed,14,5.238532576851895
1276,128.70638928392765,4.473491400153421,passed,186,8.481061594091987,passed,186,5.349737762815865
1277,184.24496309137749,5.326612933394921,passed,114,9.740442753318934,passed,14,5.098158633448047
1278,155.56453143135704,2.9106631252150796,passed,100,8.17294780510558,passed,72,5.002141768646551
1279,177.92219399011518,7.610077452684962,passed,17,8.752117898852507,passed,13,5.481642242250473
1280,153.3165300307068,7.962095202056878,passed,57,8.12811561211606,passed,31,5.150900886492393
1281,169.40817585224272,7.315643571023625,passed,162,8.307932137906771,passed,141,5.976967151208701
1282,158.1682613209763,4.973817390839488,passed,97,8.356962447793004,passed,41,5.695585488756172
1283,161.1597534416795,5.679708531728328,passed,222,8.170942601988585,passed,81,5.678686344836104
1284,120.2826379859217,6.912687316181729,passed,106,8.472709581884153,passed,91,5.731980293835814
1285,155.8821737897139,5.0742605469289295,passed,87,8.035010790806417,passed,50,6.187312748578777
1286,131.7506046911868,8.441036018937531,passed,102,9.023258174753757,passed,78,5.011759244173564
1287,184.06625945140314,3.7497281779830014,passed,60,8.265716563691349,passed,39,5.7422427244093965
1288,186.86765131953092,4.58350365077798,passed,138,8.01513894212762,passed,103,5.013994527344123
1289,128.85906233855457,7.822093641009538,passed,76,8.908269698180327,passed,69,5.076457881422747
1290,175.30928167318817,4.05488900371475,passed,69,9.080207890785651,passed,64,5.168769235436965
1291,159.22209884741605,5.37285751200055,passed,223,8.75628883145616,passed,53,5.817902476476755
1292,176.31652145516577,4.894754001650623,passed,73,9.812592446030388,passed,54,5.843997089117958
1293,155.67229223306148,3.961581563315812,passed,115,8.501598961496647,passed,91,5.890340378031467
1294,90.08005030558202,11.691320398932167,passed,106,10.330893773563465,passed,103,6.791748520898677
1295,166.01544117929637,4.700443708731563,passed,100,10.358296990792581,passed,37,5.012748601963035
1296,182.76991859840606,4.152884326653241,passed,104,9.089161000548174,passed,94,5.300121340246777
1297,160.7785757697218,9.972007653370389,passed,38,8.007651182542386,passed,14,5.661578440535697
1298,127.57018830172564,6.439341400732642,passed,71,8.123730613540548,passed,61,6.247677372199822
1299,205.694914987392,2.995861383506924,passed,64,8.019190354422934,passed,60,5.243722507799831
1300,153.49759675301945,4.6613280875286485,passed,36,8.528662978634793,passed,31,6.580022305446009
1301,187.24859384436138,5.375102517119223,passed,69,8.573320084818281,passed,56,5.215566426539042
1302,165.931235811455,3.9271843253531955,passed,89,8.0177285890902,passed,68,5.001996392967212
1303,160.3716566388191,3.303275894562912,passed,131,8.356821797679803,passed,89,5.560717286024763
1304,196.4278497379619,4.537927407580305,passed,100,8.11579646206142,passed,46,5.3300581150204085
1305,175.14849889902683,4.902561005639718,passed,75,8.322165654299972,passed,19,5.0522202520788095
1306,159.31704533130704,3.5690461909847953,passed,61,8.036239635698506,passed,42,5.10474428024128
1307,134.33847688646296,4.059659187287804,passed,104,8.179650778250913,passed,50,5.619310501413999
1308,153.439551586608,7.303924548957909,passed,205,8.293035786785484,passed,112,5.013623862450323
1309,199.2432899303172,4.490116836668726,passed,28,8.035866889163245,passed,13,7.020560591006819
1310,176.7709884383879,5.05261628953144,passed,53,9.110200073366869,passed,14,5.210947963316626
1311,145.61206989853392,5.055482384624099,passed,77,9.429853083705876,passed,47,5.380669882265177
1312,164.91645579541742,8.471692094291754,passed,217,8.03444707126626,passed,204,5.39351678065072
1313,140.40454985841583,9.372059407389857,passed,97,8.936100211565057,passed,83,5.784470786620166
1314,107.84124231218395,6.613672729320895,passed,105,9.291943462628982,passed,50,5.318748651772576
1315,155.4608759598012,5.0426539801896775,passed,24,8.104481100486671,passed,17,5.213927593015755
1316,189.39177872778802,4.100587486263067,passed,49,8.578467190034234,passed,27,5.0583350146296
1317,114.47737599772263,5.779399139957794,passed,66,8.002461669477734,passed,36,5.4839526532907135
1318,148.07133608924744,5.958192276441535,passed,79,8.273810916481317,passed,47,5.645563950567212
1319,128.9132077460701,4.8244274431773215,passed,70,8.929503442584341,passed,40,5.019990875972935
1320,147.6183326631133,5.228519410928387,passed,155,8.030658425801928,passed,114,5.142096078158165
1321,181.58972340423517,4.059428336051514,passed,89,8.337433990711961,passed,89,6.57953624325045
1322,136.85334629682592,6.56579558411299,passed,62,8.206190731646924,passed,38,5.092090007374583
1323,139.38829611041945,3.3650444586430748,passed,59,8.078105147399572,passed,49,6.28665027909463
1324,116.81711832690623,4.953834530317216,passed,100,8.349513162669409,passed,92,5.0801558059222485
1325,124.49662768995147,7.988371737671598,passed,381,8.51408141532457,passed,369,5.005942450152845
1326,174.46483427503918,3.707789862510522,passed,60,8.023059772942553,passed,50,5.75263146260514
1327,164.14203832610764,3.3731106640261492,passed,56,8.538811108436306,passed,34,5.5033789415527945
1328,100.2097127311009,13.810122485230513,passed,164,8.637638129490144,passed,139,5.824455485624513
1329,176.27179497200666,5.044813991337538,passed,84,9.094833471356889,passed,61,6.584177589958795
1330,152.8103719685618,3.7069386018324524,passed,112,8.196154077112006,passed,107,5.643835174572587
1331,195.26193913888278,5.018820894719686,passed,109,8.487994087671357,passed,79,5.28356588344534
1332,173.34387590265362,3.512364951606617,passed,46,8.682393588835291,passed,34,6.825234885031195
1333,131.86282914795652,5.189049509785808,passed,51,8.20857970255493,passed,12,5.523750327381682
1334,219.50761747020994,5.054687470090661,passed,124,9.51127882240852,passed,103,6.5457803281413485
1335,182.6062115365104,8.03138413111071,passed,43,9.476155475695824,passed,15,6.679730894912872
1336,149.54650006151655,6.968192661504921,passed,44,8.037968843409704,passed,8,5.1913274073357885
1337,165.87477873567184,3.420616287098998,passed,50,8.261354320262338,passed,6,5.674120692682294
1338,128.6924077924917,6.821373798449963,passed,253,9.213670164520948,passed,162,6.222258150420723
1339,183.70885269085574,4.3207961864344755,passed,111,8.035131910691295,passed,26,5.106219455605321
1340,122.5269416225863,5.296724665418092,passed,60,8.091519805734503,passed,46,6.007929903172005
1341,148.3360386432233,3.9157742950899186,passed,61,8.268645765696636,passed,16,6.26171987638362
1342,171.8228896025972,3.805587765093347,passed,53,8.076792741295069,passed,37,5.750862673186252
1343,166.91995485000427,4.2059639134830835,passed,64,8.920005326689594,passed,53,6.3207262706373335
1344,171.38460453621528,5.6438604830524115,passed,173,8.051144256488874,passed,37,5.075012493829534
1345,142.05519608855403,5.349346219558776,passed,120,8.681734977050159,passed,100,5.503968504780321
1346,184.88250580886648,4.2851885160413365,passed,44,9.143754805310888,passed,27,5.092694275521836
1347,145.65662620553917,8.12117951638499,passed,51,8.303519635559553,passed,22,6.5258014871230285
1348,125.36251651476094,6.571902755354577,passed,79,8.548527958575459,passed,64,6.836135659424758
1349,158.3528740150573,6.3559379061013415,passed,157,8.283801076174392,passed,127,6.013563934858612
1350,151.80834451290508,10.576007494391577,passed,56,8.588200582454375,passed,25,5.0073266522227655
1351,109.54949299078356,6.587249640149256,passed,223,8.005652097057814,passed,210,6.229790377533884
1352,157.3210606274052,6.741761650174229,passed,29,8.32564062779204,passed,20,5.67176399804965
1353,114.13888216832429,5.579730307488652,passed,14,8.443001012943018,passed,12,5.315976615001916
1354,90.06994186014363,7.48614181177026,passed,126,8.285810498039492,passed,113,5.631072462699649
1355,187.9857419382072,3.866891381201415,passed,112,8.02697154506442,passed,50,5.319203889924351
1356,132.01244106266535,9.068893935464693,passed,104,8.700752083460127,passed,104,8.700752083460127
1357,166.25809912236056,6.782411299308505,passed,77,8.860601142315016,passed,61,5.939065182475489
1358,160.3407561259262,4.867871708303425,passed,137,8.022657735577843,passed,95,5.004572412662878
1359,118.58853908525634,4.574007021702116,passed,86,10.815285349665427,passed,19,5.133948964299617
1360,211.04142576781956,3.503126060199889,passed,19,8.760375925075813,passed,10,5.884216550444554
1361,179.0643927631971,5.40949252210121,passed,110,8.46494368228674,passed,48,5.806000128998812
1362,136.8432287290353,9.3230672088553,passed,101,8.009044986013091,passed,91,5.59626669262101
1363,135.96561325351217,6.846363760809053,passed,98,9.129354056295714,passed,42,5.10633070116544
1364,189.3054219861401,4.531216013664487,passed,89,8.78604649952357,passed,44,5.465108595238322
1365,133.88221648152913,4.503819138971872,passed,133,8.010786729648434,passed,39,5.0506275140530965
1366,148.13854864371177,6.212128408516191,passed,150,8.232452001313462,passed,125,5.015746276827171
1367,139.32844102231834,7.33080122743825,passed,131,8.07942922061049,passed,128,6.079097154099533
1368,144.20404400565002,5.6318574546251865,passed,56,8.23756038103436,passed,44,5.654235941648733
1369,158.6838905307761,5.799790901448418,passed,53,8.067663382773205,passed,21,5.855903055673672
1370,178.8036001924509,4.442803569678014,passed,71,8.132651662367119,passed,33,5.005526128874083
1371,157.22516207365823,10.734233954596412,passed,392,8.610540842528636,passed,46,5.094903980512888
1372,152.80142605360876,5.159885818750965,passed,41,9.122154363636303,passed,34,5.375316026653776
1373,149.83038991767162,3.736225623502478,passed,158,8.838111820748829,passed,115,5.922184705147093
1374,170.25931576710778,3.0517495347140815,passed,60,8.000556615032561,passed,16,5.028921457315527
1375,147.9598464400593,4.445712194856701,passed,70,8.176282147049928,passed,70,6.133872988188083
1376,152.42679229613657,3.821620331176565,passed,139,8.309700655532515,passed,42,5.743566063853223
1377,138.9226161193894,6.428443957176183,passed,125,8.561911596070049,passed,34,5.678172168800311
1378,218.02544119330926,3.6362169724653595,passed,70,10.58735046247028,passed,57,6.8383494175092485
1379,133.9064626126032,4.9985584198284645,passed,150,8.304401000311689,passed,94,5.003532248048992
1380,113.71375372700241,6.013747887178066,passed,203,9.5886553270069,passed,126,5.343264764508637
1381,147.70680261511094,6.656530097489444,passed,83,8.802933720911543,passed,59,5.934473372559923
1382,135.6259121419809,6.898741377398572,passed,42,8.6038191052203,passed,28,5.6420177648059955
1383,127.48676464794131,6.2423574605735626,passed,151,8.400258861495914,passed,43,5.2186948841414615
1384,163.53603469809818,3.94503398096431,passed,104,9.452663384966819,passed,97,5.074903740098002
1385,181.2869027601766,3.0641353339727098,passed,96,9.239779866868458,passed,79,6.33623977525013
1386,130.10536710165894,3.728451285945225,passed,42,8.575745339641028,passed,23,5.48427589476701
1387,112.06650684327273,7.471311608212846,passed,129,8.394883693180155,passed,94,7.813602525815577
1388,139.26304353788558,4.826928484855408,passed,76,9.858834077017464,passed,67,6.339141008525595
1389,156.26324123459185,4.708413595805927,passed,79,8.276588954279408,passed,52,5.333548841711244
1390,127.11510587049268,6.652337725782155,passed,233,8.336130248750283,passed,33,5.053475368501004
1391,170.87714901311037,3.8218449024543215,passed,93,8.447498162562628,passed,61,5.966830156400071
1392,167.64764591662492,4.112702527925436,passed,30,8.087747132056844,passed,25,6.304086487727156
1393,138.04282385011786,5.279130439963561,passed,99,8.440183388242906,passed,58,6.339580528376376
1394,150.94342650974096,3.7671604233461164,passed,139,8.447808427921855,passed,110,5.022353824418113
1395,159.08415892877866,4.851336100316991,passed,69,8.714861502841508,passed,22,5.842486219828635
1396,154.92869618885092,4.659812716532378,passed,86,8.048828251277996,passed,71,6.375448028800479
1397,162.207200677284,3.5060313926110545,passed,48,8.069699205729354,passed,21,5.184988756158693
1398,181.44258060405613,4.992478910963779,passed,60,9.318274853760666,passed,44,5.054061649704855
1399,127.53611305901971,7.019091957971233,passed,265,9.022991681262349,passed,245,5.222766424343828
1400,147.12185061145698,3.8905717601115795,passed,142,9.383511472131879,passed,142,9.383511472131879
1401,140.93524265540705,8.559648536273508,passed,81,8.19149895207547,passed,53,5.48318585234997
1402,146.6494483630361,4.60764550367074,passed,22,9.556758940698163,passed,21,6.527220215442275
1403,106.16581485665316,10.782968894948867,passed,508,8.004226443132945,passed,152,6.249454520639031
1404,160.48100664141822,5.861648012411984,passed,29,8.390664792700875,passed,13,5.805604128774955
1405,145.83374182405993,8.444376857444926,passed,20,8.115815875426048,passed,19,7.8189861839943475
1406,162.02588263362267,5.223673623522174,passed,97,9.09367421062781,passed,48,5.223364817383258
1407,114.86030648586593,5.589339238109389,passed,94,8.731652899239117,passed,90,7.680441253068282
1408,154.8542986891762,4.757079537807229,passed,37,9.126935899495269,passed,33,5.559020650148461
1409,108.57763814154504,9.313410964263,passed,94,8.465410968103871,passed,55,5.5600047803278985
1410,169.1249613777988,4.282081874378518,passed,60,8.007358096711116,passed,60,7.7414353578135975
1411,139.5259500955575,6.459893627576461,passed,103,8.60952871459082,passed,91,5.481015613535489
1412,165.21619439385847,7.589073412377056,passed,74,8.986180394515287,passed,20,5.679466213455542
1413,130.45289878340043,5.164514838059182,passed,68,9.26474304218634,passed,19,5.019950148345753
1414,48.76306331789579,18.043023131918893,breach_daily,245,-9.138256086227159,breach_daily,245,-9.138256086227159
1415,132.84778564535299,7.12287685300957,passed,107,8.022641543581877,passed,107,7.907296379135631
1416,146.76272428469633,4.008565522233182,passed,102,8.68019071117978,passed,49,6.423116008156438
1417,175.15763895160123,5.541060101424923,passed,106,8.09672343276282,passed,48,5.158047855548364
1418,159.54120578289528,6.943851510736428,passed,167,8.875638351754823,passed,161,5.258024900014524
1419,173.8589059244716,4.2445276438808355,passed,41,8.257932067492302,passed,37,7.429991610118658
1420,177.10459724960344,3.20531538687705,passed,70,9.925260902508315,passed,60,5.067975977508232
1421,187.32931502523203,5.883158860175275,passed,80,8.757577464717325,passed,45,5.539001797483434
1422,181.8932942534044,4.478316338142829,passed,117,8.356001895642539,passed,106,5.147744539660315
1423,122.37597258381444,4.71261950382072,passed,84,8.987691581660417,passed,77,5.344079149881131
1424,131.416644125703,4.813917937054616,passed,121,8.024695926660463,passed,119,5.801741247893433
1425,183.44840403078453,6.030466748601658,passed,21,8.866673736358432,passed,9,5.291733098055906
1426,117.42469505780005,10.563616666717648,passed,63,8.298194786359424,passed,57,6.1926797462797945
1427,131.0506337795396,7.297487420974753,passed,124,8.857932192681606,passed,64,5.12912570688171
1428,203.8830981581659,3.3542073334208644,passed,56,8.014228838532977,passed,21,5.399499511707728
1429,168.21495373881655,5.92410637756162,passed,30,8.186038879392243,passed,24,5.056093660861194
1430,158.32487672294656,5.371058012788095,passed,34,8.006985714716585,passed,22,5.277681800851686
1431,145.57699764509513,3.204237177733925,passed,133,8.195621191634528,passed,101,5.707054454363303
1432,151.79216381143155,4.2557646468620955,passed,94,8.834919609359249,passed,47,5.546743405752386
1433,122.6594790091334,5.752176396280069,passed,117,8.310544036302092,passed,110,5.2222687457643024
1434,155.17712013327017,6.400869869434951,passed,137,8.037187063748718,passed,13,5.265583195542289
1435,164.16968479882019,3.639534118414999,passed,51,8.660788069521509,passed,24,6.016020785119225
1436,126.74662185616606,8.190721422739848,passed,56,8.045475215133946,passed,46,5.081240037041357
1437,129.85502766156617,9.486544291163797,passed,222,9.242748418896053,passed,179,5.141998739933817
1438,137.03372526853914,9.523820406511936,passed,71,8.240436347907675,passed,64,5.903898811019781
1439,127.1836542065163,3.7163449627835194,passed,67,9.369610841728804,passed,65,5.405783811861764
1440,196.7920803890574,4.462698139666497,passed,106,9.775639730237252,passed,48,5.140644603628508
1441,123.43659033140075,4.272225408720801,passed,120,8.214934390002782,passed,89,5.6727721074716575
1442,120.0789466914637,7.149705682564264,passed,240,8.532154350733734,passed,232,6.443967504493875
1443,165.4412350180577,4.468365114229944,passed,50,8.72650721848216,passed,41,6.576107741101667
1444,195.83399474091004,3.9536326279650287,passed,110,8.346002860874169,passed,106,5.56206465461897
1445,188.10146272480134,6.045819993207637,passed,137,8.240306562094379,passed,85,6.335645064911355
1446,138.45331986805283,3.9444466134429303,passed,67,8.23113507515747,passed,59,5.4688160942227615
1447,186.36717367478056,6.936330202675148,passed,68,9.136706012269524,passed,58,5.6853643671858745
1448,161.36782457893096,4.58737640462782,passed,56,8.184419014612864,passed,21,5.614810213997257
1449,110.32447223404063,6.358149836977586,passed,85,8.711373751352447,passed,65,5.214157863460156
1450,158.128359640397,7.433249893568713,passed,71,8.799530574162828,passed,60,6.357489534271088
1451,166.59765665209298,4.994471444270234,passed,160,8.40322794229138,passed,158,6.119414386899602
1452,178.87370640724902,5.097109047494755,passed,83,9.040728811354516,passed,65,5.331389702024958
1453,177.224063209433,6.809203722061512,passed,66,8.27234499048859,passed,46,5.195175337104896
1454,167.9132780415125,3.185418116570393,passed,59,9.185199601789718,passed,37,5.957574325021042
1455,163.35596589214515,3.6615841439534074,passed,71,8.831680844391077,passed,57,5.054886197903441
1456,173.32133317317363,5.749907960617074,passed,54,8.021704285098007,passed,39,6.046106273696239
1457,113.29222075192456,7.227608060605026,passed,60,8.553505060225387,passed,31,5.870485433124806
1458,193.27985327788727,10.906624274012584,passed,325,8.692673909690797,passed,26,5.534774490181471
1459,164.46853318008584,3.898893406285655,passed,64,9.620587793768,passed,22,6.177248356671816
1460,151.25129267355138,5.5420317947027185,passed,106,8.607335871638643,passed,50,5.019133585106927
1461,194.27319884699506,3.2511357930343503,passed,40,8.222797040212182,passed,36,5.319440998741376
1462,114.79712433738345,9.62528572820711,passed,141,8.711091139335569,passed,128,6.9682177493060715
1463,178.70737574635623,3.5302290080011858,passed,31,8.445035235187582,passed,21,5.2347213158528305
1464,149.08248268394578,4.965698294329217,passed,220,8.793670837887003,passed,201,5.8082584978355944
1465,140.76753037238302,4.586937594005304,passed,98,8.623722452580962,passed,84,5.44698405154409
1466,89.10437763912225,8.203886539294755,passed,24,8.237462330149835,passed,23,5.358939440198052
1467,175.88858415008497,3.6726592339370567,passed,82,8.035292597399145,passed,46,5.224251370334354
1468,172.4595486678968,2.954709567723832,passed,112,8.076858788666996,passed,61,5.312675667994338
1469,194.8446402841362,4.102288024135555,passed,27,9.496350378421358,passed,20,5.3362208076728646
1470,146.66731483061704,6.22899232562528,passed,56,8.013323214347512,passed,44,5.955220518373849
1471,150.89069906316394,4.029763256180609,passed,99,8.196960285938104,passed,69,5.167604658185976
1472,140.42282391248744,5.137850307267455,passed,302,8.300264171013328,passed,100,5.6884915468873976
1473,169.00737317828427,3.8257448689708347,passed,46,8.390859603439882,passed,23,5.824485671524227
1474,173.44006633409722,5.684226788898714,passed,146,8.639206253121712,passed,48,5.013146761491094
1475,138.98325738842664,3.9103571439640556,passed,107,8.275175906597054,passed,107,5.444357665662003
1476,127.79260407881199,8.816837307410019,passed,45,8.509553922545553,passed,30,5.079604229219314
1477,164.57194614267405,4.963097212791366,passed,110,8.305315591595154,passed,35,6.69322940203283
1478,122.76032152460172,8.610348301862498,passed,302,8.573037275880434,passed,116,5.007603049640674
1479,164.02951681181085,4.945140566705559,passed,64,8.283153176727808,passed,60,5.363657184604187
1480,149.97303298245566,4.662701483240616,passed,139,9.680110502048201,passed,68,5.312783947935706
1481,196.25198060479948,3.975326068518201,passed,64,8.62861022428092,passed,15,5.261670984079747
1482,141.11244692611123,4.39273941363619,passed,80,8.46579745147642,passed,20,5.022860922756878
1483,148.42233216046276,6.011635192685145,passed,110,8.033686999881319,passed,59,5.046276269557803
1484,179.43205286851853,4.801478614664396,passed,55,8.201613133201313,passed,22,5.4207253644883435
1485,176.2904818692015,3.3782443484009406,passed,75,8.531424373299368,passed,29,5.463286992327476
1486,116.56165594999655,5.759974839907554,passed,65,8.064557827893527,passed,38,5.693618170901504
1487,158.82069920159748,5.408728265114837,passed,65,8.349092026895399,passed,54,5.5541570469914925
1488,111.69276946257062,7.603433245614818,passed,78,9.697183960826816,passed,50,5.2872558880490805
1489,152.06213925640327,6.58526244638295,passed,72,8.34351797584767,passed,60,6.508098094870984
1490,160.9411959565693,4.683359605726551,passed,42,8.114670039429384,passed,15,5.530527912202365
1491,107.69760308017075,8.847639398614279,passed,249,8.117657360764753,passed,203,5.13487701830444
1492,157.87749479903184,7.076181033074916,passed,46,8.5960275284515,passed,31,5.789799270002516
1493,138.09440146818432,4.0184447874211875,passed,34,9.70446885593217,passed,11,5.180556860745411
1494,111.98956306453134,11.659288773926937,passed,126,9.46541590630039,passed,108,5.5439660092788445
1495,161.6557400700041,4.696579246795623,passed,222,8.104154129274077,passed,173,5.596897994001027
1496,175.40349974165684,5.021653381396428,passed,79,9.148163668030529,passed,39,5.565309069105107
1497,153.7259919534765,4.913496202596673,passed,76,8.230302204073858,passed,74,6.207291415310245
1498,167.07258597720215,8.213161050283372,passed,89,9.254618584487705,passed,72,5.199010674865634
1499,187.7291825795573,4.775878133142806,passed,55,8.031960895285728,passed,48,5.338422128369946
1500,155.3311555935045,3.682057377773804,passed,120,9.502395689216137,passed,100,5.12378931639863
1501,185.84439134830527,7.412159035465919,passed,98,9.289735391011389,passed,97,6.11329735074182
1502,164.11875972937904,3.8811712295383605,passed,60,9.220274182703658,passed,56,5.241091082163285
1503,149.5443061309533,4.786734244608471,passed,22,8.26080977155561,passed,21,7.258557775750885
1504,107.62948157271093,9.874672466778811,passed,187,8.000167304866945,passed,166,5.714496112372536
1505,145.22916531412244,6.185473910666048,passed,59,8.338481149419973,passed,43,5.278062300095621
1506,199.5161344212447,3.9112143983515377,passed,50,8.787758837031511,passed,40,5.112994663991421
1507,127.65805626890412,7.574398440294814,passed,81,8.054263340363232,passed,67,5.968740954872476
1508,129.5112217096791,5.2838168484102255,passed,107,8.932270558178157,passed,63,5.843794727333407
1509,154.47233085266737,4.542487815334288,passed,74,8.189450579954105,passed,61,5.234442100579373
1510,144.18084843972164,5.874595617464328,passed,169,9.160676051448924,passed,128,5.69492529647897
1511,212.78283599182964,3.2785427442836577,passed,71,9.035933261041729,passed,70,7.195745638905526
1512,156.6201159877806,4.548073845499022,passed,104,8.216306937884976,passed,40,6.209017717030307
1513,172.8176853605965,7.225819907665776,passed,124,9.026051614565421,passed,89,6.038501210077096
1514,180.54721486942404,3.6854615647243656,passed,70,8.412374797061318,passed,50,5.698005417438345
1515,153.35033780110913,3.5851104742892805,passed,218,10.606394892967241,passed,167,6.3642411914790475
1516,155.47587217676084,6.475300402598694,passed,13,8.94939865126483,passed,7,5.262666028924823
1517,143.99877261895142,5.374886042008073,passed,48,8.87857590614296,passed,41,5.152131120051129
1518,195.64582296860698,3.88036307502678,passed,53,8.241475221497607,passed,36,6.2245772443835445
1519,113.68240638521155,4.730014932223293,passed,185,8.012460061158766,passed,69,5.425066516414656
1520,180.50315104109006,4.267801587988627,passed,29,8.016643543358292,passed,21,5.752170105248866
1521,139.19246606986437,6.6072732452640475,passed,128,9.232925581961604,passed,110,5.032414697390286
1522,179.83387605759296,5.69249122191539,passed,94,9.124250081951434,passed,89,7.313120732382505
1523,178.29314952303469,5.477465847479384,passed,39,10.81393178843828,passed,25,7.233576595362834
1524,134.8578691988874,4.025691368183767,passed,106,9.246483882641087,passed,97,6.247381266093477
1525,143.65125359032612,6.930014659733798,passed,184,8.303617114574768,passed,126,5.821866828729094
1526,141.355180015542,4.839838797639445,passed,97,9.804711721616655,passed,79,5.097994270668504
1527,128.8705126933471,6.218544746623459,passed,35,9.682765114096025,passed,21,5.30323069469707
1528,171.71296575821992,4.458171383985507,passed,31,8.21385055015229,passed,29,6.187564049431904
1529,192.3188374826145,3.995223072718586,passed,92,8.043536626728919,passed,74,6.105467582821578
1530,179.45006844682956,2.501758726893138,passed,31,8.966531009485879,passed,15,5.068412234320574
1531,220.5114945209611,3.354810651278698,passed,36,8.988899070801493,passed,27,6.184349459507477
1532,125.85218417366573,6.868312119719187,passed,142,8.731270855720874,passed,124,5.213600595855805
1533,156.99408328435385,4.887785692571642,passed,148,8.101700900406893,passed,30,5.754201229568978
1534,119.95255768538833,5.74803177965503,passed,127,8.019472111317572,passed,81,5.12103828012247
1535,99.5687306532453,5.94474618135358,passed,196,8.399250855104356,passed,124,5.633764108090444
1536,127.36995491216372,4.7270461330776055,passed,107,8.004477424379264,passed,87,5.053289269726546
1537,162.78963107417687,4.621610938109407,passed,193,9.003057956383408,passed,115,5.136622413780856
1538,135.95630501965425,4.812322415876384,passed,116,8.565347311667004,passed,13,5.21225919226167
1539,171.67029888503401,3.7118454125199354,passed,13,10.426837910425135,passed,4,7.328817173501023
1540,126.80663143033487,4.826810072321433,passed,48,8.324618588394017,passed,31,5.669407058252385
1541,187.4446236895829,3.5409104868734045,passed,68,8.413671076691799,passed,39,6.230656232051723
1542,170.6333400589194,3.297409007066935,passed,51,8.204273327479527,passed,38,6.365311834005305
1543,129.64483152022416,7.6897091734177065,passed,170,8.09344890526502,passed,128,5.291569756415582
1544,93.11215905371748,7.641669673503014,passed,292,8.88351493182764,passed,21,5.173649195137786
1545,115.2264885046256,5.3082292312255435,passed,126,8.467178180325563,passed,64,5.9408580146454115
1546,156.16298336380402,4.684601613588828,passed,74,9.273269276787776,passed,41,5.548335993469888
1547,151.19979630566894,4.749719854395272,passed,97,8.014895412949286,passed,76,5.5628791303540925
1548,157.44417331938382,6.9357717339246685,passed,89,8.432748867326234,passed,31,5.023157592433347
1549,148.95807871943026,4.4359971031556995,passed,233,8.009907548012741,passed,228,6.9745876931791795
1550,148.4162795335815,9.071256863272378,passed,42,8.518240559803125,passed,21,6.028119453373804
1551,168.15983488559846,4.85992205460022,passed,76,8.778637221740016,passed,76,8.778637221740016
1552,156.61654954980136,5.471601658851337,passed,48,8.202761664028646,passed,46,6.553847820809322
1553,135.56826261782254,6.373102414772493,passed,65,8.527689842980735,passed,51,5.001453364243735
1554,110.70223576169123,12.198366640170978,breach_static,83,-10.209664470734936,breach_static,83,-10.209664470734936
1555,150.66908609142365,7.883734540247465,passed,195,9.839010039289487,passed,183,6.392500589777583
1556,101.38061513523398,10.817793428007164,passed,463,8.079498341834768,passed,323,5.004569353080446
1557,164.05795386490647,4.468143781799524,passed,82,8.272454977394418,passed,40,5.6841730605433405
1558,140.21456732753288,4.6788124397073725,passed,106,8.319655068816378,passed,95,5.932402393730318
1559,159.47010819194531,4.360384470508063,passed,162,8.42346707104491,passed,89,5.900360297238816
1560,202.35631887431268,4.606365801870565,passed,66,8.21424862849398,passed,36,5.829881116516256
1561,121.20115900582711,8.027030741179834,passed,223,8.219130773557136,passed,158,5.32493290242404
1562,145.61492994490544,3.107930955477914,passed,77,8.115077467396103,passed,69,5.230857163486324
1563,167.41087752903297,3.6163974702368025,passed,41,8.766896331692609,passed,30,5.3123350320765095
1564,149.36546618808686,7.308869597711596,passed,85,8.851060109892872,passed,43,5.362114448846933
1565,136.1735243642186,7.187197703419304,passed,254,8.012899658423178,passed,237,5.553626732088701
1566,169.82423811383563,5.316060507018787,passed,100,9.845644692871058,passed,90,5.576987073177553
1567,180.42998457027983,6.43974715680692,passed,75,8.008479086520426,passed,27,5.00731841569233
1568,183.63412638901036,5.5598247406068495,passed,69,9.187155786767054,passed,20,5.018945114309625
1569,148.7603657344982,8.140511494075806,passed,228,8.374785314530264,passed,184,5.183456092772842
1570,134.8473536007656,6.458269412911631,passed,61,8.36396179330987,passed,43,5.845766784138884
1571,156.62385637731333,8.76913317923878,passed,106,8.601030373849827,passed,94,5.150120122751045
1572,131.6324174987804,5.067360040372125,passed,70,8.220481419656146,passed,48,5.490636266166127
1573,118.63575341820214,7.555207470897601,passed,307,8.764816952012966,passed,261,5.704638344976964
1574,174.1426263729749,4.599780710369935,passed,56,8.288249739498156,passed,46,5.677042691201373
1575,175.27103917623475,4.198983346721188,passed,68,9.239194059880473,passed,60,6.177588163421999
1576,123.59804420017588,9.29535557038341,passed,115,8.78326427278624,passed,71,5.650678545141119
1577,164.6316755382967,4.470779235296513,passed,116,8.0571687868781,passed,107,5.126004788708793
1578,155.1965663518855,6.070084490031282,passed,94,8.421917519762001,passed,50,5.0200496525978355
1579,110.88302875411462,6.07961410564187,passed,117,8.476191966740142,passed,87,5.2981551520709935
1580,154.92525760556708,4.183355479989424,passed,164,8.31860797361006,passed,89,5.271773445999828
1581,175.626833814828,5.151609025310195,passed,50,8.017077473230017,passed,39,5.971278640271294
1582,180.13881764517487,5.255418190205688,passed,60,11.245349180286347,passed,38,5.2162277930018375
1583,156.95265480622135,5.987214821480025,passed,57,8.227961363604264,passed,40,6.61188109065618
1584,199.61727432944664,5.1795318823806245,passed,64,8.018704317523273,passed,40,5.910560811681775
1585,156.20504958118445,5.162654918585767,passed,60,8.923992097368805,passed,55,5.536492340028087
1586,173.96964490065366,3.82474035765479,passed,77,9.018945311734372,passed,56,5.361506509717184
1587,177.107785906066,5.047056593664376,passed,66,8.018554778079402,passed,33,6.895841647635015
1588,132.9406268545522,10.086769158791844,passed,198,8.77636126204493,passed,23,5.99151418790802
1589,181.50708110168426,3.561638432314639,passed,71,8.938325824605586,passed,66,5.737339004689046
1590,153.06542982819286,4.105790524177721,passed,173,8.519831924622668,passed,107,6.184738863320471
1591,124.55803803316745,7.130381837264488,passed,97,8.644292418652322,passed,82,5.803629350876105
1592,83.17547358213899,8.175849139415256,passed,87,9.555763825280472,passed,53,6.0060625793679545
1593,141.66679014486522,5.154467311264911,passed,85,9.358364946960673,passed,68,6.430631751405058
1594,154.40493520125617,4.69448781908463,passed,84,8.010112434002558,passed,39,5.330535699795247
1595,149.87896188318328,5.986875452285693,passed,52,8.326431327813832,passed,13,5.1120514340597945
1596,135.43680060049272,3.9803667475191706,passed,171,9.120273362969034,passed,20,5.012485357595531
1597,167.01580665858464,6.972826772686169,passed,109,8.30480174166488,passed,79,5.29378898529993
1598,176.52590834909873,6.325089438557206,passed,124,8.009691591891578,passed,121,6.141123625270173
1599,194.9181233963284,5.470975092030093,passed,89,8.880016164509751,passed,31,6.0283303456731385
1600,184.70500803474854,3.0751731152936177,passed,53,8.24583831463821,passed,46,5.491200932739426
1601,173.16747179754012,2.7753306722210014,passed,39,8.706649616174467,passed,23,5.223347458383598
1602,120.07421002759422,4.005960484120257,passed,118,8.00933856441619,passed,74,5.648266896271403
1603,178.41250371783963,3.563621894207573,passed,60,8.535663282857486,passed,34,5.00290260271099
1604,176.7339687823103,4.259330045860513,passed,58,8.308496727273141,passed,52,6.157599642435407
1605,131.77305889212664,4.03809842331441,passed,27,8.025883242938647,passed,26,7.244224680223654
1606,114.05454889106696,6.304851590392881,passed,104,8.014135984895665,passed,93,5.2947314873358575
1607,187.07095758317172,5.304256603766979,passed,93,8.671830500221178,passed,79,5.226629989711262
1608,153.88717298972935,3.6388572945381426,passed,106,9.762939892287804,passed,40,5.58854251666594
1609,206.5163359844161,3.533492620218874,passed,86,8.449944742894777,passed,24,5.014900172639836
1610,136.42216375085147,7.643358358617053,passed,81,8.76485254070416,passed,22,5.198663982052398
1611,159.01775298250453,4.361496915344216,passed,110,8.76917767271781,passed,104,5.368302192912022
1612,175.87215656336105,2.828293820693973,passed,89,8.590889986683315,passed,40,5.312224786637532
1613,136.91183913204216,6.925588872660585,passed,12,8.19021182694697,passed,1,5.184934699680199
1614,187.5631393393597,4.355225011179945,passed,40,8.01677152039435,passed,24,6.220671996086424
1615,139.5744529170417,5.408074113099915,passed,60,11.059127494623544,passed,50,5.501292587318596
1616,171.63529805422746,5.638271900297164,passed,195,9.348250960833383,passed,183,5.410370892886429
1617,146.86132568865187,5.424171673011529,passed,30,9.405843600184438,passed,13,6.22608630678867
1618,193.77077449559735,3.9325819917544775,passed,64,9.421837520245235,passed,37,5.932939842103058
1619,199.26304948627575,4.51919995293726,passed,15,8.401571632373916,passed,9,5.063192913285164
1620,150.1465279978631,5.426702348504542,passed,65,8.240151189927648,passed,46,5.539351624006805
1621,194.1571458497373,7.053140752093115,passed,125,8.158840830520543,passed,107,6.920218769251529
1622,131.59001491800691,7.055612188645924,passed,155,8.135229205678263,passed,19,6.56909015716638
1623,172.5398901213723,5.842285036273608,passed,63,8.10797373778962,passed,33,5.081025110643367
1624,139.3783758268631,4.405689001443712,passed,157,8.152712087729984,passed,87,5.316782604607551
1625,149.78408598172646,5.439347131233723,passed,76,9.42756382864638,passed,33,6.570286638970102
1626,127.91528543585792,6.500196324052551,passed,106,8.711307663779788,passed,84,5.973309143168293
1627,170.90041641701697,4.946545354882584,passed,64,8.132983764236524,passed,47,5.885596065916099
1628,152.51002520014075,4.918653087438808,passed,120,9.991793148339179,passed,100,5.01275330665778
1629,128.4549562046449,5.277126628144139,passed,65,10.1172707229503,passed,31,6.782055779779594
1630,199.19272383384867,4.066245419485944,passed,115,8.20348032028486,passed,79,5.449431961567575
1631,158.5721826633733,9.941215480989436,passed,79,8.315447978769885,passed,69,6.366892812828628
1632,155.5624414527796,7.0146969224968565,passed,190,10.344238935294836,passed,162,6.4472893382590435
1633,143.36232726594025,5.9368102436609105,passed,41,8.889535139433335,passed,35,6.721827672994052
1634,124.67284189176478,6.852720730513355,passed,256,8.633558527034246,passed,150,5.47323160847395
1635,203.4980123025409,3.047677378836226,passed,76,10.192721629942735,passed,61,5.9814808965896304
1636,137.0356746140772,10.40058386053669,breach_static,67,-10.168141666014986,breach_static,67,-10.168141666014986
1637,193.01035025379804,6.897117926337845,passed,69,9.399960178771716,passed,29,5.626497240358064
1638,196.46422223841947,3.5159294274293296,passed,139,8.449741326195713,passed,98,5.0958155012474915
1639,156.999506145037,5.132674085150239,passed,213,8.326038302027715,passed,162,5.683048403370128
1640,165.15218284912604,6.178491920235384,passed,233,8.402858125019508,passed,133,5.852225081629747
1641,116.34342817492768,4.146755598113716,passed,23,8.963883865542055,passed,17,5.80454968386821
1642,162.4435763258975,2.709916371626048,passed,69,8.014319004759841,passed,64,6.360796375175126
1643,165.14631933065965,5.01849994192143,passed,136,8.360108727119343,passed,34,5.009416938068423
1644,177.82462597814782,5.769116284018101,passed,97,8.128383206678947,passed,56,5.090202101191843
1645,149.83958860413566,4.780184071867989,passed,40,8.557490141977953,passed,22,5.269415513355669
1646,147.68928544188515,4.901052434820369,passed,79,8.274110400040446,passed,51,5.293762858356055
1647,146.38666185057997,2.8683682142580973,passed,50,8.338994538368416,passed,38,5.012936763858544
1648,122.53375207662316,4.303724667873818,passed,96,8.090572011024676,passed,70,5.083919137013626
1649,183.0921340880137,4.952284973404597,passed,113,8.353496256955983,passed,19,5.530564604611277
1650,155.3228968754935,3.7177952366662277,passed,81,8.672473987199059,passed,52,5.691004925372556
1651,192.38626484167148,5.250637152165012,passed,58,8.771364371415103,passed,53,5.072448193679602
1652,201.3914203116726,4.406155187500818,passed,66,8.120470800797207,passed,52,6.118036627959977
1653,130.26132711191983,7.402054970135259,passed,133,8.480732680038706,passed,118,5.412315576336213
1654,149.33054689510695,6.48479590483592,passed,60,8.355472483912463,passed,51,5.432685208397503
1655,119.84449529524537,6.763116813694387,passed,299,8.050469857248954,passed,273,5.507251676541913
1656,179.80079079617695,3.2301600226690868,passed,81,9.539571592444517,passed,17,5.138284661660575
1657,165.41320263792895,5.189017584447905,passed,100,8.087389878631846,passed,42,5.111249660778361
1658,112.11295346489791,6.062392531410266,passed,37,8.193972981189601,passed,33,5.870395731966616
1659,169.4739946920955,5.174644119193663,passed,266,8.007518755819598,passed,49,5.1835155193392435
1660,199.64128861662599,3.8600962452189065,passed,141,8.047608433743925,passed,20,5.3333369851875645
1661,95.16713284423466,5.5154685957439735,passed,64,8.73623804825927,passed,59,5.743583526421148
1662,156.78197577387056,9.92634510271045,passed,202,8.020982590321646,passed,125,5.0650187810095115
1663,182.08779958819298,4.783227941460915,passed,50,8.344430227922839,passed,39,5.005429444887821
1664,102.63119012344136,5.070401643367579,passed,81,8.239251825397641,passed,54,7.057730302037557
1665,148.47303444553415,6.625256612732598,passed,67,8.01841702123156,passed,50,5.214479206824474
1666,153.57443664475772,8.688708620307214,passed,295,8.324230923397934,passed,265,5.07130633134163
1667,121.98700463971886,5.4900380611690345,passed,65,8.582321534551273,passed,37,5.792052249020041
1668,154.75215556281836,3.772690187886133,passed,117,8.43522470037974,passed,100,5.2550449722406745
1669,136.5328397607918,7.4580052435330195,passed,284,8.203238917611078,passed,256,6.423333684269772
1670,162.09210912140327,4.0868921047886175,passed,21,8.677995369420488,passed,18,5.2893898327832645
1671,109.98511350783514,3.7345097893695556,passed,141,8.259743807439257,passed,129,5.892178332301579
1672,158.70939672789964,3.5790296332627216,passed,46,9.449147208727982,passed,43,5.478814627363726
1673,170.159847384347,4.075705210606364,passed,260,8.620595358915706,passed,106,6.625781216575932
1674,196.51674901203845,4.502016841493608,passed,97,10.868911390948277,passed,54,5.221298670134211
1675,198.87883107452052,3.22702635149202,passed,53,8.025467956566912,passed,33,5.928550195168625
1676,121.55886289669864,4.329890845162076,passed,48,8.196195815811812,passed,8,5.042835416245839
1677,153.5845814079186,5.541094200329113,passed,89,8.278037838237218,passed,69,5.0492270361813585
1678,152.45062093703493,4.313078906359041,passed,85,8.089181901723276,passed,51,5.579456152550044
1679,138.40385302322562,6.821235697044788,passed,219,9.685333834660103,passed,217,6.716560768935564
1680,179.88262698625883,4.6989687236535564,passed,37,8.625370575453605,passed,21,5.822795218688115
1681,150.41509967024874,4.695202931903837,passed,85,8.01884668000783,passed,59,5.0958968582197395
1682,151.7727879621769,5.5117519293254364,passed,149,8.013837568525295,passed,120,5.340076383569703
1683,172.89961574572726,3.283222101549314,passed,62,9.033983978714888,passed,23,5.153290077730643
1684,121.74254829550777,8.941402665150322,passed,82,8.640818664622829,passed,49,5.871944875267121
1685,167.24212996801086,10.672454456566866,passed,188,8.15139928593931,passed,14,6.126427396563239
1686,138.67399949935816,6.271046850312581,passed,97,8.355177000457203,passed,94,6.670964049366113
1687,169.4147210867832,3.6783426699335515,passed,59,8.130418478869949,passed,47,5.21732618615387
1688,165.1204254318519,4.779067296935543,passed,104,8.26719387402366,passed,47,6.753388435646257
1689,208.46733529163984,5.458776640011419,passed,35,8.660711464089022,passed,21,5.019237038209967
1690,164.0969805133765,4.043810865041892,passed,22,8.68074392126954,passed,14,5.477925176942788
1691,145.42644595504007,4.368581348234314,passed,97,8.471642265901691,passed,66,6.531314336287908
1692,131.6961216295999,3.344750257821702,passed,47,8.172209813347342,passed,26,5.479115732718998
1693,189.58423913254464,4.2596414887523615,passed,96,8.002210126316012,passed,20,6.0024807214240194
1694,213.4779560893576,3.803711868900414,passed,169,10.420471602164461,passed,88,5.039094305645531
1695,115.32964536542055,5.6273396013434205,passed,166,8.895154585897602,passed,33,5.266853242961789
1696,178.00321542135458,7.013744971735957,passed,98,9.2382090510424,passed,79,5.822102192172451
1697,140.71153074950723,5.867944561619601,passed,181,8.118653448453706,passed,110,5.50458919352661
1698,179.67138419981924,4.802303561827055,passed,141,8.2338437230153,passed,85,5.417930031860041
1699,180.89411609993599,4.047028135952252,passed,85,8.177195508047008,passed,49,5.80437447435882
1700,163.4199686675461,2.977505987345672,passed,84,8.578835522465745,passed,31,5.075759639224819
1701,143.40784266356889,7.0212254074541205,passed,208,8.594866718276561,passed,193,5.000199119294679
1702,125.65466072950322,5.523685075085546,passed,124,8.653034795707736,passed,106,5.5031743754196505
1703,191.58069138544573,3.1994194759833303,passed,106,9.070979373478494,passed,62,5.368178061117068
1704,145.1561016113506,10.335612225725363,passed,66,8.017475728495537,passed,20,5.417968267324835
1705,134.01101448224267,5.011826615115736,passed,152,8.626583743344906,passed,70,5.133883782207915
1706,182.59105377286673,3.7679646258250608,passed,54,10.240657845291224,passed,37,6.061430780617449
1707,133.29766639728388,3.9142596430843444,passed,88,8.491457673175319,passed,28,5.013275173672538
1708,156.71957327372533,5.744592488010601,passed,100,8.36048623293324,passed,79,5.311258772955751
1709,148.00815390285092,5.861104119069078,passed,94,9.635653113518106,passed,56,5.4999026977875065
1710,167.30283760308328,7.058701162407711,passed,54,10.637877922063833,passed,53,6.282616368604121
1711,161.9020582434314,6.096982462847138,passed,19,8.25186130110982,passed,13,7.785414906776378
1712,155.4786828644369,5.673710723249612,passed,78,8.336449691792636,passed,70,5.078193606444592
1713,141.62567837566638,7.714690861033607,passed,184,8.493978947335101,passed,36,5.9114652582589855
1714,155.10732074435296,6.628523814818099,passed,37,8.023746512709229,passed,29,6.4238951908455855
1715,132.95520349900448,4.2071644414433225,passed,33,8.315494762309882,passed,14,5.632845666254749
1716,164.17683801961152,3.2115509138292793,passed,45,8.417172928226147,passed,34,7.272417654213892
1717,142.01238130147337,9.94215055265537,passed,200,8.127783912248798,passed,57,5.7415921311464
1718,178.4881042723939,4.26802394787793,passed,103,9.357486865869724,passed,84,5.2620915972437565
1719,146.43330958150312,4.820641943832706,passed,77,9.385572342378445,passed,11,5.126853358014394
1720,139.1933337311772,5.611981908230276,passed,70,8.393056906704842,passed,24,5.7503494397335375
1721,101.13396948816246,5.1247420140857205,passed,102,9.019900156622418,passed,100,6.2536647974804405
1722,183.76011683188963,4.863415523796895,passed,92,8.831007007283898,passed,21,5.019501832370055
1723,146.75051004858818,6.853238753021561,passed,69,8.907509482689502,passed,69,8.907509482689502
1724,139.63293631330416,7.722228645846525,passed,76,8.1519521247166,passed,43,5.810525973819081
1725,194.28979534017367,3.4958747432186716,passed,61,8.023458115450266,passed,52,5.284937793002364
1726,178.71482070627863,4.394662164890328,passed,37,9.432552029306418,passed,27,5.003934024329593
1727,179.77102062870952,4.691688901640383,passed,70,8.218821468895477,passed,50,5.013551959820206
1728,157.43329676239796,4.533030701015675,passed,190,8.35707876692744,passed,125,5.97824438068324
1729,182.4980362271623,4.472043557782291,passed,137,8.121917484611508,passed,27,5.097388538657799
1730,131.15571083938468,5.846781649209625,passed,157,9.336286125442882,passed,113,5.129481377829559
1731,140.22301610533106,5.124130870256546,passed,89,8.433450380158035,passed,53,6.022395168532602
1732,156.46769209904213,6.574874508050317,passed,85,8.781700422336458,passed,57,5.536587640427015
1733,167.52593581287707,3.7044831854660933,passed,48,8.780352916904022,passed,34,5.10302249822947
1734,170.97091311300693,3.013762639261079,passed,150,10.642963486571212,passed,53,5.244309816316739
1735,146.97024390331097,4.194003083312487,passed,110,9.034859857877397,passed,104,6.413138584287981
1736,180.71672555724047,3.7612568748353623,passed,50,8.852550814061244,passed,21,5.385921301342078
1737,165.35343709846737,6.968177968605794,passed,119,8.323857765919662,passed,102,5.184261673079571
1738,149.92970509121432,4.6206005476101115,passed,149,8.476165733094575,passed,102,5.934068661363434
1739,180.57402520366966,4.764383317069381,passed,35,9.406045171544775,passed,17,5.832799000876876
1740,139.80146612259037,5.066228783122585,passed,128,8.162436570275533,passed,81,5.722334915844862
1741,153.31800533842554,6.552094933271996,passed,70,8.540873277448323,passed,53,5.351787096522087
1742,151.52873604937218,6.181638881058992,passed,36,8.040841106593533,passed,14,5.020794028184938
1743,196.94702616652805,3.5811281363553285,passed,115,8.365303811482727,passed,60,5.770183538324836
1744,133.68520931147881,7.234544867691641,passed,252,8.007164661466938,passed,66,5.507850386880242
1745,191.03851980609386,3.285419816263032,passed,40,8.64459918465097,passed,22,5.865162330539331
1746,117.97403609571369,6.933559773358322,passed,164,8.12553404341736,passed,54,5.220783599320056
1747,191.23177410767576,4.093990140055626,passed,142,8.555452156759525,passed,70,5.313605246368747
1748,191.60838005392296,5.265187543227236,passed,93,8.033140955625374,passed,86,5.07292198612368
1749,174.0478854768666,2.745655955222144,passed,42,10.545764921880307,passed,22,6.051296002866868
1750,173.93845520189228,3.714122190358285,passed,65,8.850759037581945,passed,14,5.231600481843546
1751,98.98164064025326,7.468962437824392,passed,102,8.166379462518725,passed,43,5.004806281752483
1752,138.5400061476475,5.474635375788566,passed,77,8.017460887084837,passed,77,8.017460887084837
1753,158.0957334215308,4.873348563902001,passed,132,9.000413370518201,passed,20,5.572432736241617
1754,142.8266010526763,10.790356915350072,passed,50,12.30063536926982,passed,37,7.154945827367798
1755,166.43955104721567,3.657926306876478,passed,94,8.588569401586167,passed,54,6.276941908799594
1756,216.343374928382,4.096311554983983,passed,37,8.159744405856873,passed,21,5.2723810781271085
1757,175.88979305871626,5.739032157019968,passed,169,8.91461119126713,passed,158,5.007879036219687
1758,133.1405598089741,4.89438282551423,passed,70,8.024461676331596,passed,63,5.406964972153894
1759,127.84690756851896,5.83630639037718,passed,26,8.609475372328346,passed,17,6.329800406423969
1760,153.94129787344758,4.639958250588016,passed,13,8.058960811852621,passed,6,5.388710152969534
1761,151.56380404460722,7.738330672950171,passed,37,8.603018043721523,passed,31,5.452200075654812
1762,141.81644918894972,6.078806068097169,passed,59,8.082366880030122,passed,22,5.002751364381686
1763,187.0106571236453,6.104996885786817,passed,8,8.189803070261936,passed,6,6.322952983191388
1764,175.89061659430274,3.814869863687992,passed,101,10.107287224606832,passed,22,5.209783465025142
1765,167.16146119780905,4.219137720685532,passed,118,8.307924063392846,passed,91,5.824202948728385
1766,152.75592429643234,4.9501729055379595,passed,115,9.693873487689642,passed,112,6.085991686316317
1767,137.3896677049165,4.1333257924754605,passed,70,8.679807820370655,passed,64,6.033080566808957
1768,187.34062734346435,7.558216300479784,passed,122,8.373027712553016,passed,105,5.647455480795505
1769,120.66807525668861,5.598722335869423,passed,92,8.00393138630664,passed,73,5.299882352770857
1770,159.98606147624562,6.2006434611080765,passed,50,8.604259689145755,passed,50,8.604259689145755
1771,174.78638470711775,4.389388102346508,passed,45,8.180564300036641,passed,40,6.197412434170668
1772,144.7753428071425,5.640211265737123,passed,183,9.638160331179435,passed,142,5.600609307991444
1773,167.00706805902178,4.453796701111091,passed,131,8.06326260825687,passed,116,6.256419423133197
1774,132.94177695385235,3.9923337419784892,passed,126,8.834509576691673,passed,94,6.0774756119774676
1775,149.71990367524444,4.764669398914507,passed,94,9.785014799197533,passed,68,5.07964315447198
1776,145.62712097095863,3.581710091666627,passed,50,8.089163634586649,passed,28,5.014868025438202
1777,177.1541464381092,3.229209613812828,passed,44,8.190193103698151,passed,23,5.44254697114166
1778,165.35885861743645,3.8492020616393554,passed,71,8.759537890535697,passed,45,5.672223278490263
1779,140.1793120300273,5.484106232161908,passed,107,8.20075487232792,passed,80,5.052695030715948
1780,158.45825072618226,5.6097581636855685,passed,165,8.00804340474448,passed,44,5.272089382616607
1781,203.67186884098402,7.355321561165799,passed,139,8.047623487320221,passed,127,5.684893364647925
1782,142.4477565931932,5.393055032808028,passed,124,9.553591463380195,passed,39,5.509720100010007
1783,141.91009172393035,4.666507626205081,passed,253,8.136379895478441,passed,61,5.384220954623098
1784,144.96914888097336,6.756621144387437,passed,182,8.697224195865537,passed,159,5.021074915612989
1785,168.1039716352145,2.7879331092416213,passed,104,8.661202697660153,passed,15,5.786880842058806
1786,153.7122289032656,5.984695802290863,passed,96,9.430153553353303,passed,60,5.47994658706461
1787,163.01883342912276,5.556656514563413,passed,43,9.41232085205559,passed,12,5.828650538266822
1788,130.73949857170112,4.687647311361681,passed,106,8.34459603180171,passed,69,6.057729748587759
1789,121.7600706073041,11.190584380029254,passed,61,8.727273913402222,passed,37,5.343872293798846
1790,135.74354339379363,5.096542645451831,passed,37,8.390227322825705,passed,14,5.646102506535611
1791,142.70064756828992,5.705270254331627,passed,94,8.15343500693646,passed,40,5.1788275207317325
1792,159.71706803448907,6.570087658518601,passed,59,8.252438608606472,passed,50,5.1481701135273505
1793,174.68144365549537,4.203757368823497,passed,119,9.368316134428722,passed,107,5.783186999609113
1794,116.65982960795537,4.533454088008029,passed,51,9.61814484037291,passed,36,5.081584408671502
1795,197.3322878215314,6.187096599842437,passed,120,8.786119184387765,passed,89,6.654283887832313
1796,172.8162165306902,4.952165265935285,passed,127,8.020454854277471,passed,103,5.045785513834811
1797,112.8007639238846,12.891749702088509,passed,477,8.061534172282435,passed,267,6.631235329866003
1798,168.46023831701555,4.439122601328611,passed,87,9.272667182852402,passed,61,5.520909653671713
1799,178.8720124533155,4.057257956879921,passed,61,10.74910850034636,passed,53,6.561372060208859
1800,157.91876255350604,2.690679275647429,passed,63,8.204130723036297,passed,36,5.526329331913771
1801,121.78959057128576,7.301800657871536,passed,98,8.005512265511872,passed,28,6.6115971918998095
1802,126.34081812431819,4.325719255335407,passed,160,8.83429725630105,passed,37,5.290782162358898
1803,163.8796652744626,3.369254504759899,passed,44,10.056267465812097,passed,24,5.017084033170138
1804,122.62621274690848,6.064505563621255,passed,65,8.062799146819156,passed,15,6.293867402977238
1805,149.50716330072132,4.431326114383826,passed,94,8.00389273204527,passed,65,6.269773677388923
1806,109.89301364336947,7.862981182482488,passed,94,8.041811407613997,passed,37,5.005701887822078
1807,141.16974274836153,7.427371125799137,passed,270,8.329646327148232,passed,258,5.54067487765546
1808,175.5156636885125,3.14952592068207,passed,100,8.020256678235583,passed,94,5.73777270340996
1809,130.22223744125068,3.9135942981898353,passed,100,9.042950509220882,passed,94,5.653302493500778
1810,132.66055003212452,4.746705690075302,passed,159,8.876687995099575,passed,71,5.020326510545736
1811,162.89379770741266,6.76464838651304,passed,35,8.187379063295385,passed,21,5.079862493794263
1812,147.95521196439566,9.856814814371685,passed,58,9.107293701462837,passed,44,5.384041619647539
1813,176.6492734718355,5.24473544793068,passed,61,8.007429170599888,passed,38,6.491099781872944
1814,112.09446930857987,6.915221323909932,passed,249,8.42535315616615,passed,195,6.241375292836615
1815,162.99930212122726,4.715908336726067,passed,62,8.371464066333512,passed,22,6.94641258809281
1816,153.90789280970338,4.624210105552857,passed,141,8.462603413090353,passed,78,5.055378215050843
1817,163.45307516775534,3.960413382274602,passed,85,9.526168425599323,passed,40,5.415933176812793
1818,139.98323560788407,4.190986892257557,passed,54,8.858392996734832,passed,47,7.791166867230626
1819,157.74387528878714,5.461784257763018,passed,135,9.496205671232216,passed,128,5.225753578806991
1820,157.35464930988354,6.057140551812801,passed,285,8.09808341967566,passed,173,5.327868085918364
1821,184.38473539074326,5.750399355652911,passed,97,8.034308881258113,passed,37,6.297489327462458
1822,153.97686237999372,5.080843342395405,passed,123,10.956969377211223,passed,102,5.338275213384502
1823,180.8719719121144,6.392579003523171,passed,51,8.45753079490077,passed,43,6.2266118511818735
1824,147.98218880722587,5.3319090586286615,passed,180,8.018462620521527,passed,136,5.439465562119494
1825,196.54200324785322,3.5137784251540634,passed,44,8.370420453799365,passed,21,6.822405322898084
1826,161.42722549150355,3.2215234908986874,passed,74,8.77114678045341,passed,70,6.538516600629762
1827,107.85550447864085,6.920108655878182,passed,146,8.015179377977443,passed,106,5.265291920698445
1828,148.3898073056991,3.8821830293124604,passed,61,10.428006288969804,passed,46,6.90114231568395
1829,162.197919119173,6.102542405283106,passed,89,8.053858450261476,passed,60,5.246114374530464
1830,173.3101910145713,9.335549396204435,passed,245,8.199758695179638,passed,238,6.526446541662634
1831,151.8884077799593,4.703640209723619,passed,108,9.036733405892083,passed,102,5.077125272188376
1832,142.83459735429872,6.067853598059751,passed,71,9.256680589947308,passed,53,5.004424232277116
1833,156.10773048972302,5.223437624938356,passed,107,8.015178147901093,passed,40,5.66281882573727
1834,169.22226110043675,6.285187063122083,passed,89,8.991995986954194,passed,20,5.463482364105121
1835,169.68327126948589,4.611191887799853,passed,90,11.00161552898098,passed,73,5.04671123281113
1836,151.43936964816754,4.044633032470083,passed,48,9.702129380134195,passed,29,7.267479467867699
1837,128.5642639952306,4.205197287973615,passed,71,9.203343801618114,passed,56,5.227141757423759
1838,161.78596678175606,3.673270683444486,passed,84,8.414191277275895,passed,61,6.108150531683143
1839,181.05358089720673,4.626933676267082,passed,105,8.06414972510272,passed,62,5.083776043109367
1840,168.41255634522489,4.661086246724222,passed,120,9.698773573539299,passed,107,5.123624635560398
1841,111.33069789060772,6.991813681908026,passed,43,8.109681231576316,passed,10,5.504309293993392
1842,140.89185221496098,3.5052606731517235,passed,122,8.133133687133531,passed,110,6.665335171196163
1843,107.33295765419997,5.242186348390302,passed,220,8.290544171729053,passed,203,5.9188395714820485
1844,137.2451051065252,4.354553345267993,passed,59,9.174115762392798,passed,44,5.197823183776018
1845,113.02204334882231,6.782004841582083,passed,33,8.220238644006406,passed,33,8.220238644006406
1846,173.90281599477265,3.9131483480687166,passed,43,8.666546945552644,passed,26,6.938993271954619
1847,133.6704924059691,5.117977451479192,passed,126,8.089011240191768,passed,107,6.33259641349353
1848,193.08324046381213,3.9784944910935165,passed,37,8.004273303312326,passed,17,6.266245754346356
1849,117.76783995012732,4.932933041950933,passed,209,8.003947428095826,passed,178,5.020352708198783
1850,161.2610272863789,2.740489838512992,passed,106,8.177403481543454,passed,71,6.199521255068774
1851,179.9688746042846,4.043707432669484,passed,86,8.793085617126195,passed,70,5.4721356586647785
1852,185.54285858555156,7.328403122167726,passed,207,9.407893847967653,passed,193,5.224128960496488
1853,165.2545807071167,8.853446232137623,passed,99,8.36718409859538,passed,43,5.117117273530725
1854,146.55312066915727,5.206344224091721,passed,100,10.764678251559022,passed,87,5.008360133081902
1855,168.91585604514412,6.395829060110578,passed,68,8.35734266952539,passed,66,5.489481367668225
1856,177.28858428960658,5.574088727234624,passed,104,12.32592918833122,passed,43,5.253050586697161
1857,169.58985831044143,5.840464773876992,passed,85,8.029826556280838,passed,65,6.40348765486467
1858,176.82910021953256,2.895100527703784,passed,66,8.018973040763179,passed,58,5.1862195939301525
1859,181.34915749592335,4.539011926995412,passed,90,8.09562091328264,passed,64,5.532603253243451
1860,164.19355763312828,3.7925478753778075,passed,113,9.370252327328043,passed,47,5.0802141028033265
1861,139.40380710412418,4.111780126765755,passed,104,8.280757893896018,passed,33,5.581220134678966
1862,189.49486085004693,3.990149228097951,passed,64,9.555509583659362,passed,57,5.753804245126948
1863,121.59033549397557,5.771049759088764,passed,107,8.199259966533013,passed,89,6.019051500496819
1864,104.60815519039177,5.504500564053426,passed,138,8.359168867776724,passed,51,5.2384880065025285
1865,150.98063202647282,8.292237235924633,passed,133,8.198580353048147,passed,117,5.260302067860723
1866,124.93687128523221,11.320942434779086,passed,27,8.083345282298527,passed,14,6.880364040382525
1867,194.45108718472807,2.7037013776298426,passed,33,8.422965302444174,passed,30,7.3748484830425065
1868,161.24420534597905,6.584089577138255,passed,154,8.018186829323536,passed,75,5.166751153168803
1869,186.75659786007174,4.830917567237134,passed,68,8.423688397235063,passed,58,5.356451037346455
1870,121.05757788237766,8.865831708755564,passed,59,8.76610624572769,passed,8,5.1520400860118665
1871,152.72841517993038,9.782630066710366,passed,253,8.18887738749643,passed,244,5.01406345926283
1872,133.87333311059618,4.369636445626763,passed,60,8.256430873062426,passed,39,5.195402519122583
1873,166.32223927696623,3.96235601482564,passed,40,8.049114764016107,passed,4,5.305801411016553
1874,140.98593551909192,4.068804047137824,passed,64,9.19179743918721,passed,64,9.19179743918721
1875,150.03320218600857,6.349364289100228,passed,154,8.00698201001504,passed,138,5.156166088200442
1876,129.841819130911,7.775278366496487,passed,214,8.843079131117172,passed,201,6.80575686666729
1877,172.0961363961263,4.7375398442260614,passed,102,8.187142275965842,passed,62,5.208524621847599
1878,155.01185764980215,4.8233933251741075,passed,31,9.550469500382675,passed,28,7.533527494632342
1879,142.16630789184936,5.9432584184531585,passed,60,8.00226242451707,passed,56,5.326105093984124
1880,181.37861894207896,3.5220475503280437,passed,83,10.23356103377344,passed,50,5.029043567296498
1881,225.0673384457492,2.9875664703920592,passed,111,8.07632604002768,passed,70,5.433438415328706
1882,158.03338890731163,5.206822151183725,passed,66,8.629610018979527,passed,59,5.568098247640085
1883,183.05289287025937,2.666510775496451,passed,23,8.249260394902258,passed,17,5.006326380864912
1884,131.79326366299406,7.93057197060983,passed,43,8.173581773473227,passed,29,5.171785789586569
1885,161.0104252266628,7.091834804302871,passed,167,11.984248469004054,passed,135,5.533231568454489
1886,198.69217704114175,3.5336585288365128,passed,60,8.148814678944728,passed,59,6.299222195437082
1887,159.28702720534287,5.099767598491816,passed,58,8.02386779384383,passed,39,5.5360654140690135
1888,162.47780643284196,4.837521588417782,passed,106,8.211251303609245,passed,58,5.237569789404994
1889,135.8771960624209,3.5446731323555905,passed,107,8.071997979510371,passed,100,5.292946857351577
1890,169.38373380355273,4.014023865325216,passed,64,8.20172664993537,passed,33,5.011922534579738
1891,129.5214674886306,4.910547539289036,passed,100,8.094609552094134,passed,70,5.050080293944381
1892,164.87387438647977,3.837819063222058,passed,59,8.126324389153062,passed,50,6.580825338940111
1893,148.6980619574528,4.4265669227313005,passed,63,9.386023979677805,passed,43,5.217926378345039
1894,90.21453735679978,5.38067240001965,passed,227,8.238617058685804,passed,213,6.316415398038
1895,158.57291715468645,3.3932489754758164,passed,58,9.651497647535102,passed,53,5.977758152276591
1896,136.254683093032,9.739764983270081,passed,174,8.124005877090346,passed,171,7.700616942975347
1897,159.79392013573676,6.972267103965982,passed,206,8.05134919909647,passed,174,5.101246035624363
1898,129.60480897519426,5.118100332253175,passed,33,8.815601265550011,passed,9,5.282692541076495
1899,139.86221056420706,6.482809936774733,passed,33,8.014101026273956,passed,28,5.8666823232936816
1900,176.9755571756296,3.693779049858788,passed,107,8.001310983557385,passed,58,5.784155123883239
1901,152.6396893006734,5.322866778845525,passed,84,8.283283742360936,passed,45,7.598065564458101
1902,180.82668306781403,5.104441160198986,passed,106,8.320308922000486,passed,43,5.8122638184982645
1903,143.33667200828737,4.170272140129671,passed,71,8.06309511619856,passed,61,5.110875008045479
1904,141.72894497012507,8.543869969504804,passed,173,8.933660009844857,passed,144,5.117068902443922
1905,170.7481875515359,6.157283220060072,passed,161,8.219344637967229,passed,146,5.007782804261796
1906,194.38992540134512,3.1294444170732314,passed,24,8.001349609873753,passed,13,5.003778537427173
1907,152.14806434561999,3.673809402686669,passed,150,8.064883186800076,passed,108,5.422478571759992
1908,184.5753419746301,5.370991802652559,passed,60,8.933229196886128,passed,48,5.792900396653189
1909,180.37885431427517,3.443847784125656,passed,59,8.591307947781068,passed,48,5.061952781969303
1910,152.1700268760716,4.15687963904555,passed,85,8.571655225292151,passed,61,5.210902605768464
1911,142.6597311569423,3.879128622547961,passed,43,8.562355084199291,passed,30,5.43761924003483
1912,206.27260329655903,4.087948770081078,passed,106,8.177447605379818,passed,37,5.0121013169039275
1913,152.07421443260145,6.234589009769265,passed,256,8.498944861006063,passed,87,5.246277938822574
1914,181.67326150447815,5.735899037421536,passed,131,8.599426768639029,passed,63,5.476587268723598
1915,142.55363362701544,5.2268132025212415,passed,229,8.30074415153923,passed,221,6.490581666133011
1916,137.02912210671653,3.798135750900036,passed,69,9.247699022747714,passed,65,5.868787548631982
1917,172.1527829671124,4.446793302086987,passed,56,8.526566693208926,passed,19,5.55877068074242
1918,130.26447309351244,5.304564350116241,passed,59,8.593928475650724,passed,53,7.334992820963038
1919,161.11765114082095,3.183187186014595,passed,107,8.001753004629219,passed,100,7.086662272920519
1920,113.2200859199231,5.787474615124389,passed,48,10.02538319907018,passed,23,6.198715227237872
1921,139.60699103577417,3.7198297451232056,passed,28,8.362208488398327,passed,26,6.93831928366162
1922,208.01272670623487,5.116984117867047,passed,41,9.770223950267699,passed,17,5.4076978942473986
1923,185.26180959996074,3.8923762436449696,passed,25,10.149287983668675,passed,13,6.392544913082943
1924,163.48270267296803,4.510248802906613,passed,40,8.007021468721387,passed,17,6.0174096481265815
1925,131.42520316897918,9.971415658386984,passed,141,9.705312251163623,passed,46,6.910012635882823
1926,188.90097314033451,4.19622886078525,passed,184,8.734268718634475,passed,157,5.420622298342814
1927,147.98094096501382,3.3089831910060976,passed,84,8.643964333556585,passed,84,8.643964333556585
1928,132.11587826788477,5.007121996979493,passed,222,8.373646794305923,passed,89,5.926251922565928
1929,139.93337472469656,8.944229060172008,passed,94,8.443685217261464,passed,64,6.197665971751221
1930,209.0396768377214,4.566924995446816,passed,129,8.00128355796863,passed,111,6.8354788621482365
1931,142.8849292100831,7.70639919872257,passed,115,8.800540690020298,passed,113,7.952968683918149
1932,126.2789671678719,7.7897542740994155,passed,98,8.3360774666009,passed,94,5.966043157274781
1933,196.6639215539643,5.200851246429691,passed,112,9.502347032748792,passed,97,5.324379580900684
1934,140.90527092697945,5.811084116394715,passed,41,8.006507235261907,passed,20,5.527383324903679
1935,107.9238196438928,5.075799601104883,passed,50,8.050576686050071,passed,50,8.050576686050071
1936,124.81263010865389,3.6056425315438387,passed,93,9.488363803614487,passed,68,5.453162254900024
1937,187.35734538976828,4.480503145450094,passed,127,8.25753297861851,passed,73,5.100727507526437
1938,135.98846543989532,5.474302740213086,passed,257,8.049504369723937,passed,251,5.207443543095858
1939,111.97918122814991,7.6234186706630345,passed,367,8.00964281991492,passed,355,6.0508611261994805
1940,196.6262000634377,3.2351582245095796,passed,115,10.955091420808195,passed,100,5.789843432391417
1941,124.55860800379268,6.7524622533819825,passed,94,8.639385765787821,passed,86,5.851627048176411
1942,158.2541777046278,5.470836600614094,passed,18,8.106869113248493,passed,13,5.65842860519119
1943,160.21794969799524,5.871094093169225,passed,107,8.975877881653727,passed,106,5.933795448892631
1944,181.03424292667506,5.745536376295046,passed,190,12.474791379048433,passed,113,5.096919243729925
1945,190.79829641566218,3.1042994699076307,passed,70,8.856325231684803,passed,70,6.507572063557876
1946,167.82711361154475,4.1227711147797965,passed,71,9.29235967479034,passed,66,5.922297165535562
1947,132.37031300434165,6.0053492893066736,passed,147,9.337078404957833,passed,69,6.243851624610608
1948,142.4417672396644,4.791721782405587,passed,77,8.087997259938629,passed,64,5.207630565340993
1949,214.41575585317278,3.091431872247756,passed,89,8.460947691717902,passed,85,5.017707107285196
1950,171.08818418778995,3.6147657990026207,passed,95,8.159948228836434,passed,59,5.630379178551803
1951,162.2474169274981,3.7357421776748536,passed,35,8.076392573435776,passed,19,5.1458958145316425
1952,172.8307210076007,3.714152738039696,passed,106,8.394734302276131,passed,70,5.950270846946748
1953,134.3197945762805,7.962766910210724,passed,371,8.680354315308314,passed,366,5.131542815690748
1954,117.75269451267967,5.619420853385575,passed,40,9.31190682309424,passed,28,5.266624332567615
1955,175.91336783606093,4.058840951047921,passed,60,12.603372159525783,passed,22,5.526089981512272
1956,156.9248823476089,4.356580767120679,passed,89,8.039737473681141,passed,54,6.749093035312526
1957,141.10313596792446,7.406503743623411,passed,115,8.364440078833656,passed,54,5.270025230127184
1958,205.69928212376186,5.0774321147915025,passed,163,8.483272559960753,passed,89,5.453913661778453
1959,119.49873039403514,8.053503008740872,passed,141,8.720711071426933,passed,96,5.618394353382228
1960,142.8972131241089,4.129418374797094,passed,59,8.002772326464601,passed,9,5.289674425208291
1961,169.6544593556379,3.8660162000297067,passed,45,8.143837304496548,passed,45,5.884579180146243
1962,146.44024281215758,6.984638325846586,passed,204,8.001808620826335,passed,161,5.005536174934688
1963,146.5646049565819,9.1543256337822,passed,245,8.088573090438512,passed,177,5.009820138896148
1964,174.59480822582702,2.8015292892006287,passed,105,8.001364950144318,passed,57,5.585115879372027
1965,156.58911499277826,3.5355318120350874,passed,85,8.23628730350845,passed,71,6.212066003016625
1966,121.82706287989089,6.671036174636173,passed,185,8.008413073928189,passed,50,5.083699136284436
1967,171.9241118851569,2.4411169099091437,passed,37,8.189691204585635,passed,26,7.701224200596779
1968,141.72694231550688,5.1556980917057995,passed,115,11.01844188842831,passed,64,5.109582826489656
1969,175.5852115208556,4.447892643252119,passed,51,9.076513334896674,passed,30,5.841628496584539
1970,175.82695069305277,4.164661711135676,passed,85,9.81353114411041,passed,43,6.098208815665607
1971,159.65949664282365,4.032211976809412,passed,34,9.144236551550765,passed,4,5.476593809924735
1972,135.20140934147244,4.899547093829852,passed,32,8.089923164805901,passed,28,5.019428107397239
1973,174.9873574682591,5.169861820676902,passed,89,8.510511940125332,passed,80,5.508746404217546
1974,161.37387672065904,4.466617105931068,passed,152,8.991534104357402,passed,22,5.766604918565843
1975,134.74908451878034,5.839935909329848,passed,106,8.369006993299921,passed,95,5.351668593465053
1976,205.94232498850525,3.5656894180494803,passed,71,8.008946063232191,passed,63,5.22268503172012
1977,128.1374807297904,11.312322570688368,passed,100,8.01681266901908,passed,38,5.0115027266265155
1978,158.02202997145955,3.1366918393949437,passed,99,8.968628056283578,passed,73,5.634561431564866
1979,189.08913220235428,2.9502960270152605,passed,48,8.040577288836893,passed,46,5.995606977876489
1980,126.63540282751917,6.514833438094124,passed,22,8.097368500983082,passed,19,5.132296907935929
1981,143.05273165213407,4.3467456276725605,passed,253,8.185366838593588,passed,127,5.0085636390204025
1982,129.2124737116867,5.90549261659094,passed,47,8.605465266796841,passed,40,5.120475040753147
1983,155.5141731519262,5.3178471663652065,passed,82,9.340225862455886,passed,5,5.159046398100409
1984,118.07957425930012,6.741480479860728,passed,32,8.561456375135412,passed,20,5.0724464801155555
1985,161.8503315231818,3.898760060091494,passed,50,8.727992570208908,passed,19,5.5891820043222795
1986,115.15349781139217,5.013293317100344,passed,19,8.969402720696106,passed,14,6.020913973277153
1987,140.42853596025503,3.7930001197952645,passed,80,9.479677961078025,passed,77,6.363132908426716
1988,158.66098186586436,4.41832935485816,passed,185,9.882157490553611,passed,168,6.442580424516198
1989,158.13975436396416,3.8056958008510953,passed,54,9.585238680549036,passed,50,6.016220769041203
1990,122.59250899125318,4.039294926122028,passed,63,8.148481478423776,passed,28,5.150781020621076
1991,154.36197629255298,4.245057495798392,passed,83,8.56038984436045,passed,51,5.5444289952888415
1992,114.92771555122604,5.757586484922668,passed,104,8.815995072560545,passed,85,5.208489684856854
1993,162.87829369884616,3.1894890740263957,passed,21,8.047100817767205,passed,10,6.095361721921955
1994,154.65905702737675,4.265599924393601,passed,128,8.420215919445905,passed,102,5.721327869851822
1995,120.97014672344058,5.270232339641959,passed,35,8.939915499271134,passed,35,8.939915499271134
1996,164.77436973536447,3.804720960658234,passed,102,8.001689664431687,passed,22,5.481692174064334
1997,145.4698920609792,8.437508675389104,passed,195,9.460527658926953,passed,178,5.565849193722872
1998,139.4057264611582,6.5264446617654945,passed,173,8.055352263387295,passed,160,6.072905464287892
1999,163.9959170412679,5.156072201651885,passed,99,8.779438687874963,passed,69,5.59342845320816
2000,130.69341003248886,4.712104454750541,passed,43,8.916916285795672,passed,29,5.03293764636461
2001,139.23403801631454,4.651081076685224,passed,50,9.580195795549207,passed,33,5.7094677853149145
2002,167.29474702952098,4.957908333810041,passed,79,10.744280336993416,passed,70,5.018245868761517
2003,116.96057817503451,6.392548520592765,passed,104,9.773638033434317,passed,38,5.167633345781675
2004,149.17876565647185,5.557377248448779,passed,128,8.791978914008824,passed,103,5.343767120925835
2005,160.885262973364,7.012421285913738,passed,21,8.896643479641586,passed,19,6.293116394220832
2006,148.9880247835933,4.898021939807896,passed,178,8.353364585511436,passed,170,6.004027862032157
2007,178.17094945954497,3.3653257682876316,passed,43,9.470029007517834,passed,29,6.530779689870747
2008,122.92318157910232,4.946922904394346,passed,44,11.01781238644226,passed,22,6.099027080337671
2009,196.1831832266939,2.554478252957746,passed,97,9.004502602356768,passed,53,6.9488326591153005
2010,150.82569765948614,5.011254646233203,passed,106,10.376776117387099,passed,46,5.0646392687476505
2011,166.0644552182108,7.04586014740489,passed,161,8.719273418647822,passed,159,5.24291101809673
2012,168.51130378951217,5.176237943690025,passed,85,8.566618042134898,passed,64,5.1520791548328
2013,150.8924219634472,7.326053020232166,passed,213,9.091967109333376,passed,77,6.209997630210529
2014,163.60125250286427,4.075723834660867,passed,93,8.888637092555719,passed,85,5.157846390205223
2015,192.72897555070355,3.201531216950709,passed,68,8.615048674160363,passed,36,5.021807964474645
2016,156.66602112483568,7.791863166941226,passed,36,8.240471573469478,passed,19,5.908483968672629
2017,103.7672431928121,9.575033424057052,passed,92,10.58354470330758,passed,89,5.012188580787735
2018,118.56090586607225,5.104224103244454,passed,126,8.161075124053196,passed,54,5.2415962476222155
2019,135.17039668773268,4.771357378728975,passed,209,8.250859643956353,passed,146,5.630512922709441
2020,131.07514723423205,4.224605241545831,passed,61,8.109067724207053,passed,13,5.030101806881593
2021,127.40715578779378,5.00330561469566,passed,208,8.269665258491333,passed,58,5.01060955706103
2022,140.0911938941714,4.672058024007041,passed,84,8.397281710142469,passed,46,5.544295579017722
2023,136.6201952140533,4.802378662014476,passed,178,9.980234747402928,passed,70,5.008678311162029
2024,173.8479770921256,4.494715828246222,passed,67,8.620952869973685,passed,59,5.582474042443097
2025,136.66362667923627,5.222096915854749,passed,137,8.1524890250813,passed,75,5.295651171487359
2026,161.30928132623424,2.6794312920165537,passed,69,8.63322382257039,passed,23,5.04154305687865
2027,167.20642732653738,9.76751099831332,passed,22,8.063343605742567,passed,22,8.063343605742567
2028,120.50713822875645,5.337236365346253,passed,43,9.421333383419238,passed,41,5.018795625981887
2029,157.0349702182119,4.547601548877993,passed,89,8.526125112447435,passed,48,6.139782297445451
2030,139.84622151429997,7.102382621210544,passed,104,8.183097212814117,passed,87,6.2213960180216965
2031,169.21005865235,4.262841574599547,passed,102,8.0893748626101,passed,89,5.663321188140369
2032,127.45621856453569,5.707655362407441,passed,50,8.858361514267354,passed,34,5.293694522675496
2033,146.50321590350438,3.886514468387691,passed,141,8.106396688802775,passed,119,5.735833529316081
2034,173.3931671834763,3.8881494132392778,passed,67,8.207014155341374,passed,39,5.189387648256227
2035,200.15996035457357,3.688527937523286,passed,44,8.390142716860671,passed,28,5.184228562538018
2036,189.80983668897986,2.3918603773269926,passed,70,8.012769221362559,passed,58,5.044066338842335
2037,113.88542024001404,4.8321927503021875,passed,107,8.560328049422615,passed,84,5.019092165795547
2038,186.5093734975969,9.602698616582177,passed,388,8.92815485283065,passed,364,5.902969615302034
2039,157.8756269166408,7.069035509953994,passed,121,10.759027380165076,passed,79,5.0456164552061145
2040,145.58733733463245,4.214768631302826,passed,40,9.085846981797685,passed,14,5.924065017552582
2041,175.4389385208895,4.788416123405313,passed,142,8.163385977182314,passed,117,5.2868422169623175
2042,225.66596923755023,4.381267259680521,passed,71,8.143305416277968,passed,53,5.020647509788967
2043,167.25751117175577,4.840171569043681,passed,129,8.024249581818378,passed,29,5.491936657649621
2044,194.4876064177456,3.3528826481285705,passed,75,8.938331785753807,passed,39,5.239087386084629
2045,116.54659206438285,8.218437899651686,passed,92,8.427338523591853,passed,69,6.046140323840854
2046,146.17046623628733,5.846713870024285,passed,89,8.020872491441322,passed,32,5.987336469399263
2047,153.29742713105904,4.397109821598146,passed,89,8.126910718076275,passed,38,5.030477751083562
2048,118.89715639621272,4.859981549779668,passed,150,11.431424415361136,passed,138,7.868743609767259
2049,127.31343388227062,5.030278368038583,passed,31,8.950090532856336,passed,21,5.147160212456026
2050,180.34486898270484,4.225478510647831,passed,39,9.901007084702208,passed,20,6.8692710633664555
2051,115.32493869915209,9.267698650822622,passed,111,8.50483503608741,passed,50,5.359787282253192
2052,194.9862296267183,5.5933359536385865,passed,68,8.000258520379134,passed,61,5.1409853586111165
2053,135.12750630096306,5.702203989940583,passed,194,8.653640855608714,passed,153,5.065011469403391
2054,152.55455617166743,5.211324488701454,passed,127,9.077287249221655,passed,99,6.8648576775060866
2055,162.99968349524065,5.435689093297695,passed,100,8.149979306450184,passed,25,5.906683491933351
2056,127.88277594895399,6.831031609413839,passed,100,10.868710078127375,passed,83,5.7137233653981045
2057,186.566038402047,3.5548832827638424,passed,56,9.828633951744315,passed,53,5.0056855397833555
2058,145.205788403132,5.733100980350976,passed,102,8.053087885653486,passed,47,5.081836909887105
2059,146.52594800871688,3.5303581732131932,passed,63,9.254193300101932,passed,31,5.46676031244262
2060,160.0477386554607,7.877708889858817,passed,233,9.076890004462301,passed,88,5.0332980170359365
2061,149.8727615811879,4.1263973680013715,passed,179,8.76308139296411,passed,152,6.419638839014574
2062,122.11659577596423,4.586297674640187,passed,103,8.013568671014305,passed,64,5.265759902948308
2063,118.94020472654657,5.173384306666794,passed,159,11.417533255079015,passed,112,5.103172224651109
2064,128.33858157548596,5.032220515082762,passed,48,8.12730505641226,passed,22,7.130295131483955
2065,171.41210201074864,4.457897859123262,passed,53,8.419694935396937,passed,47,5.737305822239125
2066,143.60265146341956,3.1349760837530694,passed,102,8.43529093106261,passed,44,5.044891341921853
2067,132.40536983927828,5.889234587454702,passed,273,8.021864195607442,passed,216,5.771967700819447
2068,160.57672205840484,3.870739787122822,passed,109,9.793792202912567,passed,100,5.070244892265574
2069,193.9229872736706,4.088394023242381,passed,28,10.683081305865084,passed,18,6.257715315217216
2070,173.10334849224608,6.024984720064916,passed,198,8.00615937101339,passed,174,5.761620845998672
2071,189.08669213396018,4.833929180760702,passed,129,8.190382100619708,passed,67,5.012524006106012
2072,142.72731218458472,6.857188254578111,passed,54,8.167313310799319,passed,50,5.263472229471433
2073,125.63357884802606,5.044476541095919,passed,77,9.157032085384632,passed,29,5.4492515599856794
2074,168.85973483566508,4.624900251631854,passed,85,8.76522303804721,passed,65,6.187510120497208
2075,158.4114454499197,5.9106514606911915,passed,74,8.580419263241046,passed,43,7.279376748196387
2076,129.02239903662561,5.059143168980428,passed,142,8.816153075929023,passed,14,5.073649593323415
2077,171.8429170359928,4.112096519317399,passed,110,8.5382781618772,passed,70,5.363292913220619
2078,188.11964597605657,3.1296424723021805,passed,66,8.315926938096263,passed,40,5.011282644389747
2079,154.54312578197147,5.0391688481969465,passed,65,8.012845877704766,passed,40,5.513210193697282
2080,163.5614446555782,3.93556969914583,passed,18,9.520961733808742,passed,14,5.430427302065222
2081,198.45003669905893,2.4595691715042234,passed,62,10.307256885296056,passed,28,5.727045973417866
2082,135.38859858826712,4.198000649534913,passed,91,8.066631820801963,passed,54,5.378156166395587
2083,184.43545747567245,4.191189105695656,passed,104,9.410463844464513,passed,97,5.019685704273558
2084,113.95138568310324,5.721771589368899,passed,70,9.69838448757856,passed,47,5.422202861500036
2085,145.2651262837739,5.629408601225085,passed,64,8.989996225702846,passed,46,5.103465372651406
2086,175.19226881668106,4.022053414996274,passed,34,8.010187403730583,passed,12,5.289797624117809
2087,166.61560638561502,3.096246112696074,passed,94,9.045116431627731,passed,54,5.277394917262068
2088,179.80894659242844,7.51345665123669,passed,67,8.012965273112837,passed,45,5.327516018698164
2089,145.49371837453285,8.140561432620828,passed,110,8.46342785901193,passed,102,6.1732515838557545
2090,143.75024228739255,6.7879190040602975,passed,222,8.046988858111748,passed,61,5.008069865102804
2091,121.70937004096784,6.036234586279587,passed,59,8.52604542853388,passed,44,6.023151320885689
2092,166.97724289850237,4.577325485721653,passed,103,8.28059981542275,passed,89,6.352280585094294
2093,200.55178021326054,5.784326631736176,passed,106,8.118372548449116,passed,97,6.0789652721567
2094,203.1859546607028,6.439203352939975,passed,25,8.076894655890921,passed,13,7.276340626843969
2095,163.60896282739924,4.734026993189266,passed,59,8.946698780081697,passed,47,5.423206141316794
2096,203.02009970057568,3.8660638146933346,passed,106,8.193383469427884,passed,20,5.336074520316436
2097,189.7654890333959,3.9567934859049214,passed,63,8.194799707566158,passed,29,5.337860424098229
2098,119.44852094206269,4.221993460001382,passed,152,8.194991154134579,passed,76,5.385239884834014
2099,142.95605800542836,5.202076721807504,passed,82,8.914864766618491,passed,43,5.903930814643532
2100,131.22555533383448,4.600084927545057,passed,67,8.194073618667218,passed,31,5.01551620903824
2101,165.11266675029765,4.712374454108165,passed,107,8.300447049058723,passed,70,5.0008327493682225
2102,139.094104180773,5.102847684219577,passed,56,8.01299527622965,passed,21,5.207154355960308
2103,172.95918371959522,3.6660430932820973,passed,20,8.18797406773324,passed,11,5.835265619778607
2104,143.15544069515104,7.271004231905353,passed,108,8.427368774993639,passed,94,5.022183634112931
2105,113.99245452627862,13.712451533041294,breach_static,116,-11.595695165315556,breach_static,116,-11.595695165315556
2106,163.25000195447944,4.8131487591346565,passed,50,8.131029130060053,passed,14,5.106689529897812
2107,164.26657659391276,8.170722609200569,passed,99,8.34867402274131,passed,51,5.0097122880061296
2108,186.17391420201977,5.433853000572783,passed,107,8.004250172441374,passed,94,6.716560865249077
2109,201.38359099344189,3.698737062034236,passed,46,10.153782652611154,passed,41,5.705865588194725
2110,164.21045370021085,3.682949994130881,passed,64,8.324783412453463,passed,38,5.180068351558886
2111,157.826873084342,5.692574296866209,passed,66,9.416787643718582,passed,63,6.12284244401855
2112,103.59404116617523,9.195888964053866,passed,59,8.453749296831692,passed,27,5.014231529580759
2113,201.93378954942597,7.062159680894157,passed,46,8.186002046175854,passed,22,5.887289788088457
2114,143.03761359990114,3.899395508443587,passed,121,8.586546072913093,passed,61,5.304827477323926
2115,162.2318370798372,5.234997405536785,passed,39,8.450829762405565,passed,14,5.274141254639453
2116,165.30431878768778,2.9473354914302816,passed,104,8.016988293123273,passed,87,5.299067371448873
2117,163.74767500426785,5.6316198834489235,passed,101,8.01546551377632,passed,66,5.2475121457679075
2118,183.55923804222297,4.580378007033272,passed,33,8.870270891513709,passed,22,6.104284335998766
2119,188.1924900697089,5.422973743695,passed,147,8.90433151890797,passed,106,5.022056182765744
2120,186.53463648758267,4.253947276377873,passed,58,9.374630653736249,passed,48,5.35496833371385
2121,164.79484550170892,6.733652180080883,passed,132,8.561767490097782,passed,97,5.182965749087676
2122,188.1967570644314,5.412862248787002,passed,111,8.287988042371675,passed,106,5.02123235451104
2123,178.17738690644137,4.090748183093145,passed,102,8.776430042677031,passed,21,5.015537853382801
2124,127.65645236806074,4.363014731306405,passed,80,8.00574312823219,passed,51,5.0198747101298125
2125,181.2728964249784,3.8432628630244188,passed,97,8.018184910769644,passed,77,5.1374714018575185
2126,142.19784970260588,4.820739553799163,passed,54,8.26336919241184,passed,48,6.631863705589769
2127,172.07686689607638,4.205104564363479,passed,107,8.018587415508627,passed,22,5.17675832870752
2128,149.28264506729906,5.270681048770031,passed,74,9.069152100086498,passed,36,5.806349972866309
2129,145.4323307030669,6.306395421723549,passed,57,8.268030571935881,passed,53,6.083025974786804
2130,173.0253141182626,4.3912914803339165,passed,150,8.899840161241524,passed,114,5.464885886417714
2131,142.53693334939084,6.51520456174753,passed,89,8.007615319520212,passed,55,5.60684306990209
2132,174.88219691841502,8.8245770901618,passed,158,8.086703956311814,passed,146,5.51355125887889
2133,176.63133626585292,3.9343198676204336,passed,47,8.8406491796857,passed,16,6.590724297695405
2134,113.7412377291791,3.371946375703193,passed,112,8.014291229820468,passed,79,5.2054032177441645
2135,119.66847421447278,8.220260128184592,passed,292,8.611677154651808,passed,277,5.1518540912567135
2136,122.7666804916085,5.88040786796084,passed,60,8.350407315905862,passed,47,5.2233483371469935
2137,148.53176277487415,4.057852331005786,passed,29,8.146290829998026,passed,22,5.8624772746062925
2138,158.68809813537973,3.9645784289771724,passed,106,8.019530389000096,passed,94,5.854024942667757
2139,161.5486953421175,5.3225015083959955,passed,106,10.36814635844545,passed,72,5.93023381991189
2140,192.70679239456388,6.161643075939885,passed,76,8.192985989109447,passed,64,5.588646756004345
2141,129.87488538333537,3.643294639003509,passed,61,9.415044010266516,passed,14,5.226184420137714
2142,171.0989802345197,5.5690831251528765,passed,40,8.849155830614608,passed,30,5.422246374157957
2143,188.83892769556624,4.3646575090299065,passed,56,8.564607803891633,passed,20,5.779815243003106
2144,146.66675346948034,4.111717495137385,passed,98,8.651588934661714,passed,93,6.873624086912056
2145,141.72004790973682,8.939745663703324,passed,46,8.167547804082421,passed,43,6.186854502712191
2146,150.24206925622647,12.744391759295839,passed,270,8.508158057132142,passed,249,5.3289567296074924
2147,168.28467362117766,4.488758521064,passed,183,8.99325567012912,passed,111,5.021176676901229
2148,173.9385032951642,3.0333553196184813,passed,22,8.931174752290726,passed,13,5.382843921695812
2149,185.48596809308071,4.728129646769124,passed,50,9.004622469898106,passed,36,5.117130060694541
2150,148.14923973487217,6.015016348895875,passed,38,8.63026624583123,passed,18,5.073634476464717
2151,106.6824059355283,5.0624285919084935,passed,137,8.540013948540427,passed,107,5.19719139228243
2152,128.07925399490756,6.123075445378488,passed,93,8.428973372835546,passed,86,5.155121806234875
2153,169.9064146558077,3.278265962241856,passed,107,8.021076304277841,passed,91,5.22992240719613
2154,138.6632289959948,6.337661376245333,passed,125,8.960348865551815,passed,117,5.599911181406858
2155,143.73165921844713,4.1501657631905715,passed,116,8.281302309409577,passed,45,5.068751247669545
2156,165.1468504634563,3.233505565025336,passed,101,8.524659138852918,passed,64,5.952377836103651
2157,174.1093168763987,4.4588757421803225,passed,39,9.642415428408114,passed,19,6.070621515601382
2158,169.07950346182403,3.649158959347662,passed,115,8.632750707681524,passed,44,5.090043893959217
2159,181.0671353671109,5.62903244553618,passed,65,8.203405554522858,passed,39,5.310032527668818
2160,192.1065816803449,3.947788632270175,passed,143,9.59741253023818,passed,48,5.003025992682186
2161,160.51610142405886,4.802427119868613,passed,117,10.848935130008531,passed,29,5.023689713017876
2162,161.6136979472105,5.670382518347641,passed,112,8.601587684752321,passed,107,5.250244139626403
2163,168.92392811825135,5.7273997229348215,passed,82,8.813601386897307,passed,65,5.000837202921882
2164,110.08700327822858,11.522976270801184,passed,34,8.087756016298409,passed,30,5.191648644892233
2165,203.89786306252108,3.684979877574337,passed,54,8.987721557512751,passed,43,5.071537485325006
2166,139.99768713367845,4.0622154904318855,passed,129,8.02971322550976,passed,86,5.091427824756067
2167,181.2257492099901,3.713697091344074,passed,112,8.625055218752408,passed,109,5.477237865427753
2168,193.9810849847605,3.678783252754445,passed,81,8.668454755117505,passed,56,5.696129835911279
2169,172.99705434526422,6.501505339903324,passed,122,9.411663383874425,passed,113,5.026458180513438
2170,103.50019425083721,6.372804509845836,passed,192,8.062832998064696,passed,165,5.072984640683353
2171,188.05800818779795,4.670130750729453,passed,48,8.31399815265803,passed,35,5.777769015173195
2172,134.79021308334868,5.331448972254841,passed,45,8.128271075166825,passed,24,5.07637679800883
2173,142.1468560896288,5.171785976953089,passed,28,8.078659617711793,passed,24,7.400837943259564
2174,157.96914937947312,7.140995304031655,passed,245,8.830040730323429,passed,87,5.255468694258081
2175,112.1335202522007,6.809404763980213,passed,106,8.869070082602871,passed,81,5.888198869665784
2176,132.14927290130248,7.047527249464562,passed,99,8.282393680748124,passed,74,5.363211049910821
2177,110.25503305405273,4.438314609711458,passed,78,11.102420080741226,passed,58,5.415501439810333
2178,125.25651275543356,6.545704122670146,passed,164,9.354624952569113,passed,105,5.058745666112174
2179,162.32320473536208,4.324307579846696,passed,63,8.547782809692063,passed,61,7.511319493505519
2180,167.67083321251377,6.238932171499946,passed,54,8.184997721272813,passed,40,5.56774845966328
2181,143.0844225016868,4.482721025756961,passed,69,8.56243001085788,passed,48,5.000212051013397
2182,166.5486739927918,5.298494607468353,passed,56,8.691525736468254,passed,23,5.9679078144386555
2183,138.29584317442226,4.78655661577931,passed,42,8.60797517903129,passed,31,5.807932403066118
2184,160.4562113013052,4.633995986302156,passed,56,8.083847960104773,passed,45,5.56790008617527
2185,128.57204172518914,4.96994031699195,passed,79,8.043366172595245,passed,13,5.773791968959441
2186,193.85624847172673,2.455371780972972,passed,66,8.227204124107356,passed,43,5.04127081449075
2187,153.66762596183418,4.997587460839107,passed,49,8.360995459990983,passed,49,8.360995459990983
2188,197.152636128332,3.304650491190623,passed,48,8.83341036848786,passed,26,5.9372064603088415
2189,192.21120056967086,5.527081326082557,passed,25,8.24505982992767,passed,14,6.5797655097062036
2190,139.34865764463726,4.894031270725783,passed,252,8.214026923576178,passed,106,5.008610241870626
2191,202.28575704386665,5.316345113970922,passed,96,8.25895276371611,passed,82,5.143467481005182
2192,160.00379320310546,4.906193819085498,passed,70,8.980335248878934,passed,56,5.604417999509481
2193,180.18092207217524,4.851544717594807,passed,46,8.304541544528533,passed,28,6.091444943820701
2194,164.60633047229004,5.260385514865415,passed,79,8.638882291479067,passed,73,6.1343166145831685
2195,151.43945695381683,3.5294871571056943,passed,45,8.394531133960804,passed,35,6.0869459537414405
2196,120.86203735821482,3.5291646953172364,passed,52,9.189073609715258,passed,50,5.690021555674618
2197,136.17768112301403,5.168553446221049,passed,37,9.271134031859972,passed,35,6.256981659156335
2198,153.4796694210945,2.4033067118065077,passed,85,10.102121690041589,passed,64,5.010765282735474
2199,145.10265875685678,5.616006832705511,passed,116,8.018234556874715,passed,94,5.463860258871001
2200,137.79198694395353,5.513553098117301,passed,106,8.174466481336884,passed,90,5.78825256166684
2201,162.66865651715202,5.081352765910723,passed,64,10.803538280484059,passed,50,5.389655952048433
2202,199.2880156365099,3.818661231152181,passed,50,9.869894987894124,passed,46,6.853845718191942
2203,136.12301840172964,7.658897806713238,passed,63,9.009400332767248,passed,55,5.168445788884979
2204,178.19027970765885,5.638235771334272,passed,68,9.025915714086818,passed,43,5.487903673505223
2205,172.01358728262113,5.79079583215777,passed,53,8.001446748868268,passed,43,5.089957834957515
2206,171.60569767853556,8.052240687579229,passed,240,9.204949786099403,passed,215,5.010439944908973
2207,162.59448228483438,4.54116396542231,passed,260,9.62977954568871,passed,152,6.355485147179052
2208,138.8860600890597,8.875855952738952,passed,173,10.39536049128158,passed,169,5.081601303152161
2209,188.71464592580867,3.9140356467662833,passed,49,8.279845713280887,passed,20,5.726571895494126
2210,174.10186568234943,5.754398840657703,passed,129,8.29739033958985,passed,103,5.450698886549388
2211,100.42801644211607,6.430155513870248,passed,82,8.248400234056419,passed,67,5.48155376110484
2212,136.55348257960065,5.189975880827773,passed,52,8.95385806063802,passed,13,5.694633820640926
2213,157.8420168367174,5.129504272015042,passed,120,8.423952544122738,passed,40,5.8765151502876645
2214,154.27112170917724,4.692805285695288,passed,41,8.005535108676565,passed,21,6.161018957210684
2215,166.6839946257887,4.592811883598716,passed,104,8.456998565086081,passed,81,5.382909742672259
2216,196.03766130552884,3.2132124558618442,passed,21,8.008229226999664,passed,16,7.332016219713378
2217,171.22201789969452,8.107006623018878,passed,121,8.009746187433775,passed,107,5.733168118693821
2218,120.54426282479382,8.87949732181694,passed,30,8.635981443759277,passed,28,6.80824813045664
2219,148.54092561521503,2.915008820344159,passed,44,9.076584902346685,passed,21,5.575101202727617
2220,131.25952900334553,8.623726449326547,passed,59,9.155858965242736,passed,28,5.307773141124095
2221,155.23969401631152,3.5088735923336354,passed,67,8.438334439905205,passed,50,5.217575194745083
2222,151.37207588587174,5.955642294059617,passed,56,8.584064933738444,passed,41,5.442078611526591
2223,190.52837622485424,3.9223211594707257,passed,53,8.282407344236287,passed,36,5.005222753133931
2224,167.62559061282812,3.456703135063497,passed,81,8.739569569705408,passed,46,5.6874604158406505
2225,134.684128606562,7.158466034763633,passed,111,8.544563167964725,passed,110,6.7120698263223755
2226,187.07678210430862,8.92869410272439,passed,79,9.14532117928113,passed,69,5.609785071561779
2227,172.49178660203964,5.8475614154917706,passed,33,8.920010497976772,passed,33,8.920010497976772
2228,170.19510015312852,4.57825298829725,passed,104,8.015390173957137,passed,44,5.4890162546092025
2229,167.26859305494895,6.065577291687189,passed,117,8.25878897105623,passed,111,5.315784512222899
2230,121.61167145617217,6.164824552146888,passed,196,8.200912453512377,passed,179,5.776367148987527
2231,192.53286473680734,5.292675577694077,passed,60,8.257326121426312,passed,40,5.2184579772100115
2232,173.2058523434646,4.737189926886034,passed,63,8.544679375766995,passed,60,6.907742628653546
2233,159.13206604808522,7.796926830837517,passed,53,8.746290501387621,passed,45,6.23588925544567
2234,155.76317899583665,10.420017940533116,passed,56,8.399588427452498,passed,49,5.365142841715098
2235,150.3633687842743,4.937561874623856,passed,254,8.474157685175676,passed,226,5.350536178542109
2236,153.00411776879938,3.214565445704652,passed,56,8.594984043941967,passed,43,5.785762615988821
2237,146.29156819204826,4.0216494327026,passed,97,9.344658798413308,passed,63,5.972116713681852
2238,108.09519895340038,4.18695279829954,passed,143,8.058761326453268,passed,18,5.09534645713694
2239,101.19581491224277,5.955460342191563,passed,110,8.086446680608251,passed,68,5.610593962836163
2240,167.12485321292317,3.979938038605528,passed,104,8.57894944306632,passed,14,5.384681464456209
2241,194.2910906373154,3.984403178819233,passed,57,8.009018695297708,passed,50,5.043643748043314
2242,110.42866083791326,5.251923180859406,passed,40,8.38547140932231,passed,30,5.001745106802513
2243,131.65853696059503,5.682984518992427,passed,44,8.078412874219332,passed,19,5.311835320203673
2244,189.42842283063567,3.1992391842415495,passed,24,8.002364557331298,passed,13,6.414413466717228
2245,182.74716752519828,5.35469314879161,passed,189,8.125463464965899,passed,89,5.525196964462209
2246,191.71358914293975,6.780557360977325,passed,151,8.198335175461091,passed,151,8.198335175461091
2247,173.81374011905461,3.275124446069285,passed,79,8.145161258852895,passed,74,5.306882881395092
2248,129.14592392014245,4.782540177413264,passed,111,8.003704753263108,passed,37,5.215678865400886
2249,167.74581099863437,6.568669895473766,passed,100,8.000285558774056,passed,83,5.598530307663041
2250,145.51251604754322,5.496260244058202,passed,149,8.286732187118705,passed,147,7.773487945679891
2251,201.83858463477816,3.4251111139666923,passed,93,9.734814878587983,passed,71,7.04262726435656
2252,160.3263485377739,6.037538168077455,passed,192,9.445263564921436,passed,173,5.349284809085431
2253,191.41074473642098,6.138847483389047,passed,25,8.524072555270902,passed,13,5.595932167399575
2254,145.36305041180603,3.8727158427732875,passed,83,8.00916724510985,passed,48,6.150919479353667
2255,131.8039345649982,10.827089793000596,passed,36,8.460838932789216,passed,14,5.075888940643503
2256,163.4923449967844,5.298961488788954,passed,58,8.241982363134426,passed,52,5.26974482256064
2257,206.3026617377288,2.642395778370542,passed,58,8.805051739485958,passed,47,6.960875627346064
2258,161.88580809583803,5.062349007131615,passed,102,8.318673286458434,passed,60,5.551959129141593
2259,159.0739571551005,4.811240142869953,passed,126,9.149460185433789,passed,90,5.121483021288786
2260,210.85566970416528,3.6564713548268633,passed,109,8.136275710472574,passed,94,5.285397543136239
2261,113.26331497761414,5.760390242178077,passed,61,9.150275497740967,passed,48,5.009766067723231
2262,138.2296987938322,3.7957229821154757,passed,144,9.044538258388535,passed,120,5.004711893557978
2263,119.82171199386738,9.203847943037832,passed,186,8.017771635597537,passed,158,6.089323097434951
2264,174.8726612836264,7.305998995419404,passed,53,9.400831235078488,passed,16,5.913990667504154
2265,152.1452907996638,6.0558103875110785,passed,91,8.819830381173933,passed,81,5.444194609403041
2266,121.310408459845,6.911692766708819,passed,184,8.893132765283408,passed,79,5.336615736315498
2267,112.4052499345797,9.235332579124265,passed,69,9.062975011164864,passed,55,6.347022243812428
2268,138.2734692983731,6.041454396085981,passed,78,9.05012946036441,passed,52,5.753986789098353
2269,125.22285188937232,4.721286754958338,passed,100,8.577101495206318,passed,47,5.339462962902419
2270,138.3200718066708,5.6202123414367335,passed,135,8.008207290098323,passed,85,6.436399253468705
2271,135.48833825544483,4.4171553196509175,passed,82,8.878557456459069,passed,47,5.165068278852658
2272,190.5201242754019,4.472129759853254,passed,57,9.095159590535484,passed,33,5.994701659033663
2273,183.96415486811182,6.665030953196488,passed,97,8.017393744368672,passed,49,5.268883231537469
2274,143.73933867704832,4.228623813516644,passed,176,8.036803807720894,passed,173,6.622252409772189
2275,164.83106119846568,7.887445216854726,passed,48,8.427073591070666,passed,22,5.175344398740789
2276,169.4951603497638,5.647895229628768,passed,117,8.169461916286158,passed,61,6.161950815041339
2277,164.6709349633721,4.623709963222886,passed,89,8.178357338339538,passed,81,7.184659684259542
2278,155.1516024759095,4.057494309015182,passed,100,8.7809153260878,passed,85,5.502821371334665
2279,160.8547388036618,5.9227170284802,passed,72,8.252265884519861,passed,21,5.067401297892515
2280,149.5482364758631,5.703098054783132,passed,99,8.011696905692101,passed,77,5.179408152237053
2281,152.69527566984414,5.152215116216107,passed,189,8.30408048170339,passed,100,6.5570387764896765
2282,108.16000743451171,5.906023113106633,passed,229,8.41695673453755,passed,204,5.0174838524704946
2283,199.10008263731297,4.176162165467142,passed,165,8.844759554044114,passed,131,5.511281688779968
2284,177.07615616058212,6.913239257649901,passed,106,8.257924239020298,passed,27,6.6339420258343385
2285,124.6072752337934,5.739329941588651,passed,173,8.966586047217895,passed,170,5.010109443525668
2286,121.93526554242595,7.546879694896483,passed,129,8.003341556473087,passed,110,5.870404882384217
2287,137.21897728445592,5.785249353324915,passed,64,10.977257813890473,passed,50,7.051077645937531
2288,142.5797478240129,7.780343666972564,passed,319,8.41494609858806,passed,73,5.015558270758458
2289,146.54862783064607,5.893121485747841,passed,481,8.37384251675315,passed,420,5.464704106254126
2290,172.0690811111933,3.739534602277148,passed,66,10.37682315858255,passed,25,5.866415898829458
2291,216.72375086905703,4.480295503712854,passed,97,9.703574327069875,passed,71,5.677850163233322
2292,154.43485122372874,5.058365809366956,passed,222,8.791106993537756,passed,102,5.04522373756271
2293,123.43689218585743,4.51231365225587,passed,53,8.08656361344382,passed,29,5.158063240338939
2294,153.53387356913743,3.6871732511898814,passed,32,9.711829200385246,passed,22,5.693013023316285
2295,170.62655205698297,4.238046586032924,passed,43,8.143706930269135,passed,32,5.0253679383103655
2296,171.8525434690442,2.8861403182569427,passed,40,8.141523482205603,passed,19,5.83048336418861
2297,141.07885740070873,4.654402627735548,passed,21,8.396442314547304,passed,21,5.40957632918293
2298,196.58673869243307,7.552707549666637,passed,89,8.01816950434433,passed,20,7.197353659680372
2299,157.70922746248658,5.107667290293504,passed,52,8.564656727744069,passed,52,8.564656727744069
2300,133.9897711725693,4.954446069318615,passed,104,9.118992636914424,passed,88,5.017940617021499
2301,184.07838306483777,5.28976201927333,passed,210,8.187877259173026,passed,141,5.023809848910443
2302,141.32828647684974,9.976547650056611,passed,261,9.942584432049761,passed,231,5.017016778242933
2303,155.76815523405122,3.475798739889285,passed,129,8.227546792548246,passed,82,5.036297839922521
2304,178.118474688103,3.053153248730455,passed,104,8.5453390410253,passed,51,5.2125999484496255
2305,179.4324919293912,4.617068139144156,passed,70,8.298271697605642,passed,50,5.635560420839636
2306,176.62433998530935,4.046055197122648,passed,66,8.38013917100704,passed,54,5.08150810296768
2307,183.6223654113914,4.147943111515413,passed,66,8.447631372523734,passed,46,6.759994188827045
2308,162.81635597123483,6.663359278629481,passed,104,8.266182937713374,passed,17,5.418653313743715
2309,157.35554341976646,5.492058109871829,passed,210,8.089519079122521,passed,164,6.7263469884418114
2310,165.13803814618436,6.7128240144313605,passed,53,10.711519824763084,passed,47,6.918696438058736
2311,107.17920285907603,7.452598731079204,passed,158,9.442308239610831,passed,125,6.139417627945942
2312,156.68055147534562,5.366290551475617,passed,79,11.214258344264461,passed,61,5.7419480631687
2313,117.66345206967736,7.59838716546198,passed,325,9.054835790814831,passed,159,6.328036003961834
2314,140.72173807704473,7.619738256353284,passed,274,8.171028855919582,passed,101,5.724804124224403
2315,151.71658073829653,3.8098466832659827,passed,103,9.195385688309932,passed,89,5.017351144337234
2316,137.6653532309722,5.154171942810277,passed,130,8.008742342169818,passed,110,5.083208595252109
2317,170.86919870458232,3.9226473723472064,passed,77,9.14641776310261,passed,66,5.6360214637819706
2318,164.72319930654857,4.321022287884178,passed,65,9.178018151972967,passed,64,5.73213946268174
2319,198.25822332407904,7.8063856350259915,passed,63,8.561490801577243,passed,54,6.742432106143026
2320,159.30201437176743,3.623158365639439,passed,98,8.003748661982746,passed,69,5.252700368008778
2321,147.80513269119587,6.921761125692724,passed,95,8.011704939557518,passed,74,6.175503045784625
2322,150.30728952707665,6.170202461690781,passed,70,8.292758625903085,passed,50,5.101296513124387
2323,167.62924498859647,4.8018966518592965,passed,72,9.913843977551684,passed,39,6.067232138259371
2324,182.05234453424683,4.037674644248723,passed,100,8.587463418308094,passed,32,5.038113775335984
2325,143.50462369473877,5.320593224976988,passed,90,9.21508298943381,passed,76,6.116735798262152
2326,126.35045049323716,4.934099727165061,passed,69,8.438414466073052,passed,54,5.2926598087659205
2327,145.71573777303493,11.331255350727508,passed,51,9.182488069139572,passed,38,5.786514152628475
2328,125.05171036597451,8.67967107384339,passed,317,9.284591556562471,passed,284,5.08224671021047
2329,159.79003087773575,4.072209392130537,passed,96,8.022586810120714,passed,74,5.107115664338635
2330,166.51094660255913,7.3918783216312915,passed,132,8.006986817887674,passed,126,5.397332373814034
2331,131.61295191921477,4.700712846956897,passed,79,9.67540942826901,passed,67,5.297777189588593
2332,178.87715063560674,4.391130850037569,passed,107,9.290952526761531,passed,97,5.078308300020318
2333,135.3491299250087,7.2963910370173855,passed,88,9.16879197771896,passed,72,5.649118941508613
2334,148.63511753994842,5.578642422536074,passed,89,8.376323979159706,passed,74,5.1424340862971984
2335,173.43874306193615,3.7255859651897607,passed,56,8.720964795432318,passed,21,5.5842507259189045
2336,120.79553792393524,5.611015636333933,passed,222,8.049350204964467,passed,99,5.0180663872725795
2337,141.5780831384571,3.9853199940825292,passed,71,9.120339637978137,passed,53,5.062156776815807
2338,149.67240227283986,7.747796566559654,passed,115,8.073914387074122,passed,19,5.208383452782428
2339,140.28449121015515,3.8898691394284013,passed,84,8.021632448723715,passed,56,5.837212827171445
2340,153.91284510185184,3.7068921830493857,passed,132,8.430969400139876,passed,94,5.718349522130861
2341,170.64885345190874,4.739193079079549,passed,31,9.406005933191564,passed,10,6.425500571681275
2342,100.9518867990805,4.864586150570198,passed,232,8.284367809258853,passed,140,5.025232505647947
2343,117.52072347921754,7.24527697492036,passed,68,8.141668168990712,passed,33,5.166537788150216
2344,156.20716947502694,7.698525480152157,passed,107,8.722807686429057,passed,100,5.196502757714727
2345,185.84481457649403,4.500065634094719,passed,59,9.141282239608728,passed,50,7.5127943093888705
2346,208.14255343315105,3.3440388413617748,passed,119,8.92137010023777,passed,30,6.322523636866562
2347,124.48705543006736,5.1316992210733385,passed,85,8.020437931507395,passed,43,5.435192791147214
2348,169.2241794027916,5.56907829437949,passed,90,8.526333330806857,passed,48,6.047924420852824
2349,186.00581382917932,5.291863670504708,passed,139,9.395294028191593,passed,117,6.39510075439369
2350,150.9863118807413,6.617584335991484,passed,153,8.364701159695276,passed,40,5.029330915270824
2351,194.9457632768769,5.054020308273192,passed,50,8.445978338338357,passed,21,5.429961718873955
2352,120.39819447206116,7.93540782080691,passed,30,8.017860468937311,passed,24,7.499963445960556
2353,144.1227006742975,7.728983575125012,passed,79,10.269249358152987,passed,51,5.69427861319971
2354,131.91778762937383,5.030473868599152,passed,115,8.17493652989798,passed,98,5.38401776256725
2355,170.54838063468324,4.673034186037028,passed,89,8.77493392072768,passed,28,5.2071514707420885
2356,181.68830406919008,8.457979535758515,passed,114,9.284060107452795,passed,106,5.0417029036869065
2357,163.19753537153701,4.220581917679265,passed,106,8.426561860126359,passed,53,5.370245914525595
2358,159.77028186845342,3.7625890233621395,passed,59,9.363227376262472,passed,34,5.4975179738020685
2359,170.0301278956067,4.05850112244438,passed,79,9.522587253480408,passed,51,6.171109180626488
2360,164.9639704645876,5.86999937772512,passed,105,8.653447785275903,passed,68,5.99597577314388
2361,159.2468413458168,4.071208660314889,passed,28,8.833708117156757,passed,14,5.18964923781613
2362,104.52023920320256,7.326931701928629,passed,148,8.31334962282131,passed,115,5.257623699877567
2363,157.93411815035535,7.98588086624431,passed,186,9.263190520898323,passed,66,5.2101863792668235
2364,167.09896699445957,3.815465237585722,passed,34,8.140847215124225,passed,28,5.775295419404003
2365,155.4853083907751,3.813329662100001,passed,50,8.92764074428969,passed,47,6.36682857820301
2366,130.25848643945633,4.70608455234582,passed,94,8.236146942526501,passed,79,5.948758404891241
2367,136.22426799328133,4.321440712846727,passed,115,9.714595815605321,passed,95,5.6274502584888975
2368,109.38566451855478,6.414608688682027,passed,34,8.052991160602252,passed,22,5.739990785735882
2369,164.57924167736567,4.556461666138093,passed,61,8.575249318633094,passed,37,5.014176910959756
2370,135.7721313640989,6.965755743191786,passed,64,8.361516733921516,passed,37,5.232125092689532
2371,169.80903872389987,5.047721061096506,passed,100,8.178674885590986,passed,84,5.9590164173269455
2372,175.74079008127677,5.525365421247561,passed,69,9.66107800049205,passed,48,6.714316179988611
2373,116.891777189716,6.648949309054415,passed,99,8.362690531173712,passed,15,5.827376340788515
2374,154.5045716952584,4.746646121498676,passed,79,8.682227535583543,passed,43,5.00569918339866
2375,154.10085042529414,10.549457836488697,passed,226,8.524943332048451,passed,225,7.028388432993382
2376,129.82122419492964,8.019217606546206,passed,198,8.40062181036345,passed,194,6.541828324920762
2377,162.14567550348758,5.278763768592024,passed,100,10.044336796857056,passed,70,5.158353331620047
2378,186.88909231755045,3.147858265344404,passed,60,8.497952321705316,passed,46,5.780357690392246
2379,184.33209426553438,5.253871765818555,passed,94,9.868214089774785,passed,48,5.476062637454615
2380,181.06931838363528,6.092394998685275,passed,72,9.04641500020249,passed,67,6.010134732059558
2381,151.27187638826967,5.243458215452719,passed,66,8.607270206144957,passed,61,6.372179198387062
2382,144.0899336988155,5.356305715799878,passed,34,9.175563037589107,passed,23,5.159877209380093
2383,132.8013174346173,5.880539581030227,passed,37,8.275338495061902,passed,36,6.538704140519802
2384,156.29357383817512,7.14360984057422,passed,194,10.394556172170354,passed,122,6.569386002417121
2385,217.25304946354416,4.466382021754875,passed,38,8.105488007558325,passed,36,7.458993209334341
2386,164.2816618613486,7.571409007278882,passed,84,8.262124219225853,passed,70,6.9190533045092595
2387,184.52316575412925,4.185685454653784,passed,51,8.02233087535189,passed,46,5.142688529578199
2388,166.24071631236762,4.434211569363889,passed,50,8.13466139492489,passed,43,5.632655027009026
2389,144.7363587189342,5.649533498794679,passed,119,8.616292359375311,passed,89,6.5348919106363645
2390,119.60614812786928,8.680663515747069,passed,83,8.154041433061732,passed,33,6.59048279341945
2391,126.9764533168333,5.2439381623747545,passed,69,8.386926568753395,passed,67,7.112469210912331
2392,196.98207890922635,4.656429755679868,passed,126,8.041530915467776,passed,53,5.61974681686801
2393,116.31260244157082,7.459202863217061,passed,90,8.524729881546822,passed,52,5.692680598085698
2394,147.47930628617047,4.200093316225833,passed,33,8.91884777301415,passed,14,5.056239364113169
2395,146.75604151872656,6.150368854182666,passed,167,8.551757012239737,passed,164,6.518989942277753
2396,135.47614197718505,3.7611892337185577,passed,117,8.49781060384962,passed,57,5.343946782007403
2397,141.83371422541526,6.610303184913242,passed,154,9.351789535740785,passed,69,5.0008755640636116
2398,167.39098806470437,6.679579663723424,passed,208,8.012832387177315,passed,106,6.537286011120713
2399,148.4788028412688,6.2369015588679,passed,128,9.548906631631503,passed,85,5.3988071514753155
2400,184.25629499131128,3.06043771422543,passed,56,8.786203634936474,passed,44,5.717180080808726
2401,141.62710238402525,5.5432039089952765,passed,141,8.973354791626198,passed,110,5.249979422542861
2402,163.54166806282518,6.30588624739125,passed,61,8.281861480994369,passed,59,5.965733376329152
2403,183.77649819999945,5.034668910216959,passed,61,8.366449862727144,passed,43,5.409242815017601
2404,150.77809600726587,8.16997885603282,passed,100,8.913661194426204,passed,64,5.375907158232729
2405,133.67586644717818,6.686588815665079,passed,167,8.319237711145622,passed,146,5.5181248198988175
2406,123.5835079982889,6.387407953671523,passed,114,8.760919733500971,passed,52,5.57313889690132
2407,155.4980327255749,4.172073803320693,passed,203,9.317753466162348,passed,168,5.201874536309359
2408,135.27173355955665,7.863431900544575,passed,42,8.65540315908191,passed,21,6.274755341075444
2409,171.930979270596,5.833975784694305,passed,121,10.69621030272554,passed,19,5.254632766223555
2410,158.02128419913686,4.67135803936908,passed,102,8.12321331285608,passed,77,5.430837648831477
2411,100.14858721958669,10.337610106380794,passed,424,8.565850039726364,passed,391,5.342190389901735
2412,166.20402036153172,4.083451769533801,passed,25,8.61603437664471,passed,21,5.9653841584174305
2413,138.87278365054158,4.085639982614984,passed,84,8.460969618020897,passed,50,5.409334830104018
2414,172.3315319145616,5.988513986914471,passed,198,8.82457901927931,passed,163,5.432473310111119
2415,135.00827461447466,4.437972479522682,passed,18,11.65741520733128,passed,12,6.224070860353015
2416,164.0128120209055,4.4236071105853325,passed,68,8.004561633627883,passed,14,5.032832139749099
2417,148.8705274530298,6.27048542711225,passed,124,8.23681150716704,passed,115,5.534207097753163
2418,145.02161448273526,4.500572978608505,passed,170,8.227315353448983,passed,70,5.6357166132365855
2419,130.69432432913675,6.941829640764917,passed,74,8.836094645507654,passed,33,5.0121849968280285
2420,137.35069590451698,9.68860546974446,passed,47,8.632846566453845,passed,20,5.787378301653945
2421,186.86891421000934,3.576846709429838,passed,73,8.36410483154948,passed,60,5.5826983941438035
2422,155.76232127167083,5.5815227456779235,passed,141,11.404181000296344,passed,126,5.066264588747615
2423,134.02243068322414,8.521698280860042,passed,43,8.2233569982195,passed,38,5.204178635353851
2424,71.78279141800661,7.693903403296706,passed,162,8.459819241317156,passed,117,5.1082470745974495
2425,112.67731552239373,6.770216137776952,passed,107,8.092443419194705,passed,49,5.864847179585286
2426,151.5163139146767,6.163486987711924,passed,54,8.341299840840865,passed,10,5.411339251314606
2427,184.19305652419973,4.937982665456912,passed,50,8.002169268377646,passed,43,5.959250752471412
2428,183.090813916152,7.9510809803549,passed,112,9.516531539026696,passed,102,5.094843590361475
2429,195.2459532529966,4.387873983118172,passed,62,9.149435706243425,passed,25,5.166888278746229
2430,143.17299722035676,4.570638432575633,passed,40,9.042735967055581,passed,38,7.056552098312174
2431,144.77550373598967,5.10031268255983,passed,28,8.327700309612784,passed,11,5.01167808048979
2432,163.75750224397083,7.408807445092057,passed,80,8.079559997155839,passed,63,5.680817005444183
2433,182.92447411733605,5.405487475849193,passed,100,8.707535668637,passed,77,5.415305858205044
2434,172.9965709709282,3.960155999516711,passed,128,8.50929675472296,passed,70,5.006125978044618
2435,146.86545003766858,4.96719684702567,passed,123,8.79751506124502,passed,106,5.182554548516105
2436,136.85528619128732,9.746801597092258,passed,59,8.316955061574728,passed,21,5.451796017160415
2437,157.5532215313559,3.669752816783959,passed,128,8.000605861355181,passed,114,5.237684690060318
2438,107.56756438465227,5.36313667980146,passed,22,8.264748943888023,passed,20,5.799034605491515
2439,183.6415923295788,3.7599303850445027,passed,24,8.18688164347121,passed,7,5.187726689976091
2440,176.36926557645668,5.0368591239062965,passed,49,9.525378393530893,passed,12,5.021045066099883
2441,142.82106522774453,5.566942525451946,passed,186,9.062026199437746,passed,70,5.0893130372993145
2442,168.85974348060788,4.1985506061958295,passed,34,8.00409105320461,passed,21,5.380899246001047
2443,206.7956879235499,3.6567219274499583,passed,56,9.281866467785061,passed,21,5.502608176395385
2444,165.20176505634376,9.49888670326534,passed,61,9.467947063548587,passed,20,5.002212945477447
2445,141.56565886178055,6.865017734236941,passed,67,8.437107736960424,passed,19,5.255901469597579
2446,173.18399032636188,3.7155388897170663,passed,12,8.1729940095157,passed,4,5.901700018493572
2447,156.48266652436155,4.072359791444686,passed,89,8.33115369176225,passed,44,5.43392484482903
2448,189.3791331488669,10.906514895049975,passed,44,8.168516286297734,passed,14,6.035564089699141
2449,171.34344299247434,6.363974583438822,passed,66,8.63357808299423,passed,61,5.342790554384402
2450,160.38281827043673,3.8758044862853183,passed,51,8.712178393617798,passed,34,5.946755204132215
2451,191.21516847261438,4.921554640062039,passed,169,9.119198152481388,passed,160,5.518965750038474
2452,157.6248763821568,4.790315395423066,passed,79,8.306538593503209,passed,67,5.997782783103567
2453,153.35866971540128,7.90695173582335,passed,87,9.37657350066976,passed,46,5.026344693483531
2454,150.9740319199042,4.083225079035762,passed,69,10.02580974345262,passed,68,5.6478585365033585
2455,145.40331222388468,3.606896824196509,passed,89,9.064525347868479,passed,50,6.505647488827515
2456,180.53462761981547,4.271238639593748,passed,28,8.056734130987486,passed,22,5.063548939629814
2457,144.41013148837868,5.586787497626115,passed,49,8.008673749941252,passed,22,5.073298420550398
2458,171.16070807425606,5.805918624235708,passed,65,8.12336910623388,passed,28,6.325330241083549
2459,177.44774546321992,3.517553891591082,passed,105,8.08520115744955,passed,94,5.126425350737773
2460,151.57236176173407,6.065382418432257,passed,208,8.364253056670812,passed,188,5.007781440022296
2461,122.67052930781813,5.96246321125406,passed,90,8.307425645645239,passed,54,5.3124398883119595
2462,130.69323243959974,5.111973046377301,passed,74,8.075455206137905,passed,65,5.987371564967514
2463,127.36170253638362,10.301437812114271,passed,39,8.016243782803944,passed,22,6.0509742603687355
2464,128.74767917868715,4.254684163872441,passed,30,8.645899790926826,passed,21,7.114623551820176
2465,167.08605925553942,3.9962751575270072,passed,92,8.301854559891897,passed,84,5.478617957723819
2466,147.457411534138,5.537222644521164,passed,85,8.022225049688148,passed,36,5.764035237055953
2467,169.227581278107,4.6418087956630645,passed,89,8.08658044641739,passed,74,6.731063347845656
2468,172.7303180847267,5.734955344966596,passed,89,8.00031007519111,passed,44,5.733504995499783
2469,169.57100751517063,4.764909114148779,passed,65,8.43938979527399,passed,30,5.011210467100358
2470,161.02255804845757,4.932485258178093,passed,107,8.201200311269208,passed,85,5.676723985781673
2471,140.73852283699298,5.411420202130345,passed,47,8.519062111562171,passed,33,5.4528935541789725
2472,135.11439466628826,5.944645946563544,passed,153,8.112795062760302,passed,150,5.036053507307825
2473,163.59782941395423,4.67474067775229,passed,84,8.791535356745372,passed,64,5.014427607062433
2474,131.3951568470752,7.247422776107141,passed,52,8.864807438747313,passed,37,5.007138066031391
2475,193.1952199076275,4.212458275015173,passed,48,10.301222541860566,passed,45,6.6157749844032665
2476,196.7892671018173,3.9774071801056583,passed,79,8.418917959168027,passed,58,5.027516295191137
2477,142.76815255659466,4.287652697339526,passed,26,9.006691037614512,passed,6,5.542298395075118
2478,161.59909720502452,3.7323408521666517,passed,50,8.026449184406491,passed,37,5.327817200449214
2479,192.27513221022372,5.8096701392874195,passed,235,8.107118739299235,passed,89,5.2562223639106564
2480,141.2331747564886,6.161244584212657,passed,173,8.021201577994086,passed,73,5.155848184585876
2481,136.43017810860317,5.4309750633341665,passed,55,9.257917778402103,passed,46,5.196805860227505
2482,153.05418059617176,8.918225345016417,passed,204,9.300635921114807,passed,197,5.688589217429452
2483,187.02204041416698,4.282360238104575,passed,85,8.844001314410033,passed,57,6.054689194870844
2484,140.7950294144073,9.259462176439806,passed,104,8.198789390855099,passed,44,5.001827931048064
2485,139.29835028405003,11.91367684012871,passed,346,9.039115651973262,passed,317,5.524318899061176
2486,119.6361666032328,4.406995102099119,passed,192,8.24039016890099,passed,111,5.852619137669435
2487,207.44226163982108,5.2260336862655175,passed,180,8.449783677040212,passed,120,5.542643914920453
2488,138.02592263438797,4.003581494682846,passed,68,8.020580099733898,passed,56,5.007753881339494
2489,170.37980421640228,5.082978466753447,passed,135,10.347688314160575,passed,39,6.783841374131772
2490,174.00012462838785,3.105716222712992,passed,76,8.940591134079723,passed,44,5.738974174392597
2491,133.05754672552138,5.083945893310716,passed,51,8.063216317276378,passed,43,5.614245829932951
2492,147.82123279866758,3.960577808258381,passed,48,8.531087041933706,passed,43,6.2651595483406375
2493,151.62624757952813,4.09919074881515,passed,102,9.776587969685146,passed,60,5.355813327882153
2494,136.96053733693313,5.205646614354308,passed,80,9.041178718737974,passed,56,5.013942462612708
2495,166.2694930714551,4.9059069997396545,passed,48,8.81577704150811,passed,21,5.210661602000077
2496,168.9037578727754,3.579894131554134,passed,73,9.117403109230015,passed,61,5.000613222753292
2497,208.03287692676577,6.773810780404747,passed,115,8.652712067531464,passed,106,5.1741747369733915
2498,137.16629139384412,3.4325263132108312,passed,147,9.860312270235937,passed,128,5.016574776411642
2499,166.9571153156756,5.68402229464306,passed,98,8.721584939851134,passed,84,5.5135691582751445
2500,128.63683066194733,6.573519329454379,passed,36,8.11903507650229,passed,17,5.156119151840399
2501,123.98615110935296,10.68248905666898,passed,252,8.051533153382229,passed,222,5.3022005977720665
2502,154.62536364282133,5.108304637208493,passed,100,9.083209518584834,passed,57,5.021574720908273
2503,163.3393268016965,5.359089880944542,passed,75,9.022749991688617,passed,75,9.022749991688617
2504,187.18432461627796,4.667125346713579,passed,107,8.502419701655173,passed,94,5.14332124125676
2505,139.9425489816794,5.228910658956048,passed,81,8.009348359676594,passed,22,6.608975781965154
2506,208.08601705182625,3.3041300388624664,passed,89,8.845849464384736,passed,88,6.065194828131482
2507,177.8572889105101,2.6183536882455836,passed,83,8.022052528244284,passed,63,5.3453606864653835
2508,146.8040883290306,6.243928913875313,passed,228,8.853935908130662,passed,146,5.008544948573812
2509,179.86855435853903,3.5583836345790965,passed,65,9.065764515812136,passed,56,5.74061881092871
2510,185.52580879850487,3.627184945251347,passed,116,8.275698643198837,passed,100,5.166489592314205
2511,172.82165918459586,3.9876867038140222,passed,87,8.760493311033034,passed,70,5.776385765761138
2512,111.68905736178228,10.348164303428204,passed,60,8.048857779739693,passed,36,5.421429921570953
2513,168.74794093322737,5.474912029034459,passed,271,8.308354987690404,passed,126,5.0079938103141375
2514,154.07865946660039,4.819603076146695,passed,79,8.062308060884016,passed,64,5.573837979873186
2515,159.7695138198665,6.356989362650994,passed,129,9.477747577266271,passed,89,6.614175397518518
2516,172.69791456261578,4.601181848745413,passed,102,8.909560240271542,passed,44,5.018018877265296
2517,172.90640122565074,4.801039660474699,passed,70,8.47941251029054,passed,64,5.207446406965666
2518,146.9550697642154,7.602950421336609,passed,38,8.490772044512497,passed,26,5.550601145375
2519,124.55922258505194,6.165762933730644,passed,128,8.644913395104382,passed,92,5.085235571720914
2520,141.32112927281852,6.016329643239591,passed,229,8.246344967808895,passed,196,5.416403929970781
2521,141.74803106367304,5.100101648803312,passed,101,10.336311224683147,passed,56,5.663019457710772
2522,177.27805772128553,4.569758296675574,passed,63,8.25272961001884,passed,8,5.2291017800276895
2523,160.82610775135646,4.396442004723904,passed,165,8.280618660480489,passed,59,5.398602371421424
2524,138.89343210030117,5.985577333741718,passed,102,9.547758316722966,passed,77,5.008413972115222
2525,129.10519303621734,4.009981552894677,passed,104,8.887235770271683,passed,98,5.000973777520934
2526,169.01853677933022,3.86523382858747,passed,119,10.593182705201842,passed,69,5.289132165897437
2527,203.45002613180853,3.3259009926202046,passed,46,8.846200860248965,passed,38,5.002828482805977
2528,200.51339583446386,3.227206959797159,passed,104,8.902816661121072,passed,97,5.913366449571877
2529,147.78516174081858,5.7885044889337784,passed,60,10.560302447367075,passed,54,5.3961047458336076
2530,140.36707462855077,5.290310940107823,passed,104,8.247976422700965,passed,93,5.683466775752066
2531,189.76680962290203,3.8799435565241014,passed,97,8.651046065524426,passed,61,5.684898212040124
2532,136.97045355914673,8.810836480076507,passed,46,8.136888210194936,passed,31,5.8686181226888845
2533,126.1330651330057,4.971271448813501,passed,89,8.670235251050906,passed,87,5.021082306280467
2534,156.51909192799275,4.915978212305253,passed,94,8.227020177229228,passed,91,5.082347651845032
2535,126.9025262839778,3.503073790893573,passed,66,8.35436281175741,passed,19,6.462669535713594
2536,174.65445328387966,4.3879277261174785,passed,30,8.696359755279692,passed,20,5.836538942256109
2537,144.13423737022094,5.331978675899681,passed,73,8.832109091517083,passed,17,5.0166701325834895
2538,169.16255777967893,5.228334910561804,passed,167,8.188284713109972,passed,141,5.206071526952227
2539,143.49799978175562,7.999270095519807,passed,66,9.047286647792486,passed,64,6.61257726201987
2540,182.85934297759266,4.642586066922321,passed,56,9.495811010620049,passed,34,5.285700293795559
2541,170.84963843791337,6.261768815603064,passed,46,9.765124926908797,passed,44,6.465992743870497
2542,150.6424936115529,5.315350579097034,passed,186,8.76910627025751,passed,56,5.002397295903882
2543,142.83757845027284,8.0401837208042,passed,61,8.189636764650544,passed,36,6.1086320747111955
2544,177.82476143919786,4.332199705684256,passed,50,9.07500268913719,passed,44,5.010727541716142
2545,149.85872626394107,5.134247854098895,passed,94,8.321636009405342,passed,39,6.66427869896038
2546,142.94032631339024,7.949411831144815,passed,59,8.35159939506871,passed,43,5.016140129232616
2547,132.7629506136771,6.282877341857285,passed,50,8.242363172721268,passed,43,5.699742414511744
2548,169.66918138407192,4.282812021138945,passed,69,8.548424042254377,passed,30,5.380953500818664
2549,196.38139616995525,4.822926235339598,passed,67,11.139928632952877,passed,48,5.8751221662640685
2550,180.11660553330287,6.2675355435414195,passed,57,8.212374444672976,passed,6,5.521514339616962
2551,108.50047182276867,7.26493439758175,passed,240,8.0824230057011,passed,104,5.638355176522358
2552,148.9218952430734,7.072991264718942,passed,75,8.29093545895676,passed,40,5.0143299890965665
2553,196.43370455684658,4.05780231898197,passed,72,8.022978029660809,passed,46,6.1727091912762155
2554,157.8129448891297,3.197311213323394,passed,30,8.643164616974964,passed,26,5.495942157757572
2555,170.43682590368581,4.219701497116893,passed,108,9.279968461415766,passed,107,5.955625603942383
2556,141.8998213328725,8.754794709528003,passed,92,8.103440743936074,passed,57,5.76112631745842
2557,130.91419117224157,4.544132255557122,passed,124,8.004506636102061,passed,36,5.31772742011094
2558,200.2730772872572,4.025551358730049,passed,51,8.255719331949486,passed,18,5.469552621917262
2559,202.76069128583987,3.6415885024221537,passed,66,8.070120408968195,passed,27,6.310430984318072
2560,141.0169616894776,5.000733823649159,passed,18,8.131890203015324,passed,13,6.290511374070928
2561,159.56553356644335,4.171859731771325,passed,27,8.081038368074523,passed,27,8.081038368074523
2562,167.4152200855691,6.041926362255907,passed,64,8.514855967432378,passed,54,6.355399920112603
2563,150.0303306145517,4.8134242367794915,passed,103,8.75512226729298,passed,70,6.533613721231624
2564,207.65045877977514,6.121250619436925,passed,90,8.015429627465775,passed,84,5.0130238192442
2565,136.41368214513975,7.108667604200666,passed,146,9.901815585805718,passed,101,5.0773998816056265
2566,153.63849860171678,3.6343031048213286,passed,107,8.54194844012428,passed,89,6.137724997571281
2567,159.10024759423393,3.518083051428035,passed,94,8.033480648603607,passed,65,6.0544121826452635
2568,134.40526820762148,6.150126856958918,passed,69,8.613631167949887,passed,69,6.543767528365674
2569,176.19741008425223,6.938167790794727,passed,70,8.406170564614634,passed,67,5.4211084067026905
2570,173.877103381162,8.80815771307375,passed,129,9.87653389280907,passed,115,5.334874781771548
2571,104.14310674680034,4.512808346781736,passed,228,8.851807104861663,passed,191,6.3427985254508545
2572,133.33905967289903,9.91022431383093,passed,51,8.430198933725542,passed,27,6.52350079458095
2573,153.4696556140625,6.471963506080337,passed,48,8.000616212673496,passed,23,5.167562324787145
2574,162.6237639831595,4.487655499165425,passed,139,8.005226824692024,passed,112,5.0495093661504065
2575,190.90950903138398,3.85245013776054,passed,70,10.543802867188813,passed,60,6.125807156858332
2576,171.918426805146,6.688844643731653,passed,53,8.3534324690403,passed,40,5.979065096872405
2577,191.13181593437568,4.104803140779384,passed,88,8.38252842066427,passed,64,5.2083098178058895
2578,122.00774478414051,8.222245942067552,passed,203,8.008945602806715,passed,8,6.177156274340079
2579,105.8435878848604,5.766213725564602,passed,150,9.372912605428985,passed,107,5.417022664841942
2580,109.49971395469258,8.392294148067586,passed,70,8.063025910606347,passed,62,5.672961259113318
2581,162.56788072524327,6.0187059848677125,passed,64,8.013154411376423,passed,51,5.2647056691827565
2582,167.092648869608,5.420214679297352,passed,144,8.551178739926568,passed,124,6.227233206433569
2583,146.8848169106114,5.912660061436789,passed,107,9.190245435623968,passed,50,5.353474272325065
2584,103.87359330534136,6.956689762477858,passed,90,8.572487976420273,passed,72,5.071919224244392
2585,154.51948315648903,4.432910387789759,passed,113,8.615874428659387,passed,46,5.705710689363008
2586,110.00311495580681,7.430146786614077,passed,203,9.088534134852445,passed,115,5.107928258519667
2587,162.30384805342922,3.8018635994155816,passed,143,8.367120875121014,passed,36,5.237330286952702
2588,167.21118273576332,5.737840490493047,passed,61,8.21439653235383,passed,56,7.270948033167368
2589,120.61986045282502,4.663812770566535,passed,43,8.132363734804882,passed,22,5.116682593005684
2590,178.19962483174282,4.2395773156287575,passed,94,8.641541767693116,passed,50,5.00527538661053
2591,163.17083174368707,4.2985511860930945,passed,137,8.015448514590995,passed,103,5.382003158552906
2592,170.30623504152555,5.041856117077346,passed,229,10.116313328132144,passed,222,5.371610917331626
2593,174.70471361801668,2.5912699945902897,passed,127,9.32721792971356,passed,98,5.210586107028603
2594,107.72786080353885,7.539802995574349,passed,43,8.01368576064936,passed,28,5.0142154629375435
2595,215.05794709609768,3.0155094430268146,passed,54,9.22094341284463,passed,14,5.212230708215193
2596,160.56025173283453,4.439805085410907,passed,63,8.485827899552746,passed,32,5.40839763829557
2597,139.14805951909455,7.508276938118054,passed,98,8.008562081850478,passed,46,7.024196504443347
2598,139.96300078016785,4.355026551492184,passed,64,9.566580965010662,passed,35,5.839014724708491
2599,165.33612634015725,6.275834066446929,passed,56,8.28415374947793,passed,29,5.4406271944265505
2600,150.65723082653975,4.284994803502236,passed,64,8.006348561192,passed,20,5.014377466737696
2601,130.78852995635964,6.8503366550090945,passed,164,8.132642862377226,passed,136,6.281842605683696
2602,162.012682170857,3.321626205322469,passed,36,8.217323754634819,passed,22,6.209198139817929
2603,130.4728551521476,5.282591645816231,passed,202,8.003367130225026,passed,72,5.039554123257273
2604,142.97859284781126,4.165832946663685,passed,92,8.373756728534133,passed,74,6.125553209879908
2605,142.12179298125523,4.0440939329779875,passed,75,8.001194692276137,passed,60,5.113472340016267
2606,153.6232000144016,6.0207595455668725,passed,105,9.325911386246123,passed,82,5.288693642987363
2607,169.43187822905972,4.510484389798398,passed,145,8.338398210438491,passed,114,5.323694275395496
2608,154.3638750981,4.4061447031605425,passed,56,9.029500153089476,passed,14,5.333215918842349
2609,176.56356189354088,4.429675581480787,passed,37,8.956614280691966,passed,34,5.75113749575169
2610,124.64229978809946,4.3843815933599934,passed,43,9.193134745260668,passed,10,5.198335862382986
2611,171.51307981551653,5.1240802678761455,passed,79,8.123882442291407,passed,78,6.031644488017651
2612,157.08711441616254,4.4618764807419975,passed,43,8.968646833091242,passed,34,5.213636074763017
2613,150.83678418527992,5.689201109716923,passed,126,8.000404748753255,passed,52,5.056733806607205
2614,141.04611342104388,5.204543270576697,passed,67,8.651325201720272,passed,43,5.627688360258065
2615,97.15645283759872,8.99605369216173,passed,217,8.190239602098458,passed,50,5.006318856005687
2616,159.80172539614372,4.8574927515247435,passed,45,9.210210026935005,passed,39,5.449332245477545
2617,174.62639883556963,3.4328578375791583,passed,64,8.218714592293175,passed,20,5.810885714657732
2618,134.00507019754357,5.117273829129434,passed,260,8.162068563440883,passed,101,5.003483222606664
2619,134.45815928344135,3.7162978015803843,passed,46,8.23579212870078,passed,14,5.740431542055946
2620,161.17332780135607,7.090776287678535,passed,45,8.37581049391396,passed,34,5.520208675348703
2621,187.9350582555334,4.9865400438302725,passed,106,8.0158641718175,passed,54,5.317017836301896
2622,155.53608077554154,5.777438949064184,passed,34,8.161648824947342,passed,27,6.214293650666836
2623,163.39568658730252,7.696363043258223,passed,150,8.34861346260951,passed,111,5.090258725036145
2624,139.25557627783664,11.949033902166466,passed,97,8.017541411209251,passed,71,5.72082348509062
2625,129.089051066705,5.651310437223612,passed,36,9.365497877040063,passed,15,5.092647025494723
2626,131.84850816086927,5.410433352062336,passed,84,8.278840944857912,passed,55,5.6878947664875
2627,195.63443920164065,3.529111909152405,passed,56,8.204863956222951,passed,50,5.291312391571235
2628,128.4641494258379,5.269848722934059,passed,41,8.572978996439895,passed,33,5.5373640094820376
2629,170.92741625829078,5.321039842731338,passed,106,9.490048655434634,passed,81,5.003983621834385
2630,161.4890878961906,6.898412556949948,passed,92,8.921609919432537,passed,81,5.486659017077433
2631,138.87058867788454,4.2146634191659285,passed,164,8.639565210959965,passed,102,5.508399354779803
2632,178.28833378676757,5.431362804095283,passed,37,8.019457397772323,passed,22,5.024081059561314
2633,148.55735506957103,4.851909231845743,passed,100,8.031269489589787,passed,59,5.164809580137475
2634,182.38497744247138,2.5700315155890303,passed,33,12.558184782278836,passed,22,5.295974447206708
2635,161.555891596949,9.311790633100903,passed,142,8.305162062199688,passed,94,5.481939288630544
2636,156.30790187613917,5.412820674246002,passed,103,9.841964873065635,passed,79,5.249070092578534
2637,162.19009490488685,5.952614670770237,passed,51,10.200565533817873,passed,34,6.046800770678229
2638,183.2129974506903,4.992124237993941,passed,154,12.244409156309688,passed,128,5.356917268022676
2639,195.320624698995,5.798281513357507,passed,163,8.28264388197313,passed,128,5.369429521241553
2640,186.51716783945872,3.833313185696689,passed,35,8.8703594673188,passed,28,5.415338190275953
2641,138.40949815275735,5.031869247619192,passed,123,9.263929242562718,passed,104,5.7509441388156946
2642,199.63068021943116,8.375161748894746,passed,148,9.067376500803249,passed,138,5.563087847799175
2643,178.14485930940148,3.2436670219893604,passed,43,8.068054443735484,passed,31,5.066798238479131
2644,192.9751837729718,4.646598846638849,passed,13,8.018305235517186,passed,3,5.083954004214664
2645,128.4318939444805,4.542379457040447,passed,98,9.13999798655234,passed,59,5.683351844282347
2646,211.14718730094583,4.215241315389838,passed,173,9.433028779273656,passed,99,5.022206145954988
2647,193.68315007763522,3.4529454167458873,passed,75,8.787787721633267,passed,29,5.594514467703493
2648,156.85130766219712,4.53464835132626,passed,45,8.081488519420411,passed,13,5.083055413311932
2649,162.06588396779225,7.456049397506758,passed,160,8.170343458188434,passed,148,5.205544888652902
2650,178.56510050560962,7.6679670754705835,passed,300,8.00108921104139,passed,28,5.052877117271537
2651,149.55025455681817,7.665507834890089,passed,137,8.64496716710217,passed,9,5.180842873300162
2652,161.17462792722682,4.892322632694817,passed,25,8.103835435225948,passed,21,6.708770033179778
2653,126.14035877421395,7.228527116340389,passed,76,8.279353739860706,passed,70,5.4907917256864724
2654,134.61190496639753,3.7404139137275485,passed,137,11.689896249088672,passed,128,5.512249542933811
2655,127.56423578282164,5.729529100054491,passed,14,8.451134818131667,passed,5,5.0095121755223015
2656,164.9083462231673,4.839502047933649,passed,104,8.02592090101899,passed,59,5.019358874743851
2657,189.5006877116876,5.983951833062966,passed,106,8.706761562810716,passed,102,5.130652738001262
2658,114.27269173832326,6.55170245408104,passed,94,8.181868053921782,passed,68,5.157042342321394
2659,151.86782214014167,8.25737177965724,passed,340,9.831236650694164,passed,170,5.566805624873039
2660,164.27412098032335,11.588493511351942,passed,317,8.067369033888138,passed,295,5.6936666044042905
2661,124.90958216607578,5.501402566765442,passed,96,8.300897213998915,passed,89,5.397274945423369
2662,158.07572655428396,5.078435138784027,passed,38,8.152591240735841,passed,19,5.070611390860047
2663,131.8286227300518,9.206983690624936,passed,347,8.713060149424168,passed,303,5.056000823994866
2664,153.85288845632115,10.608512877890016,passed,59,8.803309514920233,passed,46,5.42091541643277
2665,164.2019659626397,5.267703192265887,passed,99,8.783810046037965,passed,27,6.155444599144055
2666,170.2957091062374,4.857090650784279,passed,55,9.049340991653487,passed,29,5.1693267890901895
2667,161.00838270165934,3.3802393779306197,passed,97,8.796677378348615,passed,94,6.039133893591053
2668,192.441550092303,3.6704842909969004,passed,34,8.921866923470322,passed,31,6.159415127716494
2669,191.4211674795434,3.749538770054275,passed,72,8.57148923112736,passed,67,5.5238295556381045
2670,151.64333019524022,4.334863741280085,passed,102,9.61405020529802,passed,70,6.0067327981447205
2671,142.0258169241448,9.172367193795301,passed,386,8.268497800655815,passed,309,5.923850476355974
2672,186.18068976897698,5.810767437022838,passed,74,8.142768741214535,passed,55,5.888726216659568
2673,175.0098495243394,3.500697022148226,passed,54,8.555518416510765,passed,21,5.241080911525753
2674,94.55652910148946,9.97803793648091,passed,307,8.754282053264273,passed,307,7.358936432617402
2675,145.8653824584208,4.303219047265317,passed,119,8.438887038173748,passed,56,5.010100329895528
2676,149.5544624372117,4.231961400025907,passed,59,8.301368746964389,passed,51,6.458362591107103
2677,132.5971222776526,12.104631706238097,passed,66,8.804306568627318,passed,49,5.6571040426204755
2678,193.43451677257244,3.739458600812612,passed,41,8.547194921256263,passed,36,6.100772860256387
2679,175.99807939570303,4.368929326467277,passed,153,10.698760809947515,passed,102,5.142111649366821
2680,123.32136491795542,7.894001735499977,passed,121,8.406259013177152,passed,100,5.767229070333646
2681,123.94349004640563,7.231455261052531,passed,61,8.302887272646009,passed,59,6.1135749324065625
2682,152.34004501679433,5.065766511961464,passed,47,8.245271871215465,passed,44,5.021557626968254
2683,134.3576212631676,3.859689052113612,passed,89,9.18663637282815,passed,53,5.958043356660436
2684,186.1073745549778,4.669252025640584,passed,70,9.19455868230321,passed,44,5.22157247335131
2685,169.72193141402064,3.3762480259217758,passed,43,8.003132168893256,passed,24,5.607798975442702
2686,103.60888443378346,5.729343794459122,passed,173,8.445848451465698,passed,168,6.437991013004107
2687,158.29612053575684,4.058257734373716,passed,213,9.049002371120874,passed,106,5.814755914081293
2688,155.82794238880453,4.520315125115443,passed,40,8.444969795879743,passed,16,5.011820462398631
2689,160.90756625736682,4.091142289306647,passed,37,9.095492488442858,passed,33,5.843838246855437
2690,117.50353834719847,4.207219544132225,passed,208,8.146020650800413,passed,125,5.98985451290297
2691,139.47134464908922,6.597450852084805,passed,178,8.742636894444654,passed,175,6.879734618233213
2692,121.06243823932937,5.152360642387907,passed,45,9.184592911486122,passed,39,5.08477986120075
2693,141.87261405685615,5.847252279965375,passed,98,8.595559698494458,passed,69,5.114879171401054
2694,122.17971790297604,5.442310663754698,passed,14,8.467116775361895,passed,10,5.787645088566329
2695,159.7630768062551,5.293364889460739,passed,47,8.620707004701078,passed,29,5.423399127165562
2696,183.02376299125407,4.43115507633785,passed,57,8.831240788142303,passed,43,5.216298373011585
2697,153.81054429047146,6.048885920820514,passed,71,9.295518929804603,passed,65,6.058063811517322
2698,146.789322954311,7.557653932430686,passed,436,8.45074786495621,passed,427,6.360869653971002
2699,141.84490984761732,4.230472097627855,passed,64,8.145117296930993,passed,28,6.277579419034218
2700,162.32256387650978,5.092243778176096,passed,138,9.068961178996382,passed,120,6.084594527707643
2701,132.87243543885947,4.561090466322664,passed,60,8.00895008706053,passed,53,5.0266561314765035
2702,116.85572567010527,5.522282099549861,passed,122,9.218557255010595,passed,81,5.393608989410481
2703,168.0195926914981,5.260928666687032,passed,131,8.210712602549552,passed,94,5.057081784509654
2704,157.85687033662646,4.264840750284113,passed,95,8.957278377954857,passed,67,6.400507313700965
2705,169.8445773695356,3.6047893760469787,passed,56,8.014100149278903,passed,28,5.434966982001543
2706,146.80348048383115,4.656456941208229,passed,71,8.39299120223551,passed,37,5.120437987422655
2707,125.23502069284712,6.439069598536495,passed,69,8.711362715306613,passed,24,5.636102804170506
2708,119.84322787979326,5.704671188269947,passed,67,8.921207603312409,passed,13,5.352509984243126
2709,105.223843061902,6.476301877151296,passed,174,8.355841191724366,passed,167,6.249606347926351
2710,114.37625096993442,8.472263195399766,passed,61,8.160285229560472,passed,35,5.0517802669461265
2711,147.50944884631883,9.0473121520682,passed,152,8.225432692665823,passed,126,5.892984908117627
2712,133.7608295314217,7.628645214164198,passed,170,8.232048069678877,passed,164,6.199674087890661
2713,162.66118025752058,4.443000034434269,passed,147,10.085504050014581,passed,50,5.513490927054754
2714,194.35025756425986,4.688755316173479,passed,63,8.016978780355988,passed,43,5.726261493964713
2715,158.35867063018463,5.023725712876405,passed,34,11.028809393779904,passed,14,5.206851868923268
2716,102.46624224666606,5.491616481828169,passed,186,8.017910562442431,passed,161,5.139615919139806
2717,168.29237037725596,6.661350974736181,passed,64,8.702750836291973,passed,50,6.3047826004428265
2718,157.3914047561899,6.669666506459827,passed,120,9.042584270495379,passed,106,5.021672100324981
2719,199.95785992854343,2.989526396270229,passed,40,8.586907088220697,passed,23,5.426582591243978
2720,150.05446780114036,6.447433029278497,passed,115,8.48761020115234,passed,64,5.654557425381457
2721,122.69356403070692,5.50169973014571,passed,141,9.798232526579387,passed,117,5.008636161086111
2722,164.2569590743249,5.084748246463124,passed,44,8.893648226819039,passed,27,5.149886244275614
2723,185.7337908044408,5.546597841398896,passed,107,8.02181470809311,passed,93,6.372368437715803
2724,138.72567146066052,7.88310129916287,passed,58,8.004285246486553,passed,15,5.01407330389394
2725,143.04264550762954,4.807342998466428,passed,167,8.10841613954738,passed,128,6.432014899532157
2726,146.10936650143117,7.468506332415828,passed,107,10.212710233822996,passed,86,5.524986047197911
2727,133.21706248940143,7.110917046472408,passed,89,8.003381416927247,passed,25,5.015812375338369
2728,150.96164811455108,4.559373953475233,passed,70,8.85322615455799,passed,39,5.119683799686148
2729,166.6296205107304,5.417483508100378,passed,79,8.10349470037064,passed,63,6.878450470769137
2730,206.3983393846236,2.528613083212684,passed,54,8.461199810157872,passed,43,5.669817733243154
2731,137.99999574145653,4.928133270535798,passed,29,9.353994527859943,passed,27,7.223417143708333
2732,176.04927846452418,6.051940907850111,passed,59,8.562157686657311,passed,57,5.085795286106198
2733,196.04337584247338,5.188034385705947,passed,89,8.121465709144516,passed,58,5.002073375008309
2734,142.10749023774102,5.95472818709987,passed,107,8.042223744715638,passed,80,5.512484023945841
2735,159.1275674262108,4.543760312872214,passed,60,8.731355743189727,passed,55,5.3608213211612465
2736,157.82611890983716,5.106798859838344,passed,110,8.388226209134642,passed,107,5.381761796741347
2737,131.13781819890386,9.253309969916367,passed,79,8.015339226125207,passed,50,5.204374567941006
2738,160.34352430673445,6.513867846681388,passed,119,8.720038066474123,passed,94,5.471962061103919
2739,172.13870939041854,3.824652330273272,passed,66,8.171553548928845,passed,15,5.552355692811828
2740,162.18959416486916,4.397077563169432,passed,79,8.183437156504603,passed,66,5.679377474893532
2741,104.59258796898308,8.01123453730386,passed,148,8.62186175677131,passed,61,5.327733515900457
2742,100.33995028883282,5.513108386512636,passed,141,9.372893306345409,passed,121,5.055691516699756
2743,163.33359047119296,5.1748737070038,passed,127,8.010860731461623,passed,115,6.096153354469225
2744,181.56166115011305,5.390749469641663,passed,209,8.432042376024373,passed,205,5.54122187091004
2745,215.86457000033957,3.9691537813848403,passed,103,8.732193587987624,passed,28,5.541887219563768
2746,162.02141822146606,6.158220223656321,passed,34,8.079027662771221,passed,29,7.690789413941812
2747,153.22286973181298,3.1671610799854975,passed,56,8.105318396523376,passed,24,5.959827529425943
2748,177.10003230900924,9.363625301625737,passed,44,8.622083313686414,passed,32,5.396935998874386
2749,184.66273011543043,2.684733065628315,passed,75,8.360592572574488,passed,56,5.671238462485606
2750,169.35350117059866,5.561858261474686,passed,150,9.572996787620426,passed,132,5.430833520963851
2751,165.22784474746558,6.012385619963785,passed,104,8.703102578595722,passed,102,7.86379401839401
2752,207.60432360583053,3.9638697685428346,passed,85,8.222713964713812,passed,71,5.687819523315829
2753,209.59650511015985,3.9298005202357764,passed,128,9.81741641289593,passed,98,5.002001670497358
2754,182.3670553901927,3.218597834345762,passed,100,8.036033293600141,passed,59,5.243676933674668
2755,111.79389100980974,9.895340570831685,passed,345,8.012763405088608,passed,317,5.724555450806212
2756,124.14697172925725,4.325664933448741,passed,161,8.1400693155262,passed,102,5.073022704552277
2757,144.18955366652077,7.446100572633762,passed,84,8.128865179094902,passed,65,5.044991439464419
2758,190.48956471648668,3.489271713749121,passed,81,8.107241181706959,passed,63,5.841528812313701
2759,160.4315557561065,6.344322645296622,passed,147,9.325617037444456,passed,147,9.325617037444456
2760,178.61968177840703,3.51842530640374,passed,141,8.498699965832879,passed,107,5.16421555440556
2761,135.13725266811173,11.488809864080768,breach_static,73,-11.32310990702341,breach_static,73,-11.32310990702341
2762,137.40548671747152,8.365339445474056,passed,175,8.160291936068997,passed,153,5.008203886355966
2763,110.14003080655495,8.148109945192147,passed,107,9.233402675968527,passed,102,5.267250402231438
2764,160.24565126061194,5.436785701736998,passed,100,8.240160431343856,passed,53,5.824984493262519
2765,150.92829589899384,4.3017108839257325,passed,96,8.15882439744733,passed,66,6.516254637111341
2766,161.36543269264877,4.349686664550352,passed,77,8.300144870141146,passed,60,5.290002178329556
2767,139.52602173406987,5.1408811583264695,passed,219,8.125714392308492,passed,51,5.446312558063382
2768,174.03615049700454,7.110597818269193,passed,95,8.022295976688154,passed,94,5.068885562357406
2769,171.1363441470838,3.454168038085676,passed,102,8.007048982124632,passed,94,6.276766129196232
2770,118.6131112819611,4.626976496749304,passed,165,9.021246087857083,passed,97,5.364104041559825
2771,162.9034827093632,4.7877834065787415,passed,50,8.122524748965887,passed,46,5.0009120293007525
2772,119.35830160377049,6.732603807837233,passed,70,8.583656903409587,passed,64,6.0172940694924515
2773,166.22621252840025,3.814629150361152,passed,44,9.194374337182154,passed,34,6.480029504790297
2774,188.01153177023266,4.101024947660195,passed,63,9.23468244774508,passed,63,9.23468244774508
2775,130.76078196064037,6.640360185419129,passed,167,8.24142001346646,passed,160,6.616296627540641
2776,190.31777388774574,5.955314517275793,passed,64,8.307627715102427,passed,54,6.403612596721198
2777,179.734107713215,3.4614572639350785,passed,24,8.386711060998753,passed,11,5.141314135492614
2778,160.08534036114224,4.100585445170022,passed,83,8.643950667750055,passed,70,6.299110428386623
2779,178.93760954289579,4.375435685549413,passed,49,8.21164391756386,passed,37,5.931067758829944
2780,144.87085563095343,4.636372588048023,passed,65,9.247001070902016,passed,21,5.022181429204919
2781,137.6665143783975,6.188525341976059,passed,129,8.022668742473016,passed,107,5.200609124246958
2782,173.5267904254394,5.2904475025917,passed,102,8.719476904491486,passed,92,5.890635140661771
2783,139.77225791842608,7.385777555018919,passed,212,8.296420729218546,passed,97,5.415400024382744
2784,126.2111257655683,4.1714214961417415,passed,48,8.16648057280398,passed,34,5.886862987701402
2785,141.5186636861667,6.350952833322684,passed,123,8.152569086723439,passed,107,5.117812891823514
2786,139.6966993935511,4.784844724833968,passed,41,8.204648336814468,passed,22,5.691100546715355
2787,193.41982024089833,3.5295617240462542,passed,78,8.471287989577924,passed,71,5.2633544216321715
2788,178.6022512961355,8.24359772434503,passed,95,8.221313550785991,passed,60,5.484848712374224
2789,158.3749904121508,7.595664290871109,passed,117,10.251159983828217,passed,110,6.168253811376645
2790,123.26934507587053,4.728629139077365,passed,89,8.015393292536821,passed,74,6.127743046259582
2791,181.51646382569928,5.048475966600041,passed,58,8.004198974116928,passed,35,6.623524403895065
2792,166.56509833917883,5.810685432932366,passed,15,8.42538123679235,passed,13,6.120919643927336
2793,150.2535138403221,7.985525716201243,passed,65,8.006535479970367,passed,24,5.054256422896275
2794,148.25771564357274,5.920010552255388,passed,45,8.37359509193092,passed,23,5.019492233139844
2795,168.9096708396328,7.508570392697471,passed,173,8.638329713556603,passed,80,5.2006231853100715
2796,188.31496966436183,4.792133893571123,passed,62,8.719390548194239,passed,61,7.4552682275720095
2797,170.509766121494,5.273765726764816,passed,104,8.607352759265407,passed,100,5.349091302277564
2798,160.44099626458154,5.559809946537563,passed,34,8.865409763512533,passed,20,5.179517301661063
2799,175.92228599966003,6.616636535055777,passed,44,8.076807500333416,passed,33,5.4378339087840954
2800,154.62504677930448,4.049405463592627,passed,74,8.3713010401951,passed,58,5.156810331697059
2801,153.73785057251922,9.205531365448286,passed,50,8.055650486056432,passed,32,5.38189032266303
2802,197.59707204393825,4.321554449479605,passed,45,8.000292036667322,passed,34,5.011407662769463
2803,143.54215464500388,9.366230901571836,passed,128,8.222363333729543,passed,92,5.243415157238385
2804,137.58491466279338,5.183056712529139,passed,102,9.515797744276956,passed,37,5.040602406800199
2805,173.2948061018379,2.5371756417772486,passed,78,8.194426133268617,passed,64,5.568217895385397
2806,134.5367088703123,8.031790165938828,passed,51,9.046601745934414,passed,36,5.216448254267547
2807,161.3883253878734,10.061819086747455,passed,56,8.985984157473204,passed,43,5.11092026256923
2808,124.82404225132156,5.812805083972642,passed,247,8.039356405773868,passed,104,5.006607360163007
2809,162.26074210061978,4.886874724313569,passed,55,8.898740698283492,passed,37,6.493950099437584
2810,132.35579641152094,7.4636087601898,passed,167,8.637194880247346,passed,9,6.343177885414253
2811,160.28658792258494,4.584111871874223,passed,146,8.279716992874775,passed,141,5.023281991151518
2812,164.65733121976237,4.365962254234147,passed,109,8.33842616581897,passed,37,5.009468282731633
2813,188.40860216142596,3.9136396620595524,passed,67,8.300016977471824,passed,14,5.092828247411685
2814,161.92362419325525,5.5891235370888195,passed,106,8.83548697672989,passed,67,5.171957441112296
2815,187.7704158456401,4.434928884013189,passed,60,8.306706463254843,passed,40,5.787355956344298
2816,137.74228962221292,5.007576956618003,passed,116,8.28834814931938,passed,42,5.209415283019414
2817,129.09574596628838,8.164168739763182,passed,80,8.563700584519518,passed,60,5.001338430242419
2818,145.00647639902397,5.01656273463817,passed,43,8.059992273776473,passed,30,5.531135094718476
2819,116.30495227842897,3.0856655831363238,passed,87,8.589715661017028,passed,72,5.003034630871728
2820,179.6786794892654,6.265575169676889,passed,28,8.055401359952796,passed,25,6.433491088490917
2821,175.45529651566426,2.9036213343062767,passed,23,8.748682709723843,passed,22,7.642140032586542
2822,145.8537637223108,5.847286332010907,passed,107,8.26123648093111,passed,89,5.148109944584034
2823,140.56172910077444,4.080378407865019,passed,43,8.071070636426114,passed,30,5.019284092989662
2824,167.28717956844332,3.74443151851135,passed,192,8.429924879039286,passed,164,5.057719829258911
2825,179.0344428742306,3.9776287441803815,passed,115,8.183663054549273,passed,94,5.017035768647848
2826,155.301083401454,6.872583204333919,passed,81,8.03718168757992,passed,64,6.412685744294722
2827,146.9625391871091,3.371448522347604,passed,84,8.156730876848673,passed,74,6.434901521208536
2828,201.55069940971995,5.329311514525886,passed,107,8.360895358239828,passed,89,5.6269370057072
2829,129.42918238162616,4.35485351232084,passed,97,10.371094650460666,passed,61,5.569962777774706
2830,148.41079685737597,3.5852315854764116,passed,50,8.361086035271947,passed,25,5.4380178921059175
2831,151.66709992606454,4.286424653629254,passed,97,8.468537671807951,passed,31,5.514757918187874
2832,146.0555895634621,5.012651110822642,passed,50,8.346672180500203,passed,29,6.682204464616781
2833,175.10004628925148,5.66546523058584,passed,54,8.17521428127872,passed,33,5.0033703497194715
2834,182.18813923233577,5.70230271515539,passed,89,8.031698570533807,passed,88,6.29452414867584
2835,184.91960237966597,4.679927220759663,passed,88,8.625018879962255,passed,59,5.785657837163893
2836,149.9036397343571,4.095934749443164,passed,94,8.838840591873542,passed,73,5.016219273538791
2837,161.29199693197518,4.517517007809849,passed,84,8.570415793818519,passed,65,5.291491849993979
2838,131.66627419121514,7.053448301446509,passed,63,9.101770445544389,passed,46,6.0925446199303845
2839,159.14528788747987,8.429237606078443,passed,50,8.250253374988258,passed,37,7.264106201462717
2840,118.64000479278265,5.248780006531375,passed,29,8.142831142324237,passed,29,8.142831142324237
2841,187.5169183949981,2.919176996284545,passed,70,8.23495769942786,passed,45,5.71808011957029
2842,170.4054913184086,11.437917393182019,passed,94,8.284828902233453,passed,79,5.292770980344219
2843,168.87771217842715,4.4972011591241206,passed,60,8.020920594729898,passed,44,6.783617234698314
2844,149.21527211311934,5.662118451135961,passed,145,8.737600586418882,passed,122,5.051289845302764
2845,142.11338853928282,5.82122252347492,passed,48,9.105884982557445,passed,40,5.598279274831097
2846,168.02086986622422,5.43676018044951,passed,146,8.003090616954967,passed,133,5.301421714821619
2847,153.11719451652644,4.162269719973659,passed,64,8.112243336967362,passed,63,6.742500679351293
2848,185.60038485362202,3.3641278653718505,passed,137,8.331829734655138,passed,124,6.626262269022765
2849,159.41667398527593,4.257130568091179,passed,35,8.684673235822537,passed,34,5.366033556652505
2850,141.64801880501236,3.7079760506730333,passed,94,8.84331410573247,passed,30,6.3414629926843435
2851,195.2372954041929,3.662971678068585,passed,47,8.577612547596347,passed,17,5.025427101041213
2852,137.99013598225793,7.176106972635423,passed,88,8.06407577749393,passed,70,5.379259712956319
2853,152.7878096346119,5.202616635559341,passed,69,8.026415729170754,passed,51,5.00951060618795
2854,185.43564560958745,7.581871453005379,passed,28,8.60425451729563,passed,24,6.722091194679747
2855,146.76719684402562,3.808058678583299,passed,106,8.69749344125128,passed,29,5.425783065612655
2856,146.89794902502794,4.8658526666102855,passed,64,9.39271497649683,passed,40,6.283774068825121
2857,106.53016545333362,9.205657943692703,passed,124,8.201671719117453,passed,89,5.7219035004671515
2858,115.42835008120771,6.614931165956854,passed,50,9.133348921266894,passed,13,5.276999076408195
2859,144.50952113340207,3.036035244194072,passed,61,8.8091337380229,passed,50,5.18467924587358
2860,206.88284832839935,7.344640941288552,passed,74,8.630543120789236,passed,48,5.014751096693315
2861,136.87637915752777,5.216119740286433,passed,242,9.703973596499104,passed,93,5.42971745914711
2862,146.14874293494773,6.716719777233056,passed,67,8.022636955967188,passed,40,5.392532327540089
2863,118.57845528837396,6.966339713290531,passed,33,11.439247669943441,passed,13,5.79221160282708
2864,148.22624493582217,4.989457976477927,passed,57,9.095970936981402,passed,40,6.538633538099159
2865,116.21488605454586,4.773035596649906,passed,103,9.800178375343393,passed,85,5.295597656594153
2866,150.86599334742266,5.196860948584466,passed,86,8.364750743753003,passed,74,5.8375730054642805
2867,150.14106604198147,3.161469831709126,passed,50,8.008126138997195,passed,29,5.350092880693258
2868,126.25659617192358,7.314976941203796,passed,65,8.729530676356667,passed,52,5.020238722738313
2869,185.5916053505134,3.6773990634178086,passed,61,8.039500899945672,passed,28,5.336535155403688
2870,126.31413581031717,4.230214416206488,passed,69,8.770370552333361,passed,63,6.430451803177317
2871,119.62931558275085,8.38356078457605,passed,115,8.053958536642902,passed,96,5.094076546100146
2872,172.48314720705733,3.1671613825510083,passed,44,8.38670344900876,passed,20,5.049119024057558
2873,148.0416756807921,6.563995405888763,passed,42,8.59231037722168,passed,17,6.46103303741612
2874,144.50947498554387,5.6189651138409955,passed,96,8.224720163432009,passed,14,5.3008764118298135
2875,154.24820320035303,3.9298734095724464,passed,41,8.264172571907014,passed,26,6.920476844647916
2876,94.91679045641641,7.517881318199319,passed,55,8.585714004273438,passed,54,6.9006101637382855
2877,129.544454700209,4.1243930964350035,passed,60,8.288035603292121,passed,22,5.373760234939118
2878,192.33420585778015,4.3005749393683805,passed,77,9.223217053839461,passed,55,5.014737626468202
2879,132.35450570154237,5.820307908976359,passed,59,8.250387308099349,passed,34,5.041858739914296
2880,133.0122435655274,3.814519146411871,passed,69,8.017837308044573,passed,50,5.576495576970286
2881,130.85750565024276,6.80070470065451,passed,111,8.16376220135182,passed,74,5.770981131397801
2882,196.303492480099,4.1854139966598645,passed,155,9.3102409301828,passed,64,5.03388578231998
2883,139.2298424991547,7.328497260214665,passed,107,8.008780259015968,passed,72,5.412630221595105
2884,107.16265491975551,9.37183958592355,passed,124,9.314888300879742,passed,22,5.233278073645042
2885,191.03471951551904,3.6695117502240566,passed,79,8.164924028107512,passed,41,5.252337568335919
2886,151.65880991529303,4.089711592116745,passed,74,8.61569219182805,passed,70,5.366230505067215
2887,150.0703669440488,5.708455298827127,passed,94,8.84266054573779,passed,87,5.2787341416702604
2888,168.18069174553156,3.4453172371688776,passed,102,8.051976920817472,passed,70,5.087088883708013
2889,129.80707756865564,7.330168730108394,passed,146,8.519390050551245,passed,127,5.189954617904924
2890,179.68632438543207,7.0294845488957005,passed,141,8.68182072981234,passed,44,5.250517963040524
2891,125.4899325406921,5.857053940287101,passed,69,8.934663801441722,passed,54,5.907961392102146
2892,166.62339390375945,5.322093056623153,passed,83,8.095384132359108,passed,16,5.1204658161274175
2893,191.4171785206422,5.002077660330329,passed,102,8.968505875641375,passed,51,5.214340021685304
2894,164.19481027780645,4.875267559287632,passed,85,8.73275457495537,passed,51,5.23716016645337
2895,153.06331970549056,4.99596652840967,passed,89,8.519685107163056,passed,62,5.403474128052288
2896,125.3545210432828,6.918895648336458,passed,111,9.152095004521698,passed,78,6.267191046829446
2897,160.66340814942808,3.0572013550717534,passed,57,8.072472053452206,passed,16,5.094923467659074
2898,164.51215476183424,5.4442684667247345,passed,58,10.675930331965834,passed,36,5.961496081820816
2899,135.63681552999589,6.122347510168721,passed,158,8.126818441279227,passed,89,5.200994796238345
2900,138.8126615573141,5.210367878791321,passed,120,8.998652299463172,passed,69,5.188591257769248
2901,147.41661913936377,9.563279738188461,passed,208,8.955617030807561,passed,65,5.458356350821059
2902,193.25060851046464,4.279360531473219,passed,125,8.0965957948409,passed,90,6.057714736299014
2903,147.8802880531473,4.751337007081405,passed,165,8.01736565612865,passed,141,6.090569157758563
2904,102.2590150969255,4.913616544570178,passed,53,8.529030961856044,passed,50,7.943814797189241
2905,163.58820996396716,4.96388137619567,passed,66,9.107684594012744,passed,59,5.550550535680965
2906,175.49911311333238,3.2982895579480433,passed,60,8.371423311098125,passed,40,5.683804542584303
2907,153.71920131778776,6.085583681356188,passed,116,8.073692418433453,passed,30,5.255921223791349
2908,155.29692796714102,2.936490564719141,passed,115,8.22069681021631,passed,106,5.772446643447449
2909,152.84292065838736,4.001349346048548,passed,158,10.615383039227243,passed,115,5.565468805271179
2910,184.6165023485451,5.173356534083389,passed,41,8.092053448608393,passed,33,6.303989949080924
2911,157.10516262469528,4.527606410822282,passed,96,8.47742956656452,passed,21,5.070356295316003
2912,169.68537266794806,4.285094494841176,passed,94,9.719018746475005,passed,40,5.005588957180462
2913,172.85838118312333,5.032083116767618,passed,50,11.050082329148193,passed,34,6.41768150681119
2914,155.56425388231543,5.668044200644375,passed,107,9.23492430797419,passed,39,5.012689109134416
2915,159.19610983125327,6.949521117367969,passed,43,8.210428684025661,passed,30,5.177453387831887
2916,160.78210276333454,3.8716837907727633,passed,59,8.108679022669406,passed,20,6.179538780284433
2917,156.30182286994634,3.532677020204817,passed,84,9.933759661368535,passed,76,5.100306569013324
2918,193.1195065747878,7.104948713075429,passed,85,9.79597035177877,passed,43,5.126975409471424
2919,189.78518649576083,5.156020787220262,passed,198,9.313755359597241,passed,165,5.576076032835631
2920,161.56330380189576,8.298883098324074,passed,81,8.006348187252211,passed,51,5.254870623037755
2921,163.77898677191646,4.316794594338714,passed,87,8.6449906973038,passed,66,5.370601020586285
2922,135.4470527366685,5.03820014215242,passed,129,8.660522207291432,passed,36,5.05200334859941
2923,108.31466056242776,4.024376737759329,passed,99,8.074357535156352,passed,52,5.352233770154635
2924,175.9130757330626,7.021990362833207,passed,166,8.00512145987955,passed,115,5.743238442467891
2925,170.8902320779685,10.43014829479619,passed,40,10.248314450576522,passed,28,6.012782889836843
2926,139.54247576517932,5.2207663229604115,passed,60,8.533673820455734,passed,50,5.276905764998618
2927,136.79437474190303,7.25834897876603,passed,40,8.26219092593512,passed,21,6.171944666461582
2928,159.59114506635336,4.9327175689608405,passed,95,8.590496222532028,passed,60,5.986368423426591
2929,177.88941632174397,4.847440172446379,passed,319,8.986234737694065,passed,245,5.307432708614335
2930,143.96006964681453,4.630128054058589,passed,111,11.747929171153038,passed,82,5.028165865349066
2931,119.03569752338518,6.419942892330492,passed,218,9.562475334213861,passed,106,5.452264463791301
2932,160.5819436014108,3.750845586173066,passed,67,8.672801230309023,passed,60,6.074548653305856
2933,140.90264169690022,6.318025952294913,passed,185,8.557872314378523,passed,159,5.9491460431266185
2934,184.0232168472312,4.747369031620757,passed,44,9.28332391174882,passed,22,5.814687283551523
2935,187.87047067766798,4.78162919042043,passed,53,8.971540739420725,passed,33,5.524559737287027
2936,175.54472950393017,4.9538494522013785,passed,101,9.45972495721714,passed,67,5.02051660478986
2937,128.71793770513827,6.688098126807382,passed,220,8.062001513872975,passed,59,5.007131915462271
2938,168.46979070534934,6.46621050484365,passed,66,8.599601228837628,passed,63,5.519036008456024
2939,146.72081260531607,3.3824616776743492,passed,169,8.585525755571389,passed,107,5.1965840387838025
2940,159.20884688255094,3.0313304740558418,passed,134,8.167033531519664,passed,114,5.61441697838394
2941,173.3240812167316,3.2380127924747275,passed,105,8.011046049793102,passed,43,5.146795028858175
2942,137.93793690735652,4.388426865541954,passed,61,8.165845111310599,passed,12,5.0104431540489935
2943,140.41147358575722,4.003593605044444,passed,129,9.02941075520638,passed,70,5.462736686791136
2944,201.45248353142796,2.5280221205618227,passed,61,9.248993838177256,passed,44,5.615846031965477
2945,120.7380845177214,4.60987583980579,passed,64,8.608880326354074,passed,55,5.132036847722987
2946,182.4853250270773,2.914263918936632,passed,33,8.633436175193609,passed,29,6.759257141197894
2947,170.00263085040004,5.342104424382758,passed,191,8.243752012855854,passed,70,5.498368381670926
2948,153.81601314899896,5.228711093984353,passed,67,8.802300582287636,passed,67,8.802300582287636
2949,191.73596581040817,6.239380769385748,passed,55,8.098571893048167,passed,42,5.2226568433089815
2950,178.71781674830288,4.446790732435959,passed,34,8.559193115941843,passed,22,5.2172662452697915
2951,198.16024513766334,3.1738984763432407,passed,52,9.642361107305453,passed,37,5.055733789704853
2952,151.6321674966988,5.40060357818619,passed,106,8.648229105676464,passed,54,5.171951293412302
2953,169.81694364915555,6.50563045208256,passed,37,8.264269711019367,passed,22,5.4456594681248305
2954,117.03358677143116,8.468690687118485,passed,65,8.010602456849035,passed,33,5.308880943544958
2955,208.07956538447735,3.953901691258712,passed,73,9.245587516532062,passed,22,5.044575014476194
2956,116.84432198562274,5.872049231694749,passed,104,8.050139828768232,passed,71,5.313475556967462
2957,166.57860975388687,7.767075873252765,passed,168,8.533355031334033,passed,41,5.010327895248801
2958,143.03015781905287,5.788125122279012,passed,70,8.792752920000835,passed,70,7.196348196809366
2959,183.47320190067595,2.9783254749531656,passed,56,8.424743805736679,passed,31,5.005295090569151
2960,173.24401023811453,3.7768638601231648,passed,26,8.35387359643438,passed,20,6.949560940794841
2961,210.96646855049048,5.3602958484031635,passed,100,9.38947826013612,passed,59,5.268090475143805
2962,156.43084299596342,6.951610857476577,passed,49,8.489915166584282,passed,43,5.154221818615201
2963,137.04848599307735,3.8943332387970258,passed,63,8.308474679609091,passed,59,5.808170035704907
2964,125.77578137534901,4.81650787399581,passed,113,8.019361955462001,passed,36,6.946456437817217
2965,146.1753728369215,4.399973525991414,passed,85,8.266658617875212,passed,64,5.00194097808877
2966,131.2802662927257,3.655995319740926,passed,50,8.710545397992364,passed,43,6.675265202356506
2967,162.82294609841063,3.4251917567729717,passed,59,8.029302557701001,passed,50,6.380686460271812
2968,162.00022477770815,4.693193621868255,passed,104,8.576737942348567,passed,87,5.920834552816401
2969,158.00291723669298,4.280988549554273,passed,66,8.860218250208662,passed,15,5.259293978992363
2970,157.7045081865036,3.502577561976327,passed,130,8.006079665105602,passed,106,5.745031742899931
2971,120.06624429537234,6.727946916312582,passed,59,9.068918376553148,passed,51,5.874797425128664
2972,137.95377230044616,5.720099587840454,passed,102,8.215616778814283,passed,70,5.205796039328581
2973,157.1730090756453,4.629447152599867,passed,21,8.683117538426988,passed,15,5.9377580480490355
2974,118.54993006224332,5.264467411832216,passed,52,8.748132782971352,passed,20,6.289064053582005
2975,196.96349122127842,4.360155907860254,passed,107,8.863700941042962,passed,85,5.7195263168811294
2976,187.43336984790852,3.5706612797999617,passed,111,9.425245747957023,passed,85,5.308859913359121
2977,165.15810458027977,7.643703291616941,passed,46,8.12222891651988,passed,31,7.40835286029502
2978,163.9133455424898,7.166178081233891,passed,158,8.213129558977661,passed,103,5.3419537036196285
2979,172.08531434393274,3.355883252142109,passed,71,8.024095290294397,passed,52,5.447722247303499
2980,206.28661317161797,5.336526353363587,passed,133,10.355955556497998,passed,115,6.007260339068887
2981,148.40379173834378,6.786615809382485,passed,139,9.474412337102,passed,108,5.007800137952878
2982,143.58588930338172,3.527402754198901,passed,86,8.521881088144578,passed,36,6.331783224259735
2983,162.04819326995712,5.01328327071644,passed,102,8.000680087051926,passed,65,5.228330434947748
2984,120.63211064291539,4.660947272454739,passed,56,8.42049650393002,passed,52,7.091999014493644
2985,128.89724583611465,3.912517229005169,passed,50,8.588928763959093,passed,3,5.103112532475262
2986,121.04562061850999,6.277831537247325,passed,89,8.553050806628626,passed,64,5.092225888737545
2987,150.70631881623174,4.163907346457309,passed,156,8.537971340564244,passed,94,5.050926180352788
2988,158.03139386342045,6.110207994252705,passed,130,9.520523101658718,passed,113,5.648731104052596
2989,160.41504836652712,7.176521730725763,passed,117,8.185782661573748,passed,111,5.018024108637964
2990,149.58562614525044,5.58672982405285,passed,69,8.260191402335426,passed,14,5.316137059391357
2991,189.98994150570775,4.9697333845039875,passed,69,8.376649678234305,passed,23,7.245908684441438
2992,163.8365120367592,4.177871247583976,passed,113,8.194605172245817,passed,107,5.750499568593415
2993,189.0788481157152,4.545698143799758,passed,104,9.124047094322352,passed,89,6.101459248503449
2994,220.6126752697978,4.140081215404716,passed,18,8.80329671781681,passed,7,6.895023748852824
2995,173.52174157847634,3.5047497691031695,passed,124,8.054395301501316,passed,94,5.698480541004947
2996,179.22284198102935,3.823856208433259,passed,38,8.005354476166415,passed,22,5.001822531685929
2997,117.87758711886616,6.612716639806802,passed,63,8.349603907689463,passed,46,5.014174633720292
2998,157.5028868912505,4.500415114298193,passed,12,8.842227726880903,passed,4,5.987805660965306
2999,201.85153341520325,4.088521394295458,passed,70,8.978713782749082,passed,46,5.8889237035492314
3000,175.95620362572961,7.0314902712427605,passed,295,9.111589536594034,passed,227,5.350536859828425
3001,182.49666121075273,3.247954217738644,passed,43,9.072513524815108,passed,31,5.208240743415837
3002,178.13349293966868,7.139486571190104,passed,139,8.034205610469925,passed,126,5.064782865809003
3003,130.09911491162663,6.0901624839361315,passed,60,8.151846487904258,passed,43,5.011835714333146
3004,141.3696720073198,4.637857186506358,passed,178,8.713768822259983,passed,95,5.320484050341734
3005,130.42493876074178,3.957888131536795,passed,98,8.216865987987699,passed,89,5.58986665592649
3006,170.08814222335258,3.1123213245512016,passed,34,8.927348564391057,passed,22,5.0059100944702895
3007,125.39253511168388,10.55084308040023,passed,341,8.09136992899715,passed,322,5.394119092803784
3008,190.01056362497408,4.458491993712661,passed,43,8.386284946875788,passed,31,6.930506189001595
3009,201.78780000317977,2.2397655052777043,passed,48,8.02970363832809,passed,36,6.509768920536074
3010,170.46286407171607,3.991609897228137,passed,81,9.397006834050359,passed,29,5.013522226826828
3011,136.59644246251278,4.690913492361007,passed,137,8.212866866167513,passed,137,8.212866866167513
3012,156.82500534858542,6.9659401459191885,passed,56,8.112066337233713,passed,48,6.762045400530359
3013,144.2513872865201,6.312623023812831,passed,105,8.55550124271387,passed,82,5.207769963313957
3014,173.71793166041934,3.8430888445730766,passed,65,8.208456413311849,passed,58,5.67193352073545
3015,195.7450665196491,4.253774838305702,passed,110,8.007569250189528,passed,89,5.062364739819114
3016,171.28710523357972,3.893945455044939,passed,64,8.388196169443685,passed,16,5.4641948790736805
3017,139.07970639613535,9.234814736974558,passed,42,8.057272294895611,passed,20,5.010807374395432
3018,111.42818296113286,6.3227635441891765,passed,100,8.219738363925622,passed,70,5.4466440875263755
3019,175.78438226161168,3.159293789143678,passed,70,9.883988193320414,passed,55,5.1360723240365225
3020,178.89520474734658,3.718079336237632,passed,60,9.122286228562725,passed,21,5.339374074674774
3021,141.55480922877882,6.442955455990501,passed,134,8.355056632109491,passed,106,5.147367153038607
3022,127.28662395898725,6.945872338472606,passed,133,8.764991063116367,passed,127,5.282309227304194
3023,171.81361705471323,4.253434019446941,passed,120,8.028072752410376,passed,33,5.431687849856459
3024,116.84767546151349,4.820777712590737,passed,87,8.316748517918393,passed,55,5.01373411694479
3025,172.4745136051248,4.295969531032808,passed,109,8.020773526354198,passed,56,5.195282741062757
3026,165.29163017942338,4.734670549170949,passed,66,8.011906645879318,passed,59,5.125126929729662
3027,161.61544622665863,6.642865644279736,passed,149,9.065544914537504,passed,100,5.27623991174766
3028,156.99797980344266,4.995634209643083,passed,92,8.004958784637473,passed,34,5.340493778664057
3029,161.31093868435275,9.289581626273861,passed,21,8.295629398610815,passed,11,5.828174751095205
3030,138.59239351079972,5.314368965604966,passed,154,8.008758180289298,passed,70,5.70430575827805
3031,153.2559824488721,6.939991299956801,passed,40,8.06450272984629,passed,37,6.100064254269122
3032,179.76206160879084,4.406968110264696,passed,100,8.350017818966048,passed,34,5.413280781489638
3033,135.10536229957805,6.551035625226673,passed,65,8.636872822670782,passed,11,5.281511173488362
3034,132.73952979638005,4.09214562162261,passed,32,8.647012550831267,passed,17,5.457760267839795
3035,166.79210433310038,6.794498389303441,passed,104,8.023612343688647,passed,54,6.547256772210774
3036,122.69258583968549,5.138379780533618,passed,181,8.07806363731849,passed,133,5.545050262617668
3037,123.33808424172226,5.0995140930731795,passed,72,8.925610801989103,passed,63,6.646482308297719
3038,184.23697754605897,3.520956926106982,passed,42,8.097326466870758,passed,14,5.628767287682623
3039,199.3775598149365,2.7061158170668107,passed,67,9.645554549751068,passed,42,5.3802512165735505
3040,127.75701582249451,5.26860429211276,passed,60,9.227581531448426,passed,24,5.103011939835134
3041,139.0523364858771,6.6845623025882555,passed,36,8.10356459122512,passed,21,6.543922979826378
3042,180.66665990435936,5.178631392866968,passed,89,12.139224300096929,passed,59,5.140727346812057
3043,164.2569604334816,5.3047745412861795,passed,166,8.204017998259182,passed,59,5.098384851562376
3044,128.5558512992321,4.802828617993617,passed,50,8.15761665871415,passed,35,5.202287932193683
3045,182.68447569429145,3.848740656791689,passed,87,8.239754019388702,passed,61,5.89285956073462
3046,165.08992468918143,3.3046238220273723,passed,80,8.56483814456479,passed,44,5.781401952275544
3047,122.94130389015967,4.642218358761909,passed,126,8.955309702918557,passed,110,5.557868731282789
3048,124.59422651263448,4.824723826143411,passed,38,8.000168947639775,passed,33,6.800312948442633
3049,132.4444294078456,14.149425416108333,passed,94,8.577986332615062,passed,74,5.007851910140793
3050,157.16607928980056,4.6693458761190625,passed,95,8.896688454617196,passed,60,6.434578962672632
3051,149.2183603728209,5.127933210577507,passed,128,8.513122723415023,passed,54,5.003544036290664
3052,185.49911083917797,4.524365278448466,passed,165,8.727018873417602,passed,36,5.228067734825004
3053,165.59430991427132,9.647607292334543,passed,173,8.033360461702511,passed,162,5.774531670436067
3054,146.49967871273955,5.705708453243212,passed,137,9.005026904997692,passed,137,9.005026904997692
3055,188.08570291216978,4.929942071666024,passed,65,8.006839755364826,passed,27,5.039022374532709
3056,149.10608110404175,5.191258603167155,passed,108,9.010021096061593,passed,15,5.001616666456465
3057,121.62158856671769,5.722774148947213,passed,124,8.72864142891483,passed,111,5.01281513858951
3058,152.49242592209288,4.673876565584765,passed,53,8.933585830846802,passed,18,5.017245425680517
3059,155.33538390299194,4.911135168825012,passed,94,8.168215633756226,passed,50,5.25684429123503
3060,140.52226625738734,6.114390868718914,passed,103,8.16377905010157,passed,72,5.149037590721228
3061,194.3300063718325,3.807165046235298,passed,81,8.063992852857327,passed,31,5.1627389103212185
3062,178.5348258547042,5.4931903290046,passed,110,8.772667318778948,passed,104,6.195198616769915
3063,124.88512405162217,4.417086428168418,passed,89,8.832678502982173,passed,74,5.2107715676811495
3064,134.66187362989524,4.891575697851142,passed,88,8.336105016028617,passed,36,5.02030247465568
3065,170.97487784203528,3.3972711241094626,passed,37,11.95925791226422,passed,14,6.4137637423865135
3066,166.0704022381021,6.358495626101714,passed,70,8.397896160871055,passed,64,5.067102478300933
3067,140.30984826450688,5.027558608104375,passed,167,8.045575396378357,passed,87,5.507145797313373
3068,171.967582940463,4.484991364531707,passed,31,9.084837454344896,passed,4,5.174952614959261
3069,179.03788801103798,5.399182917545756,passed,103,8.312690055314098,passed,94,5.306400953155022
3070,139.25751293943352,2.904237011056631,passed,118,9.057052934193099,passed,96,5.363876518728783
3071,135.40060121495694,5.069229574421342,passed,120,9.524983655392871,passed,104,5.253377972608564
3072,204.94208794827586,5.076390446137653,passed,53,8.156486973514454,passed,28,5.396274398627554
3073,142.57011305156294,5.296234924970182,passed,52,8.234732602484174,passed,31,5.001440803698243
3074,206.8878167170275,4.3079315639713505,passed,127,10.115035051370857,passed,45,6.107663230155991
3075,123.690871034781,5.4015594202574135,passed,164,8.016730543848816,passed,138,6.281498752249082
3076,158.46815405959487,6.588510510094375,passed,246,8.069865940161748,passed,186,5.154851119258974
3077,199.0100569622773,5.604370096393359,passed,107,8.115799906645172,passed,73,5.515002945469782
3078,138.46809504677293,4.4084679403731055,passed,55,8.14418212316086,passed,23,5.023657902218082
3079,144.80701034819052,7.035174086708889,passed,124,8.911390324229007,passed,111,5.145349235305541
3080,151.65534266181862,4.6914428668453985,passed,167,10.415281041691804,passed,70,5.262748352217361
3081,178.5667569038636,3.4406798741902898,passed,90,8.132869002849063,passed,46,5.00896011345453
3082,156.82779878608198,5.96281853943911,passed,60,8.986873233948089,passed,31,5.296562820125916
3083,116.16149992883665,7.024029541960395,passed,66,8.096169398346431,passed,20,5.2580338254492265
3084,164.18128604591388,5.348339988405481,passed,100,8.70332457187073,passed,37,6.276465922382157
3085,162.9096941346988,5.8732798289411265,passed,69,8.130083784666354,passed,69,8.130083784666354
3086,197.96384130345209,5.4327701223999645,passed,117,8.110323251798658,passed,89,5.0763652644485235
3087,121.96228985174646,8.865713175146333,passed,38,8.248728626059854,passed,28,5.658705021479982
3088,172.17492467804516,4.60247007193044,passed,83,9.5772480408036,passed,54,5.548182806557955
3089,148.66966118352298,4.733884013563191,passed,132,9.07677121185817,passed,119,5.4277532318185
3090,175.4484990117212,3.2921497656072782,passed,79,8.062687749955288,passed,65,5.3660791485703685
3091,157.2514387446128,4.760626575931505,passed,22,9.165210708415605,passed,19,5.235121441727286
3092,175.19393078382754,4.1224743052547135,passed,28,9.115220988427918,passed,14,5.3675716438216226
3093,207.48047532568387,3.6964930681546786,passed,107,8.130547680110368,passed,32,5.702115497141302
3094,217.18879197733708,4.988224154317453,passed,29,8.45607061127187,passed,18,5.018075908965103
3095,143.0667974135817,3.7697267974629365,passed,28,8.261632233989902,passed,9,5.17932376537471
3096,117.81982316605975,5.0930327275927585,passed,98,8.618801663106556,passed,60,5.340217960267801
3097,166.6599735113986,4.8188750648949625,passed,143,9.672885341539295,passed,23,6.250490370388406
3098,169.23402123115528,5.1873002202292735,passed,118,8.877214452935412,passed,106,5.168199424192355
3099,177.090921464235,3.5017421753465108,passed,130,8.261433239053506,passed,115,5.243897242097018
3100,107.17976984716967,5.8545896249482965,passed,66,8.009515965583368,passed,54,5.972710941299364
3101,111.79278563877605,6.640288905616688,passed,50,8.539896050469409,passed,43,5.07800886384675
3102,133.51557056289383,7.982541312823405,passed,30,8.51340854732876,passed,20,5.909435236661675
3103,140.29661088248346,4.344429281069033,passed,87,8.384613859808665,passed,79,5.369113876745879
3104,178.88310530166825,6.261579166997927,passed,194,8.25249021344674,passed,59,5.5646437415397765
3105,177.74023296662867,6.3863690249001435,passed,31,8.661351474768653,passed,21,5.415655070127734
3106,130.7707692060604,5.340798947527701,passed,102,8.713768974202907,passed,52,5.561013988932739
3107,189.1799091666928,4.58726027477464,passed,81,8.234107739480546,passed,63,5.130662104652917
3108,119.70475817533904,5.309375979771298,passed,141,8.688463234950472,passed,108,6.415035696648519
3109,202.6133420385063,3.72670825266311,passed,6,8.01820904661854,passed,3,5.336088125274019
3110,88.1229965694886,8.131328887072854,passed,54,8.0347372968127,passed,48,5.113909650082649
3111,199.7165128518148,3.424813316753382,passed,26,9.399910999271444,passed,20,6.310207889528874
3112,167.49030301375635,4.688765681729248,passed,46,8.735350453103718,passed,46,8.735350453103718
3113,157.6397626313223,3.8696524068902303,passed,74,8.25114647507823,passed,59,5.398534959577561
3114,169.68065567568092,4.689127445081516,passed,120,8.021370751053404,passed,83,5.491432979807587
3115,150.36123916860515,6.90369031401267,passed,175,8.627614119536764,passed,34,5.012554216404164
3116,149.4686147756363,4.271253892862481,passed,66,8.19920610994902,passed,40,5.076922689870345
3117,80.41446033138821,8.666510220882667,passed,133,8.991079373535449,passed,107,5.547591684479181
3118,120.3033862021511,4.612188686494182,passed,54,8.121686359360037,passed,30,5.3288177495607325
3119,155.17208912788095,6.137848746062974,passed,37,8.476479676071879,passed,22,5.0005741285188865
3120,129.28369033631134,7.415223760612401,passed,63,8.065747716826577,passed,22,5.3308129112666025
3121,188.36237447254044,4.237559852708964,passed,71,8.993500440427615,passed,53,5.648435929168794
3122,166.31728459085227,6.80412628071846,passed,225,8.28177078422141,passed,169,5.019225012532358
3123,137.5837278316296,8.427344830452835,passed,90,9.146631705603681,passed,61,5.164066725513172
3124,167.0698950410365,3.98626458201154,passed,94,8.081477986986352,passed,92,6.23986303511288
3125,164.18790075494024,6.712475529515147,passed,34,8.503714311665544,passed,16,6.960868083721183
3126,131.33993117429935,6.7152543829545515,passed,104,8.328799056268487,passed,50,5.013097077058681
3127,122.75715343587623,7.560043895608697,passed,139,8.238559720842353,passed,106,5.438693849407472
3128,122.38661023135435,9.493388423035533,passed,45,9.793767748550009,passed,14,5.005167797681964
3129,181.5136499746444,5.72059582236688,passed,89,8.041107101564648,passed,68,5.2467095337007
3130,177.5467006672863,3.8123728474974916,passed,63,11.09968134179866,passed,44,5.313911097808499
3131,216.95179433583286,3.1056060979452957,passed,58,9.195675621331434,passed,20,5.195822092175018
3132,134.39507118903563,3.308320019845655,passed,37,8.374219770291248,passed,33,5.137328384699114
3133,174.60385456553234,7.981536393740549,passed,17,8.115616450211416,passed,13,5.58019284456972
3134,215.89778537099923,5.263689983067622,passed,37,8.737683754471481,passed,28,6.67585717226673
3135,128.8038116097482,7.35726084315215,passed,180,8.610636999856936,passed,94,5.348602662449031
3136,125.45469859982549,4.13461785142155,passed,84,8.432393749907451,passed,70,5.312530569839491
3137,121.4127972416478,7.163189454066169,passed,170,9.729246006575165,passed,153,5.8210103020088555
3138,173.6693016183033,4.92901036917303,passed,104,8.005865710890081,passed,100,5.365610720688752
3139,184.7377397655223,4.770570399123289,passed,44,8.015471431973342,passed,35,5.097059626474487
3140,141.66588813912048,4.646631479661084,passed,119,8.888618243963897,passed,46,5.013421741209467
3141,152.74916054463517,4.080077490698862,passed,127,10.196980641352438,passed,68,5.575573454873695
3142,118.09971379427591,5.875125803941199,passed,43,9.0571646004173,passed,19,6.505665655242554
3143,168.85267620121996,6.089262300512097,passed,43,8.264835396489211,passed,41,6.269317199224633
3144,120.75528624506356,6.933492729689779,passed,133,8.617859633537472,passed,66,5.008039756159066
3145,180.36499055385983,4.071252300339139,passed,79,8.154066699581652,passed,26,7.673253510653577
3146,114.59985211810934,6.911494891476011,passed,162,8.777536719951161,passed,18,5.166975462891288
3147,208.1283486728724,3.7498759264464767,passed,89,8.279419977413838,passed,33,5.163540512858544
3148,140.56445129677425,6.076173989102843,passed,78,8.628898908227889,passed,7,5.006891144505254
3149,157.6768618168019,4.085418742215468,passed,55,9.036070050767675,passed,27,5.425236895335828
3150,170.3189797794763,4.657150598039474,passed,116,8.242975266897012,passed,55,5.360385320887828
3151,209.63808419007336,5.940111804633359,passed,164,8.58683587880682,passed,152,5.350574721121348
3152,183.34547205835005,4.266127805624918,passed,62,8.653047278053894,passed,53,5.579158201890699
3153,175.90786762189387,6.597883363574114,passed,106,8.703131766463223,passed,16,6.850252521270339
3154,157.7791183099404,6.687680965323177,passed,57,8.893535069998016,passed,52,6.125633274702413
3155,177.39201738939184,3.964127794405485,passed,63,8.375850918714178,passed,33,5.444811863285759
3156,170.67815937340544,6.605293434246873,passed,141,8.202601650118059,passed,62,5.423111831872451
3157,179.84042734195006,4.049547918317161,passed,54,8.667629784617414,passed,21,5.212424839436269
3158,188.6719528414613,4.64905898025356,passed,100,9.90156404485476,passed,79,5.253103372033929
3159,188.24486127027896,5.885588292720842,passed,104,8.729304524965986,passed,61,5.640644951542861
3160,147.27276640919013,4.2070806076291,passed,76,9.406735976351467,passed,29,5.035726680211616
3161,147.74320364314465,5.564746346378707,passed,102,8.179192642934229,passed,81,5.690800067112178
3162,181.871734778774,4.142395087053259,passed,79,8.95352651216399,passed,62,6.073078823951916
3163,132.34719690831454,7.777912232698639,passed,134,8.161020295146471,passed,127,5.878946458035816
3164,158.92778056483868,3.7956521407715096,passed,115,8.696390414317069,passed,48,5.642678364263576
3165,162.39947202942858,8.0519432938266,passed,111,8.556281806894539,passed,111,8.556281806894539
3166,187.98853250135025,5.81622824299243,passed,46,8.00488420994716,passed,44,7.883848354505241
3167,143.73044320622722,5.948125122554477,passed,48,8.194674500328624,passed,12,5.072481274743268
3168,122.13574970180781,10.654772995117378,passed,253,8.731377943040997,passed,244,5.742966903255153
3169,179.743809962161,6.736826803292701,passed,72,9.263419385774284,passed,70,6.433810409166263
3170,137.14973842698024,8.961745995491071,passed,44,8.958322428811805,passed,21,5.4707099712707485
3171,134.3110185487916,4.707408730744059,passed,108,8.131902042159812,passed,98,5.020866113250966
3172,136.39415732353592,4.380031155024931,passed,56,8.370055375131468,passed,43,6.087687049617063
3173,150.54698693590757,5.112730283092501,passed,42,8.915009867861624,passed,31,6.005338133460847
3174,162.9973307415943,5.00027313751972,passed,44,10.67305851086422,passed,36,7.357815540740575
3175,169.20768575970664,4.041964950987417,passed,96,8.019881552269247,passed,31,5.047685168377125
3176,145.04811922397357,7.544995716085849,passed,225,8.401041562321087,passed,167,5.413626730303633
3177,142.9736541407362,5.077210738126844,passed,144,11.081305113833452,passed,74,5.249558507452301
3178,160.8873257801,8.291282521255205,passed,252,8.227485475808628,passed,89,5.488682938579559
3179,116.35429487641282,6.641125268399117,passed,100,8.114724118547478,passed,86,5.227592554286309
3180,127.51906889993441,6.710161839240455,passed,196,8.123099476405638,passed,186,6.716744751952075
3181,176.6275318732935,4.339510072961947,passed,88,8.29415077226361,passed,86,5.985719546937118
3182,186.91696685549468,4.843206089980715,passed,212,8.020867966433688,passed,166,5.055684571762464
3183,98.50188744240273,13.048640350988025,passed,62,8.09257234569094,passed,37,5.144813404311077
3184,183.50943332071705,4.987721946270394,passed,155,8.515489943849675,passed,63,5.178789420451202
3185,148.5666002239561,4.295098489376019,passed,118,8.01356469188974,passed,55,5.255251649077386
3186,119.96446268286638,6.028792038439212,passed,192,11.82243412180226,passed,102,6.671437851848405
3187,145.42061839259839,7.883395332006877,passed,254,8.018530883196195,passed,238,5.037578698413148
3188,148.1596181932403,6.668130100316843,passed,160,9.218412203019755,passed,150,5.013763532409987
3189,132.60892401396677,6.874003908144783,passed,49,8.012647110156923,passed,9,5.413280242559981
3190,159.75720481581467,3.058365052489503,passed,68,8.186235735790515,passed,59,5.629719938702271
3191,84.49480392328725,7.765182080373918,passed,251,8.255558561421395,passed,197,6.047940827201792
3192,111.12959750309885,5.65842275565041,passed,66,8.01275042952938,passed,28,5.595785580861246
3193,110.4816471671775,8.01476896586719,passed,167,8.487365076586894,passed,117,5.002871303913348
3194,150.49836343844726,5.180231738691636,passed,53,8.179173591579335,passed,48,6.666517840527186
3195,168.2694348560411,3.1133868744392266,passed,102,8.157310988180487,passed,65,5.225680504764729
3196,108.2076646086295,6.361218362046294,passed,31,9.688394869032035,passed,22,5.424114838130856
3197,164.25901477005823,3.3201416678187767,passed,86,8.692518779610769,passed,64,6.168059198312248
3198,151.7647129328735,4.033366753564509,passed,102,8.088488899612866,passed,79,5.2073432580061585
3199,201.5644066790665,3.443092894730205,passed,77,8.24172122284832,passed,13,5.083564328595358
3200,136.07347186940996,5.518482728649213,passed,152,9.222583156387687,passed,146,5.617522426829713
3201,135.22805309526316,5.861872201534134,passed,96,8.351409625092444,passed,31,5.483390160840695
3202,162.65473872975252,5.515468231758357,passed,104,8.015795403663617,passed,46,5.057439688521037
3203,162.66357407974934,7.862421651569197,passed,128,8.172808433659618,passed,62,5.183107727005987
3204,135.40665954514827,6.05314044742322,passed,110,8.08693310084041,passed,102,5.896457573772418
3205,171.03477556330202,4.703943394027768,passed,36,9.049631573283378,passed,30,5.26373229796353
3206,171.18928348490616,3.1738570801147654,passed,99,8.004205613033722,passed,71,5.012574016873139
3207,138.69821089560602,3.516951170723241,passed,78,8.035156202252303,passed,29,5.227904322377208
3208,148.5593027068068,5.015880638244072,passed,56,8.1026484881648,passed,21,5.050286027097428
3209,147.70694698117507,5.141259078872517,passed,14,9.349803283366164,passed,3,5.034605060352981
3210,147.63052905828422,4.075864082557077,passed,89,8.550570305035032,passed,70,5.231453260955776
3211,166.36925510095278,6.55895513455121,passed,141,8.320365793239226,passed,119,5.660572964181498
3212,121.78260003005796,3.778324360212719,passed,105,8.863514654645366,passed,97,6.091622933748764
3213,126.73170995064211,7.028411042709879,passed,164,9.1129721470264,passed,97,5.575244133740931
3214,131.78166082898954,6.4109468860698255,passed,151,10.55178036957043,passed,129,5.271258253710176
3215,127.08598082147304,4.409988567607097,passed,110,8.22013644019064,passed,60,5.21613781940502
3216,163.14877145473247,4.079139980995668,passed,99,8.138094135516848,passed,59,6.208959896140787
3217,170.25486734851398,4.7346078146962265,passed,66,10.739059983915622,passed,43,5.726762023647058
3218,152.0064753748219,3.4297246208559304,passed,104,8.165993904070357,passed,79,5.222995857325863
3219,174.77926464011819,4.980065861219083,passed,44,8.593131928217534,passed,23,5.35234942940539
3220,127.7152606275771,7.62426752930864,passed,243,8.57712770952881,passed,22,5.03983020427039
3221,116.51135370225853,8.300623958388682,passed,31,8.439345127199282,passed,16,5.858702031679597
3222,131.03210614316154,7.740484798872361,passed,27,8.592993155780814,passed,21,5.184921876622495
3223,171.65983462642532,5.720227785478739,passed,59,9.116260212554517,passed,43,5.02253770073362
3224,185.83359612379104,4.309591696592173,passed,105,9.792130459850522,passed,89,5.048163592179744
3225,150.8500179002747,5.036377953971598,passed,47,8.04453453457532,passed,19,5.186824728477979
3226,128.91018103273635,6.839490229134915,passed,128,8.46305905756779,passed,112,6.3170533529030015
3227,169.28319234459246,5.487283932093174,passed,141,8.02582571083268,passed,106,5.788362905387556
3228,157.70492554031645,5.113653951120635,passed,61,9.38956251800418,passed,31,6.191138217523617
3229,180.7156871449834,3.661294154848345,passed,53,8.019498390999935,passed,29,5.177561693177135
3230,154.19049605033862,6.103025571712497,passed,226,8.00353624936867,passed,119,5.530237248174097
3231,169.06971970539485,4.281162158279554,passed,45,8.154408712239182,passed,42,6.358521624708069
3232,196.20123567915132,4.132140079025265,passed,56,9.565760441985848,passed,46,5.019328521198574
3233,168.21487834597355,5.636171090703614,passed,57,9.13353386043858,passed,54,6.919385933508448
3234,166.8777403678685,4.380504379070793,passed,104,9.622350517350608,passed,98,5.582327271045373
3235,138.63362340599843,5.105578095434233,passed,239,8.766086746624712,passed,14,5.913240028161537
3236,146.23823384167403,3.396865794826507,passed,162,8.437648048677215,passed,100,5.606829646616918
3237,163.3977404766076,3.501591036178879,passed,104,9.059602650005317,passed,92,5.056115653194437
3238,151.90683293123962,4.978947865995041,passed,121,8.651947508944936,passed,26,5.0413926766545325
3239,125.84901251984041,7.774912283450249,passed,109,8.191310223524262,passed,106,5.81520900643433
3240,142.35482463843806,3.7962424116227704,passed,85,8.288542187334969,passed,74,5.295726249239752
3241,121.27460499270812,5.383376115003917,passed,244,9.5537643593395,passed,221,5.8011813806777335
3242,154.00075477485436,5.345298970547199,passed,100,8.013369221054045,passed,21,5.164158041403244
3243,140.01450976310466,5.321895184499667,passed,54,8.810014668097788,passed,10,5.10634877447631
3244,170.99547847728158,4.649684292079548,passed,85,9.22403466427657,passed,69,5.000577866867539
3245,142.95348194930847,4.912992086295997,passed,107,8.899114319960066,passed,87,7.0743961584473825
3246,127.96786280696071,5.637741991975268,passed,103,8.111207138211052,passed,102,6.4134855394035295
3247,257.2130788385836,2.3315191983949357,passed,57,9.15761114377689,passed,37,5.6537188012153905
3248,180.2886527930972,5.021955406272783,passed,52,8.814150134381116,passed,16,5.347065060470313
3249,187.75939206676662,3.2791397069305805,passed,70,9.232258698316098,passed,59,5.456112577676286
3250,159.8306374840635,5.078436432118219,passed,64,8.237080016947429,passed,57,5.475923875176747
3251,169.52138911397142,3.0641268350450757,passed,91,9.608442206697298,passed,80,5.348436964492387
3252,181.86554414670502,4.7343292435473066,passed,94,8.300089663426814,passed,87,5.501373007760235
3253,143.2112936070019,3.2618109201875933,passed,50,8.490709385070016,passed,43,5.20246125983459
3254,162.4566783536769,4.543340168772609,passed,107,8.326517479349938,passed,100,5.642831868343534
3255,167.95870450682756,4.915062512113553,passed,97,11.081277188710438,passed,69,6.084255939656713
3256,154.13226567981533,5.877503934490326,passed,204,9.562505274070631,passed,32,5.155904280330836
3257,163.99670605151812,3.384191752745146,passed,59,9.113590692273732,passed,33,5.107131515295471
3258,114.23416062470437,12.551990695503799,breach_static,269,-10.228522511788274,breach_static,269,-10.228522511788274
3259,135.42791489183966,5.983183277168231,passed,106,8.014210271886867,passed,89,5.333023554308358
3260,145.08796086795357,5.371264305367742,passed,96,8.539754381440234,passed,69,5.807685686081165
3261,163.26188955372163,4.218320442803068,passed,147,8.745414471156266,passed,59,5.0147492599869725
3262,170.77245010607052,4.91338238045792,passed,47,8.528835427073101,passed,43,6.894097995420423
3263,203.91113121121305,4.201090021743109,passed,191,8.575859191551928,passed,120,5.854870746903806
3264,153.95508068114316,4.184322383428503,passed,66,8.719717672350825,passed,22,5.695901828685912
3265,161.2548286316167,8.645061715248113,passed,207,8.784367951986226,passed,40,5.436901560607832
3266,172.66000788307383,8.337633025765125,passed,38,8.575563539137864,passed,30,5.488049379288795
3267,159.83230955853008,7.50710100677993,passed,48,8.00659340226586,passed,40,5.534619101675564
3268,175.1520246910121,3.5492417481682805,passed,34,8.396773710951155,passed,30,5.624823447105665
3269,144.93318717963223,4.80000865681468,passed,92,8.060855905274412,passed,43,5.0192389467036636
3270,156.03550231802043,6.031831041540176,passed,62,8.745666750957515,passed,59,5.005755192228922
3271,116.51662062741046,6.084144586307343,passed,24,8.191768932770804,passed,18,5.2837892923308205
3272,162.1969082527924,4.315277317301625,passed,89,8.37947068764533,passed,87,6.269582756076519
3273,142.08322733197906,8.83161644963682,passed,83,8.048530146230014,passed,71,6.5960654240213135
3274,183.1013514789339,3.776802263366677,passed,31,8.650985417059665,passed,26,6.144137447827247
3275,180.55341559228188,3.7969813532753998,passed,138,8.979849052310662,passed,85,5.081623352493003
3276,131.21455000178184,7.13812673988022,passed,117,8.959017673380988,passed,22,5.023729488106232
3277,131.33254379401103,5.44893462738053,passed,57,8.018805421720598,passed,50,6.966831361225712
3278,156.95626877548378,3.9752477811579827,passed,106,8.212315939166647,passed,72,5.338578366708213
3279,162.51998538700238,5.620250209395565,passed,29,8.024565506934,passed,14,5.396605309739888
3280,160.14225874768803,4.987192736556004,passed,89,8.493836639981133,passed,73,5.363518069801576
3281,108.46859459093028,6.883782682626573,passed,147,8.361873933360853,passed,51,5.05203100777849
3282,145.11430302074135,6.113518606304098,passed,190,8.474078813648834,passed,154,5.122321431104071
3283,177.33751610522802,4.569532811824966,passed,46,8.57190189600483,passed,22,5.2800175900753255
3284,158.1968996139584,5.59669695095211,passed,100,8.133920045029308,passed,98,5.553198857127906
3285,157.71436683846468,2.7752103443046763,passed,85,8.021357383639671,passed,84,7.9967708331515786
3286,134.8647861568286,5.536861981194013,passed,137,8.312075272719376,passed,84,5.019951300219039
3287,156.02665718719626,5.722657962027332,passed,117,8.899669374913998,passed,13,5.007062568731935
3288,209.01231330536643,3.481504847299064,passed,79,9.299963506020692,passed,37,5.7796034476526925
3289,152.68247482581776,6.457355258412033,passed,85,8.44206883870051,passed,47,5.033758969851432
3290,174.88703125752397,9.28187591408795,passed,64,9.189735188327353,passed,59,5.941005253662901
3291,174.66657483933102,4.4572787761902495,passed,63,9.18318023533271,passed,44,5.520215183505561
3292,117.09121516163243,8.341215954092132,passed,38,8.006914232756213,passed,13,5.936862805553633
3293,148.25643203064067,6.811721999552567,passed,85,8.342914151328307,passed,17,5.1168216818539
3294,155.24839552723125,4.959493712409804,passed,41,10.635696987479815,passed,40,5.707814673152556
3295,167.4996634265344,3.8313117802666543,passed,84,8.6187198716954,passed,84,8.6187198716954
3296,152.12998719135777,4.677434866339187,passed,59,8.319017397777607,passed,33,5.200415539360392
3297,98.17853530878928,6.483353399571254,passed,23,8.216782854051296,passed,19,7.4449442894329865
3298,146.39018398943247,7.1435513838803715,passed,214,8.422089873884042,passed,204,5.252656313519588
3299,142.86878127756432,4.071627487282246,passed,100,8.061662993433494,passed,61,6.8529004623719025
3300,195.05998702369715,4.6457134874153825,passed,121,8.003674446202957,passed,100,5.181252200495301
3301,154.82430196024492,3.5002071894647715,passed,94,8.61104677213438,passed,81,5.346502919958929
3302,166.60186418490542,3.9028403703037626,passed,70,8.633103039506995,passed,61,5.158454358832709
3303,155.7770591467333,5.121660535094347,passed,103,8.318724127293464,passed,46,5.997694552218458
3304,165.94467532612853,6.065819443184049,passed,87,8.513732624066694,passed,81,6.782117262844611
3305,157.60843252829696,6.473414112170321,passed,73,8.00212564063083,passed,68,5.193885505682583
3306,103.1397825193836,5.863749069708254,passed,106,10.23430990389038,passed,84,6.432969441933767
3307,115.99057891623401,5.688582973585109,passed,97,8.48853717627074,passed,89,5.1599610357637715
3308,188.7948293499376,3.542026532794814,passed,70,8.294017068528369,passed,63,6.032733230250664
3309,135.89187954301713,4.234490515018656,passed,84,8.441669190019363,passed,43,5.700680240453249
3310,106.32434199926996,4.751118777953563,passed,72,8.606879330284013,passed,50,5.488071626071145
3311,128.5590576061815,6.434014416431805,passed,79,8.238329609885664,passed,66,5.908827498972191
3312,147.52920424763514,4.184149017372641,passed,143,11.799772961204713,passed,49,5.042258013758483
3313,190.49358146384242,4.021024286656494,passed,35,8.570505238549519,passed,17,5.62983053831978
3314,143.78521945337823,5.567573801537601,passed,123,8.157923439407222,passed,26,5.4651754203282055
3315,161.561725300635,8.46805954004847,passed,116,8.003839732135098,passed,94,5.012093187943267
3316,117.49168335589349,9.27273570283221,passed,112,8.628039369708684,passed,107,6.894653317641408
3317,220.17074239894393,4.732463359804429,passed,120,8.00794086784482,passed,109,5.0310155333101125
3318,208.758694735337,3.6421521582757297,passed,33,8.119732810358894,passed,25,5.130906599837104
3319,168.41868306440116,3.617945514095529,passed,102,8.850084970554907,passed,33,5.838610690953128
3320,144.01664387217448,5.365032188338038,passed,155,9.334984030111947,passed,141,5.544535822739904
3321,176.00456593055384,4.784614518226195,passed,45,10.362008726665039,passed,34,6.6712916023801805
3322,149.5127833056298,4.773081466210423,passed,89,9.883577982046376,passed,89,9.883577982046376
3323,168.04061697435895,5.455756378585024,passed,138,8.17628807947317,passed,125,5.403960345058878
3324,144.4138396063496,5.950709774403324,passed,169,8.227597264281105,passed,64,5.575948145465581
3325,140.58731885479375,5.290620083850518,passed,160,8.209278742349424,passed,75,5.845669608360038
3326,158.96507396874907,6.409726496754475,passed,208,8.307392883203168,passed,118,5.593779213727101
3327,119.94070059141366,8.320567667711076,passed,129,9.03830646019468,passed,87,5.653037254278392
3328,154.1910110894489,5.95202744340935,passed,61,9.383579337110959,passed,46,5.5266715824423995
3329,99.10090459189217,14.36402258347423,passed,79,9.03263403101433,passed,59,5.725862153854533
3330,141.72487525221447,6.013299072859526,passed,74,8.115651709462423,passed,35,5.009504241605711
3331,206.817593123756,4.702305800548821,passed,60,8.053513003857171,passed,39,5.90536284808012
3332,157.28490254731403,3.5044086318234218,passed,104,8.44250450455677,passed,94,5.046977380621986
3333,160.339931111009,5.749810999180457,passed,157,9.295605496043935,passed,107,5.562994757699702
3334,131.8452360750491,7.4124817111133305,passed,94,10.680088307756597,passed,48,5.156801680689416
3335,128.80673885016566,6.435681111452346,passed,146,8.623053339729857,passed,73,5.0359623345474835
3336,176.6964094903158,3.0671381309614087,passed,61,8.141250101427143,passed,44,5.471020359765855
3337,140.98850850987162,6.940836252209875,passed,58,8.097887092048882,passed,9,5.12795988863215
3338,177.69763805130663,3.856712778686701,passed,28,8.70538733769437,passed,14,5.661799947542878
3339,141.26540255087025,6.9150606767989995,passed,147,9.339436840431903,passed,106,5.017255335135529
3340,161.08138836734636,3.9923903171390926,passed,106,8.663750542663063,passed,21,5.456063024881663
3341,134.47245029264613,5.7030518106899635,passed,139,9.144939049955525,passed,67,5.182258295413011
3342,196.8402704859379,3.6267253178195777,passed,65,9.310232127884689,passed,20,5.017245178302021
3343,116.53520469289877,7.577318652532207,passed,66,9.279441160166613,passed,53,5.593423886998949
3344,146.71190970343892,4.943712382856435,passed,72,8.423351699127934,passed,59,5.486852599737624
3345,147.08740420984947,4.402388100192399,passed,76,9.183415357253132,passed,34,5.58241990391668
3346,150.34510330415597,5.313635920582744,passed,25,8.016648349649568,passed,20,7.874819737716665
3347,144.9070753309777,8.252303934885504,passed,159,9.832405474105066,passed,81,5.323794504356272
3348,169.47137996039015,4.141979292619388,passed,44,8.870264294673834,passed,44,8.870264294673834
3349,149.45787232797838,9.365354884953641,passed,83,8.521176499026506,passed,35,5.151307870618194
3350,139.80788420389572,5.530391561308039,passed,226,8.014643590710469,passed,138,5.072342799379048
3351,108.09366739261091,10.436399765568947,passed,200,8.480084370325702,passed,162,5.780460334422699
3352,125.84209004456079,5.389651575246619,passed,35,9.151888799465313,passed,22,5.13223622953467
3353,156.54052798700314,4.5246114158813855,passed,100,11.083165816704255,passed,83,5.505258811427249
3354,157.06346503313515,4.349079331435792,passed,30,8.216264277034725,passed,14,5.385269062434794
3355,140.49932158043066,4.209996490230634,passed,75,8.663912332208156,passed,59,5.561885353136176
3356,194.49442160707116,5.4644426448837535,passed,98,9.875454986036747,passed,85,5.000839879625785
3357,165.93418307915186,5.469450199490835,passed,161,8.411247408321398,passed,153,5.061930705803008
3358,165.8025026794845,6.910196549958732,passed,59,9.32499282678343,passed,12,5.403330241192061
3359,169.20353018171275,5.101108692464658,passed,36,8.5934455468347,passed,35,7.60420568794653
3360,179.69832066301072,4.134204509595587,passed,97,8.037665972807773,passed,49,5.003658953940393
3361,174.68494948738442,3.6199139147645694,passed,100,11.960605007961478,passed,43,5.364208505627355
3362,188.4616791106519,7.192925104607223,passed,9,8.313595947765728,passed,7,5.689991314769038
3363,206.81493718455806,4.7324506533378985,passed,132,9.218110540519486,passed,115,5.6382035710949685
3364,72.78938980046617,9.874699570677958,passed,117,8.017886583396638,passed,44,5.149195874047718
3365,152.53260549589163,3.9512596542030294,passed,158,8.416102249914248,passed,150,6.82814184986249
3366,132.32480211483687,6.1022499130361005,passed,117,8.05176683584099,passed,33,5.006500839285244
3367,153.906957969473,4.882519583718825,passed,106,8.004093671384593,passed,89,5.531031102341921
3368,167.5793187181485,4.711278732296935,passed,83,8.246121974171094,passed,81,5.97420697026243
3369,160.41068276118602,4.902137850307083,passed,91,8.108379006255383,passed,89,5.213066820778267
3370,162.79259252492966,6.280406923910535,passed,100,8.216671576573109,passed,77,5.549107145277143
3371,90.79846578881181,6.778990472424384,passed,222,8.10496363272244,passed,100,5.037885677232867
3372,186.32321983737899,3.3558428585058184,passed,107,8.228528240603783,passed,100,6.830993808886188
3373,129.36975786387097,4.582488092226363,passed,109,9.04037632313337,passed,100,5.094470213299318
3374,205.28738708047553,3.995695794511358,passed,89,8.472672834272021,passed,60,5.2259454943916595
3375,142.32337190153538,5.940585697190086,passed,65,8.218178360406082,passed,50,6.645180675373696
3376,132.5046601591519,5.649937940784568,passed,86,8.244491613506643,passed,50,5.226985017022545
3377,153.4284358549228,7.439485413851128,passed,110,8.369356586802269,passed,79,5.071432143813892
3378,172.44138942606102,4.35123040201954,passed,89,9.100255085373,passed,82,5.904759781491142
3379,129.86053261262253,5.717987150250416,passed,131,8.916953872648437,passed,100,5.034783125363251
3380,158.10010445192972,6.992887590526364,passed,150,8.676011595400457,passed,129,5.144717473070748
3381,148.7468765670887,5.330588242174452,passed,257,8.03042339797777,passed,110,5.559639992752974
3382,180.6745657666495,5.071792636461208,passed,15,8.257006832554126,passed,14,5.1203891341587315
3383,200.61632293747564,6.616340256987558,passed,81,8.551991663649105,passed,69,5.20859159834266
3384,140.2904594155663,7.530847174182151,passed,44,8.060823245094095,passed,37,5.612291186681806
3385,122.89569233519599,8.90532360631088,passed,213,8.562450865579185,passed,203,6.212723796126274
3386,129.09843424919805,4.720336020887129,passed,80,8.191104790765147,passed,58,5.029188193881362
3387,188.66144666239646,3.1556600789192526,passed,53,8.349236361251311,passed,36,5.039541776203604
3388,126.8031694769331,7.082172659333247,passed,112,8.08321880731917,passed,89,5.0838615868072035
3389,176.21470541815606,3.4507125439972732,passed,54,8.65612244118572,passed,54,8.65612244118572
3390,166.3129150634628,4.626470420041306,passed,44,9.078901809406803,passed,23,5.0775187115702725
3391,179.0342806075187,3.4169137769477413,passed,89,9.744672981825154,passed,45,5.897455745699021
3392,132.84161080504097,3.897810941724327,passed,91,8.014477288302535,passed,35,5.0868087612966795
3393,151.7099284358104,4.298371668386559,passed,33,8.983596644989799,passed,22,5.762126059034034
3394,115.97969858666622,5.389475139222732,passed,91,9.237436300209856,passed,33,5.044621799670201
3395,145.8886744151107,4.600781266572517,passed,52,8.82486340165145,passed,29,5.299754146447921
3396,137.2164391704907,7.865251478867215,passed,38,8.013140872128123,passed,13,5.754479194110806
3397,79.96079288671498,7.036756676557106,passed,64,8.117104279104037,passed,17,6.278688066211258
3398,132.43247453719005,3.6266469354126625,passed,48,8.009250288795267,passed,13,5.370113315173541
3399,140.43209517082053,5.061283708801275,passed,81,8.78402256288151,passed,73,5.053840541271626
3400,124.82697726812017,5.625586169399599,passed,18,8.001332484900136,passed,8,5.1346365408772465
3401,159.81719876164053,4.5036613670416985,passed,124,8.308513830916887,passed,106,5.0001985923654235
3402,129.3048535335006,4.495618244652942,passed,59,8.102576175688014,passed,44,5.019823700319348
3403,204.17328213371806,3.964132802642345,passed,70,11.161980904862002,passed,69,6.211408937045193
3404,163.95676295242455,5.394334505525366,passed,46,8.37500049426778,passed,31,5.489501000259223
3405,148.41788638217625,4.495466071513358,passed,36,8.012693985913577,passed,21,5.726706565143069
3406,104.8597660475612,4.401971090183143,passed,204,9.145920057356305,passed,173,5.066314590713983
3407,202.25860883080915,4.417848429513567,passed,167,8.001025779200077,passed,69,5.328148361490848
3408,187.5040030406962,2.6181660963862297,passed,37,8.708409856407906,passed,31,5.425457338929762
3409,149.65707135105157,6.044644641031075,passed,70,8.008877082591482,passed,48,5.661992119459147
3410,188.58222737653372,4.300201329103314,passed,65,9.107873000299938,passed,44,5.645435475889382
3411,159.76887244706015,5.739750070480826,passed,102,9.033953768728175,passed,79,5.749487690669941
3412,184.86860906050416,4.909156162527815,passed,122,8.172106019614667,passed,3,5.015550214797226
3413,167.84610229540547,6.904823032879744,passed,95,8.595560162348326,passed,85,5.399787050743643
3414,131.75793306498736,6.090283126906133,passed,94,8.000296802666096,passed,59,5.441800523292395
3415,144.77814513978643,4.691833000990096,passed,94,8.200612622416514,passed,65,5.055245444646705
3416,155.09942938820635,4.271045006628854,passed,47,8.849135953402797,passed,38,6.016231429254559
3417,140.64305649540668,5.949327465385366,passed,246,8.441498974446793,passed,59,5.039891414219211
3418,166.31793428286753,3.993046676155719,passed,89,8.002194150677798,passed,46,6.113648381053571
3419,136.95983951454522,4.293491046613244,passed,141,8.495654524085072,passed,118,5.226425160178705
3420,170.15549696028845,6.4530429533859985,passed,104,8.296678487122545,passed,68,5.020621541759929
3421,136.67486646556242,5.665570136155659,passed,118,8.29113051189918,passed,115,5.016840482245333
3422,132.37435853839781,6.2736797918839295,passed,50,9.171941145466999,passed,31,5.981451067056942
3423,156.34623331686504,9.486897311525864,passed,83,8.007753282891317,passed,74,6.4050844571543974
3424,125.48360659562552,4.334977306666375,passed,103,8.191149501908912,passed,53,5.927045064712355
3425,149.62214047818,6.14603095719218,passed,153,8.318864322404472,passed,7,5.201426008639731
3426,147.06175933698918,6.660823556140757,passed,54,8.235377004993882,passed,34,5.906297639153735
3427,142.20359583294493,6.276091377587687,passed,98,8.420169527307642,passed,81,5.321054691320071
3428,143.73099156125497,4.1449778273057545,passed,52,8.34614422975186,passed,19,5.045757054308186
3429,151.09035703488144,4.178935761983156,passed,30,9.728543572556635,passed,30,9.728543572556635
3430,147.52055674560123,9.016629066691273,passed,103,8.70204927772862,passed,94,7.001802143229274
3431,170.12991209965932,6.291903881513079,passed,36,8.067250396634073,passed,26,5.101013718322012
3432,145.48804682327204,7.661625760945684,passed,112,8.352921753277798,passed,108,6.610582705200985
3433,151.60759759459842,4.3018331926537945,passed,55,8.470372088731049,passed,55,8.470372088731049
3434,134.7640443132283,6.491999389292386,passed,169,8.052348064685312,passed,50,5.00894661926643
3435,111.34599048863083,7.9119416120446635,passed,61,8.061571075643247,passed,28,5.634562626736872
3436,178.13697126007827,3.302033368072336,passed,66,8.311807988613973,passed,65,7.207420828558186
3437,132.57092281141522,5.6730028702484985,passed,129,9.255659168566165,passed,92,5.841185476269128
3438,166.75113179004904,4.502900046822309,passed,79,8.11401521988615,passed,69,6.339306302072001
3439,176.57205195209943,5.243421324175325,passed,115,8.682707257130474,passed,70,5.268594828193618
3440,98.45360718842566,5.531728779545024,passed,52,8.760167653157325,passed,28,5.366321574443744
3441,157.24034389520196,5.091487467577558,passed,159,8.601861284655431,passed,147,5.003484069678099
3442,165.51830813151858,5.365530158337364,passed,125,8.380118171851624,passed,27,5.045304998447531
3443,173.04813415476823,4.036459009756049,passed,71,8.502556731921151,passed,59,5.133191171070117
3444,184.43280148951916,4.319578838452553,passed,123,8.718639753670354,passed,93,5.6063053203566415
3445,149.95946197329727,5.0596073420987135,passed,80,8.403258217433862,passed,56,5.024862401999819
3446,133.23842769745906,7.622776353649588,passed,167,8.628232499469423,passed,103,6.104571432392758
3447,141.35421135279435,4.569612495409153,passed,146,9.173034840876614,passed,115,5.743429513429943
3448,144.07401400135834,4.545005360485509,passed,130,8.725246475499858,passed,90,5.016308329180075
3449,132.8805153488581,4.297360942136814,passed,48,9.589926528501369,passed,22,5.376471411969974
3450,147.26656433189683,3.5723650371030606,passed,61,9.524122524117452,passed,34,5.971033537900583
3451,143.2425993199661,5.512125505226174,passed,87,8.03885684665575,passed,71,5.034428157260051
3452,153.20996525271462,3.5889278140312006,passed,70,8.648688494558288,passed,69,6.82095518125565
3453,166.44309049792395,6.720473408955701,passed,59,9.184605418145253,passed,17,5.3127901850918535
3454,160.02181430450105,6.2246632390583025,passed,125,8.355162102815328,passed,33,5.181701215868029
3455,186.26582632587017,6.776658783324279,passed,203,8.900329599687673,passed,28,5.0900893163259076
3456,182.07173781549696,8.629351787546995,passed,61,8.546962770059885,passed,32,5.1485116510747275
3457,168.83734922880166,9.534909116601229,passed,70,8.016487058738676,passed,47,5.131075053251033
3458,139.20709213088435,7.045267849643137,passed,83,8.315744804393832,passed,13,5.18027863312851
3459,154.90649072423227,10.083758667030002,passed,254,8.069191292780209,passed,248,6.125848574161741
3460,129.9377599928618,7.821437829556052,passed,155,8.078575768376052,passed,106,5.690946366854166
3461,164.77130544121127,4.159865894086226,passed,90,8.06180502115399,passed,89,6.761074779783693
3462,154.84826215273716,5.726188505493831,passed,127,8.212353927678917,passed,110,5.197879092984947
3463,160.5778922111768,4.457072655958245,passed,142,8.008916573415137,passed,88,5.312260513931233
3464,133.45514289632456,6.532943545551012,passed,94,8.167248961094241,passed,60,5.948738750868809
3465,141.52847836617232,7.084283028024858,passed,110,8.38100645603519,passed,107,5.4713777728876645
3466,141.6297196114622,5.048113225430038,passed,129,8.723360357677844,passed,113,5.294523118903971
3467,113.36235676447876,5.904748197577538,passed,393,8.943500631823586,passed,137,6.250947514727723
3468,154.49700612691953,3.9874788758563895,passed,63,8.55672569337158,passed,58,5.948325158073886
3469,171.98177551988505,6.2278395488720255,passed,30,8.216852608980707,passed,21,5.887085737587094
3470,110.16757886361614,6.659235900864674,passed,115,8.253265075005721,passed,104,6.048338725751212
3471,127.36276043706924,8.16376532323515,passed,107,8.617871838358804,passed,67,5.945584003314086
3472,182.00005625687962,3.976661597505826,passed,84,8.20280371381832,passed,74,5.179829641384859
3473,152.12786954330767,2.82205508193392,passed,69,8.133752318967446,passed,67,6.529140024186453
3474,124.63009476897709,5.12842741287775,passed,59,8.634953608527374,passed,47,5.232556445154213
3475,164.12717477631546,4.449568285522636,passed,103,8.712616182334298,passed,100,6.058128472567015
3476,133.6001039598605,6.0481107385885835,passed,277,8.43084060209085,passed,229,5.834119651236858
3477,186.3606240857655,6.117686183574525,passed,60,8.02705605450289,passed,50,6.440329606597461
3478,154.30761530454157,6.878196107721549,passed,165,8.003496420387602,passed,115,5.006775093747673
3479,171.40694883650318,6.845956941463172,passed,47,8.354443617398388,passed,13,5.263917515439287
3480,134.30887074076904,8.559888618890156,passed,104,8.661968284695476,passed,104,8.661968284695476
3481,167.20653332048633,4.403230360999466,passed,87,8.46358668936662,passed,64,5.35395894948556
3482,175.78004396055587,3.3389678209696676,passed,94,8.755056034930453,passed,81,6.034836682718203
3483,108.37501892325125,9.042253362582317,passed,46,9.548048666547015,passed,31,6.226498737551056
3484,188.68824758710278,3.6905572214614066,passed,50,8.005893097165906,passed,21,5.293708802408537
3485,174.47598043171325,5.26052518916713,passed,62,8.333752209617295,passed,9,6.177271414759611
3486,185.02044381057945,4.023480145662283,passed,37,8.15370461235938,passed,23,5.282506903369599
3487,122.02811164121803,5.0458308698463235,passed,54,8.037160491179595,passed,43,7.174576758527973
3488,157.78801252305817,7.084289388792672,passed,67,11.020670450729252,passed,50,6.191538309164635
3489,210.6649211606952,4.004538241785072,passed,37,8.098780564981523,passed,28,5.567441096967984
3490,149.3247958543412,5.353301753469832,passed,31,8.928629169317691,passed,20,6.224070575423801
3491,145.38073282017007,5.817452580352879,passed,102,8.267197911576796,passed,89,5.292539896307691
3492,179.05621919594194,4.843729714486601,passed,146,9.200665871076374,passed,83,6.118714305362261
3493,145.22024592197388,6.730510492493311,passed,100,8.0092376227886,passed,84,5.36475676364343
3494,135.69500035130702,3.5637482458088274,passed,87,8.442621383283043,passed,65,5.062636795127595
3495,142.94620198031515,4.585410447831838,passed,65,8.131987437750588,passed,44,5.546678071702016
3496,181.18294411199608,4.93695746699948,passed,69,8.380843448914321,passed,52,5.124492063616626
3497,136.79242708421165,5.327908702836477,passed,66,8.038954673892885,passed,59,5.0004948737513155
3498,181.3128637175174,6.9396246527252154,passed,36,8.331888064236548,passed,23,5.15120513988272
3499,171.69846064184648,3.4302834713373462,passed,23,9.225569606250428,passed,16,5.762453288464164
3500,120.8824832686469,6.09295974770818,passed,107,8.04081863905477,passed,102,5.688725470000611
3501,165.9478304506593,3.4499289837449973,passed,61,8.491572297059879,passed,9,5.7605474279208035
3502,159.3289939073579,5.212404707295304,passed,100,10.10158483837207,passed,83,5.92409853153133
3503,147.58696587375906,4.542726567305527,passed,77,9.260181932151145,passed,51,5.187897261393348
3504,119.43856130451209,4.532686179477414,passed,44,8.368703597353155,passed,19,5.0144322663631336
3505,163.41137674717493,6.142674919044089,passed,144,8.635698915107138,passed,142,7.711490482259942
3506,174.09128272496343,2.8264731146040742,passed,37,8.391889195206481,passed,34,5.1939515591332475
3507,116.84898170559141,8.412111964595372,passed,70,8.870365043251649,passed,48,5.190294152980135
3508,169.1401935538447,4.425747415742611,passed,91,8.159774578381285,passed,87,6.072163007903941
3509,144.90273409725688,3.6588510198929147,passed,94,8.22254487306986,passed,89,7.637676625990597
3510,142.75915438063072,5.346918401437518,passed,53,9.138023270956829,passed,29,5.017115027280061
3511,169.09371151070488,3.5990328894934596,passed,100,8.252586626877378,passed,97,6.804323754713204
3512,139.75620596593728,11.510996383363786,passed,49,8.73247262931427,passed,4,5.703074325797708
3513,171.65542565075106,6.924313163514999,passed,33,8.155599288435077,passed,26,6.210230406402428
3514,164.66755851030416,5.502818441175519,passed,134,8.31623152623111,passed,47,5.019458220644379
3515,153.74742858581615,3.77724408141401,passed,86,8.176452991678861,passed,82,5.904147641796542
3516,117.42264313524377,5.756388604408223,passed,60,9.252231324166793,passed,50,5.566487526751862
3517,164.23813304247733,3.8780238815788577,passed,45,9.807701040686156,passed,20,5.494039363879066
3518,175.9793105593837,4.611323457816883,passed,193,8.318798335429388,passed,161,5.007445835235846
3519,167.6948266292133,4.135752762517365,passed,64,8.018977405863126,passed,43,5.741441693820115
3520,209.20341788403093,2.8134121876461338,passed,141,9.253148339247419,passed,141,7.564232636926005
3521,171.8236433599304,5.316310652077477,passed,202,8.051816363670582,passed,159,5.066488822392112
3522,143.96956863196047,4.223753778147898,passed,104,9.634740902311068,passed,92,5.140371104344998
3523,145.1046182649289,5.623607620439488,passed,173,8.007304832723538,passed,168,5.117981667710758
3524,180.09813551045372,4.848897381895979,passed,44,10.75234206475606,passed,20,6.312568330783019
3525,155.58734648226232,5.497299136346581,passed,40,8.191765784382143,passed,25,5.386175587817066
3526,153.87937019577186,5.4753033395864215,passed,98,8.014533582287964,passed,95,6.438800594534855
3527,169.87909052438832,4.7304752150820395,passed,69,8.674200948026801,passed,50,5.644656271667237
3528,172.10406792479577,3.914224114462142,passed,107,8.608478382885831,passed,85,5.720022196321484
3529,134.27054945220337,6.649426439412638,passed,89,8.94653819620148,passed,26,5.540343790265423
3530,185.61914536994405,6.214998782652638,passed,104,8.09202724413256,passed,87,5.033740066266046
3531,97.40740953909321,5.647177785858908,passed,104,11.87333568888862,passed,102,5.10138356596237
3532,136.25668831536268,6.065935282401235,passed,13,8.070435877876324,passed,13,7.129609395932146
3533,170.18907218288822,3.825243744468017,passed,78,10.491042436473407,passed,64,6.245246121114523
3534,127.14158459672183,11.078144251221913,passed,46,8.126177752923457,passed,44,5.005979155839091
3535,178.2372295192848,4.6281504820735275,passed,92,9.30079616153552,passed,89,6.355257386022206
3536,186.95544363252702,4.617911502961402,passed,81,9.925989308303063,passed,34,5.3696226578536566
3537,95.49031825147154,7.439012877175132,passed,89,8.00957709899286,passed,44,5.575612645625161
3538,188.84273582172534,4.646427709111746,passed,37,9.106385442659848,passed,20,5.016603980513645
3539,183.84308097797452,6.9260946402365615,passed,175,8.164481050988371,passed,79,5.078887348705341
3540,178.52340786134042,3.5103942330689613,passed,53,8.502864148954714,passed,35,5.280170371565207
3541,171.29144491718887,4.916210232713998,passed,103,8.066363923752483,passed,89,5.321489842868021
3542,141.55062837756503,5.200564511834304,passed,107,8.631535044297035,passed,106,6.1379829005726805
3543,143.64077133335593,4.213811531749487,passed,43,9.273078591145968,passed,34,5.833285442520708
3544,159.61773624842007,4.6982426446522645,passed,77,8.57155665334961,passed,70,6.417319226332374
3545,125.16745500914075,3.7561416072066716,passed,100,8.53785887278098,passed,54,5.398352678340945
3546,146.06985126732198,5.782805764503471,passed,69,9.138887077377976,passed,21,5.101438982396322
3547,184.3484916563591,3.6414931574910847,passed,107,8.510518970548864,passed,56,5.187003579167149
3548,130.4091557301907,3.842076952092579,passed,104,8.449241506438444,passed,95,5.2330369612191285
3549,188.24126865433078,3.5707176688757927,passed,65,9.19118532675065,passed,54,5.424498410877976
3550,129.18636197218385,3.7585172463378584,passed,129,9.02785608686958,passed,122,5.411840984103744
3551,152.24199787119193,10.740713573995125,passed,169,8.67620395848352,passed,167,7.391402329637753
3552,149.7070361519565,5.382467314901727,passed,71,8.586708592122317,passed,44,5.59186687659794
3553,188.7204744540172,4.801155687804189,passed,50,8.223223443354687,passed,23,5.476813430308414
3554,143.1310468286624,4.888385836115891,passed,125,8.019063650850322,passed,29,5.032575377256632
3555,204.2758083492134,6.692072266473471,passed,64,8.025845302670142,passed,19,5.789955751196385
3556,122.38872192708557,10.380226363400958,passed,50,8.290655010204272,passed,45,6.416519783414021
3557,156.29205014976003,4.802411844271414,passed,84,8.455922296147023,passed,56,5.342371766103993
3558,104.66317848542789,7.067761684182883,passed,67,10.679389335007095,passed,36,5.092328679654101
3559,132.207322743928,4.837124157976551,passed,128,8.540224427112841,passed,93,5.700692457732792
3560,171.52596317844532,5.877313560210058,passed,37,8.930783946674502,passed,26,5.429108120192794
3561,137.2897647736535,4.619523336484408,passed,36,8.46440852452548,passed,29,5.678344263718582
3562,165.7633800203414,5.339930110838105,passed,109,8.176580254737553,passed,7,5.066504453572307
3563,116.94520361295923,4.729520694140142,passed,102,8.537099929430436,passed,86,5.1605928180872285
3564,116.11234349166138,5.341682316779867,passed,93,9.098824163946674,passed,52,6.489348083858992
3565,136.09136518713137,4.05520991558529,passed,22,8.524462972036373,passed,3,5.120190847023176
3566,156.09621356209945,4.20966219293047,passed,101,8.300639569206169,passed,54,5.061175227711079
3567,162.7990355768807,4.400315460732535,passed,119,8.43318394477448,passed,49,5.022584238749062
3568,135.51898341993618,5.15430625748375,passed,70,8.035123439266979,passed,60,6.367567670171637
3569,123.97415286105145,8.409311541520546,passed,136,8.522002093195514,passed,30,5.04888108551631
3570,162.4054038182638,4.929748097879014,passed,70,8.543139254106036,passed,18,5.145666572172902
3571,121.61144580263112,8.646959732096635,passed,169,8.9840583140115,passed,165,5.164174152441436
3572,121.29091931778619,4.159700521715179,passed,50,8.163176522799054,passed,32,5.586216463300753
3573,124.23498457427948,10.308755578333349,passed,64,8.484923699253555,passed,43,5.099097905807537
3574,215.74151000774955,7.982500100746889,passed,107,8.037361065175986,passed,91,5.323913147991544
3575,156.08236487920942,5.879145995753684,passed,81,9.495651718339527,passed,79,5.929003771785202
3576,127.70722433851307,4.8689864011277075,passed,104,12.332548674036126,passed,101,6.490305047628109
3577,179.85575367971228,5.305035538409979,passed,256,8.491174953559465,passed,70,5.759295386223062
3578,176.46531199855758,6.566683021928988,passed,57,8.170071316984039,passed,43,5.826216156461483
3579,177.31570234795814,4.978920952392011,passed,43,8.014369356903561,passed,22,5.00127332589233
3580,175.4823565085261,3.0596689231914516,passed,91,8.90369392208996,passed,40,5.0019773052826455
3581,152.69492215083343,6.702619972523085,passed,30,8.227936250375834,passed,24,6.404517983032143
3582,178.28857125438677,5.075695962029387,passed,50,8.733088679968493,passed,36,5.2457308733415475
3583,163.1169090398437,5.54911348085293,passed,89,9.04370234163283,passed,40,5.310306195596737
3584,140.92032525280848,6.313439345248119,passed,48,8.376931366665819,passed,10,5.4902162986301795
3585,94.1312781238521,7.624348133727489,passed,81,9.12969314099341,passed,70,5.001632449277049
3586,174.33966105941033,3.907064688415802,passed,50,9.430427004923736,passed,37,5.2497031045301235
3587,133.5945294828031,4.983036447391701,passed,100,8.495105256663349,passed,94,6.779709441658754
3588,170.9147753877441,5.2106529629377,passed,76,8.555214397887244,passed,61,5.186802828459669
3589,187.06855219414993,3.5349260484298046,passed,65,8.006372948833995,passed,49,5.684686801780914
3590,172.58826038933,4.648486687884563,passed,38,8.384388031105017,passed,4,5.909788749094647
3591,164.02251327736352,4.876282313867073,passed,137,9.417734008123468,passed,115,6.790257784714093
3592,182.80450842039372,6.025373706617023,passed,67,8.677117708770488,passed,40,5.336596088024792
3593,156.3011291423443,4.748209247128971,passed,100,8.420027357217585,passed,89,5.221357397751936
3594,201.6381910088306,4.625494329693204,passed,86,9.615315900448484,passed,66,5.188683021933871
3595,153.40984818253767,10.192235272318532,passed,201,8.305321543916921,passed,164,5.255156451384813
3596,195.82810640305044,6.36185744282749,passed,79,9.43820471818897,passed,33,5.073526282655316
3597,158.9575195063452,4.620917188320652,passed,84,8.957783046210954,passed,81,7.153569869682386
3598,219.65758547357223,4.075954973504614,passed,69,9.386206177422341,passed,31,5.253307004072805
3599,130.62096204764094,3.5259025778064843,passed,64,8.925896738233675,passed,35,6.404394126796253
3600,141.40680193749114,2.5270906427479485,passed,13,8.383990332453827,passed,1,5.4021691665176785
3601,167.10200368396482,6.1611555372131495,passed,311,8.007941306163424,passed,110,5.310781420196475
3602,182.95722320158808,4.467054022470169,passed,59,8.638644222082736,passed,45,5.028645782500418
3603,130.82953642642576,5.892432725996058,passed,97,9.45599234212251,passed,88,5.639106480160616
3604,163.41808840233912,2.927800829637903,passed,117,8.149104659682372,passed,68,6.5987374753418315
3605,102.85040117994964,4.415294011625252,passed,79,11.080776238596645,passed,60,5.678921629755296
3606,176.08113849762415,5.782553538313959,passed,49,8.930713657013856,passed,34,6.109865160476313
3607,160.13122320889974,4.213672384561565,passed,94,8.15395098466305,passed,43,5.212932083222821
3608,204.2795078023007,2.9157587088813357,passed,48,8.082881941900277,passed,44,5.97104142952718
3609,120.53642847892188,8.319368594166145,passed,55,8.180859475913138,passed,29,5.000264612712235
3610,159.66824980373138,2.973640222756315,passed,100,11.820633549430482,passed,83,6.095983129081972
3611,147.88597780358904,6.311192497631018,passed,152,8.093617462597201,passed,117,5.0317977999951635
3612,201.01820830199938,5.866013558166226,passed,167,10.903090882317912,passed,21,5.023606311283246
3613,160.55367139121896,7.165802014832718,passed,68,8.149451706572552,passed,54,7.306817255107267
3614,169.28403500638166,6.580467850041114,passed,152,8.25061505127309,passed,152,8.25061505127309
3615,153.30269351929343,6.569698629236381,passed,92,8.732645654223447,passed,36,5.380611964829862
3616,191.06367304861735,3.8864412553882297,passed,84,10.09505308161691,passed,23,5.209920072315222
3617,142.78605222632498,4.130015630753241,passed,154,8.609279530077485,passed,81,5.154510560106607
3618,163.61357031514845,5.017161833431764,passed,59,8.263222743026333,passed,45,5.012265393513227
3619,135.97742176874075,5.598249919530943,passed,64,8.54346900914642,passed,50,5.007572613916822
3620,170.94736187287643,3.2977920101217766,passed,115,8.68022445785208,passed,72,5.53842859178213
3621,193.35431409773673,3.9525273667662524,passed,14,9.70649575740734,passed,8,5.625983700672199
3622,189.00134775781282,2.692455428347877,passed,66,8.13491187786326,passed,56,5.820775840840842
3623,170.75619744211417,5.964364629136419,passed,106,9.547952311102726,passed,45,5.541569514173328
3624,152.9086178602332,6.084162896816463,passed,212,8.919739883577016,passed,175,5.016320104072203
3625,153.41050673516446,6.294379414407059,passed,120,9.164594229813838,passed,111,6.604927012690687
3626,148.16646592293776,6.335915509431275,passed,228,8.367458305544751,passed,162,5.08342104835493
3627,160.2915062435042,3.878444075474558,passed,96,8.747317417773237,passed,53,5.018480279131654
3628,151.0793081281432,5.461602919485624,passed,48,8.925485043773506,passed,26,7.143878730280107
3629,127.50857988846414,7.383256501828829,passed,118,9.679909292267808,passed,106,5.620302304988911
3630,139.79723241266825,3.6968318215032605,passed,107,8.153518764385748,passed,102,6.930934721400273
3631,185.2231562591736,3.6293747023141947,passed,94,8.001949825922882,passed,70,5.8173998440647745
3632,209.1110214091713,4.422095970644131,passed,155,8.35694967399716,passed,89,5.397288378523801
3633,166.72496637456783,5.139999382203787,passed,77,8.124773439966692,passed,67,5.993753486633979
3634,59.09180867570893,10.99906985898385,passed,486,9.263011375568109,passed,436,5.85402633772949
3635,81.88194603307922,5.958181648031531,passed,22,8.226763355093514,passed,22,8.226763355093514
3636,185.8436476763024,3.7255605128493565,passed,39,10.036503187855983,passed,31,6.170932828296016
3637,136.4657681771782,8.628875538121902,passed,31,8.419492383444439,passed,20,5.217598161051984
3638,137.47083042291277,5.334057591432146,passed,106,8.00245798911201,passed,40,5.290088140585425
3639,165.02257310880438,4.4047434571177595,passed,89,9.430390357018293,passed,85,5.698945789546617
3640,133.46475463160212,6.709043465582148,passed,203,8.021568520661383,passed,147,5.008298170940284
3641,131.66597989547267,5.845135340709201,passed,150,8.849669435134633,passed,102,5.0231142224497205
3642,138.28624958235864,6.641757411709098,passed,102,8.357176325030347,passed,93,5.162178470686363
3643,130.9479342699728,8.252736918082192,passed,69,8.960804999054716,passed,61,5.083919077939569
3644,160.9928031270532,4.025561675493243,passed,21,8.73893882848611,passed,15,5.008666292991193
3645,149.9813128394464,3.4164402173300177,passed,94,8.472080784177539,passed,54,6.657852181451829
3646,170.8335696658394,3.677148869620524,passed,108,8.980379781575731,passed,105,5.450380680746703
3647,154.71804219307325,6.7315274732221635,passed,85,8.828936691207101,passed,60,6.292776367038311
3648,145.1346780801301,4.976636132017559,passed,43,8.671559253451289,passed,33,5.039371910932711
3649,145.6372537802194,5.222131569923868,passed,70,8.104802549550328,passed,59,5.328500202980302
3650,178.38180276839108,3.5172614534718956,passed,60,8.336222336378585,passed,43,5.000923324983297
3651,179.59517984057086,4.393155105297197,passed,70,8.193534188693707,passed,64,5.924817784274827
3652,124.36542021915295,6.861869386374206,passed,20,8.591383693788824,passed,7,5.980129262825251
3653,146.2277361562514,5.072120812647867,passed,154,8.89925642321774,passed,107,5.135597320965579
3654,173.6582927281318,3.8217355931649286,passed,93,8.520911451959856,passed,79,5.266915046171983
3655,132.8423322328487,6.324783446542905,passed,137,8.866090516523272,passed,43,6.833211611807699
3656,200.14679005026562,3.309323895876441,passed,150,8.03477030311479,passed,128,5.33987940623355
3657,134.4676175144172,7.572141072976805,passed,36,8.006200922175811,passed,16,5.413346099986893
3658,168.31835907291395,4.286626034015946,passed,65,8.327513854668812,passed,55,6.30679379355652
3659,130.05362161453527,4.065983134281878,passed,128,8.407578675903803,passed,42,5.177151040832451
3660,144.96945762610198,5.269632041879384,passed,110,8.619782572874346,passed,94,5.122278332013819
3661,97.68274785502675,6.369145138929287,passed,147,8.6785621747566,passed,70,5.909589231787149
3662,193.14160094545332,5.192771250747848,passed,127,8.180702123248551,passed,107,5.010957140905803
3663,154.4599142310753,3.352527307201817,passed,31,9.65030664426967,passed,17,5.071564842679344
3664,176.292818452524,6.31069006949293,passed,115,8.839640649147817,passed,81,5.011055266332298
3665,138.61713184122664,7.6872940090716355,passed,74,8.571034603676786,passed,58,5.13952745387547
3666,168.9747508856649,4.278380993601832,passed,93,8.535657682506347,passed,14,5.144151081782367
3667,133.10447525288654,5.285815764008243,passed,79,8.316255982457577,passed,74,7.6616594792840775
3668,148.83112020419,4.635568715646065,passed,119,8.609701791208234,passed,96,5.643440576701808
3669,170.49467327310182,7.5768128990918555,passed,36,8.374083330103431,passed,28,5.009154318998066
3670,201.133799821562,4.9809839156622,passed,89,8.004180825491435,passed,63,5.040974954442978
3671,188.15753445263334,4.403820858370319,passed,67,8.723841796230825,passed,33,5.104790315449881
3672,183.9099517457053,5.061606536012194,passed,175,8.42966286097555,passed,46,5.100019313246151
3673,159.32775131818096,5.288513723605397,passed,85,8.543707839040081,passed,50,5.3491526444305215
3674,127.99227741393433,4.252369623014895,passed,162,8.981198727979178,passed,115,5.331013130200435
3675,122.63481163314478,5.271294644450199,passed,33,8.631257998493558,passed,21,5.326891687337665
3676,179.6844329445023,3.083554741987794,passed,63,8.241115715550151,passed,27,5.34246895390893
3677,122.0920720517031,9.167529687427619,passed,29,8.29761630003636,passed,18,6.378925095330823
3678,170.47186143614704,4.166624486094587,passed,43,8.767493388863446,passed,13,5.3935320947454235
3679,135.03174610130154,4.836351002429595,passed,30,8.108200026358702,passed,13,5.0321922462447155
3680,175.80652923373913,4.247452065732399,passed,100,9.262122610502743,passed,73,5.582005703585002
3681,185.58511316531653,10.507489995470486,passed,65,11.12254944486526,passed,45,6.347305041503137
3682,147.50866865031122,4.211026728264064,passed,67,8.042983661142644,passed,48,6.153862115909758
3683,192.5235713681574,4.95495282081393,passed,64,8.016678295361901,passed,43,6.325702453673343
3684,163.39391216844987,7.174496103044864,passed,97,8.636582681249806,passed,15,6.215368930963638
3685,132.46459663602442,6.337193174408464,passed,77,8.084641625974331,passed,67,5.7459035266665515
3686,169.69939058013614,3.715869079565468,passed,69,8.034610231437501,passed,64,6.116458648979073
3687,228.46383700127424,3.0146668856925833,passed,12,8.02066003168127,passed,8,7.136217338658635
3688,149.02363600864618,4.208729981910369,passed,53,8.016689036965108,passed,22,5.32616720101402
3689,108.54666595666198,8.094096099199923,passed,383,8.415350003135579,passed,243,5.130301613271904
3690,155.2097916778413,7.959809608128249,passed,89,9.123844779605616,passed,29,5.660941912105155
3691,133.45906449041763,6.22130523240926,passed,109,8.284733815847733,passed,53,5.676223727571461
3692,121.9502161587128,3.9051072377326834,passed,25,8.150494197366909,passed,19,5.087016376330822
3693,100.19701260705239,10.044884997553273,passed,107,8.215108587771702,passed,102,6.058497781032668
3694,215.98475569776542,8.575611228089352,passed,41,9.778738756547,passed,23,5.883305087346358
3695,128.06325974047888,4.628260865759788,passed,140,8.679180938441068,passed,118,6.11122460722866
3696,200.730866238517,4.9936552095663025,passed,48,8.162155789329507,passed,34,5.3918629540408824
3697,183.50119689792086,6.007814824308957,passed,45,8.758402315625036,passed,21,6.074902444252683
3698,117.61436028195598,6.732748219270112,passed,144,9.583760998346612,passed,138,7.051593705304793
3699,136.83074188607077,7.296623396492677,passed,122,9.013433989918628,passed,106,5.108099934765531
3700,179.77212688107173,7.085700680434297,passed,69,8.005228208178018,passed,63,5.57793839342835
3701,156.07286649266192,8.986091918500897,passed,50,8.07619484854425,passed,13,5.94941494594361
3702,154.30152791249475,16.190245371580627,passed,28,8.731163617981185,passed,28,8.731163617981185
3703,190.73922715984506,3.5410817597836,passed,41,8.36754657644998,passed,14,6.32483741056038
3704,140.41230784557516,8.48690070392125,passed,107,9.814775625153471,passed,104,6.295901874365173
3705,114.86000189052761,7.934783321497354,passed,183,8.017608674732646,passed,156,5.304422909797313
3706,179.83332942636085,5.202838971810511,passed,75,8.015030849593408,passed,58,5.748245164061716
3707,158.76823465414748,8.40517038772444,passed,90,10.47954136740794,passed,76,5.017167650250709
3708,221.91908433272823,4.731701440466766,passed,29,8.01079657758368,passed,21,6.115334648614779
3709,177.47273906343867,2.9701301543249214,passed,100,8.489735053566694,passed,42,5.73615046055187
3710,117.94272124680165,4.559350694458662,passed,46,8.06344804473349,passed,24,6.417313592400209
3711,108.9384755058255,4.933714603797979,passed,89,8.123108055839378,passed,81,5.855993226207112
3712,136.61793506638475,3.298756275797834,passed,117,9.27661456066524,passed,59,5.083019827051238
3713,130.8834353990762,6.356711281140545,passed,27,8.085705561546263,passed,17,5.098580388549512
3714,168.22372277460826,4.875145083581798,passed,47,8.179264915096418,passed,29,6.849632942985617
3715,131.2285439698034,6.219126628679559,passed,31,9.56160305546494,passed,13,5.637614376730959
3716,124.61204197630393,4.117353450362243,passed,104,8.396664229186769,passed,99,6.102236467152244
3717,159.79023958974835,8.683652095269917,passed,150,8.463588389807363,passed,90,5.029516403350165
3718,177.37998545337624,2.803754152335042,passed,133,9.559415237368562,passed,87,5.259469981450771
3719,131.45581858698088,5.305072377519295,passed,105,8.016914539203256,passed,78,5.699961625596006
3720,169.37383969625395,5.116077415752526,passed,72,8.042624059126835,passed,59,5.052294230066101
3721,121.81320051186621,5.290537773207057,passed,218,8.3897461292173,passed,215,5.16603188497009
3722,175.8929581882814,3.3818497776440264,passed,52,8.37006875754167,passed,37,5.062850435912081
3723,171.66651684547233,4.858571085102656,passed,69,8.140640809085141,passed,53,5.013222671279971
3724,168.3974427757624,6.640101890044933,passed,58,9.472759877110759,passed,43,5.863248059308779
3725,143.7596263243055,5.858252511524899,passed,110,9.340233334191739,passed,29,5.192108128882178
3726,165.02518750442928,5.333932459569855,passed,89,9.160630637034473,passed,60,5.584771400181876
3727,195.4460818990899,4.728491522822612,passed,173,8.295341620684859,passed,70,5.235381860300858
3728,180.81505261958472,3.5335479679347976,passed,60,8.014555003875579,passed,40,5.514524400624143
3729,185.10504050193836,5.163917807081121,passed,51,8.437705293640274,passed,27,5.339144465217771
3730,186.58403724990413,4.312612413756135,passed,78,9.30695499867349,passed,70,5.225598298188849
3731,145.22628698421892,3.815911772792783,passed,74,11.049063124265635,passed,63,5.409269461250843
3732,158.97085997039744,4.743341170778445,passed,53,8.506460733927245,passed,40,7.522718999402334
3733,154.97299363909778,5.463698081401175,passed,107,8.464967226515018,passed,92,6.363630066180992
3734,171.83218213934887,4.040448671708687,passed,85,8.784743143108775,passed,69,6.021318995484082
3735,176.9609573001523,8.669749282982897,passed,66,8.622898400694922,passed,66,8.622898400694922
3736,155.7594878758938,7.798940416608511,passed,102,8.481812709874447,passed,64,5.016367662775911
3737,164.97505378482424,4.138168117726602,passed,106,8.69976369685439,passed,90,5.018112882670778
3738,121.87184581182038,5.999995935788487,passed,203,8.003640592514083,passed,164,5.697494519004542
3739,180.4090139794513,4.423157494406122,passed,165,8.435625358001818,passed,111,5.029373425930461
3740,147.03241607057933,3.8267408673664143,passed,95,9.21277756338663,passed,93,6.253827420735125
3741,168.86487158856184,3.674982755783239,passed,94,8.66050587571603,passed,43,5.093446347471886
3742,130.05730396598688,3.6093232090419978,passed,43,8.703695437870863,passed,32,6.081369138515291
3743,195.66629217936068,4.752810277608853,passed,79,9.868387145295031,passed,64,5.099741232203514
3744,175.82284324467108,2.5070113003829455,passed,89,10.420717902903842,passed,50,5.193084321264374
3745,158.86345826897409,3.5762709946643048,passed,92,8.014087690443873,passed,84,6.19554368680455
3746,139.21706051330577,5.961444805786896,passed,141,8.233196373573314,passed,103,5.013691849903434
3747,173.74873154118623,7.708005978932135,passed,226,8.425632499645385,passed,226,7.33630223561208
3748,145.0667815861246,4.746674161938068,passed,118,8.901279516894856,passed,107,5.479782645626452
3749,161.24233797675794,3.3965315429503553,passed,50,8.297428183977274,passed,40,6.891186907791136
3750,164.54584543060795,4.958894734745495,passed,64,8.525464458553046,passed,58,7.73742061872249
3751,188.14618583845606,3.317796299459219,passed,65,8.09917739481174,passed,59,5.056313205475216
3752,130.60967115479625,4.010566918053843,passed,117,9.133560889001991,passed,109,5.323763915003554
3753,209.85989235630765,4.515688360697255,passed,70,9.592202475240796,passed,69,6.250873142581215
3754,170.0838183077373,5.253281916231531,passed,49,8.049465879346162,passed,38,6.580632883076953
3755,119.400777132395,6.4556925519033985,passed,106,8.8887771607715,passed,44,5.021935566798041
3756,128.07407230424812,4.950477440218591,passed,141,8.366237343450255,passed,89,5.001346130031026
3757,153.17611331508573,3.3709787562244764,passed,120,8.03709803604622,passed,112,5.024541898416945
3758,138.77266574767793,5.404091652031082,passed,153,8.002704495728619,passed,140,5.367863044033627
3759,187.54156774742276,4.894564601556885,passed,106,8.821228885599531,passed,104,5.6066088993086405
3760,138.07500014270474,6.111766132339322,passed,33,9.118442027661011,passed,33,9.118442027661011
3761,134.11201172477965,4.192421189367611,passed,140,8.018030162029444,passed,99,5.568313281725579
3762,142.07132977739064,5.021399356611397,passed,94,9.087597861559704,passed,84,6.786799879083949
3763,131.25681603144992,5.157363427297145,passed,283,8.72397850491302,passed,186,5.125243456150175
3764,165.85857088579056,5.5186699957339735,passed,110,10.217160461796215,passed,84,5.679442502157239
3765,153.34948747481593,6.300986335760086,passed,135,8.226062038609317,passed,29,5.615036947196139
3766,144.01935056218161,7.1026987084007125,passed,37,9.38287966274125,passed,31,5.628523444309685
3767,135.02997427780988,5.814399784233096,passed,34,9.579122921165428,passed,12,6.747222783109819
3768,160.8750899438316,4.499917488452863,passed,113,8.107282248372538,passed,89,6.816836179203611
3769,158.62112152126633,5.148241517481229,passed,79,8.114262764168334,passed,19,6.397779442866147
3770,194.4012181593064,5.335774090297442,passed,186,8.494243295106351,passed,104,5.2242417109196415
3771,173.76233093552025,5.0229685610635055,passed,61,9.321931582472764,passed,25,5.983517210425338
3772,123.87595749950347,6.793267127206468,passed,107,8.946736887642626,passed,18,6.88947139515832
3773,165.9140995339075,3.5506551241650004,passed,60,8.325693892090502,passed,13,5.40774882199373
3774,192.74509593783046,6.227702234033805,passed,160,9.900549052435071,passed,109,5.114228887707917
3775,124.72787497690953,5.156205649843894,passed,107,8.028395457488745,passed,28,5.237216188203653
3776,168.26459820357323,5.398393816861802,passed,97,8.252770416917254,passed,89,5.65496460244912
3777,90.92126293300228,4.500361986780354,passed,84,8.019113079386141,passed,68,6.188738068645461
3778,121.13861091895122,5.008481108293618,passed,316,8.064229955379076,passed,112,5.021745576707604
3779,156.49917843180074,5.0764693252633,passed,65,8.449526358598746,passed,18,5.14847947030781
3780,128.54735445483126,4.421535495044998,passed,184,8.192628921994105,passed,110,5.867493461126716
3781,135.30837561023367,4.823324719175251,passed,193,8.278351682279794,passed,165,5.38633067317138
3782,175.25344814245022,6.357601618106999,passed,350,8.294179901698229,passed,128,5.308066301837111
3783,139.3386310722339,5.609960131577795,passed,120,8.802842315110837,passed,99,6.061662216942776
3784,170.1720976520059,4.206935081997514,passed,94,8.755941128753886,passed,54,5.00673036215844
3785,170.6902948665288,3.889675490469709,passed,99,8.716399440583512,passed,94,5.299413559461108
3786,176.87377725423818,2.9713555429040444,passed,57,8.385337887685541,passed,35,5.8802121612272495
3787,149.03015503086326,4.497019661429994,passed,83,8.699955852218855,passed,83,8.699955852218855
3788,161.56471977560233,3.917898075739137,passed,165,8.021185473590053,passed,14,5.019301154681033
3789,126.02107271201733,6.925237991163689,passed,284,8.250377386391627,passed,222,5.0377272367467585
3790,164.25340353584895,5.489536191199651,passed,61,8.00181433239262,passed,53,5.014336225562044
3791,183.58208808531052,2.0776830827147856,passed,78,8.05954036502734,passed,56,5.428189096685321
3792,147.57631863776464,6.162518013452748,passed,125,8.840291934317058,passed,105,6.112438392027042
3793,171.5189936707926,3.8763301333856233,passed,117,9.528239089566393,passed,110,5.473075047868581
3794,166.1408066873905,3.903519938079848,passed,112,8.669518433819556,passed,76,5.330208061428721
3795,167.6067704215277,3.2381815283339965,passed,46,9.480726507877035,passed,36,5.369746809845832
3796,148.5902057811158,4.97190496905003,passed,21,9.10097433170427,passed,6,5.463717523118072
3797,150.67236598351977,10.811498560527454,breach_static,260,-10.020972643547521,breach_static,260,-10.020972643547521
3798,177.56461383054307,6.302336187750387,passed,64,8.814076141797411,passed,28,5.01722369496842
3799,171.63325464203555,4.155053342594427,passed,167,8.221287072761307,passed,155,5.460730069151576
3800,146.5108428288957,5.143149109702566,passed,226,8.1261448853321,passed,137,5.03428724628574
3801,111.33948365612198,5.3355516661579765,passed,110,8.104019332317103,passed,90,5.116761342949094
3802,192.54324832079254,5.319407183095675,passed,34,8.368386582094534,passed,31,6.0288564107870535
3803,148.65162520388017,4.066867033877545,passed,77,9.348228039291872,passed,57,6.956127429999137
3804,141.216617874183,6.9428694167406,passed,64,9.857984496200789,passed,46,5.157497267385525
3805,161.26728032921244,4.216180748865336,passed,34,8.12070711002988,passed,16,5.008376280889104
3806,169.55581545046644,7.189450512861232,passed,148,8.019276951021492,passed,128,5.028303718707461
3807,175.6906946017165,2.9964637176284286,passed,22,9.298116279211621,passed,8,7.252585342093787
3808,183.8913108510026,4.351460313137265,passed,40,8.006367889086064,passed,25,5.315420154698414
3809,112.57340168817147,5.389200250013072,passed,105,8.387917493800078,passed,90,7.3458531264881
3810,140.58270540224757,3.477911585447277,passed,96,10.104228589758414,passed,60,5.01685326520791
3811,148.39966329043824,3.943325297442298,passed,121,8.056633852089835,passed,110,5.123275663379445
3812,151.79971162198837,4.911172110955989,passed,106,9.684961943786853,passed,87,6.443613483071142
3813,148.6986770207622,5.05618094611827,passed,164,8.78962551794551,passed,111,5.3022160624101256
3814,161.86967475489547,5.883120992016217,passed,151,8.039246790063537,passed,105,5.513183769765884
3815,163.87193411596655,6.527304652737205,passed,95,8.931889853076047,passed,73,5.969706435909239
3816,138.3066086158756,5.567593287194244,passed,64,9.308555994874013,passed,50,5.096625169040414
3817,164.18202281160396,5.640010328458407,passed,62,8.231102881356156,passed,57,6.14456234645715
3818,159.91444162443722,6.845507450224536,passed,153,8.292187502616422,passed,128,5.131613382800815
3819,169.9238380137646,3.221785742901509,passed,85,8.519675380483926,passed,84,6.238321480723652
3820,119.20548158655765,9.512872210020502,passed,160,8.468368527158265,passed,141,5.471949440062396
3821,126.06886375968446,7.292549514918252,passed,350,8.1399164984693,passed,50,5.039756230153891
3822,160.1060152226439,4.439372742420036,passed,44,8.18757764652105,passed,25,5.63958918445453
3823,119.37382066496443,4.302011236127037,passed,63,8.022198335532039,passed,50,5.015162227805781
3824,167.167348087924,5.514098906793128,passed,29,8.015924438722077,passed,28,5.249129885257164
3825,186.68826611351338,4.69431738518181,passed,102,8.276110302328487,passed,94,5.357016095429357
3826,172.980841815749,6.723367360616293,passed,31,8.019164549838242,passed,13,5.486783926675898
3827,126.48152086043929,5.951384655378918,passed,140,8.389241514533396,passed,64,6.756047252647601
3828,147.7052697296196,3.8029466112736166,passed,42,9.254589070399799,passed,28,7.4039054176522345
3829,194.47224251025054,4.264658496023256,passed,105,9.954587036116536,passed,83,5.357907800348105
3830,165.42194937263278,5.407136669114468,passed,118,8.416668048151244,passed,32,5.2456675394448204
3831,111.90594854611837,7.1266957562473445,passed,252,10.868771286517243,passed,206,5.002064695069164
3832,151.56750104454565,6.556726654405234,passed,144,8.012823770842093,passed,48,5.541533834147083
3833,168.9269105229624,5.319433064188385,passed,115,8.626683865744788,passed,99,5.632545891710383
3834,143.00266613903472,4.496165238441736,passed,112,8.309020218605356,passed,50,6.215666835779854
3835,161.2538812217184,3.7952033796726,passed,34,8.32793194506305,passed,28,5.504413187200186
3836,132.76799518516066,3.716792992864621,passed,117,8.135034511793538,passed,48,5.345833217144547
3837,156.0474622665128,6.034951120332067,passed,202,8.00344162760005,passed,150,5.756678023074091
3838,200.90261095870088,8.025811382253996,passed,129,8.395756405506338,passed,21,5.10224468729874
3839,144.13390090947377,5.402296610031518,passed,136,8.19004534476473,passed,54,5.965779998848508
3840,146.69874543818943,8.815056484652413,passed,39,8.69616884468616,passed,14,5.906319213384048
3841,155.56208200347274,4.562940637512746,passed,106,8.126479711746203,passed,89,5.017244272604615
3842,132.6581262373436,8.759747397957165,passed,366,8.472784563233438,passed,107,5.536768582061624
3843,145.76775060433883,3.250492872824806,passed,47,8.95422763439273,passed,22,5.889714009192426
3844,156.2161885708979,4.049179607204832,passed,50,8.284283815131332,passed,40,5.47694263707712
3845,153.7245660562582,3.505998139873725,passed,128,8.011779003581566,passed,123,6.4190266376126015
3846,120.46331639253509,4.240269105082755,passed,150,8.395569132304392,passed,87,5.354416957677666
3847,134.46146058419822,6.344272055229166,passed,164,10.028258718441174,passed,115,5.221524614473827
3848,188.66097658439912,3.454132766293677,passed,124,9.267794458889323,passed,71,5.0128356948964115
3849,147.36810537648074,7.97714783948453,passed,93,8.010914707237804,passed,56,6.221251782616011
3850,166.6477464157076,6.119247308205437,passed,84,8.741788254023675,passed,71,5.304579643789742
3851,175.31534478732564,3.5846123878124603,passed,70,8.52964314073934,passed,41,5.255317193070219
3852,139.74622400822165,2.9251114106382397,passed,107,8.1534927346266,passed,84,6.369371075853247
3853,152.65849913385705,5.1236451797591025,passed,70,8.004845405609728,passed,28,5.3245982995503205
3854,115.42621893599514,5.59365474202662,passed,15,8.581947875530705,passed,4,5.300341748504045
3855,182.0603214309609,5.519725120405067,passed,79,8.26515422880405,passed,31,5.597404046048382
3856,137.75891863107125,4.980025858768725,passed,70,9.083263318632916,passed,45,5.542315580900903
3857,186.04142797123154,3.2730229593873075,passed,70,9.394897437333082,passed,67,5.016946230383845
3858,183.3091112818883,4.298917211231576,passed,50,8.437846738582678,passed,30,5.9510989864908215
3859,195.49694890116217,4.53450417033891,passed,96,8.531298916911666,passed,67,5.28811190843812
3860,175.79585170478586,5.3701825229958855,passed,185,8.668943906846248,passed,169,5.407767913456674
3861,149.73216770302034,5.182611534601317,passed,117,8.001685860697716,passed,89,5.255717786217184
3862,146.91368913106544,4.9149612636442646,passed,61,9.13540470934462,passed,26,5.4852936084990755
3863,177.56515796122838,7.661320564572723,passed,61,9.851437830449106,passed,33,5.797093102256445
3864,166.2258659013442,5.8798835410489,passed,37,8.301355888452111,passed,18,5.900340958384187
3865,165.9191055359131,4.30686331126161,passed,106,8.003157103444991,passed,45,6.633379329268574
3866,173.37362302951465,6.324937036108233,passed,49,8.102211028550265,passed,31,5.469310857005794
3867,153.28698048509085,5.221506933666921,passed,139,8.804679594936339,passed,133,5.015125153603672
3868,126.97525221726305,5.601207542664277,passed,61,8.230846120285307,passed,56,5.347172678991452
3869,157.66002452269285,3.849103424884283,passed,65,9.761176497371359,passed,45,5.148065787500289
3870,176.60856706593358,3.6001847428869644,passed,34,8.16470048405753,passed,28,5.594305933060051
3871,127.43145033425529,10.432130938690506,passed,142,8.459103483847596,passed,136,6.570189830842588
3872,122.94823227520712,5.837390484231545,passed,65,8.477608606305331,passed,60,5.433092623454261
3873,160.6966730193776,3.4816821548224284,passed,50,8.541549338786037,passed,18,6.107415372344249
3874,136.18047755956803,5.024874673726982,passed,100,8.271582006538303,passed,63,6.0624208410226865
3875,166.66613413613595,5.879728714066225,passed,150,8.899101769812013,passed,22,5.237886408211545
3876,143.76385187000312,4.579360400962414,passed,118,8.938536599386016,passed,102,6.89711864264726
3877,167.4847424602468,3.7986724009232136,passed,77,8.979290366873215,passed,29,5.651115487005676
3878,155.51975925637328,7.934172439663674,passed,102,9.759655347097373,passed,71,5.0123108970660635
3879,136.14180579686058,5.367138906117574,passed,164,8.60990475178558,passed,136,6.132556510853515
3880,142.4235461088562,2.8808990729626207,passed,67,8.245475601778152,passed,61,6.139613164275004
3881,147.68427968005707,10.256431683484983,passed,74,8.002950091749451,passed,56,5.507109341462324
3882,190.4073217031961,4.290235707297855,passed,53,9.652517710869656,passed,42,5.4950982503101375
3883,173.8993036314257,2.8842653447425857,passed,66,8.837418796787766,passed,29,5.039234809655535
3884,223.20816260039663,3.3028672333073468,passed,87,8.447524534238804,passed,32,5.463331520370818
3885,139.23524991156415,5.638172409521055,passed,58,8.420886564643592,passed,48,6.386926973102702
3886,151.60578462902788,6.20506316707217,passed,98,9.348390629604285,passed,71,6.404484131976762
3887,168.10822186246233,5.164827161191203,passed,100,8.578378766871907,passed,89,5.298866678953829
3888,140.37307888422586,5.0443596564807525,passed,40,8.399271537416041,passed,25,5.198860525576143
3889,157.15734359440202,5.494544972453206,passed,43,9.466019804162507,passed,33,5.755031119693488
3890,144.8486274940559,3.5496678650660902,passed,57,8.051393637477844,passed,48,5.359209316974911
3891,169.03100926881157,5.121069734550062,passed,77,8.190921191427547,passed,52,5.676306287431809
3892,150.16129667739256,4.143755134119382,passed,106,8.597765570260819,passed,100,6.648368366924418
3893,194.66863449833232,4.357647151287501,passed,42,8.515162861649417,passed,31,5.125112312154134
3894,162.4402832611221,5.05285879874293,passed,92,8.012370866796648,passed,67,5.696843773449123
3895,174.95537133797492,3.6657488617227854,passed,55,8.731049988371842,passed,43,5.114822330769742
3896,180.48354441648007,5.445794381324963,passed,106,9.155948627434762,passed,60,5.942015094537245
3897,164.45964218377415,3.5076118360245307,passed,61,8.131674057692262,passed,38,5.500616343437126
3898,160.8355114499446,5.289801235144003,passed,59,8.301010157118306,passed,55,6.699501410457365
3899,148.56841928994888,6.416228731565747,passed,56,8.936281905045739,passed,20,5.196619956144244
3900,193.86349104279884,4.189991055025427,passed,59,8.527897549324859,passed,56,7.230389714524943
3901,158.5993858554943,4.783725806208508,passed,42,8.774039082210194,passed,28,6.021656160072286
3902,145.02166154948702,3.7983974745707645,passed,128,9.331518594899979,passed,115,5.32458940260494
3903,189.5212017747826,3.5789673185744344,passed,47,9.592503850499789,passed,45,5.189966093062459
3904,191.7748590220201,4.739980456453605,passed,44,8.14821685025564,passed,35,5.106662541410234
3905,105.79960932649568,5.826617451422701,passed,17,8.316089096508005,passed,3,5.311093118287902
3906,142.31117620653407,6.208311354903695,passed,148,8.475959972775883,passed,50,6.362992446048499
3907,174.96735866070088,4.071955055384308,passed,60,8.007068790087303,passed,28,5.574067799937277
3908,116.15456619494893,6.693575876378359,passed,43,9.261408128405279,passed,28,5.47235730273925
3909,184.97285562546858,3.614619887621404,passed,111,8.971929484921336,passed,89,5.01778032005511
3910,135.9719562624229,4.43439958764422,passed,106,8.76989373430872,passed,50,5.143008184772624
3911,162.766739658286,3.6524052447934956,passed,33,8.3108428054264,passed,33,8.3108428054264
3912,154.4722332424731,5.183095453409779,passed,120,8.958438775554267,passed,107,5.408478580119325
3913,196.50191821587396,10.36206009423127,passed,189,8.262655649888062,passed,55,5.017128611245125
3914,142.74968529667095,5.651013895452533,passed,89,8.010276257708714,passed,73,5.886656976899696
3915,143.0339286871789,6.703585926028718,passed,58,8.595881326132936,passed,19,5.327614387310997
3916,199.14735615777764,4.702622323940786,passed,60,9.456058168398162,passed,43,5.579722252982111
3917,158.89029132059193,4.291865978738981,passed,38,8.063859953442453,passed,35,5.928795283623889
3918,149.76630385330859,4.7910416179664,passed,107,8.75216331470483,passed,76,5.3001033762678285
3919,146.7841432302056,5.182561821688087,passed,34,8.021576711034694,passed,26,5.848770595297381
3920,159.28852938759866,7.72093835266543,passed,70,8.215865006386803,passed,63,5.002152959975081
3921,130.8581260224608,5.3656708796317325,passed,85,8.587504993770256,passed,56,6.257759468544544
3922,152.61838374204055,6.896332689749792,passed,48,8.347982532332132,passed,21,5.775588511313456
3923,154.38687168136815,6.232339807289318,passed,150,8.611661297407313,passed,98,5.018719839901142
3924,131.31371346125653,4.104407841245095,passed,130,8.75093612195168,passed,85,5.007853353673708
3925,116.81403335174538,5.489299483091713,passed,92,9.430992374436986,passed,46,5.8984987265013
3926,148.70714803372675,5.247785874401115,passed,47,8.230554674134915,passed,4,5.085116692396152
3927,192.13544793021953,4.924065997287428,passed,100,8.001706998364554,passed,81,5.00333892138678
3928,192.76512994949434,4.284776994090244,passed,97,8.402676319529267,passed,85,5.460341397862112
3929,110.76576633491202,4.320769318552023,passed,184,8.332528771796778,passed,150,5.007236402512816
3930,172.17113981111152,4.278898880438481,passed,94,9.37465291122772,passed,61,5.0620188857790405
3931,162.45978349962223,3.778337147490491,passed,82,9.531531195392029,passed,63,5.220738025312577
3932,161.2698715009933,5.381848002652383,passed,201,8.811782507957888,passed,177,5.551395971269657
3933,163.57329016431157,3.9412177002973623,passed,124,8.514718428703771,passed,72,5.009405580868709
3934,186.80002034035002,4.492720773325342,passed,81,9.289847135438078,passed,29,6.13306715970785
3935,131.51658067912018,6.3988244688036575,passed,115,8.313290018221098,passed,43,5.013010607886281
3936,183.02297307305767,6.4167671547199125,passed,179,8.084453417557969,passed,144,6.146960017071312
3937,163.41601543846963,4.082754336354687,passed,81,9.320648905827934,passed,45,5.496010985977962
3938,153.17897754467623,4.681203707435354,passed,116,8.754325500976634,passed,106,6.328035520582187
3939,144.79005069684834,3.2370065663159524,passed,95,8.45677575644097,passed,84,5.419289500915281
3940,177.94863680517287,5.553232156404921,passed,76,8.373364550377094,passed,54,5.456079316823126
3941,206.43022503779886,6.281350206136237,passed,68,8.312352666302436,passed,46,6.474647257469979
3942,153.69259845242524,4.055682866580278,passed,104,9.339645648646687,passed,39,5.0332554307306765
3943,165.58405652852164,3.4558426170017214,passed,107,8.00751068713903,passed,60,5.021389766819184
3944,107.34681321153761,14.395605093229664,passed,79,8.000686590921813,passed,66,7.559821791921473
3945,104.13393181728674,5.683609766428469,passed,141,8.11510405886482,passed,121,7.689844281371738
3946,99.1832829723227,8.260059339267487,passed,72,8.018177555105277,passed,46,5.018464708912274
3947,157.77986083397408,6.322531347958958,passed,100,8.498107335826077,passed,14,5.013366572825451
3948,197.1133580137846,7.475580927368394,passed,100,9.163781708739949,passed,79,5.026641024112077
3949,100.06020085232272,8.130834505508506,passed,38,8.00275697756787,passed,32,6.302298606867307
3950,126.5314985631647,4.257043987765826,passed,55,8.884877648003142,passed,36,5.05478546567093
3951,196.4636685628383,4.310557164133737,passed,100,10.472507208173297,passed,70,5.112863277702151
3952,156.84643441608804,6.809656090416685,passed,85,9.680873706570846,passed,73,5.002683273341146
3953,180.86612307700184,3.3972616939552633,passed,98,8.337073919009153,passed,61,6.6233983827317156
3954,172.62896765112302,3.693821651762156,passed,64,8.018111213290346,passed,29,5.450785777031242
3955,170.85733904088661,7.1602342642396,passed,165,8.806940366378658,passed,162,6.817007754173843
3956,159.99097368721345,7.821762388918366,passed,44,8.647545715067606,passed,23,5.010001388536245
3957,150.19022841091547,5.106702002801114,passed,52,8.036253819350359,passed,36,5.389764150043264
3958,144.43445218105487,5.33122876578446,passed,84,9.16984862942365,passed,66,5.002909460186333
3959,180.72919547046848,3.1511210269900327,passed,100,12.616072891798357,passed,90,6.404400931466125
3960,217.5007871672098,10.119926559703506,passed,106,9.316418604758292,passed,45,5.917202817396716
3961,164.39664006714523,6.481548318400685,passed,46,9.121799634835813,passed,41,6.209705091614115
3962,196.47591395960586,3.3644793236614774,passed,99,8.431894692161324,passed,46,5.017502762478121
3963,164.03963505657208,4.429996707628843,passed,127,8.079654609423503,passed,65,5.793557742359878
3964,164.63337623077518,4.603595934250489,passed,43,8.098949008459178,passed,19,5.860428132954754
3965,160.7850630916012,3.136803988728934,passed,74,8.338902932581016,passed,70,5.452969420672749
3966,183.24788291489233,3.329562996706227,passed,44,8.139752015863188,passed,42,5.105237758170755
3967,129.2329194953478,4.539212528560311,passed,106,9.133482992316466,passed,39,5.193966625744051
3968,124.38857466751085,3.7932446016015606,passed,39,8.413966921599503,passed,22,5.433849737048302
3969,184.2792258043711,4.035213168397752,passed,80,8.914698256930254,passed,29,5.010776439159481
3970,191.70416830860057,4.660686169022298,passed,80,8.398150869215026,passed,34,5.337240624936168
3971,195.61574731984342,6.351584596974315,passed,36,8.18933473559893,passed,13,5.674693892397209
3972,107.42258855329405,6.413064007007977,passed,243,9.056658228195635,passed,85,5.019982191603134
3973,140.62595718678267,6.379343627593796,passed,228,8.002716019342504,passed,179,5.028190621755635
3974,189.5713768684642,4.879053514165949,passed,70,8.011767009698012,passed,30,5.0507771471544505
3975,144.38892435433334,6.9803566056296535,passed,89,8.15888814107577,passed,65,5.534490604904674
3976,179.25856904098083,5.20170222133641,passed,114,8.394930520768785,passed,102,6.364960731133351
3977,147.76606880044403,6.642700526615461,passed,102,8.186462903679725,passed,100,5.16901173035289
3978,115.11123441744124,5.544448041144387,passed,54,8.062556280266087,passed,43,5.714335761838019
3979,158.216978540734,5.120640946446412,passed,177,9.528399736741665,passed,24,5.106645337470628
3980,143.85919319768203,7.901870720119039,passed,160,8.402126937460297,passed,20,6.056226770476325
3981,118.18059933128882,7.805908530870839,passed,168,9.292750491786528,passed,153,5.136330757579977
3982,170.0029458902041,3.3342428649827553,passed,19,8.062796892436008,passed,9,5.795850652063406
3983,132.6534584942468,4.57708266523015,passed,165,8.577331951839696,passed,114,5.621979222552387
3984,160.111102007272,12.352282347644278,passed,223,9.0572863512413,passed,193,6.04495078609899
3985,168.45127465676754,4.506096873227129,passed,29,8.91245218090042,passed,21,5.484681025955895
3986,137.7371995285671,5.654553501382526,passed,106,8.460255095821466,passed,53,5.474501051461367
3987,152.7940522435543,4.001153475060422,passed,104,9.769790989705918,passed,76,6.570270441462056
3988,150.15868757423522,3.7637463956177535,passed,73,8.7455277992621,passed,66,5.675813744137059
3989,152.01599322398843,6.316350310839591,passed,60,8.10954016764418,passed,40,5.237150531221402
3990,152.863989050997,4.150681973949603,passed,89,8.237739435253477,passed,85,5.980685140547237
3991,177.79211717359536,4.957391087046668,passed,81,8.060707732843486,passed,60,5.3118540269987635
3992,142.3325730741094,4.322055675214678,passed,66,8.259797313945171,passed,61,5.966508833478135
3993,138.46531414174882,6.100873048274693,passed,73,8.01868100245795,passed,54,5.243181586898382
3994,151.8742312019735,3.477145657298572,passed,108,9.974585743195874,passed,65,5.110557845229935
3995,129.8604711300692,7.588672456655248,passed,229,9.24408491921449,passed,111,5.156805399286424
3996,120.20794063882829,5.73582537352905,passed,111,9.777921986562177,passed,97,5.010879653493716
3997,185.53808595274984,4.317089300512826,passed,129,8.003615813699705,passed,34,5.06862524185292
3998,181.80444182923617,6.880994205387256,passed,46,8.130963778767164,passed,44,5.6003050003582855
3999,111.2849815586757,7.2399978541486405,passed,225,9.62909069786182,passed,50,5.229289226711797
4000,168.35354289019597,6.110940986607895,passed,22,8.00994792600125,passed,13,6.022179864772537
4001,133.7327997671127,14.228910679615007,passed,56,9.274229208717188,passed,49,7.608450020158664
4002,122.29418736629319,6.175416764479136,passed,280,9.316183801367472,passed,49,5.472655497456169
4003,182.68369297936061,3.267132947816255,passed,50,8.815688957826474,passed,32,5.00386290692616
4004,161.25787759984536,3.5038757383098895,passed,68,8.002408447927145,passed,41,5.556444537905247
4005,145.69460369535037,3.897444355486932,passed,77,8.4203922251737,passed,22,6.08648548541586
4006,125.43275601896147,6.527670884060563,passed,234,8.944941019067576,passed,222,5.277207054872068
4007,139.08941687111312,3.3556695136566015,passed,98,9.026075970512348,passed,81,6.073459505762346
4008,181.38774135435432,3.334399443925896,passed,70,8.518911464188793,passed,59,5.260065538963055
4009,82.52417243718664,6.050544901142371,passed,257,8.022040685561848,passed,127,5.475418876151572
4010,131.51419331178974,3.90097804969176,passed,24,8.312028286521267,passed,13,6.044469486248616
4011,138.89307369249573,4.208472815058441,passed,100,10.158285353217899,passed,44,5.001508426489432
4012,156.41644892509072,5.471692479199946,passed,70,8.602673068880428,passed,57,5.126492176721431
4013,174.23726405647756,5.1815430724968925,passed,63,8.184698261578195,passed,59,7.570344995879763
4014,168.26593963322668,4.6489907290943,passed,138,8.002793945863118,passed,42,5.191783835140851
4015,121.70904830022184,8.589360608070026,passed,78,8.526305329805783,passed,65,5.633386847005495
4016,181.55535060590927,4.832024587042884,passed,56,9.12341433074213,passed,32,5.984300484426863
4017,208.95009653717585,3.7277198499033943,passed,118,8.832324562821459,passed,39,5.191769701288362
4018,134.42234366302011,7.635099226292861,passed,140,8.670991525868343,passed,110,5.150939197503668
4019,122.81130549118578,4.124952768859324,passed,94,9.65248945056285,passed,74,6.352422428066795
4020,163.16955062538074,2.879132057807689,passed,48,8.002651451407083,passed,46,7.957272144428007
4021,151.30340883862533,5.592987150510101,passed,43,8.086285529077397,passed,29,7.544473764833715
4022,117.28908185840483,8.20423154071334,passed,183,8.249963291069173,passed,119,5.611849156430115
4023,114.59250990478829,9.020181456200588,passed,71,8.606275104996165,passed,54,6.350775304679979
4024,141.94209600148557,6.87498631039766,passed,46,10.94626118504214,passed,39,6.2594354004522845
4025,183.9755808073631,2.920561761114398,passed,162,8.419887904336676,passed,121,5.002144883463044
4026,104.33796991076676,6.047361137262422,passed,79,8.019884584491056,passed,46,5.337393134308588
4027,138.5795420491371,5.415402088276491,passed,131,8.464658945952763,passed,128,6.212822321774292
4028,158.24122419392808,4.899400890948197,passed,54,8.171785875529046,passed,37,5.775349465395929
4029,145.09006990010081,4.307002528484744,passed,34,8.21000067531803,passed,31,5.865058101143594
4030,181.73980107151345,3.0830101744981184,passed,38,8.55904056260628,passed,21,5.568639458543978
4031,146.69108414186275,4.848777043870852,passed,20,9.012842770557072,passed,14,7.007883805282966
4032,112.66997624497196,9.482146851118591,passed,260,8.767580304303046,passed,190,5.014604995086613
4033,155.09243538363035,7.109646403805837,passed,336,8.454045379065889,passed,180,5.183633715239799
4034,191.39777330282976,3.4434747771210583,passed,46,8.038335135923113,passed,24,5.825659000504602
4035,163.32228778913301,3.0676821068157127,passed,28,8.017840606184667,passed,7,5.259728807176112
4036,141.7434927755215,5.113739881507606,passed,107,8.025315985580095,passed,107,7.608166706174702
4037,132.2896435860219,5.591407137899344,passed,60,8.646941479041681,passed,45,5.00798317946467
4038,158.80180210653148,4.774751415849887,passed,53,9.421798161405803,passed,40,5.11316991216153
4039,136.96123699114352,5.374814072790774,passed,46,8.012561101180339,passed,30,5.016115460179127
4040,136.4883981315541,8.178062675888457,passed,174,9.1924989314651,passed,128,5.766066605452824
4041,149.49803223489556,4.45191340407995,passed,101,10.005679835490632,passed,94,5.765222120720104
4042,167.40350242688103,4.506163696631054,passed,54,9.807968028494862,passed,50,5.741010246167977
4043,161.86618693813952,10.035998518122144,passed,341,8.370322749137182,passed,169,5.243687160857546
4044,127.3294833909818,3.789164025874133,passed,115,8.633131297026875,passed,50,5.14305698614439
4045,178.83566509110884,4.758829652834039,passed,38,8.543280548187093,passed,33,5.429233102357789
4046,154.4547291172616,4.880666840268337,passed,84,8.764218732702101,passed,71,5.036513110562724
4047,128.86877006921202,7.078261219550774,passed,270,8.365664834511911,passed,256,5.018047939890846
4048,181.72428842169887,5.113767340489951,passed,23,8.165127956681939,passed,13,5.007866781933501
4049,153.53343496643538,4.411110939289884,passed,89,8.295645442620225,passed,59,5.002342756697553
4050,158.5495508327765,5.146134249963303,passed,190,8.014231126048754,passed,174,5.13255255643601
4051,131.9208886444597,4.400641905668488,passed,121,8.101692863357957,passed,106,5.47644380972796
4052,131.24531910404477,8.594746952524387,passed,124,8.047941592617548,passed,102,5.453814265188006
4053,113.86316254045488,5.32512459373026,passed,65,8.634623938725072,passed,33,5.1514366582819715
4054,142.72258554950653,4.701814458065327,passed,28,10.474823190643212,passed,21,5.3824226108935
4055,123.1171788816622,6.582870293871553,passed,58,8.251783731305906,passed,43,5.369985113602249
4056,166.28294828179793,11.218085017430148,breach_static,31,-10.161855927394592,breach_static,31,-10.161855927394592
4057,160.576343907301,4.04381424338269,passed,147,8.791315741552253,passed,147,8.791315741552253
4058,117.3914576359011,17.419003463872226,breach_static,178,-10.361637489811148,breach_static,178,-10.361637489811148
4059,138.38651238718208,5.256133896600688,passed,53,8.581523725896734,passed,29,5.663785263066101
4060,142.66459145073793,5.66492156572923,passed,174,8.026093592325667,passed,160,6.009675548708238
4061,158.02788735418702,4.2715529866347905,passed,165,8.22894810255157,passed,142,5.106928409253486
4062,133.1664555412793,9.953844540061512,passed,288,9.951465953382876,passed,20,5.137554673605349
4063,168.2060221042933,4.524471593294966,passed,69,8.359594879641929,passed,54,6.584605557139844
4064,183.14774233141108,4.950863963849461,passed,38,8.840881032276204,passed,18,5.134826463928865
4065,143.66415174537673,7.400240866441292,passed,86,9.410825486831031,passed,85,5.032874279881772
4066,130.34406773749714,4.725835818583719,passed,81,8.106727270495151,passed,63,5.651889090107098
4067,158.08310231616574,4.665639347460069,passed,41,8.615622570435644,passed,31,5.679378538306912
4068,150.56045093276268,7.473302205815294,passed,43,8.501331504652976,passed,39,5.50556655325638
4069,100.69575584047992,7.617163450247346,passed,59,8.708593681161659,passed,54,5.252824162187064
4070,175.89189320061536,3.24996319394602,passed,100,8.11660163066119,passed,92,5.177170467014847
4071,166.0621503613309,3.8543295135059537,passed,53,9.252580999491421,passed,36,6.4703278012300025
4072,168.67728709543948,4.605585424031653,passed,115,8.136545755239077,passed,43,5.004310685390512
4073,173.08001420700555,5.175495403614108,passed,75,8.284731403980805,passed,50,5.011626660174429
4074,146.78405548476104,4.7706660936618395,passed,43,8.81851373354765,passed,35,5.233707524015507
4075,98.34812666303951,6.818517395416884,passed,86,8.914243744234508,passed,48,6.363866410089147
4076,137.51998877765246,7.522640826794949,passed,40,8.212097451773115,passed,23,6.060282078387824
4077,185.49449269046997,4.854760086790285,passed,56,8.538744167621859,passed,18,6.14960174036554
4078,174.93033028113635,5.357007779224411,passed,56,8.305974833308326,passed,44,5.000311773941912
4079,193.1690917994176,4.607512585358496,passed,129,9.00660786328038,passed,48,5.043384799952166
4080,153.0737521292048,4.101033895181616,passed,99,8.520634514501912,passed,50,5.723202313099618
4081,161.2266572805989,6.231799095462379,passed,72,8.160567074594516,passed,59,6.746230069301773
4082,145.3215842781358,4.352262754342622,passed,104,8.020095771643042,passed,98,5.09660881359042
4083,178.06746949199555,5.292512662992796,passed,69,8.144037236516532,passed,50,6.142783367415339
4084,162.15463525522327,4.585666485206535,passed,61,8.268600236183165,passed,40,5.010701714707566
4085,183.46703606990494,3.780663973995467,passed,56,8.023699133248474,passed,22,5.016367536548638
4086,162.34865995267268,2.9454945114754683,passed,28,8.783375346171551,passed,13,5.010482188309151
4087,130.71793494641128,4.170167851739523,passed,83,8.419086191043078,passed,50,5.021996039884891
4088,130.2888250886518,4.289562380449676,passed,66,9.019318596341197,passed,31,5.4683521034511795
4089,173.7083679638942,3.5732150720151616,passed,123,8.325835947444737,passed,44,5.011463597382382
4090,101.43701915343479,4.770661882474605,passed,170,8.900201126526497,passed,44,5.010641924577031
4091,188.25279416555009,5.380287064536188,passed,54,8.20790401881808,passed,28,5.064212531318679
4092,126.67534420011108,4.353297201130674,passed,97,10.690358570408275,passed,60,5.64314433011579
4093,158.78843867660265,4.782081019435434,passed,73,8.00356255700596,passed,45,5.9677225500195386
4094,148.01348659456096,5.615021293889034,passed,99,8.01304041235975,passed,53,5.063591036906501
4095,150.1190357887228,3.6829714344762268,passed,137,9.121067960172113,passed,80,5.15391021131264
4096,197.5701026927637,2.9714768785342947,passed,63,8.278936515841417,passed,55,7.124037754101709
4097,109.65676511388085,9.789115841727044,passed,205,8.31977735870777,passed,138,6.6175276663137605
4098,167.14095511924913,4.642734500115031,passed,112,8.07656283199436,passed,89,5.577323314078564
4099,177.30821223773802,7.605237530116141,passed,50,8.438491291737593,passed,50,7.788205822727079
4100,124.8018573026303,9.42491229150024,passed,14,9.143823073068734,passed,4,5.56490610915763
4101,172.9314606367287,4.170089891945974,passed,29,9.144150805315409,passed,22,5.7085816331517325
4102,142.36001327602202,5.584894398158737,passed,116,8.25297292458551,passed,111,6.113325273533388
4103,173.4874826112591,6.219370114935049,passed,44,9.548443978394804,passed,16,5.061926038217224
4104,137.3437057180015,5.690172504285441,passed,248,8.381493345950485,passed,21,5.4599731446291155
4105,176.94364295288239,5.164451055018671,passed,120,8.008972698841909,passed,67,5.416155475001139
4106,151.65431929508685,6.278025501557607,passed,102,9.499638785538366,passed,101,7.791565682640966
4107,132.22588648098665,5.8447341408148406,passed,118,8.008401824514877,passed,52,5.313291931456399
4108,134.31345114843296,4.586725856227898,passed,286,8.005694054309597,passed,28,5.210420825069462
4109,162.21536383482098,5.613590373501734,passed,100,9.366726630042677,passed,94,5.563419522354085
4110,159.3552199352572,6.7054035388784685,passed,100,8.40287511899811,passed,70,5.847141975251535
4111,192.69977010102548,6.501888931853237,passed,50,9.198414588091609,passed,29,6.083875156908447
4112,157.6144219172052,9.311287748007425,passed,349,8.263105389091052,passed,219,5.077626919507505
4113,160.4477712454584,5.5458775161488685,passed,36,8.281756762465253,passed,16,7.630895684169059
4114,175.8364794897081,3.535986249643129,passed,33,8.760821182882017,passed,13,5.402696069186486
4115,157.79333318516527,4.945119872665745,passed,141,8.480333392848705,passed,128,6.3289105684718905
4116,159.1797195143033,5.360552460076518,passed,131,9.376665629846425,passed,17,5.102842794514628
4117,157.65236955003084,4.743521774490535,passed,38,8.143221367156483,passed,30,6.364964944385898
4118,134.84558634722697,7.4705732020260776,passed,184,8.003514649855559,passed,56,5.25708733437158
4119,137.09417940196795,8.874033410049455,passed,23,8.493860510344353,passed,11,5.2179167794456305
4120,163.07800417528688,8.469099434131248,passed,28,9.625717367602494,passed,21,6.03783626992509
4121,153.0063317391481,5.529657496965878,passed,34,8.180346165380481,passed,34,6.5195492664607
4122,124.67707779869737,8.984141316054524,passed,381,8.033211035752675,passed,342,5.332481255890209
4123,152.9157299481921,5.350119104747631,passed,43,8.95774078724565,passed,22,5.94822359490228
4124,169.8884815130025,4.156525107632998,passed,64,8.732895624864057,passed,60,6.6832012346160985
4125,181.37566168157645,3.907826894050606,passed,81,8.036996299271548,passed,50,5.122689622391485
4126,197.80148890154817,4.503476602484833,passed,120,8.205615860536653,passed,42,5.921986567003135
4127,169.1118931383645,4.043789045709515,passed,69,8.787976763160522,passed,47,5.619590751363024
4128,184.80084825019009,6.634606321144948,passed,58,8.279216107392685,passed,54,6.595003156301593
4129,119.1186656862623,4.922275956691143,passed,143,11.45488652766755,passed,99,5.334016073193126
4130,122.56965125179474,8.30219581468901,passed,184,8.118741068415014,passed,167,6.109313873689226
4131,151.0882395369988,3.8488830514676122,passed,89,12.871956495834013,passed,83,5.877509575573159
4132,137.6430774860371,5.127560364980912,passed,70,8.004547567049425,passed,31,5.187985615967738
4133,139.08087811350492,3.5375891464630564,passed,26,8.180553365930866,passed,18,5.725213059592438
4134,128.64688607551312,6.32670526473065,passed,47,8.794536375239614,passed,33,5.113354147289373
4135,133.0453055076831,5.399507634504968,passed,79,8.741174485596392,passed,61,5.012843364545483
4136,170.40342649003261,2.9037644975382233,passed,128,8.059712558246822,passed,110,5.9245835975684225
4137,171.40428243503308,3.936744696655635,passed,44,9.954184546187017,passed,20,6.634235237224972
4138,151.23034406571824,5.633089327167806,passed,73,8.2837789489846,passed,33,5.19334922145156
4139,110.43005167621996,4.415105314600235,passed,64,9.25145617139691,passed,34,5.170089437542069
4140,130.0949854807408,5.727856919229903,passed,114,8.079190456206465,passed,54,6.219396256105747
4141,87.57156855150257,10.148526513207399,passed,46,8.004764529714459,passed,30,6.330612528141311
4142,163.2161545320005,4.629006333556579,passed,97,8.216821158093811,passed,44,6.074099103510577
4143,132.37742840665598,3.5428866480332535,passed,141,8.558825334825105,passed,122,6.312161760586887
4144,165.78588295580266,4.652885600088604,passed,80,10.138502382035197,passed,14,5.441374013792077
4145,185.68629638258233,4.4698561288199645,passed,93,8.981173283982091,passed,67,5.093991715855162
4146,121.48715772425037,5.438499567357981,passed,88,8.52001521229142,passed,61,6.850446191175719
4147,147.13359104166818,6.281497819803692,passed,288,9.925986354054327,passed,229,5.262764237196893
4148,149.66251177265485,7.4506125887222785,passed,21,10.249627583269838,passed,14,5.583045706310252
4149,138.61839509248196,7.581984487543682,passed,79,8.346011461745384,passed,13,5.013039609889547
4150,157.24806494003855,4.682911441795904,passed,54,8.999960815148977,passed,49,7.473804720270549
4151,179.41301374545046,5.085344859633656,passed,44,8.852150552331395,passed,42,6.828687254133303
4152,119.29748019765718,6.839734303352539,passed,63,8.226840769385202,passed,63,8.226840769385202
4153,103.35399016181239,5.863742744231199,passed,348,8.845265227955124,passed,295,5.506018497367271
4154,162.04623021373763,4.744602665460864,passed,63,8.82791909409053,passed,6,5.341454066527596
4155,173.61974800229723,3.2618981864072296,passed,67,8.750687518681088,passed,59,5.398389171510454
4156,130.2029513028005,5.726305023161147,passed,108,8.096070329207405,passed,101,5.478050650877675
4157,99.40709716308807,7.695683518478851,passed,253,8.983573934667554,passed,141,6.056715452820272
4158,181.9290693571053,4.204901346297712,passed,170,8.651336855871428,passed,137,6.343663527371657
4159,165.86116653036513,7.319800416582627,passed,30,9.010514868650144,passed,15,5.0241106657836765
4160,137.4300588324479,7.427418541713866,passed,98,8.223561975839644,passed,97,6.022779035620718
4161,170.95170151826338,3.1476366063931276,passed,51,9.10285111579161,passed,45,6.0267082839210895
4162,177.2703251212123,4.293897794945624,passed,79,8.567354835550557,passed,79,8.567354835550557
4163,165.2949216402325,4.44749688120325,passed,167,9.51963795921895,passed,78,5.031675919403034
4164,175.8525490576384,7.890100025704724,passed,43,8.65919085110718,passed,30,5.410029471332067
4165,157.14000961304424,5.189481657269248,passed,14,9.167881656466314,passed,14,9.167881656466314
4166,167.70067188186414,4.928373517377526,passed,37,8.662237481499947,passed,9,5.237978935274912
4167,162.39639817697204,4.4246666374288255,passed,59,8.41830651193689,passed,31,6.4378468797616994
4168,120.56833955725241,7.40734174577201,passed,273,8.758588333664008,passed,241,5.286329626703945
4169,132.237853231732,8.850354595974117,passed,61,8.354540319059534,passed,21,5.58959615703607
4170,182.8931655972687,4.431831527708075,passed,109,10.475398564589078,passed,64,5.304152698524289
4171,104.64962221287392,5.7442137042824335,passed,152,8.260943763098316,passed,50,5.366024399081559
4172,128.29088110393073,5.979215310810414,passed,66,8.215948628995484,passed,55,5.30604816709126
4173,171.80284477756933,2.8680483795206912,passed,79,8.941349902838036,passed,66,6.364712801206696
4174,161.7272699169896,8.26465176823298,passed,158,8.84533344765368,passed,109,5.187619001413157
4175,110.46492407495671,5.177820299002508,passed,85,8.524206585684603,passed,61,5.165448362188063
4176,148.8863365526856,4.43325747320843,passed,94,9.716751871288931,passed,44,5.110420859480458
4177,173.27750285510893,5.763859215328326,passed,112,8.004598528161043,passed,104,5.210787927326144
4178,163.3791989595013,6.417879209611177,passed,111,8.42574987787399,passed,82,5.101254708718761
4179,145.04353501898026,3.8337157105361106,passed,64,8.166108266896899,passed,55,5.004507503143896
4180,145.13695749111454,3.625241561795292,passed,98,9.279845342703386,passed,89,6.477524765509424
4181,172.5473312775025,3.103036584556779,passed,52,8.17006777145255,passed,37,5.515153272010775
4182,138.4177470623067,9.828032315677971,passed,58,8.06887570582322,passed,13,5.255543174066779
4183,154.0211587201521,4.712537576484668,passed,94,9.11112669506644,passed,55,5.400264445697545
4184,120.90229327057686,8.274965122418593,passed,350,9.550255903429704,passed,328,5.187668819250857
4185,204.92502599297472,4.981956135220308,passed,53,9.089120147030915,passed,53,9.089120147030915
4186,133.28184582501797,7.345706231540035,passed,227,10.901368619553153,passed,19,5.749453438744645
4187,173.93206996124704,4.647490574458601,passed,54,8.374136539182686,passed,51,6.118136016264808
4188,90.90300714877289,7.364881697074892,passed,161,8.386948324086374,passed,150,5.06992016582799
4189,146.6681045640612,5.436542256908821,passed,169,10.448162301133813,passed,146,5.022840529696904
4190,162.86957708538034,5.560424400581724,passed,94,8.187651044045685,passed,83,5.1998987971670685
4191,153.01454282103214,3.0691911664251403,passed,107,9.41134339238947,passed,87,5.350666446310659
4192,181.3172120656054,3.6290070040695275,passed,84,8.560985408602772,passed,77,5.252522353780331
4193,130.24340497737649,5.966291088571609,passed,150,8.453973633719581,passed,88,5.022638371219723
4194,127.44531679515201,5.2046551791653926,passed,79,8.018897103588763,passed,69,5.010770832281497
4195,183.579232830988,6.57379766408032,passed,139,8.065354558954606,passed,107,5.233732808423142
4196,142.77145773217842,4.622711386992454,passed,23,8.023812634302164,passed,21,6.716271350795533
4197,123.39325367923486,5.904997180210522,passed,104,9.610494109314761,passed,85,5.667054864545906
4198,173.9978260769997,5.44818237663001,passed,60,8.0052949346322,passed,50,5.336796511274344
4199,169.24817183207165,7.179801570145338,passed,233,8.710648703216606,passed,146,5.773855183138954
4200,142.59292830671635,5.2553317980134455,passed,70,9.694518904376338,passed,70,9.694518904376338
4201,176.72092736624117,4.047948135179419,passed,72,9.448416086804867,passed,49,5.0060434173031965
4202,144.0810521325191,4.10094418803856,passed,91,9.135238504127585,passed,64,5.157332894361644
4203,157.45682563370386,4.720222950800677,passed,61,8.0012584583121,passed,20,5.4391273060588885
4204,169.86419537874235,7.388839843566942,passed,21,8.00312279596671,passed,13,5.9798919526856675
4205,80.95082782312994,9.37738164258796,passed,92,10.654458578336957,passed,80,5.980353757645562
4206,128.71462401396658,7.009454581407032,passed,70,8.163598542403626,passed,70,8.163598542403626
4207,169.37883937135575,5.6897348191007895,passed,104,9.117212779200901,passed,100,5.2710671901462725
4208,123.83033943352122,7.366122199310651,passed,79,8.062163685548484,passed,63,5.015783204022561
4209,155.5427422465933,6.326392245993913,passed,142,8.800908758957204,passed,25,5.233368260962856
4210,182.49755005984395,5.586708168968768,passed,14,8.46477072704337,passed,12,6.284956794819463
4211,139.53039664710806,7.650669635679633,passed,64,8.68463025857029,passed,20,5.258196602650522
4212,100.05722479245809,6.6927054850806105,passed,170,8.384849155659424,passed,155,5.353774271734757
4213,118.84826154164685,5.109060602774496,passed,167,8.581056280699784,passed,150,5.105532052191597
4214,165.65511221971096,4.681276774711172,passed,100,8.234954094698054,passed,97,6.634026647129665
4215,202.7081113492202,5.237715469269356,passed,152,8.55524171481823,passed,106,5.380287995454536
4216,170.83477606385867,5.333221594201105,passed,71,9.057872070332508,passed,66,5.705919309934915
4217,159.27435785773113,2.9261079814817106,passed,88,8.189693315076108,passed,70,5.014777234251122
4218,133.713765505806,6.1565909553833915,passed,91,8.640049748216704,passed,87,5.483624661515174
4219,141.34903842016553,5.432095355824152,passed,206,8.119947380809588,passed,175,5.434623103372127
4220,186.70617797326074,4.096403272651475,passed,94,9.963557075595752,passed,58,6.692934681816709
4221,155.96403306637222,5.6843104547276795,passed,60,8.032393715695063,passed,53,6.331509011323844
4222,155.9338353091432,3.7239785692946135,passed,100,9.796650552472608,passed,89,5.0887816090668725
4223,168.3444269670947,4.636451433881656,passed,28,8.473298433915177,passed,19,5.942627721485794
4224,188.10923833856546,3.2581354379272565,passed,49,9.296546703303221,passed,39,5.6501742543618505
4225,149.58054193145207,6.620876060622996,passed,22,10.619780058066851,passed,13,5.350883031724929
4226,132.01472122365638,6.847734949224645,passed,156,8.844115344355075,passed,148,6.826055230695993
4227,131.46012699936662,6.499371439110235,passed,221,8.555272946707081,passed,198,5.043398205348559
4228,211.84059879943078,3.7217603683229514,passed,69,8.872765029566354,passed,54,5.010286289188626
4229,163.18970740816758,5.792040810541757,passed,206,8.203101319446017,passed,186,5.384656181253056
4230,143.28007030773574,4.505703696584948,passed,91,8.414369266752297,passed,49,5.9046131104717015
4231,131.44657096991205,5.692356187575063,passed,106,8.218600299616385,passed,95,5.482335569031882
4232,178.1120553016788,4.492725690591608,passed,40,9.104907494167058,passed,29,5.546308800761479
4233,172.9384895258551,4.90805680915684,passed,64,8.311998483511939,passed,60,5.170786588601106
4234,144.82885589101068,5.318669316859032,passed,137,8.099826438946955,passed,129,5.728508409874444
4235,141.9481712895645,5.237862592943036,passed,89,8.782932365063978,passed,12,5.142936862283998
4236,146.78337021044845,7.455847365522662,passed,13,8.382419130213826,passed,6,5.767364138330877
4237,134.94433182976366,4.58555156793575,passed,100,8.674579089404721,passed,72,5.300433920189662
4238,167.99904896502267,7.46019929068968,passed,74,9.860472370065354,passed,51,5.045336446996251
4239,143.3051402495221,5.274363914376542,passed,76,8.806980904935436,passed,72,5.790931635233254
4240,154.88113937184468,4.925097993840474,passed,62,8.294664354684777,passed,19,5.283229603899686
4241,149.187643821179,6.194535167892341,passed,112,8.832403099734453,passed,72,5.567187557612385
4242,208.65472767602503,4.326670885422722,passed,33,8.170655359491729,passed,9,6.437427897556813
4243,154.92584979285792,7.235657529532004,passed,100,8.301962468765778,passed,14,5.001816115090407
4244,142.57514645504256,6.455075192114294,passed,64,8.96461917232343,passed,57,6.53875424108652
4245,141.66281757332393,10.713158364206505,passed,53,9.170078263635983,passed,40,5.218372235507296
4246,124.659366365709,6.250247988632136,passed,187,8.465465934153492,passed,155,5.807891034460599
4247,127.78795416449987,4.784296171623504,passed,118,8.056182063604478,passed,86,5.227664934663467
4248,162.71357193309578,3.322609528146298,passed,13,9.607758238173547,passed,8,5.9474079019221415
4249,101.84898656718921,6.105372943528918,passed,145,8.867191505956452,passed,76,5.729456674271338
4250,166.81920856770466,4.804911715508661,passed,115,9.173598848358067,passed,104,5.226933674909895
4251,190.9863779590165,5.745813674456257,passed,102,8.323133438641662,passed,64,5.3096701312202566
4252,134.91013281717622,5.541112215769686,passed,104,8.464693937164135,passed,70,5.266238087963293
4253,139.23632334108643,5.665341891433127,passed,82,8.523545427503665,passed,63,5.096124547691416
4254,156.08798348178158,6.492222225457975,passed,117,9.071814975823678,passed,115,5.405798506304049
4255,175.8916412886276,6.682329793649498,passed,143,8.014497535373067,passed,141,6.2411876668972965
4256,164.14038915319003,4.084704137518362,passed,103,8.332402435434139,passed,63,5.703711171854442
4257,173.0596743677874,3.4039155972837145,passed,98,8.342414692358723,passed,73,5.6137308253715545
4258,149.0217813018858,6.150086010261567,passed,43,8.051791889877812,passed,30,6.3960067495389294
4259,131.4347653044269,4.08841816476971,passed,63,8.247462189785493,passed,46,6.320757107139463
4260,187.6120728965265,4.120092764504187,passed,108,8.731187477723479,passed,89,5.3468573984991385
4261,147.1753477597235,5.549315802144127,passed,84,8.795070850369125,passed,38,5.1214656249673585
4262,125.715409883662,8.72153513041799,passed,142,8.452964232599026,passed,102,5.082800479669269
4263,168.18177979685066,5.817526946550309,passed,16,8.771917480340852,passed,16,8.771917480340852
4264,162.9581823513638,5.537513787114015,passed,214,8.881357649926036,passed,166,5.023962474567312
4265,133.77802859657342,4.438599812104769,passed,69,8.617468774896597,passed,50,5.014930494594649
4266,146.69382534952652,5.49451993338873,passed,128,8.013145387326027,passed,115,5.108732459698673
4267,120.32064020198399,7.716597839570783,passed,75,8.602772633313815,passed,55,6.481151368382387
4268,124.86222267536134,5.098825800489969,passed,176,8.063050166832863,passed,126,5.089032437121754
4269,180.77665358005578,6.207702916163397,passed,146,9.229640462284783,passed,48,5.421379227955558
4270,140.8484123057469,5.759297246599006,passed,136,8.086224348507942,passed,117,6.53605500867378
4271,139.76087857094024,3.7673412759862823,passed,128,8.944208176300727,passed,106,5.653858201176054
4272,180.24319851436292,3.0715098120881628,passed,16,8.714625294658518,passed,13,6.9229185292329465
4273,151.78470979139115,7.236118433237131,passed,22,8.563522067811814,passed,15,5.010562972095967
4274,196.59284490341187,2.8865695282548405,passed,81,8.25148962613902,passed,57,5.846454777502652
4275,115.95521026927295,6.144743028124043,passed,103,8.048343857366834,passed,82,5.771570560204609
4276,159.05074168745728,4.544536908669534,passed,300,8.381425575077817,passed,237,5.672191788961323
4277,170.69046640308088,4.696164120086747,passed,59,8.434557111567486,passed,14,5.130525406806763
4278,124.9511606164762,5.219706528732796,passed,79,8.104008136341644,passed,55,5.484840533833801
4279,167.76013806885337,4.745889122848319,passed,43,8.460597045075936,passed,40,6.020066016587933
4280,168.6282887983116,6.37908152039617,passed,189,8.021608186300334,passed,165,5.437043942064501
4281,136.24454331796306,6.403918087541556,passed,106,8.214209337125467,passed,74,5.062849343112719
4282,186.37536208439448,4.128757382089201,passed,94,8.360578211887471,passed,83,5.329478157851497
4283,160.29185168301345,5.805431398577058,passed,233,8.010428417542492,passed,137,5.010793269591307
4284,117.29327353232142,5.596671319325072,passed,166,9.212026260413108,passed,166,9.212026260413108
4285,144.9192444868333,3.8825285587209053,passed,51,9.051117777616092,passed,4,5.020150125422873
4286,146.9818785271841,7.621986750386673,passed,76,8.36658852749883,passed,36,6.000271532188561
4287,162.59029210173983,5.429874480084717,passed,97,8.154117679144136,passed,55,5.005790207848437
4288,153.12150204913425,4.229483766178613,passed,56,8.35112242806546,passed,35,5.97698604474024
4289,134.67188691049685,6.517543550833349,passed,141,8.824480952612657,passed,18,5.002566792635799
4290,141.24661319443362,4.789778992158288,passed,151,8.106565365215612,passed,115,5.02201127392492
4291,151.95624123020605,7.016893492037153,passed,42,10.876679672426004,passed,6,5.510699875159797
4292,156.71960339951582,4.059315152279354,passed,120,8.020285472936294,passed,110,6.314710203698715
4293,146.56305512011883,6.557221477881709,passed,29,10.942625346936286,passed,22,6.151005428024958
4294,141.8865664614353,8.977505985129412,passed,41,10.477444770100174,passed,29,5.101037462991642
4295,151.33909625773993,5.9463170487996955,passed,238,8.959103189902873,passed,220,5.022618109247334
4296,150.12414008834332,6.1706113246269245,passed,135,8.243094037974696,passed,95,5.013700275275501
4297,152.2275975916921,5.811055764890222,passed,35,8.282629116414618,passed,35,8.282629116414618
4298,141.96600025896245,7.7029342258451035,passed,71,8.742685919772875,passed,63,5.015164522052062
4299,188.9932539387114,5.0743764379453955,passed,76,8.353686937397642,passed,61,6.204897049349856
4300,144.8287272416652,5.456276508901394,passed,197,9.562874168625513,passed,143,5.2569947519675475
4301,114.41465313992848,5.868561920247821,passed,83,8.682278730809866,passed,73,5.90098855510246
4302,178.21034748324158,6.158067361657615,passed,49,8.002250811873068,passed,32,5.044215619415948
4303,167.41391257494382,5.797966184704844,passed,84,8.01978877052445,passed,38,5.7516401999510025
4304,139.1006353544894,5.178758530417464,passed,44,8.492312059261975,passed,25,5.099265567146527
4305,148.0860762329922,5.95170731829307,passed,18,8.017322445404162,passed,9,6.69759219610937
4306,123.89559609543612,4.31423492311819,passed,102,8.774776342774594,passed,48,6.621403152120231
4307,156.08210589247494,7.317454283151228,passed,127,8.745638941132828,passed,103,6.648674883448469
4308,140.9998472697908,11.412507441292695,breach_static,141,-10.652812057067607,breach_static,141,-10.652812057067607
4309,119.02922276684427,5.217560669062593,passed,96,8.130057628879905,passed,70,5.261750496155182
4310,190.94186960551986,2.584041347770651,passed,70,8.206714910668333,passed,65,6.557694342144016
4311,129.36926200982,6.30482456831751,passed,60,8.328445333569334,passed,34,5.122311270291857
4312,158.70424241486182,3.699444890943272,passed,175,8.358903029754883,passed,131,5.377047944198443
4313,179.26873777544628,7.036212229881832,passed,140,9.783818111089882,passed,82,5.022427164178778
4314,163.12126133353644,3.845673698965423,passed,64,9.10338584285142,passed,44,5.0388683628550535
4315,116.09550621932145,4.800861761137239,passed,173,9.736170949563672,passed,26,5.604158075149068
4316,170.19668431579515,5.434850476510287,passed,30,8.935043457380253,passed,21,6.549882788777839
4317,143.36156663564287,3.642930764829691,passed,24,8.116788230273908,passed,23,6.427872527952494
4318,153.97783601804824,3.7425453941496136,passed,89,8.278866307688304,passed,53,6.631814852653406
4319,161.4791424117172,5.54039900815132,passed,115,8.482271297740462,passed,53,6.012767671365715
4320,217.6824601227852,2.163684463194744,passed,79,9.538160228959525,passed,72,5.64554862365183
4321,149.72007633924528,5.529742760778402,passed,70,9.415994939773809,passed,59,6.085593391518684
4322,205.94505406046756,3.1494002450519005,passed,104,8.217533837527903,passed,62,6.002444193346723
4323,146.71393854844425,5.498086028166436,passed,45,8.018270817691665,passed,24,5.020082534654402
4324,158.04413037138207,5.615082432585177,passed,106,8.007843825586637,passed,94,5.164445154362163
4325,156.01294682803055,4.99986574103257,passed,81,10.629174983255862,passed,14,5.106441284650498
4326,150.36973671443153,4.916109415908833,passed,197,9.380324862956613,passed,152,5.014136647720235
4327,175.44914796142317,3.511758990452893,passed,97,8.242017309832029,passed,79,5.272182141377724
4328,168.18550070652805,3.901399865507836,passed,54,8.260015958701583,passed,19,5.106389796756128
4329,133.37004567159437,4.4689971953398935,passed,82,8.023919711135964,passed,53,5.031898329474216
4330,161.28685913670716,5.439936197553349,passed,148,8.14601130771193,passed,114,5.21565056932447
4331,122.8793447703215,6.509867737595944,passed,149,8.352257750432335,passed,44,5.481593610744651
4332,180.33039849017004,3.778430842227453,passed,116,9.189565863751149,passed,67,5.4358888284272044
4333,133.05260272536407,5.471986677437838,passed,58,8.283139931804339,passed,43,5.104300749590207
4334,139.93358325109773,6.558644661504578,passed,101,8.729052020626815,passed,77,5.26786907347645
4335,194.1079897536468,4.945642358646878,passed,59,8.596416725099365,passed,40,5.431146513056007
4336,152.23050124250625,3.787737587075469,passed,21,9.761670880785012,passed,14,5.631164634827979
4337,139.97344156919957,4.699792269366967,passed,97,9.16232078639474,passed,37,5.06629990035905
4338,156.31495317677073,6.169384316513728,passed,228,8.105136275288771,passed,87,5.455466340991921
4339,154.4213624809347,4.600636435045824,passed,97,8.744816118756859,passed,69,5.333630626398667
4340,97.51214730527238,6.028015238011108,passed,93,10.503820550118114,passed,79,7.114144936519717
4341,195.04502082389075,4.806286105542783,passed,36,9.11499178780877,passed,26,5.960616435486243
4342,158.52993784033634,2.9614142467778803,passed,53,8.207837781245697,passed,48,6.60961099218651
4343,152.37621472212507,6.380287478611911,passed,66,8.064022380663838,passed,21,5.057879037074531
4344,151.59266195628666,3.819286039528306,passed,7,8.35574585785599,passed,4,6.61356563039428
4345,178.98127056214923,2.8599686583186252,passed,45,8.12899943734553,passed,13,5.322496751155059
4346,147.7398557292993,4.248112975421723,passed,29,8.559226293964395,passed,14,5.187864009477816
4347,121.63855586389936,11.544984079451226,passed,217,9.225915022049968,passed,81,6.136794201944951
4348,148.6525684854314,5.612102132742686,passed,144,9.609940784371718,passed,141,6.059818732356348
4349,146.57264771841255,10.53079464210962,passed,104,8.072701784072711,passed,43,5.7310882321018
4350,162.06026799855096,6.121205273774116,passed,104,8.854596724499974,passed,68,5.66707261672228
4351,159.34051941948448,4.472897073034065,passed,72,8.274465816863863,passed,66,5.0031485465106496
4352,158.55718782213737,7.1245241750482275,passed,46,9.407354166421156,passed,38,5.704384439303367
4353,131.60060885903587,10.647992631343799,passed,397,8.206104028552064,passed,208,5.143399372728208
4354,178.4773879755994,5.859141483714628,passed,257,8.059138124030829,passed,255,7.873259860780113
4355,140.46670521377186,4.8500082864300085,passed,79,9.082600813763486,passed,70,6.774249198257465
4356,125.96403655654677,7.685889828669604,passed,191,8.378938922771795,passed,39,5.564990883849563
4357,157.9025979199297,3.272321759079528,passed,99,8.07107308651489,passed,85,5.115304640913942
4358,143.42302946527866,3.0542290376443537,passed,31,8.872635793401894,passed,24,5.258046607085043
4359,123.76414888175064,9.633186591664014,passed,32,8.510494880307572,passed,14,5.201872911985372
4360,170.25469265134424,4.8407275000065555,passed,56,9.965258273365274,passed,21,5.498194843315063
4361,171.31099560847912,3.5303218080591683,passed,58,9.48741836391125,passed,34,5.5878097748331745
4362,179.57194682695342,4.833641035684733,passed,65,9.065724956753773,passed,35,5.056376975506494
4363,160.13379998376197,3.3909948176435196,passed,83,8.291285451141261,passed,40,5.097105093576881
4364,184.46279507107928,4.732836510517311,passed,60,8.01072382434782,passed,43,5.386925642921159
4365,144.5487624301507,5.398296529258531,passed,106,8.235881666948618,passed,100,5.009703284365674
4366,169.9439134176008,3.7830039288283683,passed,129,8.898081796591617,passed,105,5.000227057429973
4367,183.775859601902,3.2919949046374795,passed,54,8.005138310099236,passed,34,5.042743395981297
4368,164.7506377152053,4.544408929200821,passed,94,9.714096476005608,passed,55,5.001399568607279
4369,167.2527891971951,8.409555782817769,passed,94,8.703293271075886,passed,61,6.104042808188925
4370,140.46959069018064,6.22799590395841,passed,89,8.629563525343563,passed,44,5.8834939796884145
4371,108.62388577893087,6.492989451396038,passed,99,8.900906277984411,passed,70,5.067377833501641
4372,158.64596466882665,5.115347446174181,passed,206,9.0449334304469,passed,184,5.018196456583479
4373,167.01431748899665,5.626991727144466,passed,57,8.345629775290831,passed,18,5.167472559465813
4374,167.16720464326724,3.922334526984343,passed,60,8.163098686517145,passed,36,5.004145252025705
4375,177.00151633166223,3.3889429702952207,passed,89,8.707159291503386,passed,76,5.7552193710286526
4376,135.92702789724714,7.088167078053,passed,179,8.739936440143058,passed,150,5.079505799970141
4377,187.81509199046127,5.100940385743478,passed,87,8.000726372078692,passed,39,5.563395898959667
4378,148.77109210756285,8.808043622182124,passed,87,8.371028778710699,passed,52,6.076065883981219
4379,158.63925787984851,4.233747080457135,passed,134,9.4206413810231,passed,89,5.124203231889912
4380,119.80101033746418,11.110747092645381,passed,60,9.06077934072924,passed,33,5.053646841525095
4381,117.15610996819157,6.8830292959663,passed,173,8.34374649747318,passed,107,5.920863525652753
4382,135.3198043512737,8.25292506085629,passed,66,8.032214068748388,passed,64,6.444051772747361
4383,169.05221013160804,3.658868167480233,passed,134,10.12839283546425,passed,129,5.17144971455934
4384,164.39528082708335,5.644038062326094,passed,61,8.24580791823033,passed,34,5.18302472119585
4385,164.88480436823187,5.892009156836609,passed,120,8.654039488927134,passed,107,5.706475785368559
4386,180.00774599022557,4.504306182650178,passed,12,8.202789978549706,passed,3,5.0224347222825205
4387,130.88807761210583,6.325035577777864,passed,205,8.776179870593005,passed,197,5.067814591358655
4388,150.39845002098753,4.309748340015348,passed,79,8.017955775089858,passed,50,5.3453960406972145
4389,106.24244732454696,7.705886514033095,passed,203,8.121855716950588,passed,196,6.275132982603693
4390,163.62718077443023,4.838460266422598,passed,43,8.79312089913209,passed,39,6.952488522785627
4391,142.30952760396227,5.037235118437958,passed,64,8.169621884825062,passed,64,8.169621884825062
4392,179.7589705272165,5.197448826695639,passed,42,8.343375332543502,passed,31,5.010601637056866
4393,152.0918498091647,4.9172226485565815,passed,43,8.883581385733041,passed,43,8.883581385733041
4394,163.1461455757932,5.1690326958473625,passed,97,8.580622912420521,passed,78,5.133610774167208
4395,148.45492959727204,5.2637543857575055,passed,53,8.483379371633681,passed,33,6.35823659351844
4396,124.37556631648175,4.929711259402757,passed,43,8.02632482710961,passed,12,5.584073765733599
4397,135.48990157588582,5.239117936412642,passed,50,8.017980777994293,passed,39,6.32643517696625
4398,141.97931959686548,4.806597392397903,passed,173,8.286188928449745,passed,154,5.145318282282907
4399,123.514793194055,6.783456562142812,passed,138,8.01257351484641,passed,104,5.0057108203493295
4400,156.98566179318112,3.5634359519117127,passed,53,8.01265258924213,passed,39,5.002727963276454
4401,117.40886193803006,5.516630939132981,passed,127,8.900314750935557,passed,124,5.194422680381927
4402,137.3124550371383,8.231454483341274,passed,112,9.110358113627747,passed,104,5.061479893374465
4403,120.7289181698644,3.955482801194294,passed,156,8.091326344775297,passed,141,6.502641976909995
4404,137.61882005999837,6.1216335250296545,passed,100,8.333536969011867,passed,87,6.352568021204341
4405,186.17214501603107,8.507897535885014,passed,79,8.606971064960888,passed,21,5.843684085324674
4406,162.28249208310967,5.733302661554516,passed,79,9.126910719326542,passed,70,6.011098823112637
4407,142.25906142620107,4.594215078209415,passed,96,9.282856974578912,passed,31,5.6009413143271125
4408,155.96126239516428,6.886366977212442,passed,167,8.160803393442029,passed,54,5.7482981459759275
4409,166.05892511549348,8.439524926905271,passed,80,8.134968843853763,passed,64,5.912349273993445
4410,117.67461679162854,6.514725247678658,passed,30,8.02233030538224,passed,14,5.741889801943256
4411,137.57823659323205,4.480968593439498,passed,141,9.656940253975854,passed,59,5.177408040658937
4412,178.18106985862295,6.606761428406058,passed,99,8.494876622385107,passed,67,5.00139455413906
4413,146.90807532595014,5.050090501824908,passed,101,9.121923762098305,passed,94,5.563200646122368
4414,137.12134650694009,5.198211561953853,passed,115,12.244057179006873,passed,105,5.711791988850434
4415,144.45681240200935,4.381048575832831,passed,97,8.682951872149136,passed,53,5.016761905138711
4416,186.47275067237734,4.311177363526723,passed,28,8.316239689981986,passed,21,5.685035830949592
4417,179.80180377707825,6.272611088231668,passed,120,8.737180181539816,passed,103,5.606694600932305
4418,141.82241364184267,6.13891457378771,passed,47,8.455619577854367,passed,43,5.004007272980471
4419,149.7866424623495,7.766670536074286,passed,255,8.65612017621682,passed,75,5.074560651002602
4420,163.08961280436614,4.310497199155555,passed,70,8.474114284051293,passed,57,5.980857589879562
4421,121.58902523886903,6.956312821459146,passed,66,8.001165945043208,passed,56,5.357027583156482
4422,178.37914149361396,4.670609040867801,passed,50,8.790881313151445,passed,32,7.628606884451594
4423,111.74014444927698,7.3635855738176765,passed,64,8.33506114343152,passed,50,7.709859665604801
4424,176.25866131878718,4.895400662558926,passed,64,8.829037665198115,passed,55,6.511178214071234
4425,158.34857461951017,6.647829275008147,passed,184,8.455356466431008,passed,97,5.688199120049431
4426,166.96563840017956,5.749773712897921,passed,15,8.265174343127256,passed,13,6.322517934900085
4427,161.07453945277575,4.114805848506673,passed,126,9.875237678779758,passed,109,5.201315100454296
4428,136.46671910063554,5.9546996507913805,passed,70,8.05579234637641,passed,20,6.4438024604482225
4429,172.63705840255582,3.892833222402694,passed,60,8.329362633239024,passed,51,5.444096294336553
4430,153.77341074865726,9.376692265360829,passed,78,8.849000646421047,passed,45,5.346028283006987
4431,170.0131983028297,4.773922872332899,passed,23,8.029608211584138,passed,21,5.00459652875358
4432,158.96764270602023,7.205246199541613,passed,203,8.900893232398666,passed,59,5.990242326536643
4433,132.79672127622058,5.0056994960139045,passed,149,8.631172905814921,passed,104,5.304788396981941
4434,148.9156661715816,5.372337734874951,passed,41,8.605226333538196,passed,14,5.244413557227712
4435,130.46264989675998,5.268612419516244,passed,99,8.003945465155926,passed,54,5.60733394965458
4436,161.433467237809,6.612068700064857,passed,157,8.006956677150058,passed,137,5.045641377938748
4437,148.6100632446406,5.567350271681715,passed,213,8.772071471012577,passed,71,5.919086119812977
4438,163.26827592235213,6.204315677393953,passed,54,8.345394849950827,passed,22,5.269868623908036
4439,142.73810696445346,4.890328375667816,passed,87,8.090009717578406,passed,65,5.016825751584908
4440,152.11365360893154,7.0653424415872,passed,30,8.24623025060145,passed,29,7.531060402614931
4441,165.33634359765844,3.4530618229845738,passed,91,8.413585295997116,passed,28,5.005257618117698
4442,143.8821082348578,8.04064894096712,passed,316,8.003046783244482,passed,109,5.558097326048217
4443,141.0634670854459,5.977801504994786,passed,114,9.297222573022346,passed,79,5.667078542851467
4444,197.61381006098455,3.99633019552846,passed,60,8.068125592509867,passed,53,5.083329799199099
4445,192.802195996982,8.148971033129762,passed,75,8.02328601864879,passed,50,6.115143766163378
4446,158.34824878895682,4.414205998412624,passed,51,8.269131399935148,passed,19,6.147193272804463
4447,167.25089460164435,5.911408235039786,passed,128,8.000749153624497,passed,26,5.567110460180591
4448,171.9372209538094,4.497170010213664,passed,69,8.409059015255615,passed,41,5.808827158432028
4449,146.0937591101103,3.739793200441567,passed,104,8.65382581566838,passed,56,6.173850847500262
4450,217.30675359158926,3.1977490111514317,passed,80,8.01788622514743,passed,60,5.869858294204899
4451,150.15226401979106,6.890448940163567,passed,123,8.55972035093464,passed,94,5.008135948928616
4452,177.9178309147703,3.5425924803804616,passed,150,9.439078317993488,passed,138,5.2963858849939704
4453,155.34917666916903,6.794805988426688,passed,56,8.021320132193054,passed,37,5.020759078392256
4454,145.13377384117513,8.107036579824586,passed,165,8.018848455321393,passed,110,6.400292421453901
4455,161.22756001342444,4.807179092303595,passed,45,9.510166777025407,passed,31,6.53239955717535
4456,98.26953667407076,8.520855691961154,passed,168,8.713162637307747,passed,130,5.015453639700174
4457,126.23101632124931,5.929056738498727,passed,107,9.009445139016004,passed,36,5.614796909773712
4458,152.37809832898748,7.548684315175256,passed,100,9.542410937799195,passed,100,7.71509969401829
4459,143.44638826192534,4.098297525466096,passed,107,8.077457720966263,passed,66,5.128741210061949
4460,147.47127315310914,6.6213511495134885,passed,192,8.265622907698988,passed,50,5.597335008648896
4461,145.56922849698785,7.755148250530778,passed,49,8.612887313420625,passed,33,5.10894439386238
4462,137.45357997975057,6.999162921004942,passed,169,8.303684894417241,passed,59,5.151851030772514
4463,187.99303522583273,4.968582674883275,passed,63,8.065992019282175,passed,38,5.278181646127367
4464,118.14864741739672,4.809368204635098,passed,195,8.77937910348443,passed,158,5.262066129067033
4465,148.9582142430923,4.233802646592114,passed,47,9.057776751915103,passed,34,5.0230158098805155
4466,160.31593961156338,4.748031257179408,passed,31,8.086729975152185,passed,20,5.320288729251077
4467,151.50781174199196,4.304034737503105,passed,98,8.089099765068042,passed,71,5.405665522513048
4468,110.26511824116758,12.11639243832187,passed,255,11.763358924642798,passed,243,5.646815986542486
4469,112.81160660357257,4.121917851421008,passed,106,8.156606183592041,passed,100,6.001447899000989
4470,122.12695340695929,7.532465148537339,passed,196,10.525266107003372,passed,151,6.151908331231426
4471,150.58804560323406,3.54224934113381,passed,173,8.303206677923347,passed,146,5.273444516072656
4472,138.771824771953,3.559067411148173,passed,50,8.81139260993824,passed,37,5.969465249819561
4473,125.76716341128464,7.599067113660526,passed,64,8.863891518122946,passed,63,5.844048454423656
4474,153.0192840957643,6.772736383411004,passed,106,8.289427493883395,passed,63,5.30227324301229
4475,152.59834317897204,4.238106712262876,passed,184,8.390990203620397,passed,124,5.940318146438073
4476,147.62922995724023,5.988494173303923,passed,89,8.011797337626337,passed,77,5.348846319295908
4477,153.8966064833035,7.697056754110671,passed,63,8.491619686898954,passed,50,5.442650084544698
4478,158.95916091362366,4.556999037012875,passed,142,8.066079996713672,passed,24,5.265248104860754
4479,190.11921570749197,9.778669913101082,passed,58,8.101099713721238,passed,41,5.0209936714014525
4480,145.19613468027117,6.99475508819005,passed,73,8.337741543142618,passed,39,5.556665883230272
4481,149.1056841397075,6.324426620726474,passed,106,9.450423111150696,passed,70,5.754484868446652
4482,115.01392622453226,4.1656660612878555,passed,110,8.311888135261402,passed,102,5.165913450605997
4483,151.82813829421895,5.789987360983464,passed,51,9.270771945741263,passed,39,5.332460510765569
4484,125.31126649753963,6.621184259152655,passed,70,8.53914715738151,passed,40,5.00351601464748
4485,128.53202072877124,7.827665424056303,passed,21,8.545382268092716,passed,8,6.499324277215268
4486,107.4345057606144,5.257086889029051,passed,175,8.00857589652384,passed,42,5.322326770372321
4487,73.42445177130162,10.644050450999956,breach_static,273,-10.048919139613666,breach_static,273,-10.048919139613666
4488,206.55418343188128,8.093176970205953,passed,89,8.45122925813213,passed,79,5.128603600456327
4489,171.3012307652519,5.432550081431852,passed,22,9.349148802871143,passed,3,5.449190944326143
4490,137.66348852863618,12.32204083463597,passed,57,8.400041934600777,passed,37,5.325708939368234
4491,162.3813346953583,4.536925648785991,passed,54,8.269434533042318,passed,13,5.65245246929198
4492,122.08576395166637,6.93331391947819,passed,100,8.39315275323762,passed,96,6.902575627558405
4493,166.6289556598897,5.313933580222581,passed,131,8.8934097059445,passed,115,5.021459580723953
4494,148.04780753590506,3.4470387025661138,passed,61,9.380810869277866,passed,28,6.1148160693714315
4495,160.69883689868115,5.255529796511289,passed,43,9.606016357830583,passed,40,6.829861793851633
4496,152.0892125594102,5.408764073201423,passed,159,9.779985964675575,passed,124,5.112335162628412
4497,153.96148128726398,3.8277199996853364,passed,100,8.17873074542681,passed,85,6.16624881984964
4498,169.01260858934472,3.6652713142300586,passed,60,8.014064803774556,passed,52,5.908165437743529
4499,89.93315266068471,12.567216784816026,passed,154,8.264021583942416,passed,100,5.144219084483259
4500,173.47845003669406,4.4433609897232,passed,66,8.37431369905255,passed,65,7.380279979675364
4501,157.94345780357838,7.242251784433897,passed,117,8.038903994739876,passed,22,5.311859594763879
4502,166.22822242819075,7.312147614156121,passed,117,8.58301467987641,passed,111,5.428182246165836
4503,183.66630464030803,3.2415968652656675,passed,60,8.315987601243036,passed,47,5.566640563025005
4504,171.77519142819628,5.251091353901024,passed,112,8.125409752484881,passed,107,5.303386200820204
4505,136.5677375907302,4.941496554974503,passed,100,8.657215480922975,passed,86,5.0058217857095855
4506,178.71454956308258,3.2121481578608475,passed,121,8.044290287994095,passed,102,5.675112197514065
4507,158.86541809357607,2.821486349044491,passed,29,8.46954120322103,passed,23,6.425582673441577
4508,158.20225274628203,3.669275573122265,passed,70,8.999602847957068,passed,20,5.8452564018874
4509,159.97652386142676,4.654408901456652,passed,62,8.499290175223106,passed,21,5.0868853638604605
4510,153.87091601299772,4.000264823449327,passed,24,8.52723649386673,passed,21,6.5361693989874015
4511,183.63066680879348,4.508865961113948,passed,114,8.203593284822631,passed,111,5.76230619279845
4512,146.49493917891868,4.689104180363335,passed,161,8.393608376604744,passed,141,5.614733137305894
4513,146.17432277076875,4.3934570916495135,passed,29,8.665931019357265,passed,14,5.07174452496304
4514,139.6735012333091,3.7602968326429482,passed,65,8.406266576805654,passed,54,5.161925242007914
4515,131.63481421977053,8.296801844753597,passed,160,9.566353758132662,passed,158,6.621989923118998
4516,166.8954545301869,6.635602104610919,passed,60,9.535315428479517,passed,15,5.030839606948634
4517,135.93300166210486,4.997942466640267,passed,191,8.298054887452832,passed,158,5.525152882266959
4518,148.18172256106985,4.1598646324147355,passed,125,8.011480405293447,passed,106,5.385940015191526
4519,147.21673280833957,4.589598080514526,passed,115,9.571218763200505,passed,78,6.30640748135054
4520,101.58396820602147,4.791730460423784,passed,192,8.369539260330793,passed,93,5.013347611584162
4521,103.51735123263279,4.798737996294261,passed,59,8.298285555806917,passed,29,5.467505445088827
4522,143.74655638043757,5.277804027084217,passed,152,8.317474974465512,passed,50,5.266545678492052
4523,162.26959678172253,5.563725139086137,passed,49,8.010963162933283,passed,48,6.559392580939316
4524,134.50864953402345,5.055676690358213,passed,146,8.25014930428425,passed,51,6.19230489598408
4525,128.8076129853828,7.77077754701475,passed,80,8.324457223593251,passed,53,5.995326744905416
4526,131.52321521900797,6.578663572319883,passed,48,8.051980736927188,passed,44,5.014208203026871
4527,116.90982756639956,4.8340537627516635,passed,44,8.098144029146436,passed,33,5.316560525194336
4528,168.691938434697,7.703505062993579,passed,58,8.759417307160255,passed,39,7.307514926886993
4529,156.6106797088672,3.4521292367540055,passed,127,8.37098939701486,passed,117,5.515775619562846
4530,194.6812277741175,7.207049810773615,passed,70,10.196751496817779,passed,64,5.063127782545007
4531,129.04563034886553,4.884930252165006,passed,99,8.602448693429698,passed,49,5.345559596484328
4532,140.69473056183392,5.68742762463434,passed,33,10.737006842516683,passed,12,6.274024951469159
4533,155.5548028634447,7.104044234166719,passed,175,8.314108018949828,passed,146,5.010925931004406
4534,160.369821924872,4.92342425054957,passed,114,8.711917309418936,passed,111,5.441964209616268
4535,183.52186344377094,4.356354824191713,passed,146,9.65557266768091,passed,36,5.883042233050806
4536,151.01114515463175,4.3938619960559375,passed,78,8.567776218353096,passed,38,5.160641920835385
4537,162.79653036282116,6.531727853980168,passed,79,8.224458323726624,passed,69,5.574451967962735
4538,170.87672561216743,7.221868652358018,passed,45,9.535369237690915,passed,40,5.090838187438473
4539,140.0584983690009,5.519225161442747,passed,238,8.55105484181038,passed,127,5.0201694773776895
4540,145.5224224280609,8.431682643164693,passed,135,8.413972979178608,passed,50,5.222302044282978
4541,196.25244349431733,5.954199408544517,passed,130,8.487183293415201,passed,127,7.5900669440656765
4542,135.33686410226923,8.997588380610658,passed,212,8.416163345445504,passed,201,6.723051214073439
4543,164.30150803108478,6.1718205134886,passed,122,9.685421720447952,passed,113,7.063885089497912
4544,174.0455293961623,3.0539377250241366,passed,92,8.344845478162144,passed,57,5.18843943333136
4545,173.79764660511964,4.13792742805868,passed,104,8.407217066880035,passed,92,5.837362813461833
4546,196.82221456685505,7.830446562058927,passed,50,8.784923834130254,passed,28,5.637659990722477
4547,135.82426429791443,5.793385989753494,passed,67,8.19256237553323,passed,62,5.767045140462779
4548,135.5518856433934,6.549296807281438,passed,102,8.013353439779136,passed,100,7.345174868059967
4549,161.85364951377127,7.73834798954629,passed,39,8.757918702201973,passed,21,5.019164970710599
4550,152.40647168567202,4.079742980827513,passed,99,8.364688559198052,passed,90,5.0069155459669945
4551,144.99889322399682,4.002899978195076,passed,87,8.409936021673591,passed,61,5.110302197613614
4552,168.74842016943,5.060503939935324,passed,72,8.009722583018263,passed,26,5.103599921912583
4553,199.91214091088244,4.120065821345643,passed,92,9.127761230458642,passed,82,6.016420651455423
4554,117.4287990863574,6.917801915501785,passed,151,8.004437801809683,passed,149,6.121057765878879
4555,154.05948928336,4.943190540502262,passed,46,8.369789465971046,passed,37,5.147875104959576
4556,168.98509748747102,5.396638332098789,passed,95,8.179446255613376,passed,37,5.027397355351093
4557,174.9376043938849,4.812204354297922,passed,95,9.36450848345527,passed,79,5.496698661947708
4558,138.53940576603608,8.886755977288184,passed,61,8.063794375334332,passed,57,7.69503750495788
4559,199.98304000851576,3.861877774440413,passed,67,9.103263472676982,passed,49,6.4574825720413065
4560,184.39360280435247,4.958067636299846,passed,184,8.159879141083692,passed,99,5.020908642129607
4561,122.35895349806452,9.663290783954373,passed,212,8.035621418338511,passed,198,5.106722665941543
4562,138.43826197793882,5.492456419758658,passed,22,8.102425573826677,passed,12,5.958354060240745
4563,148.01149057814854,6.25557331918936,passed,165,8.098324939708412,passed,111,5.62179990360403
4564,161.36586300969685,5.696065745866633,passed,148,9.082984508027492,passed,125,5.079465144251127
4565,135.1267907424416,7.1417696181703265,passed,156,9.56203080033713,passed,127,5.011709732688985
4566,200.95423093436625,3.8053361254317553,passed,115,8.146742072135972,passed,94,6.358627036896225
4567,154.57903537665283,3.3875481157514695,passed,65,8.189653944188313,passed,52,6.703547773589702
4568,165.09087415067444,6.67783950786687,passed,180,8.203333249901945,passed,13,5.59063541131215
4569,138.99986160669323,4.372632773920593,passed,106,9.484582039486478,passed,53,5.151690003696863
4570,116.30255768036828,13.2082007144739,passed,373,8.91740030487529,passed,89,5.318162912364066
4571,218.12165833657454,4.332536231342191,passed,13,8.678430919555403,passed,12,5.3578943433868265
4572,178.33620360174538,5.942172403700275,passed,45,8.370679884847188,passed,12,5.274049306044581
4573,171.6979417335334,3.2888368552008655,passed,38,8.01185264759745,passed,30,7.789117163230164
4574,147.0309261354243,4.468948138760236,passed,114,8.73385344829054,passed,106,5.0669079581176835
4575,186.82856513585685,4.027937091235165,passed,22,8.757847019358111,passed,21,7.133343601569697
4576,168.46448470916843,6.119336352033833,passed,174,8.110436530762843,passed,38,5.462905203700652
4577,170.5308425896483,4.265752219021375,passed,67,8.18535608979316,passed,30,5.501982199288591
4578,122.17336726542433,7.299146984294899,passed,235,8.11056977617206,passed,222,5.244383742830894
4579,143.61535019993016,4.976162883897466,passed,104,8.620148609615686,passed,88,5.038544168070125
4580,157.37196249692423,6.85189338856487,passed,48,8.322127403914891,passed,35,5.474040092116028
4581,147.4958382563215,3.5819816762059293,passed,51,8.36917232407286,passed,39,5.132318726230434
4582,141.55292746429504,5.040566806418853,passed,125,8.491543566941617,passed,49,5.916210924909704
4583,126.87950837206445,7.338544714870301,passed,257,8.119027893703024,passed,256,6.053929081351628
4584,94.66219192093862,6.028429625746006,passed,220,8.0591559372434,passed,217,5.040365609419251
4585,117.27780960203998,8.246096738723697,passed,130,9.404375399807986,passed,70,5.523019779741412
4586,203.15110322833738,3.4307892398520714,passed,48,8.120758892589585,passed,48,8.120758892589585
4587,143.65871342326892,5.356844468192855,passed,107,10.210729995751656,passed,102,5.197895463663582
4588,175.57362730600937,4.438817316794666,passed,30,8.818952809544566,passed,25,5.347495250549139
4589,142.0735416045902,6.083285249952654,passed,59,10.974664282914869,passed,48,6.242655314107526
4590,107.94619645042465,5.90211086856708,passed,105,8.014780900053475,passed,53,5.392569727637864
4591,169.31015145956238,5.425806083204963,passed,76,8.406401806245967,passed,60,5.16504048051345
4592,159.44587280312282,4.266199503795987,passed,102,9.181949870686413,passed,94,5.786497446677297
4593,135.91602711879025,6.060732453931296,passed,252,9.379929495889193,passed,229,5.732092602935945
4594,151.8587081756588,4.695664101004561,passed,114,8.368170253438523,passed,69,5.63836640737696
4595,172.91455595812178,4.963694534338549,passed,104,8.069735188795235,passed,90,6.907680579708808
4596,140.76409784260525,8.147881204669673,passed,201,9.559927315715623,passed,182,5.33120124094717
4597,123.47043390549986,8.073156286392148,passed,117,8.02095118859889,passed,91,7.019150226990911
4598,138.34650521771303,5.722169527880224,passed,94,8.21936850734426,passed,67,5.192435094247938
4599,134.40078316088915,5.856352739415016,passed,108,8.21933832197892,passed,70,5.012551370950402
4600,133.79318364129813,4.534666981170925,passed,53,8.162202036474508,passed,21,5.710251625110296
4601,169.3057841769538,5.133575077934081,passed,61,9.312150563655752,passed,58,6.372618371683414
4602,155.90441126964342,4.5261723544426165,passed,53,8.260443781751148,passed,29,5.289889032112893
4603,207.5645318608395,2.685129880246902,passed,117,8.215748706472613,passed,89,5.5379790388981665
4604,173.12519058091263,3.81275157456554,passed,100,8.083496532774713,passed,98,7.257706594022539
4605,128.5086858054778,9.200148556342892,passed,104,9.539139964789944,passed,104,7.568208318013436
4606,176.27761105688126,4.4329189978353405,passed,71,8.100665231430405,passed,50,5.012752711398827
4607,142.30033516190895,5.397800331261665,passed,25,8.191354515111726,passed,19,5.270537984707091
4608,175.69988895154788,5.698276262531494,passed,145,8.201562505163928,passed,137,6.586020888673438
4609,140.15405132714295,5.103094304730246,passed,82,10.437686131936164,passed,79,6.012458721009284
4610,153.82956540643428,7.262341023806565,passed,107,10.089057367150334,passed,64,5.085169413130797
4611,174.92147896538714,3.46220237243919,passed,79,8.47304531455837,passed,56,6.454119855391793
4612,157.43069568514522,7.617810994544537,passed,33,8.392773743811999,passed,19,5.09954351679347
4613,149.93390408978104,5.99877089772714,passed,120,8.306488983933624,passed,26,5.3711841113153636
4614,127.44365387992542,13.146762517590885,breach_static,107,-10.622411070546534,breach_static,107,-10.622411070546534
4615,102.2791552808187,5.383789123592911,passed,75,8.66570708589649,passed,56,5.076149750176673
4616,145.0436019069502,5.94161080827847,passed,20,8.506275043975098,passed,9,5.238052523641956
4617,99.87599817092926,8.995637406669754,passed,249,8.484217735717191,passed,208,5.052472318937484
4618,127.31917023761197,6.030140345721985,passed,59,8.378788228150324,passed,48,5.250878665250602
4619,195.88619729303218,4.239347694419142,passed,117,8.086803996548797,passed,18,5.093130833185788
4620,172.52690803646456,5.604375158585259,passed,97,8.760124309907159,passed,47,5.537030772631502
4621,134.00587968407245,10.604009095057672,passed,121,10.614989591356583,passed,30,5.315643232919598
4622,109.87982241517985,8.115883651127673,passed,148,8.015419609104635,passed,125,5.004307592545221
4623,169.64257754221518,5.843824041944381,passed,78,8.42095397483349,passed,49,6.082304445907627
4624,174.51247514618836,5.879855428208927,passed,123,8.376159220465285,passed,114,6.393936540363532
4625,187.77690406938524,4.221165918822375,passed,43,8.377627579884027,passed,9,6.551050809407233
4626,180.0873143495122,4.477433280619814,passed,50,10.151586250084787,passed,43,5.220991862297764
4627,157.60542107757547,8.139327002675719,passed,104,8.0532751164607,passed,16,5.001090160481847
4628,206.29912186299762,6.563181382905321,passed,144,8.017183232856851,passed,30,6.260108802751341
4629,141.47119761233034,7.2023461222457605,passed,46,8.266796151969524,passed,46,8.266796151969524
4630,139.3112102973874,6.5220113815722165,passed,96,8.000959354341553,passed,84,5.925482468975929
4631,150.69937689616722,9.222048532926536,passed,119,8.540774719640453,passed,85,5.500506073157285
4632,157.64325437362066,4.921208845751133,passed,103,8.083240758154897,passed,44,5.080882028338896
4633,170.11446631178774,4.978640947306809,passed,63,9.590099614167702,passed,28,5.430451450938656
4634,147.1063910898633,6.640718640296357,passed,93,8.2064302731927,passed,79,5.288323412329299
4635,167.65619887840364,6.13134945906149,passed,84,8.015155789563732,passed,63,5.499605732246504
4636,146.8831951089227,5.089798184922806,passed,59,9.44901768896056,passed,13,5.706004232075967
4637,142.56086558038757,6.775586464310179,passed,120,8.145013736130725,passed,109,5.113897538149015
4638,204.85826330451613,4.253047635589481,passed,155,10.342873970013589,passed,64,5.704738218217509
4639,171.1803612717947,8.520729303674072,passed,81,8.000188834355226,passed,12,5.394061913885562
4640,166.3602667318305,4.1598035368118955,passed,142,8.009783311438223,passed,67,5.04235902131156
4641,166.69175443634435,5.891324882987943,passed,78,9.535769010379225,passed,59,5.319350964591019
4642,136.57249982316034,3.98328677396812,passed,67,8.02380529365676,passed,64,5.826845560050864
4643,150.95814283118813,5.926722691688309,passed,77,8.036180619411205,passed,67,5.010212120132884
4644,131.46233349805857,7.193033831946895,passed,61,8.203079789309875,passed,53,6.003119570729343
4645,175.8577881023268,4.83898165320219,passed,64,8.390760704939693,passed,56,5.006545010500552
4646,152.3548816077334,4.42619709996549,passed,118,8.803447261710605,passed,108,5.5531178440861195
4647,181.07562533314118,3.9357018148089953,passed,34,8.014679508726342,passed,22,6.046587789103297
4648,149.60956229761777,5.703989651475248,passed,60,8.022425179939319,passed,22,5.634324234300592
4649,116.4269376341453,10.068648129173189,passed,341,8.275131698192784,passed,339,6.9328118529671245
4650,136.0633029930047,5.02703842335627,passed,135,8.368444312633905,passed,60,5.011397327456213
4651,173.10377095108342,5.212562102881753,passed,37,9.628680078297513,passed,29,5.240582608303845
4652,156.81157445996575,6.4789674903154095,passed,50,8.29559252243004,passed,25,6.4130723101766485
4653,160.63339851685294,4.7303562440975835,passed,165,8.873440922481791,passed,81,6.6057398542600065
4654,106.36829849212646,5.516650137770734,passed,172,8.460584529602965,passed,154,5.491488181543613
4655,182.25339210008178,5.115403955166803,passed,163,8.005879580013398,passed,130,6.272824576017633
4656,178.46269664373517,4.260328129346167,passed,106,8.025748572644176,passed,25,6.384275762458391
4657,152.59575037832184,5.133294765843358,passed,103,8.079927173633239,passed,22,5.060720146922093
4658,165.77620814082596,4.219062061478145,passed,60,8.024004152985697,passed,46,5.824595828066981
4659,180.7016781689134,5.810995344265544,passed,133,8.36279247844065,passed,120,5.28362732121781
4660,132.1549741405053,10.188034790589793,passed,60,8.214625818449806,passed,50,6.260941234736239
4661,110.33180916288768,8.823459940016877,passed,280,9.466029712265001,passed,106,5.1382993698845025
4662,150.78222650470877,3.851685841927162,passed,52,8.286344356714226,passed,38,5.361571933652698
4663,124.27996428633645,4.478466621940916,passed,58,8.153220264186256,passed,53,5.843104917695774
4664,125.10761222629765,17.166982911648624,breach_static,97,-10.422654311038325,breach_static,97,-10.422654311038325
4665,148.78091502681613,4.606478125579342,passed,89,10.740297339452942,passed,64,5.095063159174051
4666,149.21460384226384,5.748098022976729,passed,67,8.765792008864715,passed,65,5.239651714048432
4667,145.38499227427556,4.354719343304398,passed,128,8.820008267848545,passed,93,5.37066462240845
4668,176.42739194532209,7.904980786606829,passed,102,8.610136662801725,passed,69,5.108495102501354
4669,88.56185650232821,9.230863478863105,passed,146,8.005152564320106,passed,121,5.372049658593858
4670,201.203494062384,4.504484946154483,passed,59,8.34368769380054,passed,36,6.569473290608396
4671,131.9113067659571,7.440113281328577,passed,44,10.103513225672135,passed,40,7.125614297380478
4672,161.9593808477645,5.799213222514775,passed,225,8.034917223054983,passed,101,5.002504518077755
4673,145.38634538171306,6.007046623271612,passed,152,9.177244785546645,passed,146,5.380543859107201
4674,149.0435949705814,5.877761704439021,passed,103,8.212602842180171,passed,30,5.340529262870097
4675,151.69916697511408,3.1790214411884463,passed,85,8.454767597759716,passed,70,5.296463002658647
4676,194.73214477385716,3.8401986005701367,passed,40,9.940333507881483,passed,13,5.358726811796344
4677,179.93033335016534,5.262310111344915,passed,102,8.507046660402317,passed,100,6.3617689562215585
4678,170.99998660085132,5.442332339903803,passed,107,9.441495866294126,passed,107,9.441495866294126
4679,176.50455053458836,3.936068343173793,passed,44,8.423439668604926,passed,25,5.882798254939092
4680,122.24124499159768,4.002429483181637,passed,87,8.553458347276809,passed,13,5.249839465656692
4681,175.78191057058626,4.05921673842196,passed,28,9.002714925386668,passed,13,5.0915155000452295
4682,126.8678067413108,5.625082359198212,passed,65,8.217706125600955,passed,42,5.011509802660519
4683,112.98710027935135,5.784109210225513,passed,141,8.006371479232,passed,84,5.999986095131549
4684,137.14949427512474,8.206977397024612,passed,65,8.528965805495826,passed,43,5.012466940818605
4685,111.43256689867135,8.851091339913744,passed,21,8.338302563253164,passed,18,6.304842490532114
4686,127.89120513547334,6.2939954446653195,passed,34,8.959790478440933,passed,29,5.534081246558009
4687,130.59390389636647,4.440422548788877,passed,59,8.461237316495772,passed,43,5.288001292691691
4688,138.16765769718543,5.977424787854529,passed,239,8.148359428301921,passed,105,5.007342658115066
4689,171.83429723138315,6.025960437895911,passed,139,8.095101740329103,passed,110,5.384151732904829
4690,171.05286701118098,4.5428323976372,passed,64,8.768650120540533,passed,54,5.484207586376488
4691,182.33768568624004,7.948639459504749,passed,252,8.117243074393432,passed,245,6.616676286786882
4692,124.6328316550632,6.408478034430488,passed,89,8.070866945300326,passed,89,8.070866945300326
4693,161.92848386729995,8.157227458193237,passed,47,8.004856516636206,passed,44,5.312874301916626
4694,217.84903448066171,3.2220192304954964,passed,46,8.203525206043928,passed,30,5.207172892568224
4695,140.59988138362453,5.3625625352784185,passed,89,8.768256488236359,passed,83,5.44511860873369
4696,152.85765948926488,3.504872197943645,passed,134,10.26043789279778,passed,87,5.979084016363778
4697,153.99172181916873,8.66203329207655,passed,67,8.131614736036585,passed,50,5.448349231281058
4698,165.91152303699684,4.696184274952425,passed,99,8.562176209006122,passed,56,5.01943023003788
4699,148.1497923905743,5.8707822028948815,passed,167,8.609818027852501,passed,118,5.260326209915145
4700,145.43838618982946,4.227225397806912,passed,157,8.772600270849518,passed,22,5.562830880978553
4701,98.57689499801796,9.068398524776882,passed,141,8.012021111510382,passed,71,5.010310309077082
4702,188.05262216108116,4.343070207183408,passed,46,10.609631461774693,passed,21,5.103351934880185
4703,158.5326671209061,5.684069023901252,passed,216,8.10846608770981,passed,115,5.003074702606902
4704,212.4509624902997,4.5487185906105205,passed,37,8.572058511151969,passed,16,6.139136463762984
4705,117.57066917118277,6.792400701988817,passed,100,8.063868448505463,passed,50,5.084158722977383
4706,165.92714923699367,2.951881139471542,passed,44,8.307062666637899,passed,29,5.824236380777248
4707,115.99408585935555,7.853490535884347,passed,91,9.05146452488863,passed,71,5.24476652066046
4708,158.3374828877036,4.785661357449426,passed,109,9.16266867275164,passed,84,6.154599617577361
4709,160.5830665128301,5.315795561892049,passed,70,9.635335123640608,passed,53,5.737175239061565
4710,184.62502706521886,5.205158111956026,passed,113,11.04843520045562,passed,30,6.377110362821425
4711,180.64035343012517,5.482997253782084,passed,123,9.131208782245338,passed,33,5.631970151219523
4712,85.99013178140295,6.035325693881768,passed,388,8.031070593704692,passed,325,5.511041844511366
4713,197.67414479782178,3.5484436797803394,passed,60,9.115687981363951,passed,55,7.170712606616503
4714,155.9944528298541,4.744708167836385,passed,153,8.278307473624945,passed,18,5.008679817875761
4715,173.92133447737393,5.314548890835407,passed,108,8.00134758463702,passed,90,6.622035316904573
4716,119.29518624732047,6.429720184600832,passed,203,8.464456372038121,passed,161,5.006003901759226
4717,125.04341127971075,6.968524033171525,passed,106,8.160290323875685,passed,94,5.155460855910121
4718,158.2531436787577,7.030131610680035,passed,104,9.88044214924091,passed,89,5.952125639696315
4719,119.5823175384386,5.200215845228802,passed,103,8.675484001706124,passed,71,6.0462781662802945
4720,210.9244182692638,4.255592112836907,passed,70,8.088844808120864,passed,36,5.293052029438838
4721,170.105894624247,5.81565368670252,passed,45,8.047849043467913,passed,29,5.987317838930295
4722,173.31733165718916,5.251788977409358,passed,58,8.12839437690367,passed,39,5.410404699006088
4723,153.9344847723857,6.236021716614973,passed,65,8.940695177391511,passed,50,5.466616257163603
4724,141.11100879531455,6.887493893383498,passed,83,8.05248879387932,passed,65,5.607777812820514
4725,192.5797626596458,6.563210330329068,passed,86,8.322486542878572,passed,10,5.876281821028129
4726,122.20761485878624,5.416587430643998,passed,132,8.747989944737288,passed,69,5.117355575092519
4727,150.84910125277315,4.819551172458346,passed,63,8.148513871244889,passed,31,6.548267344101366
4728,184.59856720952482,4.588149014790507,passed,153,9.054548500713144,passed,119,5.109557460351288
4729,134.58837608502586,6.194072580310241,passed,103,8.654143106263511,passed,78,5.003856764439285
4730,134.25966216544842,4.26248414442734,passed,89,9.096311976326943,passed,47,5.021018553151513
4731,138.41847640412678,6.036731779099958,passed,71,8.298926104105742,passed,35,5.232117857855134
4732,174.562441655125,8.920829053553524,passed,80,8.747978221428788,passed,56,5.525156312820956
4733,159.3958198492851,6.50564813450289,passed,68,8.266510650532876,passed,28,5.943611334808896
4734,173.3336182929302,4.2943439572554745,passed,52,8.161308740115647,passed,29,5.679280885983351
4735,124.38890753795052,3.1736867476706623,passed,66,8.01551846333044,passed,54,6.574773500999465
4736,187.10216111761264,3.828495306233309,passed,58,8.974600732796523,passed,25,5.149318637385969
4737,185.18213769851252,4.005768802131447,passed,111,9.055147525344044,passed,9,5.016696036789625
4738,115.57670548441537,3.988218915441251,passed,102,8.209280889166347,passed,61,5.690562588554093
4739,116.32484139729509,6.000167146931983,passed,39,9.687890082506811,passed,12,6.4540448334187595
4740,140.42757267034872,5.99242375182277,passed,67,8.209564594434005,passed,23,5.780415258273708
4741,96.49100802871509,6.129087109118468,passed,165,9.186969254854404,passed,142,5.253836527039857
4742,133.3332436118472,4.659971747632474,passed,61,9.763597385224077,passed,53,5.809371469257596
4743,196.79674663986853,4.823192223424211,passed,70,8.011780924651424,passed,61,5.873909460762627
4744,137.55990062647498,5.963581906886677,passed,167,9.303668920261664,passed,71,5.057671957134446
4745,118.58091435676074,9.800253253039777,passed,92,9.68819525840754,passed,45,5.584049820612669
4746,176.97660574470504,3.7367998355325205,passed,37,9.078114499951507,passed,24,6.149801266515076
4747,152.90535098726085,7.995018471600914,passed,79,8.19746417020455,passed,67,5.7741155916685605
4748,147.49107672686773,10.63340992498847,passed,85,8.021503591483082,passed,47,6.000266488995809
4749,146.33412200561082,6.481985373456391,passed,72,9.238532586846905,passed,44,5.284921787103336
4750,178.37034413259656,4.980850397543472,passed,69,8.085707777271821,passed,35,5.018334125951163
4751,138.22550763094802,4.955325838154567,passed,119,8.110660951162728,passed,117,6.23151089735825
4752,148.47575098169247,6.047408905745382,passed,50,8.671491651550788,passed,34,7.871567407549063
4753,140.76018488051824,4.243799588743405,passed,88,8.021342885891958,passed,65,5.30331560391486
4754,147.92795218497753,5.020153841793292,passed,102,8.324542530274858,passed,70,5.266104209171196
4755,177.30057388711646,4.510347789448035,passed,60,8.188170275300365,passed,11,5.13130588692563
4756,154.3720511631364,4.580230634897029,passed,100,9.093439410538885,passed,62,5.338336754417217
4757,190.9494011766109,4.259231008223659,passed,79,10.706387863142485,passed,61,5.71114290273691
4758,116.64177800025458,5.2513860426712355,passed,165,8.721292174829687,passed,82,5.0103841480220845
4759,157.71248673855496,7.389998819644908,passed,112,8.86631310659034,passed,69,5.3463379329955485
4760,135.14839655112127,6.157126112462884,passed,117,8.18747796830268,passed,99,5.403196631428742
4761,131.7488981504772,6.534964937913432,passed,214,9.102737449744414,passed,106,5.474686739403123
4762,134.68534232549564,11.092500265035191,passed,150,8.464568371778647,passed,68,5.165538523653335
4763,143.0954251008992,6.872229966402439,passed,90,8.014479485157388,passed,78,5.414243362295412
4764,141.31208022916243,4.952666698129759,passed,66,9.207757730946732,passed,45,5.874365804531911
4765,177.12429026633987,3.309625417211906,passed,103,8.139849555537303,passed,66,5.001806184979896
4766,142.9499519912003,5.558694141268763,passed,214,8.36454824082331,passed,144,5.347399905633421
4767,71.76650739727206,10.810393996280505,passed,226,8.158174876754277,passed,26,5.558571270877488
4768,184.67748714723058,4.473941724954527,passed,59,8.286047196921519,passed,29,5.974188935059255
4769,163.59335630976136,5.690413134138901,passed,64,8.947999779075989,passed,60,5.356273027653735
4770,114.19918066276944,8.213772752645935,passed,108,8.614496796735693,passed,86,5.018817192270042
4771,136.90982139786385,4.54182858064142,passed,186,9.774392858191883,passed,132,5.093710250069128
4772,201.62317332841582,4.000601927051048,passed,103,8.944778228419237,passed,79,5.1146861520981135
4773,142.96521871445177,6.580213918237467,passed,70,8.216397935051134,passed,64,5.62221484983394
4774,146.21962398165812,3.874661954572219,passed,61,9.063647740676362,passed,28,5.991815061660666
4775,96.65420495385521,8.838723687180956,passed,118,8.304229750365621,passed,56,6.788646158233469
4776,104.6135296626248,7.1502766564990505,passed,128,8.011644036738641,passed,109,5.295182937988074
4777,231.81333162731127,3.297154786890398,passed,13,8.024692913561381,passed,9,6.605626276775589
4778,223.4551025058054,4.455335615237092,passed,85,8.23849655350395,passed,74,5.17960639409607
4779,144.485079984329,6.136744503170731,passed,102,8.31657953494458,passed,33,5.004781344675013
4780,141.4344237722045,14.350280108789887,breach_static,162,-10.436165564225409,breach_static,162,-10.436165564225409
4781,168.7052594119121,3.7423122121006096,passed,61,8.155783293862617,passed,17,5.759229612399741
4782,208.9342871706294,3.094001462469385,passed,103,8.492755759228675,passed,98,5.115117876616426
4783,126.9988777810274,7.444801264693695,passed,119,8.018252001243331,passed,107,6.661654122526284
4784,192.26428086687082,4.556172447407331,passed,32,8.069755562764813,passed,28,6.040254505806364
4785,70.90638415577996,6.139539417276426,passed,165,8.554559746107394,passed,107,5.092532766929936
4786,134.69614729606567,9.882925441237136,passed,147,9.026045788578863,passed,102,6.419671635368607
4787,147.12701499032036,8.624253929316973,passed,160,9.434271309340048,passed,25,5.7111979886342645
4788,108.06811277608301,8.001918927250047,passed,112,8.184460697091222,passed,43,5.832856434137201
4789,157.35615146188314,6.2027525056663775,passed,135,8.0182391107114,passed,91,5.303407401317428
4790,131.01096889768544,4.406963009384906,passed,169,8.630053732183951,passed,122,6.064481908507413
4791,148.47678093492385,4.606019637891093,passed,60,8.519601352258487,passed,15,5.476427100990788
4792,154.18421155280782,4.6640732998447385,passed,36,9.396781261131792,passed,19,6.266047143391518
4793,136.4079487469395,5.271533497063135,passed,105,8.811858188246834,passed,90,5.353087748074392
4794,146.65384752386635,4.938329585517322,passed,109,8.028787531597015,passed,80,5.35146254589518
4795,148.67226027705925,4.048116096035643,passed,128,8.21411450331222,passed,87,5.735536338483271
4796,171.01081716504308,3.4826717515154906,passed,42,8.820650102753834,passed,34,6.299035208179338
4797,122.6778753021954,7.475104224675798,passed,204,8.256751087860481,passed,181,5.247270915154845
4798,174.48078493743887,5.927163822171925,passed,106,8.516308056454935,passed,28,5.646255497414221
4799,141.1834462625385,3.9972144404413963,passed,153,8.012997900255382,passed,151,6.635994553522662
4800,115.4408830660949,3.503556657357986,passed,44,8.317291120898563,passed,22,6.12075689201208
4801,141.0454564628704,6.888237008922419,passed,158,8.744862698540867,passed,77,5.67511036466275
4802,137.77195719487972,7.661528404351997,passed,186,9.029569082476607,passed,164,5.4040824561533585
4803,150.86981625766632,5.644979892189377,passed,171,8.886752466303726,passed,158,7.523244946558116
4804,180.40351750495387,3.6610284867284877,passed,73,8.518808689286761,passed,45,5.1694227062972775
4805,137.99641536586532,6.762830590346643,passed,119,8.2988158136033,passed,111,5.628468749480042
4806,162.6032547271754,5.228718923815778,passed,68,9.941419185994182,passed,33,5.791072162767508
4807,160.51764177476508,4.010264870202946,passed,131,8.018956699047708,passed,119,7.341974331940571
4808,145.95407552910328,4.309588528118492,passed,180,8.879993798999507,passed,128,5.353311946712447
4809,147.48440590030242,6.439363761126615,passed,148,8.317896573196482,passed,141,5.399122895058039
4810,161.55493280125987,5.328434403060809,passed,107,9.085391425793432,passed,60,7.213261258119341
4811,163.5762298297201,5.408856033045127,passed,114,8.235605224368614,passed,107,6.100974786361246
4812,147.82525189295228,7.207591814201953,passed,158,9.908218968582293,passed,27,5.112822363434311
4813,197.8990582250726,3.7497297698710574,passed,56,9.511274243270208,passed,36,5.516878624836852
4814,109.73914637561623,5.418048194555175,passed,67,8.75977353923576,passed,28,5.209665858181034
4815,195.96987454977574,3.6053049683596514,passed,61,8.440407637011415,passed,55,5.011579027145796
4816,160.81250086099047,6.763277817062016,passed,130,8.687342956429966,passed,119,5.5389705240576514
4817,174.76019167906375,5.4038497042794535,passed,67,8.127837141102967,passed,62,5.314203274071572
4818,164.53091295869515,5.83279220261401,passed,48,8.015674713265497,passed,12,5.015090101766551
4819,120.218862556499,6.884844229349209,passed,43,8.129831592117199,passed,21,5.314610311871104
4820,187.99643424476295,3.9785221069921892,passed,61,8.042830091576025,passed,40,5.615426368910059
4821,157.41657135992506,5.378784116013073,passed,41,8.96736648349503,passed,17,5.5658127330349805
4822,179.95470540662436,4.589913565866778,passed,93,8.251821089893063,passed,79,5.462893050027295
4823,162.18198511745734,5.238029530038944,passed,21,8.183005977433378,passed,12,5.251734243996742
4824,128.8171767448305,6.399570015025827,passed,74,9.012247822998765,passed,67,6.277557380975596
4825,151.3227727333128,4.336861725944104,passed,120,11.284533566578038,passed,112,5.014010202375552
4826,153.08672374189962,4.724044674522329,passed,60,8.491574875586739,passed,50,6.065261690559232
4827,131.71352869032074,6.270840828191989,passed,157,8.858616105206863,passed,156,7.690263226012983
4828,145.30229158145733,4.768240842824705,passed,186,8.40628658046072,passed,154,5.27912407316653
4829,140.25611048910355,3.5146078375397836,passed,104,10.440089668416274,passed,89,5.383126183751452
4830,180.7501660870717,3.931274182203185,passed,136,8.225802018370931,passed,40,5.426040221714001
4831,182.73787112032184,3.5558816498039247,passed,115,8.07649788379512,passed,79,5.997729650216566
4832,151.45949219159442,4.33327564982305,passed,130,8.563746268621507,passed,74,5.882955448007299
4833,123.64863054400467,4.736889972577039,passed,99,8.631083356075408,passed,70,5.482479851040711
4834,169.90909359608293,8.165005002623241,passed,154,8.00372163283949,passed,47,5.4472671729203
4835,83.34092965702362,10.649681994650312,passed,107,8.730030217940389,passed,97,5.561152591087026
4836,145.20078119210984,4.022775720730475,passed,44,8.475852647577797,passed,29,5.174226545277771
4837,133.89630517946793,8.661827105795533,passed,307,8.37184436867513,passed,54,5.017230135434736
4838,160.1346901146233,4.20263388365791,passed,96,9.362229326466487,passed,61,5.210162658327944
4839,149.14478838118174,4.209613320166893,passed,49,8.022733190578201,passed,39,5.790521813491023
4840,142.7512033258809,5.075035538674916,passed,45,8.611888371413645,passed,22,5.429594104519375
4841,138.2799888183493,6.003803835422556,passed,120,8.062537099260902,passed,97,5.601540344584088
4842,205.19583181438645,2.694833344758942,passed,42,8.101950999819806,passed,19,5.3696341352087895
4843,175.39481825616963,4.6940824510837444,passed,54,8.136498648118874,passed,46,5.259434345610603
4844,118.50144653677846,7.001006301806015,passed,66,9.381172193808208,passed,13,6.041892746831534
4845,155.51275575552665,4.774949969588558,passed,34,8.486415330871422,passed,21,5.817563589463215
4846,183.60656488485895,4.059896281881127,passed,85,9.32092569972729,passed,64,5.012074119577914
4847,188.32346985469965,3.78534251616396,passed,63,9.735304744844498,passed,29,5.1451831758674516
4848,147.19082796552544,5.0464023745504765,passed,99,8.620240217836095,passed,70,5.94537502911705
4849,180.84825610769494,3.8303078821020216,passed,67,8.094883598494395,passed,24,5.083718524919356
4850,150.34084410599488,4.336545137097592,passed,99,9.508285844503806,passed,81,5.211831884954554
4851,179.4402443646194,3.748875690561933,passed,26,10.082520786645176,passed,22,6.126968543634437
4852,138.30549311206002,4.647343978450611,passed,70,8.027347386137308,passed,46,5.281672405318472
4853,148.36728484818616,3.846031542430902,passed,98,8.719980216771184,passed,70,5.799692498861941
4854,170.89531905013467,4.269390027291449,passed,109,8.208114896747244,passed,93,5.909233268931491
4855,111.0379433787128,5.015410905844642,passed,94,9.135108849745555,passed,81,5.289153327317275
4856,129.51552480310485,9.158098692243936,passed,70,8.08163674320932,passed,34,5.209669256937932
4857,141.76788456282935,3.693347671011221,passed,103,8.096026984176063,passed,39,5.387468667233053
4858,199.04429549326386,5.491103400380375,passed,131,8.209623354385688,passed,107,5.0444212261056665
4859,163.4900194938978,6.280862002300188,passed,90,8.746333045619249,passed,61,5.03194893297203
4860,151.18153150042258,3.215899590189148,passed,59,8.053819998678025,passed,18,5.287837557223396
4861,128.88485827432007,7.9590273717125095,passed,40,8.014399106802394,passed,13,5.066797662542477
4862,157.56954248557486,4.8831702572829085,passed,36,8.069958733628035,passed,22,5.026453068195957
4863,174.49072364723213,3.3317266602084548,passed,165,9.111940697449672,passed,84,5.250734961382708
4864,168.89530381857526,5.279310699892498,passed,30,8.719027245472555,passed,24,5.781540827539855
4865,127.86948811675329,4.462339766465736,passed,53,9.181545420128877,passed,41,6.460901640640326
4866,183.30546166158604,4.85998434171026,passed,141,9.426274690663462,passed,115,6.015922860022949
4867,155.9881398188485,4.292667603273721,passed,18,8.045098907275428,passed,13,6.06177042435303
4868,184.75630665127963,4.633577298414292,passed,61,8.266174407748817,passed,46,6.776820720996413
4869,136.26323582962132,5.075620861390977,passed,124,8.122283948517373,passed,115,5.933148734461535
4870,171.82169270080726,4.073085116690827,passed,56,8.739598385392222,passed,45,5.566594097550315
4871,127.95559436203932,6.027308903239351,passed,88,8.021821950364227,passed,21,5.023781076175382
4872,138.44552137364676,5.134070799917327,passed,317,9.259171816823875,passed,169,5.2207913230809755
4873,156.15349832086105,5.078177898940841,passed,137,8.268397421940943,passed,100,7.300543040775387
4874,149.45807533842577,4.819698068831654,passed,67,8.253172412647046,passed,35,5.075018558031141
4875,148.92496512513392,5.306184628400815,passed,74,8.000004827289931,passed,18,5.082720265203755
4876,169.06555783786007,2.407916854127612,passed,106,8.757797748616913,passed,86,6.062722073250515
4877,176.83029422283778,3.577467809149532,passed,24,8.809772765480272,passed,18,5.001189425981756
4878,161.58558269026238,9.746436567112879,passed,50,8.22048487671443,passed,39,6.304243637179341
4879,160.8811021072711,6.2397573544499885,passed,90,8.067412181420508,passed,40,5.562995458868447
4880,109.39843399484018,9.557455915574847,passed,30,8.592776254950962,passed,22,6.470176784888038
4881,180.4832193446909,3.4240081450759794,passed,29,8.526318137412293,passed,12,7.574145978343938
4882,153.86656966722194,5.439571690954355,passed,60,8.972398079545574,passed,44,7.247647188326822
4883,151.5108106496384,3.8657828615877423,passed,29,9.252692820457353,passed,28,5.9285911944680025
4884,162.22572562384286,8.031891284200674,passed,173,10.590619439212423,passed,104,5.132825825243015
4885,154.34007368712236,4.526337898727176,passed,85,8.495621122965247,passed,56,5.000179118148895
4886,169.77057852671194,6.032361822109951,passed,107,8.319850198078814,passed,100,5.0129400857579665
4887,143.8303490371696,4.234521139165886,passed,50,8.02430203085236,passed,31,5.139062579378417
4888,145.39890552562872,4.992496755121694,passed,239,8.651569472581722,passed,216,5.430593872270939
4889,192.38304989372574,5.329406319220817,passed,152,8.56888625562162,passed,109,5.302257379348663
4890,143.14869905160492,5.967914850608748,passed,148,8.290470429946307,passed,91,5.719022090939463
4891,183.11520669302305,4.581351376828203,passed,63,9.823460810039242,passed,30,5.001100420689952
4892,175.45224146532746,4.635428442838311,passed,204,9.671765996722193,passed,51,5.130741414741324
4893,151.7443542090099,3.695301179633439,passed,111,8.293797227922362,passed,74,5.280610747533054
4894,188.53548848004834,4.228493196238775,passed,84,8.306576829196999,passed,29,5.521211230033796
4895,138.53052574379117,4.2662291865539075,passed,129,8.456885152495964,passed,12,5.3722121770398035
4896,144.89513655846764,3.943846880959758,passed,54,8.003963166826455,passed,34,5.002461015333837
4897,181.6513611260398,4.395149091501262,passed,112,9.702231147068074,passed,52,5.619112577823793
4898,157.86603117661952,5.2296911355724705,passed,79,8.12463167385129,passed,11,6.261934806872049
4899,133.85743412754297,6.954151362202292,passed,58,9.407599513753052,passed,49,7.879064014932147
4900,160.94270802405447,4.138702729870773,passed,52,8.617924963062151,passed,36,5.013457649390207
4901,158.5118805047734,5.4917249066500915,passed,152,8.848956496515669,passed,88,5.019205241220415
4902,163.11713239904705,5.1878281148258285,passed,50,8.0067092342484,passed,27,5.154870554624824
4903,164.84312725388648,5.59307016707422,passed,106,8.024290635001297,passed,77,6.104440945954792
4904,156.27492146225444,6.3850770167650035,passed,115,10.899200653255491,passed,106,6.867667235735597
4905,120.87885918775241,4.605574588673055,passed,50,8.388483206979846,passed,30,5.049920122547236
4906,121.37635053334589,5.57442200099761,passed,188,9.138381350781266,passed,73,5.265917458254732
4907,140.9343020433963,4.07055783181361,passed,104,8.536731151933385,passed,100,6.082695333358723
4908,209.76170493338225,2.954360892729797,passed,93,8.408474769771178,passed,50,5.7819953637467725
4909,128.83952954303962,4.620133056756992,passed,118,8.683672547894394,passed,17,5.092662103260004
4910,136.219781046453,5.636812261217874,passed,104,8.393119522635729,passed,56,5.107331492575895
4911,157.25481294046503,5.020083242253569,passed,58,8.003468555019676,passed,47,5.0303369509898666
4912,103.47749795598892,6.6657255416447985,passed,121,8.001462134657334,passed,59,5.948277176941819
4913,138.80344956635415,11.38898122453395,breach_static,173,-10.59609511234154,breach_static,173,-10.59609511234154
4914,167.0110480184078,5.510476518481715,passed,154,9.800890980314936,passed,39,5.286491871356325
4915,187.27144536841678,5.689425102513079,passed,58,8.053489646368073,passed,8,5.2648089204228254
4916,129.36730355796726,4.554811918197817,passed,45,8.147096448755686,passed,21,5.249454114835284
4917,170.46676741970916,4.364765686617346,passed,106,8.363856396127623,passed,82,5.148200053479468
4918,152.70842207206988,6.067614485301038,passed,102,8.434681190118166,passed,36,5.426433689247512
4919,175.4162686978347,5.311943535034662,passed,59,9.203194562113115,passed,50,5.249295175050528
4920,91.05632650424549,4.770788755478152,passed,88,8.616727678703073,passed,75,5.011958389096338
4921,163.5870209699357,3.328985755261713,passed,104,8.755219572155237,passed,103,5.943631159997631
4922,139.61783693396458,5.52138649202821,passed,74,8.02049341464588,passed,60,5.013706744011626
4923,139.04234551209115,4.004025628058898,passed,58,8.552368230629703,passed,46,5.675102660017317
4924,118.07310160483912,5.091543007128595,passed,78,8.41591765133678,passed,40,5.7868210560217515
4925,142.70399395598562,4.867696999618476,passed,198,8.321607518517071,passed,68,7.037878686304322
4926,114.53347844172086,4.567268784682048,passed,121,8.172654389825261,passed,98,5.768466951321072
4927,179.01593986206007,4.262309525318356,passed,152,8.353067717040897,passed,102,6.084015505753104
4928,162.1781071448423,6.301723634854476,passed,57,8.308838202975743,passed,16,5.001949685858453
4929,107.98973654656629,8.99003568396972,passed,44,8.432494750727138,passed,40,5.846879258233106
4930,155.54860280029862,5.0721006684570735,passed,39,8.055621688035043,passed,14,6.764189728290604
4931,163.5704626468257,3.1547969655886625,passed,48,8.199511137303928,passed,46,5.780792111709809
4932,187.61092937945807,3.7438155440741525,passed,22,8.8749554584445,passed,18,5.592123322030296
4933,148.4815298934043,4.693192727343339,passed,162,8.01515097874612,passed,134,5.954676341621901
4934,116.33350400712436,6.370490801990436,passed,43,8.493530496761359,passed,33,6.373935548758358
4935,166.34136977752397,3.964421675210729,passed,96,8.110926878971302,passed,60,5.480192356936842
4936,148.9932573340615,6.689949208260185,passed,109,8.893370149952196,passed,99,5.011292571614834
4937,136.7549980975429,6.143767632298781,passed,128,8.213562545617869,passed,117,5.74307210639895
4938,145.56708923591975,4.2033988538736,passed,138,8.081724358746168,passed,78,6.132174930973333
4939,168.72373698177478,4.57993080591078,passed,120,8.174528140654779,passed,101,5.65606595161432
4940,170.3071063659153,3.9284492896680026,passed,68,8.773521152354725,passed,29,5.680287037770948
4941,164.84170259067164,5.793868331833568,passed,201,8.005650175514045,passed,108,5.34104115646592
4942,143.6558017177468,5.282660730997036,passed,71,8.090068833811426,passed,62,5.378078756744364
4943,183.29963160757524,3.94387800389912,passed,79,8.595874841500084,passed,64,6.337314739024014
4944,154.92985787004994,4.308900315223721,passed,84,11.625106689899066,passed,34,5.718658035268542
4945,189.50872300842195,4.040842135803542,passed,60,8.85249261214196,passed,50,6.55585057847452
4946,144.64607382896153,6.204376685913842,passed,139,8.545663996940188,passed,16,5.691559944547531
4947,172.49824221479565,3.1352668935586596,passed,74,8.136907332122533,passed,70,5.682549236534684
4948,147.69063706304442,8.604475894768635,passed,53,8.277310023856543,passed,13,5.9314377316039835
4949,103.05576800790091,9.365159287091338,passed,277,12.161720246794161,passed,252,5.094734294493275
4950,159.57599072918956,4.1547751909268165,passed,31,8.254772107212816,passed,24,5.340494735391799
4951,163.38242596687022,5.030697441217937,passed,67,8.005786222227274,passed,34,5.022754134506768
4952,176.46497802787096,5.324607137101167,passed,37,8.302868518700723,passed,14,5.2781119997728165
4953,159.33024792260971,4.903764864540032,passed,196,8.85853038846216,passed,63,5.123119013560307
4954,103.33200745434317,6.03611082188355,passed,139,8.071167607329022,passed,124,6.174950656809086
4955,161.25155703273336,5.095475217826598,passed,92,9.147321815972331,passed,43,5.796343136487092
4956,147.05943434372415,6.604775127636349,passed,153,8.503129471685122,passed,120,6.321866745725746
4957,173.7063582288354,4.5596764181122085,passed,58,8.872130190950012,passed,30,5.312527020122726
4958,117.80602514054922,5.091854828042561,passed,94,8.283027936802846,passed,74,5.510396694447595
4959,99.12192897510828,6.704349871920895,passed,40,8.591830160570769,passed,26,5.4925760678728786
4960,145.6134965488765,6.015149472142887,passed,139,9.551141374336304,passed,133,6.6406213119399204
4961,131.37565515928347,3.86277456314747,passed,107,8.01033884074549,passed,50,5.932556746765227
4962,168.0766721025544,5.633639740887078,passed,125,8.810796118757814,passed,50,5.5618625024620005
4963,148.12340054044012,5.071478501790453,passed,38,8.136809473953722,passed,36,5.830275145625774
4964,175.53073771007237,8.853453618396772,passed,38,8.432144536771592,passed,29,6.345018482912157
4965,182.29402529758062,3.245848502333909,passed,79,8.490900674698821,passed,69,6.630467948322805
4966,163.11053840591353,3.102817353680378,passed,86,8.149008832589711,passed,45,5.595452572184612
4967,141.92514616897301,5.793414478497419,passed,89,9.501385236727856,passed,41,5.217236545176829
4968,164.2295187336302,3.597362262167058,passed,26,8.006210165354188,passed,7,5.247765033856111
4969,126.52023334497412,8.67118383184259,passed,280,8.680560589872787,passed,107,5.0930003832013515
4970,152.48463031612394,4.1486433408042656,passed,106,8.125049472153512,passed,61,5.286502795971182
4971,142.0881715489291,4.2447260054341465,passed,76,9.109833540539247,passed,70,7.823514264323905
4972,134.8157561328108,5.291307291346324,passed,23,8.637083611471796,passed,21,5.084065392236181
4973,159.6106017846774,6.086273901510618,passed,106,10.970491048872155,passed,39,5.649639358021585
4974,154.29847793775892,6.147626886435414,passed,97,8.773352073293239,passed,78,6.577446118654406
4975,136.52589594907033,4.981274154235375,passed,138,9.463563096150152,passed,79,5.0448392289526245
4976,135.3698866289095,3.941416268982545,passed,117,9.16749662812142,passed,114,7.704953287733107
4977,213.0756777611537,3.54578823048963,passed,56,8.971874946917445,passed,50,5.266076585898638
4978,131.05027356905418,5.95293161448812,passed,79,8.003912689670534,passed,72,5.867972157260448
4979,208.162700444207,4.1179035587259145,passed,45,8.678229516044112,passed,35,5.385999235804273
4980,177.2971863598178,6.6731120653783185,passed,223,10.3332041349121,passed,211,5.012250283508579
4981,178.109620154714,3.4407576284248127,passed,50,8.882476097102998,passed,23,5.373399973268511
4982,117.25205723453831,8.999006150478051,passed,284,8.060651288889531,passed,261,5.471335282335321
4983,180.140767728019,2.941697381280191,passed,94,8.253015013376451,passed,84,5.750934378673067
4984,143.46543375627482,6.2059031811141345,passed,135,8.371326356307751,passed,44,5.834162324467007
4985,168.22408560314338,6.41571735192661,passed,29,8.91649492297697,passed,29,8.91649492297697
4986,174.0155245672655,5.069322023686178,passed,31,8.405243889025261,passed,20,5.438884495517304
4987,150.15103116074272,4.446736503495387,passed,146,8.64993766286306,passed,127,5.440726260797923
4988,147.4606276420993,3.8093877390174398,passed,155,8.073643461667391,passed,107,5.10619830447161
4989,195.50040257945022,6.781334546027311,passed,37,8.020935888283255,passed,13,5.521277536715163
4990,188.77512335701715,8.531893644928738,passed,89,8.005887349391916,passed,76,6.1805498956305716
4991,153.3596381936752,3.5276084320067,passed,66,9.387000995610805,passed,50,7.2942092513414325
4992,182.0691222374043,3.2039414877115187,passed,107,8.539711340008616,passed,98,5.852911294161833
4993,166.681932079642,7.688761045961416,passed,64,8.01505031565528,passed,58,6.261979408258078
4994,186.43436994469363,8.331016876529569,passed,177,9.230324932865486,passed,165,5.001344747000025
4995,149.84475883347682,4.009802525426729,passed,71,8.249584722860837,passed,31,5.100877195182552
4996,147.18406177161404,7.174733159733898,passed,98,9.485548429554246,passed,98,6.189598403873764
4997,89.55289999399048,6.081729441060935,passed,83,8.128014314547794,passed,59,5.993624743585357
4998,149.78379886051064,4.111012189415959,passed,46,8.96810125498213,passed,42,6.106265139644584
4999,177.7662455675053,4.3765426173389494,passed,42,8.383858140839173,passed,36,5.682832609929855
5000,142.52208814218085,3.483743808483163,passed,20,8.140676136924174,passed,14,6.426820557333368
