sim,final_return_pct,max_dd_pct,phase1_outcome,phase1_days,phase1_return_pct,phase2_outcome,phase2_days,phase2_return_pct
1,212.19732948365814,6.730800637161799,passed,141,8.122147217701592,passed,96,5.011596074841962
2,167.10676507330945,3.883467904435462,passed,94,8.094325763953748,passed,91,5.348733893765867
3,191.1191673967201,4.924784739569602,passed,27,8.029644072953367,passed,24,5.420765786710624
4,240.13992232858777,3.0786713697489723,passed,74,11.659836509451061,passed,26,5.154598776273112
5,147.43935620097074,6.881757965410444,passed,123,8.622751284626284,passed,67,5.4386928474299046
6,159.69401999591386,10.710573055231892,passed,103,8.001339023071807,passed,68,5.7497188847506875
7,152.81242340359677,4.793978236273095,passed,127,9.11990593466383,passed,16,5.289134328770362
8,211.8337998081513,4.237655731664206,passed,24,9.319231572371711,passed,23,5.903130461408468
9,198.72386154703946,4.377023907859569,passed,86,10.623791758571667,passed,53,5.819482668738374
10,137.23769986013977,7.054228026898817,passed,96,8.722748947692871,passed,75,5.469670876800126
11,183.81853041298322,4.276038378308537,passed,22,8.03232306809576,passed,12,5.23643958240434
12,189.64493772999145,5.4696818413104324,passed,114,9.121943832318458,passed,96,5.270161648042082
13,193.92362680524138,4.027677769070191,passed,94,8.421490301975187,passed,66,5.134649958315118
14,192.2586116856984,3.667949140264446,passed,62,9.491376618465619,passed,38,5.319448896073009
15,161.52251332946093,13.916789591409549,passed,60,8.031450079579482,passed,49,6.581413156760729
16,183.84942162771017,4.538043797743488,passed,99,8.186874284195401,passed,69,6.200190783111581
17,220.75880635129005,5.721759416836537,passed,128,9.384190151572035,passed,119,6.943547446109122
18,152.71772045926105,6.47892055597908,passed,84,9.903034897353757,passed,67,5.114011591800982
19,190.55357911576354,10.718609537240495,passed,130,8.329083075146348,passed,20,6.735466886904251
20,176.9390065089542,4.271015238098177,passed,65,8.678545880994836,passed,57,5.5600244278882105
21,164.84056932476446,4.260748942154509,passed,88,8.057746228511252,passed,28,6.215673988039594
22,207.51813154659163,4.024986699227933,passed,52,8.25346330967025,passed,16,5.053556480011068
23,162.753296943361,5.444049423015595,passed,68,8.155397459344993,passed,68,8.155397459344993
24,185.6961648213363,4.346180076024446,passed,113,8.6370683197591,passed,59,5.373679611143212
25,197.98930564538105,6.956053918919032,passed,117,10.173949846924323,passed,91,5.129513391638896
26,160.6166142946206,6.359658457984593,passed,55,10.298432621585608,passed,54,6.114530739088586
27,187.3277948110013,4.847606334221919,passed,148,8.360271728363667,passed,25,5.009257090972707
28,164.46457852676292,5.051338517432457,passed,93,8.16447976405492,passed,46,5.357197986201401
29,178.4669347062538,4.066540019532255,passed,51,11.300973649271807,passed,45,5.415647574141369
30,160.04199211212065,4.526469351132778,passed,52,10.1446722689839,passed,52,7.6712373643639475
31,167.41818250856335,5.697941534546226,passed,77,8.998416051171176,passed,72,6.101232854672611
32,172.1614188685151,7.266324258642381,passed,157,11.919920957304718,passed,155,5.75907073436932
33,207.78407731552755,4.321430428436096,passed,12,9.530613741710535,passed,2,6.0973341110515555
34,159.48456303773835,4.712101471229264,passed,45,9.669349363409907,passed,28,5.063903339616926
35,176.21042585835437,3.516314317349145,passed,54,8.087770811936501,passed,15,5.104933452080718
36,149.2074141247396,11.276773101810063,passed,209,8.200534486049648,passed,83,5.716342702332278
37,147.19076848662738,14.03483959039776,passed,95,8.348685092514962,passed,93,6.3414323000833495
38,192.2838786535356,5.144784186996442,passed,68,8.674149610902315,passed,21,5.0309964495485415
39,163.9684731759609,7.234017713711792,passed,79,9.813326438812698,passed,72,6.582023570313078
40,172.15510266841343,4.728458894354693,passed,93,8.586702737494223,passed,67,5.060145838276187
41,212.28769715263707,4.021903952599635,passed,75,8.303109042237455,passed,21,5.0944532122159325
42,160.41836967432204,6.529748288699061,passed,76,8.006438566938856,passed,57,6.010311438657023
43,154.7274637455902,6.100684697261723,passed,99,9.342689743675692,passed,86,5.1515116583023435
44,207.0148414589657,4.143531041619537,passed,27,8.054775363355926,passed,19,5.417146031645403
45,156.17047717705117,6.583507072226388,passed,105,8.27908104663264,passed,101,5.771038619992641
46,186.48959522652086,6.423320980906827,passed,49,8.050249112140984,passed,25,6.109038447284032
47,287.4998673950827,4.6740458332092745,passed,18,8.057120022470276,passed,12,5.482663449403669
48,153.27139289285418,6.124851316044104,passed,66,9.142303611181202,passed,52,6.766168338653378
49,164.4291846137667,7.779706590653941,passed,30,8.481789764054138,passed,18,5.677063822997952
50,203.4563934165517,3.505217048286087,passed,64,8.130907428475265,passed,21,5.017728103882413
51,240.10725757178574,2.900860998152624,passed,30,8.275825892325184,passed,30,8.275825892325184
52,167.0262982067658,7.7712331665831265,passed,52,8.26032971103745,passed,21,5.427142401225127
53,192.32273457613007,4.074910653969119,passed,107,8.183220045426687,passed,67,6.0462889374753415
54,205.59313727621915,4.448401716274318,passed,20,10.241550757299,passed,20,10.241550757299
55,175.02686916177055,8.361577335572111,passed,213,8.036470845261888,passed,205,5.252868004066924
56,155.2971665275762,4.039455294717007,passed,85,8.474382081787525,passed,75,5.245867334660015
57,203.98818773125322,4.414971862056043,passed,106,9.214297190914177,passed,95,5.156484714794329
58,156.11652830516053,5.701391344106913,passed,17,13.01532550053388,passed,6,5.712664061892503
59,189.84017849431805,6.320929364548106,passed,90,8.006253765790161,passed,57,5.976581275281312
60,214.51325615828404,5.506009615329022,passed,147,8.22371258455179,passed,62,5.271459627993069
61,138.28096921503632,4.962309919854299,passed,59,8.766644093625619,passed,22,5.478593420767575
62,216.6832593428462,5.945283474621648,passed,52,9.516647763852015,passed,37,5.057593142037731
63,242.117991844238,4.648576516276837,passed,68,8.205453977619715,passed,64,5.6251267600292865
64,152.18301120444139,6.331300660882013,passed,115,9.446897376003793,passed,111,6.5903597498909505
65,221.3645199256992,4.094659652535759,passed,43,8.199687068157413,passed,34,5.609184175770832
66,182.32784168141646,5.129560935921398,passed,31,9.127169949882363,passed,31,9.127169949882363
67,141.8293197154569,11.583821147440064,passed,35,9.120768184004625,passed,31,5.271450101122732
68,160.8549189261312,8.848411956703083,passed,223,8.502607609695279,passed,158,5.072915094819508
69,165.14488713094596,4.504894639931917,passed,100,8.45824771287913,passed,79,5.419972351007751
70,159.7042851545763,6.464064664264514,passed,178,8.286924705524946,passed,172,6.548214154101584
71,179.87726352643074,6.220199385035475,passed,103,10.012165527426053,passed,88,5.646796614603633
72,207.8715242929426,4.736808830562351,passed,76,9.184154219285823,passed,64,5.002001815661505
73,148.2790203995755,5.928152969783688,passed,18,8.533458997171284,passed,13,6.484892013815324
74,174.66822903599976,5.5624819138968205,passed,135,8.554882076090454,passed,100,5.263092334134534
75,135.03187974342384,7.555985847050883,passed,32,8.102147809351013,passed,18,5.019218980986984
76,161.740793451852,3.479599930797641,passed,84,8.29033523655729,passed,69,5.550417829734178
77,115.05960039633507,5.806387507203832,passed,155,8.006790143302434,passed,139,5.0066348143739114
78,212.90951593759863,7.362097813715569,passed,33,8.832685826005736,passed,21,5.050407868617368
79,184.87772744364926,7.456381899093055,passed,95,8.567175119828562,passed,64,6.32134505351587
80,178.31402149682384,4.877256959453109,passed,45,8.172773521558785,passed,35,6.090434811067635
81,218.94571235835355,4.197121444998906,passed,66,11.649648706090844,passed,49,5.353341665863565
82,189.97128327869052,3.8375316817311442,passed,87,13.288525310621058,passed,48,5.004217491160889
83,154.39531233733797,7.0445432347382635,passed,73,9.564108661042692,passed,58,5.054915174222763
84,225.019835829145,5.487731390897636,passed,90,8.008564917123383,passed,12,5.338281896741615
85,133.96749866345178,5.663190698848018,passed,80,8.001453604988317,passed,34,5.339918650376019
86,153.73396348941233,5.33267730019937,passed,40,8.082780681429892,passed,25,5.437432245953611
87,184.452328051644,2.8607339883189606,passed,89,8.541781692536077,passed,84,6.070276329931845
88,243.01641067039805,3.397234660660417,passed,58,8.170332702807137,passed,47,6.044294181779941
89,168.6601266051638,4.6132520492959435,passed,95,9.04919839506153,passed,95,7.989677413057694
90,191.59038758733024,4.229165800948249,passed,62,9.328089711288001,passed,44,5.824448638954327
91,185.71545603528529,5.978460447266232,passed,180,8.733884745028963,passed,46,6.471982436457524
92,102.6111017255377,7.097873825928305,passed,178,8.101304174969082,passed,124,5.193255351285031
93,220.07142201597668,2.2045413828383174,passed,57,8.816686256824235,passed,27,5.005040468972188
94,237.91607036975546,3.31028295622701,passed,87,9.227642464427376,passed,75,5.090444961903473
95,133.36823657017214,6.550133493437615,passed,93,8.099280903315332,passed,23,5.1873287969139925
96,139.5033238821577,5.268265530091845,passed,178,8.69636548415662,passed,101,5.1521588840754085
97,172.78618304266251,7.018842355045461,passed,73,8.144819497403066,passed,67,7.053375728647127
98,119.6457004494178,5.836484122523362,passed,57,9.507864099389419,passed,35,5.837364801398315
99,172.9888502971622,7.760099501282375,passed,206,8.000924292201784,passed,59,5.698501740149453
100,182.16024601400002,3.752217255705627,passed,66,9.234566348651473,passed,46,5.5794165367039295
101,148.06911994140765,7.319322140432533,passed,148,8.318822252294877,passed,43,5.686557024918626
102,178.58899658176693,5.330599673762001,passed,99,8.48206808418086,passed,72,5.264026222543716
103,125.76094451649821,6.794880872000636,passed,72,8.304797278431497,passed,68,6.505140679744614
104,158.8413616236099,6.696293281464049,passed,44,8.041735763434165,passed,24,6.860579033122338
105,136.56234615183695,11.950381589855404,passed,46,8.089930347120578,passed,43,6.11503425899611
106,180.23775592173993,8.786539734320463,passed,64,8.670241025622683,passed,62,5.0058861118475795
107,145.81072063828066,5.661941471165708,passed,26,8.364453495393743,passed,21,6.278581152842899
108,178.36284343549357,6.075648914768171,passed,62,8.397906513720388,passed,34,5.83120014827474
109,143.82164896008857,8.471429746516204,passed,65,9.676642013586246,passed,36,6.404776923802458
110,138.21347256009454,7.830403277483004,passed,79,8.013103325984128,passed,43,5.103758468550934
111,178.34370933668401,6.49144067281758,passed,62,8.724001294451833,passed,35,5.038726482340272
112,190.9174360739616,5.066852854253813,passed,47,8.143966248087352,passed,28,5.023862666860768
113,189.97073802195695,4.254844030894335,passed,94,9.132942665461009,passed,71,5.148442270944642
114,125.67546152383483,6.603794603153772,passed,66,8.04674805005865,passed,65,5.77358988543335
115,226.15147760575832,4.511232689822074,passed,61,10.80072993266581,passed,31,5.610985875725483
116,200.29923385393343,4.465012356951087,passed,58,8.890575098978726,passed,11,5.474456148949969
117,175.34600840417554,5.692457557854963,passed,99,8.404193383910407,passed,54,6.606158107994853
118,204.47785676769215,4.130722996301665,passed,40,8.029859840560372,passed,28,5.348683047002667
119,212.00021486982422,3.8914802096713252,passed,27,9.926992756331199,passed,10,5.098079666719113
120,153.03276080029215,5.5267279882583304,passed,77,8.359593105600261,passed,70,5.5876591238024576
121,152.63929623925523,5.624060954950965,passed,40,8.599053353496998,passed,22,7.595272190736568
122,246.25007383134857,3.4823521065636203,passed,37,9.592696602466066,passed,21,5.434703764139415
123,188.07594635953927,4.713653013108454,passed,15,8.545456196661384,passed,15,8.545456196661384
124,184.1426421315561,16.471048947876714,passed,30,8.094298800789446,passed,22,6.194858968817174
125,178.42593963268723,5.304478548323541,passed,85,10.150640064301308,passed,84,5.664138525192208
126,182.57599401247523,6.1610337575857805,passed,52,10.790662056550948,passed,26,5.114214771955639
127,176.36015664032487,5.134382858845963,passed,66,8.389884472444109,passed,24,5.019515001596453
128,141.29394913035424,3.7325215594583883,passed,92,8.201260947157163,passed,80,6.533486127805221
129,149.45489187930252,3.5715718731863797,passed,68,8.706984028576127,passed,49,5.3690369293464935
130,183.06590259912713,4.267332045143378,passed,26,8.191658374460232,passed,22,6.925448839433601
131,204.33480363618787,5.367721214556443,passed,220,9.245204074927527,passed,118,5.14401546582639
132,160.84379646427732,3.193977983248201,passed,99,8.379320353824582,passed,49,5.304888684235731
133,151.1383505788578,6.93691685791037,passed,124,8.280831098825935,passed,12,5.228669987289769
134,181.82687702581677,5.389879924237609,passed,47,8.006895430388239,passed,33,6.913701277486051
135,138.0013326056226,5.7763257478101435,passed,92,8.662441965595091,passed,88,7.433092869797564
136,134.3517389027698,4.193978169333093,passed,12,9.649371499061154,passed,10,5.791007974786644
137,240.48154808324207,3.9605228702121362,passed,64,8.015093204083534,passed,59,6.886181310055672
138,220.17330084051778,4.457838999854861,passed,124,10.056603916357432,passed,75,5.702675502817023
139,104.30957918769685,5.725635005175674,passed,203,8.007784971772992,passed,191,5.002073572273535
140,185.88553153525442,7.103203653584241,passed,58,8.064684067054738,passed,53,5.147445610672441
141,216.75218998481375,3.569914794140062,passed,22,8.20397630697105,passed,5,5.328382258086339
142,180.01625848215664,6.397676283329508,passed,208,8.341376414021152,passed,149,5.312307529321969
143,249.8999962588183,3.6601378687334263,passed,26,8.01106421722453,passed,13,5.056675571776648
144,166.93568695708558,6.9641248995122655,passed,79,8.204217737206987,passed,12,5.776703360843083
145,202.18804626287238,3.880177491561892,passed,43,8.17644548183043,passed,18,5.656508960384121
146,164.73288764433485,8.893879754076108,passed,242,8.460055173706538,passed,221,5.3305590099606
147,112.90256723071646,5.232800989273116,passed,63,8.032531752400018,passed,58,6.524360165231746
148,145.10576308097887,7.7268706985116395,passed,62,10.010844257765594,passed,55,5.000010851144099
149,154.98849381458103,5.013362800337414,passed,83,8.039170110396455,passed,72,6.441911638006115
150,187.45591325082307,4.377294816446799,passed,73,8.088962129807031,passed,59,5.039939275597893
151,169.818611730271,4.551202841205012,passed,204,8.306620734275484,passed,143,5.269259399889914
152,222.44400568930988,6.956501194800306,passed,88,8.521550751432905,passed,83,5.403308884197311
153,210.61513137674814,9.08529044996146,passed,63,8.347105142318622,passed,62,6.229477604808964
154,167.8430730017585,3.8188632011693637,passed,61,9.462992501493094,passed,21,5.141084766529058
155,168.71414391825436,4.8636918271494824,passed,104,8.00141679308548,passed,78,5.616404204499115
156,199.60192786987193,5.055043558127671,passed,106,11.30487402385436,passed,48,6.0377038674712
157,180.3945877249544,6.177222089244101,passed,57,8.412666105689649,passed,46,7.236450565610153
158,212.03387524547793,4.1868489332297845,passed,62,9.092523131344343,passed,22,5.017881678262359
159,171.3527719530806,5.477327461672619,passed,37,8.14115698053186,passed,14,5.0203606855060645
160,192.4812358357017,7.4952167922997335,passed,38,9.458066380207253,passed,18,7.441684400980586
161,182.07408842590723,4.02420616908488,passed,62,9.390564800346347,passed,57,5.200289002474889
162,174.6518877642027,4.557855387219443,passed,62,8.918336861728204,passed,61,7.068033755937186
163,192.77748604453743,5.764890438880946,passed,27,8.193451090458037,passed,22,5.924062030822119
164,150.09630917698507,5.687601096982228,passed,68,8.53507429853082,passed,59,5.731537747687709
165,187.76815266050332,6.144585797673206,passed,97,9.030944515099893,passed,72,6.019390728807261
166,197.44654291822096,7.030521279517861,passed,108,9.115919004079998,passed,100,6.946866156843812
167,167.71636300604396,5.505786774139354,passed,82,8.516265861524541,passed,58,5.215476839311117
168,181.46083497807913,5.020952913517922,passed,92,8.01471779819465,passed,63,5.019449053262792
169,175.61464611098373,6.913834742651426,passed,70,9.14812446512645,passed,65,5.000862501194869
170,175.29753602836595,6.889149162392684,passed,66,8.675852368176141,passed,58,7.213508449019601
171,184.18947626492974,5.3027700829703655,passed,27,9.180880626304177,passed,21,5.282346445392605
172,199.76703165279397,6.161966785903027,passed,152,9.697892485652094,passed,118,6.340062619232989
173,167.48994403864435,5.47384017832282,passed,88,9.958259848044793,passed,60,5.1343276446632835
174,167.64002424533876,7.6965068757856585,passed,124,9.462363301572418,passed,107,5.0858971816476695
175,176.5219005025478,3.4543206208682617,passed,97,8.031031530066436,passed,75,5.015910187524986
176,172.5854694873176,8.924993981585127,passed,241,8.785260955790664,passed,124,5.277140197345465
177,164.75501245168212,8.40803712151891,passed,277,8.824301103294685,passed,188,6.00658958898983
178,202.13743377900454,5.663028757589387,passed,73,9.386464538548323,passed,51,5.3286135626546605
179,164.4637910174653,6.879526766115114,passed,95,8.899432281399378,passed,24,5.019106133403484
180,156.26527647304465,8.472783791990581,passed,117,9.768478942309144,passed,92,5.030185003903731
181,167.68408683979743,7.355764197218191,passed,216,8.934801412211835,passed,133,5.210551851495193
182,176.6752066051425,5.711029866572701,passed,46,8.894705240521873,passed,38,5.122724340746854
183,207.12731245721713,5.543390424782168,passed,93,8.076003080292061,passed,93,8.076003080292061
184,155.57346348132245,4.53256937253255,passed,67,8.921567262577511,passed,45,5.302663719118161
185,113.88841472646018,8.725818632736775,passed,76,8.661446048686106,passed,24,5.003849152991213
186,183.76420969336155,5.767549781465915,passed,93,8.497910599654123,passed,14,5.673752222578643
187,164.3870065576983,5.606913583340116,passed,24,9.420227718828645,passed,21,5.062077142205856
188,193.20236809638035,3.247000810083377,passed,70,9.928581771477685,passed,63,5.354919123438129
189,190.11293973407984,5.454886849969907,passed,73,9.843146950651715,passed,67,5.312205003951576
190,152.59596599818562,6.4180091606527645,passed,20,8.863381142694514,passed,13,7.10722345769883
191,134.2109317789592,5.927989660696242,passed,230,8.006082284637284,passed,99,5.522966531433404
192,195.86626230865244,5.421416273157178,passed,34,9.411451720734298,passed,28,6.633870281547916
193,155.96641100216715,4.62216947654865,passed,19,11.75757332096361,passed,16,6.352474202749803
194,156.66197768178984,4.800006424944807,passed,13,8.349844408592988,passed,11,7.037939900957824
195,190.32778240870226,12.111540013834174,passed,22,8.330658317247552,passed,21,6.309556300196162
196,160.3660936059797,13.95921603825834,passed,59,8.691327045254793,passed,58,5.27522593429155
197,149.6657565856533,7.837864877747397,passed,59,8.1188230239146,passed,54,5.076110280362522
198,149.6355283882,7.853671757434079,passed,65,8.851810900639379,passed,40,5.000220366047792
199,167.92200924516712,5.780524063506057,passed,122,8.809863004938624,passed,102,5.58546809262257
200,158.11812385301175,7.380108006565445,passed,69,8.6433483898541,passed,69,8.6433483898541
201,151.707433727981,10.343359434204325,passed,247,9.529421205804955,passed,51,5.299564170549775
202,114.84330287122444,6.455778714140467,passed,90,8.419974425454257,passed,81,7.271005831993849
203,185.49337011566865,11.02877402915007,passed,88,9.083329485764246,passed,45,5.212344945827874
204,205.0208255047418,4.974355230128114,passed,58,8.715205934927116,passed,32,5.257019429123555
205,164.74450765917052,9.54766691103489,passed,191,8.364148560266127,passed,167,5.383702675246793
206,187.10143213155007,6.986087305087037,passed,147,9.560812084872094,passed,54,5.514514025065331
207,155.28549141534575,7.1129684790923475,passed,163,8.370071434770221,passed,110,6.372189181622967
208,213.3452271011238,8.086182513692485,passed,37,13.691646367087218,passed,13,7.3396093920061745
209,203.91506371527473,5.460901993026539,passed,24,9.125556494188714,passed,8,7.058744549661156
210,187.95159155416638,6.136758411619574,passed,97,8.304741912889835,passed,27,5.052590564300941
211,160.0004290972556,5.785766990161916,passed,59,8.478458183859217,passed,23,5.077951302831174
212,196.06747305412338,4.636651787298394,passed,27,8.858560231911161,passed,14,6.495351326069931
213,162.2512445935329,10.268656568110389,passed,213,9.435613398971165,passed,105,6.955843016503649
214,145.999514213063,4.971302764093969,passed,75,8.392625905369822,passed,67,5.074502696673666
215,183.47158108560063,9.814004229124473,passed,96,8.579447397629302,passed,87,5.707339867696493
216,215.08701430548624,5.254499648683384,passed,35,8.376734480186364,passed,24,5.344801134129518
217,209.80026713609567,4.1246963258727245,passed,69,9.399635071533407,passed,47,5.1065797630728715
218,158.22529882062545,6.9116048868718165,passed,110,9.311807485612821,passed,42,5.107593566879465
219,162.36023175625135,7.197248232454324,passed,32,8.320533445556567,passed,18,6.4577421692181725
220,132.7456630695408,9.399801766736198,passed,21,10.186814856455872,passed,21,5.935966798598358
221,149.88329037977473,5.186766754565492,passed,100,8.01604109609,passed,59,5.018819173458433
222,158.04896602872182,5.790035055768814,passed,155,9.162386747554429,passed,136,5.495275691629997
223,166.41569197870538,4.623640826609803,passed,69,8.449932227685242,passed,21,5.444495737631683
224,171.66172261338986,5.5036050631342155,passed,11,8.337177890126558,passed,11,8.337177890126558
225,172.7118858021026,6.204782113531498,passed,206,8.979475593554165,passed,90,5.295359773157782
226,158.33017934088383,6.986944830400183,passed,175,8.006872909732255,passed,159,5.697935307895885
227,179.04555316062147,5.608042412377524,passed,164,10.126399709473443,passed,100,5.194010927179615
228,230.58703071777583,3.2227956084671985,passed,13,10.623627740807763,passed,7,6.790941277925611
229,187.91870524852942,7.213215382473148,passed,74,10.471949810010074,passed,58,5.7670546907623965
230,111.64195017602725,16.590467215550447,passed,68,8.025136812487998,passed,59,6.786945229664765
231,196.78918035144326,6.310845921419982,passed,40,11.842330033560433,passed,11,6.096837792224163
232,139.60784139021249,17.892004071822665,passed,134,8.362236878019381,passed,97,5.5437762044801
233,187.1342615179262,4.639813259759527,passed,26,8.992050188281976,passed,20,5.632476524746499
234,176.7795816289802,5.368241374735874,passed,58,9.213427185749312,passed,46,6.132081737125139
235,179.59455558746336,6.469779029532575,passed,48,8.286465237951312,passed,28,7.906812305871047
236,133.09347200783472,7.18936725634903,passed,94,13.144507310542043,passed,24,5.084514595888412
237,136.74705033678373,6.672309735329918,passed,82,8.393163759134703,passed,54,5.018630239729127
238,169.75400152879877,6.361900887912264,passed,134,8.499628599275155,passed,73,5.004552540946783
239,149.33703528300987,5.910867080916654,passed,158,8.27311644317641,passed,156,6.369486206949104
240,188.93244483798526,5.5931264753431345,passed,145,9.652560143550758,passed,9,5.095087372400764
241,189.2434030228974,3.6692339860387495,passed,16,8.84460502676605,passed,6,6.429941025675445
242,197.18991292614228,4.015963641230535,passed,94,8.456020094698168,passed,78,5.820259391810678
243,182.36576580546705,4.008658905535996,passed,115,8.027748321473528,passed,114,7.545548596848728
244,213.90822582038155,3.4539336443081172,passed,88,8.22296395183666,passed,60,6.1385659316578245
245,243.1812568360953,5.211557652033885,passed,18,9.389665931725277,passed,5,5.3561497803430225
246,184.58516938517394,4.05091342767499,passed,27,8.065633884207157,passed,21,5.367407451556283
247,215.15851182888764,5.675296417286887,passed,61,8.843489437705143,passed,22,6.010444846416574
248,188.84509863337237,4.685910944102818,passed,23,8.404197583570273,passed,17,5.054029480996247
249,143.02061424682537,4.0703517054415,passed,99,8.500728186615603,passed,26,5.441323098695472
250,190.81385049669532,4.258658114839195,passed,158,8.768202080370568,passed,131,6.15288122465254
251,197.717348052206,5.393437875269871,passed,35,9.808338515199534,passed,29,7.417251672490521
252,165.23000838913845,5.85482133127775,passed,102,8.182141236078987,passed,93,5.537255014186182
253,217.90134486459053,3.087033243482095,passed,85,9.524067940208125,passed,75,6.808499122872003
254,152.24983154083736,8.90830483847105,passed,40,8.394618591725811,passed,23,5.225756139725246
255,174.33863970291807,8.38123174389157,passed,153,9.109666022051876,passed,153,9.109666022051876
256,136.74073014405676,7.973762606306652,passed,99,8.26808889040267,passed,98,5.744154945655633
257,157.72775403211529,6.3498730148785505,passed,43,8.010348509551623,passed,13,6.61750440925144
258,137.39377213380965,10.828014944504933,passed,62,9.478607828368823,passed,34,5.451512142130643
259,124.78841560304042,10.917647438869746,passed,114,8.395990963188972,passed,55,6.847949828438149
260,159.08418615918856,4.721013481617095,passed,100,8.088845453978921,passed,26,5.286272252736701
261,197.4840676297735,5.207202272756391,passed,103,8.269562362784244,passed,88,5.531462286548194
262,176.4246190582599,4.904455678664395,passed,71,8.668390015639972,passed,52,5.390112377234302
263,161.855988167429,4.342754456641558,passed,52,8.005895515465088,passed,43,5.006659947636161
264,175.08388051435273,3.749724144671128,passed,82,8.13323876795602,passed,68,6.046312146845767
265,175.8807969235985,6.957803284308375,passed,35,8.013790065074765,passed,18,5.154109582597477
266,201.86005589698985,6.536369286075621,passed,136,8.504851401207913,passed,68,5.227250216787693
267,147.06390615716703,6.629325528807034,passed,185,9.722643284466614,passed,176,5.011424558262023
268,209.28777575697427,5.086784269194283,passed,93,9.19135334485044,passed,61,5.022011841076446
269,226.8516714333575,4.053441137169145,passed,160,9.263260187819267,passed,110,5.1632524539835245
270,214.1662652370169,4.193710140471454,passed,23,9.367220981883207,passed,20,6.724110910875147
271,167.90148091184807,6.0146454994367975,passed,62,8.462161423092507,passed,62,5.1218074293228
272,234.02242238010018,5.003955946339661,passed,84,8.81086840983356,passed,44,5.567041593399535
273,209.55228461994423,4.390480543774536,passed,109,10.32990593573835,passed,46,5.012761763742746
274,213.96282622857785,3.501700204031884,passed,21,8.824442254189325,passed,16,6.998755608716478
275,174.59952339933125,5.262179554315124,passed,37,9.239300062268342,passed,37,9.239300062268342
276,154.0675404150792,4.550838590753662,passed,45,8.627113443483259,passed,40,7.110841041365035
277,191.77314498754217,5.992000327414122,passed,36,8.402921253128959,passed,28,5.309363170252102
278,134.0825760102966,6.725219828474343,passed,59,8.418243142383485,passed,26,5.427714283320206
279,111.50723860614585,7.781886098078187,passed,85,8.840316587365194,passed,59,5.9485431322708004
280,201.40877789323994,4.106221364503035,passed,12,9.574961369907076,passed,11,7.064542214563452
281,153.52845014259145,9.430087749153225,passed,191,8.002058569186055,passed,76,6.013431607216968
282,195.8472175163192,4.495114246749933,passed,55,9.807262117928438,passed,41,5.023263473150186
283,203.33728624852685,8.673700894436417,passed,260,8.177251820869813,passed,243,5.575220621818033
284,162.7487420610421,5.619173480346327,passed,21,9.133597678152118,passed,12,5.293567289607171
285,175.1059054026276,4.357536354400109,passed,13,8.702210292095902,passed,11,7.270367048777926
286,108.58166956968893,5.314944783504475,passed,91,8.900482534932008,passed,18,5.248427944765255
287,149.85652452246887,7.4094373046163575,passed,144,8.234535694424139,passed,120,5.011051531468191
288,139.6102760107542,6.62574392743461,passed,45,9.328199406915383,passed,13,5.7655643843994575
289,210.32463597858785,3.0874794615354335,passed,83,9.294858671942063,passed,63,7.659579217286661
290,213.27351263957496,7.330190268446099,passed,157,8.310265404324845,passed,135,5.141490227251078
291,239.1731056506856,4.235379738688044,passed,8,8.319846240918217,passed,8,8.319846240918217
292,183.89598285301716,7.017961088528675,passed,77,8.293805750590666,passed,72,5.960058775881838
293,168.45833307581918,10.190109908847862,passed,44,8.867718146014258,passed,21,5.000757019043034
294,163.79695976599407,7.374221931983533,passed,101,8.06775797003365,passed,56,5.010296149584592
295,157.29095391745142,9.727183462683655,passed,185,9.16529934773973,passed,157,6.076368844319813
296,185.9900519008586,3.260402094653767,passed,16,8.301471488724932,passed,11,5.791525491776439
297,170.09032725197315,4.439142201138741,passed,98,9.600879453169476,passed,49,5.337729629768617
298,231.3922810810398,4.950640438062193,passed,68,10.069344992353614,passed,60,5.050768112815485
299,189.0479188923245,6.113888813263103,passed,51,8.141322877964896,passed,40,7.292946442829407
300,121.70206154636985,7.190914843776351,passed,54,8.423208454971398,passed,46,5.413799124952634
301,195.375525038548,3.27206517817403,passed,49,8.56208072217608,passed,38,5.699334613080431
302,165.86910721763547,4.997723442620239,passed,36,8.704167479444159,passed,21,5.27507753060803
303,199.17395317046464,4.562392528739365,passed,33,8.020495549062346,passed,13,5.35178296073453
304,233.7703552052298,4.823545031847232,passed,25,9.363164214421893,passed,11,5.217386912409938
305,203.23444169966862,3.3823680237442035,passed,103,9.367558819947575,passed,54,5.298792073119851
306,162.36543482917597,5.1502672959573115,passed,21,11.156852197912691,passed,21,11.156852197912691
307,219.01239771782969,4.32593546668927,passed,50,9.346434126585601,passed,50,9.346434126585601
308,235.63415167674395,4.149691181511381,passed,13,8.347403624995597,passed,1,5.549489880665059
309,179.3816149956298,5.011156333448204,passed,105,10.406577457429478,passed,99,5.908617265999738
310,163.34745363866273,4.8639593291930305,passed,102,8.486209724151239,passed,99,5.379342649016761
311,130.12480125622355,10.57329230022908,passed,46,8.670678499227002,passed,30,5.490401114371979
312,198.7016610363141,3.73431278223604,passed,59,8.369748012990419,passed,58,6.066508407100635
313,235.13145491198594,3.2086782701606085,passed,28,8.279259505894544,passed,21,5.30353900055438
314,175.74278119814429,10.034282361762932,passed,103,8.284125120906394,passed,91,5.099062083812456
315,167.88569578730858,6.6611456395140145,passed,100,8.043596849465606,passed,37,5.242027106749947
316,218.31082379219583,3.8000498471844786,passed,37,9.20932235465406,passed,22,5.839570242440706
317,214.47795218109627,5.716209901841094,passed,62,8.83943838801402,passed,19,6.064272595092657
318,149.31872308269064,5.998357514303206,passed,46,8.719935707882254,passed,17,5.463184572413304
319,175.60635162112413,10.005163844332342,passed,56,9.491438593030033,passed,52,5.476862281076
320,162.84564538487288,5.875416816044081,passed,64,9.082309924609255,passed,3,5.236465794055034
321,176.75953230157333,5.026102844632313,passed,157,11.574453962442677,passed,23,5.240089572507833
322,230.93868905345718,4.548245776808424,passed,61,8.104115513468324,passed,37,5.603689221914787
323,156.03584616976076,5.43034018090198,passed,42,9.03777884022805,passed,31,5.068677351284667
324,177.13319571944263,4.214775341828754,passed,26,8.458216830320687,passed,25,5.8820232057551936
325,162.37606702594775,4.288721270595871,passed,63,8.369546446520415,passed,59,5.746651247524559
326,222.8560325097986,5.478603836607821,passed,45,8.069482443327992,passed,26,5.067052468335631
327,152.7540024398919,8.53020910086637,passed,95,8.008611862020288,passed,93,7.0262868164989944
328,168.7602989257833,4.199661439878251,passed,70,8.212365962403645,passed,45,6.3772590515603245
329,201.97583062996807,5.84418839966288,passed,43,8.223106446700012,passed,18,5.410740457491947
330,211.87189132118144,4.658648182055976,passed,61,8.947100192672597,passed,22,5.578226343969939
331,183.313173250911,6.2639875983306466,passed,41,8.298147286446579,passed,40,7.166792876194972
332,215.13071228724291,7.57031276132374,passed,201,8.782489058183218,passed,70,5.594898937583448
333,204.53071744336265,5.839831889811609,passed,49,8.004293356097115,passed,28,5.29948554403088
334,168.48312599810816,11.76358577401076,breach_static,27,-10.10998465980838,breach_static,27,-10.10998465980838
335,170.20427112614138,5.435701713720337,passed,116,8.104125671499451,passed,67,5.092712465448845
336,181.61715889530873,5.5320323135470755,passed,99,8.668415883872992,passed,92,5.939916532236711
337,202.3279456925629,6.372656123239259,passed,38,8.31192954812785,passed,38,8.31192954812785
338,184.4495746014379,4.839228572549081,passed,90,8.03288723760749,passed,79,5.919511236728114
339,172.53154833469995,7.251328440386919,passed,53,8.257375474939344,passed,52,7.825132639548293
340,208.03970783214655,11.289791460759293,passed,60,8.461956520365144,passed,12,6.034271728707763
341,180.97866067405258,4.462427952862138,passed,191,8.487298355823892,passed,164,7.02018020018389
342,184.9353728545982,4.652423029842154,passed,156,8.449793624419888,passed,105,5.100064068979782
343,136.14108112203175,4.48622399999106,passed,63,8.862195854184218,passed,52,5.139597406871088
344,161.9466991110789,10.170509079792463,passed,97,8.66142250402644,passed,64,5.381232913905687
345,197.4099807678544,4.319899907224137,passed,51,8.309877455758109,passed,44,5.912141173489172
346,176.66873215976594,6.931994326569884,passed,18,9.51496261154503,passed,18,9.51496261154503
347,193.7422216531707,5.2012354798254306,passed,44,9.217827704847048,passed,29,5.59635038695836
348,188.910292154313,3.107037945844073,passed,30,8.034714579228396,passed,21,5.4939339904620965
349,140.3405506302997,5.612042441895281,passed,143,8.60247066115254,passed,103,5.091096114553917
350,154.17280611663475,5.315402050393083,passed,90,9.941735882250114,passed,32,5.061212555539507
351,220.40737600564367,5.231343011949353,passed,36,9.594958244136631,passed,13,5.209103210297172
352,189.92873128877847,9.51556770769572,passed,34,8.035492605357675,passed,19,5.030626007574579
353,159.65321551118862,15.537597362825883,breach_static,60,-10.206266083613391,breach_static,60,-10.206266083613391
354,180.58166734991977,5.843609979211081,passed,57,8.037918952330013,passed,26,5.943122912305898
355,177.95835376681703,4.7537502420002316,passed,49,8.010631885333574,passed,24,5.4731508578528265
356,171.84448421702058,4.190640492569191,passed,108,8.274185863583128,passed,96,5.02049038293666
357,195.59059624068541,4.129346970399173,passed,30,8.489441236904716,passed,18,6.719774049859817
358,141.07766460425154,5.538871033638356,passed,93,8.088855303393894,passed,72,5.4209505633095345
359,162.80013627059765,7.506627984932179,passed,93,8.019261746453088,passed,69,5.0097089289943275
360,198.82594030855932,7.038960884715012,passed,395,8.1057571828965,passed,274,5.046401756245755
361,134.9256115850177,11.35075966296035,passed,369,9.64109462947329,passed,84,5.027356298693975
362,157.41353745700283,7.451460561448725,passed,46,8.230080362739356,passed,25,5.622553694212873
363,176.75408824948215,4.116680814020325,passed,25,8.917128315814304,passed,11,5.11953459475587
364,183.84454289926794,6.645802021556219,passed,93,8.401878615265556,passed,70,5.186885036853561
365,184.8669485312622,8.801891569596553,passed,154,8.19713783734115,passed,34,5.059328067990121
366,196.20234488538574,3.8983799331043185,passed,19,8.554642056250872,passed,13,7.011079371562601
367,186.86989756852034,8.02271903390938,passed,104,8.336128912073072,passed,28,6.422373083307975
368,175.98650683637405,6.8773692805034665,passed,154,8.308245068995612,passed,100,7.31704575804748
369,184.46060045060796,3.941589475697952,passed,44,8.00164658546818,passed,8,5.2089611034948025
370,202.32868184927977,3.863012574099252,passed,28,10.330597801697072,passed,28,6.847211959277999
371,214.68373899404244,8.053988627089282,passed,12,8.349083158290949,passed,5,6.100062593680633
372,176.54197822559894,4.0489069931653505,passed,43,10.462441852005977,passed,27,5.26319105217008
373,204.04680131084575,10.207328198062521,passed,84,8.126863616397806,passed,76,5.102412413084512
374,189.08322265306956,5.843885977099142,passed,77,8.797777484954828,passed,76,7.177405915863799
375,197.4884210106039,4.696225076044229,passed,48,10.400608767106977,passed,14,5.97807594696762
376,153.80850406150404,3.9148090036837946,passed,60,8.096558916579589,passed,52,5.918469077337041
377,188.68248392533306,4.587062201401998,passed,30,9.58096127610768,passed,28,5.570580844358997
378,173.9503763106717,6.661531220408444,passed,93,8.556295535237801,passed,32,6.1754002407177655
379,162.93903943543393,4.043889763095765,passed,62,10.7102926967797,passed,59,5.168424376618974
380,140.16339399480472,6.932333842887147,passed,37,8.303093275915074,passed,22,5.015592606281261
381,210.51983533937525,5.1589750134087575,passed,60,8.052358220655087,passed,49,6.177759857695664
382,178.73494625112593,6.893287692747071,passed,7,9.27620964485467,passed,3,5.308776219434885
383,179.71669737231474,3.9447614668937696,passed,62,9.01870205019737,passed,50,5.460467846945827
384,136.77763639512887,5.980248356200379,passed,167,9.220236178163477,passed,167,9.220236178163477
385,114.46384160652067,6.310008262321147,passed,84,8.205187020441018,passed,79,5.828456271293203
386,188.6076980803732,7.0598837226640425,passed,102,8.43626985932653,passed,38,5.936415218926117
387,179.83209020896123,6.656077967196211,passed,164,8.342909160220024,passed,158,7.839325978769374
388,177.7625539910779,5.357307358540906,passed,120,8.042381170710744,passed,110,5.252498575803255
389,190.38636550799254,4.646919052726728,passed,59,8.655683865774089,passed,22,5.018593823495765
390,163.55920621151662,5.296647081397192,passed,28,8.84856452068461,passed,22,5.0371546811261325
391,196.99133166434103,3.1176947852499595,passed,46,9.62309249054214,passed,35,5.999799219412649
392,142.47355085424678,8.43408831886816,passed,96,8.375425025523686,passed,90,5.068024485071243
393,183.70121814636698,3.6215888343712215,passed,68,8.824027989082328,passed,40,5.181443478714942
394,180.60469413091678,4.723992992401527,passed,40,8.461716103476347,passed,40,8.461716103476347
395,180.98215007207193,4.433912893322011,passed,25,8.536237583133355,passed,22,5.989660189463475
396,142.59203496703924,8.489808614349847,passed,154,8.340865964401022,passed,153,6.211748253403093
397,165.58494166121145,6.3423888301492415,passed,43,8.219686020997186,passed,23,5.265830886865985
398,148.49093431902415,7.298400750023891,passed,240,8.019000569711876,passed,233,5.026477937297069
399,141.95385456511377,4.500858155644669,passed,119,8.860944165008178,passed,43,5.727383201634018
400,137.8882899394833,5.556100781883182,passed,78,8.554086730415044,passed,44,5.296640965849009
401,189.51897561888666,4.028780441906146,passed,49,8.773561975765599,passed,21,5.10626028453347
402,188.70559515225503,8.514544081116023,passed,13,8.639961054306177,passed,12,5.501090207249315
403,177.21266974015992,6.742889505698335,passed,108,8.03493405733371,passed,108,8.03493405733371
404,251.81712310761495,4.127416503571534,passed,35,8.009392054823806,passed,21,5.899828320050138
405,159.57471609879175,4.194223951424705,passed,22,8.13537696019695,passed,22,7.312224639309095
406,221.14626981780972,4.315459158012873,passed,56,8.876952881346778,passed,28,5.696083171241195
407,178.70233879560487,5.134939361335966,passed,46,8.151499340391787,passed,34,5.716657021631022
408,179.13393380413112,4.021450472560988,passed,22,8.352294803483918,passed,17,6.15158072165467
409,199.4425826038456,5.628476108923321,passed,38,8.424805299712744,passed,34,6.638049061652929
410,197.45791308555965,5.111641058588488,passed,78,9.996403359508621,passed,12,5.289243789778997
411,183.20246959768102,4.389289094898483,passed,78,9.225190862797096,passed,26,5.770246792906009
412,143.64692639943902,5.757280694714311,passed,89,8.009126097955853,passed,15,5.7441340961685405
413,134.1265864277716,8.03808621971875,passed,97,8.639749540800734,passed,89,5.861308677583343
414,179.2821913439496,6.735516880831197,passed,132,8.308413490358312,passed,35,5.1584949848366035
415,142.08665946486653,7.667537090449075,passed,214,9.54670749031774,passed,38,5.028494889612944
416,176.77682145914608,5.584437944172901,passed,80,8.631650941270541,passed,76,5.88618013702038
417,192.61259817206445,3.3724490182908107,passed,102,8.684557532064673,passed,97,5.578603722046749
418,140.93252835423183,10.902538832529581,passed,68,8.182130034598334,passed,68,8.182130034598334
419,182.8305564307925,5.204171676952367,passed,151,8.454663937782826,passed,145,6.379620361518756
420,194.48430493827993,4.436252690343414,passed,84,8.045202925186912,passed,61,5.010635620451809
421,237.08187660932234,3.7070172810078335,passed,41,11.519122621965971,passed,26,5.212690856592994
422,207.96862838061654,3.3994282616387346,passed,72,8.060855894731045,passed,62,6.1571289519363415
423,199.3139967990172,4.875018978299417,passed,68,8.72722252283793,passed,24,5.367481175772726
424,201.4234997306111,5.632416621624541,passed,121,13.266823948242145,passed,38,5.016758844055724
425,181.1303237770035,5.223121198897336,passed,39,11.696414466649507,passed,37,7.190551905325093
426,187.22173132969937,3.212972620539701,passed,20,9.153615961620897,passed,20,9.153615961620897
427,157.83757343261064,5.515153150453723,passed,7,8.911755743174421,passed,4,7.392887807942761
428,224.7880902996957,5.522228892196881,passed,37,9.061608181151225,passed,34,7.40657270021583
429,155.66224760906974,4.743819018081168,passed,49,8.14415468787657,passed,34,6.702028870519694
430,180.26727596669411,6.133701789076465,passed,45,8.827722916009439,passed,45,8.827722916009439
431,183.29858074687002,7.266869887907087,passed,80,8.111361428942288,passed,76,5.690512049972707
432,186.7099497205919,5.367618745697522,passed,99,8.69208696910535,passed,67,5.017466840344942
433,155.69876740690765,11.145251233891393,passed,149,8.227571480497264,passed,147,5.5614474213477205
434,162.18899230708126,3.424423985912676,passed,30,8.304685502801966,passed,21,5.5291931214553225
435,154.10089656499179,5.425149142024843,passed,93,8.390441945661632,passed,84,5.567755230151206
436,181.92043618746308,4.517112266437933,passed,37,8.094108851684933,passed,32,6.634971324549532
437,194.17325295858814,4.049968161418974,passed,99,8.051932193876453,passed,52,5.112585783787971
438,189.293562816074,5.610748155744064,passed,77,8.20324840327402,passed,74,6.682291410202623
439,244.14126239544456,4.4397962571942635,passed,98,10.190370855786268,passed,94,5.650841225731251
440,213.24476001189595,3.8657257147898507,passed,26,9.031007363671396,passed,26,9.031007363671396
441,178.7180684206715,8.462727638944225,passed,146,9.815610851116418,passed,88,5.256659509574058
442,145.51022835718646,4.060176238673442,passed,22,9.009551619871626,passed,12,5.028657262031699
443,198.84158683028625,5.642524091299128,passed,260,8.17559054477719,passed,120,5.669193555235297
444,215.88418255651223,3.2294522137280928,passed,26,8.905096970633132,passed,23,5.697142395636301
445,148.08603308021776,5.19857885863389,passed,95,8.492852906337077,passed,36,5.284286588905096
446,202.28386432086788,5.187158595865039,passed,91,8.276077064117082,passed,49,5.947174374526543
447,155.7377309924775,5.983672637058749,passed,80,8.731013783018128,passed,47,5.33306565316467
448,117.7357950422651,11.552049022066669,passed,99,8.0007326515952,passed,28,5.017276063310372
449,133.55587192495642,6.565725984003848,passed,57,9.299752897004442,passed,31,5.015710915332172
450,226.28378045223116,4.6437986343055035,passed,178,8.36939705749231,passed,167,6.476719470679937
451,180.96822300298214,5.419563732624446,passed,71,10.708645889030755,passed,64,6.360496778314095
452,183.03395295337137,9.137879245676606,passed,57,8.221208254385125,passed,24,5.064220101296302
453,160.04250764238154,6.9039579802273074,passed,126,8.268840313022574,passed,69,5.84135381851838
454,180.16531427365953,5.713258732884763,passed,93,8.451546903292817,passed,37,5.0146775179660485
455,214.16162505712504,3.4946298463955285,passed,59,9.69076246093261,passed,49,6.038144853367444
456,145.6222209382776,5.728520050047386,passed,173,8.361826721422272,passed,28,5.277056775155109
457,145.40015525342258,6.022536682813076,passed,122,9.652601625976587,passed,72,5.011335297501529
458,199.77463784945417,4.269303610286852,passed,68,8.618486132696624,passed,62,6.622911816970278
459,199.96527810993103,3.2868898696292024,passed,45,8.231537455935234,passed,33,5.658591210618891
460,197.09022152910384,5.073605707175012,passed,78,11.16533831467601,passed,54,5.859001912369877
461,202.46883518754976,3.0059119822548994,passed,154,8.013066559740722,passed,139,5.7864392680845755
462,177.0453029995402,4.820229324755228,passed,21,8.006688537599027,passed,11,5.032862615681943
463,166.05705941226495,6.426847291177236,passed,143,9.912516274620685,passed,92,5.0375272686278505
464,150.66558016798183,6.588876874756195,passed,99,9.205730903498544,passed,58,5.635349766560815
465,164.73462642597255,5.417257930757109,passed,123,9.40403789518529,passed,11,6.131773434160315
466,168.20120425081387,6.637036114503279,passed,79,8.321188861426098,passed,21,5.387224757863307
467,185.84229784127206,8.014416485070756,passed,206,8.080442796472042,passed,33,5.053284986924722
468,199.371932003588,3.5360457089767974,passed,12,9.038282478987835,passed,12,5.012012240218122
469,133.8593112409903,5.237839012934073,passed,34,8.083474350977294,passed,18,5.023954114806384
470,157.91308842331833,8.633899161568179,passed,12,8.652244486060813,passed,11,7.587836251169744
471,146.70059691011468,7.0899112562285715,passed,38,8.019720528773844,passed,20,5.839179748820356
472,145.36098263169376,4.649092909102878,passed,68,8.854538322891315,passed,62,5.386556080482308
473,197.4912773819661,5.380340956910837,passed,135,8.626446794067455,passed,121,5.422339473020843
474,157.2588863215706,7.966352584397225,passed,33,8.204292214782116,passed,12,6.627135427415731
475,127.91094632039757,5.842196858469527,passed,72,9.331889779300573,passed,40,5.096144719083728
476,190.66747227237065,5.356113202076485,passed,61,8.940166239712921,passed,58,5.2387191197901695
477,143.3428370700288,6.626258758697451,passed,51,8.067622243649941,passed,35,6.251501881419674
478,146.601628468024,5.458336993503606,passed,45,10.908927505524723,passed,25,5.675077397724282
479,172.0555115989364,5.146424540698034,passed,177,8.35341782475889,passed,161,6.580277107437005
480,161.50902343688998,7.258528923227389,passed,158,8.487486187873138,passed,7,5.000448521374001
481,176.56722294802017,4.818578704014531,passed,154,8.081966502144722,passed,48,5.394549055954201
482,192.48644378270282,3.738336156767789,passed,96,9.109461114756945,passed,45,5.004360988076906
483,161.8133006053022,6.608919848154137,passed,31,8.009586358306464,passed,13,6.0511615651867245
484,132.01016390159944,6.660073062246408,passed,25,8.992372098145385,passed,21,5.527809124937111
485,154.48299168104649,9.574886861410995,passed,5,9.835964359488791,passed,3,5.026846315404931
486,145.32849803137702,4.757004866921336,passed,90,8.262126211643729,passed,46,5.62037881637325
487,157.0821973327543,4.3698841808552435,passed,27,8.012322869435717,passed,22,5.533034650250679
488,179.3707895094096,6.578640446464652,passed,50,8.79876238741133,passed,45,5.864763696455966
489,183.1411705376797,9.470507122898946,passed,49,8.734008938579475,passed,35,5.781276143094316
490,165.09083111962516,6.296363078861959,passed,58,8.025369902727286,passed,48,5.142062847054252
491,152.7349593946846,6.258961752431624,passed,22,8.032188234920955,passed,12,5.716339991952468
492,129.91367862699437,5.668377620526651,passed,62,8.407573094259124,passed,59,6.101216847828939
493,127.70683289364993,6.389153692880241,passed,60,9.814455883399042,passed,20,5.012555425492526
494,154.9733705840107,4.606967544413872,passed,37,8.194540689661656,passed,18,5.991748851204015
495,200.9733873860795,16.71636491103441,breach_static,53,-10.722308251362234,breach_static,53,-10.722308251362234
496,177.29991320519184,4.6292686651637975,passed,59,8.981962773017994,passed,49,6.209460925535715
497,178.9376771490429,5.35015513790884,passed,96,8.422204852388916,passed,33,5.025262849727907
498,234.66914571750604,5.154341476728808,passed,117,8.338039841708888,passed,58,5.308882661360648
499,132.44499469148505,6.6586299014780606,passed,158,9.71862617669439,passed,111,6.21426793327946
500,187.13087264581407,4.744831800344977,passed,280,8.379214202839314,passed,172,5.3969794249662195
501,172.24259390234832,7.193562415634958,passed,131,9.179192222431332,passed,99,5.904804674635833
502,223.22418174985305,4.379471501310302,passed,53,8.661906628684001,passed,47,5.475956534913173
503,181.95026048281048,6.490949224569202,passed,42,9.65028002117434,passed,36,6.3796835754911685
504,130.30805225441594,9.6502971178035,passed,51,9.398666427113799,passed,33,6.862154929989539
505,196.0539046581735,3.9712856212806793,passed,90,8.65570597044174,passed,28,5.67109532619241
506,124.0695124733064,5.564520019623271,passed,99,8.607629951025043,passed,62,5.0034839100025374
507,207.76346959493094,8.000246471407301,passed,49,8.43992651280956,passed,31,5.5152561119101495
508,191.02705459742094,7.078779171003874,passed,81,8.009233031291219,passed,37,5.4846583873406685
509,186.9200091605145,5.338338243949325,passed,106,11.072797816400271,passed,100,5.561169396399213
510,232.60423600961002,5.829816552020866,passed,95,9.321730331694699,passed,30,6.290351103149439
511,165.36286566220818,5.580633103829374,passed,14,8.157572773991074,passed,3,5.885820261828667
512,162.61706354025608,10.967890196317546,passed,72,8.045774580182519,passed,65,5.566313383441024
513,168.33684867271742,6.117341573098781,passed,226,8.614596921398942,passed,43,7.384889449841947
514,145.3953582927746,4.34090968608353,passed,21,9.490022753646453,passed,20,5.005877547035142
515,175.48790546147305,4.963406122429478,passed,24,8.84464347591778,passed,21,5.756756214858516
516,132.11912314850233,10.088658819718848,passed,243,8.589195485910906,passed,83,5.000561402767589
517,167.78321476942716,5.164917156880282,passed,13,10.363577459790797,passed,5,5.102295661292966
518,166.59126854279967,8.496220002686249,passed,118,10.098855972844923,passed,43,5.911034224945322
519,191.8140173445548,7.703943580991991,passed,38,8.175611478483269,passed,35,6.7142280903258245
520,214.857507546248,7.14296179595484,passed,147,8.657127396973996,passed,40,5.698480708770082
521,208.6465886107574,3.8204893492148186,passed,61,8.325733611551467,passed,42,5.933805774846923
522,212.13576886469437,4.129226132606136,passed,58,8.264096367560247,passed,55,6.230742836213565
523,188.00178922107582,5.731747066845771,passed,37,9.656604015681669,passed,12,5.020123238774921
524,188.18071393122113,5.82071804456109,passed,68,8.017606987409076,passed,58,5.651648302344858
525,156.66209513463212,7.859086416151643,passed,99,8.36413162841807,passed,54,5.660749247365304
526,193.4596596352531,4.195851915904098,passed,71,8.67198270417877,passed,57,5.016001579600293
527,109.93978590501219,9.611222367945635,passed,121,8.005013422635177,passed,11,6.314079371072068
528,186.057112820458,6.70674444243714,passed,49,8.334284094942879,passed,21,5.422787048253985
529,149.4477906803463,8.900769292996333,passed,144,10.00956546008882,passed,44,5.029262823804537
530,185.6800571276631,7.661866458100512,passed,63,8.016930341648587,passed,41,5.107808338618192
531,179.59178350635318,3.731562952169705,passed,12,9.112336144831112,passed,5,7.85042496756212
532,184.64335397304322,5.563998887533325,passed,100,8.100889081967866,passed,32,5.0909420500771185
533,208.94044653888142,3.384461564485233,passed,21,8.993164394036214,passed,12,5.779333593801628
534,121.98503762268622,17.00554626749129,breach_static,74,-10.068717175467468,breach_static,74,-10.068717175467468
535,171.0345544524535,6.974675661582196,passed,114,8.615295318697003,passed,100,5.77207519436167
536,119.49501470521464,6.950321715053473,passed,65,8.357716070606447,passed,37,7.732395173611883
537,170.255244090065,4.448266277229742,passed,54,8.920271690623416,passed,21,5.634574099342782
538,135.89799800043588,9.709284381864766,passed,114,9.803876388205147,passed,80,5.077196012821927
539,153.09309139952316,14.1468320500073,breach_static,79,-10.424261183073035,breach_static,79,-10.424261183073035
540,119.54220457610805,18.62180860625473,passed,62,8.353850455370381,passed,35,5.8198038688341835
541,186.08552934445947,6.410067123914249,passed,30,9.06752763853893,passed,26,6.932864015485585
542,227.37760881519796,5.688188529605883,passed,148,8.006531379113667,passed,56,5.054988196924981
543,154.73243879422708,7.997396640416262,passed,330,10.212878462064268,passed,240,5.253043350010311
544,155.07027897432812,7.367816970538238,passed,79,8.15393744748647,passed,58,5.010487890553761
545,145.49879400506907,5.041254774920493,passed,97,8.282467850731678,passed,49,5.017573689337662
546,140.03285312256892,9.169997775783806,passed,27,8.074483101584274,passed,20,6.365759318125774
547,232.31172433180953,6.8229821015260494,passed,196,8.636838188074481,passed,164,5.574501253490061
548,151.0689480831197,6.6341670392764645,passed,101,8.428877560830283,passed,88,6.911355812661801
549,91.82768691131342,8.239219996288982,passed,114,9.076250869086099,passed,43,5.011835560846256
550,247.46997681882146,9.572518003409893,passed,241,8.01218912777848,passed,49,5.347944572148511
551,188.55856496305105,4.3667923696590165,passed,61,8.409152055057811,passed,49,5.027621657162973
552,168.6667449008866,5.503369338500282,passed,12,8.24041624497751,passed,11,5.341287932977612
553,157.73808897011068,4.946492700852599,passed,85,9.204795678607347,passed,85,9.204795678607347
554,151.68625449369392,5.906178578426808,passed,74,8.9125699031126,passed,51,6.211711616639959
555,189.0185887200109,5.965852850663726,passed,107,8.792612612106932,passed,90,5.366194420334147
556,197.0099877173596,3.8594982636031796,passed,43,8.159049688965458,passed,17,5.39307974952461
557,185.1817932433397,4.150958620947713,passed,96,8.063205981117338,passed,84,5.308095145606417
558,174.79886522834826,7.517162562060825,passed,77,8.013787497755853,passed,22,5.005734788923832
559,160.67216798364424,5.774136586787012,passed,122,8.101181704919247,passed,85,5.031186989080538
560,188.99071784741176,3.7797917496221785,passed,106,8.840640210531081,passed,62,5.359489466609069
561,208.7551971279781,4.4800919132190815,passed,94,8.167357969810185,passed,82,5.08744335059137
562,135.88654355350758,8.401691286599878,passed,106,8.833711215404193,passed,75,5.0080530360406605
563,141.30182979348908,5.6355397002209315,passed,143,8.223479433919344,passed,110,5.083626587238399
564,210.43051409453062,5.698029467242848,passed,26,8.070235365312772,passed,21,6.0582013457044726
565,194.86134853896723,4.084395817140997,passed,38,8.419829977685378,passed,37,6.221534552148245
566,131.48349240505027,5.223446000880935,passed,48,8.531750868934985,passed,27,5.386903496684603
567,161.18935846373793,5.979792118169081,passed,27,9.036185748062575,passed,21,6.371652248192694
568,133.45831596216672,5.487646497697273,passed,212,8.60837704923052,passed,189,5.180647483144618
569,243.32767804555232,3.6652830900224385,passed,7,8.320351358814237,passed,5,7.247930016183335
570,106.6024822909041,14.812898695095816,passed,144,8.00262916618204,passed,38,5.256583880834942
571,180.44765236027112,5.164110963371884,passed,84,8.953057290865175,passed,30,5.013610929765444
572,146.9308718704153,9.066035878900198,passed,99,8.133024385361853,passed,91,5.070593765441944
573,179.24912872612708,3.476096359531127,passed,23,9.819222668478522,passed,10,5.618484816221625
574,134.98520082357754,6.512770184030142,passed,129,9.248407065515352,passed,96,5.562044440999925
575,227.17248848982274,6.935685867306376,passed,26,9.875327525558442,passed,13,5.016892451969435
576,219.004683312818,4.579017556635219,passed,21,9.120654083126723,passed,14,6.8030270704056095
577,234.17227844597858,3.317518252510481,passed,38,8.583205733286814,passed,29,6.985187769328904
578,166.6760359171572,4.4395546012815705,passed,51,8.734008757117252,passed,18,5.028591265087146
579,142.70143236264633,6.547554853717698,passed,32,8.634600234157341,passed,27,5.363742038547636
580,138.12762858234055,5.207398287733747,passed,69,8.129186725822656,passed,49,5.770990487994299
581,216.36259265405303,6.09777821945239,passed,32,8.516497706238969,passed,32,8.516497706238969
582,175.20560163358883,3.821858852755159,passed,70,8.401869749458424,passed,46,5.0203580123172165
583,160.68854748100625,5.458952701416025,passed,66,8.091104976355169,passed,62,5.055463451085718
584,194.01874405707548,5.782764486787662,passed,93,8.422651039782568,passed,61,5.761433989523046
585,196.46174213718263,4.977648204543841,passed,91,8.706638661924494,passed,39,5.488795677568081
586,197.31509352745377,4.616622113391677,passed,46,8.073092821198657,passed,32,5.006138024083628
587,186.0237547109195,4.893707255157249,passed,43,8.001422869924601,passed,31,6.461158736994865
588,196.0625837468008,5.252345667829486,passed,107,8.012252340098813,passed,104,7.364524167707476
589,190.81496080290842,5.929744621550978,passed,80,8.052857454083684,passed,50,6.041095965346299
590,180.37200520321898,4.224561672949996,passed,59,8.610148206031853,passed,46,5.692321178139026
591,162.64360278019188,3.8610440321270603,passed,53,8.219723471521911,passed,18,5.9375119854576
592,181.35798323298022,6.600837493264108,passed,38,8.097519769353244,passed,22,7.118359649925088
593,210.5766747476765,6.2215653141292115,passed,57,8.306546383932156,passed,32,5.930314991059316
594,124.52245029821292,14.951285949019844,breach_static,212,-11.204758571584827,breach_static,212,-11.204758571584827
595,179.16331083497315,5.267486194674748,passed,217,8.008428489250829,passed,152,5.277560882144106
596,185.26394545686907,3.8025718197625444,passed,69,9.116005489150435,passed,68,5.311573102934308
597,178.95066383277637,5.136353538473251,passed,49,8.984508149414005,passed,35,7.241256396386331
598,195.6653421381989,4.300194349973359,passed,57,8.275287453560122,passed,13,5.615018777567937
599,156.69026813048026,4.643943380946556,passed,69,8.338647064260108,passed,62,5.794264941832039
600,138.61383851233003,5.141142195282157,passed,35,9.08845597549619,passed,8,5.32095320137258
601,107.953881751699,7.0014077324420905,passed,66,8.716172010975743,passed,49,6.71361486262374
602,230.61761560784754,6.737380842660638,passed,122,9.324066119542241,passed,34,5.006899030971468
603,152.06874840546942,8.850405449829644,passed,133,8.432649557218873,passed,108,5.693260024765467
604,150.5313733187035,3.885807669839335,passed,77,8.663028133080509,passed,67,5.915681877046652
605,188.9037327581193,6.0871713211303735,passed,87,8.44072864495342,passed,87,8.44072864495342
606,136.89726827451113,5.293940986950851,passed,75,9.145895934659332,passed,59,6.698959925507975
607,183.26508479238325,6.174163036304739,passed,12,8.239561578660638,passed,3,5.570380459062263
608,164.48868344476196,10.62569559086071,passed,248,8.498923911983415,passed,247,5.4336541471588395
609,153.3237249539396,7.764773111403158,passed,75,8.009859705812916,passed,68,6.212294808642871
610,215.96576310591712,4.113449362306849,passed,28,8.448646658588178,passed,21,5.329937180675981
611,231.25047314223295,4.098544484765497,passed,154,10.210876268534363,passed,143,5.330483337656755
612,157.81562542766187,8.030919792089367,passed,152,8.013578552961565,passed,30,5.090007069912161
613,184.85971772703203,5.7287063901044935,passed,75,8.19326540142875,passed,43,5.303675339121261
614,207.09091591194056,4.035696187445671,passed,10,8.41021148151546,passed,8,6.42384926748103
615,178.22447222772783,6.242199341134332,passed,48,8.954140898772822,passed,36,6.420426557881642
616,155.88220529242,11.860477013232671,breach_static,61,-11.224479959929901,breach_static,61,-11.224479959929901
617,130.45930469041775,6.332169235139509,passed,28,8.05506800895781,passed,22,5.02528312315853
618,261.5331400341476,4.259587983882011,passed,22,8.006944056622167,passed,16,7.905074409174162
619,158.56007590806024,6.489909381419608,passed,84,10.249290911937937,passed,82,5.172770820692829
620,175.94007747854477,7.970593969408841,passed,38,8.310416016451704,passed,30,5.56245724644211
621,147.30007322794938,6.4020750298704,passed,85,8.251547352421795,passed,85,8.251547352421795
622,171.5261589609383,4.993050398360826,passed,72,8.726883296947353,passed,24,5.37109002494649
623,203.16305252396413,5.464249514499682,passed,77,8.695119260878336,passed,24,5.036207402457427
624,238.12258653114014,4.582486855703938,passed,15,8.005065671375133,passed,4,5.383837238873679
625,178.32084680218335,6.605878775526317,passed,42,8.0461133546587,passed,21,5.257899617667627
626,189.3053607570709,4.370950248134678,passed,38,8.072827308271236,passed,30,5.34855973805497
627,145.06321758231417,4.943005863946402,passed,34,8.553771265357678,passed,18,5.285591584923011
628,154.35352020283216,8.835714749362342,passed,209,8.301969401956889,passed,25,5.816879915830464
629,153.63072413827547,3.9307699011561255,passed,51,9.906483753530715,passed,24,6.242930379698275
630,171.8475748659487,3.95161818451921,passed,18,10.81255492360551,passed,18,10.81255492360551
631,207.92859937379785,3.4094083613372343,passed,34,8.00416643953794,passed,17,5.7775860954252245
632,160.84712133910045,7.353018600434962,passed,74,13.187190619148348,passed,37,5.004423992759022
633,171.88186843326983,4.544543480343843,passed,103,8.85914964366652,passed,45,5.433921503930761
634,196.18976987804015,5.486619253520803,passed,105,8.431989928688722,passed,45,5.305003452840018
635,177.80776930438614,6.042772135146731,passed,99,8.384813563397264,passed,80,5.116510818436537
636,184.4808611961798,7.741065652876888,passed,61,9.03204775038673,passed,57,5.526019830681261
637,149.34433870446705,10.426079057807074,passed,207,8.115473544022734,passed,207,8.115473544022734
638,168.35168649792712,3.8292592722056726,passed,121,8.424675915577872,passed,88,5.384684949314811
639,183.12546669041748,4.801494517396261,passed,66,8.0191271113504,passed,62,5.825123881372396
640,183.2447379739831,3.8023055451508774,passed,92,8.626732646085955,passed,62,5.080751986384868
641,183.4151100291664,4.716310677389618,passed,58,9.002809350814434,passed,52,6.720745842822717
642,164.8067651057204,6.112805156240944,passed,30,9.601076344808668,passed,4,6.384325730191898
643,134.86603472907484,4.662291413015033,passed,87,8.508570963722505,passed,59,5.157463219291691
644,209.6311831980338,7.923179435098528,breach_daily,3,-4.795579239735037,breach_daily,3,-4.795579239735037
645,210.09439807190856,3.51501090768338,passed,50,8.181875342883016,passed,30,6.467940044050224
646,186.27139481558874,3.8296159795957934,passed,79,8.250446434017888,passed,13,5.4403307307689275
647,156.9348411285882,5.081960926121544,passed,62,8.24579955628273,passed,49,5.371309421763248
648,218.29954906946304,5.056473085953388,passed,27,9.52626098829661,passed,15,7.437081846313864
649,220.62320296981733,5.691211390314822,passed,88,8.110145226029331,passed,76,6.134422148873231
650,178.94380372445718,7.321554654429605,passed,152,8.982591676210095,passed,93,6.169250136004156
651,169.0220485505878,5.276069536383015,passed,93,8.003134793906753,passed,60,5.083221647257741
652,170.51133983582676,8.221965656087553,passed,69,9.328466992187746,passed,18,5.550983686508015
653,188.72212949860244,10.802526391021422,passed,206,8.58797759818486,passed,62,6.37686491328453
654,154.67441459337707,5.522741743437709,passed,157,8.585114769540203,passed,27,5.129969258588307
655,171.53581396357026,5.010698807410829,passed,45,8.215270415573084,passed,44,5.406861186101408
656,198.95323300037907,11.510609835935853,breach_static,49,-11.473637945085214,breach_static,49,-11.473637945085214
657,143.30684318027497,8.125183635978978,passed,160,8.422923086332833,passed,126,6.226050584046483
658,192.94364559253285,6.719449580060156,passed,46,9.416177182606944,passed,36,6.5884071339673556
659,195.28643324273366,3.76522017332198,passed,44,9.51855936917616,passed,36,5.020520483010382
660,170.81447249945566,5.961482753949723,passed,72,8.251093746382221,passed,67,5.129107739740935
661,119.98614164779187,8.354989810199028,passed,68,8.379304485962692,passed,60,5.440993766227398
662,171.17738301011318,4.127357542621255,passed,22,8.126460357718734,passed,19,5.763962422709201
663,147.62447248438266,4.8787651154107055,passed,132,8.651891077563878,passed,119,6.758271587702924
664,114.0897584515383,12.271493875940802,breach_static,68,-10.41229372833139,breach_static,68,-10.41229372833139
665,97.03776319449466,8.944765975543714,passed,132,8.508725606867529,passed,127,5.289241225366159
666,224.8937036614044,4.33381361263134,passed,35,8.71717860471426,passed,26,5.608233637261173
667,205.2137753381529,5.877953515650367,passed,34,10.120936917861712,passed,21,7.118488541158663
668,184.75721050922354,5.924789636546661,passed,65,9.989958231016782,passed,49,5.184914562065468
669,176.0706485664842,4.732238637880727,passed,90,9.116201868676765,passed,59,5.019347018181897
670,202.72088541379892,4.776855435445485,passed,18,8.94457224950771,passed,10,5.713666220573166
671,156.90112360441287,6.554424225514152,passed,153,8.032420814220886,passed,132,7.808426519120881
672,207.81003691518274,5.078011343899146,passed,28,10.03170646649929,passed,28,10.03170646649929
673,234.05093220470218,4.578274282254162,passed,65,8.275005043409589,passed,49,5.811322353221526
674,173.85318972419168,4.362483345075932,passed,28,8.777082527696066,passed,21,7.460244061495058
675,203.84881374440567,3.834001342840234,passed,98,9.754013988140041,passed,84,5.2428235422693925
676,108.63924821807953,5.883080723807172,passed,115,8.223340311632299,passed,99,6.064424328293727
677,189.86658053706432,4.493027068223862,passed,80,8.138929039967202,passed,73,5.450601273080924
678,190.89243949342207,5.430614844742754,passed,48,8.652578553582968,passed,38,5.211288506464951
679,156.56479588356837,5.157770627244903,passed,78,9.641917444390247,passed,1,5.559809640431279
680,209.08228419815978,6.123588997137087,passed,49,11.58748402849492,passed,14,5.00693162994108
681,249.3960827791543,3.1454306143938937,passed,9,8.123291826589707,passed,4,5.353883166003404
682,174.73206264027877,5.496629095549946,passed,161,8.075023798884494,passed,100,5.016235873367658
683,150.04076456438074,11.401452041365461,passed,164,8.623626928283755,passed,44,5.013855569627856
684,152.33596534546544,9.148854289051455,passed,27,8.02554323617326,passed,9,5.611571371750412
685,137.5806640301604,8.094807180363985,passed,109,12.79695722998284,passed,49,5.026019127271253
686,146.39828356688702,7.39455678503244,passed,40,10.173295239164304,passed,29,6.633483975397403
687,140.8902172241006,4.4075970802169335,passed,62,9.472510551672176,passed,44,6.312640343790998
688,162.98158947948718,6.5610168760145,passed,100,8.254643437514808,passed,88,5.006349611085326
689,213.20372241112335,7.22306696003341,passed,104,8.09145375904803,passed,72,5.741929296358972
690,135.51354254581597,7.613363140884309,passed,97,9.499074483778491,passed,90,5.629315897308573
691,157.5308452421219,6.888694305921142,passed,286,9.760425986064769,passed,42,5.965208771035302
692,204.7184623483722,6.394392470489872,passed,98,8.329610552310607,passed,80,5.679403607095046
693,193.68977792499024,5.223846980646547,passed,44,9.499509375581372,passed,32,5.6536065839126515
694,138.14814600920724,6.302919351040089,passed,80,8.733172505162212,passed,44,5.020367750953891
695,188.44978571582226,6.271588200247118,passed,27,8.304833348341312,passed,21,6.324411803641028
696,138.44669587593467,6.318047094016886,passed,96,8.016478202080535,passed,84,5.553872425856876
697,144.54147581022428,5.091712729352558,passed,122,8.619528465838112,passed,59,5.652658746374484
698,133.45223693786008,6.542142465533753,passed,34,8.030867889620087,passed,22,5.788930637866674
699,134.85860359386197,8.555676208154908,passed,99,8.144098040366043,passed,44,5.866024802019232
700,161.26822414853768,4.306941250154652,passed,118,10.207735588624644,passed,97,5.3150289904663195
701,158.4716613545166,3.9143493189371403,passed,110,8.868614232916672,passed,97,5.141735377259948
702,159.18307943811635,5.984462087337614,passed,120,8.2363961585467,passed,120,8.2363961585467
703,223.7141797030313,6.263418869857499,passed,53,8.269194181075278,passed,39,6.4393988617891695
704,214.48247608187577,6.565986327132417,passed,68,8.228432752738367,passed,61,6.087880833652504
705,180.67547624098373,7.234037752382928,passed,110,8.005577300009548,passed,71,5.502339617638108
706,205.3181615215471,3.3169839930506795,passed,20,8.383157791423134,passed,7,5.087018471314231
707,140.8877204085151,6.185074891559534,passed,40,9.106530838831306,passed,27,5.178083216885154
708,204.60137343732518,6.286410095050436,passed,121,9.47083327547531,passed,34,6.026953780824451
709,215.25421772494607,4.307819828368715,passed,48,8.784379907499229,passed,34,5.296161164293811
710,190.54205175440816,5.480436554334398,passed,14,8.255729906732912,passed,11,5.277424508683359
711,171.5562080299449,5.0966716717171545,passed,21,8.030171200309821,passed,13,6.3741074192169345
712,177.76516755066484,4.174696615159998,passed,41,12.00254586899312,passed,30,6.3323567715641405
713,195.8709796680075,7.570359183505343,passed,24,9.568577203760897,passed,20,5.499469120283584
714,185.95328832344086,5.155839222285419,passed,88,8.107283824102751,passed,35,5.945169486741619
715,238.02912579729468,4.530819952550461,passed,32,8.232196254546498,passed,26,7.05569067719547
716,137.64057350652382,7.996923494492936,passed,200,10.257098696798206,passed,96,5.144484692605933
717,210.8690112201431,5.206436520816031,passed,46,8.337366980974114,passed,30,5.236709358694713
718,135.59171345712028,5.8127919616192525,passed,57,8.38071785770358,passed,54,7.643292861946449
719,179.23515561582755,4.350350824664806,passed,236,9.807974686792754,passed,93,5.8508020543414085
720,142.856885579309,6.012167692298656,passed,75,8.931190259433475,passed,54,5.001818227100441
721,180.96633464248956,8.833663424486385,passed,188,9.131421115356542,passed,28,5.252727421426129
722,143.0506312989127,6.980934908976115,passed,45,9.029893202807028,passed,39,6.9619108246337325
723,210.0599278228247,6.746773499671463,passed,99,8.229366297245688,passed,84,6.684402578692761
724,190.42502088035653,5.313073060865639,passed,58,8.220762901979061,passed,39,6.361098067687565
725,158.11959678593107,4.92557229444328,passed,169,8.027102761928063,passed,26,5.007947609127461
726,190.89511218943676,4.8588136222500635,passed,97,9.343537113535039,passed,62,5.262058627748467
727,191.89342252113212,8.047413726473824,passed,49,9.092391414192157,passed,46,7.0524171264475966
728,146.94043293771077,4.7076353898692895,passed,122,9.957334427700815,passed,60,5.19754133539001
729,215.17840646083656,8.399481138991835,passed,57,8.756627067090905,passed,39,5.392066560027864
730,232.48355366128916,5.105848399627733,passed,107,8.406277276019836,passed,13,5.055669321334255
731,148.040556017026,6.78945954734875,passed,141,8.285188464044024,passed,117,5.010258053473571
732,142.75432379593923,6.86263223814837,passed,134,9.171133608891036,passed,85,5.173514038379934
733,219.90178839687974,4.266559948127071,passed,35,8.009774629840006,passed,24,5.030644859660471
734,147.3624597769885,6.765483071404129,passed,100,8.073227057917908,passed,53,5.24386582537586
735,173.69792104696856,4.073777482380459,passed,18,8.61359476025212,passed,4,6.8648718795699
736,229.88148689345343,4.204033552448209,passed,49,8.010561608412448,passed,35,7.45809104577817
737,200.2466959640398,5.7389534491304355,passed,37,8.926326663735317,passed,34,6.811593632193658
738,138.0494904612323,6.857455498078378,passed,13,8.615901878461884,passed,5,7.371566602023583
739,179.01415417661397,4.882796665004013,passed,128,13.57917522773886,passed,68,5.579644444670118
740,180.3106606212734,5.874613340358438,passed,26,8.059030562983892,passed,22,6.231293765710033
741,149.22594835971648,5.349009984330284,passed,121,8.00367261484598,passed,95,5.933614041826396
742,157.17455954265077,9.97599651115846,passed,58,11.116477257891177,passed,7,5.170321009288292
743,198.79181975585087,7.429142168552441,passed,87,8.471820140708308,passed,26,5.235299758897827
744,167.5096213075643,5.731069047370004,passed,36,8.19185699658913,passed,28,7.268726803894543
745,182.47684886008804,7.554918939703448,passed,46,9.48544384417136,passed,34,5.378098545113286
746,122.38794425175752,6.276923852414798,passed,261,8.650673627691896,passed,49,5.107536988230832
747,194.42300638618576,4.039243411030537,passed,65,8.859023191096703,passed,28,6.123884225208931
748,180.26152576282558,4.777447782720019,passed,48,9.002438893744436,passed,42,6.697380711312717
749,180.397864533256,5.757819537252818,passed,95,10.031246128106286,passed,44,5.02955899385269
750,198.97982211857644,7.986814629686188,passed,95,8.784453231635169,passed,49,5.994203317243163
751,168.64189496238347,5.049491539083211,passed,57,8.152626566889332,passed,48,5.904987303660714
752,144.8363397368158,7.273587999459766,passed,111,8.236713201351375,passed,33,5.169824951062529
753,168.6627846284702,5.842011891429748,passed,88,9.180150479552186,passed,88,9.180150479552186
754,205.36637414617536,4.872147508431573,passed,52,8.66268128664811,passed,32,5.479284273262874
755,125.40609439526729,8.108898049355753,passed,285,8.36252720711359,passed,272,5.00271887641599
756,142.71581065445292,5.77965090948918,passed,59,8.495763715844928,passed,57,5.502020945770969
757,152.44344573424007,7.077594140565245,passed,80,9.902448606439073,passed,63,5.103367695287209
758,191.90994984975455,5.5980107588242,passed,109,8.457430917745,passed,60,5.798485249942287
759,193.48964723303524,5.549969706212287,passed,53,8.253400465689342,passed,38,5.295585656674517
760,148.29796955072715,6.0270956008360725,passed,97,8.051831178420743,passed,71,5.7675210738582505
761,130.9836787620231,13.259682094837904,passed,50,8.760706586323618,passed,44,6.137850388349575
762,177.69558970063963,7.923766131094401,passed,100,8.031015670977325,passed,91,6.986753672044799
763,158.07388929218496,6.950844105939101,passed,51,8.289954428452862,passed,46,7.368928336324032
764,159.1039661669364,5.5147018442267015,passed,26,8.932071194798596,passed,22,7.044644081391316
765,173.56693148416,4.26868593503447,passed,70,9.73305975633123,passed,49,5.938248540696334
766,200.27492137755374,7.277688430909511,passed,99,8.747134332652218,passed,93,5.496838220073275
767,189.15949614538644,7.256124131224186,passed,138,8.880362745367831,passed,26,5.15438638453336
768,208.96602005991167,5.378876996662384,passed,80,8.653117516492891,passed,35,5.204959302793477
769,159.96248920194515,6.517713568101486,passed,34,8.472460354279999,passed,7,5.02988071621715
770,156.41660180381632,5.176372811089999,passed,47,8.352249085576924,passed,21,5.586960719787903
771,145.83085942688885,8.06421123237609,passed,105,8.839573345943252,passed,49,5.167670724660756
772,185.82852114837007,6.174385313914317,passed,99,8.016171658222104,passed,25,5.161998405852364
773,203.06643400399187,4.659346565156654,passed,130,9.439053755874172,passed,118,5.002768322981499
774,133.97858554529756,6.992137664037178,passed,21,8.29834215801486,passed,8,5.29610098102995
775,175.12331977699472,3.0186900620594064,passed,44,8.483097959962604,passed,41,7.759426390809665
776,126.99671136710845,9.561424155305629,passed,40,8.744508072898771,passed,3,5.346884596826551
777,120.58959425750206,7.965479416991052,passed,132,8.060416263328364,passed,124,5.502031176506339
778,227.06070880663077,5.073540934213263,passed,26,8.044727085708558,passed,12,7.086805144218378
779,163.0611647815803,6.049994799132008,passed,46,8.28933045665774,passed,20,5.907476212109586
780,186.77284296159377,7.541421338560548,passed,177,8.855383212962597,passed,60,5.010161591055096
781,256.97728794444805,4.840340150213888,passed,138,9.243130166140157,passed,65,5.008859491989459
782,195.00976681947893,8.64047784297519,passed,41,9.720654617912562,passed,26,5.6393967643825205
783,165.95407213450684,3.9469196313082757,passed,65,8.407785673036239,passed,22,6.18312935279044
784,205.41752799482737,3.599698908355199,passed,84,8.3629172623662,passed,80,6.219115058982405
785,174.3046859268643,5.094196297755767,passed,27,8.255980624791114,passed,21,5.284627576109502
786,146.3948273933217,5.766123006322076,passed,276,8.029914172749697,passed,12,5.134017831613358
787,180.57676365952977,9.729498904887299,passed,16,8.237983602176001,passed,15,6.408571074782188
788,157.69944423092662,10.959384482005905,passed,114,9.451679849305371,passed,89,5.178236412205273
789,185.86505158168913,4.168549834748354,passed,35,8.048060202629447,passed,21,5.278479940713465
790,147.70168640173478,9.733832445606879,passed,79,8.841181006612953,passed,72,6.7078701824844655
791,187.95389116578374,5.4034944868267765,passed,68,8.84633244929962,passed,47,5.8747331979661865
792,208.45582319912327,9.447458381347815,passed,97,9.373074830893223,passed,82,5.704717347693267
793,175.55600905218762,8.848145248176008,passed,96,10.304471045629594,passed,95,6.022412649608655
794,167.4193304252484,5.891888249443093,passed,25,9.266849435055446,passed,8,5.546403245295339
795,200.09074839637475,5.091525151062807,passed,64,8.442325797245909,passed,52,5.550761783455371
796,172.03830799431566,6.305850008120381,passed,48,8.097876875096976,passed,38,5.013791141420021
797,184.70380288887097,4.255673109710164,passed,32,8.416860561034856,passed,10,5.3127444637213195
798,151.9337667896178,9.990647423229719,passed,35,8.166175455938962,passed,3,5.254513362769786
799,177.28781506105747,4.828925624166277,passed,34,8.000408013385151,passed,19,5.008396137044935
800,230.12758993766903,2.9190231178235093,passed,82,9.310951151787927,passed,21,5.622798655432915
801,136.7670056582235,11.21591348969998,passed,103,8.009700498194118,passed,66,5.808857647919852
802,150.77370171077885,8.902464511691207,passed,53,12.887018440252307,passed,28,6.561776279459308
803,192.8682519678133,6.787040989202456,passed,33,8.228107075489532,passed,29,5.766458461182111
804,167.34845071593912,7.262583011408698,passed,31,9.438871410393945,passed,12,5.938236316459777
805,214.72972583406548,2.7815919002224576,passed,61,8.627909554094181,passed,22,5.241130111013126
806,156.75214528267514,10.966705250025827,passed,46,9.117803428365745,passed,27,5.2982815649378345
807,145.9794877751907,4.471759648682724,passed,164,9.062854858647395,passed,59,5.347331161040536
808,214.1197953804041,3.829235612831056,passed,56,13.109641302314978,passed,22,5.498856879721581
809,168.95127203789878,5.232728200334585,passed,158,8.011198958819055,passed,120,5.793114102265129
810,170.89901352940208,4.303651787849047,passed,21,9.034965767746073,passed,12,5.974646075920531
811,205.54173890734987,4.818835254082693,passed,38,8.447491784384265,passed,27,5.1703939936252
812,168.77837235374454,4.659682090503938,passed,92,11.445414851057013,passed,37,5.127997648703686
813,182.3026539407507,5.591276160540864,passed,141,8.219923811995745,passed,134,5.320054824330245
814,154.40968090665254,4.862644568021588,passed,75,8.047535372173819,passed,42,5.009725802823128
815,146.48948567033847,8.26031110326544,passed,177,8.875247754395833,passed,174,7.221576789301687
816,185.00085248980417,3.310832009502133,passed,24,8.52151017049243,passed,18,5.13323455961634
817,218.8266154026998,3.823938374352686,passed,19,8.011459091783513,passed,15,7.804396594140717
818,188.08660186936171,5.204689622973673,passed,100,8.491988686406081,passed,97,5.149891820807118
819,192.69505298350995,4.9934148514002406,passed,55,8.822778484287763,passed,44,5.004881352176116
820,127.6165246384013,6.4113211078682575,passed,100,8.207092666690553,passed,91,6.254233469802917
821,246.3401714580874,4.793782369062064,passed,114,9.525402367014223,passed,95,5.231176352851219
822,155.42807902586412,5.140634302747172,passed,59,8.028793742662653,passed,46,5.298171214373859
823,172.93232712286576,6.045366185048007,passed,135,8.909725077217544,passed,76,5.042788768585882
824,240.22637794340923,4.163294669385664,passed,49,8.409319826208783,passed,21,6.24830602445221
825,221.0800599287858,5.00007875829606,passed,69,9.514692319071226,passed,36,6.52144411484481
826,167.45949449769597,6.007437705631961,passed,25,9.16423793247505,passed,9,6.550002469484673
827,184.2915744731482,7.791583808064841,passed,19,8.843738941460423,passed,7,5.153651762290012
828,171.1218530009019,5.881453485370507,passed,29,8.165151981385588,passed,24,5.92728477937865
829,192.97876440221123,3.3809331702080216,passed,93,8.759886649398752,passed,47,5.289931793288183
830,166.2175228529588,6.20669899151858,passed,59,8.01293191459822,passed,40,6.090720760567847
831,203.2353491844241,5.464743760330839,passed,38,8.149155131415364,passed,28,5.2615535992603935
832,138.26279837101407,9.079319999647524,passed,34,8.73168861273661,passed,8,5.435824425237001
833,202.7367247618127,6.56312903561407,passed,228,8.57760933201821,passed,88,5.058000998737433
834,167.08954761110738,7.04696461693177,passed,230,8.205602471695638,passed,200,6.4725446469231285
835,200.58800608338797,10.632567511898543,passed,155,8.010221372018833,passed,119,6.996282678092625
836,195.4235078581983,4.3675486651032065,passed,62,8.923453291783478,passed,53,5.670383645377974
837,153.58586321400068,5.754324167272108,passed,181,9.557503117569844,passed,180,7.08406821294989
838,155.1482637025601,7.168648744653251,passed,27,9.34894930341521,passed,21,7.043954306675482
839,123.8482211407196,4.609476646129544,passed,103,8.12639432967719,passed,12,5.765951753313847
840,196.41379720322777,3.4919973448914385,passed,34,8.353841262938854,passed,22,6.501366011748533
841,160.7434794859787,7.584926776040474,passed,190,8.741871245874622,passed,182,6.979662346831916
842,93.08759550292089,9.323876816184544,passed,629,9.012790209278542,passed,25,5.194992978796287
843,209.40835649674722,4.642665391449387,passed,63,8.633134544747545,passed,30,5.995733165790629
844,200.1463606312169,7.191424022133576,passed,84,8.061831909333229,passed,44,6.349123652758748
845,216.50392449188524,2.7703687755866784,passed,18,8.033069542730908,passed,11,5.969955782687397
846,181.89197010499205,9.6511513141974,passed,233,8.78810956849765,passed,196,5.170788512509117
847,192.63057139559243,4.1760964309955675,passed,173,8.04847348789961,passed,114,5.28628007635743
848,156.28168625779284,5.170826778966404,passed,46,8.606525963275313,passed,38,6.031588421895995
849,152.7306830416237,8.582300890319448,passed,85,9.443956809275832,passed,38,6.632094058115556
850,182.34220428305994,8.697952382723113,passed,75,10.045990033142992,passed,65,6.100051972689768
851,191.7030411019089,4.493602126225349,passed,68,8.45089123358358,passed,11,5.016044773417061
852,179.25161186804823,5.774394621358211,passed,94,8.359985140716475,passed,59,6.184988273415204
853,196.138877927521,4.24252139455693,passed,67,8.047349208345267,passed,62,6.100045374692309
854,221.15720939352155,7.457708060406423,passed,28,8.462989492922235,passed,18,5.249974040968763
855,168.51736059228097,4.847844795568256,passed,45,8.008037704022609,passed,22,6.300563927533798
856,149.3722318807186,6.589623556547755,passed,91,8.239866680708442,passed,9,6.421234590323577
857,137.76796165838707,6.1146299849568075,passed,68,9.105400577102674,passed,35,5.017948084785373
858,131.1180551514687,6.48425458668004,passed,185,9.592854097730852,passed,93,5.063366529561075
859,177.26807169500955,6.239622882754695,passed,188,9.860863934171714,passed,158,6.655774350942467
860,185.16975764011397,4.719948758268457,passed,44,8.482826692413447,passed,22,5.001214523635533
861,183.51832824606902,3.646989203629964,passed,59,8.292293064686419,passed,34,6.106629365219285
862,246.87435034233945,3.9217517466960046,passed,95,10.686694798322293,passed,41,5.187254684309761
863,206.99195130005123,5.948852932103973,passed,46,8.254379816208779,passed,22,5.017344187296557
864,165.69923258642012,6.2107514712128875,passed,87,8.557373624065413,passed,27,6.2300471606710595
865,160.41763334597897,4.896610696146706,passed,99,8.043115108878073,passed,92,5.244972351349597
866,182.38037222960804,5.172772588357997,passed,125,8.133628967119332,passed,76,6.2340039599276365
867,198.12715986333836,5.345863334169828,passed,100,8.432725405525932,passed,100,8.432725405525932
868,218.58525781126912,4.989463906451011,passed,75,8.34337188371277,passed,46,5.7874331541354795
869,140.65993509846098,7.426877441977685,passed,91,8.428592790174537,passed,70,5.019630012405507
870,137.002611356657,6.578014763836839,passed,99,9.071696286845722,passed,40,5.710120234094451
871,176.79125477903713,5.428149468767805,passed,38,8.491398591219191,passed,22,5.608365039150676
872,192.16741780949005,5.918854354002216,passed,50,8.289967237904472,passed,47,6.956165250120949
873,175.897627386764,7.955721112224025,passed,126,13.989119745832369,passed,106,6.136355671907734
874,196.35201885385106,4.33848546244612,passed,68,9.165118059608846,passed,52,5.0176649337386525
875,116.14773348312157,14.531579959800636,passed,156,8.658190201358273,passed,108,6.138968658990618
876,154.9642910834526,7.903877493324717,passed,119,10.231824110086475,passed,103,5.08563147822505
877,197.16797107968253,5.265503400810665,passed,27,8.20801450983948,passed,18,7.028941273885625
878,247.97696512229942,3.4207136888049794,passed,19,9.678398255389165,passed,6,5.1250706659323075
879,152.33038325958398,4.817490880911205,passed,38,8.0721345899041,passed,30,6.325240447378144
880,200.896303819508,5.122447367350468,passed,135,10.11483471640775,passed,45,5.8778538280613635
881,151.16700774655186,5.384493080210349,passed,146,9.248257964208918,passed,143,5.207400743601531
882,207.63194368376344,3.9929770242439764,passed,18,8.415626628888507,passed,18,8.415626628888507
883,222.66892105611782,6.487549293344132,passed,63,9.582457406733447,passed,25,6.9848373417201515
884,176.91983929985233,5.782707047360825,passed,12,11.922581428172974,passed,11,5.646202771681907
885,165.57711950567634,5.933155279550259,passed,107,9.63527415047678,passed,97,5.04840711547252
886,218.3219408405173,7.642942609244765,passed,140,8.266396989786617,passed,26,5.0580188206029275
887,190.533032077762,5.5575172327002935,passed,80,8.148524614201879,passed,65,5.123299616778976
888,169.96553705219642,7.567512998641697,passed,88,8.37718208670788,passed,84,6.492729029525224
889,188.27630083935176,6.216241923114811,passed,58,8.014637059640496,passed,46,5.459753592108729
890,181.55947856985048,9.70080013094878,passed,99,8.546130772495154,passed,94,5.609708883607856
891,188.50080038171936,4.179993810007527,passed,55,8.383267456316323,passed,55,8.383267456316323
892,203.1471864834316,7.497514087152575,passed,114,12.780171584596122,passed,25,5.079921985256997
893,187.3058429955984,3.9187567692079845,passed,60,9.232342211916356,passed,41,5.00001135702719
894,163.8846843872135,6.848013200621043,passed,39,8.650015247773378,passed,34,5.135728812068963
895,176.74155792425896,5.830203445676817,passed,51,9.238168407138648,passed,14,5.443422047642077
896,195.37831704340965,6.283004052817269,passed,22,8.174165691281555,passed,5,5.695723929445418
897,151.31870928294532,8.62098374620079,passed,62,9.277991161296551,passed,49,5.675916761358124
898,173.122196230076,4.756723070725853,passed,84,9.25928722105358,passed,79,6.380734830941992
899,222.7340890209764,4.695215902238203,passed,84,11.744046108426787,passed,62,5.275106740073698
900,119.68191269714276,5.724874770528647,passed,57,11.04501415302499,passed,49,5.303187599580039
901,208.81029345663177,6.573732944576172,passed,41,8.116957660167913,passed,21,6.055992651130837
902,208.02549777808736,3.7119974544811516,passed,21,8.016191359022073,passed,10,5.648969009445204
903,167.54889473500762,5.127967989417125,passed,111,8.046783237242106,passed,88,5.03115998749275
904,191.2996712877972,6.784779566979123,passed,165,8.675332905561572,passed,75,6.2703284034624
905,154.43705520778258,6.487113027987415,passed,89,9.591978306668558,passed,49,5.476488903941457
906,147.22764732082237,8.154981190644857,passed,75,9.097606722146367,passed,14,5.470611201873843
907,239.15175179344396,3.5620757352469647,passed,109,9.019885923005244,passed,100,6.576187724585325
908,244.53723126098853,6.839512655948895,passed,38,9.064592837050455,passed,21,7.0663298840776045
909,227.59818224365134,3.8043439244078034,passed,43,8.889393287987835,passed,25,5.30240472808019
910,158.23083410056475,3.2994432008689496,passed,46,10.608082748160585,passed,13,5.196743653736258
911,170.1648968484906,4.071157505057345,passed,124,9.015591417835722,passed,112,5.535120615134681
912,137.22383736531563,6.995670159371009,passed,48,8.624955532565991,passed,13,5.749161616694609
913,176.85751952128993,8.582900391554928,passed,56,9.178742109087445,passed,46,5.467187576938004
914,178.95070811128372,5.59315740573,passed,110,9.342521604567056,passed,58,5.017670438658617
915,176.67961040419877,4.90997502955845,passed,32,8.082750708587527,passed,29,5.778279427220068
916,184.1650726661785,6.3811557628184605,passed,58,9.325975612433268,passed,40,5.685373731096233
917,298.1826742310321,3.8092673910427735,passed,18,8.233232060303909,passed,8,5.602011912745142
918,185.7989320254414,8.807528942652693,passed,104,8.015551600268257,passed,70,5.404137342266924
919,200.852282619907,3.9963981704675198,passed,21,8.019930205453418,passed,5,5.412164089435589
920,215.14072117039086,3.37568835211125,passed,24,9.358629769514359,passed,22,7.757304686723843
921,158.22361448541065,4.113804285460223,passed,124,9.875275914818115,passed,84,5.643204653020084
922,186.42672063620904,5.389809316399323,passed,22,8.389744711785664,passed,16,7.5316353205914455
923,154.8724801686421,6.375794091603039,passed,90,8.242858231224348,passed,82,6.167064739993844
924,117.15817371678136,6.674629223377656,passed,196,8.602203636388527,passed,56,5.5579058799321235
925,212.59100016785908,6.113268662624617,passed,132,10.876379585217322,passed,117,6.012692208114845
926,171.08850446488285,6.388860740581936,passed,176,13.574486087389204,passed,158,5.328385719889894
927,162.10717600025765,8.426069680399422,passed,272,9.541183322741741,passed,26,5.208862744232778
928,170.88220721612126,5.720829844514402,passed,84,9.53832163160364,passed,72,5.5567920665559045
929,156.83189403866916,8.151192444850128,passed,57,8.720443656175036,passed,21,6.228867916219394
930,154.72733990092274,8.179768085040465,passed,82,8.244784878164356,passed,12,5.65790268052353
931,189.7350583787465,5.602700282716463,passed,184,11.66128866299534,passed,158,5.003422912851607
932,158.5456504359141,8.277443820367212,passed,99,8.662804214668895,passed,84,5.0598562531890545
933,241.96450401788368,5.3879964794890585,passed,103,8.444797367343938,passed,4,5.019016839194745
934,179.60785242068346,3.876530093913074,passed,70,11.912654080548757,passed,43,6.004275225827249
935,142.12020873509766,4.069899277943112,passed,50,8.544860802077835,passed,46,6.5640618633128645
936,194.39454397657903,4.3936911119475,passed,22,8.445910279078262,passed,13,5.007329005930594
937,170.0885559735263,5.9994107634613565,passed,98,8.354228934415776,passed,38,5.183446173605666
938,133.70265182034694,8.3983060675354,passed,48,10.179749299746078,passed,23,5.0307929610859725
939,186.65774719806524,4.817297542332455,passed,37,8.437429072351232,passed,34,5.562656901810192
940,203.37744399316503,6.195138856677163,passed,73,8.104928526832733,passed,68,5.904241267018606
941,158.86940973065876,10.88959950827246,passed,22,8.983648838547854,passed,7,6.786462108892044
942,186.89142916462583,5.685439225026533,passed,24,8.017882169883684,passed,16,6.690595770807017
943,134.776943805688,9.843022711585904,passed,62,8.377786564243927,passed,50,5.442139898827092
944,182.07378152197728,11.005282394775994,breach_static,90,-10.520239393204388,breach_static,90,-10.520239393204388
945,177.5090271210211,7.6330403429901885,passed,45,8.33921081731921,passed,13,6.052602134348373
946,199.93766113903445,6.566136763465259,passed,95,12.62073891729225,passed,90,5.007246174619384
947,132.31256192766696,7.527317573373153,passed,28,8.938944799269976,passed,3,5.241881000442161
948,218.45914958410444,4.05602083050129,passed,64,9.233760114544687,passed,62,5.938798371889487
949,182.85018562422047,5.439022913732057,passed,107,11.67898511891905,passed,71,5.036203726571031
950,202.58514659507068,3.0771314832343477,passed,60,8.6491499750869,passed,28,6.1985852578046785
951,191.75498732280917,4.717492031004384,passed,21,9.258825894244538,passed,8,5.0081736746258265
952,136.67925544318962,5.620597286608486,passed,67,12.101776871444802,passed,52,5.956666758333129
953,218.62852778075944,6.0194110419580955,passed,159,8.359240620786789,passed,112,5.149765936434636
954,106.12983291743343,7.195858068447154,passed,130,8.01598288226506,passed,116,5.771234077962628
955,158.1974869375849,5.209028744483998,passed,88,10.02089366988692,passed,88,10.02089366988692
956,246.67122485680318,4.725050237808507,passed,58,8.266501886213673,passed,21,5.001554543829112
957,168.18965990493365,7.1438241255291715,passed,93,10.047841196544915,passed,35,6.0695787379496435
958,179.77052348122737,10.328321378115984,passed,52,8.54386776787166,passed,45,7.341939771430761
959,160.14972458540754,8.307934752007915,passed,51,8.661336142004682,passed,22,5.456290168072875
960,185.72611217183717,5.268441517374553,passed,110,8.28382043418201,passed,33,5.004120709963966
961,144.10385613681248,14.111607173543952,passed,272,9.314726115744755,passed,29,5.002942446714398
962,166.37202054049652,6.314584139627266,passed,63,8.833681394974269,passed,28,5.350238138537788
963,163.79031180314115,5.563952012413708,passed,137,8.002504245099296,passed,19,5.016531762720766
964,192.81294425285176,5.906055820952734,passed,49,9.19916762108195,passed,21,6.19546303336187
965,153.3379805436427,11.424581748314463,passed,242,8.489782231210373,passed,160,6.039449399349661
966,149.06917179319294,7.857004372120977,passed,98,8.711871258960247,passed,77,6.0110512152110385
967,120.59345225886116,6.239355419215385,passed,274,8.022919127826334,passed,62,5.064156478708126
968,167.81267184008195,6.503206546798753,passed,37,9.301303510378723,passed,28,5.177627105469407
969,184.06673039854854,5.001528547774921,passed,49,9.82009501503638,passed,12,5.630739761417258
970,177.27641268167807,7.18100753791492,passed,100,9.040512124703914,passed,87,5.416198181182752
971,201.2468851326013,6.1749895588335315,passed,127,9.416758168970428,passed,122,5.910243006628124
972,188.42640626651738,3.5181469990858067,passed,48,8.361035193351384,passed,15,5.126451528246134
973,221.60857453048007,5.0220532893521765,passed,30,8.128519935052413,passed,14,6.549675745472294
974,141.38202973338275,5.633669915129504,passed,48,8.132583517095803,passed,28,5.0022874279962215
975,169.25336495941804,6.2829152885381765,passed,151,8.122269009461803,passed,148,6.48088397621831
976,173.72627053769682,3.63721397972701,passed,22,8.454686918078579,passed,12,5.1435328857996065
977,132.75595284302892,8.543861370675627,passed,39,8.321131649981407,passed,30,6.383599877550106
978,182.98510504040902,9.52400766526241,passed,33,9.854157822892695,passed,21,6.674315109198048
979,208.19101798294062,6.640599668974572,passed,28,8.94230809516634,passed,20,7.108396542146234
980,192.8660376038567,6.404957768813251,passed,95,8.051167825697858,passed,82,5.010035981148797
981,186.5577761470368,6.410091709241071,passed,109,8.10308375186879,passed,105,5.062404317972491
982,142.09591371077383,7.200895740501618,passed,209,8.806836349181445,passed,192,5.5102052126376755
983,194.0654513029944,5.901520634990801,passed,44,8.332089218568628,passed,35,5.020623172226113
984,193.22502250188455,6.523886391042584,passed,66,9.072668538572316,passed,55,5.010369316570618
985,186.50380650219884,3.187894030528096,passed,18,8.462620009468136,passed,13,5.028086035213275
986,198.3265043143534,5.669431582380983,passed,50,10.079200679176203,passed,43,6.093067389130735
987,188.71571170612006,5.059459300198693,passed,103,9.751659917004062,passed,62,5.36570900283051
988,182.47276557473702,7.344053834461873,passed,49,11.248314012486338,passed,27,5.012837944826876
989,245.94850968521942,2.6955912482767506,passed,35,10.139062456314129,passed,26,6.505778470518675
990,212.1874972657201,5.952082540807774,passed,46,8.124980380930147,passed,4,6.117166688756037
991,222.56832139765228,4.407941600927905,passed,76,9.781112393880864,passed,45,5.284042930527022
992,144.47991708607552,9.989462653247253,passed,84,8.001841281556633,passed,69,5.388052690681078
993,220.08880247658539,6.561384727415986,passed,88,8.214093246600651,passed,30,6.288595817515441
994,181.57960201374362,7.45473434543789,passed,179,9.04810102381164,passed,156,5.007162788522446
995,160.9005309648995,6.397251696538778,passed,69,8.163995425495084,passed,23,5.202558442688376
996,182.9450649626386,5.20700293403404,passed,113,8.142451903486991,passed,84,5.54373935899497
997,155.2232909331965,11.203742004751117,passed,161,8.098828416406434,passed,24,5.664279245477366
998,159.66384876872252,5.169221065406916,passed,33,8.703085145726796,passed,11,5.756986759682015
999,159.9816192661674,5.343133368379751,passed,189,8.025058713029232,passed,121,5.292790791663982
1000,167.612267596712,5.283187975929607,passed,111,8.321559757313345,passed,109,5.481309146205815
1001,149.11660531108396,6.944374068472617,passed,64,8.627363865060357,passed,30,5.366354203611778
1002,235.94763834807338,4.122474113997213,passed,75,8.208353860032002,passed,62,7.448213928525571
1003,149.50730326165652,8.130497384938987,passed,77,8.454376435591794,passed,54,7.280433727378721
1004,183.76900079480674,5.6993083385928625,passed,27,8.759673002080937,passed,8,5.266905857660054
1005,169.41516787285374,6.311713650199713,passed,84,8.261366030344375,passed,18,5.319515751274384
1006,141.19565853688508,7.600708510931563,passed,49,8.144462485500581,passed,37,5.009381586113637
1007,189.2287695367488,5.392880316063319,passed,59,8.93169097348061,passed,57,5.5662055503176155
1008,194.98810888467534,4.114626030329579,passed,91,8.974943061096695,passed,58,5.0281122003797085
1009,202.03048041075849,4.6503689083705915,passed,115,8.005557673705033,passed,59,6.028362056646364
1010,137.99028714161744,7.006628879106799,passed,25,9.297598778237326,passed,13,5.368684276640412
1011,169.6088035105984,4.202124472978248,passed,67,8.295262060768582,passed,48,5.265105855934404
1012,182.076499330403,4.75884602977041,passed,100,8.091715256944276,passed,93,5.665950545120357
1013,181.7556028323304,5.327261452786491,passed,50,8.239043520790368,passed,49,5.1331897087971035
1014,162.60699200050834,5.410358345848594,passed,33,8.641899252588715,passed,18,5.310448478050178
1015,163.34119933510206,6.635986399423712,passed,47,8.182545372948557,passed,6,7.656245384368887
1016,178.36786067494526,8.604568473601768,passed,52,9.896559321492937,passed,49,5.200097824593564
1017,149.20131474056535,4.5084915227477245,passed,75,8.007006560951435,passed,61,5.74277040304465
1018,198.068776583699,4.509807878765187,passed,17,8.707719887751031,passed,15,5.5585292809279485
1019,201.30641763693342,2.8982114740224283,passed,30,8.9673197123332,passed,28,5.171954881733698
1020,145.28718836408189,8.183516140520597,passed,236,8.068539560603206,passed,67,5.314017061635545
1021,164.37836874740177,6.2227609131363995,passed,49,8.296622225093264,passed,5,5.6349683491442315
1022,216.56845438767243,6.1065429239155025,passed,6,11.329319757109978,passed,3,5.5860443277262695
1023,102.7723040310971,8.730068029649143,passed,100,8.644215705351254,passed,89,5.543615643057187
1024,146.07758351003355,8.280187321667322,passed,117,8.009977447374283,passed,28,5.595992886055523
1025,192.86535373178992,3.60239285998242,passed,121,8.215974504272626,passed,108,5.892572746085745
1026,244.49599236011372,6.032606605081764,passed,62,9.385473646999444,passed,48,5.265868928225781
1027,160.80285989068682,7.256246349888504,passed,30,9.662873333599986,passed,20,6.110068386114675
1028,179.9156538493891,5.034762234781076,passed,186,8.505785012969502,passed,139,5.588283174319941
1029,145.24467149126417,6.357541364849944,passed,325,9.999087026946519,passed,293,6.7877460168120685
1030,130.38098324023028,6.323883060660185,passed,120,8.872792826154319,passed,72,6.074578764175653
1031,205.68205098940794,5.716506477395442,passed,15,8.914445622090227,passed,7,6.632666918291896
1032,163.4366381479238,6.5525022690697,passed,80,10.868957245514132,passed,80,10.868957245514132
1033,88.26369585026977,6.833691874534454,passed,90,8.272116359151127,passed,40,6.106992577833115
1034,192.25557523950926,4.700277548652442,passed,54,9.862907560872802,passed,35,6.647271232757035
1035,200.83002971239728,3.4069343735624535,passed,45,8.081720187322873,passed,28,5.096848771917406
1036,109.75475290229193,8.75002839117982,passed,77,8.253672105388077,passed,68,5.758126480143955
1037,166.61740869663103,8.060698154881,passed,58,9.677526441624163,passed,15,5.25152668801836
1038,188.90870144727106,6.040970342595019,passed,191,8.075591918443958,passed,34,5.509914568351726
1039,188.16446335004193,5.5000076839477785,passed,58,8.053922626380384,passed,48,5.044949953683342
1040,189.10399432594795,7.18928128006418,passed,80,8.910742675843375,passed,67,5.136933776931785
1041,165.09901399823593,4.525185157058613,passed,24,8.536090444728316,passed,13,5.050908918020913
1042,158.6905773083793,5.196331454684582,passed,90,8.600941129475693,passed,29,5.948059194288358
1043,159.773493433765,5.415011168824837,passed,57,10.244701449769611,passed,30,5.688370927399533
1044,201.01931084654927,6.195414228931109,passed,64,8.370951278912253,passed,24,5.246267395598414
1045,189.52112929197807,3.2692499179110905,passed,22,9.361813925700702,passed,12,5.783386019369918
1046,122.87657644684104,8.199130499164378,passed,37,8.48242824848291,passed,26,5.4309545349768396
1047,157.3001435397141,4.320840642274261,passed,52,8.471956289694372,passed,22,5.014679292034008
1048,176.32041902772224,3.7297468063476424,passed,84,8.536551307006125,passed,46,5.177591031059192
1049,169.11107484587276,7.121932485743578,passed,95,8.844905455724739,passed,79,5.010326949327348
1050,200.63224065453005,3.834614265391187,passed,93,9.34458485047398,passed,30,5.226482386782094
1051,209.4666873200385,3.1959258608288197,passed,93,8.391916845277247,passed,90,6.0769714046948975
1052,205.6626016612338,4.583128873086136,passed,24,8.512779928365454,passed,23,5.786621079344911
1053,170.4767842694253,5.518671062884176,passed,241,8.281067548738852,passed,239,5.003320912745091
1054,96.48233889127557,8.449176683319406,passed,59,9.779036323179803,passed,50,5.725758691685101
1055,141.70037655873466,5.684516211575498,passed,28,8.299062203953046,passed,20,5.506123530985629
1056,179.97084843072483,6.414779680879773,passed,194,9.124902046506445,passed,105,5.592639610417938
1057,164.53338936514746,5.40458224226215,passed,104,8.625424330599918,passed,59,5.007238165317762
1058,228.8148699330135,5.960228703184789,passed,71,8.602419040202625,passed,57,6.536394783110744
1059,244.3428284261952,6.549181781890881,passed,52,8.38874158956493,passed,19,6.39637107736335
1060,161.0431470627993,9.71227042912686,passed,88,8.212890961451059,passed,27,6.393216184466732
1061,209.66803344858386,5.635558275360339,passed,36,8.070665911330899,passed,30,5.110972073077291
1062,228.65910336026124,4.719071154779441,passed,24,8.211216502060026,passed,16,6.00810814071131
1063,205.60240308132717,5.448372977611983,passed,68,9.583189054582197,passed,32,5.549353529683976
1064,196.9183400234963,3.431715906437185,passed,61,8.056884407620934,passed,34,5.111745215936048
1065,199.421366012941,3.7511094549675494,passed,27,8.478843206142095,passed,18,5.010912270970103
1066,146.50656325125718,11.198136271815109,passed,18,8.009002616323047,passed,5,5.036829775144569
1067,198.6566011526126,4.864218062783767,passed,121,9.171306055450756,passed,105,5.315705783551428
1068,103.93770149269446,8.590624635520559,passed,21,11.679494079179875,passed,16,5.125897703799254
1069,197.23252011533785,6.253889309133913,passed,41,8.939077692767583,passed,12,5.559003262040663
1070,151.65622241434988,9.13519265162243,passed,96,8.621481104954597,passed,95,6.704591495732837
1071,210.42565023202778,7.35666914922755,passed,201,8.294033000440715,passed,139,5.031801950810411
1072,204.95208890892474,3.159297574650784,passed,27,8.028321620659895,passed,27,8.028321620659895
1073,134.65775480969495,11.642467524664033,passed,49,8.697701811806247,passed,18,5.684677866662247
1074,150.3750570663214,9.646864525909194,passed,324,8.758307598649107,passed,134,6.0406575255774975
1075,169.0656027292703,15.075145712714427,passed,61,8.208057787680945,passed,49,5.025649043913472
1076,220.3795341979018,5.848248539501178,passed,243,9.6278157311948,passed,238,6.292974919536443
1077,106.66089767509597,7.099926864514538,passed,201,8.045207605104853,passed,186,5.199793229005278
1078,175.23599621240592,7.483198631076138,passed,80,13.734353242730535,passed,4,5.011347323541293
1079,234.70295973399885,4.2345946306941995,passed,76,8.201012327520552,passed,49,5.038470807613482
1080,193.3716967315641,6.62057371285249,passed,364,8.85397622337203,passed,277,5.341257166139424
1081,204.147058251507,7.106643362153458,passed,81,8.282689860527181,passed,66,6.014679634030484
1082,227.70717789434372,4.972579439757804,passed,97,8.867150332456175,passed,71,5.057794773266888
1083,201.670501755151,3.876740299533784,passed,52,13.24772570748658,passed,46,6.86014337350056
1084,187.30049489103763,7.75331386436795,passed,38,8.422978240336732,passed,35,5.687049784835252
1085,194.58682191248354,4.998455872058968,passed,32,11.022141479035241,passed,18,5.695024304907292
1086,167.88536630360494,7.540288361402256,passed,41,8.017884507921558,passed,32,5.005574151052761
1087,216.39500591814817,5.296933107225922,passed,21,10.404877826308766,passed,12,5.8332066430046625
1088,181.34141658867168,4.606594926770976,passed,107,8.702664106269943,passed,22,6.5104942396742915
1089,196.10163275350723,6.4399670984043675,passed,59,11.070418837315476,passed,54,5.11032299545362
1090,175.22758343596269,5.280136146082291,passed,32,8.218084825701855,passed,17,5.25280430863706
1091,193.1784375908571,6.555045310747206,passed,59,8.003383250965923,passed,44,5.1395465070184
1092,185.76338454114853,5.867300966236125,passed,23,8.122559854830214,passed,21,6.880102702177582
1093,148.45044664024454,6.789342943351009,passed,48,9.010246127899734,passed,45,6.059016899339231
1094,221.60158514454355,2.805226626905465,passed,6,9.036655695769769,passed,4,5.758433724066592
1095,163.5838741957842,4.129402903062519,passed,100,8.92067190839736,passed,99,5.001066634790852
1096,242.1987753738597,5.679764283021533,passed,3,8.78615394041098,passed,3,8.78615394041098
1097,170.65517299428353,4.960087026482038,passed,66,8.253562741373699,passed,13,5.419620364568378
1098,184.5349652957319,5.99112973700948,passed,41,9.205591134022173,passed,23,5.167752716192031
1099,173.67188388073714,7.410613966531727,passed,59,8.005898400375134,passed,58,6.37348235908215
1100,188.93095386534387,4.040300606453725,passed,51,8.915450751515186,passed,27,5.14231490407131
1101,170.12444279500917,7.520566592270517,passed,32,10.384673165346015,passed,24,5.448512207382095
1102,200.5655084193422,4.533791106312787,passed,30,9.482829544331551,passed,21,5.003101154034684
1103,149.09186970039897,5.354950488129347,passed,124,8.123906967860028,passed,121,5.60869090644569
1104,147.7755152850711,5.770721595366966,passed,59,9.829942839881923,passed,36,5.63711590294127
1105,129.63287864311877,6.903604057639933,passed,87,8.08698761868456,passed,48,5.076714198747023
1106,221.85718670511707,4.4455759483874795,passed,97,8.008823469648686,passed,93,5.294211779186786
1107,163.08974876263738,5.257832091437498,passed,72,8.33659317445039,passed,64,6.048964353250774
1108,175.26466322330657,4.503503998654872,passed,68,8.480564961379766,passed,61,5.627530503867284
1109,154.45516087827485,4.878574214651744,passed,61,9.008818777880423,passed,58,6.0614908415903335
1110,162.9309635715455,4.974757909215602,passed,90,8.287549130306715,passed,66,5.006145239807291
1111,186.284250545508,4.531146265424095,passed,21,8.528891595335963,passed,12,5.003167333516068
1112,147.34380532130112,15.765948215879252,passed,95,9.134846336045733,passed,85,5.5883682177053196
1113,134.3839647473831,9.292474482162868,passed,139,10.051579488482076,passed,113,6.277677611593679
1114,168.17281652934403,3.921666062148727,passed,54,8.005446012270223,passed,49,5.328242946253425
1115,143.76879348941586,6.478381483096088,passed,34,8.96438611046313,passed,29,7.166815925938863
1116,163.87754344501403,4.800668226193892,passed,95,9.516315812663656,passed,58,6.752967341962224
1117,147.31441868289372,12.517139803938932,passed,263,10.238456731593981,passed,236,6.544008901775777
1118,143.98362841566842,5.976163957223421,passed,52,8.404347054460338,passed,27,6.090133317436441
1119,159.74955102402797,5.620942436844469,passed,80,8.05656508095145,passed,64,5.61000356652579
1120,178.17998112829864,5.156395773609911,passed,59,8.750323970861551,passed,28,5.14923596463821
1121,205.5875778139575,3.2039225953770143,passed,59,9.323528455753326,passed,34,5.216808914815263
1122,204.62465255537685,5.387119257800473,passed,108,8.00240462253823,passed,96,6.189212535406474
1123,182.6585063215844,6.402920809764896,passed,189,8.012111113478039,passed,130,5.60587472083407
1124,209.76292346468898,5.070264265078066,passed,58,8.74834055249396,passed,28,5.150551282644411
1125,163.05875941135537,7.141470515998026,passed,158,11.142292842173074,passed,99,5.877182224091304
1126,152.1142263580797,5.7798212933750275,passed,158,9.242915292714171,passed,137,5.364272620936417
1127,186.62671108164793,6.224368861619762,passed,84,8.617126140698339,passed,59,6.253818006890732
1128,148.68244829523172,8.650498294482679,passed,87,8.610956913978708,passed,87,8.610956913978708
1129,211.8092921515904,4.060855301278411,passed,54,9.130125748680019,passed,43,5.380658446932518
1130,185.3318796518785,5.7165339341990675,passed,28,8.414362321638302,passed,22,7.776391677029082
1131,163.61700340003011,7.687059319080331,passed,24,8.092314962767567,passed,12,5.079530190129167
1132,181.45876049597098,8.04132674113613,passed,24,9.00581110934855,passed,19,5.013586142522741
1133,186.03235692014556,6.65914140296115,passed,58,9.106157076318189,passed,13,5.6269208373282975
1134,150.30332693769574,7.7221650219966005,passed,59,10.10479712077652,passed,26,5.902128694429276
1135,177.7581523567713,4.590339597348496,passed,21,9.698787020554068,passed,21,7.234517093188275
1136,163.5670152763445,3.370439949446146,passed,146,9.035814853451129,passed,59,5.000621859942611
1137,153.49038947379393,6.669518145387018,passed,30,8.011248756401246,passed,21,6.250966381523271
1138,139.5562400213421,6.414083971086939,passed,125,9.467543920129383,passed,76,5.01386769593013
1139,194.3879594223143,5.3867976064332295,passed,28,8.832267230855418,passed,4,5.238774103988542
1140,184.12531333228586,8.97320117642753,passed,157,9.103050819117708,passed,53,6.021783940905379
1141,180.09689203335773,5.327782356654661,passed,102,9.088126199597802,passed,78,6.066104165127517
1142,143.9762114354021,6.404748499499907,passed,157,9.170180579850795,passed,108,5.207761909388031
1143,130.81683561665196,6.927801033587707,passed,70,9.595159648911022,passed,11,5.500354445476141
1144,203.13765766404487,4.732428649908979,passed,21,8.887758776355948,passed,13,5.596033831389691
1145,187.32630874780324,3.60459349980978,passed,30,8.690072479807554,passed,6,6.297755895700408
1146,151.38930831298546,6.600294818225362,passed,87,8.265670804820324,passed,15,5.017957260764261
1147,192.7413522302848,7.2629140901873654,passed,97,9.550670689907935,passed,39,5.588764423713544
1148,127.33780163075097,6.000231022439103,passed,186,8.56766266086737,passed,93,5.019193912471032
1149,184.49037213297098,4.289623627991326,passed,18,8.016192479385076,passed,12,5.813593489142832
1150,137.06022125987417,7.63875778443483,passed,305,8.758586673097568,passed,188,5.00384943308585
1151,159.99914185781893,8.32949744798976,passed,62,8.143146892159292,passed,47,5.8648449643232015
1152,129.99289048767815,11.430172385262578,passed,27,10.481304598542529,passed,26,6.689424911550357
1153,144.05665795389498,5.891220318622413,passed,191,9.008671010668778,passed,167,5.819724746789556
1154,196.56486928264977,3.4320446466946724,passed,61,9.389156677639265,passed,49,5.341209316556728
1155,235.6995510224726,3.764471328128354,passed,60,9.877685357702948,passed,12,6.065159638437878
1156,240.4555527385498,3.562022274257765,passed,49,11.280146872040863,passed,31,5.385665753413926
1157,205.67865241993428,6.607929319446231,passed,80,8.979354832261777,passed,75,6.166148701242391
1158,173.89829182138735,4.178765344036906,passed,70,8.537902638362048,passed,56,5.0173750947989815
1159,150.60850251917137,5.268272668061989,passed,66,8.252356943582594,passed,66,8.252356943582594
1160,208.64523073865885,6.484187838614093,passed,105,8.181017703242134,passed,85,5.764944282312445
1161,170.3452443215255,7.196783796643384,passed,65,8.310719995185556,passed,49,5.202170726151101
1162,175.5687147413925,6.945057387906095,passed,133,8.473350451355245,passed,114,5.588997091722581
1163,175.7431136575967,9.179233001769047,passed,57,9.218499580376616,passed,28,5.13271752365545
1164,209.66182265319523,9.068131771185433,passed,121,11.893988133032153,passed,117,5.565508559980459
1165,137.24326512524598,4.408449355303693,passed,93,8.117813425002574,passed,38,5.346227303620288
1166,170.88367060892534,7.6780113170463276,passed,132,8.50273792600058,passed,117,5.007596296620598
1167,174.94582651654702,5.481012747814237,passed,108,12.143518487989024,passed,52,5.3511246600123075
1168,184.3884135265268,5.488021440999998,passed,97,8.017106777637629,passed,95,6.38786285701558
1169,177.22750465528634,7.376019960828832,passed,18,8.820227537603387,passed,13,5.129271483764608
1170,208.72645893038077,5.02356253307296,passed,79,9.30785832101857,passed,59,5.0291980357355826
1171,176.76531222654006,6.956943165651467,passed,108,8.840517160093597,passed,103,6.6860765250762455
1172,153.42885357241673,4.041651390936419,passed,84,9.163095555491596,passed,82,7.903617516177075
1173,182.56511648203167,7.452789941600193,passed,58,8.341528909852268,passed,46,6.658217786041032
1174,178.8851038341198,3.894485263404827,passed,99,8.654423176900483,passed,99,8.654423176900483
1175,165.04702346269494,6.199093683449444,passed,40,8.000259084674145,passed,27,5.001904728485251
1176,203.6968707328794,5.897569465854973,passed,59,13.59050329488296,passed,57,6.4357425470214835
1177,171.8723786032751,7.255190680526673,passed,68,8.24323860978209,passed,13,5.548529094921695
1178,142.89505962457855,4.2345285070851295,passed,55,8.946670352781405,passed,33,5.355569855059028
1179,138.06202468307717,8.51871295754472,passed,107,8.241553616263996,passed,56,5.506399082533231
1180,143.27806879984942,8.798773841807137,passed,205,8.014850554102848,passed,167,5.017250982707244
1181,208.08465166002154,8.30511791545199,passed,100,8.733163712890967,passed,84,6.464276064768049
1182,146.81598143524747,8.254709329307778,passed,93,8.333246487414915,passed,79,6.352433384059508
1183,212.79496667562015,8.998991577867296,passed,12,9.596591753671003,passed,11,5.3351728771825035
1184,180.71372626508486,5.280421538326919,passed,54,8.135353481505891,passed,45,5.140862033329552
1185,175.58083303421586,5.014126166710503,passed,63,8.58746291938064,passed,46,5.148275990439455
1186,170.54837749134242,5.093352842777598,passed,52,8.647822083671919,passed,37,5.1378355448921775
1187,202.92346687497093,4.982975266753328,passed,31,9.177742854438865,passed,30,6.006262154055242
1188,186.6333247920708,5.936384554842471,passed,93,8.430605843891858,passed,37,5.229825859645665
1189,205.89270197448593,8.430536852065405,passed,14,8.220812293340906,passed,11,5.106216670305597
1190,229.93573987672048,4.086594081515417,passed,40,9.310337753966857,passed,28,5.664432313306977
1191,153.16256292571603,10.010315989120274,passed,108,8.760134777693395,passed,93,5.010661359667168
1192,164.55216551966396,9.139659518176199,passed,33,9.100930979108224,passed,24,5.887085339907028
1193,174.51505915522142,10.775011967342857,passed,49,9.299343973617713,passed,21,5.439405156790644
1194,156.80031076429924,5.288560329326949,passed,65,8.120774885405236,passed,65,8.120774885405236
1195,156.51744474975015,9.955730936378188,passed,147,8.19837322713768,passed,135,6.279935257399494
1196,224.5260167788547,2.4731622608903976,passed,69,9.907551129961778,passed,61,6.463317112071332
1197,132.3119693673923,3.4068792866371393,passed,217,8.855417888893502,passed,25,5.059428806109145
1198,147.08487641625894,16.331698017608478,breach_static,96,-10.114813529710842,breach_static,96,-10.114813529710842
1199,119.5347951170608,5.059662865678371,passed,156,10.077505905874817,passed,100,5.078403814978283
1200,198.94274966391606,7.325513857471745,passed,52,8.26509117115437,passed,26,5.888581630839784
1201,157.29161087964803,6.82044213620895,passed,112,9.293731602078514,passed,108,5.154091385326098
1202,181.38022126052752,6.496384070047459,passed,169,8.295630828484946,passed,84,5.90176278571608
1203,193.16983003117508,4.0093542995782085,passed,48,8.223707893720666,passed,41,5.008749528680889
1204,214.49956093252518,3.111734395647068,passed,28,9.256781074620267,passed,12,5.682592009277676
1205,229.19322150878418,6.023269271133148,passed,90,8.280317328165566,passed,70,5.437836370632931
1206,172.80171062950203,5.712276606457993,passed,88,8.183527079078168,passed,26,5.354338729664576
1207,108.38397624764977,6.037676212028992,passed,43,8.318081406770418,passed,20,5.228143232141025
1208,176.13292147288422,4.3306328355338,passed,81,12.16072561776691,passed,25,6.4756920134820595
1209,187.9112704232394,6.341359193362087,passed,45,8.030473244816626,passed,26,5.485653379790789
1210,126.58902168145185,7.437412656261687,passed,99,8.410831659225671,passed,95,5.384615548492078
1211,175.20091245762788,5.234807160463549,passed,46,8.500824591659573,passed,43,5.530700107453135
1212,200.44512505466056,4.865715794776049,passed,109,8.241681330811756,passed,65,5.6967175630128875
1213,164.87247846082892,6.687109975813868,passed,178,11.122118706025464,passed,100,5.096026254986796
1214,150.22681170908444,4.052108209797852,passed,62,8.007076960352544,passed,19,5.381260309308922
1215,155.9096993273189,6.615464441126609,passed,91,8.389526847373507,passed,84,5.721276864657665
1216,172.98966779767983,5.862876577705649,passed,76,8.125134163887715,passed,51,5.779755515168872
1217,164.47142126962265,7.8213855469277505,passed,93,8.26261461085933,passed,90,5.0310019643516
1218,191.53049180554297,7.345622204188358,passed,21,8.70896245352688,passed,4,5.049383613240321
1219,227.63363859941822,4.066718025485633,passed,21,8.492314139564993,passed,16,5.646637646579311
1220,194.4138230389242,8.229767148197768,passed,236,8.442923616265109,passed,84,5.009819991654574
1221,170.72790803089913,4.522775189055121,passed,87,8.025593848828084,passed,68,5.3763210544903295
1222,235.94590183627386,3.5102087881407043,passed,39,8.425378273980622,passed,35,6.565886674376475
1223,139.90002110862457,4.9523005458636025,passed,117,8.03343966784742,passed,47,5.314084596707991
1224,237.7539382629812,3.3461461368049186,passed,58,8.314086691633339,passed,56,5.0972305610671675
1225,146.61681707316717,4.118048393124922,passed,56,8.459246194755842,passed,49,5.043610640418028
1226,199.60481236243277,4.411311259454227,passed,49,9.631522749382949,passed,49,9.631522749382949
1227,194.24848954756553,4.0698851720460185,passed,62,9.58011607350917,passed,29,5.124077101633695
1228,176.0074956474644,6.8260590776191385,passed,134,9.199031433108074,passed,88,5.023170552875134
1229,200.22701847887006,4.7071792388531435,passed,68,8.41940517346731,passed,62,7.5664551460851825
1230,198.71853427434405,5.894729738935116,passed,98,8.01389768853622,passed,22,5.123187485407588
1231,189.02858844628489,6.316930723803267,passed,54,8.03836573656409,passed,47,5.427646090924543
1232,205.02726405234122,4.640194707638514,passed,34,9.185082329168681,passed,21,7.206417924917252
1233,171.7825262348534,4.679254108847351,passed,62,8.123838130815209,passed,49,5.348369565177591
1234,211.3995228792317,3.4620006889049546,passed,32,8.293553023720769,passed,28,6.123730612710565
1235,192.75254382728036,3.533055811474839,passed,49,10.588957368111895,passed,48,5.753953747071128
1236,156.88336393101446,7.362485033670267,passed,99,8.097121639260996,passed,93,6.3452728867313235
1237,165.2080920463928,4.753252252611757,passed,84,8.949668812316581,passed,53,5.898619979319619
1238,210.83145811556014,7.260991354881864,passed,64,8.249539514935723,passed,64,8.249539514935723
1239,182.46466684614413,5.648227971301398,passed,88,11.596613478425954,passed,26,5.374744586281932
1240,200.47610664452137,3.5086629518359946,passed,51,9.626762481195339,passed,11,5.050671749768454
1241,175.21974369871452,15.653427873571923,passed,59,8.57761264738064,passed,35,5.3321193404676
1242,160.12524119791783,6.040118130692855,passed,65,8.01979858804447,passed,45,5.9350549681448594
1243,216.9134152147147,4.090044364713457,passed,35,8.46221856941931,passed,31,5.22969212591593
1244,188.7460406386184,13.592064683765614,breach_static,98,-10.86891832747906,breach_static,98,-10.86891832747906
1245,214.97020462037716,4.351441112031405,passed,110,8.137155701104781,passed,8,5.509845407915592
1246,179.4064499626642,4.722202100769376,passed,88,8.07159196254943,passed,54,5.026396864211291
1247,108.22796459361919,10.095972847507367,passed,80,8.743034076407351,passed,12,5.207355736909536
1248,135.8196162567668,9.173171418848886,passed,87,8.777932793490573,passed,62,5.709916093476242
1249,161.8801582528941,8.212809749842108,passed,145,8.160295458361965,passed,134,5.000424662471525
1250,199.45906966996284,3.843494834294227,passed,75,9.764533036776623,passed,51,5.456964651615026
1251,195.98091028847966,6.137647947398582,passed,132,8.009897015354262,passed,48,5.082611301707263
1252,118.40286742223398,10.566360791473468,breach_static,97,-10.042024516232251,breach_static,97,-10.042024516232251
1253,244.79417293681473,3.802903205999468,passed,63,8.269180457778603,passed,39,6.008393401012135
1254,192.02720456514425,6.618147006227824,passed,62,8.461279531639398,passed,48,5.752356284607241
1255,175.75874739424623,7.663480723167515,passed,59,8.225822375356007,passed,49,5.219278226390656
1256,210.21308960857363,10.238713785755094,passed,186,8.540790463337,passed,174,5.347499519626453
1257,184.4059939624767,4.709700657547828,passed,37,8.160103770751848,passed,32,5.5454827822870145
1258,179.3049024493543,9.055746531639514,passed,105,8.695747325859138,passed,36,5.020318140996571
1259,222.23325602168717,5.60112135831487,passed,67,8.323562072795255,passed,42,5.183273259111454
1260,225.85551292673767,7.453613940251323,passed,179,8.058014357310306,passed,71,6.5858725253091555
1261,160.16163025412186,4.786048775056382,passed,28,8.026652040673898,passed,12,5.718188346113107
1262,187.4364706769723,4.894878760091472,passed,119,8.005340261916839,passed,67,5.075120357745644
1263,183.35315532790338,7.390949188504309,passed,20,8.593807900015161,passed,14,5.089667076426818
1264,211.426984959256,8.717415199809102,passed,183,8.408987737126171,passed,57,5.441457871091848
1265,145.5228897627107,6.2219542626451885,passed,68,9.20346133939065,passed,62,6.341558736710828
1266,210.0527611664452,3.183482260714747,passed,21,8.591586952754703,passed,21,6.795588043140821
1267,217.9074870764456,7.396239267224214,passed,88,8.905034921676513,passed,84,5.970255380661871
1268,155.53623728552984,6.070295480485502,passed,88,8.035395753489372,passed,88,8.035395753489372
1269,148.13073038739302,4.894787897327252,passed,27,10.451148013221623,passed,27,10.451148013221623
1270,182.76510102482825,4.065244686272874,passed,55,8.176299839928491,passed,41,6.860526413759915
1271,136.64275587948222,9.45667701460875,passed,100,9.223457172261963,passed,97,5.142404593371652
1272,177.83534355301845,5.083941585081643,passed,93,8.220071779383575,passed,46,5.604855147525423
1273,169.96472127383896,8.347577286730393,passed,99,8.242116377108765,passed,68,6.033088376323481
1274,189.56588037554943,6.954530905823113,passed,128,8.207541700436693,passed,46,5.082111821210522
1275,163.09347930860568,7.936104734645511,passed,30,12.739727844743864,passed,21,5.698041525096587
1276,186.4926922252015,4.4243260688593065,passed,113,10.827289677606577,passed,99,5.008447048182263
1277,181.39456888416535,6.620300541165481,passed,26,8.215544811401898,passed,13,5.3230829000491475
1278,222.0664518451866,5.26400522724742,passed,64,9.498921341919452,passed,57,5.516245610304593
1279,171.6730081478523,6.984030196094987,passed,20,8.360913930438741,passed,18,6.458030653641522
1280,171.6262338445721,5.263880729922473,passed,52,9.453292252956125,passed,27,5.0106160002515665
1281,178.9273931982678,5.138814080864387,passed,100,10.711769838128538,passed,63,5.144214180609796
1282,216.876341549135,4.120760003957097,passed,64,8.007417448449061,passed,12,5.304405098627285
1283,203.936288107697,6.298604872376261,passed,160,8.140897943824065,passed,26,5.481549394942031
1284,174.50812150293578,7.28535870865477,passed,85,8.005578335487895,passed,37,5.8676571950462275
1285,196.2815903097141,3.595865869857869,passed,33,8.365989391537475,passed,21,5.0363060786436264
1286,173.96610510083636,5.092876243030063,passed,59,8.014020893714658,passed,24,5.919382884735769
1287,199.2837310893244,3.2747231043089977,passed,59,8.021250263918933,passed,44,5.081790696308808
1288,184.4597799487076,7.1648785002542805,passed,6,8.488098109281928,passed,3,7.062922131177629
1289,220.8636803940588,6.16517034334503,passed,72,8.489773279063018,passed,62,5.990645396667271
1290,87.52602779899792,13.94147185051103,passed,65,8.01639706109485,passed,28,5.885766962675532
1291,199.8685974871109,4.366840090102387,passed,55,8.93996153994323,passed,41,5.012624794900766
1292,237.11453567889302,4.257964231203562,passed,90,8.289873691142912,passed,75,5.106165405472396
1293,131.33183764020498,10.94615446361595,passed,62,8.606964727137356,passed,46,5.461605613087328
1294,132.25631919778147,11.160201537889174,passed,46,8.172162485442701,passed,27,5.186256529648281
1295,135.97411660633986,6.425462508805259,passed,51,9.198177722042544,passed,24,5.292193529941924
1296,195.39549833614393,5.819020211325307,passed,97,8.55973922567097,passed,57,5.0049592424341816
1297,198.107162872324,5.017926561400929,passed,38,8.636230150088231,passed,29,5.028687897365169
1298,212.6215780467512,6.87885410598741,passed,158,10.044654753520144,passed,151,5.115708999145885
1299,168.22186511001013,6.432194339929691,passed,182,8.652113102105563,passed,173,5.132877808837977
1300,152.37756575122145,9.615553388654375,passed,32,8.226980162602505,passed,22,7.2697515426294546
1301,155.12437101525083,5.370849064990604,passed,59,9.199534477853843,passed,49,5.1870126047086185
1302,161.3131103119271,12.964664414844835,passed,38,8.099985232061812,passed,34,5.431895000827813
1303,167.09401549023943,4.4576688612649376,passed,99,8.25172642143861,passed,26,5.4300969240909325
1304,121.72086182132249,9.808891024887634,passed,93,8.170816506039547,passed,62,5.044604152442234
1305,136.63922395756697,7.723160277124568,passed,52,8.56837929710601,passed,37,5.292462866022585
1306,153.6615239493615,6.713851133873996,passed,88,8.40187312267917,passed,84,6.995945127578951
1307,174.04923934834008,8.37760511284256,passed,115,8.579962946549813,passed,85,5.87919419660321
1308,209.51926880483214,3.732625271044986,passed,27,9.747069546136444,passed,18,5.112318333265531
1309,184.00592718380548,4.137717682947487,passed,97,8.459963794014214,passed,44,5.0081273233674395
1310,148.80673617546455,6.653218139311338,passed,151,10.956115606353167,passed,104,6.674405377891435
1311,194.2751176149204,3.8947527044826393,passed,121,9.93934236990861,passed,75,5.3210946516663915
1312,180.8497703354259,4.602085057682516,passed,49,9.093374911801577,passed,36,5.313225266787258
1313,145.6670165359799,7.584456357204907,passed,40,8.010990762803406,passed,27,5.102045381035225
1314,159.0815686612921,8.152944571008696,passed,102,8.243131962954608,passed,40,5.16863340825473
1315,173.71906164849503,5.5375662150900355,passed,97,9.122738623320558,passed,93,5.0128099852740915
1316,172.7033543084446,6.634023723479925,passed,48,8.398050626267683,passed,26,5.4466472770830165
1317,255.41622337108146,5.466749702117489,passed,95,9.40514149356655,passed,90,5.276674302935946
1318,189.54842236911227,4.973243510922852,passed,100,8.695792733299236,passed,78,5.1559070413833785
1319,161.13733951709276,4.663241086925959,passed,92,9.557063583049864,passed,68,5.925536221722005
1320,182.68512738188977,4.128537434699858,passed,84,8.525060366263215,passed,55,5.798271333948457
1321,202.38615656788372,4.520817479365884,passed,44,9.93997301074443,passed,41,7.3623050626650866
1322,162.2560891510289,6.209982916837972,passed,47,8.451352212734676,passed,37,7.045798968022088
1323,186.3127302615014,4.41921434196887,passed,90,8.262704185830817,passed,30,5.408439434642864
1324,217.21791283299098,5.701464723239778,passed,93,8.93544384101097,passed,64,6.219940151305581
1325,179.48056774349504,8.52244605475773,passed,60,8.187769890342423,passed,39,5.573814681209122
1326,162.27112008462146,6.401778746741808,passed,166,8.836147314842059,passed,41,5.289033377393526
1327,161.53805823562126,10.339038567229633,passed,70,8.72730607012353,passed,6,5.249625231464705
1328,167.48664855633072,4.3947343969884765,passed,60,10.387313066744873,passed,28,5.034480151605325
1329,177.775068524071,7.452678739711148,passed,100,8.869827892617588,passed,34,5.369823171048882
1330,167.1753856239235,4.2893517090498285,passed,30,8.240151401701269,passed,22,5.432243675389414
1331,155.76055600032137,7.2326965567431944,passed,21,9.35244173443417,passed,21,9.35244173443417
1332,157.45202573633122,4.964231524837211,passed,67,9.64182200029795,passed,64,5.7867790350930814
1333,235.80416718966677,4.150338767579465,passed,59,8.969713986980032,passed,43,5.479025486369227
1334,145.38685704904069,7.3433087701532145,passed,243,12.187987008484269,passed,240,5.9175264016053
1335,144.19332172530073,7.329529087746764,passed,104,9.08705827800076,passed,97,5.2852240685753005
1336,68.91940882700831,12.975886266874884,passed,699,8.08995276363178,passed,84,5.015663621214239
1337,185.22090626848535,5.715576560576915,passed,13,8.001624234184646,passed,2,5.296836767814228
1338,151.30484771839542,6.146093611767549,passed,84,10.163599966381941,passed,58,5.239121537762892
1339,176.33149977653378,11.795155498035722,passed,167,8.007127441400709,passed,103,5.527946412297191
1340,212.9534704909812,3.4992628372149586,passed,75,8.038988400304415,passed,47,5.496383030948748
1341,159.4692627347015,7.478835353316179,passed,27,8.60247945634367,passed,15,5.016919818662613
1342,204.52779040301556,5.369656730957025,passed,40,8.672878476745982,passed,21,5.637887256568752
1343,162.49474774144002,7.510420742114304,passed,80,9.32180865158967,passed,73,5.357417187242963
1344,206.34573206116022,3.5950209570265907,passed,75,8.173047977283442,passed,58,5.113615791502779
1345,165.54463390858527,7.918847034052345,passed,13,8.514036431667705,passed,8,7.532083272474477
1346,151.70638697825618,4.653708762718843,passed,144,8.96765695726518,passed,91,5.017291324044937
1347,162.15202386912554,5.398616779531445,passed,98,9.361203807576501,passed,87,5.002453512238358
1348,238.3019398555869,3.4358027185188864,passed,52,8.48006482106085,passed,49,6.833887243361558
1349,131.12113145027232,5.937870641557021,passed,65,9.586495345032354,passed,65,9.586495345032354
1350,180.08876977273266,7.16859079912784,passed,119,8.319887364910471,passed,119,8.319887364910471
1351,215.25845182589083,6.341091809570883,passed,97,8.14230343020319,passed,97,6.697420824927769
1352,167.34275598715982,7.916418600826935,passed,269,8.893568230743455,passed,59,5.293885379707564
1353,152.04020550844578,7.588449477493837,passed,57,8.438556575361321,passed,40,5.008066869268979
1354,175.30816227200222,4.333124821342366,passed,64,9.867094253034825,passed,49,5.400564678339337
1355,172.42039159255918,4.019958079224702,passed,35,8.186179610378886,passed,25,5.701711140523447
1356,171.53656014529764,3.657696741516652,passed,80,10.75568543440868,passed,75,5.644148783225722
1357,129.13108370366703,5.040112057891035,passed,124,9.160401361999781,passed,100,5.031220776575673
1358,172.70290527882145,7.331235781251595,passed,62,8.639568094682136,passed,30,5.260751839638189
1359,162.8301594521483,8.96611983446912,passed,44,8.549671140526405,passed,28,5.300113226324532
1360,173.11011986129566,6.9585141919763975,passed,99,8.724316374332508,passed,69,5.10460164111477
1361,180.34273516334972,6.4540133969443945,passed,109,8.55307960967362,passed,82,5.563975811847599
1362,191.88235689939407,5.23937843406859,passed,168,8.755269740649773,passed,30,5.541275297367543
1363,177.1983124576034,5.783031537032654,passed,35,8.00414469715911,passed,16,5.8676741053188985
1364,167.70637600419445,5.630499775915664,passed,90,8.729486109559016,passed,82,5.878406994812946
1365,131.47461822944942,5.381174480460201,passed,148,8.012742570103025,passed,87,5.057861917690021
1366,180.7250988623868,6.487777587824114,passed,81,8.2075235622886,passed,79,5.960987816116692
1367,218.9277667585112,5.101161003779916,passed,55,8.806982030004274,passed,28,5.7084633706461885
1368,127.91531985771951,7.421960814052497,passed,89,8.54414070474727,passed,3,5.3976418436971985
1369,116.86164885729107,9.737438073887276,passed,139,8.408119238835576,passed,114,5.097983717419785
1370,119.37520575113396,11.612988393491557,passed,34,8.09909756975844,passed,8,5.088700432167381
1371,212.40159703403813,3.8437420336952854,passed,95,8.40717611589563,passed,89,5.012302938520707
1372,176.39263040047757,5.762843771799219,passed,224,8.373581161802623,passed,34,5.344286653534991
1373,173.8575589424936,4.299871233368023,passed,77,8.063997371882126,passed,49,5.800813947792616
1374,165.49091918757662,5.018103045359113,passed,12,8.267770249189365,passed,3,7.000767121874407
1375,195.44568778260972,6.171226336362888,passed,49,8.754346489681254,passed,27,5.0079512430526885
1376,224.1403422123891,3.7331265984490964,passed,48,8.84990023623098,passed,46,6.58247391166189
1377,221.70890375938149,2.6080849614004227,passed,91,9.384262570877633,passed,58,5.452300003778543
1378,156.1970946335493,7.78854679192672,passed,135,8.237359457162462,passed,110,5.439655209531424
1379,177.1667638774245,11.169733942306026,passed,77,8.602604604817387,passed,59,5.014846259239514
1380,152.84693545994986,6.545456419206228,passed,121,8.686856844969547,passed,41,5.636279315123316
1381,160.81560947357693,9.273698797444514,passed,40,8.50400459537315,passed,35,5.160786958575159
1382,116.22327413188907,10.477521987918523,passed,58,8.341889232763755,passed,54,5.529774252667252
1383,187.06954138905905,3.5540271172555538,passed,52,8.078478517138254,passed,22,5.0945731283686735
1384,121.1360997193121,9.277234050658558,passed,118,8.552047591812538,passed,108,5.1298610940536005
1385,88.5122891234994,8.285323208592011,passed,93,8.600054858087525,passed,21,5.872995235810996
1386,191.08958837036533,3.864743846340235,passed,106,10.379666089274075,passed,52,5.13001096112371
1387,182.14985389517818,4.483128601879022,passed,148,8.212514832619755,passed,93,5.742953430237274
1388,178.05625077795213,6.341511004536596,passed,72,8.038487725289855,passed,46,6.411570353022178
1389,176.89947637618317,3.476791372235577,passed,42,8.91507064698076,passed,23,5.4856412356112605
1390,157.69322918317795,4.267237543167564,passed,67,10.290245626890648,passed,27,6.087596337802892
1391,194.68257031093495,6.007283657887854,passed,43,8.869306555184963,passed,17,5.001660342135361
1392,199.56445111678875,6.333904069451064,passed,73,8.824108853206214,passed,28,6.210636144893433
1393,143.999757999947,6.355746634486241,passed,44,8.452064616093358,passed,30,7.0392858080375875
1394,152.13121090554495,5.02278994896528,passed,110,8.007448281805619,passed,60,5.007943299728801
1395,188.73253567766056,5.242557808740277,passed,68,8.226285160473324,passed,40,5.041007707032952
1396,208.84658754170715,4.643756066418049,passed,132,9.751402823364197,passed,106,5.104425627243225
1397,217.16737913117052,4.841898494308079,passed,46,8.11969312668326,passed,30,6.030866020270853
1398,162.43814372932266,4.931161309132945,passed,154,8.687214695621925,passed,138,5.145829135215418
1399,213.74589305881088,3.103019062142816,passed,49,9.291250569794762,passed,34,7.766008224545851
1400,180.24066919677412,8.037497508125254,passed,68,8.379150149450986,passed,64,5.3840397490177105
1401,155.69797845838846,4.024574173095473,passed,21,8.32455113877213,passed,12,5.124672801574182
1402,175.53091903403683,5.229532840674116,passed,155,9.881981063981705,passed,59,5.039235826026345
1403,153.50628181240276,4.362634171085918,passed,56,8.908472478836238,passed,38,5.266579874171651
1404,146.31350620945202,6.283682803733777,passed,97,8.24448674502225,passed,68,5.444160731955883
1405,173.20013797344438,6.876329875546099,passed,90,8.208832951142963,passed,76,5.046191641471243
1406,201.08978167370623,2.7542837959627517,passed,28,9.712944989875517,passed,21,6.288019817219603
1407,134.8107239032337,4.630935763735065,passed,59,10.221201721987372,passed,55,7.770850229283033
1408,184.65296547849331,5.380145646253112,passed,75,9.415071202215476,passed,57,5.393490500709386
1409,193.62661551647068,5.373273319225863,passed,143,8.113252190238063,passed,100,5.026972788713113
1410,163.3119120094579,5.847596496124038,passed,121,8.051446092036429,passed,72,5.622377511588317
1411,155.91429288510164,8.817841204783464,passed,38,10.465472601230719,passed,21,6.400468345541888
1412,236.9601092119498,8.195878700169319,passed,75,8.379925141401445,passed,51,6.116609524410732
1413,182.66615025340164,7.183044685565151,passed,160,8.457600246822206,passed,152,5.9671194716722775
1414,189.33299789158963,4.010802016545866,passed,62,11.385195016748618,passed,58,6.12712854178421
1415,193.08490325416216,4.869254463316448,passed,15,8.850984303094478,passed,12,6.915536301148695
1416,187.06685442471274,4.505379772869031,passed,61,9.24742346771068,passed,46,5.123630731828244
1417,169.5663095026505,7.1834522205995714,passed,46,8.065646098323187,passed,28,5.304054361116006
1418,200.37658454775058,5.489919232448407,passed,40,8.62219908864259,passed,16,5.096797759567306
1419,101.58039732329294,9.08131589796648,passed,202,9.740769702953568,passed,119,5.177627714498967
1420,239.70527528142017,2.625109720401392,passed,80,8.116162157037387,passed,49,5.079733542834175
1421,125.75807398730845,7.8878079247707635,passed,68,9.076412105481602,passed,53,5.235616995716907
1422,130.52029507347297,6.459456922350832,passed,95,8.267489138490047,passed,88,5.759031507797663
1423,188.44824809902155,5.135348642085582,passed,95,9.79114001086483,passed,84,6.055300654403117
1424,137.5937502657529,8.294606516557312,passed,84,8.785397889649204,passed,15,5.002156445273354
1425,128.28204495767207,7.118998109660489,passed,37,9.07961476055592,passed,37,9.07961476055592
1426,185.24600346757563,5.626280079514481,passed,105,12.446664321390454,passed,93,5.091821415450903
1427,224.00052202346657,4.305683703532752,passed,21,12.28894212549343,passed,20,6.414492367705837
1428,193.2571886598387,5.009017676690455,passed,75,8.367096066125423,passed,21,5.366194792631851
1429,149.8502040234357,7.894762416056595,passed,49,8.485840258879062,passed,34,6.126161239104544
1430,185.39684602623078,4.142863669088174,passed,148,12.934484075752707,passed,86,5.114408547607185
1431,205.96974200233387,4.415970313305232,passed,37,8.048380551772416,passed,4,5.655554301434762
1432,248.07057569242082,3.5440096894740813,passed,24,9.222448424979767,passed,7,6.011088669162046
1433,130.9695348843014,6.357378223595751,passed,191,9.569226918501151,passed,62,5.9042668885238125
1434,190.77870938063177,3.7693327596830333,passed,103,9.941419959830778,passed,74,5.568814920197118
1435,142.4109183133921,6.9062756571442545,passed,366,8.181288405011022,passed,244,5.470716790821828
1436,154.6312699489868,4.1000054632177445,passed,49,8.79114623752415,passed,45,6.024619228958583
1437,208.31406207972125,3.9639594796380044,passed,57,8.076029401887318,passed,26,5.284180456124665
1438,192.82207335997273,4.495771971612033,passed,49,10.21557878876349,passed,45,5.343524607743011
1439,189.87168562854242,5.410030708922008,passed,46,9.1568476557913,passed,45,5.07441598318259
1440,175.1311508825057,6.460530541150603,passed,232,8.061132960411621,passed,215,5.168999504398664
1441,166.678449770854,4.222372708951914,passed,75,8.674152223178154,passed,34,5.0912213454366695
1442,204.39177152248047,5.100833636705925,passed,99,8.569685938898886,passed,80,5.308824555340252
1443,242.47940882000213,3.7493408520914913,passed,49,8.46396738211508,passed,24,7.027859177872631
1444,147.13610092171496,4.326645456670312,passed,120,9.26110622318388,passed,30,5.093877643061373
1445,214.44775723535372,4.263499824369435,passed,43,9.860030886845994,passed,23,6.548916195150545
1446,163.0302685904935,5.152210444319804,passed,132,8.009737788434412,passed,45,5.0159925336560995
1447,178.68789681233898,4.161855804282263,passed,95,10.257713898517217,passed,88,5.679298378173292
1448,162.77129062523042,6.42033517544425,passed,143,9.125040126643169,passed,134,5.158372567682701
1449,196.61302599342457,6.2838750234269245,passed,102,9.214316001352918,passed,88,5.142015598573857
1450,173.910565915339,6.92656640838494,passed,140,9.712403045987505,passed,121,5.50763958298548
1451,192.70501716042378,6.646751791051461,passed,183,8.95187507459758,passed,130,5.069005099762625
1452,232.25911602563602,4.8804142331461176,passed,41,8.081950545664029,passed,26,5.362822493589636
1453,174.0632275979876,5.3223391553636406,passed,74,8.4584922254882,passed,72,6.176162964446075
1454,178.87353579654325,5.4151898212268295,passed,62,8.707074504432688,passed,23,5.352350491944713
1455,214.78505082845962,2.7936642855989633,passed,88,10.306507185037361,passed,43,5.261136600244454
1456,204.49694093142656,5.513635206585804,passed,103,9.576703477862193,passed,100,5.221653586883446
1457,172.48731394858115,4.041821024427966,passed,69,8.229061259706526,passed,69,8.229061259706526
1458,167.99382228670385,3.7440675551304285,passed,67,9.261545124523174,passed,26,5.001580726183041
1459,207.76306957742398,3.775098662395736,passed,97,10.106518908794794,passed,96,7.967081438030643
1460,136.18552657454637,5.469556269450346,passed,110,8.9377766805814,passed,75,7.662074723405676
1461,221.62328976558413,3.1652928564952303,passed,13,9.08906990455176,passed,11,6.929689443768994
1462,133.28471984353283,8.540448386414576,passed,139,8.367689328162742,passed,46,5.438961667282638
1463,132.8628117522293,10.774845688323232,passed,61,8.269670683461761,passed,54,5.080645323149513
1464,168.89230919690857,5.998271717869632,passed,116,8.028724523042175,passed,97,5.325724889103767
1465,130.41365116186566,4.0133051561373225,passed,95,8.01129671945413,passed,52,5.279802812930345
1466,196.92723408160072,5.975196653804204,passed,22,9.20738108331738,passed,18,7.834482135558685
1467,239.07954050289257,4.601789546587189,passed,97,8.008717884089966,passed,44,6.2324658780909425
1468,219.29989030172501,4.7028690443320444,passed,72,8.143842504437826,passed,42,5.072915275714118
1469,158.79229960681317,7.268174499523838,passed,143,8.442920007319543,passed,100,7.092519280276077
1470,154.48303722441432,8.011379423099083,passed,52,8.630777470494033,passed,49,5.404959627927863
1471,138.3854653536646,6.682468266884498,passed,28,8.11818597236227,passed,28,8.11818597236227
1472,260.8258971773989,3.715478105953217,passed,58,8.6525191311835,passed,49,5.054870473984341
1473,114.56169967355972,11.370891232077764,passed,191,8.849892127275005,passed,173,5.130425813151351
1474,252.6578838596985,4.544017767777008,passed,36,8.219341253142854,passed,16,5.00841735430686
1475,263.6557499105987,3.333219646937924,passed,79,8.310024643508651,passed,61,5.307653184804795
1476,192.57714232307617,6.7175509180442035,passed,205,9.200258990308186,passed,177,5.454150424340254
1477,172.4614425722724,5.575273491997297,passed,79,8.00883890826858,passed,51,5.05320352871923
1478,194.94031655143084,5.244062414025937,passed,110,8.836343006956394,passed,99,5.903222503695216
1479,175.20540472204598,6.005925482424494,passed,61,9.59076369669225,passed,46,5.831263528012931
1480,192.22620476385836,6.105244065826643,passed,33,10.091604365664097,passed,27,5.539918633857277
1481,220.70964169020496,4.293604999134333,passed,103,9.30979157599987,passed,89,5.244875498814383
1482,184.45326292123337,4.710202478808219,passed,13,8.265291038231016,passed,13,8.265291038231016
1483,167.0322224622573,6.884519228244766,passed,57,8.17840949871853,passed,32,5.148682351765133
1484,152.70983665576247,8.129027474088273,passed,61,10.09697112009671,passed,16,5.022445658910635
1485,138.49867847143958,5.626806352791793,passed,234,8.007881432458674,passed,54,5.675476689360903
1486,180.92316241186168,7.603112175153968,passed,84,8.256717684430814,passed,69,5.285212878517931
1487,122.53988170694132,5.274933808081319,passed,88,8.271464023007912,passed,34,6.674906325415497
1488,160.26052306786278,5.457691452245325,passed,67,8.307612272588427,passed,59,5.497368989303997
1489,215.72828418171443,3.3970736319832757,passed,103,8.275556943149741,passed,21,5.7221153927846435
1490,152.25373952148712,4.5568207001262895,passed,37,9.043427017177974,passed,33,6.314380163972078
1491,123.09129475208303,6.968778526872709,passed,90,8.846648365749088,passed,82,7.2847783472015815
1492,138.13029207600005,9.383064900459466,passed,209,8.076078009383725,passed,178,6.136934123110804
1493,173.41500196247165,6.5759725038139,passed,84,8.020079620813103,passed,62,6.340372737662814
1494,229.967982979394,2.7185244916150193,passed,76,9.222939233504013,passed,62,5.199310230443799
1495,190.82437422078002,5.265353636968742,passed,46,8.005668360947071,passed,44,7.90146652782584
1496,183.33740398124547,5.114511520015868,passed,41,8.082690528082104,passed,22,5.0846121102699815
1497,137.2849421215902,10.459594459350852,passed,76,10.162363200797863,passed,34,6.261268887169669
1498,170.61960414058723,6.069658880555828,passed,99,9.591926018161878,passed,84,5.319736824927279
1499,216.85358981926552,6.3235768449105345,passed,61,8.005348698786708,passed,61,8.005348698786708
1500,139.4572393441916,4.377510748916663,passed,48,8.212699669724799,passed,27,5.382123495006419
1501,159.92931060624954,4.368452940274955,passed,37,8.430164258034289,passed,28,6.565397105179427
1502,166.82538030292258,6.4350096096923135,passed,130,8.163919656183616,passed,100,5.266872794723465
1503,185.167238606603,4.673461883629627,passed,13,9.183703637541662,passed,13,9.183703637541662
1504,176.16255344947916,6.361048843273469,passed,61,8.603969572435854,passed,25,5.028088934641883
1505,165.69595372516602,7.499697222670268,passed,262,8.169587367678478,passed,90,7.057413633735443
1506,139.17532677125627,8.387640340573114,passed,207,8.821592035974168,passed,188,5.409535166035484
1507,192.57598527812988,4.494817085179674,passed,115,9.432877835404096,passed,113,6.523178704773236
1508,198.2606431050188,4.618547909875826,passed,100,8.052191094104867,passed,88,5.213251213081449
1509,178.6508828394067,5.128030263786801,passed,90,8.001374259149063,passed,84,5.082733217975233
1510,197.76425003625326,5.11439115572199,passed,24,8.175788228763391,passed,20,7.474193934790518
1511,195.0436590849348,6.9978849608507625,passed,36,8.633521267476162,passed,32,5.864249679850619
1512,133.62166523913808,7.807355319500703,passed,117,10.593896720322139,passed,114,5.034087079890859
1513,114.94625254661797,8.515819043642805,passed,270,8.820666763451834,passed,244,5.0586581134447695
1514,192.05254237606812,8.693720333748749,passed,22,9.373539305081891,passed,22,5.153901585387777
1515,192.5421041186819,4.879044011329701,passed,92,8.364050109877263,passed,28,5.174602425654262
1516,201.35656674251555,4.765653609780881,passed,97,10.264577260582763,passed,90,5.0531844362373235
1517,244.23436680416987,4.276441323928956,passed,101,9.12676310614804,passed,49,5.240427408297865
1518,144.92418432112203,8.8742253249144,passed,155,9.01896167613585,passed,88,5.01536979753805
1519,122.57026042523242,5.806236159908008,passed,76,8.134003948529944,passed,62,5.005571288023014
1520,155.3601588908186,6.925312462221163,passed,26,8.015246235097484,passed,24,7.994355656700303
1521,178.39381083163377,5.538384293873752,passed,134,8.18449917243187,passed,118,5.4088944800384064
1522,229.55879978186596,3.027859851283517,passed,82,8.332129250590325,passed,34,5.592354843416358
1523,171.27874225263935,6.092642634213326,passed,17,8.213609411684942,passed,11,6.570173110710731
1524,173.54762362189953,6.740352345611737,passed,80,8.01996378101213,passed,62,5.39264834803046
1525,239.40578197024558,4.9907362219714,passed,64,8.124667763613736,passed,35,5.089869354236276
1526,191.7256718549175,4.450895442425954,passed,31,8.275141226103088,passed,12,5.490542152848477
1527,180.68045871668224,3.8078553641611745,passed,57,8.012936329924658,passed,20,6.305385701696875
1528,204.0413766263689,3.481531535894998,passed,22,9.885878207443355,passed,16,5.521977898407537
1529,100.76427611937748,8.043641134189633,passed,63,8.076991815573775,passed,38,5.05436643403796
1530,203.95651407919848,7.907659865771953,passed,33,8.686324617601372,passed,21,5.850627213716875
1531,246.8802293289508,3.029861052881075,passed,44,8.86996276786598,passed,39,6.0641123176115475
1532,180.97362396093467,3.217586198821415,passed,37,9.094342708277626,passed,24,5.9591445138673205
1533,193.0334786259579,4.426040846680775,passed,86,10.376211650914403,passed,64,5.188336485176048
1534,188.71839520673106,3.9688224366108575,passed,58,8.01301131729264,passed,54,5.19521949372026
1535,182.88822076761738,10.17953651304657,passed,131,8.023545292471601,passed,51,5.633424314533153
1536,129.40662937172584,7.318580263502356,passed,72,9.44258502353752,passed,53,5.514068818806361
1537,170.63629152532508,4.812101075405922,passed,95,8.570407535334112,passed,77,5.52412846346344
1538,203.53037240796561,9.153507085269228,passed,154,8.469025028844545,passed,143,5.000921288214544
1539,176.48920447458613,4.8687254881635855,passed,108,8.22706661788779,passed,84,5.017052359436791
1540,203.28856251691354,3.451456067131817,passed,14,8.452020344340427,passed,10,5.12097444996702
1541,184.34770216891712,4.935631105384182,passed,121,11.986689506215953,passed,62,5.010576597510297
1542,145.80147314959615,4.401313243915787,passed,93,8.251155247042142,passed,23,5.660962226312516
1543,193.52611846301332,4.0367843623728605,passed,13,8.725594688333715,passed,13,8.725594688333715
1544,170.74841691164497,8.392916968490002,passed,44,8.290494318087172,passed,35,5.67213211687303
1545,230.34317496943225,4.635163565693967,passed,54,8.00820588315787,passed,48,7.225783841248812
1546,124.89249415566155,10.955141938888328,passed,240,9.033729349671638,passed,131,5.035823305313469
1547,208.1436311772606,6.057582587143416,passed,120,8.553347448198846,passed,112,5.727891235648452
1548,197.6288424318824,5.052415955342795,passed,48,8.046224195615226,passed,21,6.8762063611927715
1549,198.72620891440795,4.450424972596079,passed,64,8.182679565002427,passed,54,7.136719885740872
1550,122.06642225425877,6.266188419978401,passed,100,8.326670175548712,passed,61,5.052383845826491
1551,210.7607068017721,5.801913947878493,passed,63,8.455359817913276,passed,48,5.663910794120275
1552,215.27054135466415,5.723007743466308,passed,59,8.53246070877638,passed,49,5.923847183096775
1553,149.62779121401212,6.526903330099522,passed,236,8.003162716418522,passed,102,6.3061756464458
1554,210.16161404843538,3.4664270121721152,passed,70,8.379222214595906,passed,49,5.202791252164851
1555,159.7828566371609,5.138766905831933,passed,64,11.574394411683798,passed,35,5.597226841676672
1556,126.64250107606638,7.247650863139013,passed,88,8.049407825000365,passed,72,5.45958662625976
1557,183.82871049198047,4.244611848198692,passed,91,8.195307488599624,passed,79,5.017014164849742
1558,203.25117182609765,4.140352629500525,passed,61,9.520450300604244,passed,33,5.366046010712844
1559,158.03830039228205,4.774939850457706,passed,30,8.011096345487534,passed,15,6.1109666697227505
1560,136.8615579227437,13.733998293095315,breach_static,59,-10.92384900219333,breach_static,59,-10.92384900219333
1561,185.14039459909776,5.228573486753317,passed,104,9.187215711612918,passed,50,5.962523093507799
1562,178.3212294779881,5.1130912974537726,passed,39,8.73315567731141,passed,30,6.884836319534604
1563,151.50546571471853,6.546562929710177,passed,30,8.056138038654236,passed,21,6.242124587055464
1564,162.5372705206013,7.941426569808778,passed,137,11.490021731945355,passed,62,5.0197492749431305
1565,184.97616283918873,6.825900803005896,passed,40,8.00822570388442,passed,12,6.07972783393016
1566,144.29220263961594,4.748533126930432,passed,97,9.249931954613523,passed,95,5.275663974400024
1567,185.83956901954474,4.749706379609853,passed,119,8.438049929954827,passed,92,5.008327578616356
1568,160.34876976187044,9.549254497292713,passed,194,8.003007743963252,passed,177,6.873089086248019
1569,194.49277467967914,5.478655125811774,passed,90,8.589435106226606,passed,58,5.689691715838685
1570,199.86032419408878,3.3444155794593464,passed,21,8.3725294111902,passed,14,5.082269377241366
1571,198.3729546908586,5.393645156807946,passed,156,8.030134061768912,passed,84,5.775558294715055
1572,200.82427455440578,6.055803699947094,passed,46,8.6915275170532,passed,5,5.5485953813254385
1573,150.423119163928,6.533752331470528,passed,25,8.010418493744664,passed,17,6.070913274526624
1574,191.03076439931434,7.340415193658492,passed,121,8.407673791876324,passed,62,5.390212402441841
1575,168.4226106246451,6.310395989314939,passed,93,8.070212371044573,passed,42,5.354131825092967
1576,174.7600717749996,3.8074380648610044,passed,28,9.466104137806441,passed,16,5.321044790762919
1577,152.61756384873237,8.892019610387617,passed,89,9.784181461905138,passed,49,5.047417007855648
1578,181.50419836126105,7.339988563984274,passed,71,8.296363078906733,passed,62,6.898707683944427
1579,187.17040731675874,6.495858257413885,passed,143,8.588258870964616,passed,124,6.005701692927645
1580,137.72581298694192,7.084842862262786,passed,121,8.047090158803227,passed,62,5.293236983751148
1581,135.65134143437865,6.386005420760058,passed,103,8.297934568024123,passed,33,5.061013735418829
1582,200.62544209058228,4.247149259077646,passed,21,8.85198274307719,passed,13,5.6654238086284225
1583,206.37369096633296,6.105936797421928,passed,81,9.7681681623474,passed,68,5.650708447445174
1584,192.8080390618951,7.672823940487884,passed,49,8.480316091271467,passed,41,5.520812225539218
1585,158.4336875724795,4.936888598280284,passed,44,8.848517882851038,passed,25,5.705919139794591
1586,204.55729656576534,6.191537249653424,passed,70,8.23368112563061,passed,62,5.141011890018721
1587,159.33216837399354,5.30853152731022,passed,84,8.781524748074855,passed,46,5.545453681373158
1588,191.1536624321133,4.135448175537103,passed,157,8.432129107047848,passed,82,5.1860160037323855
1589,184.09652314925466,3.5871629232536937,passed,68,10.466746350488876,passed,26,7.098532177525696
1590,190.8045024403529,4.6193408012124335,passed,76,8.013596777451149,passed,75,7.95092504225956
1591,167.17558912737846,7.043825269051773,passed,37,8.133257849515507,passed,29,5.534517467193978
1592,160.3280174926317,7.1119558034977,passed,25,8.252834851765623,passed,22,5.1515355321303025
1593,170.50624865526203,6.65041266016948,passed,21,8.051934797321604,passed,19,7.598617177133682
1594,182.97762250797587,4.455109603325953,passed,30,8.047808883579833,passed,23,5.581748121376484
1595,145.58761621684636,4.9276578172734276,passed,54,8.443691006119813,passed,45,5.055268453836037
1596,189.4104519433101,4.751394982269754,passed,48,8.195024449813415,passed,28,6.466369274503303
1597,163.81693987588085,7.109652424419425,passed,102,8.017311866385747,passed,99,5.7546463859042385
1598,230.28548208094523,4.690875949893058,passed,45,8.950877529630086,passed,39,5.330158392755413
1599,213.50184445864423,6.82877912348069,passed,44,9.02128951025729,passed,16,5.685655104049192
1600,141.33770581323836,7.924357545696593,passed,162,8.61350706387407,passed,139,5.066997646002647
1601,189.0646992758434,4.241745468783953,passed,59,8.633025361742908,passed,45,6.395134817017412
1602,182.13525447155686,4.821547720927699,passed,151,8.883704036336182,passed,148,5.147756532437686
1603,170.98830224407033,5.210669215989279,passed,178,8.25687283413874,passed,161,5.197679947834977
1604,158.6534055905754,12.125028289554772,passed,173,8.009759522604476,passed,26,5.835146003239511
1605,159.51249996985638,5.4250456424142754,passed,72,9.866665757924231,passed,21,5.081943127925714
1606,160.84154182343516,7.335591100054698,passed,164,9.66276376009323,passed,121,5.542326672145004
1607,187.34560645996612,6.784318297709138,passed,62,8.68306880428622,passed,21,6.12399900487024
1608,166.05089647274806,4.724084244452876,passed,68,8.717741504966515,passed,65,5.069990172745897
1609,170.57032880022365,4.5263063104232675,passed,26,8.245966997665665,passed,24,6.155420521634514
1610,165.4200556999808,9.366885439180328,passed,140,8.415335342441232,passed,96,5.738983087972183
1611,121.31135933267818,9.518483682293118,passed,232,9.257801605431792,passed,168,5.413716062936325
1612,171.06044466261793,5.441656299158201,passed,65,8.309411378301213,passed,39,5.073397680297265
1613,178.51558257305115,6.2103452098446,passed,21,8.019909578824835,passed,12,5.32023506480741
1614,206.89124355060846,7.017632481772243,passed,21,8.096610805865767,passed,20,6.428444783250842
1615,194.13222825776856,4.516599662093265,passed,93,11.248198851391656,passed,88,5.011288699380612
1616,166.97842887319933,7.961941820779726,passed,36,8.517050651126024,passed,18,5.662847618943023
1617,142.03376212005705,4.024407949930889,passed,96,8.19184551770391,passed,67,5.044939667574289
1618,244.9571760837471,4.775202769562076,passed,93,8.175986341717767,passed,85,6.706944621520039
1619,197.88131499079037,3.830694049278523,passed,48,8.011142395911763,passed,40,5.0215689650187745
1620,128.32595881964104,10.464649130943853,passed,24,9.282961309403781,passed,21,5.089194305989575
1621,155.44800297419502,7.414047699458938,passed,191,9.569688946484556,passed,189,5.1437915878748575
1622,194.1922968347959,4.4931567852708225,passed,18,8.351977588464955,passed,18,8.351977588464955
1623,179.01570257432687,4.418614866545164,passed,76,8.878307371546024,passed,35,6.082679840949745
1624,169.59276248283982,5.074325384262352,passed,137,10.05660406553619,passed,84,5.021326814316662
1625,156.5840453091452,6.828586915568841,passed,110,9.859907308532456,passed,77,5.038469077915719
1626,197.84939806013435,5.3394848194064775,passed,46,8.436009442286663,passed,46,8.436009442286663
1627,150.82628529119765,4.734648832454913,passed,93,8.859971290468028,passed,51,5.239414786107366
1628,164.2349742363837,5.636311471165436,passed,68,8.017023340135964,passed,59,6.404744700645937
1629,197.47122086471006,2.7334032262218892,passed,45,8.958212295279132,passed,30,5.169742964179558
1630,179.04308237688417,5.73245800200519,passed,75,8.074216384416166,passed,30,6.025785810728257
1631,199.7398728691798,7.341469626746074,passed,103,11.236516609549163,passed,93,5.169318213355245
1632,154.3359200787538,8.743033843626197,passed,61,8.963679388363555,passed,34,5.15366749081172
1633,232.99068064936327,5.035971474675159,passed,46,8.19054462554789,passed,42,5.230793046254312
1634,192.99641829161123,5.580215374931908,passed,83,10.094637369103388,passed,37,5.707599031840593
1635,220.16660436837506,5.962983402396414,passed,115,8.496354207471168,passed,86,5.342648146682971
1636,194.8367495420257,8.654686100020545,passed,211,8.043541904447093,passed,84,6.007335249273393
1637,113.9136379591653,7.670011379538135,passed,143,8.181569136642054,passed,100,6.0133779043652025
1638,162.38480199494504,5.617858474304241,passed,151,8.64825804011453,passed,15,6.574812255079321
1639,167.03029037873372,5.013419912263681,passed,49,8.881709748315902,passed,29,6.166286031141799
1640,143.08018639057155,6.2199568393209175,passed,160,8.29491242627558,passed,57,5.015157420146821
1641,163.31615995087793,8.942821126302903,passed,213,10.059791081486491,passed,189,7.095025495391583
1642,200.846171112192,4.459487868522693,passed,61,8.918179344017751,passed,59,5.915765160869224
1643,166.9800544728749,6.331093782203401,passed,52,8.320626574328816,passed,33,5.511255706974305
1644,157.2713284634769,5.194917652683598,passed,84,8.352162671315932,passed,51,5.521815737312008
1645,207.53060196042682,6.989198917695401,passed,143,10.100886121789765,passed,100,6.208063204059044
1646,179.79902321206737,5.105580363406938,passed,40,9.332921402711026,passed,23,5.838842768076025
1647,199.6537990504893,5.3860464518253925,passed,100,9.030384320409368,passed,8,5.009596165288466
1648,209.26283853537547,5.030747349373053,passed,103,9.357765462042366,passed,98,5.110841690678325
1649,188.90466923970575,4.573147128905746,passed,74,9.71231624839126,passed,52,5.555700677973463
1650,172.70239164097617,5.523346019629861,passed,97,9.7569216860675,passed,84,7.256962141810752
1651,203.7873529988238,4.130655931592231,passed,32,8.42334776753888,passed,17,5.295319314688096
1652,250.91768423421468,6.8448062723089995,passed,35,8.246954849608311,passed,12,5.93222258156707
1653,229.73120235107154,4.597725815434684,passed,95,9.691736024649632,passed,88,6.114045432850546
1654,170.69917075940347,5.664326649058862,passed,88,8.169036109996064,passed,62,5.398754304715503
1655,189.38064028251253,6.015100998633673,passed,198,8.890983224658267,passed,198,8.890983224658267
1656,221.28781538074347,3.951940862400348,passed,75,8.18495853054988,passed,68,6.187938751455757
1657,214.6725122368792,4.951453016396095,passed,88,8.305060754119431,passed,12,5.202398441957268
1658,184.47040338053276,5.343770431151207,passed,99,8.334353599306565,passed,99,8.334353599306565
1659,206.63606696972357,3.772674354339371,passed,54,8.332633519817566,passed,34,5.4017186611208245
1660,168.83199382928603,5.693594261383815,passed,9,8.007435522662586,passed,5,7.913553449307575
1661,210.03746250679845,5.620370662197423,passed,7,9.879992855299546,passed,7,9.879992855299546
1662,181.51205488851696,6.255146010974152,passed,46,8.794125546038511,passed,20,5.274628636192746
1663,158.75546846087346,5.380888408743129,passed,23,8.430180255052466,passed,21,5.619444817580677
1664,174.34259172677935,5.315447548399131,passed,82,8.079502885769752,passed,65,6.656919396027328
1665,193.34244264551805,3.7942312827448976,passed,18,8.157353519703015,passed,4,5.444718151609895
1666,168.67960517385424,5.044857913038647,passed,68,8.908996879551978,passed,34,5.400034220515915
1667,213.96798737995576,3.9996224232004143,passed,92,9.411480533648353,passed,64,6.2920630525501675
1668,185.63617717727863,6.086622523456333,passed,99,8.024428837626774,passed,84,5.006621405175826
1669,220.9920796160239,4.054709990754865,passed,42,9.26217558929232,passed,12,5.430075837566317
1670,169.17098345995979,5.052186873145804,passed,61,11.768761057034126,passed,57,5.1800289876631656
1671,212.28000180040573,4.46590330644529,passed,91,8.872049174916775,passed,84,5.614509710993931
1672,216.06801248494722,6.172789414012819,passed,46,8.850542224877689,passed,38,6.319404147996788
1673,191.3784444973706,5.224541239523615,passed,68,9.229450032405895,passed,14,5.170044206537416
1674,169.3924668059319,6.160312461537773,passed,68,8.35609412089633,passed,63,7.273473260577434
1675,244.63775925113572,2.8394069397241366,passed,30,8.009995950503445,passed,21,5.188971707807166
1676,143.97410033164908,7.077894117096231,passed,121,9.943735241608454,passed,43,5.155163387114237
1677,144.5675602593235,4.666428002163895,passed,59,8.682584230350642,passed,6,6.492769032147816
1678,159.18593345183965,7.5321906621618275,passed,67,10.887820493182797,passed,24,5.0278495007195945
1679,185.6589835805237,6.124269167361362,passed,201,9.090792832900929,passed,162,5.019808613993626
1680,162.4411850848698,4.337999367718166,passed,64,9.144776480788884,passed,44,5.019228388091168
1681,155.26443774669505,8.866863771520016,passed,51,11.016641818857087,passed,48,5.4671519381920275
1682,180.72684677263294,5.926332087959008,passed,95,8.742947609984263,passed,95,8.742947609984263
1683,177.69931476653085,8.141893401944632,passed,153,9.691299008769283,passed,77,5.514450765683732
1684,201.22248026402008,5.732423709020632,passed,52,9.038570772325327,passed,21,5.751352608989646
1685,187.19001188699477,6.5998950333005775,passed,34,10.018809762457304,passed,8,6.072383015375937
1686,169.4887524882181,5.391170068626154,passed,67,9.56291983560147,passed,29,7.181191439694001
1687,134.3585133411642,4.967056932299217,passed,64,8.356244472228603,passed,21,5.060508581191292
1688,240.59328558119785,6.253574317908535,passed,220,8.81763467711325,passed,220,8.81763467711325
1689,120.4980431829517,7.6047985053378815,passed,91,8.376585347388499,passed,5,5.16118513876056
1690,203.18957873818465,5.652379079363033,passed,24,12.280736687982774,passed,5,5.89255314360595
1691,175.39028738095803,4.34635998938378,passed,54,8.019386990667222,passed,32,5.3092909805452
1692,234.49041107711395,6.578259384779887,passed,20,8.109314840597737,passed,16,6.8876474557430845
1693,178.94433210385773,3.8362036477813195,passed,75,9.229101055926158,passed,17,6.600594136786575
1694,133.7602216423935,8.885513385117436,passed,186,9.360411532455682,passed,100,5.252176024357369
1695,173.05652618871994,4.24684414422871,passed,21,10.47525074760296,passed,12,6.163148382494876
1696,203.58443220358504,3.1175589976378384,passed,38,8.377821462263979,passed,30,7.632967032578297
1697,125.94690843861449,9.511715551479801,passed,103,8.005723597008863,passed,91,5.146584768350504
1698,199.25042796036846,4.0409721479973,passed,49,8.489004270302946,passed,45,6.014182496319043
1699,122.79260321689821,10.899328759397877,passed,236,8.012661980749392,passed,178,5.9002709433871425
1700,210.64089984800805,5.885601774762617,passed,42,9.766925217377565,passed,33,5.949924965441888
1701,180.47363754609705,6.506231498952038,passed,134,9.794272822805627,passed,84,6.542649844021642
1702,235.54716210218714,3.7738680563074682,passed,59,8.017224864814887,passed,30,6.514315648978153
1703,198.6186663436384,4.4184788817299685,passed,40,8.182461116257755,passed,11,5.712369882528723
1704,170.50116505522763,6.907393589460091,passed,93,8.576774832751987,passed,37,5.048440155216505
1705,112.69214235370373,6.7826777615106275,passed,88,8.082213935508209,passed,84,5.119563905196611
1706,236.78861059907229,4.92660093150525,passed,87,8.123582716452749,passed,12,5.73873730154546
1707,191.8773352264484,5.04162254845409,passed,22,8.429450142335494,passed,19,6.134762203047495
1708,166.09422003996306,4.9524583887703715,passed,92,8.685157961766476,passed,92,8.685157961766476
1709,184.1809456262228,3.9354143814918743,passed,118,8.496267865100027,passed,90,5.046724554205628
1710,186.3408227301919,6.937298820665862,passed,90,8.015342395482229,passed,59,5.505926082533086
1711,193.21252783823928,3.83222802226922,passed,32,9.718783532629471,passed,16,5.00975850289318
1712,202.19972302279237,6.87434916583915,passed,12,10.158612227509135,passed,11,7.096921485391272
1713,152.9251324118357,4.508991323616353,passed,145,8.107229163940243,passed,99,5.950575890486265
1714,127.45795786497314,9.99984520519054,passed,63,9.96210804386961,passed,12,5.0160806975738215
1715,187.1569811663699,10.507458432259158,passed,32,8.356552961971285,passed,27,5.007018341645408
1716,128.36028104914047,8.134882910499638,passed,128,8.400823209728525,passed,93,5.053433203019386
1717,173.7943230339565,4.398097041483106,passed,30,8.614573533200542,passed,13,6.084679356598599
1718,201.40929326208047,6.045332134503088,passed,51,9.4587102654055,passed,31,5.012768171415138
1719,157.11134748973527,5.959452650100441,passed,57,8.335923971352699,passed,49,5.806047605648579
1720,163.4669283149529,6.074141529878809,passed,76,8.205521444009701,passed,69,6.111315390056138
1721,139.31134114408206,6.1686970342248095,passed,84,8.887283341005702,passed,52,5.391345160737737
1722,187.11001776276981,7.636567454687477,passed,75,8.470653408842432,passed,53,5.046187030866878
1723,234.28620223692573,3.5658912935204268,passed,34,9.386782204157761,passed,28,5.008187992590907
1724,184.25523526801953,7.343355636577124,passed,128,9.168556255184646,passed,68,5.64269711676928
1725,102.63989566218208,8.859248674705613,passed,34,9.161526821474242,passed,24,5.764690250419524
1726,147.72721273350743,3.9466335417572616,passed,72,8.35355002035194,passed,64,5.556058445133516
1727,188.91821071148246,6.155292441861027,passed,46,8.13926248629231,passed,17,5.030529683085039
1728,232.84991117627308,6.853134038493123,passed,173,8.549943906489998,passed,31,5.940738700662274
1729,134.10245734677852,5.525278652927603,passed,48,9.575750251667948,passed,36,5.075633190159423
1730,171.0370405805896,4.829020340241709,passed,120,8.345768627743944,passed,114,6.0690839337525615
1731,154.44385895461514,7.145460114137349,passed,40,9.242990926233086,passed,33,5.421914485102053
1732,195.73319556619407,5.624523306813655,passed,99,8.010412908180143,passed,28,5.027815320644269
1733,155.0718724262425,4.964471737537573,passed,91,8.981160431311185,passed,11,6.063567692528604
1734,140.42223395814716,9.106838159456851,passed,54,9.344306282226643,passed,24,5.010862052412657
1735,176.32538062419326,7.6084079759019065,passed,112,9.227166929888785,passed,102,5.006312858093653
1736,246.90203366484815,5.333575311571338,passed,22,8.164564597720547,passed,17,6.626741852984841
1737,195.6509134228646,3.943499497017506,passed,65,8.213335496772878,passed,46,5.364536735345959
1738,149.21486485401823,5.3084214436353045,passed,90,8.856670889097984,passed,45,5.585492004940806
1739,146.50939466539623,5.919484428595222,passed,74,8.565146156002124,passed,62,5.864750363763438
1740,142.2482117363968,4.6118401622998535,passed,20,8.355829150998751,passed,12,7.674553246681315
1741,180.2482253266526,6.36051456232568,passed,108,9.129729573200041,passed,51,5.864453153624449
1742,171.44117550096695,7.475228050806513,passed,359,8.323271573445478,passed,354,6.284437418205102
1743,190.35931302177028,13.94405439893206,passed,193,8.229123152188977,passed,68,5.453918619313125
1744,203.29820111773063,5.2322349894203,passed,33,8.973150558356746,passed,19,5.6072808639501925
1745,179.49903571632956,4.848963484603803,passed,82,8.333392799564532,passed,56,5.111782189422276
1746,207.4939484262936,4.259303710159972,passed,84,8.028101919390384,passed,78,5.3645482439348635
1747,227.7816950242633,3.6148920429713662,passed,27,8.009840094770881,passed,21,5.048181081532799
1748,179.48401464272513,4.820220240948441,passed,77,9.788206821896473,passed,52,5.190754275499865
1749,188.77482939358399,8.035304725270494,passed,7,8.026268326016028,passed,1,6.255488078093885
1750,173.13730665907562,5.3241170786601595,passed,100,10.939247160277654,passed,59,7.420371404257287
1751,145.59692518039395,12.083200052529277,breach_static,196,-10.800768999791766,breach_static,196,-10.800768999791766
1752,187.1277867743749,6.19537812366634,passed,92,9.500778972062008,passed,27,5.624813550328556
1753,209.42185208581742,4.318091185649198,passed,62,8.260219115089296,passed,27,7.265704258447503
1754,178.6054639949605,4.93368720054873,passed,167,9.934486992358638,passed,134,6.164716956567617
1755,162.6253294883044,5.279559760865761,passed,57,10.913575014224541,passed,32,5.865655855056895
1756,173.0580285268334,5.940251506281522,passed,195,8.77562821482558,passed,151,5.010755972685321
1757,202.53057915066276,5.213628260775657,passed,40,8.796180354815931,passed,21,6.942347000114313
1758,151.5333774318575,5.048687135563407,passed,80,8.52751227239068,passed,66,5.326612202266867
1759,173.24382581652424,4.421083840387202,passed,57,8.073105959155091,passed,35,5.112832598658401
1760,165.64060164065938,8.575283733714015,passed,115,8.249104302997567,passed,95,5.343302415333895
1761,141.11279955724027,6.7790379993837,passed,82,8.15494247833255,passed,65,5.8132532500487555
1762,150.995665405099,4.874185548350499,passed,130,9.491843759984908,passed,53,5.464977372991209
1763,159.48949522585713,4.535042672255592,passed,62,8.172555160117302,passed,46,5.116352868760798
1764,233.80240087658123,2.7494089208283325,passed,57,8.080242420696514,passed,16,5.3893611348093895
1765,201.10836786092298,4.654250988888046,passed,18,8.623851423236939,passed,14,7.233951601497668
1766,217.42064156062986,3.3479455245963226,passed,40,8.188532150193994,passed,34,6.185191231073417
1767,190.7081503621452,4.160850345593111,passed,66,11.13063398537333,passed,38,5.941717467435814
1768,202.64658824459104,5.590803896360823,passed,176,8.059165728778206,passed,145,5.00694278395224
1769,168.7792992211521,6.523913743650686,passed,201,10.733151001434017,passed,156,5.858920383165778
1770,171.0381462681987,6.24295249565959,passed,38,8.83445786207082,passed,35,5.985364876005161
1771,201.6732179282458,2.713292846198121,passed,72,9.463609145214381,passed,46,5.248978542026217
1772,169.707018843326,5.303260769904105,passed,33,8.113923406125355,passed,22,6.857552662552302
1773,161.43108539223684,3.2313202502371943,passed,49,8.005104493513882,passed,34,7.596159205689679
1774,238.28237117756865,2.782268167911853,passed,44,9.030293869371665,passed,33,5.377951842551965
1775,184.1654377341155,6.516479852800212,passed,35,9.190891088853759,passed,16,5.163621225793924
1776,190.6202156810131,10.933056366696912,passed,173,11.024602994601661,passed,44,5.205793572259654
1777,207.83966329353407,5.602608493796388,passed,83,9.158904457536776,passed,80,7.329491930142962
1778,153.24573312641743,6.174130580211576,passed,72,9.43541911950585,passed,57,5.788936558074997
1779,150.77518139164158,8.241862751738125,passed,98,8.517365642368757,passed,52,5.433437473656499
1780,141.68650650073374,7.161764918841144,passed,155,11.233813928463032,passed,29,5.909963472512181
1781,205.013751182831,4.173897864142613,passed,75,9.532882468277704,passed,55,5.347127635771565
1782,179.66319350987038,5.444065423220701,passed,136,8.000020499599604,passed,119,5.400041128675004
1783,148.96109077630354,5.299099570210043,passed,109,11.160160196156843,passed,95,5.4374952635594775
1784,171.25945190532013,6.1336646407465025,passed,19,8.01383034294254,passed,11,5.730505986191248
1785,134.40716048658382,8.216053553692474,passed,72,8.005741024696444,passed,51,5.754695210412231
1786,198.02561852772294,4.762963777831071,passed,35,8.251445091974063,passed,26,6.261470610247666
1787,181.74177015221957,5.490347641547711,passed,23,8.796208973581287,passed,7,6.236169971950822
1788,176.82854200233592,6.3230754280408,passed,57,8.852390061543126,passed,7,5.020671322088832
1789,144.04453499151506,4.813782561702765,passed,57,8.576568102630254,passed,40,5.84052554114094
1790,130.30839913498812,7.665771653427054,passed,125,8.593055823622354,passed,57,6.114122185648019
1791,157.80790393120898,6.573040717214121,passed,58,8.246736354173745,passed,30,5.730385613953248
1792,162.91969391195647,6.746338443828541,passed,157,8.005214294491104,passed,50,5.722135890215951
1793,176.06076511226237,3.2929711954914667,passed,24,8.479632240745172,passed,14,5.291750085561353
1794,195.40664371906166,6.827124846040658,passed,49,8.113423318645152,passed,46,5.185061057733109
1795,151.23495780601698,5.156221654901674,passed,167,8.79223057769789,passed,157,5.956781400619815
1796,141.676779431325,6.126188467045051,passed,72,10.642614578029397,passed,64,5.105369803852722
1797,205.8942467004695,4.654213973604955,passed,59,8.926795612148153,passed,58,6.403990695556883
1798,180.08603689641092,5.397330397180538,passed,139,8.62688589076479,passed,22,6.424280837817542
1799,251.27422446111106,5.043321353135114,passed,28,8.001542290382414,passed,21,5.010356014487272
1800,179.5975477396353,4.0820214980972995,passed,62,8.006157397055812,passed,12,5.2441146547550055
1801,129.5375667786526,6.452500625703024,passed,102,9.833345807647254,passed,36,6.932473775297265
1802,168.17441011542763,11.09328188078806,passed,95,9.18917332347502,passed,93,5.397672218845373
1803,153.74972581991852,12.413519388610815,passed,155,8.641476848190099,passed,31,5.368259090478977
1804,190.60107299302032,4.4833042046536695,passed,87,9.362091730719047,passed,63,5.011306385331671
1805,226.7042666557248,4.767705553644775,passed,67,8.860836740693623,passed,62,5.867729976573166
1806,167.3764463754825,5.282865473610348,passed,56,8.423715914331197,passed,37,5.393897236786516
1807,162.71416084014044,6.98981999643184,passed,189,8.293695111311084,passed,170,5.819522287822587
1808,125.85706272514052,8.945863243720302,passed,102,8.069809146816432,passed,93,5.402039017885385
1809,194.9338562430665,6.045320826781629,passed,42,8.007194691877629,passed,34,5.421781996794461
1810,164.5248794684015,6.633686077053527,passed,105,9.161713633284464,passed,95,5.457030814630115
1811,224.83096664728674,4.742932651868843,passed,39,8.216741081359903,passed,24,5.815996255092326
1812,209.49707291316787,4.002848434230271,passed,142,8.282038640380662,passed,120,5.1315333593861645
1813,160.36167712324198,9.35471319588066,passed,59,8.14293330566429,passed,38,5.484766789431772
1814,153.83456741922927,6.142506473332323,passed,68,8.601959677911664,passed,38,5.096789614745445
1815,198.8592101808976,5.361779863824399,passed,18,9.48118747326303,passed,4,6.9217091180102885
1816,168.35047926054338,6.893160414984009,passed,229,8.195998564956852,passed,178,5.069766433534406
1817,166.58186110474384,4.221931778306936,passed,95,8.875299422283023,passed,26,5.003580377701411
1818,227.57082006140706,6.556480743554673,passed,21,9.427471454534398,passed,12,5.065821785300417
1819,181.028464398606,3.242101358511549,passed,110,9.660767997356622,passed,95,5.850955579783079
1820,182.5126008618197,5.825471236558741,passed,98,8.169176656261158,passed,88,6.199965892615045
1821,207.26094027922593,3.9449737995492935,passed,34,8.076796286037592,passed,18,6.002506567640653
1822,135.63510931823046,6.169835532103205,passed,114,8.061191868402172,passed,11,5.006682062639678
1823,165.33232370540185,6.665452826025476,passed,121,8.018295727811008,passed,38,5.011362030109012
1824,139.49202695085688,6.1976502534947295,passed,34,8.340603612364127,passed,23,5.016961979432488
1825,213.9288973292901,4.365952723193908,passed,40,8.100491828086586,passed,14,5.5772195169156324
1826,194.14195301658913,5.46177949253763,passed,21,10.014259239855928,passed,15,5.515370386288421
1827,164.6098737552606,4.919013653009135,passed,62,8.692691181901925,passed,46,5.073074867309524
1828,250.63918408145994,5.865307137782121,passed,117,8.104297182911058,passed,64,5.55003508343439
1829,170.65501236318363,4.9966434445732295,passed,88,8.771902293568012,passed,49,5.549184779104532
1830,211.7035233444194,5.133783382685511,passed,109,8.072970781917599,passed,97,5.214655085417008
1831,168.12570810595994,7.174935143621836,passed,62,8.963128148942467,passed,44,5.235230237856681
1832,203.54458537685508,6.987379552135393,passed,37,8.304393642197239,passed,24,5.983514471989282
1833,123.94233728590858,6.54903675117538,passed,156,8.560136865110323,passed,84,5.032645609016284
1834,161.62940115372854,5.227954890527904,passed,73,8.688757214867993,passed,64,5.277826121600326
1835,227.76123773661996,2.945721599904223,passed,57,12.049668062343288,passed,49,6.432569755932982
1836,144.8991479845789,7.396112855630597,passed,68,9.405020877176362,passed,62,5.263298013682505
1837,91.72766812124414,18.612240627505187,breach_static,129,-10.388361481724019,breach_static,129,-10.388361481724019
1838,124.97256990423308,5.86659926620499,passed,88,8.049840151588693,passed,27,5.8015039556001735
1839,204.17802344822942,2.4782737732609332,passed,84,8.056417898028467,passed,43,5.211737858864374
1840,204.0595584384366,5.5628984533728305,passed,57,8.393993601142725,passed,24,5.862305161686732
1841,135.3884584446701,6.271051598107193,passed,178,9.80759615602822,passed,158,5.218886122242017
1842,135.76399226746622,6.6939770057746095,passed,40,8.521351272596611,passed,22,6.040819112425733
1843,149.54311086045368,5.369029099121051,passed,60,8.006153732723643,passed,59,5.024630127972318
1844,209.59422829781172,6.689716887364794,passed,54,8.342133582069966,passed,31,5.0322640852417555
1845,183.17576320200527,5.138873974400194,passed,8,8.455193972517417,passed,8,8.455193972517417
1846,175.41636554875546,4.350075120858671,passed,95,8.711174282577417,passed,32,5.0383151584663555
1847,210.73016374819537,4.742119678970341,passed,92,8.834063115172587,passed,58,5.768293377864353
1848,204.72490269690465,10.009037575108657,passed,116,8.813528240757694,passed,101,7.113211706198608
1849,174.79207629225098,4.745664775812126,passed,76,8.336137797065902,passed,11,5.013339797284133
1850,181.8798135784349,4.3341162307662096,passed,24,8.444613179036665,passed,11,6.240357268132057
1851,176.81695950105438,4.968531936524716,passed,21,8.000908183286848,passed,9,5.175384262750837
1852,182.65770522263486,4.099031619136365,passed,50,9.75118613088728,passed,37,6.078774621676453
1853,223.09052069745073,5.549356317167349,passed,100,8.073249650511393,passed,93,6.917986182579328
1854,155.24187896080556,11.101464012795768,passed,328,10.147721231764862,passed,324,6.841976816395201
1855,148.33100805661874,3.701630943170113,passed,45,8.42886629901427,passed,36,7.3574306861027505
1856,215.89852375612497,5.53730595501969,passed,77,8.449001743060979,passed,65,5.566278369340627
1857,231.53658258001823,5.264166638284123,passed,52,8.390597498321451,passed,40,7.18352247096945
1858,218.7732281605121,7.710507884701491,passed,110,8.068902712519787,passed,8,6.149094310780634
1859,159.4744368706971,7.745823902932771,passed,53,8.134665732923851,passed,48,5.044876604455828
1860,182.71951006295558,4.758009540387712,passed,25,8.776335541217772,passed,10,7.022081910850897
1861,180.55061162773603,5.278259671073149,passed,34,9.960144902470791,passed,23,6.858754212923035
1862,161.15374620497454,7.639383190544927,passed,234,9.722637664979782,passed,74,5.154031446108198
1863,167.64017131790868,5.115901914562441,passed,65,10.431633893777082,passed,62,6.400112991501472
1864,165.70462817083308,5.634239263442393,passed,29,11.20888513488303,passed,21,5.6461138939258415
1865,208.70999222598522,5.398363049282429,passed,42,10.086945211757858,passed,22,6.571097100359191
1866,156.94595822131947,7.259697785235692,passed,49,8.030231218371942,passed,39,5.780677320028982
1867,153.23393028182176,9.476569961573587,passed,242,8.589647744366502,passed,219,6.2659740811636055
1868,177.28228855501422,3.7506788882067967,passed,91,8.062724609535966,passed,54,5.686926535421066
1869,208.00883119611254,2.822290451568717,passed,9,9.09563206841495,passed,9,9.09563206841495
1870,173.57954937432362,11.927384981335665,passed,196,9.600937665345267,passed,191,5.362655135442274
1871,182.2471527500129,5.897293323259228,passed,29,11.934055806279243,passed,24,5.868571282880475
1872,148.85263269437868,6.819174540229872,passed,82,12.668863398045627,passed,61,5.009306545611469
1873,153.73606338986247,7.574914042425644,passed,57,8.780024894237437,passed,14,5.454020952039729
1874,192.11977713175023,4.794246288980021,passed,84,8.128385048496533,passed,69,6.582517447811709
1875,167.31964470307508,9.57980988234834,passed,93,9.411774831456942,passed,86,5.621746615337764
1876,168.84661449274603,4.2371384664800695,passed,108,9.456737929492554,passed,96,5.786561884461583
1877,142.05407865236253,8.058777109545863,passed,62,8.791277260739093,passed,44,5.1836805281515685
1878,157.71136060061818,4.463533903379209,passed,41,8.041133851349723,passed,41,8.041133851349723
1879,170.08339135111407,5.918117286012159,passed,93,8.38283724091642,passed,67,5.0099115846634845
1880,193.08724216560483,3.0534718329407835,passed,6,8.307974554985176,passed,5,6.399804547033905
1881,201.16966074378607,8.238488643428076,passed,72,8.978676210640124,passed,40,5.476612566324501
1882,152.64857946423805,6.632522896265295,passed,62,8.376076508170671,passed,62,6.356457225461698
1883,160.42317820052676,5.388342112794572,passed,49,8.990868425382303,passed,26,5.400008021426839
1884,205.79745036547044,4.348422189542115,passed,68,8.094239177617046,passed,59,5.77377585838188
1885,150.80264525184748,7.310768517577544,passed,47,8.015397434090964,passed,8,7.688925592694584
1886,171.1761148963765,6.113487305556835,passed,52,8.398802213117662,passed,38,5.392897326758339
1887,177.17554898982425,5.89179464487114,passed,91,8.025477348389899,passed,39,6.953786818597973
1888,164.5445674595219,5.573990566066315,passed,88,9.37437982380278,passed,68,5.449981188123432
1889,155.22257816033937,8.183739204579869,passed,91,8.027291365742052,passed,78,5.008286857870159
1890,142.18736670707827,5.878574748393973,passed,40,8.972551257088401,passed,27,6.358813475470915
1891,173.71225865481082,13.03573644023595,passed,38,8.549581052650023,passed,26,6.077347666829547
1892,212.3900263436108,4.0928566699486355,passed,77,11.688849546508395,passed,21,5.032991155876099
1893,183.69506396844838,6.86042791157874,passed,204,10.884176528525359,passed,66,5.094775074587643
1894,187.80342184909284,5.234341488368881,passed,22,8.63336669839243,passed,19,6.087798772117803
1895,141.07837368822683,8.72693025865756,passed,91,8.499392831449647,passed,60,6.158564373844744
1896,188.37864177072424,6.379235900559508,passed,139,11.982154275490696,passed,24,5.353341078432083
1897,204.12909566844868,6.548112042034056,passed,79,8.003637480908687,passed,27,5.240465338042588
1898,175.70098491110576,6.152123585271384,passed,78,8.012022294091903,passed,66,5.013321332036247
1899,178.82776845941396,4.103834839592331,passed,69,8.249629824663462,passed,21,5.358506270657992
1900,164.6735002942136,4.995570026313804,passed,34,8.312457589271215,passed,34,8.312457589271215
1901,139.65155050985715,5.4995365246705195,passed,130,8.672550571909587,passed,63,5.086075010464364
1902,143.37592663291528,5.946515055223032,passed,13,8.35761779275881,passed,12,6.149876496924023
1903,220.87874328318722,3.375862462452259,passed,52,8.369842104035552,passed,50,6.995515211181713
1904,168.95752389247883,5.093732734226706,passed,111,8.064067446320289,passed,44,5.843218510105808
1905,190.58044876995973,5.463978486547423,passed,93,8.214606635291455,passed,45,5.288114365523922
1906,172.96860118376478,6.454960189132532,passed,88,10.15467074886991,passed,62,6.1951615069050225
1907,127.96921543173471,6.1675668248446245,passed,191,8.379134254924958,passed,50,5.704613296397443
1908,202.10346119055637,5.762458115290184,passed,76,10.552946459253821,passed,44,5.758463974630623
1909,195.97163988874215,3.3720868264466257,passed,24,9.817245415610131,passed,15,6.938826906960438
1910,163.81187160158527,9.882309693150948,passed,272,8.005461875787677,passed,238,5.273351049562636
1911,200.05983765113936,4.353143525404336,passed,62,8.31070985408191,passed,45,5.985922936475108
1912,172.26529144237958,5.609862271956417,passed,90,9.549947004796365,passed,51,5.518731991667103
1913,192.12487115737017,8.966227636029307,passed,151,8.130984286035847,passed,137,6.980390713366802
1914,204.36449981456758,7.287888783630968,passed,42,8.26708056170009,passed,11,5.665839803330042
1915,198.3020717688238,6.282670848128041,passed,88,8.23503813719344,passed,64,5.716941696985933
1916,189.88610955120922,3.764001341227816,passed,81,9.073280369036208,passed,65,5.140603513177222
1917,169.53028079398132,6.1241016648531925,passed,89,8.183970399438723,passed,36,5.015727444091134
1918,224.8744035916196,4.16674409783284,passed,35,8.493174688347406,passed,11,5.453359306229277
1919,184.7042234764712,4.404002645853173,passed,22,8.752587046473991,passed,7,5.252140779494541
1920,196.45958019367512,7.321227752550312,passed,75,8.041645894175709,passed,23,6.6297683245748695
1921,220.3275790456545,4.719412425552594,passed,51,9.9122506037417,passed,5,6.35635178119105
1922,146.5226116505383,6.271156524919951,passed,59,8.048826763952865,passed,22,5.25713399674943
1923,158.24741508119465,5.774169024634802,passed,115,8.021996490966021,passed,23,5.006475206213734
1924,182.69131642661443,4.504746171373681,passed,63,8.003130371741673,passed,17,5.376681386627524
1925,172.29204713234085,4.783041246074342,passed,102,8.006649372472063,passed,21,5.171568282313155
1926,161.98083536675568,11.131341377005956,passed,24,8.307279314099446,passed,11,7.077502008082592
1927,161.26160896317566,6.85987150738478,passed,39,8.89644394479554,passed,28,5.055997059611506
1928,197.46486103553718,4.891237079602874,passed,90,8.894575687589533,passed,20,6.611001883508849
1929,161.4862234398426,5.2058055926450475,passed,62,8.843483386002472,passed,40,6.187067368460353
1930,185.41053572247156,8.079029967248491,passed,132,9.11060730034292,passed,126,7.258606444456506
1931,148.69507973288512,6.699656774370812,passed,108,9.331050093632198,passed,77,5.6233950771286345
1932,144.03655572628855,9.61223947898533,passed,394,9.914395252389575,passed,95,5.009170933050089
1933,209.88374008638084,8.149967894671617,passed,23,10.578159326566627,passed,15,5.952337124609053
1934,175.51109638276938,5.633479616809494,passed,12,9.32262120129228,passed,11,7.1829370740750464
1935,153.39509836550883,8.098922800385546,passed,81,8.073389368111972,passed,33,5.075045604723605
1936,147.0279695291345,5.2298385090282045,passed,57,9.194895861633823,passed,41,5.23935733000358
1937,179.1760679208464,6.317944760543166,passed,30,8.912159297882493,passed,30,8.912159297882493
1938,148.87164555467902,10.425355365849095,passed,64,8.29983283959077,passed,47,5.658241894259719
1939,162.63835271299757,5.4339267954098585,passed,46,8.351353241488457,passed,27,5.087654017846366
1940,203.5429476716833,6.633186946687893,passed,21,11.56635599214888,passed,8,5.082149029324912
1941,182.4876769397791,6.15729629442424,passed,88,8.014535746301888,passed,82,6.037773553431802
1942,175.24363286645487,5.20814890444851,passed,55,8.633384106236397,passed,22,5.35300255055875
1943,206.3393553616781,3.1180438247314566,passed,44,11.456454734387233,passed,12,5.5194113444269055
1944,152.28909109041254,6.763979414124596,passed,49,8.650779417790243,passed,8,7.108167058354131
1945,151.99810512236255,6.799999523812058,passed,25,8.228377782687035,passed,4,6.483439970936633
1946,142.99972616493912,5.890969397277036,passed,69,8.442135528830352,passed,37,5.788313736584527
1947,141.051559556157,5.696072061462329,passed,36,8.619583648175876,passed,4,5.165091446825532
1948,164.83959561668073,6.575952986260043,passed,12,10.792911131257155,passed,12,10.792911131257155
1949,155.22819140195185,5.9948571327899085,passed,63,8.098874653085652,passed,27,5.1293841129224305
1950,221.3026946443799,4.254275571385658,passed,103,8.893327735078426,passed,21,5.517225039761819
1951,137.54363981222215,17.687459910329682,breach_static,166,-10.452999383344563,breach_static,166,-10.452999383344563
1952,145.56002575020793,5.182926136804623,passed,57,8.360269074136495,passed,54,5.813244219912628
1953,151.46192755231533,3.622106390553268,passed,99,8.253447772753454,passed,82,5.235424636152031
1954,158.99854330149958,8.868580289301189,passed,34,9.11983989536045,passed,21,5.468602142731549
1955,177.40346290481938,6.8278397433081714,passed,67,8.005157358121973,passed,50,5.17783949608952
1956,168.1891434535487,4.351452193102285,passed,21,8.2796849082873,passed,12,5.008727513376199
1957,207.64216871962788,3.513138426608467,passed,57,8.186968451952414,passed,23,5.028148094357543
1958,195.6135762963056,8.157234672056763,passed,12,8.007287431380172,passed,4,6.363399118046664
1959,133.97831078176665,8.919945287904167,passed,67,10.298452684696402,passed,64,5.984932891647299
1960,214.12071966390207,2.8398664236145748,passed,139,8.016929890820524,passed,103,5.264665054325879
1961,140.95107518481882,6.321713712670542,passed,63,8.006452005411502,passed,15,5.6928271079423665
1962,143.24501676977962,8.976750244966388,passed,21,8.074764531979373,passed,12,7.547859364779241
1963,199.87283402460164,3.9370955460772477,passed,12,8.019614923259844,passed,6,5.419774313722114
1964,221.93754951264796,5.3711907945292205,passed,62,8.442139223771417,passed,58,5.881489774710635
1965,202.3206289346568,10.030626498113786,passed,50,8.435843522918951,passed,49,5.808744518351405
1966,131.69737977288082,5.858052297188817,passed,165,8.373576171122178,passed,151,5.0028941644973735
1967,167.83615365399694,6.9643852978790735,passed,158,8.069647520891277,passed,124,5.319271036826767
1968,191.4132901607068,6.647700234036841,passed,83,8.809192587874248,passed,28,5.794425977611595
1969,124.2342132530776,5.701772176450635,passed,157,8.636227863634405,passed,119,5.986283139378923
1970,125.79339311630066,4.555907516029496,passed,159,8.741609995919596,passed,108,6.208765437899344
1971,183.13807431832126,7.165513424967776,passed,389,8.719075259137,passed,97,5.277090292774256
1972,201.95387959618265,5.505658413856274,passed,88,8.17886858025625,passed,15,5.141175781094209
1973,149.77084958187453,3.164124769594281,passed,68,8.00816119854797,passed,28,6.933331714302793
1974,175.2345039830864,6.134003967921748,passed,39,8.90132869930631,passed,21,5.494634951030131
1975,241.77881046181375,4.062635148308582,passed,158,9.550833911219403,passed,96,5.035419587597945
1976,174.43167036182422,3.928690499302936,passed,96,8.010971389670818,passed,55,5.016614709153155
1977,183.00498236380648,4.875793332757856,passed,103,8.109803900382651,passed,21,5.372629687696562
1978,199.3337780753635,4.616974561427925,passed,147,8.16293520313993,passed,147,8.16293520313993
1979,153.04324746844577,9.032994170933858,passed,96,8.104461820355002,passed,93,6.8422165143013025
1980,180.07510289910803,5.615503450582706,passed,49,8.42354014726443,passed,38,6.270541218699388
1981,156.96022086665008,10.415992594151566,passed,417,13.489377737116426,passed,24,5.117206362498372
1982,179.5345226931468,6.401073098058406,passed,26,8.0166827376563,passed,23,6.175834833800353
1983,195.3828236232689,5.079925987161333,passed,63,8.01499952427851,passed,60,6.967644232047165
1984,195.97909460815654,5.52091535393917,passed,242,11.222260068983815,passed,220,5.485418568536371
1985,162.69773635194196,7.8522865844638705,passed,71,9.99505766977975,passed,52,5.596209251237272
1986,182.88112285389707,5.979764334640333,passed,59,8.066108285220896,passed,32,5.122412796427289
1987,172.3811799033842,6.465850596149044,passed,67,8.098465369559316,passed,62,5.403030603035308
1988,166.7532381366824,4.902397632214296,passed,99,9.192487022871054,passed,13,6.222044378153102
1989,200.9314944571848,4.107317223522928,passed,24,9.07934848353056,passed,21,7.418344148248068
1990,171.04724645764492,9.64189370482377,passed,13,8.187564806695068,passed,7,7.268988236081975
1991,151.4097793160514,10.026393218143332,passed,134,8.05540516491201,passed,62,5.570287912047123
1992,187.52447250610024,3.1331177040574913,passed,35,8.21661109647145,passed,18,5.020133472869315
1993,204.6791263901047,4.928123654739528,passed,65,8.008034263579034,passed,58,5.7771074630682095
1994,188.66482753112356,4.218015303264011,passed,36,10.030927912324227,passed,14,5.157743579359142
1995,143.26936630566757,4.613170110561207,passed,90,9.25394236099133,passed,28,6.923595302127161
1996,153.00171263480652,8.324491550313452,passed,38,8.066535937609975,passed,38,8.066535937609975
1997,175.54321855345432,6.497212159027186,passed,104,9.049951477670737,passed,44,5.547249718904501
1998,197.27548580431545,6.717198925199465,passed,26,8.571856890255503,passed,12,5.002458950173416
1999,221.5696431318081,3.9549921494424183,passed,55,8.87069362358346,passed,43,5.02606623662607
2000,179.91875939656143,6.042820431390777,passed,82,9.416732533614148,passed,46,5.6377078856789
2001,139.31264015700177,11.575306074256861,passed,425,9.304262288231001,passed,64,5.70723849794581
2002,188.53737616505066,6.079260734031319,passed,100,9.378242580092856,passed,47,5.323724560078902
2003,166.83755176402627,5.08113974534746,passed,68,9.131484904664378,passed,66,7.552526720044472
2004,210.863103337054,5.7374046543051715,passed,146,9.325594469751032,passed,36,5.220430503244522
2005,171.88459237545075,4.842316547448897,passed,98,8.249761340814853,passed,43,6.117502379085371
2006,173.1414586482721,8.425501136039673,passed,376,8.144238917938296,passed,272,7.32683687262794
2007,139.1345779714972,11.566738006158209,passed,105,8.380682765095383,passed,104,5.894515132393563
2008,174.33554702031145,5.000394141300984,passed,40,8.930097696064498,passed,28,5.645987907221461
2009,161.51360589386138,5.188831296775745,passed,79,8.540902488418144,passed,28,5.560015598255719
2010,177.54582470612172,6.4999036378623725,passed,38,11.87876009431501,passed,12,5.285003749073436
2011,130.5322611033918,8.417328370971399,passed,158,8.00633871757286,passed,119,5.043395881818036
2012,121.83993473459415,9.595921491763695,passed,134,8.145820394185876,passed,72,5.051042708887921
2013,192.06133225098094,5.8347504100135135,passed,75,8.022776950806133,passed,68,5.119068828943174
2014,199.5922008801565,6.251891562216278,passed,178,9.837624357920083,passed,40,5.573375355445953
2015,210.3897626101617,5.14638335119596,passed,12,8.273346016081673,passed,7,6.4953531413644905
2016,139.73669612242227,4.648657695343637,passed,37,8.309098147534844,passed,21,5.399639401554301
2017,143.31357479226358,7.988327985357759,passed,14,9.529186632574893,passed,13,6.501846897008012
2018,186.62047133038882,3.55199465802701,passed,41,9.808686239947129,passed,34,6.006909032452312
2019,163.3888561338464,5.745145570423824,passed,84,9.65249886849926,passed,65,5.023772629427015
2020,178.84988159715581,6.554627985931809,passed,200,8.683353936178095,passed,192,5.666134445527127
2021,200.5424920723502,4.067052857503614,passed,44,8.10842212271028,passed,39,6.400801667372136
2022,176.4769899366795,6.062956191328116,passed,88,8.129712799698407,passed,24,5.41525186334062
2023,166.94651321457746,8.110268682823117,passed,30,8.126797239297057,passed,18,5.653457591982525
2024,188.79131416185,4.391556403576957,passed,80,9.146436788693402,passed,28,5.630901327176829
2025,157.98371516918473,3.7186547599854096,passed,146,8.094721664855097,passed,92,5.11592751502381
2026,118.52304815979839,11.874716765465203,passed,208,9.60063562295208,passed,170,5.538337970636631
2027,180.97231404292114,5.390911125708158,passed,132,8.130574082650345,passed,75,5.0083333984497935
2028,177.78292257283687,7.327342740508745,passed,21,8.335366795203058,passed,17,5.087498926892042
2029,169.48564271861693,6.47412601887585,passed,69,8.573873485484619,passed,37,5.01192331591056
2030,137.63228033653618,7.0283957196833615,passed,98,8.019764565786392,passed,27,5.869248294153873
2031,199.6885906747405,4.002594263415357,passed,103,8.385859499980608,passed,26,5.089424386778929
2032,181.78664164629797,5.218797542122223,passed,22,8.826872297074706,passed,21,5.19927251270309
2033,202.0509894769524,4.382708058176417,passed,57,8.324190538196596,passed,38,7.21914895319804
2034,249.0514302548942,3.9288622410707976,passed,33,9.363914108354399,passed,27,5.20417564811857
2035,225.87941485568356,3.8920139565994423,passed,68,8.427940122351195,passed,62,5.375494535837966
2036,203.70349821709354,4.934148915333716,passed,46,8.046111936323186,passed,25,5.855828626083559
2037,213.95583130523838,4.737094106906746,passed,44,8.253763998133845,passed,32,5.5478275979514935
2038,146.39638466761994,8.711499213061447,passed,90,8.369505461666037,passed,75,5.523612760930852
2039,186.36830732659112,9.53220610298445,passed,45,8.894867629801052,passed,43,6.246878046836302
2040,183.6079489735574,3.9937637034988405,passed,68,8.0073171301414,passed,52,5.0195888377458475
2041,220.51194003230955,4.2004655457489335,passed,19,8.271729723784183,passed,11,5.296126246498045
2042,198.57374242002774,5.475472678409948,passed,196,8.433739165763644,passed,163,5.252078546746497
2043,191.64361691533514,7.511892088635465,passed,100,8.185009046188263,passed,95,5.4758559870648815
2044,189.74484938967638,5.385664629880379,passed,117,10.874164051910507,passed,93,5.271037659227518
2045,149.57814107416868,13.381337344111918,passed,56,8.804271446054933,passed,50,5.992770894734845
2046,192.43455972426892,7.092869250735796,passed,63,8.063547169107665,passed,40,5.860508703618872
2047,187.3123877214705,6.2403931740985605,passed,216,8.592743972347371,passed,214,5.051471431058352
2048,154.83688151346954,7.210742684142517,passed,212,12.209550373802047,passed,190,6.6913881761890615
2049,149.40829114667946,6.435810201664157,passed,46,9.589870565021187,passed,36,5.682723263322731
2050,137.51229704829714,12.871278083331875,passed,328,9.139864594981884,passed,40,6.013799800493769
2051,185.83975417955307,8.044176208900959,passed,210,11.996194025778095,passed,22,5.645500946524851
2052,177.9039532003425,6.0890015025823025,passed,75,8.631104455676075,passed,66,5.11401912560423
2053,131.21237861933892,8.410560745486784,passed,30,8.168842207565818,passed,4,5.678565660654944
2054,209.39857015319637,6.187701408021912,passed,82,8.666716603768897,passed,27,5.2178921220424
2055,179.18291270469533,7.122212789193334,passed,40,8.416121863671355,passed,34,6.0581952787581494
2056,180.13107830551053,5.272878384206539,passed,24,8.528220548211273,passed,24,8.528220548211273
2057,179.39635574689078,9.678331739715562,passed,82,8.337123842003047,passed,78,5.424836864178717
2058,163.19396639765515,5.275090531328115,passed,22,8.547573538227727,passed,21,5.478847809557563
2059,202.30823242547297,4.411586029656432,passed,80,8.01182665799589,passed,40,5.418260680018472
2060,160.52465550686765,8.427737361716128,passed,82,8.030341160794418,passed,45,5.500151286082544
2061,186.17956843590088,5.237659870778823,passed,22,9.617268124116208,passed,7,7.43040930021277
2062,214.90357954367477,6.1787736850543125,passed,137,9.964440160488074,passed,119,5.089327026833224
2063,154.54802465564325,4.703413077032213,passed,58,8.28569111920583,passed,27,5.5760195370813115
2064,198.66468003279812,5.453564266735077,passed,40,8.088203101288682,passed,30,5.01137166934249
2065,193.87464634058662,11.59235662768535,passed,31,8.839183889440516,passed,18,5.192594329260758
2066,97.82625190140428,12.544848219284738,passed,84,9.826775371789509,passed,55,5.502880102653207
2067,168.1528216087043,5.951951194553779,passed,62,9.238638645773944,passed,10,5.418019731805757
2068,152.1261898985674,6.537312509153508,passed,81,8.009030069302558,passed,65,5.230568168736061
2069,147.51327253939647,6.66710328607552,passed,47,9.278585191243028,passed,22,5.151929904075225
2070,165.28120877978694,5.296946261608816,passed,38,8.64641580858767,passed,26,5.547641287420491
2071,231.43263274548192,3.566618833362566,passed,52,8.332211271463219,passed,15,5.232154580021331
2072,159.30833623388017,8.377039323070584,passed,54,8.876910418090711,passed,44,5.610498151697074
2073,213.0553602242254,3.849550416817322,passed,32,8.106049782894264,passed,17,6.10673532058601
2074,133.68582599890397,9.011001041256199,passed,76,9.428441138932598,passed,49,5.014330505767184
2075,184.77639305790524,8.705080053813012,passed,67,9.394771594664842,passed,49,6.396389622453125
2076,139.5600771403879,5.947384217964628,passed,30,10.117905437861507,passed,27,5.902302029572226
2077,198.65868902959684,4.531181170288107,passed,248,9.319225095961702,passed,190,5.314428225125423
2078,191.5741887049867,10.151236976886132,passed,289,8.26494751846678,passed,203,6.87745091990446
2079,98.24136776405497,8.747935227476699,passed,60,9.428092300830816,passed,9,5.566819526762012
2080,189.46288017499606,6.354418693033267,passed,98,9.913112554984128,passed,88,6.808046222878694
2081,198.91219894967313,7.156337627483672,passed,38,8.583976257842085,passed,32,5.640144000540026
2082,184.7721756218623,4.9872382015008245,passed,119,10.128059222161202,passed,59,5.102844087639102
2083,232.10272571841983,4.610793745023037,passed,93,9.770418402614656,passed,76,5.190303236631122
2084,179.37569284700214,4.128780144123038,passed,158,8.300354395028343,passed,62,6.118615254384729
2085,150.71781839575652,4.887375770455356,passed,112,8.352964151778973,passed,38,5.097837239979142
2086,147.0039176301014,4.9158491394500645,passed,35,8.142082163533937,passed,15,5.1286670186424965
2087,136.4610753608681,11.573386006092058,passed,178,8.240903342098216,passed,68,5.904249283149676
2088,150.833972541943,7.588646378048647,passed,69,8.484665635412082,passed,52,6.54579533805828
2089,147.2476614649743,3.5844206841665858,passed,84,13.319194933458945,passed,75,5.486989837464806
2090,175.42619108852708,6.071596370743199,passed,132,8.438151556644025,passed,131,6.087513727528049
2091,204.35536522292765,4.951179296069078,passed,85,8.525686152900436,passed,26,5.014574686208406
2092,199.81507967468977,3.9640875815983447,passed,21,10.368163389958474,passed,14,5.041638788973435
2093,166.39800379802233,5.862974657288962,passed,121,10.211062335131738,passed,90,5.226314881037775
2094,172.5292321221034,5.550884501897216,passed,49,8.56108022235189,passed,29,5.44594648404555
2095,221.14721820445823,4.086166197096608,passed,22,9.398412528591415,passed,8,5.353608729140591
2096,212.35689582941788,4.629695803301623,passed,24,9.302308017576966,passed,24,9.302308017576966
2097,213.5846733933206,8.057470447727951,passed,26,8.516405453667875,passed,8,6.618622481185277
2098,141.58369525763263,4.618243152622676,passed,35,8.010310846051262,passed,25,5.0152680472906885
2099,197.18425814928352,5.249162048145224,passed,84,8.981911196550008,passed,45,5.565221901017536
2100,162.57059844496743,8.72551516504357,passed,52,8.609003856138632,passed,12,6.130809039977492
2101,127.351129284119,8.7198526805338,passed,62,8.233160656678074,passed,57,5.389161623769767
2102,150.74976515855633,5.6681071811194625,passed,82,8.001933259456194,passed,35,6.419396743545702
2103,174.1362638781852,3.1088024636440377,passed,34,8.024477772791405,passed,16,6.236482138654487
2104,145.64407416322095,7.030029683868796,passed,90,9.013111614265036,passed,49,7.293261331377754
2105,169.63748597013156,4.43482610346272,passed,97,8.919497826079903,passed,20,5.7820981394081095
2106,177.95423191635481,3.85614987761493,passed,48,8.299539171922742,passed,44,5.07854641829093
2107,120.6153773592189,8.308880037123973,passed,27,8.337331033772454,passed,12,5.349644310689272
2108,126.72359880294293,7.604809830291187,passed,59,8.298337612291085,passed,54,5.38169328172049
2109,129.12453875313034,5.444946084485248,passed,117,8.00919330959211,passed,72,5.6261104978326815
2110,156.16314165551287,6.088706701182741,passed,121,8.36090392291069,passed,110,6.134457949170402
2111,180.97206862615334,5.163269477118454,passed,56,8.675598447208754,passed,11,5.017841975636705
2112,163.07915321322463,8.768957558579732,passed,212,8.008264436207169,passed,22,5.017646443614598
2113,185.66629346409024,4.082697257150854,passed,57,8.045142665291817,passed,52,5.7425173139306285
2114,226.8176196280357,4.2914451898149455,passed,65,9.798992504432746,passed,29,5.2390909628002635
2115,163.5222924958078,7.170274919711285,passed,173,9.37459633029456,passed,19,5.201969959466113
2116,211.81773560513483,4.995291253119219,passed,78,8.823868802407864,passed,33,5.057958196949652
2117,202.11060924743342,4.894302073548147,passed,37,11.809948438061868,passed,21,6.119188025708255
2118,175.0865297291711,4.60496052318083,passed,9,8.95116134704621,passed,5,6.494431971212644
2119,147.53855646859049,12.283821950669513,passed,11,8.133383927539795,passed,8,6.474368414367904
2120,218.6554740394691,7.075719561290926,passed,134,8.607520902805854,passed,88,5.15029755524814
2121,172.1481624609903,4.721678999521394,passed,50,8.331099131519991,passed,26,5.241826939506744
2122,167.4569890042365,7.738917706951057,passed,34,8.004717629363011,passed,27,7.806633722886791
2123,138.7617093314841,5.773669337316231,passed,42,8.170150648415419,passed,40,6.219535900591278
2124,167.14016991550432,5.758492577725752,passed,59,8.96754130160502,passed,46,5.2764425217682875
2125,183.23866133715444,3.782096571389605,passed,99,9.048499205238159,passed,63,5.404198654769865
2126,195.59668531617655,5.914449286472228,passed,15,8.559105554509362,passed,9,5.127657081637982
2127,169.9332558421278,5.564042137783411,passed,67,8.332398895489446,passed,26,6.245559950380608
2128,171.6405191802568,4.634963885208779,passed,76,9.09633689372884,passed,11,5.6893006112895605
2129,178.12653983141664,5.066044331547535,passed,59,8.585644150498872,passed,47,5.450886223421514
2130,167.89137073062156,6.0691348145142285,passed,97,9.050679162704721,passed,90,5.895281676292496
2131,186.6707039622119,5.044840432043832,passed,36,8.393595662190645,passed,28,5.237755522884213
2132,150.98765611083672,5.664705064036184,passed,11,9.842391325116484,passed,11,9.842391325116484
2133,140.35366248716906,8.289869873744317,passed,40,8.62856252785209,passed,40,8.62856252785209
2134,190.5919918478342,4.42285848026013,passed,84,8.924610795665222,passed,70,5.215573432068821
2135,166.16458986158423,6.466042521453877,passed,216,8.0860560256939,passed,206,6.392705322136383
2136,92.18498430338833,18.55854281294645,passed,74,8.209883540278785,passed,44,5.809296910495654
2137,139.97552197867597,6.3161293050249085,passed,62,8.02046586593872,passed,37,5.862382575528535
2138,196.31152562241545,5.6284406460690475,passed,28,8.619850025611985,passed,18,5.089336991280491
2139,158.62151996210082,4.786428608725745,passed,60,8.67632256325619,passed,44,5.029446395348303
2140,186.35859624075889,6.101646554306005,passed,210,8.112250796290477,passed,66,5.441737827903337
2141,178.05754124946526,5.600453005555254,passed,57,8.675529699177043,passed,49,5.0802553138941775
2142,211.50664048255922,3.389532985651881,passed,44,9.115536785701227,passed,11,5.001844021044377
2143,157.72205490964964,4.715524673815655,passed,64,8.16619288423912,passed,58,6.248873885546291
2144,213.43365088673946,6.477498902354985,passed,100,8.199143580781666,passed,68,5.395942153359923
2145,168.84345265937534,3.4447928991580645,passed,100,9.916948283610182,passed,67,5.1124913380496295
2146,177.84526664982775,5.547959426543737,passed,57,10.45528162886149,passed,39,5.493509138085262
2147,163.57768541054392,7.2095942717819455,passed,93,9.8403297358306,passed,65,5.101609293948317
2148,183.43926407239425,6.076849054609667,passed,57,8.246916297842223,passed,28,5.016797297685671
2149,160.09495128609439,5.635941249336591,passed,72,10.432928991509005,passed,45,5.943967278765205
2150,215.13286277125815,3.6181259661874345,passed,68,8.301148394114644,passed,61,6.295423261801125
2151,177.7747069069769,3.626704705283241,passed,33,8.016580503791104,passed,19,5.228762663098108
2152,146.97534366676618,8.9771887033898,passed,80,8.076199558070485,passed,68,5.780698020145092
2153,185.94845659633478,5.811573666645224,passed,57,8.026051310577365,passed,32,6.964953963171849
2154,181.5381372890417,4.0631744983824305,passed,21,8.01638306072141,passed,15,6.373894699357563
2155,144.24998018484132,9.081389888889571,passed,214,8.34411795349732,passed,196,5.0297773884365515
2156,130.35973963218578,6.015509788635389,passed,134,8.404443460690603,passed,113,5.163613368487141
2157,175.116551224726,5.812128289788373,passed,154,9.351674678422395,passed,49,5.251609493006004
2158,155.23893672364912,7.091112394151102,passed,62,8.492710595582786,passed,43,5.111494116364179
2159,102.48371443308866,10.50599887304086,passed,100,8.103987075426344,passed,73,5.731145961945705
2160,189.49464334913864,4.442501405479938,passed,167,8.27483980383188,passed,167,8.27483980383188
2161,177.94841432482121,3.8133613322191775,passed,43,8.474725874682477,passed,34,5.346121275545546
2162,153.79472356082826,6.3395305301168685,passed,154,8.571172851857511,passed,139,5.52700781346358
2163,174.49734888870228,4.826843262945243,passed,49,8.703015072103382,passed,27,5.399114615289768
2164,156.10855795747233,5.051299509822385,passed,49,8.09537258339783,passed,22,5.250049744561913
2165,123.64142412891152,7.231907292605799,passed,67,8.171835764753332,passed,67,8.171835764753332
2166,140.3761830785751,6.272709714807136,passed,191,9.163767344608885,passed,191,9.163767344608885
2167,155.57874857445938,15.821193250351664,passed,199,8.372296811025116,passed,167,6.168990881399972
2168,193.31839477322873,4.9550514371461265,passed,28,9.515987801752246,passed,14,5.541410246340672
2169,202.72552216835842,5.28985626480067,passed,88,10.74039522738528,passed,59,5.123796505953204
2170,170.02562750275473,5.255008185803429,passed,21,9.778994631451132,passed,12,6.934967741434583
2171,194.51278318002755,4.558331684935205,passed,53,8.391163729381113,passed,48,6.829929223331099
2172,183.17446831561327,4.836702969226036,passed,34,8.799206599454056,passed,22,6.2050600987075155
2173,173.15745960678282,5.256435270070476,passed,67,11.883988476755803,passed,30,5.181418488617395
2174,159.94556890408953,4.618856136476268,passed,64,8.501572637789877,passed,15,6.126100030290504
2175,189.08076325412208,6.744313430488556,passed,22,8.18044353734062,passed,21,5.169990948225989
2176,155.70948139874142,6.104117967663185,passed,218,8.207999135477184,passed,156,5.345512932971186
2177,141.06004282795155,6.399686166555386,passed,58,8.767826137740231,passed,40,6.3432335004966145
2178,153.5884974519146,8.423345556325723,passed,69,8.479179219185728,passed,50,6.57729595429648
2179,101.7620527733119,11.559567602201973,passed,139,8.548472626800896,passed,121,6.300856914461228
2180,181.75399419060918,4.322668463035641,passed,158,8.075504164983439,passed,145,6.031165376613878
2181,197.33740009587103,3.2427387571107413,passed,55,8.220705019301722,passed,43,5.1849406082770555
2182,179.33303075043509,5.630960827092571,passed,57,9.097407899446509,passed,49,5.311085664849635
2183,189.4977629757205,6.821431044616155,passed,76,8.30334576435543,passed,58,5.164051036128603
2184,178.5380155348431,5.495934815718765,passed,68,8.321201387876243,passed,65,5.875777501528234
2185,196.0074468217526,5.70229055070037,passed,74,8.016688121350235,passed,60,6.8184529147319095
2186,210.5631292859167,3.0644336481737824,passed,37,10.94267500616315,passed,37,10.94267500616315
2187,145.45192012786234,14.616583459943246,passed,135,8.965907953326724,passed,101,5.007046278980587
2188,141.63778656982421,6.662875573909075,passed,241,9.126946395141644,passed,224,5.402181964582797
2189,168.2076319265465,8.38789767623513,passed,84,8.452114887919372,passed,35,5.541869838951707
2190,156.98079587674724,7.352968392625028,passed,158,8.832832138844115,passed,93,5.337380077321541
2191,192.91437704175164,3.9311001680733657,passed,35,8.048507306828668,passed,21,5.3620455736544725
2192,228.70081804895426,2.7334480060964137,passed,22,11.270205885042618,passed,8,5.154400344222476
2193,198.09173989584076,4.589369669392052,passed,21,9.280476640551626,passed,12,5.574999582258644
2194,176.84858739463448,6.453658705478577,passed,118,8.209371509247653,passed,113,5.77279275360254
2195,190.32287882736685,5.1196864236512205,passed,99,8.390104472760251,passed,21,5.24270021016493
2196,218.25817313192104,5.9425403268415105,passed,157,8.171287028638808,passed,45,6.0536394836162355
2197,216.9755699879934,3.258357486061637,passed,53,8.712656193400736,passed,50,5.004832404687476
2198,140.16145178478183,5.6525117905286155,passed,69,8.506138438040733,passed,28,5.037905806665122
2199,200.95364794296808,3.4938981129913254,passed,16,8.038968567196036,passed,14,6.361211994067473
2200,147.10072440992627,9.302149268319031,passed,102,8.923361809588105,passed,96,5.0013650798146125
2201,201.2651454837761,5.863895771583634,passed,58,8.120263992453802,passed,20,6.192044813105557
2202,214.2193004169977,3.527217853581175,passed,49,8.33026267819237,passed,47,5.028479737192737
2203,161.1503717978989,6.9295522442570885,passed,16,8.17384655727913,passed,11,7.389987565489964
2204,186.4323200935538,4.5049827557189355,passed,77,8.789789381176893,passed,57,5.008798765968825
2205,145.3546606640736,7.044424191318307,passed,93,8.592800887552944,passed,62,5.89312426402151
2206,168.85396067318118,5.319377381079173,passed,100,9.227703989601178,passed,97,6.7747594950301915
2207,181.0427461944256,7.697229531467207,passed,196,9.101503625470663,passed,59,5.234168087109747
2208,210.3629389031608,8.575175314991668,passed,35,8.36456855133012,passed,24,6.1763614856899185
2209,151.47238876149441,9.405558278189835,passed,75,9.186595954618394,passed,11,5.005348354230388
2210,201.55891478545652,4.907507524130311,passed,144,8.006350626171365,passed,108,5.602545944145154
2211,174.66664509735415,7.099293370457644,passed,54,10.113510356801303,passed,46,5.089328895951972
2212,110.71471494837883,8.439279103091561,passed,408,9.52641515201842,passed,357,5.0194732729962555
2213,201.49715594734766,4.784729137084661,passed,57,8.331524950804736,passed,54,5.786950823344483
2214,169.7946403495538,6.54586903137109,passed,62,8.171339115002873,passed,52,6.42624029346901
2215,188.43858347251762,6.371879161616429,passed,29,8.051388328471564,passed,6,5.035338031946468
2216,185.9875384643962,6.627798063647715,passed,30,9.048151258424486,passed,28,7.67969548765266
2217,175.38545496360297,5.107937281574363,passed,203,8.174524313711107,passed,134,5.017503353979724
2218,201.6181999395103,4.271143192249733,passed,8,9.023017287346091,passed,8,9.023017287346091
2219,152.752770287381,9.085506375891244,passed,152,8.00188262508108,passed,100,5.385138861320704
2220,136.78121962330206,8.592869044944806,passed,79,9.129640154496798,passed,49,5.327991545677624
2221,170.63055814743154,7.462472938181723,passed,48,8.275543443370115,passed,28,5.27711711900809
2222,176.5712715318084,7.377723780678715,passed,67,8.024251245283121,passed,59,6.670097131561592
2223,210.8022497522589,6.202839299006925,passed,88,8.827259488109519,passed,36,5.096330868653753
2224,182.52826623176088,4.295809263756806,passed,209,9.532789167858692,passed,136,5.617404979805518
2225,143.8063540437947,4.277971916469055,passed,51,8.216033484586283,passed,44,5.98714543504697
2226,135.47764110636845,5.658352345693533,passed,28,8.747484012218166,passed,24,5.510058789428651
2227,119.4989294024038,7.440173939655296,passed,115,8.0523135035242,passed,98,5.015495036843864
2228,156.25088797631665,4.778225207615088,passed,46,9.551001652272362,passed,42,7.331268091260745
2229,140.28103761999756,4.240361003450042,passed,66,9.046321467907203,passed,34,6.445285954427904
2230,130.409253144959,8.592680903629853,passed,59,8.000011446194666,passed,36,5.400309584474883
2231,140.84679831019747,6.02409868949655,passed,150,8.2687022093886,passed,75,5.2162869115004895
2232,210.64651697774974,3.634726017215754,passed,78,8.170323451836058,passed,75,6.787563779149908
2233,165.24159038972002,5.53912137867896,passed,59,8.04331364114712,passed,13,6.3382772675382615
2234,130.5035949456087,5.732113050497009,passed,65,9.406674004286941,passed,17,5.132093390491965
2235,126.66580165638082,6.49395594472247,passed,38,8.25562564975224,passed,12,5.93262113944184
2236,200.7563956781222,4.4823379464258535,passed,46,9.433823009216535,passed,28,5.555284684606443
2237,181.79745916198266,5.048922292485964,passed,88,9.53956372004936,passed,33,5.903676790793044
2238,202.11792437287778,5.604961766990275,passed,93,8.31395217320139,passed,91,5.058649716696095
2239,206.41103569015672,4.934338388135586,passed,24,8.00082486108602,passed,7,5.237007468442401
2240,130.05814555467614,8.415655009971942,passed,201,9.969865821239686,passed,146,5.0437062004465405
2241,188.00609544471962,6.102819058644326,passed,49,8.133421221308668,passed,44,5.469146689624438
2242,211.162525062927,3.22610320119898,passed,93,9.241356497756925,passed,90,6.0294941557422765
2243,164.2267517300843,7.604663171014142,passed,110,10.804132588898984,passed,63,5.004953952885671
2244,188.24347503091806,6.106344473821462,passed,86,8.667454029226263,passed,58,5.446036828488343
2245,147.63564181492558,7.702101176570156,passed,366,8.689427333403765,passed,215,5.5153011885608505
2246,113.5892713858627,7.4234497570004905,passed,93,8.197753118718998,passed,67,5.933714385597444
2247,175.78049026054492,6.335207163204172,passed,62,8.156545168675123,passed,43,5.345426022165456
2248,165.2195853509394,6.057764294284074,passed,83,8.056005253843024,passed,58,5.259905541033549
2249,182.65494744871665,3.1764126483569792,passed,45,8.270836549946337,passed,38,5.843696401226506
2250,159.27641091329207,5.780515278692481,passed,32,8.048248228621823,passed,27,6.557774833890617
2251,245.50844021086698,6.060142260471991,passed,91,8.19811927213594,passed,84,6.188743537455532
2252,186.589848207715,5.6060508496187325,passed,99,9.676349773966809,passed,67,5.002496296579229
2253,195.81925407695104,4.066447823310621,passed,191,8.337392121946795,passed,155,5.013110540161114
2254,244.94828854896474,4.245368196879229,passed,40,8.021570652819655,passed,38,5.726251716543285
2255,192.65933316329097,6.165816133687804,passed,154,8.00289527647875,passed,30,5.419034750255669
2256,188.80282377448893,6.402149531847023,passed,108,8.65118610344673,passed,21,5.698545431989976
2257,182.04703991024672,4.673717606292601,passed,20,8.2153738155734,passed,7,5.782690460462847
2258,195.86376966189854,4.081329105631592,passed,65,8.675513885161013,passed,61,5.563827810707633
2259,180.26100232671766,8.440088307393575,passed,37,8.11141356764784,passed,36,5.575526776362882
2260,192.2764317421463,5.025264553112249,passed,158,8.20955746968879,passed,145,6.2961197093135635
2261,142.87702358867094,5.517983598975721,passed,63,8.942901453835294,passed,63,8.942901453835294
2262,152.29560700116366,4.576256543738359,passed,43,8.627648172891567,passed,24,5.351810834792792
2263,200.3637758189297,4.299732364440621,passed,109,8.897492561463881,passed,52,5.6760846747686555
2264,161.93511575241493,7.777417786662374,passed,75,8.115849365043392,passed,63,6.444823763414553
2265,182.56228092188724,9.209736781050367,passed,61,8.115438052409685,passed,51,5.3052410809661055
2266,157.35096741301916,6.936061369071446,passed,57,8.687662520354822,passed,17,5.076964619670132
2267,182.3530792332503,6.193733941615716,passed,64,13.134689452363846,passed,49,5.001271836825483
2268,253.16430313376276,2.7140263339339974,passed,57,8.015539663014515,passed,19,5.016537730205828
2269,159.82409567729823,8.990220317769449,passed,75,8.475436063718345,passed,68,5.8209738627446495
2270,192.08353273465187,5.937077420271392,passed,160,9.08582725195517,passed,27,5.351754285431642
2271,175.68941614672116,5.426618051415942,passed,64,10.960895055879426,passed,59,5.988240840107295
2272,252.21597513907298,7.019757710834851,passed,22,9.276650612806492,passed,15,5.270172248487026
2273,169.42367158712005,7.766088323081529,passed,256,8.279626401281126,passed,80,6.54940503796988
2274,207.7454065443689,8.041486812357231,passed,88,8.924883603523416,passed,59,6.9219190368273065
2275,189.78506470045966,4.7868569773887515,passed,62,8.874667393425728,passed,58,5.33762574128771
2276,172.76528690998728,8.692371822015598,passed,22,8.76492794656707,passed,21,7.080098885331854
2277,134.31909677557613,9.514829454276853,passed,220,8.095548457905831,passed,214,5.434092351901221
2278,214.04231330322608,4.339755903202658,passed,48,8.0710520909401,passed,18,5.555506332574756
2279,193.17724468613525,4.482402904907399,passed,76,8.84081987532288,passed,13,6.262434989164434
2280,190.41856735201947,4.9495992890735945,passed,109,8.322472526510548,passed,49,5.2862294966310674
2281,147.2465971360493,9.773127867344222,passed,174,9.996423334048554,passed,28,5.316690792885503
2282,156.68764161913947,5.743903577566834,passed,49,9.045791455371655,passed,29,7.586807077309876
2283,147.24901101409472,7.9137664732153805,passed,97,8.251405848294734,passed,93,5.369986722154652
2284,167.7417884082016,8.263328561558168,passed,84,9.025368057673887,passed,69,5.4203693071634085
2285,192.66489335959284,7.00367046079106,passed,97,8.15920186175405,passed,76,5.021941548664954
2286,130.79610736625895,4.690609935532567,passed,30,8.429488498380678,passed,20,5.358456321443628
2287,187.673260704954,6.415135611988313,passed,96,8.410446175985363,passed,13,5.029088960029138
2288,188.8575844005581,9.176855098525488,passed,59,8.435356744656296,passed,39,5.677504569098346
2289,213.71013126742508,4.593121729741486,passed,56,8.094648017530147,passed,35,5.507701136811782
2290,152.26557336600823,5.1964453889289635,passed,11,8.108777385193576,passed,7,6.250106740388106
2291,173.42351106863,5.985926122552562,passed,99,11.414533128289705,passed,92,5.511651845660315
2292,191.53464629485387,3.26597043085193,passed,68,10.110975158629376,passed,36,5.337914482354145
2293,108.75497648279064,7.310448826763995,passed,110,8.692712041904226,passed,61,5.749257269172059
2294,227.57722595547358,3.6494165876294846,passed,36,9.390983740566504,passed,21,6.08644749275411
2295,188.58662038156274,11.387387638625349,passed,90,9.003082648147442,passed,57,6.079029106896061
2296,174.38985243864772,9.256802427768081,passed,242,9.126097309651104,passed,94,6.648389340637317
2297,218.9649055382966,4.710754074241384,passed,147,8.422807435387769,passed,63,6.760586354054654
2298,163.98288173400238,5.263582687864946,passed,46,9.26620485791223,passed,44,7.717001717056715
2299,158.15084151341406,4.966055512800689,passed,49,8.003323325343125,passed,48,7.920012070619076
2300,202.14198757229934,3.420449225539921,passed,92,8.010544784426399,passed,88,7.9063429513051675
2301,170.24046705811134,3.0963067474394546,passed,58,8.035137542563087,passed,12,5.015192263313306
2302,134.70732198761658,9.685956846067175,passed,210,8.35842240092699,passed,126,5.3942730974609
2303,79.623008891916,11.225715310211509,passed,95,8.478745950270428,passed,35,5.173315571175285
2304,183.30161579019523,4.9396663565227525,passed,56,8.014687594092473,passed,2,6.990344637715817
2305,210.2779165885692,4.242267524954714,passed,33,8.100143767937752,passed,24,5.687244738776309
2306,193.1301056848668,7.300605660670407,passed,97,8.407675587596852,passed,16,6.189453427252167
2307,125.95532167142225,6.151973551560447,passed,88,8.885665620691263,passed,30,5.007289364002876
2308,189.74096637309265,8.696142921630226,passed,95,9.202516097245361,passed,44,5.321358478541427
2309,178.3006561555796,9.288013464882122,passed,93,8.431098792256918,passed,80,5.0161045843609475
2310,161.02325003188417,5.682805553566894,passed,51,9.717661748974527,passed,13,5.4543701879696815
2311,172.1007711009699,5.38405504980547,passed,69,8.687020453155437,passed,53,5.279265021457746
2312,216.21516173156752,4.8953112173525355,passed,138,8.764125177847081,passed,103,5.746254908652104
2313,180.32092000288054,6.3012711618507495,passed,51,8.789958934098042,passed,44,5.353712490300611
2314,164.9087254851026,5.903292175726823,passed,77,8.46538462755464,passed,77,8.46538462755464
2315,183.59910718563208,4.732589134727495,passed,41,8.377290082601728,passed,35,5.4914120247195
2316,134.86330566555264,7.425619209205327,passed,62,9.181141799224179,passed,47,5.00578153259561
2317,179.28453601897627,5.139898273856624,passed,48,8.293214986795183,passed,42,5.01699228289334
2318,205.1386746248249,3.397405986815747,passed,61,8.90042037944767,passed,44,6.739708306653025
2319,196.20425918702455,4.287576537892399,passed,110,8.768690229490495,passed,81,6.65198945841754
2320,165.48719400745645,5.462559376520392,passed,120,9.156053966190658,passed,47,6.42208382603211
2321,162.8093482314,4.450973285273234,passed,73,8.683224449734572,passed,58,5.2275637428800925
2322,181.83497847152773,6.942962315263348,passed,64,9.865408114367181,passed,57,5.561057986112616
2323,137.03239505321258,9.058889769374158,passed,50,8.39077130392032,passed,48,5.035856699388286
2324,198.20722840808963,5.547704219772802,passed,21,9.391522444164568,passed,21,7.149471839123933
2325,167.59030863185532,10.979824662335886,passed,112,8.014060528517518,passed,109,5.632549955320432
2326,212.25499625679828,3.6497875499297514,passed,30,8.914918829163643,passed,25,7.088006820857573
2327,161.89296753425938,5.937495062396348,passed,93,8.79046493035367,passed,12,6.881552962134929
2328,219.855794575167,8.243297933698903,passed,177,8.001160554988207,passed,167,5.209207381984604
2329,196.3606902192152,10.772881362499827,breach_static,116,-10.726393215869724,breach_static,116,-10.726393215869724
2330,181.56038822115974,4.706269343044651,passed,27,8.000449479268434,passed,22,5.2708953907036005
2331,181.54492815138448,4.817249243594231,passed,37,9.128166369758839,passed,28,7.080309029381615
2332,128.1551079838972,4.516516073659452,passed,115,8.030421742243355,passed,84,5.188911543087205
2333,135.12654020707538,7.659732643555974,passed,69,9.456184314438442,passed,23,5.064928853689921
2334,164.48428149320787,8.239823407823929,passed,18,8.070762216541706,passed,17,5.685356070711656
2335,216.3069741327956,6.080059769112628,passed,67,9.997187014295793,passed,28,5.783060287934361
2336,158.1831603795666,7.572440085494968,passed,21,8.923922630675696,passed,16,6.940248569477925
2337,179.15206144180243,6.864395634716485,passed,22,8.76344093576742,passed,8,5.16521203972804
2338,184.48260934932216,5.497819812721406,passed,180,8.893100442836444,passed,132,5.669450300719547
2339,171.79137602817343,5.826064826545567,passed,22,9.110179887082914,passed,21,6.060900860902563
2340,121.42363252209698,5.342713915083416,passed,66,8.000222387655498,passed,49,5.06165887754868
2341,162.64164582306165,4.800214721401019,passed,84,8.378221822849063,passed,49,5.176765424814511
2342,149.41200851339454,7.455850741592121,passed,37,9.398330107400966,passed,32,6.343815007691833
2343,163.57432792048274,5.9303220518462085,passed,95,8.518246645215989,passed,46,5.414079347941136
2344,170.80594597660826,4.937680375020684,passed,173,10.305437799457318,passed,48,5.040520763003942
2345,157.1516988819658,5.785214118143777,passed,58,10.212405071393649,passed,51,5.004519432104071
2346,191.13787232073201,4.119293026095365,passed,63,8.92924962965691,passed,26,5.627854552496858
2347,128.96981011090202,9.604689848725663,passed,68,8.02618589185633,passed,59,5.139155178208421
2348,152.1561413569966,8.697770083419877,passed,37,12.952628728375393,passed,22,5.272542960937487
2349,146.9327706353764,5.552079497917301,passed,100,8.500960463263386,passed,88,5.586855711351002
2350,151.49582730410646,5.304956915123617,passed,9,8.863179129964816,passed,7,5.530188886055121
2351,215.81659997595156,3.7952564854789475,passed,75,9.586898310293957,passed,28,5.127122941040607
2352,192.40558448274058,5.2410128367117785,passed,240,8.942263589313114,passed,217,5.473102268841079
2353,162.97394458854612,5.147301770474155,passed,111,8.876132613351096,passed,77,5.215638620137741
2354,181.9029328022423,4.667243050835401,passed,67,8.53562776491641,passed,67,8.53562776491641
2355,152.24934492793173,3.903358857162627,passed,69,8.000877097465754,passed,35,5.024106763187164
2356,150.33334676194906,7.857274310255269,passed,66,8.625024972362949,passed,44,5.066665914337465
2357,196.10678070949882,6.873366103183658,passed,56,9.719618329984359,passed,28,5.021878658889811
2358,143.41173013941412,5.325776886658291,passed,62,8.41582045496978,passed,37,5.263034695064306
2359,135.42915974175486,10.89164702067547,passed,40,8.8524208217434,passed,21,5.018269726210445
2360,195.56709705614094,6.191583602331141,passed,16,8.614525096015257,passed,13,7.0789627058265525
2361,152.17504553872195,4.848371749564503,passed,51,8.716634179127404,passed,36,5.566217648577565
2362,149.68567294059616,9.295947592559815,passed,22,8.10844430653075,passed,22,8.10844430653075
2363,182.23408073641133,5.695396844075338,passed,22,9.334826955889586,passed,22,9.334826955889586
2364,158.78892457513177,5.023344167156815,passed,82,11.164984188588223,passed,54,5.005293397214872
2365,207.38877221694318,3.7103192954439215,passed,61,8.06565327616584,passed,54,6.905988334642044
2366,174.4988191788511,6.176094411382885,passed,54,8.250033655275102,passed,48,5.767503616986502
2367,185.84137543892516,4.319342104940549,passed,103,8.863708127558612,passed,58,6.319095321621182
2368,197.62646829499,5.117902742239769,passed,100,9.708785126512698,passed,83,5.488836536964925
2369,177.49073684559963,6.359540963853755,passed,17,10.006018240593285,passed,16,7.02449463584196
2370,192.7933262316277,4.464728091212251,passed,72,9.227642440106031,passed,59,5.536047382149034
2371,188.92501703229664,5.038232918500292,passed,34,8.642807890195625,passed,13,6.355597644822764
2372,190.72294216363846,4.3592165482904015,passed,132,9.636123929192507,passed,84,5.296976325698033
2373,169.3514619571281,5.595915315385341,passed,57,9.294937748984156,passed,57,9.294937748984156
2374,174.41064724064353,4.787114414673166,passed,87,8.175847665058589,passed,37,5.004638852696308
2375,169.4638984769371,8.003391458873953,passed,216,8.63697093225857,passed,201,5.304722452806265
2376,150.73973896959362,8.011634157546629,passed,144,11.377056686719843,passed,75,6.507759947865033
2377,159.59683763040897,6.283926746757919,passed,22,8.302121766849059,passed,13,5.01051161345154
2378,165.39480306599978,4.302959998528942,passed,49,8.019638825810294,passed,40,5.003364097381868
2379,195.61452024191573,4.292505462965972,passed,32,8.479827514189653,passed,13,5.6780451559481415
2380,161.29680866461982,4.677969391299135,passed,32,8.242837034428451,passed,28,6.009270833856228
2381,187.85085092120514,4.653233045858725,passed,34,8.190617271590517,passed,12,6.814557608625593
2382,211.1656439040325,5.730279083099909,passed,146,8.516994251440257,passed,84,6.8172688210311305
2383,89.92084641118005,13.35867322472162,breach_static,84,-10.579186108023219,breach_static,84,-10.579186108023219
2384,185.339695472857,7.232781975136579,passed,59,8.482061729678225,passed,46,5.3031071616895575
2385,158.44529992701487,3.6653572006200936,passed,46,13.447485610156873,passed,22,6.933131522487779
2386,160.48375070938735,6.635907266062913,passed,37,8.430396171556032,passed,26,5.863566446347956
2387,155.16051268824654,4.569254910653988,passed,45,8.024896023427107,passed,12,6.174771463649775
2388,168.5243535017025,6.2753321837575875,passed,84,8.043038489227117,passed,44,5.00608798353992
2389,138.02548611620944,8.930757524510053,passed,49,8.878557482181758,passed,32,5.0167456323425785
2390,192.04965139117087,4.848705572564499,passed,75,8.548617971939887,passed,54,5.592166091995687
2391,174.9447620567461,5.145949824932069,passed,61,8.334909123191947,passed,31,5.58306211409576
2392,157.9519499873154,9.737887536948751,passed,122,8.009292970303417,passed,28,5.794380779438946
2393,141.77618675194222,4.776113182605874,passed,126,10.237807467139115,passed,95,5.958958199650288
2394,166.53103806376507,6.882149193446321,passed,99,8.368965942949735,passed,58,5.3808646085165
2395,226.61776127594013,4.8192231105420555,passed,148,8.132343991924195,passed,35,5.376227679397627
2396,178.33596297555823,4.765235719460039,passed,75,10.148329255413756,passed,41,5.39901655455548
2397,204.04139432795478,3.769267195766588,passed,59,8.259968421692697,passed,27,5.205304515550768
2398,188.3525394744356,6.52596853493927,passed,48,8.935016006232853,passed,43,6.278613860973636
2399,158.2194828229223,5.114073143520935,passed,143,9.503253423567815,passed,38,5.80952174064755
2400,199.32416850146348,6.065475048523802,passed,51,8.64571114753887,passed,50,6.291515339872267
2401,170.15574786425032,5.203794305979397,passed,92,9.108286880989901,passed,34,5.810168553008754
2402,182.1496974514055,2.90130376312972,passed,75,8.074972582367712,passed,62,5.01347265698433
2403,191.25283128516764,3.8282976289521895,passed,20,8.268700294091591,passed,7,5.096948987915462
2404,145.83036240244013,4.706472567949337,passed,68,8.566343761233263,passed,52,5.429322744002674
2405,162.8793735067771,7.921034777749118,passed,134,9.756250513995779,passed,36,5.550994674332954
2406,140.08953817438558,7.057115436051614,passed,31,8.029348554496396,passed,23,5.899994761753802
2407,224.85053076069525,5.512819919228321,passed,54,8.008065323233993,passed,7,6.4142759619964185
2408,158.82683596402262,4.683065771234466,passed,4,8.314497883570304,passed,3,5.70561959732756
2409,167.89952001179964,4.032756350897074,passed,69,8.449199405707585,passed,35,5.095090816225145
2410,216.5265829216903,5.991157556465845,passed,63,9.619885947116135,passed,49,5.164265445578486
2411,232.56894059997336,6.067328791776354,passed,49,8.531159137676214,passed,44,6.103220340211291
2412,182.46229264667068,14.73558387141202,breach_static,108,-11.262211674619305,breach_static,108,-11.262211674619305
2413,210.17790812057018,4.359394300091189,passed,110,8.188963406499216,passed,41,5.143281948375522
2414,182.16838845072976,5.959062161860131,passed,108,9.574770998979677,passed,96,6.060148980342972
2415,128.1504730464684,7.855266503090324,passed,158,8.159673099006648,passed,150,5.108924556869421
2416,158.79480210971892,5.3107351337017015,passed,22,9.072135399598146,passed,21,5.887145804883187
2417,162.2192569170798,12.296080989723762,passed,295,10.065923902872576,passed,114,5.388409396886362
2418,177.7892664210278,4.856786925857097,passed,21,9.973815656441243,passed,7,5.737027823123375
2419,163.47790619388482,6.02801915405073,passed,98,8.281742160237915,passed,21,7.876149138985822
2420,151.95505474474382,7.7339871606926724,passed,106,8.969740291701545,passed,106,8.969740291701545
2421,176.57931209693947,3.7494203744113705,passed,100,9.206462966035822,passed,99,5.194273949701955
2422,186.75082330468823,8.462548733154781,passed,207,8.805917576533817,passed,84,5.558689124056415
2423,177.8835813146028,7.945979142946603,passed,15,9.731021652822381,passed,4,6.050335949126029
2424,152.61739448507595,6.909883828866508,passed,57,8.820374948607125,passed,40,7.206775314441982
2425,134.92781574618652,4.217552599255497,passed,167,9.773991907486025,passed,88,6.450218126883622
2426,117.15700530616022,8.787359479427256,passed,35,8.000260645246993,passed,28,5.6030106186449435
2427,144.09053354082232,4.545654513128923,passed,52,8.075317433875306,passed,26,5.105162594184165
2428,216.84098001262865,5.099189404782848,passed,84,8.758976031430098,passed,80,5.9405874880995135
2429,204.70583692334387,4.853845614446264,passed,35,8.551041794719417,passed,28,6.820595409900654
2430,185.2854180077518,7.554878791446172,passed,137,12.09501338140424,passed,21,6.284803607511891
2431,188.79362916825434,6.180604896981983,passed,108,8.7119410763703,passed,23,5.313405174894115
2432,168.96582126475832,5.257809293679474,passed,45,9.915914972203765,passed,34,5.790055432543051
2433,184.0866074276186,4.1916404210371,passed,76,8.883608836858237,passed,10,5.263343566195311
2434,173.02246392663108,5.784918401026761,passed,83,8.97331900103515,passed,79,5.026203964366149
2435,200.23858890937643,5.769437273535372,passed,112,8.113358940019921,passed,9,5.572310728588192
2436,93.17025554497566,10.67870351612233,passed,307,8.80400840153901,passed,277,5.062365222499632
2437,120.70459983506106,10.358175605643059,passed,104,8.031720722357605,passed,83,5.018550090460283
2438,211.40350997057075,4.38929238585037,passed,62,9.38857895463585,passed,53,5.010546784759828
2439,113.28765640268105,6.524353922790047,passed,153,8.464819576852879,passed,112,5.017233624263251
2440,224.96322254448967,5.454624906846709,passed,19,8.243576627294381,passed,13,5.723346902043769
2441,164.7598522981438,4.914154077443807,passed,64,9.16546509718128,passed,64,9.16546509718128
2442,219.30403157506984,8.379103772876523,passed,110,8.954896637065236,passed,92,6.928608817057169
2443,178.59096427486026,3.9293449825462137,passed,55,8.00704978802338,passed,40,6.23896337774823
2444,151.0191596456095,4.195718313897078,passed,91,8.994938028295095,passed,75,5.9514423893963775
2445,154.08415714922393,7.374494756611664,passed,113,8.088468410330997,passed,92,5.234363628857874
2446,199.0905590814552,4.380290876909669,passed,61,8.188226752627248,passed,61,8.188226752627248
2447,182.1122690467292,6.498049623047766,passed,5,9.435645010304361,passed,5,9.435645010304361
2448,127.16455228594508,9.279381016114245,passed,90,9.121992837262294,passed,84,6.077777149147101
2449,156.7751479967863,4.65758565555133,passed,84,8.00626797185775,passed,77,5.172092153513885
2450,215.4027532252653,4.233592372240605,passed,83,8.689443133964115,passed,65,5.369794743705558
2451,184.1811504025096,5.687286119593118,passed,28,9.199351311320925,passed,19,5.962529157118079
2452,222.13786567224955,6.791311383612018,passed,84,8.21934072324284,passed,82,5.05456837599374
2453,194.90941662980325,5.851646939886656,passed,83,10.35843320098746,passed,47,5.690992609521883
2454,193.765784244327,6.015073698936405,passed,189,9.309339812517404,passed,146,6.437422382869684
2455,161.8320968920306,8.859348635757607,passed,76,9.004845350349244,passed,68,5.490195151007571
2456,116.80609665067459,6.249688987541159,passed,75,8.746770214652777,passed,43,5.002735491700139
2457,132.8168390396431,5.795798706870245,passed,88,8.588697739443019,passed,31,5.4572559559968425
2458,151.47474541164505,9.675080093875971,passed,127,8.224046827191088,passed,21,5.262956317830159
2459,139.62620202770339,4.809060885250135,passed,30,9.851637408609616,passed,14,5.189294989329474
2460,195.32814438533762,6.578541128363629,passed,50,9.490685759221318,passed,12,5.018319918839165
2461,135.9183839346473,6.704021227899623,passed,69,8.426898199204903,passed,58,6.311264426000718
2462,149.3476427517113,9.168320101782554,passed,209,8.281592899801371,passed,49,5.4973071842496335
2463,123.11056673763763,6.730940134820412,passed,184,8.40758754468045,passed,161,5.075780956872777
2464,167.270583981944,11.51415738836097,passed,24,8.072591926943673,passed,24,8.072591926943673
2465,168.03225454504954,6.3764761234182705,passed,28,9.048701810160376,passed,28,9.048701810160376
2466,233.1290150192118,2.198681256225518,passed,31,11.35197602822926,passed,22,5.0070155520005155
2467,147.5949256504783,6.137100828478404,passed,84,8.109952558801314,passed,54,5.87144899997174
2468,137.17498654606746,8.198106860026474,passed,203,9.502645239612907,passed,192,5.476102138086691
2469,147.46685779587955,4.445806806414888,passed,32,8.91735864962837,passed,13,5.65789765592033
2470,211.18237235528053,4.870747110635225,passed,47,9.009415571059076,passed,37,5.408966717057928
2471,183.81622847108434,3.9370930471217314,passed,38,8.339512834858187,passed,28,6.606734264366243
2472,150.52281891653482,5.047360752537539,passed,84,9.225585941433302,passed,76,5.204636213180924
2473,164.00493562222485,3.3914821508441406,passed,48,10.149211905133647,passed,28,5.7364851678290085
2474,181.59102577223064,8.306946160484326,passed,108,8.584045492262726,passed,13,5.42260482450001
2475,132.22887059377055,8.457338257880147,passed,147,8.158415429896436,passed,130,5.196045921428061
2476,226.46471851555123,8.632916228435175,passed,168,8.614830500930172,passed,66,5.234767667783746
2477,198.07788504992118,8.012772919193809,passed,47,9.893356653991713,passed,30,6.832023235035822
2478,155.83072590887025,4.594563746030325,passed,59,9.448188241501509,passed,22,6.201347491382547
2479,173.7673129992662,5.753108459058998,passed,93,8.189308358269741,passed,14,5.377592185740654
2480,183.66579583618577,5.530819796762436,passed,169,8.178536979291984,passed,27,5.599627395462359
2481,171.60179123489542,7.619814067469004,passed,178,8.5483289609525,passed,155,5.507296324513544
2482,164.66246301655025,8.307894543708755,passed,75,8.515388449633932,passed,66,6.845543904755336
2483,187.47297625389493,10.157234962453755,passed,128,8.58954537040093,passed,124,5.690448447599716
2484,185.350544570277,5.477246871655846,passed,104,8.088759050864835,passed,73,6.796702160131751
2485,142.33950917834593,4.903635150827791,passed,93,8.114656884566273,passed,61,6.537424421819571
2486,201.2306008834877,7.270413128722204,passed,46,8.432668002023757,passed,36,5.723079446738399
2487,144.7384981861867,5.176036336123749,passed,99,9.734424120992013,passed,13,5.563020821827602
2488,193.8566730583449,6.387067469077199,passed,66,8.421930325088534,passed,65,6.31696941582911
2489,196.04370021912803,7.553622017313273,passed,124,9.135428075267193,passed,103,5.954622027359546
2490,167.42588131482853,7.697911849461317,passed,65,9.707759618274903,passed,61,6.028002481508943
2491,156.04014917683196,5.89797185730082,passed,13,8.98267465578284,passed,4,5.863269134553639
2492,204.79698127394553,6.412416023448038,passed,56,9.300902544529531,passed,13,5.01402365310355
2493,201.271687146768,5.689797452892203,passed,81,8.440664926253483,passed,31,5.598205648987076
2494,180.74035743379739,4.836645142380501,passed,123,9.82657166378167,passed,92,5.269127205520019
2495,178.3564131036199,7.703560384135335,passed,51,8.238951113026083,passed,40,5.286404579178594
2496,172.0794607355503,3.8608132681598772,passed,37,9.163765887251007,passed,18,7.319760749294479
2497,195.8322421934434,4.508197555161144,passed,55,8.441080538411905,passed,51,6.33277456172634
2498,185.74135881677535,4.677594446696846,passed,90,8.28687935597976,passed,64,6.782999251347133
2499,144.86746259674496,9.84622994178997,passed,293,10.200865698474848,passed,194,5.074539823704027
2500,260.3611286030049,6.809214082845337,passed,48,8.827755018007434,passed,44,5.644546634149572
2501,167.71143760594396,4.350937661036469,passed,58,11.979928527906791,passed,58,5.724440449812929
2502,206.67994606521418,4.044117235488743,passed,22,8.805343415030498,passed,22,8.805343415030498
2503,194.73259352149262,3.823422233414887,passed,94,8.003751670459902,passed,80,5.024736895711457
2504,175.5922514259565,6.603374023115228,passed,49,8.178148588719436,passed,18,5.173283105271875
2505,197.08629066252047,5.618522356868949,passed,22,9.838543962864588,passed,22,6.09876519243302
2506,181.36514280152144,6.599249994179559,passed,220,8.951961909561135,passed,82,5.171711039869087
2507,198.21300438015606,4.169814504321473,passed,23,8.003731376676093,passed,21,7.193914249396438
2508,199.00838343756612,6.840722874753095,passed,161,8.677743272443594,passed,94,5.00289243299088
2509,205.55329380412624,5.131163278197232,passed,68,8.510767193529034,passed,54,6.399105425360196
2510,203.8278733758278,5.192579834649454,passed,116,12.039032122753767,passed,57,5.310411850242858
2511,175.49290080204386,3.7401988812973928,passed,67,9.07053748458695,passed,53,5.834767133894192
2512,177.54607730003409,4.960529971256493,passed,44,10.752364626394595,passed,44,10.752364626394595
2513,147.26394788693776,7.6786793235006146,passed,66,8.183919920347149,passed,22,5.980424644077842
2514,229.36401272393252,6.482233843354006,passed,109,9.793045651359655,passed,45,5.597990586544355
2515,175.47789059573677,4.609833304313156,passed,29,8.678933498898855,passed,21,5.474610039044858
2516,250.02622150418995,5.988755292328566,passed,80,8.189217264959648,passed,65,5.148991049857354
2517,147.8901455339865,4.300637305420428,passed,55,8.898984753000395,passed,54,6.031066779163896
2518,172.87180732539636,5.754190196253643,passed,135,8.601860693484209,passed,124,5.617125938997614
2519,133.5498390469042,11.871471123159338,breach_static,103,-10.28446540455763,breach_static,103,-10.28446540455763
2520,173.76860700173916,11.95962513418702,passed,36,8.724592157019062,passed,35,5.308491046055841
2521,194.89053479601216,7.422001123993002,passed,86,11.829500059942767,passed,84,6.263772369899412
2522,134.1572633832754,17.910727729753738,passed,49,8.809932656758379,passed,30,5.195055622466005
2523,200.27784950934145,3.7817547432869927,passed,21,8.282970445374982,passed,20,6.746406961383311
2524,164.27886346957635,6.115090594632543,passed,45,8.132693087063924,passed,36,5.038161685898901
2525,221.81374205588193,5.7546924624734626,passed,59,8.594306740613256,passed,32,5.33980561045273
2526,211.97085241532432,3.586053131296236,passed,44,9.074752038685062,passed,44,9.074752038685062
2527,128.64487066174078,6.3442988943279754,passed,91,8.655739649067208,passed,34,5.322342651001799
2528,196.46246550650187,3.0421137673572596,passed,32,8.845950147357119,passed,13,5.928361978516561
2529,160.3733926325745,4.294816212316311,passed,97,8.004622504433655,passed,59,5.51542702753367
2530,144.81440474288706,9.918376719046918,passed,80,8.594928174681549,passed,44,5.497704627856237
2531,173.3579605849613,5.010997882179622,passed,58,8.55739609865729,passed,47,5.608813549316216
2532,159.8563612384212,5.30934751645922,passed,92,8.077292081771791,passed,69,5.51823879855311
2533,159.90566905765337,6.372622970645102,passed,50,8.340106801245085,passed,22,5.256149721357173
2534,136.3876905332989,13.574320872754292,passed,80,8.019629189402622,passed,67,5.718372516261239
2535,144.9243640052814,12.829292197154334,passed,158,8.398456775772356,passed,18,5.377153561491621
2536,181.62102059528848,8.565087553691729,passed,143,8.569945896665399,passed,21,6.890725950692489
2537,155.83773269694393,5.596774565057708,passed,12,9.237120207191985,passed,11,6.589130624227235
2538,180.5641112958285,4.178162908562282,passed,49,8.014063166529972,passed,28,5.166081407955092
2539,118.03166352668026,5.81904294736456,passed,287,8.199949698797848,passed,201,5.0190504929335855
2540,186.2132370838262,9.17158977753897,passed,65,8.018102055749177,passed,62,6.4499622200053786
2541,183.5788468743889,5.030266247948209,passed,47,8.979859759210562,passed,27,5.406274459285032
2542,155.24926547790193,4.941498833923099,passed,81,9.489502947251992,passed,58,5.923585538216014
2543,193.51688789342876,4.042659788708274,passed,69,10.458046551570632,passed,67,6.573168474769209
2544,167.50029639291327,3.7046339690441603,passed,50,8.132945200685725,passed,30,6.787713819088426
2545,200.5796419735963,3.442974701402004,passed,45,8.005968529631469,passed,36,5.0311929984146575
2546,177.79103665281056,3.7981396742199447,passed,90,8.179895240611735,passed,67,5.234938956089885
2547,188.98063748785216,6.161748443517734,passed,99,8.092490832900644,passed,56,5.234997852217371
2548,155.8081392790847,3.8220063913130216,passed,33,8.26515822399796,passed,5,5.183308152030963
2549,199.16195237559563,7.5578049548077395,passed,121,9.858790497139402,passed,40,5.0327831696112435
2550,197.29584380538344,6.665708251411296,passed,55,9.405775585669108,passed,46,5.1916596672871185
2551,116.92138117124675,5.623469944342214,passed,66,8.278628272298771,passed,24,5.013328101433268
2552,205.48902673199345,4.235453356651286,passed,97,9.46110956036974,passed,53,6.401130044316261
2553,207.07981592098227,7.065538077365923,passed,180,8.06130364045805,passed,148,5.211008394289562
2554,208.0663335452984,5.573369417497072,passed,53,12.10409153627927,passed,48,6.294361073933885
2555,130.93079787070937,6.754243518113314,passed,19,8.702650696847813,passed,13,5.39427123896099
2556,162.02525158775862,5.093142882974,passed,101,9.447613830972124,passed,53,6.361916672303436
2557,220.1065031545541,5.115602075157541,passed,93,8.577667378630549,passed,77,5.017332260794793
2558,153.52441436606372,6.253900075133259,passed,58,9.666366813800597,passed,27,5.193119918274314
2559,173.51327390007341,7.389903046041237,passed,21,9.36237956416084,passed,7,5.044221146217631
2560,192.99351498968736,7.938379665296483,passed,14,8.085057653736394,passed,7,5.55348820926167
2561,168.81639089124448,6.368943308630409,passed,58,9.369264287758838,passed,40,5.880531595408178
2562,199.67598027033748,5.258478141337884,passed,103,8.422932585930877,passed,27,5.110703856352372
2563,218.6685448648102,3.843239306413282,passed,47,8.214413504052033,passed,37,5.172958981412901
2564,143.710634419608,6.551793217012371,passed,213,8.205140241717078,passed,120,5.1483475211293594
2565,164.03184760507634,7.87473294606142,passed,95,8.084858762241542,passed,69,5.010380522798652
2566,168.79988881973426,4.482192801668085,passed,35,9.258703663913593,passed,25,5.485389930018458
2567,244.98822787270765,6.059128462779171,passed,88,8.282277318615773,passed,57,5.10229741550432
2568,226.93491398585635,3.780616695600166,passed,24,8.428890427272261,passed,5,6.412041886640463
2569,178.08712802887607,7.645019046214853,passed,120,8.297533710364435,passed,117,6.8211842464588335
2570,184.0103537420438,4.739324923339916,passed,49,9.301653933531838,passed,26,5.870499005123464
2571,184.20298428716205,5.889325830485601,passed,32,9.448611134739249,passed,22,5.587041204874632
2572,230.96469572314615,7.324363338791673,passed,88,8.106802845136741,passed,25,6.342887201186809
2573,92.66040392435858,10.069175479741196,passed,167,9.120588048197686,passed,64,5.744911853191903
2574,232.77878662877563,7.020870954895359,passed,42,8.377549870316425,passed,28,5.631242525332558
2575,135.52735071413653,5.440813988889907,passed,156,8.5027247536694,passed,113,6.149760103815294
2576,149.55039906508043,5.496570999946925,passed,101,8.828299503319958,passed,99,5.385323975685408
2577,202.27707096197727,6.106943297129706,passed,56,8.770715955106168,passed,13,5.105731175086459
2578,116.85825510186416,4.822409827620273,passed,91,8.019344144938657,passed,28,5.5554062277977545
2579,163.00439508447408,3.697000981008235,passed,105,10.320490237837321,passed,68,5.366921228737098
2580,191.17927113387574,2.901573276018292,passed,21,9.567708272904563,passed,9,6.760472464038658
2581,204.8219222758029,12.044135102978036,passed,57,8.717194612211898,passed,49,7.720107524920428
2582,241.34945060348807,4.496504725723413,passed,14,9.368269840237442,passed,14,9.368269840237442
2583,190.59690301114682,5.783374065107473,passed,108,8.05593218261922,passed,100,6.06602509204397
2584,217.03453909627282,5.011719350224745,passed,99,8.027420208919533,passed,68,6.277592713410329
2585,156.64955863147748,6.665952928759995,passed,93,9.285301637104148,passed,69,5.290769302841802
2586,189.76992227081215,8.480159357163974,passed,110,9.001798293356966,passed,36,6.402965201372068
2587,176.93728658017784,5.202799905865749,passed,38,9.386914458334461,passed,18,5.851729265228833
2588,143.75486852770777,5.680099050417999,passed,267,9.654199019882693,passed,168,6.510740718067987
2589,185.72936258542455,4.311733475338346,passed,58,8.380173957256387,passed,57,5.190358997309441
2590,136.32378706267926,7.464945739598969,passed,80,8.120729241518587,passed,69,5.5824070400845915
2591,137.21436871905587,5.138601275210812,passed,34,8.5182374987268,passed,21,6.90688512317128
2592,182.63205552170322,6.673873925006947,passed,34,8.024865700857475,passed,31,6.361239321401091
2593,199.49249891294266,7.484132269139741,passed,138,8.117103207323751,passed,121,5.420394067008116
2594,169.20030105523537,4.90657695096891,passed,85,10.223164329066247,passed,72,6.616151913117219
2595,155.01788148128313,8.894200282182071,passed,89,8.439363193592285,passed,12,5.721011133385234
2596,190.12034867922947,4.253396486593655,passed,80,8.093304252032807,passed,40,5.2384010730655906
2597,161.77541736463232,4.849578848403495,passed,84,8.811695193928326,passed,63,5.204001883791087
2598,159.94322574004377,3.5887964725329033,passed,96,9.761412947548509,passed,69,6.180782230431259
2599,202.62433005496803,4.150379321093327,passed,24,8.688173943340761,passed,22,7.504663877938889
2600,193.71023429649367,4.271540334900482,passed,84,8.212168324754842,passed,19,5.489812631284341
2601,168.5987850158897,4.759783841847032,passed,24,8.010245017452245,passed,12,5.646116572317994
2602,121.97200959769346,7.363854068966382,passed,134,9.529735716301913,passed,122,5.205331598892182
2603,203.28623405508117,4.605160311669107,passed,137,8.218808952603984,passed,29,5.127392801109343
2604,210.40801633463587,4.8905580936179724,passed,103,10.531496805002028,passed,71,6.484389563115833
2605,204.86005313768038,5.949032076398334,passed,120,8.349248283820598,passed,109,5.190746406545665
2606,173.80455038856596,6.101508667391562,passed,67,9.199679623156086,passed,35,5.324060803997832
2607,145.96436544840543,9.343871935169075,passed,96,8.375536576033028,passed,94,5.181027504491897
2608,168.3273705399547,6.021508759880159,passed,195,9.521406247071052,passed,180,5.55834569801803
2609,164.17591749438625,6.073121735814459,passed,40,8.626097735086535,passed,40,8.626097735086535
2610,173.4893413724775,3.577666618540117,passed,61,8.347892000476588,passed,45,6.041209496352029
2611,211.16426337447263,4.188905921373739,passed,63,8.63072232322093,passed,9,5.525814162553444
2612,182.9660569504712,5.201449043361635,passed,27,9.00243546182753,passed,9,5.111537746082617
2613,200.13724714319258,5.118228578343759,passed,151,8.173744691729912,passed,132,5.007142792608255
2614,194.57997077477563,4.93661084648881,passed,90,8.600618651741687,passed,66,5.04769640007483
2615,218.2884538290012,6.664342462076933,passed,111,9.370267080672722,passed,32,5.111358949722522
2616,194.92198848121342,5.256991683319366,passed,75,9.366339399924883,passed,32,5.0237804843018985
2617,147.89304595539656,6.77571885275863,passed,68,10.449048526878467,passed,18,5.6757873090385935
2618,173.6902040760183,3.1216045744785013,passed,88,8.015558829503334,passed,67,6.0095720817086695
2619,211.74859860980203,4.553807771468856,passed,59,8.310796132293795,passed,57,6.251442423301579
2620,170.77262806630412,8.343320164249858,passed,132,8.252177854270082,passed,118,5.192430262320569
2621,183.8162371751359,4.9640977129102595,passed,84,8.480204108456157,passed,41,5.0753802246354285
2622,191.63738550347006,5.867787973582691,passed,30,8.298974077576293,passed,27,6.900011365745673
2623,179.35761617136507,3.6518762521005708,passed,61,9.256490490068913,passed,55,7.78163169153705
2624,194.92076460770335,4.926307659931329,passed,15,8.626372600614317,passed,15,8.626372600614317
2625,176.49734040151742,11.560987747602521,passed,26,10.123151495353277,passed,15,6.2173326870107015
2626,217.0191771792406,4.128269951551142,passed,59,8.011694939339264,passed,49,5.4837235993230316
2627,192.84395232144823,6.002404211887511,passed,61,9.055595048888886,passed,55,5.019637179836067
2628,239.8803392102369,6.268310702836972,passed,30,8.907847083457533,passed,29,6.405932745263443
2629,211.6351486467009,3.9682789822176203,passed,28,8.17428739371433,passed,22,5.133733081910918
2630,202.1109716051333,5.926943931534591,passed,95,8.468270757104301,passed,40,5.013584035722407
2631,154.19914283359373,5.286577636413025,passed,124,8.481296014161765,passed,108,5.572098858673713
2632,201.01394387945405,5.993095124040628,passed,59,8.726506585400218,passed,49,6.2251919026667935
2633,191.94503713381445,4.874502944246344,passed,46,8.233262334387636,passed,22,5.046049982894885
2634,194.6341662203567,3.55994027390318,passed,97,8.940375916880129,passed,96,5.801505069823265
2635,182.05282110545352,5.4011979515532085,passed,68,9.229372177337547,passed,63,5.351231361012987
2636,165.91411080167452,13.039528531767747,passed,79,8.991953241023264,passed,74,5.383118336150661
2637,172.3184093668651,8.498078754819915,passed,68,8.275317321603403,passed,49,5.731675620276255
2638,207.49672847003117,6.2088884396683355,passed,131,8.019986501019428,passed,49,5.264206166597307
2639,218.33302586931006,6.908677725515252,passed,24,8.28353545110614,passed,21,5.083182209317649
2640,228.55944643850248,4.4906355034328795,passed,76,8.407370925104395,passed,21,5.616193715867546
2641,184.4566580114167,2.6723997213940898,passed,22,8.210491958704536,passed,21,5.44810384520662
2642,135.66735980697277,11.124200165105371,passed,61,12.105659643004717,passed,28,5.540299337731058
2643,157.6842989765426,3.362912556396819,passed,79,8.946988774562058,passed,73,5.202048911095503
2644,186.8545479555725,4.283149794412955,passed,75,8.302217671267154,passed,62,5.271520430282539
2645,228.03960678013718,5.4068470402971425,passed,59,8.659374665037522,passed,35,5.267282656151551
2646,200.6104234187379,5.461231990490952,passed,89,9.408132478075416,passed,66,6.265995824107695
2647,155.02067598156404,4.9333801545794005,passed,82,8.720656343853683,passed,70,6.892638373315729
2648,169.5787449316593,4.970063349731612,passed,102,9.701969330746962,passed,90,6.217353535311099
2649,205.13783212523728,4.925418255087483,passed,35,8.111356981050367,passed,28,6.176603105247347
2650,194.23461266553605,5.296076685810515,passed,93,8.028384848245373,passed,24,6.061578628472719
2651,171.19182517148772,5.551855752783005,passed,100,9.033208430299533,passed,82,5.25576579608773
2652,148.47004550222067,12.888792922954572,passed,21,8.443779756215108,passed,12,5.2495187841690605
2653,200.7295924486188,4.507097671270904,passed,109,8.026334619216758,passed,99,5.103355031418033
2654,195.52084104339022,4.385797107001613,passed,126,8.862084104563284,passed,120,6.732069373323912
2655,178.52924503209607,7.492581929598484,passed,63,8.444714682103793,passed,59,5.579634273297884
2656,141.49581313552923,8.855740206288491,passed,85,12.807905372947669,passed,68,5.050909002860604
2657,137.9004268945691,6.746504102055936,passed,201,8.14597352573172,passed,156,5.024345842043743
2658,146.61719924946945,7.491354125273005,passed,136,8.023216539432143,passed,125,5.621901638007509
2659,161.82548690316088,8.446973080307092,passed,89,10.55434002616602,passed,61,6.116054999367315
2660,208.71566249286477,4.5261411186994875,passed,44,9.097859685319287,passed,40,5.89595108948211
2661,186.551488864789,7.76957668972441,passed,173,8.070314665437262,passed,28,5.848620861358911
2662,140.44616334535255,4.975400019323421,passed,165,8.533542550743567,passed,103,6.001858384139713
2663,170.61286857231613,4.625623072592544,passed,78,8.004394644639357,passed,49,5.144029364400926
2664,219.64077288464873,4.588993744260492,passed,74,8.428852487791705,passed,54,5.2069251433098485
2665,214.42036417472602,4.0153196349100115,passed,134,8.852901647083922,passed,89,5.193766634657848
2666,195.83030062739147,3.8676837371657995,passed,28,8.259327183690868,passed,18,5.582020520811093
2667,137.56842132942006,8.788501791663226,passed,28,8.219961090037643,passed,13,5.145124296188919
2668,190.10671481952812,4.140245889811158,passed,155,8.886779706643377,passed,65,5.2185767972654284
2669,172.06414257065927,6.012996606382433,passed,16,8.013961494418332,passed,16,8.013961494418332
2670,168.77049402588383,3.8404096094265627,passed,95,8.049005208955595,passed,88,7.679851019913664
2671,156.48999084719125,8.286490922523393,passed,110,9.134103258715465,passed,106,6.486163647669918
2672,187.33355971937021,6.094213075984688,passed,62,8.403523226206588,passed,49,5.052758025867088
2673,181.80417523296458,3.2935407264925054,passed,12,8.560429638758805,passed,8,5.75939822738829
2674,174.37133031835353,6.51693524801516,passed,90,8.13928277803897,passed,84,5.0038795852416
2675,170.52625710886514,4.439112479679757,passed,38,9.579218858124449,passed,21,5.012644027143454
2676,149.7337788753543,5.537284540344121,passed,79,8.657651623375063,passed,32,5.982787356859487
2677,233.3275111886383,4.375522721162048,passed,154,8.514145141864526,passed,43,5.0551858247930515
2678,180.561700258111,7.396902820375765,passed,58,9.227973279220292,passed,46,5.592978084637856
2679,160.53581942463376,3.954944104303384,passed,67,8.273698661711503,passed,24,5.129998258719559
2680,172.11067126256157,4.205858390159557,passed,93,9.159890514323399,passed,88,6.712628770400397
2681,176.15472618613742,4.1564604643096015,passed,150,8.082338641940435,passed,137,5.336456039639259
2682,120.89949318911333,8.208216479844529,passed,188,8.3226637902164,passed,166,5.215968230586787
2683,240.36177016675006,3.9869715471245284,passed,59,8.003612757552524,passed,13,5.337247485370322
2684,154.37602322483187,5.436433840853789,passed,35,8.16073220840594,passed,27,5.005402601173192
2685,173.0556120364616,5.290867707584387,passed,57,8.090742549312235,passed,54,5.440036075768151
2686,198.41959171445654,3.8617837174176697,passed,92,12.357772904756303,passed,69,6.677075525228893
2687,88.60970286441585,9.024924693490542,passed,64,8.21598084205375,passed,40,5.014168950862796
2688,137.5637567546409,4.699936239845972,passed,79,8.497858569420579,passed,28,5.651479296636408
2689,203.092831660388,4.1209828261700245,passed,69,11.922214265309306,passed,53,6.454585346607988
2690,189.86611333689734,3.848560653715412,passed,56,8.108101636112819,passed,13,6.056127182294269
2691,157.1337187995176,3.637540774721358,passed,40,8.005070929217627,passed,28,5.119724438474305
2692,164.2355349567005,4.190493464948742,passed,64,8.835143559203186,passed,13,5.176322857889271
2693,211.70829597028091,7.959895025001654,passed,156,8.131656363040829,passed,138,5.098337593953417
2694,152.53494186616084,7.552772419143358,passed,119,8.536382128756003,passed,71,5.0454071878805795
2695,184.18765492322882,4.714510299597403,passed,66,8.293510798938964,passed,50,5.0150128219766055
2696,197.6394122906368,4.256535308022625,passed,102,8.065238062265333,passed,93,5.3246079613795905
2697,136.94983807949905,7.523847532700481,passed,191,8.112965368177182,passed,23,6.066923701488114
2698,193.0850496711158,8.749305061461014,passed,83,8.225744731091233,passed,54,6.680703032657531
2699,136.32603468045613,6.58082765564542,passed,95,8.014758723287429,passed,91,5.635795077990635
2700,168.0731593927315,7.4300233853402275,passed,98,8.008520079725677,passed,69,5.140477667962506
2701,223.0402778987607,5.436061520092885,passed,52,8.004705314101713,passed,29,6.400171507924579
2702,214.91307072609408,6.1636815758001084,passed,90,8.818964386989547,passed,48,5.121181908625005
2703,225.1776278797291,4.618202233147549,passed,72,9.170872735640835,passed,32,5.543874866000409
2704,169.8115232577024,8.067122214359483,passed,46,8.256795829253782,passed,18,5.011882310613136
2705,224.60934282408212,6.176318716247265,passed,59,8.975446170261247,passed,44,5.297793299262898
2706,185.5221579147114,4.59608675718228,passed,49,8.451376595499372,passed,47,5.3627496769755645
2707,241.46041727236357,3.7596289655388984,passed,58,9.38553472817507,passed,42,5.148053386212914
2708,186.18097750937798,7.976816861727068,passed,143,9.01757253003197,passed,34,5.182725672657096
2709,184.31825404978278,4.450352234346638,passed,32,8.03049688313413,passed,30,5.506813334071059
2710,221.86457274707755,4.585518001416446,passed,43,8.381566014334062,passed,38,5.747643097615973
2711,243.4032515148929,3.152310215730324,passed,68,8.836160370220414,passed,33,5.066216349697172
2712,176.24498496566474,5.151868239315922,passed,32,9.881566225147488,passed,12,6.648751215515181
2713,172.32164576488543,4.451942058997397,passed,26,9.541157113931241,passed,19,5.06291696492096
2714,170.75492651585085,6.180419252594932,passed,54,8.46303226377425,passed,30,5.1291574968437725
2715,182.7071807564669,6.332882201507416,passed,108,10.268511237025058,passed,38,5.263009534767149
2716,218.1509130322763,8.67581139244475,passed,64,8.015168758170677,passed,60,6.069420593139507
2717,166.47910456715945,4.470432603059886,passed,60,9.711925150707001,passed,58,5.203985065572914
2718,192.21780157717964,4.554266295753291,passed,65,8.42163072103206,passed,48,5.563803169782289
2719,181.88991087523198,5.99358359820727,passed,43,10.467893213209955,passed,32,6.738054169325869
2720,154.7526868498148,4.094230574823263,passed,84,8.644425241548714,passed,73,5.003291682599342
2721,246.22459870705597,8.877040262255239,passed,69,9.185443671884762,passed,54,5.557079936521814
2722,136.23525335175697,6.924108450057351,passed,97,9.698694158070499,passed,72,6.257924797698977
2723,149.84274999469372,8.27710592216187,passed,186,9.223021837875578,passed,158,5.023471249864797
2724,201.47215153732665,5.06989957169891,passed,98,8.969818758607161,passed,87,5.008118112596827
2725,172.00323860908333,4.234868222495554,passed,58,8.170908543655898,passed,51,5.063255965793778
2726,205.78212470748412,6.166295503829293,passed,100,12.66928325833998,passed,100,6.392904601848914
2727,149.59183907137293,4.779628484300716,passed,94,9.939370705829308,passed,90,5.107983460797905
2728,227.7602637015877,6.102800526253288,passed,156,8.385097858281476,passed,99,5.193496921904317
2729,185.80276249460326,3.5275261251724843,passed,40,8.655307826565917,passed,31,5.423599398777745
2730,142.2357233406201,7.292752121711987,passed,68,8.004247977299528,passed,63,6.327499067364251
2731,180.52723644767653,4.05398386587934,passed,67,8.534408217608336,passed,48,5.140051813918012
2732,148.25759368392872,5.793087798575252,passed,59,8.176961968442553,passed,33,5.710339297986411
2733,162.5067886467599,7.553521871810546,passed,97,9.230966105099835,passed,81,5.330713526725761
2734,176.55805630373115,5.613984217735695,passed,68,9.85194054920282,passed,57,5.976051986669217
2735,156.87980940773775,6.648082864191535,passed,209,8.005686524298294,passed,73,5.169425165494879
2736,178.2256458911446,6.370831195326504,passed,79,8.966627858859578,passed,49,5.509640195375387
2737,162.8130739385845,8.224994846463538,passed,86,12.227061200396584,passed,66,6.725686217336779
2738,148.8079506321709,4.634220034645995,passed,146,8.829770036332096,passed,121,5.025561018578872
2739,152.43259555278024,7.495561685188466,passed,15,8.208426434803794,passed,14,5.581327430236249
2740,128.4932859854409,9.965270329546758,passed,63,8.602716071843798,passed,62,6.00415754536725
2741,152.36486194477203,6.897507892909732,passed,143,8.836275032533724,passed,112,5.727051356722934
2742,206.14003027176972,4.057241224566664,passed,38,8.008840921196025,passed,24,5.203709075974139
2743,196.71883401257935,8.303862255051705,passed,21,8.484792997178992,passed,18,7.256090838340201
2744,204.6863701864753,11.021546309114225,passed,22,8.606779459218728,passed,19,6.53507404463971
2745,170.8682349927765,4.710397790971424,passed,49,8.045832008391528,passed,21,5.0176740880071735
2746,231.9516284201978,5.671290518131176,passed,60,9.188498311842386,passed,36,5.903786751307538
2747,161.37330313398758,5.377943658210857,passed,76,8.66583991280585,passed,57,6.075620357948286
2748,187.63402058056565,7.9345494556817995,passed,71,9.418768098998509,passed,48,5.008416946899885
2749,194.3700449554568,7.7171195124160805,passed,157,8.164647287371052,passed,139,5.017994142773019
2750,204.8822910973398,5.068280382852987,passed,17,8.558443895989608,passed,8,5.602476605901074
2751,262.8074778082769,3.3398010794924313,passed,33,8.368012080757637,passed,27,7.15888902287849
2752,186.84541760933158,5.616763717994331,passed,77,8.033568768787891,passed,65,6.369531308737297
2753,196.23559158797391,4.069064008041586,passed,86,8.000573405364818,passed,49,5.138490538281526
2754,195.55085564939057,6.046655885921621,passed,88,8.561158791836053,passed,84,5.970070310035713
2755,232.8610604315801,4.577556943383938,passed,107,9.204908205025774,passed,72,5.492546822660005
2756,128.23709241269282,6.400063897957773,passed,54,10.60292749233871,passed,27,5.243294388013564
2757,185.19616300004046,4.5309303325341075,passed,13,9.421684951185405,passed,8,7.340983342824359
2758,172.88844496956966,5.728077347448681,passed,77,8.01037081545739,passed,68,6.715419922400145
2759,166.63002126900804,8.223963961418388,passed,58,8.923191900097493,passed,49,6.538363504341649
2760,221.9716887850571,12.99313142383263,breach_static,49,-11.11867328534043,breach_static,49,-11.11867328534043
2761,200.71194805074742,3.7581008289283213,passed,76,8.72418268697479,passed,27,5.061790220616746
2762,210.78042607537117,5.244448513588611,passed,154,8.9624693795602,passed,115,5.694033740967264
2763,187.14233932449855,7.447433831872543,passed,102,9.079092808476407,passed,100,5.0911131663293085
2764,222.57136982565854,3.4502118054523794,passed,42,9.307762732463098,passed,34,6.5816751891695
2765,175.55900801352053,4.056788655786953,passed,61,10.043839551637124,passed,61,10.043839551637124
2766,174.2473270595665,4.854941753911795,passed,88,8.110283785761197,passed,80,6.393287728045349
2767,219.97024263514703,4.978524579252664,passed,51,9.008988521524653,passed,22,5.3118143247311345
2768,147.01282265694599,5.830931546600396,passed,93,8.058561631700067,passed,59,5.218917350762364
2769,242.86492677076518,5.428585330787093,passed,79,8.003924787096906,passed,60,5.317631191446437
2770,172.70801614375944,9.82718802732838,passed,139,8.299233793012096,passed,26,6.113417889942219
2771,229.26266820660092,2.8340249264771082,passed,47,8.091628870158086,passed,32,5.005071414127715
2772,193.52578509260061,3.8910970347768097,passed,44,11.638706709757773,passed,34,5.850442898652974
2773,168.30275785117576,6.811360359373429,passed,27,9.039980874399966,passed,22,6.0971344724987775
2774,191.54660984249045,6.289044102366257,passed,142,8.091369511909697,passed,111,5.749507133970999
2775,180.91761971324652,8.701831839708309,passed,53,10.959121715897702,passed,22,5.160535872460303
2776,201.6099670578809,8.00701874054549,passed,73,11.494045156298704,passed,70,6.008947411399124
2777,149.27968504439048,9.826480040163524,passed,59,9.377181035165272,passed,25,5.487693368020707
2778,187.10990849076072,5.347883796560516,passed,28,8.117551688112679,passed,20,5.858214007413309
2779,199.6463296113927,5.944521370826487,passed,90,9.141198051711342,passed,80,6.139289077290844
2780,120.9075403796655,7.06461905179796,passed,64,8.007929538166758,passed,32,5.017817120889023
2781,194.1762261941512,4.607444567242462,passed,87,8.72908326014965,passed,68,5.274955645333512
2782,166.4019983562934,5.316309962367699,passed,54,8.920298697401341,passed,32,6.522186820419629
2783,168.467002405488,5.085824095250753,passed,48,9.665854245857485,passed,43,5.613245484173057
2784,153.41049351960424,4.640981802840714,passed,46,8.73942757505215,passed,12,5.339173350402571
2785,181.53972686830988,6.102069880454496,passed,139,10.854232789627872,passed,114,5.124653671663237
2786,255.12128722751862,3.9462394819320714,passed,33,8.492595951473492,passed,28,5.014007433951595
2787,190.6357653165455,4.347697926176521,passed,76,8.034386270930982,passed,22,5.444834183593761
2788,133.45269383069657,8.0546791436835,passed,192,9.216682164743407,passed,141,5.117077502110456
2789,201.87435392935825,4.531052245642765,passed,119,8.471180461582106,passed,98,5.37717872705894
2790,128.0937057014384,4.970020512229262,passed,50,8.71845916968319,passed,50,8.71845916968319
2791,206.73223384891398,5.828296100300709,passed,100,8.068892687545247,passed,62,5.3126609032066785
2792,156.879919583801,6.582251840174809,passed,58,9.129036204428997,passed,27,5.008326221171688
2793,141.6619271757853,10.885802588660104,passed,27,8.560538207148817,passed,18,5.634269691572014
2794,240.0817162069984,7.7178651608854665,passed,90,9.291376667290052,passed,15,5.299655630107614
2795,121.46411683733777,10.370934778947442,passed,51,8.705386878218224,passed,32,5.534368133382617
2796,184.41075732519212,7.215163627573134,passed,159,8.379883995643578,passed,95,5.0061554648331175
2797,165.66677463953283,5.464779621913753,passed,40,8.923101478584329,passed,27,6.435805701572184
2798,141.5375647823522,5.7564062366231346,passed,46,8.56041352430308,passed,21,5.697067211970008
2799,190.45083172599752,6.036917237406946,passed,90,8.454071041961186,passed,58,5.257570514820431
2800,173.61198680912864,9.847969780812203,passed,45,8.077432375201221,passed,23,5.384268547216098
2801,160.36807535719242,5.649229942913168,passed,45,8.078704766709732,passed,28,5.225987601479298
2802,201.79261917920505,3.523210562520264,passed,48,8.613998616904283,passed,47,7.009602195999354
2803,180.5129591985419,5.781931586174605,passed,21,9.697446813595478,passed,8,5.820552803785439
2804,165.8394696122111,5.287394140073742,passed,130,8.238693198580304,passed,112,5.247025534108851
2805,195.72882987001975,4.85018266892465,passed,64,10.496769578618315,passed,59,6.790935417783239
2806,127.27395066279973,8.387009565775399,passed,63,8.29520122187828,passed,32,5.323182392190717
2807,139.84124017320175,4.508741488213299,passed,43,8.917188992498781,passed,15,5.3884126599837545
2808,193.9319885865615,6.025033615368551,passed,48,9.304410076473623,passed,46,5.042991199985125
2809,199.77588424392673,3.622380130754326,passed,35,8.51900922967188,passed,18,5.725545816086841
2810,169.96697925959685,4.702781856538068,passed,54,8.01008380652024,passed,22,5.080419129040981
2811,144.3698394066443,7.01666586355576,passed,89,8.5364584124898,passed,75,5.014907321055806
2812,175.3800732589743,9.5746309507806,passed,85,9.552701378793182,passed,52,5.223957998094342
2813,151.5889248490537,6.713845347870132,passed,90,8.886731012725457,passed,13,5.175649999666065
2814,182.53684005670988,4.245945201828142,passed,35,9.13458944667218,passed,35,5.71848833570896
2815,163.8947949853983,6.823099148346823,passed,62,8.006408187764347,passed,54,5.51702067186457
2816,169.79026034634353,6.211037701402148,passed,48,8.870474414015295,passed,38,5.037931171491694
2817,190.04590481021012,5.657811252282312,passed,63,8.0301844594022,passed,21,6.569665214432496
2818,202.30568016238868,7.5928429287013515,passed,198,9.266016471753513,passed,168,6.268447260750687
2819,130.2596313720612,8.40423892590525,passed,36,8.63352507011883,passed,24,7.215439103472021
2820,193.7734930358907,3.9132948090259627,passed,100,8.311645123763721,passed,85,5.717363864799019
2821,141.87396252768875,6.835910788948986,passed,59,8.000479435500797,passed,12,5.964573220432512
2822,184.9988377272921,8.992550870626905,passed,115,8.218316927264357,passed,99,6.0201119877495435
2823,137.91240498909156,4.988156153507062,passed,72,8.596541361824638,passed,13,5.033911368990207
2824,184.53357835840697,4.85267007756056,passed,155,9.465064669955536,passed,80,5.01430846555031
2825,134.82777405734828,7.191916617881175,passed,30,9.789239213658885,passed,21,5.783176809993229
2826,136.3691057851464,5.894025986526151,passed,40,8.97378104358204,passed,36,6.057474862729828
2827,139.85160449075505,5.420296003632296,passed,22,8.153134964572462,passed,21,5.344624811291987
2828,136.39315791782641,6.832788980134696,passed,101,8.022762203204037,passed,83,5.104244435291139
2829,202.19872483195124,6.232599445555185,passed,84,10.489434774093652,passed,61,5.153575577237768
2830,157.02880520085833,11.017801362401055,passed,33,8.862735334952166,passed,21,5.386715373380335
2831,207.98181041821513,3.7943503971583747,passed,55,8.083531504630415,passed,29,5.848341655734157
2832,189.60641215762615,5.234187774624701,passed,52,8.367916236719463,passed,28,6.206118406758843
2833,178.58378262647827,5.70621101628218,passed,75,9.629433150935697,passed,49,5.591959002410896
2834,164.47183611827532,6.037356020574173,passed,93,8.9431693518492,passed,93,8.9431693518492
2835,190.51142325811657,5.845577954863885,passed,28,8.150381332062295,passed,8,5.207770135557044
2836,191.7948029529097,7.064029916806658,passed,57,8.331636990112546,passed,52,5.012182845701929
2837,120.86678026652278,5.753481877776453,passed,22,8.012224729696582,passed,6,6.503948762512768
2838,152.3041676805268,7.102879574264406,passed,117,8.007326946573578,passed,52,5.190676148056972
2839,159.3844474713447,7.238873773172755,passed,22,8.017222632207964,passed,18,6.582042539997501
2840,157.22029901050135,7.123239106520963,passed,133,8.010033446969821,passed,41,5.015563969401349
2841,180.59335012056908,5.061710442671559,passed,19,8.530853429652208,passed,10,5.737769390628111
2842,146.63341690241515,5.949189741681466,passed,109,8.430034656853213,passed,105,6.1672341881606085
2843,202.71807807029606,3.8492713548652397,passed,21,8.860478587917676,passed,12,5.775457221750213
2844,182.90480656614753,9.661886522395694,passed,27,8.154052386402544,passed,27,8.154052386402544
2845,158.1864071770142,9.2444802829502,passed,55,9.08420579936491,passed,40,6.8741457963694685
2846,162.28379959588116,7.803097436018695,passed,99,8.779978984196157,passed,58,5.368046910854973
2847,134.65541107550146,7.552755035865536,passed,35,8.767737024339528,passed,32,5.354526372302426
2848,133.33334823039414,6.892300567141292,passed,59,8.385980477120025,passed,38,5.004015239911919
2849,214.66729741911354,3.83783033337524,passed,55,8.028657118662474,passed,52,6.833053806572931
2850,115.8071105583915,6.590556882248413,passed,135,9.883447995105499,passed,96,5.996192441297654
2851,211.7330443314978,9.575080114314522,passed,67,10.573079540328333,passed,44,5.017219726709743
2852,163.08575934806439,7.232403314982892,passed,152,12.445463665280855,passed,132,5.039056016001053
2853,180.93333907663015,15.48318861118028,passed,322,9.392380343908213,passed,18,5.435333391797714
2854,152.78529140119863,5.877225716458915,passed,113,8.012362942141781,passed,13,6.232000982384989
2855,228.25643636840468,5.268486513090786,passed,93,8.444466607731837,passed,25,5.008472311366874
2856,109.179499264929,5.811934468132668,passed,68,9.022583985493071,passed,36,5.377276322752023
2857,188.51553551274,4.25841783756846,passed,100,8.209055501603512,passed,24,5.3058250372372
2858,169.9418714017906,4.385043772182846,passed,58,8.400063472324826,passed,26,5.530138473858814
2859,199.11161852270206,3.863319249046524,passed,53,8.060103361416449,passed,21,6.07670222867096
2860,177.01767300944925,11.380630769801371,passed,42,8.212145710698039,passed,12,5.0219622755344195
2861,173.71490970441266,5.161671598162977,passed,60,10.39090779088021,passed,60,10.39090779088021
2862,193.4822147512707,4.680595597576949,passed,57,8.206690259313444,passed,15,5.027047619768665
2863,97.5295201547975,6.576175678801081,passed,98,8.50042562013542,passed,30,5.303104262690805
2864,149.399141923063,5.8734790599083455,passed,151,8.628484834908567,passed,113,5.133550533802866
2865,175.40129029494568,3.7229427779116926,passed,118,11.583308850756758,passed,75,5.506651295616183
2866,160.48397197467472,7.835393965861051,passed,209,11.863010753783554,passed,197,5.02036569829456
2867,188.97879518617682,6.34551977219796,passed,37,8.081155536894213,passed,17,5.67457241005529
2868,147.8112618128513,4.907559886179403,passed,46,8.01582697734422,passed,34,5.831755746641831
2869,168.4478091115349,4.1793240077431255,passed,24,8.285654734880254,passed,19,5.5430945713623725
2870,206.69906818568978,3.678888559548152,passed,49,9.215149543617663,passed,28,5.005107732010172
2871,197.09255684510808,5.115425858636267,passed,29,8.716641451930872,passed,24,5.408618362734385
2872,206.32605624652874,5.107850429547365,passed,93,9.778281877267814,passed,27,5.51704697518467
2873,152.09157307439426,10.053350324879828,passed,58,9.180437749216441,passed,30,5.316144534579426
2874,143.4805037729742,8.764235901205959,passed,78,8.70371251788049,passed,30,5.006727933151112
2875,144.23376663993702,7.552204506294675,passed,92,10.031331247317098,passed,88,6.349873892947699
2876,219.86829978406354,4.212697563919668,passed,57,8.00672147192476,passed,49,5.303851928270098
2877,166.32971997843802,5.408194185723436,passed,8,8.505015502317326,passed,3,6.018315926730922
2878,202.62675474513284,3.413816158844584,passed,41,8.112357502087697,passed,22,7.803781524753672
2879,202.1193326799899,3.839258897711705,passed,44,8.016488779503028,passed,38,5.567844807384392
2880,179.0732972978819,4.230197250114537,passed,44,8.201327868372154,passed,36,5.633614301415957
2881,209.88098220868824,4.746254401564396,passed,23,8.371166236896176,passed,8,5.0794812153099445
2882,209.2510683446298,3.7480134551356326,passed,110,8.11517031429485,passed,92,5.0042077520716655
2883,206.9132021983977,8.107623961255133,passed,88,9.873254709745204,passed,59,5.58896189672462
2884,107.43228802643326,6.267533634406129,passed,60,9.062663271345016,passed,30,7.135610911448231
2885,178.36149333842863,7.674030683731468,passed,54,8.849450088681943,passed,21,5.314455910122984
2886,221.4806280806706,5.808275275524392,passed,79,8.365149313048125,passed,27,5.1277511380839025
2887,222.46112302629143,4.8189738307313466,passed,24,8.217515838602107,passed,18,5.000204646572048
2888,131.76734795706668,4.307910315824808,passed,40,8.019627115947525,passed,34,5.834330440048352
2889,136.1825419818949,5.835713778352888,passed,49,10.038231049238577,passed,27,6.022783388798536
2890,152.1190970184547,6.984679800129466,passed,75,11.447515036822885,passed,65,5.654856147371734
2891,126.56318359197081,9.306897324661408,passed,105,9.05834570662849,passed,105,9.05834570662849
2892,184.4456791671506,5.317847908409962,passed,96,8.193113497302429,passed,45,5.693014227362081
2893,132.56361559041713,6.152817486863432,passed,90,8.306465531173469,passed,58,5.395875825107166
2894,201.13569121619372,10.493944896640468,passed,57,8.194889398925053,passed,44,5.031508628911419
2895,186.52521971972868,7.473337247946016,passed,23,8.34575631735568,passed,10,5.185923173962759
2896,128.25205616955913,8.449440571575211,passed,191,8.318234090179665,passed,191,6.024185347157163
2897,141.6135602038942,6.58996173971861,passed,130,8.796157091473788,passed,58,5.737845905631156
2898,159.89751016970772,9.051951796016159,passed,240,8.210144360461967,passed,225,5.007053078587642
2899,157.1388936293126,4.021257064227422,passed,102,8.80161606378891,passed,100,5.6896162641859815
2900,199.02111237263912,5.853427914485185,passed,74,8.015218863881103,passed,54,5.220347682743864
2901,207.3345289913235,4.966784875569979,passed,157,8.027936925784074,passed,145,5.125545004698084
2902,161.35916156278225,6.695605351879501,passed,73,8.53474141206001,passed,35,5.187306667844327
2903,226.29324523722664,4.290460916579432,passed,28,8.811246960297868,passed,18,5.266706520890829
2904,153.80189094305828,6.489341229126068,passed,26,8.184083959866651,passed,24,5.616986830418291
2905,161.877192939304,4.724459241190054,passed,58,8.276504409478536,passed,29,6.199028504645998
2906,164.71945690313214,8.34138668876232,passed,301,8.352568462858079,passed,38,5.54636760185625
2907,141.2387977283426,4.600530301961232,passed,97,8.156054356679698,passed,63,5.850915879396679
2908,193.83521773176716,4.608616957444581,passed,84,8.310125054425743,passed,18,5.15520952233377
2909,166.58469865270828,3.7523267873100723,passed,32,8.321920615946965,passed,28,6.245343800355374
2910,202.12267465553032,6.166356766899563,passed,88,8.38993179954417,passed,80,5.444491947268171
2911,194.77189110432258,4.706634938653101,passed,68,9.096036432136877,passed,53,5.330106186917094
2912,135.6671956847418,9.637228416423,passed,100,8.904407863280639,passed,93,5.059046148321711
2913,201.8481427028481,7.586773663484951,passed,109,9.31479252485703,passed,92,5.329684077620489
2914,162.45723056149583,4.706097716523773,passed,15,9.790674007720224,passed,13,7.277310218423394
2915,180.78232141908364,4.591725073809903,passed,47,8.430852446024106,passed,21,6.049637833495614
2916,180.96664991194348,3.423286340954628,passed,88,8.02600292639124,passed,37,5.09393258710753
2917,148.06366913378173,5.579349253560946,passed,68,8.59332954654426,passed,23,6.9452509752863545
2918,169.7723991042449,5.466033389316629,passed,40,9.272958888708228,passed,34,5.001193691187744
2919,133.48479631734057,4.5189454526091835,passed,114,9.737055259336081,passed,108,6.1471269238822845
2920,109.26467373019202,9.313208623585469,passed,49,8.860908761817798,passed,47,7.441482930317833
2921,229.45507324268561,7.363958331368687,passed,35,8.348142608844555,passed,25,6.72765344135251
2922,275.71955462779727,4.896023635225683,passed,67,8.134157871132563,passed,55,5.736290655723719
2923,160.22010315099163,4.598563534739045,passed,98,8.390089771033171,passed,81,5.41842884818613
2924,175.0074929574533,5.294466619152331,passed,75,8.262923700245928,passed,34,5.2193117462270955
2925,191.37205049632576,9.690645867733382,passed,108,8.017711417065287,passed,101,5.327045126917618
2926,181.06543976335598,5.7417939444543435,passed,64,8.241816530834445,passed,49,5.007114185343298
2927,171.55677387028717,14.854417251714796,passed,62,9.79368077713123,passed,22,5.363452793429779
2928,177.93168581972853,3.9113429083742184,passed,84,11.867145647626764,passed,44,5.00832679016181
2929,213.62815022523546,5.634527839490355,passed,36,8.297803720830998,passed,22,6.217940208993777
2930,156.4800101797378,4.725347287171578,passed,76,9.22367575259071,passed,75,5.004038032896596
2931,204.15147694811995,5.406613897462394,passed,60,10.268972215961503,passed,28,5.694210488251694
2932,198.42293029790525,4.056413540421752,passed,84,8.303800469692613,passed,49,5.811806295355093
2933,172.00742400018387,5.199536900297884,passed,25,8.139873844795797,passed,24,6.087923694906938
2934,176.38174822659062,6.009588648451305,passed,46,8.548447214935507,passed,33,5.012669990924068
2935,182.55683403062108,8.133634407504834,passed,59,9.084343924131533,passed,58,5.550775734053515
2936,124.6776849763596,8.911709218295316,passed,124,8.82385267664445,passed,5,5.103293902751349
2937,197.79956539518597,7.927300338626045,passed,209,8.180789382068966,passed,127,5.559471892928847
2938,166.9568556713856,9.295655019905364,passed,99,8.703398089985015,passed,34,5.023427716169415
2939,135.02370334123975,5.519012810065422,passed,66,9.086328571911316,passed,58,5.327884904515168
2940,164.14209018110643,5.324250968893305,passed,209,8.001298326104456,passed,82,5.00984484981879
2941,229.16107493187815,4.987593566403001,passed,12,8.708552173272643,passed,9,5.85846549479534
2942,185.95802793772904,6.124270948915644,passed,75,8.419437947916219,passed,67,5.521121443105903
2943,167.5356270733944,5.823966495448678,passed,96,8.567826848818427,passed,90,5.003642326529101
2944,136.6666854517287,5.026505855027106,passed,158,8.639527014427495,passed,117,5.361634352712064
2945,166.60720770060527,4.546458734290928,passed,88,8.412271379856895,passed,35,5.664006273277145
2946,175.57442854697362,4.393331350645241,passed,130,8.536533858396878,passed,91,5.570007907596208
2947,145.33179780347106,7.06876984513044,passed,131,9.88999881812509,passed,36,5.470615996224248
2948,118.96632553273659,7.047152926342854,passed,256,8.03798026847289,passed,158,5.324374201004756
2949,153.901830748393,7.133695240905777,passed,75,9.308052102720389,passed,30,6.455561733606685
2950,216.20767851720498,3.2330723859041828,passed,90,8.531471821230108,passed,75,5.007502494130267
2951,165.88235980465927,4.978446198541291,passed,93,8.326164765050038,passed,57,5.146487220226037
2952,154.6895332276121,5.775164875658957,passed,178,8.068654464580206,passed,126,6.2492883505787855
2953,149.8237136210741,4.676036486112001,passed,39,8.017113881576265,passed,31,6.684548682376823
2954,154.9357351331427,9.9116787980629,passed,52,8.360755384576546,passed,17,5.131427489187046
2955,188.99600213849678,6.831512347240539,passed,62,8.166855190019561,passed,55,5.008799191400359
2956,206.456822754439,5.161171041612605,passed,32,8.424647836865207,passed,21,5.144921044243933
2957,192.97245414472434,3.4167008424493175,passed,66,10.054238711034591,passed,44,5.158670918381714
2958,121.50346451647982,11.352755814628777,passed,206,8.362244081405578,passed,182,5.358059720477515
2959,181.06711076341892,6.576174130994472,passed,47,8.271825064877202,passed,35,5.02021254209688
2960,200.90101178188954,6.813269193272714,passed,151,8.434872560590145,passed,111,5.288692073569234
2961,113.16350509425686,6.456693519283005,passed,88,8.097928353245521,passed,34,5.0193624796224245
2962,112.85384079221518,5.634068692181228,passed,120,9.20803697553183,passed,28,5.381535179359553
2963,161.7124162110972,6.274930620562824,passed,109,8.975578135780227,passed,58,5.568501901806222
2964,161.91822120583495,5.768743998926016,passed,100,9.535124307111808,passed,58,5.247415768866048
2965,183.4527692389591,6.101964384736074,passed,54,8.998678498415913,passed,44,6.358407048247661
2966,169.77451621046256,15.24876786993973,passed,93,8.290688585045292,passed,76,5.007140914976782
2967,188.03997728477145,4.290197739190089,passed,198,8.000376755894823,passed,145,6.630993416300179
2968,190.6433435501122,6.888884359543769,passed,109,8.020745086171566,passed,104,6.816224200294307
2969,230.42666176640444,5.116001421927598,passed,36,10.1705236013792,passed,22,5.826954490716063
2970,146.99640341405123,6.344332607117208,passed,102,8.501001441615674,passed,59,5.472070904112014
2971,149.02489423542207,8.63144763266278,passed,277,8.007010028047867,passed,57,5.019544163221079
2972,175.96514292376563,4.894643757615094,passed,88,8.735194213215847,passed,75,5.3948162475814465
2973,213.4644429394305,3.6307943019476436,passed,86,8.003290233244421,passed,75,6.696165029064605
2974,183.9392581920435,4.410767913375635,passed,28,8.547743382054529,passed,27,6.301207635882622
2975,170.07989724232226,5.671113103888621,passed,11,8.049802086391766,passed,9,6.03717537819175
2976,192.94136308662257,4.759273670959241,passed,77,8.099592050675986,passed,37,5.6732189782088716
2977,157.3768610902069,8.89946289236812,passed,75,9.679225267170155,passed,75,9.679225267170155
2978,224.31567773851043,10.604407195274856,passed,93,8.869250333965528,passed,76,5.440011535253264
2979,188.57839714916332,4.681753215211614,passed,72,8.856642962075867,passed,18,5.322568814411999
2980,183.87736718923748,5.2194288338310715,passed,29,8.017971298890703,passed,13,5.1423430633032785
2981,145.2636024572683,4.96715227240059,passed,31,8.011548948932434,passed,12,5.0417536003760866
2982,162.49378262339619,3.8159928804804863,passed,50,8.709346261166218,passed,13,5.625790413779086
2983,160.59004886341216,6.922510404564802,passed,62,8.964841969270854,passed,59,5.68426191290492
2984,178.3185544704492,5.173318165246852,passed,49,9.929639180094263,passed,38,5.5549195105956795
2985,172.29543086063663,5.988626507067957,passed,72,8.360004514448715,passed,18,5.284914504617655
2986,176.30397098398322,6.40071107432062,passed,30,8.231315438361019,passed,18,5.978341891713068
2987,180.75592153918748,5.6451637846469405,passed,80,10.615449989054348,passed,48,5.97180234731205
2988,154.67515339788238,4.4072621895504485,passed,63,8.019892831819519,passed,50,5.262943721206148
2989,190.89851963609598,8.091099697808184,passed,117,8.032025300161427,passed,97,5.764913932075588
2990,269.9655273374829,3.862822702155661,passed,65,8.167958496554718,passed,53,5.114172388881877
2991,170.2790064779157,6.0722528847299495,passed,110,8.005213901773134,passed,12,5.359804573413163
2992,161.7372854677105,3.6390086657797402,passed,88,8.005843270388603,passed,82,7.696296696521365
2993,175.81525530281095,7.324895111338639,passed,76,8.565630715114537,passed,68,5.333781914404367
2994,241.42789411024944,3.4020867150504897,passed,49,9.253507345723966,passed,12,5.013035327763138
2995,174.32524161291752,4.331785773251933,passed,28,8.409023260039096,passed,21,5.296062294581105
2996,127.01167506514328,8.423495428497382,passed,70,8.502514329909472,passed,70,8.502514329909472
2997,203.5939369697116,6.159887090479036,passed,177,9.953989457541535,passed,136,5.071314275628946
2998,215.92606733688933,5.087251070299947,passed,40,9.890853953339729,passed,32,5.286384799159238
2999,134.18054123298532,10.773095956163498,passed,12,8.00430930446887,passed,11,7.962528147674486
3000,203.2627549436504,5.728402676878817,passed,105,8.024665150448328,passed,72,5.376968046911945
3001,209.07527494390848,5.684048928020901,passed,30,8.149560907683018,passed,13,6.512756743582715
3002,186.72482889265538,3.176914691180762,passed,114,8.504318889140539,passed,39,5.7537678281967874
3003,181.79883945953338,5.165306908337843,passed,137,8.652479823957737,passed,97,5.0544812599140565
3004,163.8909750098032,4.257006858270951,passed,79,8.39495040799374,passed,68,6.059038919722015
3005,157.81129561703534,5.874496045362103,passed,75,8.005364985273378,passed,61,7.510182701564871
3006,196.1304231793577,9.640626782109141,passed,68,8.358761554620209,passed,53,5.9922739935857505
3007,182.00809748592457,6.522561959976987,passed,58,8.005641211017922,passed,55,5.735228179991547
3008,206.2975320077893,5.267186038197816,passed,84,8.417252719969003,passed,43,5.435641801957702
3009,218.79215586747637,6.507386708360169,passed,71,11.918390311324089,passed,58,5.721772031371342
3010,138.85727320808917,5.166280389162335,passed,46,9.72983288930136,passed,37,5.915954711272953
3011,203.20007833790706,4.967925042818754,passed,64,8.138827360278466,passed,14,5.065980905092449
3012,176.18356387176038,6.034337228229489,passed,62,12.288014183365403,passed,60,6.728204542934124
3013,177.8360829982126,5.039539205889037,passed,44,8.171534891639197,passed,34,5.910694302672859
3014,140.131648810438,5.895313110053285,passed,173,8.920702315713246,passed,104,5.223497023748291
3015,160.49076776780316,6.896709588418218,passed,22,8.860816878288347,passed,3,5.372194811724551
3016,177.95981674911113,4.5511747644301295,passed,19,8.027930811212336,passed,8,6.686000115876278
3017,162.8110832650849,4.385848568158784,passed,66,8.123318713735749,passed,41,5.245714283610536
3018,178.96452944101685,5.859169311680222,passed,93,8.178410571795403,passed,67,5.672194272572195
3019,178.62384064526472,5.802360392941418,passed,130,8.914484906713206,passed,41,5.678362632280742
3020,158.61924673775704,9.18624529351612,passed,216,8.497372021826921,passed,215,6.417313856994689
3021,153.286164042244,5.512377630938546,passed,43,8.019060151295898,passed,25,6.197062654313457
3022,169.310456661838,4.252440899783088,passed,97,8.028466584750117,passed,68,5.572294126408606
3023,179.6732097300086,4.5611153354892,passed,68,8.093732177813106,passed,58,5.029591732027705
3024,241.56581360539363,3.48596982357531,passed,67,8.791500464474877,passed,38,5.986535037481899
3025,158.19148691458597,5.253884274003176,passed,30,9.506578331203407,passed,24,5.474363773626001
3026,236.9158399097096,6.43949744588557,passed,58,8.00872725688695,passed,30,5.5041756587320245
3027,140.91565095058309,7.8899229422566775,passed,84,8.298099246627476,passed,75,5.34180170495917
3028,134.84133689742185,8.825030108014586,passed,35,8.888334872718872,passed,31,5.258044865799061
3029,162.60420830201917,5.20661482861208,passed,21,8.457101863733808,passed,8,5.39343402057284
3030,219.68902376977852,4.440707523486742,passed,41,8.56575773505812,passed,30,5.065618803795435
3031,174.32328730274708,6.0132573737902275,passed,34,9.046486020886825,passed,30,5.974497874809415
3032,212.70072902506584,4.5764138786308255,passed,29,10.178093552625755,passed,22,6.267016907977108
3033,194.09640174863273,5.750631403480061,passed,36,8.486471743761136,passed,26,5.420854035208311
3034,219.11361387752143,4.710527908308003,passed,117,8.04276628034546,passed,112,5.330626793198623
3035,211.2115685997077,6.53092437559804,passed,58,8.010780634131764,passed,44,5.379459818560628
3036,186.7176629215463,4.563147279364363,passed,33,8.95276445709725,passed,22,7.160739993623122
3037,192.08170573714222,4.765048138743482,passed,99,8.916596154593414,passed,21,5.979823540429829
3038,182.46754417802057,5.491618263922539,passed,95,9.225223104112867,passed,18,5.176369783045676
3039,123.51501109488217,5.771842734123423,passed,77,9.317399639040058,passed,73,7.618953384359162
3040,132.4119434425662,9.887367860433779,passed,79,8.453355106736481,passed,73,6.224794751036922
3041,178.11565131179736,5.7992924735629785,passed,100,8.14995427824201,passed,93,5.951227224791666
3042,151.92038321080634,5.021320062828473,passed,134,8.02548825612579,passed,112,6.117088338726684
3043,184.4611380772084,5.154873716302699,passed,95,8.018654789376356,passed,38,6.2370488410297575
3044,205.618651527472,3.6549388897398662,passed,23,9.3786586196847,passed,14,7.176534526343814
3045,160.52696501783862,5.70123702225132,passed,38,12.718410715651052,passed,5,5.565077264177654
3046,249.02673154911653,4.509599903524552,passed,22,8.421903025833167,passed,21,7.1223861637720765
3047,230.44689107439623,5.568623365878532,passed,84,9.297340080751336,passed,73,5.005876017366218
3048,183.47783004836202,7.247391433320679,passed,148,8.465962404891814,passed,144,5.3458930783924385
3049,154.1665066009522,7.89242540754861,passed,208,8.020502345878677,passed,32,6.227442246077453
3050,197.02858925338776,3.6148717312771432,passed,91,8.354040056126921,passed,67,5.659881270541245
3051,186.48451166252903,7.374571594350438,passed,102,8.892077177877923,passed,54,5.000210592583865
3052,192.22775032575447,4.594601056010096,passed,62,8.638120606819722,passed,52,5.059595472875156
3053,123.82375819881926,5.5114521747909135,passed,49,8.714395557210564,passed,21,6.176755110008458
3054,217.2306179408315,5.812004013422839,passed,86,8.430404366569832,passed,48,5.534318264677562
3055,153.12413491674909,4.413048275897909,passed,152,8.026202635762282,passed,29,5.617578867203998
3056,179.06863832495455,3.748113705474558,passed,104,10.1028860710211,passed,72,5.155599769338104
3057,188.5492644976062,5.781177105316054,passed,51,9.124909945877334,passed,51,9.124909945877334
3058,239.24577851146404,4.041591016021055,passed,100,8.815460265059682,passed,54,6.107549665502043
3059,197.64115209581715,4.492589639006187,passed,75,8.482753567876244,passed,54,5.153929746858599
3060,189.81848469397616,6.663912860174309,passed,12,8.547959476751466,passed,12,8.547959476751466
3061,152.65364008006327,6.494943013444858,passed,80,9.190375236000214,passed,77,5.361787448324651
3062,166.4391857421557,7.578202413708601,passed,225,9.230090249912525,passed,90,6.664965719500504
3063,184.8034666490782,4.78970631586069,passed,143,8.008100747127456,passed,93,5.75348601557597
3064,175.49239289581084,3.4971570738624176,passed,139,8.015638241888423,passed,97,5.692096232900723
3065,209.96308282988844,5.6286662636987375,passed,39,8.147475765560985,passed,16,5.8832970046768684
3066,201.9900941464976,4.151342276685906,passed,57,8.167698222020924,passed,27,5.381243662624713
3067,172.65450653206688,6.570630648418227,passed,55,8.838384093771667,passed,46,5.559121558664337
3068,173.0053197059409,6.997238854489997,passed,244,9.635393554301608,passed,70,5.5175280509521585
3069,190.65982915880082,4.425965235537145,passed,115,8.02024926894147,passed,18,5.772702550242426
3070,127.46815144035412,5.782226694602457,passed,47,8.342683896996594,passed,32,5.344779563624691
3071,164.94266737655585,4.253522169957422,passed,25,8.251155116927533,passed,12,6.6521998944704785
3072,176.60710781546928,9.218603401237353,passed,44,8.297109318278451,passed,13,5.025626855637522
3073,202.64514645934048,3.790601920578979,passed,43,9.21800915227793,passed,30,5.6133366266588824
3074,185.1891382489606,10.211655123173898,breach_static,49,-10.212126019708501,breach_static,49,-10.212126019708501
3075,173.61974877364878,5.6594098070016114,passed,48,10.446619931186296,passed,48,10.446619931186296
3076,222.18298950584213,4.776968145310493,passed,97,8.393306921858446,passed,84,5.002242011263114
3077,159.4137487303799,5.385950681225648,passed,42,8.390800944482745,passed,31,5.4884465967416585
3078,161.8422723021848,6.16767852224293,passed,79,9.77872370340933,passed,70,5.665530383427697
3079,161.9706505471366,8.637584137159692,passed,81,8.269548842230545,passed,24,5.31189980172091
3080,188.08573645348102,3.736911054851566,passed,21,10.199777599381,passed,8,6.094790295295671
3081,199.35510094551327,3.819130591007678,passed,59,8.05010920249607,passed,33,5.319846879847745
3082,126.4374541905846,6.464403425962489,passed,99,9.66904339823207,passed,89,6.178348541488687
3083,172.156972879852,8.22487168911654,passed,17,10.667753691569315,passed,8,5.010743503463133
3084,174.7788297879803,6.2362535514950395,passed,16,8.146302483064005,passed,16,8.146302483064005
3085,219.9334758258707,3.9818566800924855,passed,96,10.166242712606245,passed,45,5.0448686159823675
3086,204.1869541014845,5.540579670455046,passed,62,8.316712302836816,passed,52,5.786458665753558
3087,162.79217374753458,10.488993303154475,passed,48,8.736339965206774,passed,44,6.100142471456738
3088,175.2605555812271,7.786516346853335,passed,87,8.135126477106569,passed,76,5.750136257895688
3089,127.73332401620175,8.530375502567775,passed,230,8.016255727968314,passed,182,5.51113531929035
3090,253.88681436472527,4.99688349865117,passed,135,9.692700924160146,passed,90,5.494595485839415
3091,188.19572953528257,5.476561858506681,passed,114,8.475384391953122,passed,110,6.2833209459893125
3092,168.81075355447766,4.138967198087548,passed,31,8.219889324956675,passed,30,7.698607951068914
3093,119.27586474691734,9.575604310797807,passed,67,8.860381256422256,passed,63,6.137505911808394
3094,241.3577017575107,5.299010745345825,passed,38,8.581527721044102,passed,32,7.54867823528973
3095,152.59950053993822,5.326716448114144,passed,44,8.656220402335514,passed,28,5.170379438735018
3096,197.54716376769835,4.7745726344426815,passed,62,8.333563895338369,passed,13,5.015954386345811
3097,172.44825028273206,5.015437590168537,passed,102,12.84661962824407,passed,84,5.094848536415508
3098,145.43364879815636,4.766031939719417,passed,48,8.115707010483163,passed,28,5.898515454455944
3099,170.61079931901654,4.46247273943332,passed,44,9.187221224110242,passed,35,6.939162435446566
3100,253.0650470670806,3.9154030276770357,passed,21,9.156580943181947,passed,12,5.006365617544328
3101,199.85703037455232,3.766392323826623,passed,66,8.348078749680909,passed,37,5.356035622340394
3102,167.11795910305335,7.359695143731542,passed,50,8.005764689565176,passed,27,5.3170963816765004
3103,184.79072782952537,6.59127616434976,passed,61,9.725839043988383,passed,58,6.192227572607356
3104,179.88951382185115,3.2841243597711047,passed,54,11.849643956949386,passed,49,5.994912954682041
3105,204.67362910204264,4.931709057448841,passed,22,8.138797943717035,passed,15,5.410271068891626
3106,189.7942881272866,6.834226028919815,passed,64,9.254773101681014,passed,56,5.022467188573665
3107,143.6206825903569,8.794554023522023,passed,24,8.42275946881963,passed,17,5.530553419275863
3108,166.0889341822465,8.581366817619347,passed,100,8.077866298389335,passed,84,5.962760992561833
3109,235.44608933397257,4.758848818904531,passed,69,8.012159154891974,passed,61,5.640748223569103
3110,194.90507535006495,5.85606663410398,passed,46,8.920526436726895,passed,40,5.002099185862052
3111,144.37357655371085,4.157425556139527,passed,51,8.808589412817657,passed,22,5.320068752981233
3112,93.0823139501455,7.96013428901337,passed,75,8.00518619789199,passed,68,5.039796091535309
3113,195.06091586229414,9.054978837890298,passed,232,8.258535876148553,passed,103,6.095689367146906
3114,136.8656660281,7.030453493974238,passed,203,8.425704735401919,passed,83,6.0613346415579805
3115,205.844812580253,8.110914820148485,passed,255,8.517641714532331,passed,167,5.940026066742021
3116,244.15971873569003,4.679323069809625,passed,130,8.004723249494106,passed,92,5.085482548744258
3117,191.73123559466325,5.866907656315761,passed,98,8.003314696460695,passed,90,6.39871359416031
3118,195.22387037068523,7.025129537443829,passed,12,8.929177130294486,passed,12,8.929177130294486
3119,169.8352121719621,10.767547855522336,passed,25,8.823363271552488,passed,21,5.494888566448086
3120,199.6345055791074,6.403073654912232,passed,71,8.022278986181085,passed,56,5.595942221305528
3121,207.10041861360816,8.309002707212688,passed,108,9.066244141902269,passed,26,5.428865334550337
3122,146.44902154645,6.732485109404118,passed,175,8.316985713119273,passed,159,5.013016584022956
3123,238.42061592753555,4.985239965469095,passed,38,9.484220143960709,passed,13,5.625232336032049
3124,126.82577988612107,8.616342705854183,passed,277,8.860001497565783,passed,111,5.020074376815398
3125,153.9879949342194,4.798361487259798,passed,31,8.060371287688062,passed,22,5.009057095783098
3126,139.13140866208238,6.7537235487972165,passed,44,9.123429825745276,passed,24,5.764477733155182
3127,249.45434401626102,6.985109091794374,passed,100,11.627439093049041,passed,93,5.505420873849642
3128,190.1708839226297,5.250706231666015,passed,84,8.007613675402524,passed,13,5.292100509019115
3129,143.73688610615054,7.812642346986571,passed,21,8.044918060622885,passed,10,5.754082464419574
3130,172.31388265303073,8.268984341390848,passed,99,9.95995956020812,passed,97,6.242668106736482
3131,130.31762107204662,4.189449605697597,passed,64,8.059089666614216,passed,32,5.472614127854469
3132,169.0156763348531,6.681553899764722,passed,70,8.895703793624389,passed,49,5.696866603746775
3133,151.36209178078093,8.873009913296452,passed,145,9.763896817238082,passed,30,6.003257881211477
3134,169.93470048632645,5.545753758097015,passed,30,10.549023451742734,passed,11,5.42171507982061
3135,224.22444928593842,5.8874707126015675,passed,54,9.083394934094692,passed,47,5.471379787226605
3136,160.89751663264275,5.1647523956175885,passed,107,8.015945613552056,passed,93,6.856424532952632
3137,182.1968818111242,4.365405574013098,passed,12,8.220693909525888,passed,10,7.410242820111113
3138,212.10708766862615,3.3292960722035128,passed,57,8.539935255289933,passed,45,5.614050929090331
3139,209.4759036728405,3.1452840699309084,passed,21,8.013008097003782,passed,13,5.3151991322884395
3140,222.78193080478025,4.518647952051696,passed,100,9.69961136814732,passed,82,5.097270938248322
3141,124.19608902600872,5.935756188009428,passed,35,8.018317924036221,passed,23,5.130555532655934
3142,160.69307626369752,6.591507547751263,passed,62,9.771974709325825,passed,59,5.358424128626549
3143,180.90950616809124,7.1726235038718205,passed,54,8.125734791956862,passed,34,5.061301246508565
3144,201.29485054577492,4.69559999865338,passed,139,10.490727435785985,passed,93,5.849438461695633
3145,165.78141587705457,5.205965208908146,passed,49,8.035413936120484,passed,17,6.7274184300254
3146,228.3467976080969,5.07087268752807,passed,84,9.161512948953664,passed,77,5.665172727148371
3147,161.5704562786664,7.019648606731926,passed,132,8.01004582086955,passed,93,5.034881624116672
3148,193.74513321061917,6.299660656035688,passed,96,9.849614828630916,passed,83,6.0324217172396555
3149,157.28246105473352,10.147371789903763,passed,92,8.055419049474398,passed,68,5.288415391694934
3150,165.24554616628163,4.925549077491965,passed,59,8.61038414178632,passed,16,6.596309110037346
3151,150.74464272267912,7.0632495847327075,passed,87,8.50942496780811,passed,67,5.13463262725935
3152,183.13344300523457,4.094696629398613,passed,111,8.535402581001762,passed,101,5.029308504859875
3153,157.2480545676178,5.149006839222299,passed,77,8.117414923697176,passed,31,5.152591751576119
3154,124.52164186872956,8.733660410098821,passed,293,8.00263826681853,passed,280,5.22727670225851
3155,227.02449846955471,4.3004243212085,passed,89,9.014847382133496,passed,75,5.83105030571871
3156,179.0066520449949,6.591552209056978,passed,38,11.205808217344227,passed,34,5.656318336679167
3157,182.09423005723906,6.753017098931867,passed,56,8.351064304069421,passed,52,6.753353205891988
3158,209.20618819246695,5.36545901757125,passed,53,8.657971820173248,passed,7,5.361682029947379
3159,155.17219735666333,6.872209650962062,passed,69,8.000699466425987,passed,28,7.238902279330683
3160,147.00952222989017,7.024956953122873,passed,75,8.92086302076265,passed,50,5.414126890775561
3161,165.02274904844006,6.312832992190034,passed,72,8.026045232744083,passed,15,5.202003224952634
3162,200.67460504891517,5.761690697183404,passed,42,9.69654027006639,passed,38,7.463815280728503
3163,161.14545089128427,6.736329142776179,passed,63,13.662439947301941,passed,13,5.931574235363679
3164,209.0905494928969,6.291387998271208,passed,115,9.19693295948072,passed,93,5.739170208305944
3165,189.24338286432527,6.573687095167677,passed,52,10.576014542217749,passed,30,5.806608250419076
3166,184.0104326306439,7.798762894606114,passed,93,8.055614123172283,passed,17,5.093528744341969
3167,219.50225831685955,3.809170870694256,passed,79,8.32963413928085,passed,61,5.809693369406754
3168,219.27087984956964,4.246091508807924,passed,121,8.521175730775044,passed,28,7.368536743665999
3169,171.8262918724617,4.622368570556785,passed,109,12.83605652088433,passed,92,5.0095561671888555
3170,177.3667406151995,5.123505884132188,passed,118,8.392446383603946,passed,118,8.392446383603946
3171,127.34334674112988,6.517378281060503,passed,56,8.006717760633775,passed,23,6.38003354587291
3172,166.56684020056005,8.354189087296172,passed,107,8.041167043415554,passed,33,5.918604270731875
3173,188.86722990779674,5.100757183719783,passed,126,8.780094702735685,passed,114,5.177441656495474
3174,164.5793597446497,4.280155549434424,passed,58,8.512327204711333,passed,28,5.712376393312413
3175,153.761429939948,9.955177841598466,passed,156,8.402425808423985,passed,102,5.621568908834718
3176,231.07544746718966,3.4354794029237357,passed,32,8.566993728989726,passed,21,5.009694216546778
3177,136.79647636836089,3.633424323115326,passed,76,10.114283795406397,passed,40,5.020138980278843
3178,194.27651590852238,3.973935060110735,passed,32,9.177245315652804,passed,26,5.6839332095383055
3179,171.7277353627485,4.158534921705846,passed,40,9.989751940934699,passed,34,6.725418647702419
3180,192.3827100297675,7.245370259866582,passed,111,13.716760609820454,passed,108,7.294650022278515
3181,159.7422007472835,11.900202122463298,passed,395,8.006784120174126,passed,147,5.430652313700368
3182,230.70821840493215,3.8648472889218586,passed,22,9.449414915712584,passed,13,5.262152367472184
3183,175.19176361399062,5.777042575717621,passed,286,8.070825920385548,passed,112,5.1274690439301995
3184,160.02517299517768,9.39719750455182,passed,100,8.02418361610966,passed,38,5.000130591839924
3185,232.20634588091283,5.185707013843961,passed,121,9.627044786873483,passed,99,5.234133318685008
3186,155.8714912144514,4.631420401800574,passed,50,8.159212823063665,passed,44,5.552685258797707
3187,241.1462947515836,7.986565891877258,passed,32,10.39751995692193,passed,30,7.882303895507592
3188,167.63412932972454,6.772656894762891,passed,99,8.054210052912246,passed,59,5.0349005405770475
3189,227.9908953619164,5.407092786267932,passed,58,8.921070435256118,passed,22,5.322182845131773
3190,191.34329290129958,4.9502856862686375,passed,148,8.974652840530851,passed,121,5.671105983501179
3191,159.90986577061682,5.429583367277557,passed,46,10.395661921701137,passed,45,7.099069953190118
3192,220.35361611016273,7.226429062363959,passed,30,8.28856391954349,passed,7,5.018889112389835
3193,134.33807653263403,5.561337453495855,passed,62,8.361006910833858,passed,12,5.000839985274119
3194,148.9036977871766,5.423648232741506,passed,44,10.535069353199034,passed,26,5.3940710119691815
3195,112.66156566802943,9.571604754810979,passed,35,8.282795165659863,passed,26,6.043494173520947
3196,160.99344568175474,6.249746426362909,passed,68,12.19499686099612,passed,43,6.267457856242564
3197,174.04213637931431,4.507737952177078,passed,178,10.309980181840551,passed,74,5.491640132441633
3198,204.5170015931748,6.854418772297391,passed,58,9.754432038577022,passed,20,5.740114065810342
3199,179.71350880747846,6.942600555447154,passed,27,8.518858142880624,passed,8,5.886160312823474
3200,211.33010134973009,7.258266548565913,passed,29,8.153878165819894,passed,24,5.369705639122868
3201,154.21649589504906,5.845669251175434,passed,108,9.1855335608646,passed,100,5.53746687053116
3202,160.5022376641959,8.041700334968452,passed,156,9.048278159470446,passed,142,5.689694756994057
3203,122.60207579049536,7.103795037278525,passed,78,9.090193162864434,passed,44,5.068087888091832
3204,220.14479643115834,6.289232113340672,passed,44,9.374379737368898,passed,35,5.352781800976847
3205,120.1713119153486,7.31357827498456,passed,54,8.364724349418617,passed,24,5.062048218365756
3206,186.98991882225405,5.402659296257365,passed,12,8.60209331145889,passed,3,7.231321217076547
3207,185.3756641860157,4.997199054052756,passed,37,11.475153816765072,passed,36,5.219665738671186
3208,193.99753012861808,4.81868523875978,passed,90,8.04082380385076,passed,54,5.700375827645776
3209,142.15906023987955,7.9679597075028346,passed,84,8.386230677526063,passed,51,5.088868808053171
3210,174.2383113070407,8.873707428431175,passed,97,8.202950342070082,passed,13,5.481443643110673
3211,176.88813375929664,6.136059898011829,passed,78,8.20151118575847,passed,62,5.12569223567747
3212,175.2707978953064,5.980826272770364,passed,21,8.564867310203184,passed,10,5.975046585187438
3213,223.01814757416514,3.6625063283234596,passed,95,8.336446470621727,passed,45,5.312342059850161
3214,178.4043956191991,6.720699408253164,passed,58,8.967428082955763,passed,32,5.030715401513652
3215,159.83623303421933,6.807306492707735,passed,63,8.932922674681421,passed,45,5.020558883663151
3216,237.97930839181785,4.944492573392641,passed,61,8.41741842898549,passed,8,5.563845026834513
3217,137.30523501230408,4.999121077441317,passed,46,8.594309494763785,passed,34,5.002641111567763
3218,225.16562737947163,5.360864799133075,passed,155,9.050952294011449,passed,151,5.720969041364432
3219,222.13466419384943,4.45162249688086,passed,22,9.849008669350745,passed,22,9.849008669350745
3220,180.64235215045562,5.078744917281492,passed,143,10.752257476952565,passed,122,5.449214171699546
3221,105.37058309144425,12.235660956549198,passed,551,10.245343644663162,passed,469,5.091020779933708
3222,138.07601409750845,8.103201070024598,passed,93,8.222364799500536,passed,57,6.005884682535001
3223,173.75557086786006,8.549827709660233,passed,30,8.35693283258998,passed,22,6.570400432566759
3224,172.924266052761,4.619923789678113,passed,39,8.222517486009306,passed,37,5.277187011361684
3225,176.3198966526474,4.582635975164142,passed,57,8.838754893466838,passed,52,7.0146113003504595
3226,182.6364359609895,5.067133358029811,passed,95,8.38022855744196,passed,95,6.242476444938649
3227,169.26674623705674,9.22684145142661,passed,68,9.696949271643106,passed,48,6.000774521533336
3228,161.43165170410705,4.479353852267635,passed,59,8.507827907028108,passed,14,5.567156362545833
3229,160.54418231431424,6.0813323185048125,passed,68,8.230547103274045,passed,62,6.186324108243779
3230,181.3182517846553,7.44528996047078,passed,13,8.24439994873809,passed,9,5.695776404966879
3231,180.50683723564765,5.8125707991657745,passed,105,11.954684310960362,passed,49,5.052632700194182
3232,182.8174899973679,7.570097716251263,passed,215,9.583345442023084,passed,209,5.219790228056653
3233,124.40280350421706,5.82682307554273,passed,70,8.677194347111183,passed,35,5.1717165274673516
3234,161.86902845887596,4.785454139680103,passed,99,8.465536317858602,passed,45,5.128084021016521
3235,171.6995579113826,4.3693801043771945,passed,29,11.339577492343867,passed,27,5.011097919292196
3236,165.69182052286973,5.895647519340059,passed,75,8.728471797120063,passed,11,6.225728461593016
3237,144.60784528166351,7.668018349793703,passed,157,8.373012386639388,passed,22,5.433169160806561
3238,160.6809924353952,6.895910820744835,passed,124,14.172192097468383,passed,68,5.527417248654709
3239,218.0978515577179,10.57230466102532,passed,68,8.029831563573264,passed,30,5.640839608192727
3240,116.18134245621894,11.441896257424924,passed,134,10.012910827489275,passed,51,5.014494275908099
3241,131.21337576324166,4.83564453116038,passed,96,9.37540928378564,passed,68,6.3113715444035545
3242,207.06548005465183,3.1785242794293485,passed,49,8.31587222491228,passed,49,8.31587222491228
3243,189.70630971905487,6.051227091486018,passed,191,9.086085167837755,passed,30,6.493767683771567
3244,133.55964065496786,12.370358533897658,passed,214,9.517254322948476,passed,62,5.105303352009938
3245,139.15223438740463,6.224876428307178,passed,53,8.639437480275735,passed,49,5.374242720470579
3246,198.15220546003997,6.034626294692078,passed,85,8.315955068345438,passed,59,5.337522292098873
3247,172.11161331692927,4.163586258619865,passed,77,8.28662338130135,passed,68,6.057117698007519
3248,200.1209088871041,2.914821625934626,passed,49,8.862693256048626,passed,38,5.273390701567204
3249,129.42035892235114,5.893819322375108,passed,21,8.733108797385047,passed,20,5.125137894255216
3250,186.4056583896153,4.676400716474288,passed,71,8.088927623488518,passed,61,5.083149980428692
3251,181.78971589920815,5.655622912265884,passed,54,10.92617253926571,passed,31,5.007394280330746
3252,192.89099537701952,6.343629319572626,passed,115,8.267215590492661,passed,22,5.276931552324382
3253,164.4525445100967,5.085637143457235,passed,46,9.085854829035789,passed,44,5.994284398063754
3254,142.1301844532091,6.3545994562504,passed,46,9.019881097638738,passed,31,5.11352457245311
3255,192.5123261192621,5.974457278916967,passed,45,8.532063636504716,passed,31,5.761369086968138
3256,150.98856837904316,7.7218842605696505,passed,44,8.01565772762145,passed,13,5.730314947605386
3257,220.88615302756597,6.790988381793839,passed,19,9.599218162728707,passed,13,6.222055941233173
3258,208.95117214049975,4.745715569348027,passed,167,11.260466378589618,passed,157,5.4396378423362535
3259,172.1577083130205,10.2643658688244,passed,28,8.017231675608528,passed,24,7.184563085201434
3260,182.56648399804652,10.755896475100494,passed,52,8.170777614756798,passed,38,5.125558931607088
3261,161.05792752960667,5.589728960300009,passed,49,8.331076252857805,passed,32,6.585710359905761
3262,202.82963721522052,4.450600934089858,passed,38,8.514208931621026,passed,22,6.301762434836844
3263,189.53171993865197,4.149259569474557,passed,18,8.816979787481038,passed,12,5.596094030573973
3264,158.62383462069906,6.125471401426046,passed,61,8.03264906896377,passed,32,5.415783110174188
3265,184.99038843594326,3.0156739175302385,passed,79,8.048395288192012,passed,26,5.565686701628514
3266,203.87485137666187,3.451334554832041,passed,39,8.608568461292077,passed,14,5.494918125144088
3267,160.4932326944769,6.255731237670795,passed,97,8.01124090616141,passed,76,5.149042621462052
3268,220.09193602856004,5.894229833956751,passed,12,8.014810851048182,passed,12,5.660615043381578
3269,137.66031460224832,5.2760440334472944,passed,55,8.017896501870014,passed,29,5.923233996961574
3270,183.8609035271664,3.9126980875823696,passed,35,8.617958529604453,passed,32,5.5189667538123155
3271,206.3439221116971,4.4523138975810586,passed,125,8.019804879735194,passed,97,5.5459479791314825
3272,162.55835143816662,7.297495484581308,passed,75,8.969684229567054,passed,50,6.1205824967520694
3273,161.75125756592067,5.401427562362679,passed,191,11.705774643340284,passed,188,6.454882309033283
3274,188.244253331435,7.678958141017449,passed,58,8.653760350064864,passed,27,5.522336519650928
3275,166.1753979041287,6.997444198187369,passed,70,8.19063783108598,passed,54,5.6382851170803105
3276,159.0701476339947,5.128808784988539,passed,21,8.435908108899381,passed,6,5.652120581417797
3277,133.1718757725729,8.876814156778599,passed,45,8.019631825153484,passed,28,5.048349955509845
3278,155.66949766444012,4.424451080981519,passed,62,8.019443840714647,passed,59,5.839910571416951
3279,172.08272500558897,5.329812653011555,passed,126,8.154130856868225,passed,97,5.310324063270699
3280,163.25897211862377,5.899638625514645,passed,42,8.189478911345006,passed,27,5.266092468312444
3281,218.3812464153498,4.606635774751135,passed,93,9.17960337375472,passed,66,5.405118057718683
3282,186.04452130851018,3.110393285126526,passed,41,9.591121755855369,passed,21,5.586383345392232
3283,167.00379012601206,5.711162875459698,passed,12,8.783466371275473,passed,12,8.783466371275473
3284,201.99192329389737,5.218431558285739,passed,55,8.400235257150236,passed,14,6.021098421491655
3285,96.78215610142506,14.726916338750861,passed,118,8.396863732374982,passed,99,5.481730963217113
3286,166.60140367651107,4.2496166966978,passed,124,8.004377341295154,passed,99,5.629982437697056
3287,207.06570475596448,4.1854190278694166,passed,16,10.05280124056065,passed,7,5.019748083219633
3288,182.54000494240037,4.799731601344896,passed,104,8.44107370615812,passed,40,7.140189953966791
3289,201.519081067333,4.3318466316893005,passed,35,8.101411746528875,passed,23,5.194651830098285
3290,229.76880712757418,3.5454845499351553,passed,22,8.160496978268196,passed,13,5.020326102524675
3291,235.56327180311723,7.358395800792635,passed,99,11.71960915061787,passed,22,6.033563787249463
3292,264.3832486351892,6.328676323130599,passed,110,8.200841755054377,passed,96,5.020785833109409
3293,203.51744818309942,4.334682664167588,passed,102,8.002300419224472,passed,46,5.205936706479286
3294,169.77996109614125,8.420037667389115,passed,46,8.441601453816737,passed,28,6.294138289544171
3295,121.6663392266645,9.990369233168323,passed,50,9.425457498946898,passed,26,6.664785396060768
3296,145.58977173377644,6.005074456231906,passed,27,8.427318532216876,passed,20,5.441485834320803
3297,166.50796353140254,5.358813308266185,passed,93,8.001537175569261,passed,48,5.527760785278346
3298,183.77623396209663,3.529446619686992,passed,67,11.898717285887429,passed,62,6.286555670030802
3299,138.8541641924987,7.651948066755472,passed,89,8.098853382599835,passed,52,5.94825608271623
3300,190.1469945353775,4.10058275071439,passed,59,8.317601745845039,passed,52,5.280055680305185
3301,150.96717688298313,11.213674423740851,passed,109,8.37518552918377,passed,92,5.109708080229858
3302,139.297923557644,11.114721991583929,passed,429,8.611900442864172,passed,392,5.099718820659538
3303,184.13898863698802,6.80089824323263,passed,93,9.409961183361215,passed,82,5.0099833735236965
3304,232.91170216178566,4.761612025342419,passed,100,11.8480141808464,passed,67,5.186032603300816
3305,208.78561368623255,3.5795452810679347,passed,65,10.238270690791884,passed,24,6.66903455381147
3306,204.40567300062455,6.128732301498416,passed,118,8.271364575518515,passed,118,8.271364575518515
3307,188.86265975198936,5.562503288688052,passed,112,8.103423337857718,passed,108,5.951843669388568
3308,178.23177875493607,10.111627287588897,passed,93,8.011886885437569,passed,24,5.094420257899013
3309,216.13609811469283,5.863527905676875,passed,22,9.192876056656708,passed,13,6.377098724756114
3310,211.94415826817817,5.05574770478717,passed,63,8.274353969741298,passed,54,5.010063873944026
3311,193.1166817047461,3.861169825189195,passed,80,9.062467168263622,passed,53,6.4356067874177025
3312,193.2641923132728,5.138015927987321,passed,59,8.005485599693852,passed,13,5.830248178017583
3313,167.4244430345941,3.827255148060391,passed,22,11.854218952108631,passed,10,5.004736528424036
3314,163.4599683611102,6.750113737980519,passed,235,9.017667615328184,passed,88,5.077808198373379
3315,179.77908405601895,3.416602985975631,passed,58,8.224644085013221,passed,58,8.224644085013221
3316,192.73700054711128,7.993564248837076,passed,70,8.002646465022023,passed,50,5.030821434958033
3317,196.20833610460662,6.021551875166851,passed,48,10.830229658327472,passed,40,6.121022753557037
3318,220.79481891048584,4.0186594583692195,passed,30,9.007615011323878,passed,24,6.265675728522213
3319,209.4366685805626,6.874309517324356,passed,95,8.825160230075424,passed,84,6.026431431615986
3320,201.05041134828917,5.2980255389465505,passed,20,8.423930088585085,passed,7,5.014773396648198
3321,195.83201529799118,8.021457478233984,passed,139,8.155140547391394,passed,130,5.507287367399738
3322,128.47869216819032,5.271746510710268,passed,24,8.535216913343335,passed,24,6.705804385949521
3323,192.32803575368717,5.623633774760931,passed,39,8.333979653034662,passed,12,5.189734722656447
3324,186.20774793111502,4.035080259823578,passed,52,8.01817034843979,passed,18,5.028110146950904
3325,161.490602534064,5.965114226993029,passed,79,8.084004095857434,passed,65,5.093196581467541
3326,163.29931440637168,6.494802831471945,passed,108,12.000566749133124,passed,49,5.315495151813776
3327,143.00161072235827,6.303081856070042,passed,100,9.044409409654563,passed,75,5.156598486567865
3328,245.40055210851386,2.686059173823857,passed,58,8.048376834014515,passed,17,5.501336273883983
3329,133.2706095129377,8.613851178895548,passed,173,8.011831682518423,passed,140,5.276519426650439
3330,123.38194457038276,5.101764776342676,passed,90,8.705015230704571,passed,21,5.17995006088785
3331,182.42378372560566,3.979737074029942,passed,65,9.7422701521368,passed,49,5.078325551970764
3332,123.87896791121929,8.51541226287282,passed,161,8.36777450402304,passed,49,5.639766174191951
3333,143.75834222209488,8.510235226359162,passed,150,8.47779219709157,passed,134,5.4037283156339155
3334,141.24638347068844,7.193594847827464,passed,205,8.034439067885856,passed,191,5.596561727648308
3335,198.65605679663022,4.83794318546836,passed,27,9.767006709617764,passed,20,6.009802905758632
3336,201.81346628637576,3.3407416992104366,passed,21,8.943622909358528,passed,13,5.3421907896398
3337,142.56088958220508,15.973340478160287,passed,24,8.312310530493416,passed,22,5.180321285732092
3338,173.51487885118146,5.7883002521435065,passed,155,8.035135628791878,passed,139,5.489468690262611
3339,143.31218198033474,7.744698148837942,passed,155,8.115340821221984,passed,121,5.053722437393993
3340,169.86652521590915,4.0365725463724615,passed,94,8.982264228225922,passed,37,5.58149958740386
3341,239.14899246057394,4.176303071577202,passed,40,8.409511068441988,passed,25,5.3333003021226455
3342,143.40382334323456,8.699444337446947,passed,158,8.294280277173494,passed,62,5.7651086780166505
3343,140.4598430975701,7.911452867997087,passed,39,9.052008893950925,passed,39,9.052008893950925
3344,155.2288407439445,20.41321321276146,breach_static,88,-10.241052052606337,breach_static,88,-10.241052052606337
3345,184.53132121620445,4.710187418221194,passed,65,13.673828655931008,passed,26,5.416930583846513
3346,169.41899922742505,8.553509162130705,passed,46,8.17428313861428,passed,39,5.746565375734658
3347,159.35910324097478,5.997482957849395,passed,68,8.575641959594549,passed,51,5.013070620659921
3348,191.07709812479237,5.249895169532862,passed,24,8.524123614677093,passed,15,5.019557978299516
3349,215.06125460241142,3.1334889045909025,passed,64,10.99707158110299,passed,40,6.689919724792892
3350,161.42857209107882,4.6439878256042215,passed,22,8.34847400909926,passed,22,5.905094660130672
3351,170.1250411173467,6.2625402019732626,passed,157,8.30804083763519,passed,28,5.241679691555312
3352,163.98033202094635,4.832706901767967,passed,84,9.955240617677518,passed,13,6.211950313092318
3353,222.76286398992303,4.361463958808977,passed,92,8.01608015380637,passed,21,5.603555324927156
3354,226.8496962820077,4.365503942957763,passed,71,11.18893373771197,passed,61,6.019258736172439
3355,153.2291246592993,4.9595095351768395,passed,213,8.014479406534702,passed,84,5.130510580986769
3356,181.56579738643123,6.326138378495356,passed,49,9.590460745567974,passed,44,6.1562884273576035
3357,177.7422175009221,4.3018068395993545,passed,62,8.345426708589976,passed,24,5.016577009728707
3358,160.11847897124696,8.632377482537375,passed,27,8.152157998834909,passed,27,8.152157998834909
3359,122.72584080088885,6.057689320425932,passed,49,9.32143852520555,passed,40,5.273709919469471
3360,175.9255537611099,7.619967119233527,passed,74,8.114596372336003,passed,69,5.72698883048135
3361,137.8946251350427,8.229580368389248,passed,95,10.11047994795289,passed,87,5.1363520612971225
3362,136.4221036458228,6.000062226732029,passed,90,8.80040281213985,passed,49,5.4411642800195725
3363,209.5294150555461,3.4984179299544205,passed,90,8.000400613045855,passed,78,5.654405211421842
3364,134.32200054258053,6.755061212718454,passed,49,11.585531006950944,passed,48,5.306082850255045
3365,126.62237824633542,7.3751387868769465,passed,90,8.025442349712586,passed,76,6.55156381929809
3366,222.9618865054503,2.970376444515913,passed,44,12.224201060534146,passed,28,5.087799940681026
3367,152.75013180324555,13.127684864885952,passed,97,8.83745451964295,passed,84,6.224485665868773
3368,131.1155860747093,5.351380146756088,passed,14,8.424877306215595,passed,5,6.150128490574103
3369,129.71702661141987,6.002474980125205,passed,48,8.88963264497411,passed,48,8.88963264497411
3370,127.56938414054208,5.012826973551841,passed,104,8.006470966524004,passed,61,5.139699996535829
3371,157.45595574655152,5.636015956181833,passed,7,8.179807285778695,passed,6,6.545946082923759
3372,220.66534403955922,3.8956203345953524,passed,46,8.176679887280836,passed,45,5.576049533282612
3373,187.81817642069808,4.612050845382728,passed,52,9.58982688988046,passed,22,5.206762424872213
3374,155.75554220612196,5.215772660872273,passed,155,11.780284189034784,passed,73,6.243950342989324
3375,154.42150206136353,4.047074821820942,passed,59,8.731233697388108,passed,49,6.291067640516834
3376,207.6348692562858,5.033035469664715,passed,36,8.489460982607188,passed,24,6.6423497326840275
3377,174.8666734776816,6.265282921570576,passed,110,8.442651469667117,passed,44,5.093099612171725
3378,151.4134270610703,4.927017338506126,passed,138,8.713629851317473,passed,99,5.188617328488809
3379,139.15579538652844,6.506831268637011,passed,168,8.022132595742004,passed,158,5.451338562296293
3380,227.91993798516668,5.860668596276678,passed,45,9.058347912053044,passed,39,5.87714024232977
3381,156.52379422963233,5.140122616381863,passed,58,8.555656276702472,passed,43,5.678505426338654
3382,156.38961039532722,8.078292679486479,passed,92,9.537709196677602,passed,84,5.318191379612136
3383,127.02657889016211,5.952385658733501,passed,100,9.077304671556519,passed,100,9.077304671556519
3384,138.8426458564056,5.806340073512704,passed,22,8.29327386775942,passed,21,6.472352746055288
3385,201.64481290301848,5.042807973901778,passed,8,8.306875164190153,passed,7,6.4673378328382825
3386,187.97998143613387,6.195901974900838,passed,22,8.084928587645713,passed,12,5.278727487886181
3387,199.58049934743875,5.921921653607061,passed,236,8.353297806215853,passed,167,5.3917023316887525
3388,88.39876638081942,10.420164878524352,passed,61,9.143421501576231,passed,54,5.011777289069141
3389,165.22965006133637,4.4434616033194745,passed,77,8.192557272503077,passed,65,7.816073900639942
3390,168.54352237456206,5.840542209818528,passed,168,8.636491908155609,passed,123,5.467247686906562
3391,215.09389298234964,3.745393419925332,passed,75,9.175431656294375,passed,59,5.31075460142989
3392,138.66856377805243,5.672062650637911,passed,81,8.070911185032447,passed,36,5.5112172105141966
3393,180.51489889468084,6.982354115955848,passed,20,8.330001001538644,passed,8,5.810512463501638
3394,166.9750244931981,7.507747469423744,passed,64,8.015357891557118,passed,46,5.016660624554636
3395,173.10002563308134,6.981613291148044,passed,71,9.3026842697288,passed,28,5.009668497922237
3396,224.2689255558214,3.545335908704364,passed,7,8.513965732754114,passed,7,8.513965732754114
3397,199.62777272815222,6.7499851079194375,passed,63,8.004685039349724,passed,54,5.653882287061385
3398,164.65859512142913,7.044689525298723,passed,90,8.257389083203881,passed,36,6.441328331539631
3399,239.8686208644043,4.050559774690145,passed,77,8.000417736961163,passed,3,5.773999511880201
3400,170.72642803887467,3.673380412672663,passed,36,8.116516293075925,passed,22,6.094734726289919
3401,273.1747895263709,9.950964966747295,passed,43,9.807400084967522,passed,42,7.4532042773008955
3402,180.00482798142764,8.225110736210219,passed,32,10.769008120460866,passed,20,5.184749778211106
3403,175.4595638665257,6.897141861190533,passed,133,8.05046388549604,passed,99,5.7129676775540705
3404,160.9637335070925,4.850710413217196,passed,72,8.363913046379402,passed,60,5.935438876938748
3405,219.4136422412991,3.181847409412951,passed,37,9.215402424449337,passed,26,5.852704211957183
3406,219.3415364763426,4.712779279209131,passed,26,8.783612845912913,passed,12,5.153143857982512
3407,202.72897401105436,3.937333373878995,passed,18,8.132603872177867,passed,13,5.276539711106754
3408,200.13393661394124,5.033833497155564,passed,58,9.2580337189347,passed,58,9.2580337189347
3409,154.04380214799062,5.639486829898135,passed,46,8.65119899674447,passed,39,5.140274192222427
3410,130.95876227102087,5.564679644651037,passed,59,9.168702647933568,passed,23,6.115257636232174
3411,127.45432494450837,6.09546146909166,passed,92,9.036397029344734,passed,35,5.015257106616988
3412,197.76365205318905,7.772643611245124,passed,160,10.496780180858622,passed,146,5.3903855082008345
3413,204.04075775894967,4.974295649684506,passed,102,8.240055412397783,passed,79,5.819267635910008
3414,163.75269183499356,5.852553256762715,passed,34,9.659260913142575,passed,32,7.20109436105445
3415,177.31000750123377,6.085761990771278,passed,97,11.368206374013567,passed,68,5.886599660126834
3416,136.1649485901081,5.157153068448709,passed,75,9.245833950603988,passed,58,6.129221300431786
3417,161.07419081901915,12.842132924369972,passed,31,9.323748371027897,passed,22,5.000699706882816
3418,131.9636240742468,8.942253767511026,passed,43,9.006329289948933,passed,7,5.017911111863715
3419,183.0704542537683,5.822531519247209,passed,183,8.934729006090624,passed,157,5.124735648268208
3420,175.69810202283978,6.749950291037685,passed,157,8.062690214415857,passed,101,5.007988160601062
3421,119.80342199131093,21.668146126030454,breach_static,63,-10.821568978038886,breach_static,63,-10.821568978038886
3422,155.41365753539313,4.692111194852468,passed,146,8.780992791280795,passed,63,5.778633755790619
3423,132.68859901049206,6.2179111633631,passed,122,8.329325260711084,passed,90,5.341800466433466
3424,167.77635030961667,4.6747818894491635,passed,107,8.598104936148765,passed,76,5.008003666219274
3425,154.90124149278026,4.430947087676813,passed,68,9.239397494603896,passed,21,5.414759214622622
3426,170.0007221456439,5.469164700125703,passed,55,12.817667745590345,passed,31,5.340764362341255
3427,158.138712961963,4.125087450496597,passed,19,9.07168993304226,passed,7,6.891538742554992
3428,156.1303091187667,8.18497197351762,passed,128,11.009547558756804,passed,31,5.1427597137113645
3429,193.92221566962803,4.700521468109039,passed,49,8.461034617570796,passed,40,5.120090006210676
3430,149.25726910998839,11.220874145085906,passed,393,8.112899787966699,passed,120,5.4537899054033945
3431,176.8643451678904,4.586654668167397,passed,13,8.342287981473984,passed,5,5.554277137766683
3432,171.4596403558509,4.798640372693672,passed,46,8.823471727964494,passed,34,7.267377339915049
3433,176.56082788872345,4.009839411675704,passed,56,8.367167381950647,passed,22,5.7777267118062525
3434,168.77871271015755,10.352100470056163,passed,37,8.559528087710145,passed,21,5.395850180149875
3435,137.29752728905268,10.137035703948012,passed,69,9.179273189442693,passed,45,6.3170222548618815
3436,123.68425419925657,6.888695628713166,passed,128,9.983036295717529,passed,53,5.4599517733606495
3437,210.59770402180965,6.168365352414257,passed,59,9.176269391058266,passed,56,7.666530326919796
3438,191.20767249394493,3.5434960158812796,passed,100,8.837797453093987,passed,93,5.830574200246286
3439,249.80410405988715,2.6069856560656675,passed,75,10.01229021486223,passed,44,5.005660541399615
3440,146.8359320456009,5.840021029861408,passed,191,9.080394449579954,passed,93,5.2908331822559385
3441,128.72863292141847,11.416185940981025,passed,28,9.6941164904351,passed,7,5.105337373466301
3442,136.55392475017655,9.279467026426005,passed,112,8.419275095959744,passed,109,5.657279542390459
3443,189.08373684025813,4.563003184130212,passed,85,8.407484087148864,passed,76,6.105227393053547
3444,146.1446450482085,7.333456616432016,passed,93,9.354207462198083,passed,55,5.1650237398021215
3445,212.001193756958,3.401218425671737,passed,58,8.16587507597597,passed,58,6.4000144908620715
3446,185.30668559408272,5.050668369962822,passed,124,8.1328702155115,passed,90,6.332730677966403
3447,179.4415561337931,4.891098908512573,passed,99,8.827260886861499,passed,88,5.483013656347513
3448,167.64031620911456,6.378962770160148,passed,79,8.001527663079022,passed,75,6.967101700997147
3449,209.3313002297077,3.1680669838595894,passed,100,8.397247492509807,passed,99,7.206121153957845
3450,160.58692393657407,7.284655096450993,passed,58,9.866399441266438,passed,45,5.193804500833821
3451,169.79205628157436,5.274244170920688,passed,99,8.911392367494564,passed,60,5.495526094663283
3452,179.60121058877144,6.856163084168069,passed,38,8.30963853414084,passed,38,8.30963853414084
3453,175.73576762379807,5.8015181430363345,passed,99,8.011920696686147,passed,88,6.248926106297281
3454,190.37793358837706,3.051576828738098,passed,100,8.012210490149041,passed,45,5.070703417581313
3455,224.0071902852378,4.756737926121692,passed,93,9.251283021171819,passed,44,5.419997519786568
3456,229.21909942522686,4.192005114476611,passed,64,8.086804307867679,passed,28,6.033794034337814
3457,193.10053462128803,4.880201780545116,passed,62,8.011154690796985,passed,27,5.546180656729094
3458,172.72850647191925,5.866000503016968,passed,28,8.193505164599713,passed,27,7.654036698930877
3459,168.4013122450557,5.4794733744520725,passed,60,8.05734309196231,passed,46,7.186951218362148
3460,108.25408264277586,6.32662420871914,passed,28,10.841715528682139,passed,22,5.0648701110718175
3461,196.42597821828693,9.809731120855503,passed,157,11.540320128368009,passed,155,5.190949976919135
3462,176.43481941015628,5.3296624024413175,passed,88,9.448650982293284,passed,65,5.373432119715549
3463,185.55424274039675,12.051318841869234,passed,216,8.390620290696127,passed,191,5.125741982318632
3464,209.89000954761866,2.834156653656527,passed,26,8.234264888375176,passed,16,6.619802410245956
3465,178.38078234546214,7.151223504822128,passed,134,8.998808382790457,passed,99,5.17032397816517
3466,188.36587748665528,5.166429176392831,passed,68,9.16662448672425,passed,12,5.260738493117101
3467,194.12267994135001,9.016807924732404,passed,152,9.431001088140366,passed,120,5.7769108306514605
3468,171.94864506802386,5.661043720738432,passed,47,10.17869995709406,passed,24,6.103254946927383
3469,176.8124006016287,3.758572751005134,passed,41,8.098839188542772,passed,13,5.508725188429553
3470,192.5493198255241,5.10093505982662,passed,99,8.080631276763196,passed,96,5.189828621849202
3471,105.68604656471767,13.339655119298152,passed,71,9.957684512694165,passed,58,6.922130522988779
3472,221.9904492722273,5.546818885672996,passed,126,8.47776350931686,passed,76,5.014655153158087
3473,197.34212582916135,7.011700457351432,passed,177,8.179718832163774,passed,149,5.003639322721454
3474,190.4975820835538,5.702395618301808,passed,76,8.111314866697183,passed,69,6.56591214817186
3475,169.16196354270508,4.7433687128533855,passed,75,10.027143078857815,passed,65,5.644673677894763
3476,191.1154458498371,3.703605337041358,passed,34,8.687966803890635,passed,22,6.742813470955089
3477,181.26623204995238,5.760623120224852,passed,32,8.11818155076156,passed,24,6.224886006553132
3478,158.9370985694539,5.20120145984067,passed,30,8.459687842408847,passed,13,5.85240868594572
3479,151.0384014378934,7.771880644492639,passed,102,8.066888398553695,passed,76,5.309791291775601
3480,185.42637736904405,4.655103466666007,passed,49,8.110735521993329,passed,33,6.376186850702514
3481,171.02096747574774,5.476169284090268,passed,81,11.12908338520533,passed,68,5.3789118778557965
3482,145.8432130775317,7.196412115887332,passed,64,8.357515092405364,passed,53,5.3012550960452876
3483,197.12172915446686,7.438603752522706,passed,12,8.115069046648472,passed,5,5.000533377076866
3484,157.23833716280953,7.538312915031329,passed,104,8.357758886043442,passed,19,5.012243036847641
3485,164.80913756724732,6.582436770763257,passed,84,8.132995877410343,passed,79,5.006421536912575
3486,242.16624842451537,4.060845326924579,passed,30,9.417584293243308,passed,10,5.219330492170093
3487,166.70637414353163,3.9901953476975054,passed,57,8.742126995289556,passed,35,5.391467065425526
3488,181.06472388225546,3.2318009025705314,passed,75,9.491192263079729,passed,47,5.660808594253108
3489,154.38080258591037,9.8567557008858,passed,49,8.631739907270175,passed,37,6.448736306001268
3490,162.92120726516205,3.4577015033744276,passed,30,8.211066350824003,passed,28,7.177476906860858
3491,185.29137907141885,7.61162816713793,passed,43,10.222422677241273,passed,40,5.311632018918244
3492,209.0223402775215,5.461979760228776,passed,53,8.758087910475588,passed,26,5.453160789938494
3493,199.72815920389883,4.435699198096861,passed,97,9.027869522908482,passed,95,7.152035657019429
3494,147.94346789576127,6.945406202832931,passed,84,8.494392081636315,passed,22,5.078000568963592
3495,173.02380987228085,5.209705095626549,passed,122,11.157114643697286,passed,93,5.138462274908262
3496,163.2223103052866,5.706594933673673,passed,22,8.37105891446095,passed,9,5.250212041029734
3497,174.59034893749018,10.429445663753208,passed,50,8.260043106712756,passed,11,5.424903459558039
3498,155.627794912529,4.730950448363583,passed,70,9.246472697658636,passed,39,5.347382468344897
3499,172.23609144451933,5.842980061642302,passed,45,8.877537488008901,passed,21,5.0008708398574075
3500,213.7577141035398,6.732835779045436,passed,105,8.837068283012094,passed,18,5.9719379116473625
3501,210.84680755242906,4.592762884747156,passed,120,8.206644496019354,passed,52,5.846855869143441
3502,131.57311379053152,5.784283979252657,passed,129,8.496969117840836,passed,108,5.085633403778056
3503,186.90739681443884,7.120009681226397,passed,48,8.37550930069173,passed,32,5.50868097264583
3504,144.16616877382506,5.5476779294318534,passed,62,8.230197005889384,passed,61,5.455340786652019
3505,190.99852222788724,6.216133304220426,passed,76,9.816084933755874,passed,49,5.593794874004021
3506,168.4059626128533,3.8600909575673117,passed,52,8.006276529988753,passed,37,5.006223841709745
3507,169.3469045672881,4.823542588610443,passed,63,8.552472609538997,passed,61,6.0060462099612355
3508,187.67127400869222,5.166891206444786,passed,62,8.18252306394367,passed,22,5.136456296531966
3509,148.9496497251082,11.820732809281319,passed,64,8.392677535603465,passed,35,5.18302311456631
3510,192.11943469049078,6.938346120304138,passed,78,8.704878882321566,passed,58,6.384240829034504
3511,180.14573826864034,5.355491405013392,passed,25,8.29631642996771,passed,22,5.614167250712909
3512,127.11263837099547,6.193209594763983,passed,251,8.011149361570524,passed,38,5.015655545222719
3513,215.4959325217642,4.866831627527925,passed,15,11.399554395072563,passed,14,5.144066316978679
3514,208.59983826696032,5.058311730895797,passed,60,8.437744840356487,passed,21,5.341123354919719
3515,150.27198646518244,5.3680045336345446,passed,97,8.172817261060473,passed,88,6.007228055188674
3516,158.49512942485845,10.564476596110712,passed,81,9.063510001972897,passed,68,5.636777896951473
3517,104.94668103171776,7.356783147392296,passed,188,8.718084469603138,passed,119,5.17971954298706
3518,179.32865014813828,8.216766213567873,passed,68,9.091097420629858,passed,64,5.008513781817747
3519,226.81337750800515,3.9914006157762465,passed,26,8.283381034819492,passed,7,5.019878777772946
3520,138.35518371999834,7.575381256447248,passed,54,8.807535557132805,passed,36,5.641494880468234
3521,196.3256070527017,4.142139271925102,passed,84,8.003449732230594,passed,58,5.750546675309276
3522,128.86959089337688,9.501474202700479,passed,178,9.060919870103156,passed,162,5.970143626755209
3523,181.94236893721416,6.309504260160867,passed,36,9.432562720978698,passed,7,5.35111274313449
3524,147.50910756234282,11.618717075168748,passed,63,8.877529374816294,passed,37,5.441267546581807
3525,221.73417948633664,5.3569333802100045,passed,134,8.00418393746607,passed,99,5.416619359446884
3526,206.1336888277963,5.194190054486039,passed,48,8.259103725582783,passed,46,6.367523294594024
3527,154.65399879641924,6.6765728805567015,passed,35,9.310914992018283,passed,5,6.772711578380353
3528,147.00059859178327,4.279504493917862,passed,96,8.007819187298026,passed,95,5.019725353704074
3529,136.81824307217724,6.03982201630084,passed,52,8.138582648330095,passed,45,5.264376139768956
3530,184.63539414679738,4.760948751979202,passed,125,10.053996932356867,passed,38,6.500394129377596
3531,165.5780271605221,4.655699556177708,passed,106,8.033821132146613,passed,46,5.544740798351855
3532,206.6428991732721,7.690705775404543,passed,61,8.314757311414422,passed,59,5.561640447349436
3533,151.66601026580312,5.947609796093759,passed,47,8.238739034941723,passed,40,5.315901345662977
3534,147.07284140683637,9.428948157240585,passed,82,8.229753201705648,passed,58,5.9220743531359865
3535,227.4622101539884,7.621483639476548,passed,122,8.045874867509028,passed,115,6.372544825247584
3536,168.03136769606945,6.588829584061194,passed,93,9.404293910956095,passed,71,5.579694839181837
3537,155.847898574459,4.998457966158544,passed,85,10.83544764426616,passed,38,5.91479912756121
3538,194.52105289393074,5.512204714662109,passed,65,9.730764241613254,passed,49,5.6284287749137185
3539,190.2733297607195,3.1908737550399366,passed,93,9.578639556455993,passed,84,5.2950383242651
3540,162.31236487655173,7.843034471993357,passed,56,9.62171639731726,passed,44,5.73621373555282
3541,208.18140733198152,4.808591643720392,passed,34,8.82679609744621,passed,21,5.067175020171755
3542,201.94566353825772,4.7902863790920875,passed,18,8.637818654886885,passed,18,6.52959152228616
3543,175.68152579268417,5.990652811575015,passed,29,8.076259424522592,passed,20,5.005336826644613
3544,152.36852843651744,6.237663949728741,passed,335,8.791924756441016,passed,167,5.262238242822104
3545,139.6241919421276,8.836377856076641,passed,57,8.1936406746139,passed,28,5.633482834135495
3546,187.0816779180839,5.9734656586074095,passed,110,9.214092953060838,passed,26,5.708692892136358
3547,171.2083394327235,9.313064543428816,passed,230,9.838154962978374,passed,195,5.139787327547274
3548,165.81460879987918,7.67355417727404,passed,80,9.445809050502518,passed,75,5.111398679056212
3549,187.79589098748392,4.3770302621565556,passed,32,8.014161676179876,passed,30,6.665094809066141
3550,195.5054411059682,7.807638334039901,passed,99,9.78105073488389,passed,88,5.15365191401207
3551,148.5757379847356,6.235950613321365,passed,49,9.971199687386623,passed,44,7.9007398796494765
3552,158.5170412434199,5.97597096615115,passed,157,8.866240160124539,passed,124,5.860894063429467
3553,245.95360517750896,3.1513252439718675,passed,103,8.217497063348866,passed,46,5.01249014613927
3554,218.32890314957365,7.150320593705368,passed,90,8.519099608149073,passed,88,7.702772179516804
3555,171.20774084573793,5.141944237187592,passed,89,8.46338980176553,passed,7,5.04691268189863
3556,199.55229248444235,5.061887115244691,passed,58,9.02187761957849,passed,54,5.545924144573755
3557,206.03915047366223,3.9482751046199214,passed,34,9.169790131541422,passed,13,5.683247477466602
3558,198.2665439806988,4.552391175839248,passed,27,10.414362605573846,passed,17,5.00328523755631
3559,176.82529667770285,7.940535049041501,passed,241,9.278063542088354,passed,34,6.459677385291807
3560,197.8419326120941,7.7636342309823565,passed,37,8.353926248281706,passed,27,6.431629665827776
3561,178.92999267746953,5.581284690866278,passed,24,8.597969566594665,passed,11,6.097992335934732
3562,142.40709645986058,4.81466277641944,passed,28,8.95674362165899,passed,21,5.770926058541859
3563,189.72638912934866,4.76858829247862,passed,18,8.03426203439015,passed,17,5.680066226723524
3564,161.66571356935987,8.110278185456854,passed,108,8.326217558919758,passed,73,6.652358819571247
3565,244.89792234939728,5.871929845233369,passed,49,8.960148627779718,passed,22,5.316807150454728
3566,161.46780683764294,7.901876473132161,passed,145,8.134814403271795,passed,28,5.319925414912374
3567,164.5096625945336,5.039755519481233,passed,29,8.12206772222801,passed,27,5.48904823941585
3568,177.3881076553533,5.5757936094389615,passed,109,8.02828682169341,passed,81,5.003550753014219
3569,159.23542616217802,11.329099764171167,passed,97,11.684179423366214,passed,26,6.435064535786772
3570,220.1891643664052,3.3219199530230408,passed,53,8.499896635501102,passed,32,5.189221203985261
3571,201.69649556112884,3.8655366473583967,passed,76,11.706778655161699,passed,31,5.0400898901334035
3572,161.74767400918944,7.149617393118612,passed,240,10.046028488988568,passed,102,5.094924613515173
3573,153.63032621778495,6.9029805808771165,passed,180,8.017060528281084,passed,92,5.751719015385981
3574,191.8210442335841,7.520155014948592,passed,99,8.392923576716704,passed,96,5.507322914964186
3575,212.22898810823233,7.38925247122716,passed,93,10.033583168760597,passed,88,6.176773038504169
3576,160.71969965470038,5.816057660438828,passed,213,9.214256650994024,passed,62,5.56209723547012
3577,222.434217575405,5.0857124330849555,passed,30,8.959351241792056,passed,12,5.365966822520951
3578,163.42698042371794,9.405778794196076,passed,110,9.01456245621699,passed,49,5.329889198921367
3579,171.94038668432063,7.89074312946947,passed,157,8.107575285768775,passed,121,6.1230610423931076
3580,168.71438588851166,9.21986171431456,passed,209,8.299251774856774,passed,209,7.206182981662135
3581,173.12600527678416,4.161265448813065,passed,21,9.942940800562106,passed,18,5.695470226903532
3582,152.31128547809817,6.62825301102818,passed,68,9.94422795246197,passed,37,5.009178516208346
3583,213.96345536681852,3.618755316718946,passed,39,8.004459642527229,passed,27,5.713388195839264
3584,155.3438691319624,6.106918340477746,passed,21,11.619609040827171,passed,16,6.7790295997151695
3585,134.75929113845973,6.520084226253445,passed,259,8.541451076718909,passed,243,5.185919857005383
3586,194.68308842549357,2.8956556904511346,passed,65,8.310698366061198,passed,48,5.196282292337062
3587,236.5560031489935,3.799651498649627,passed,87,9.521955006198812,passed,41,5.221927880120614
3588,121.34495616384302,18.534384198949862,breach_static,108,-10.078704933150707,breach_static,108,-10.078704933150707
3589,188.5524244793711,5.736641770905268,passed,108,10.934827003169701,passed,88,6.115684462772686
3590,138.01707341208987,11.634931843448477,passed,31,8.185772064351603,passed,17,5.661589839099679
3591,160.9641209225046,7.55450491869098,passed,154,8.027981168025434,passed,35,5.2782886387316985
3592,145.27351607288125,8.161523723304875,passed,114,8.697869905876999,passed,104,5.226873583125635
3593,146.66827174577026,7.762790239293644,passed,88,8.687725850724725,passed,80,5.185757261186663
3594,225.41687259844286,5.045940907473294,passed,86,9.004223169366444,passed,49,5.34839890032508
3595,155.93878613483727,4.698820943816978,passed,74,8.191680733320572,passed,12,5.237814369576355
3596,191.66705825770887,5.021238936018771,passed,134,8.058116581551978,passed,82,6.153377374910418
3597,160.17005025212083,4.595594092461021,passed,108,8.411838335551813,passed,108,8.411838335551813
3598,169.4175406536591,7.756756654700422,passed,153,9.476200938803725,passed,112,5.8477763703725705
3599,135.6237408779473,13.586724281261331,passed,69,8.562982069294911,passed,45,5.6510059329098805
3600,229.25701185221098,4.886894501312446,passed,48,8.194456489338343,passed,20,5.30059166403527
3601,195.59983218249113,5.2005727610600045,passed,134,8.967082325045329,passed,100,5.425549303201627
3602,164.38607414732866,4.132164046507687,passed,90,9.316526059814034,passed,69,5.697476305972837
3603,186.57964541252068,13.872632917254563,breach_static,141,-10.671829881692485,breach_static,141,-10.671829881692485
3604,243.71047009207598,6.442915402356418,passed,54,8.272336964010108,passed,22,5.165690536519918
3605,181.26687010625756,3.4320463500402383,passed,50,8.00928666642311,passed,39,5.474185316827684
3606,175.21510839380628,4.317774971861971,passed,79,8.753284920656146,passed,59,5.200681792284256
3607,119.57086194046269,6.07944696922464,passed,235,9.793072982593486,passed,226,5.579996167601253
3608,261.2135765765837,3.70280733558268,passed,100,8.19821682138,passed,100,6.366300068255648
3609,156.51131260480787,5.766978042878354,passed,93,8.779452425127165,passed,88,5.835830692210919
3610,176.61184673991107,6.1398275587748765,passed,63,8.303578850806236,passed,47,5.9530646747899985
3611,203.3502497068488,5.734309045939658,passed,40,8.268257895681707,passed,24,5.00174326709486
3612,195.1317670049955,10.108413813550692,passed,27,9.303346489536723,passed,21,5.2912411404957505
3613,154.08991840504575,4.607386497243147,passed,38,8.656569610845288,passed,14,5.355753487775483
3614,169.05016387670767,5.523726469149551,passed,134,8.988002289834519,passed,99,5.200814727030667
3615,206.51061573861367,7.064400122006898,passed,34,8.08460461380285,passed,23,5.5327075268028825
3616,161.77867728268382,5.729895506872181,passed,55,8.607030324274522,passed,16,5.188752953929754
3617,199.74375042997931,3.4371528028827063,passed,58,10.494331441161474,passed,52,7.143597137661772
3618,164.35645352391313,6.091018007134563,passed,77,8.015570886899104,passed,62,5.258642608868058
3619,183.55816122670072,14.417401839297064,breach_static,96,-10.19099378242636,breach_static,96,-10.19099378242636
3620,155.77804829401,11.443293187215966,passed,91,8.094202318119725,passed,89,6.0869495256881345
3621,178.0319899583159,6.56354364602479,passed,110,9.642288168201606,passed,48,5.295897569525532
3622,186.94093104868722,3.8292302312983093,passed,108,9.196602126223997,passed,59,5.137443775805051
3623,167.64512889364568,8.193370403338113,passed,58,10.01521104719516,passed,30,5.241153871326443
3624,142.55353604912543,7.000884192174686,passed,30,8.844976584692166,passed,21,5.019121360699841
3625,256.83936907956564,3.3282701386079605,passed,58,10.50463636420007,passed,58,10.50463636420007
3626,181.7051296083744,8.253277689069836,passed,26,8.058959307099723,passed,22,5.3461020115298075
3627,152.86658523550875,8.576233736261676,passed,63,8.089115536518054,passed,51,5.652239534549985
3628,183.65644675665905,6.9446547427451,passed,97,8.011535336189347,passed,62,5.633050747696067
3629,157.7624289144654,7.132664016404101,passed,63,8.751706684586669,passed,43,5.162061229479664
3630,175.1430899161446,5.295018820411436,passed,45,8.160625289983336,passed,23,5.023082566936132
3631,177.2219327364212,8.977010997868504,passed,204,8.854902501681705,passed,168,5.821113595328464
3632,194.28286853755628,9.050829285988794,passed,213,8.01882328887431,passed,174,5.446350599059802
3633,147.02094565865002,5.015568050185959,passed,34,8.817646186030338,passed,5,5.119352008574762
3634,145.10712768786078,7.454483922265669,passed,34,8.310582240079277,passed,31,6.431272075741368
3635,238.36730798819468,6.01337084321098,passed,38,8.133937336187923,passed,34,5.2474345973652525
3636,147.86630804328297,10.585209825365082,passed,148,8.070194154083477,passed,120,5.000358636351998
3637,185.9497981520842,3.6862611319598546,passed,102,9.948082782570555,passed,96,5.588585442205396
3638,195.90526036526867,8.79687055843035,passed,93,12.151405208389354,passed,90,5.4042707567883985
3639,165.03261306348648,6.210948887164464,passed,95,8.945054412450038,passed,36,5.167668688983884
3640,205.18800104837715,6.198130580682716,passed,17,8.00692132614451,passed,10,5.0586504082918315
3641,151.35841349567679,5.219212143334359,passed,17,8.894974740527894,passed,7,5.694411733704374
3642,154.34770363167675,5.655328091692532,passed,44,8.019587394190687,passed,34,6.503556406038857
3643,180.56722541994174,5.236642139241205,passed,95,9.841675010280436,passed,48,6.118970940830404
3644,157.44488798391396,6.174160717689284,passed,29,9.689491344201052,passed,21,5.951034670805377
3645,198.80775573770055,4.313443810029647,passed,104,8.002123260870441,passed,35,5.097985263304383
3646,186.71131071075274,5.127176179531538,passed,22,9.961457976257805,passed,7,6.661047913272133
3647,132.99106470330523,5.215397624964558,passed,205,9.141157184477123,passed,173,5.621450422517205
3648,193.10346932561927,5.214420562213864,passed,59,8.160830082214797,passed,55,5.080658731080612
3649,144.91304698327366,6.262112107052442,passed,121,8.356417071540069,passed,103,5.9062885723994984
3650,175.74316743150084,4.8749057277251495,passed,42,8.721517569883307,passed,13,5.271505999797599
3651,181.79037123910663,4.821109843655384,passed,24,8.509578764209746,passed,22,7.256638247076008
3652,228.8276832357682,5.244266711797199,passed,93,8.012301036676828,passed,60,5.312684701647763
3653,171.33878714694214,5.963773323305273,passed,13,8.112428661936622,passed,3,6.409485796330405
3654,203.49245625972955,3.9740208828035124,passed,106,9.272795707050886,passed,49,5.009540573327409
3655,149.18911584476118,5.510637794330629,passed,111,8.56718862468644,passed,70,6.034824587442578
3656,136.96266796369034,5.282267190588262,passed,46,8.85880423564107,passed,40,5.8553053274686295
3657,194.76393479463053,13.052271348035905,breach_static,87,-11.937321687752878,breach_static,87,-11.937321687752878
3658,137.13251228797586,7.061509137417402,passed,82,9.940721148839282,passed,38,5.807181930724181
3659,127.21219836747197,10.49267474290801,passed,260,9.108876272445542,passed,242,5.150770108105762
3660,236.31880489634676,5.973496039532007,passed,121,8.904559553446179,passed,3,6.243936817097762
3661,138.26903730851225,6.405818026982449,passed,67,9.931715532565466,passed,22,5.848993954981352
3662,194.5343294938399,5.565561108177016,passed,191,8.46267931676763,passed,152,5.682374298499693
3663,168.0027488331826,5.470575959876005,passed,45,9.235409838627628,passed,39,5.0970739505518114
3664,168.4987841481596,3.490238481356233,passed,96,8.813218669845323,passed,84,6.663424620265079
3665,154.7139560168313,7.217254132061372,passed,45,8.368994144720476,passed,22,5.085965164776307
3666,201.89668866757228,7.623748277281687,passed,89,9.230247624584642,passed,84,6.025176937484478
3667,144.06419608602263,7.052249741327529,passed,99,12.939877556845802,passed,32,5.362511881771304
3668,129.56393303455357,9.530187661232551,passed,22,8.007944105743992,passed,8,5.720355025750146
3669,178.19515482506588,8.515999942800214,passed,211,9.305166338198934,passed,206,5.259061618356786
3670,182.2512145036206,5.654452177017861,passed,135,10.049978336007715,passed,124,5.009143487938772
3671,175.47163742684288,6.731397455720403,passed,25,8.990311745460389,passed,13,5.318705162879245
3672,213.18177020498834,3.7742166582521213,passed,98,8.019271557050377,passed,32,5.023976954740728
3673,225.40062108652364,3.683626793029545,passed,100,9.137008360954614,passed,89,5.2094806562640095
3674,154.71436767801544,7.577593080043108,passed,55,8.616522492821609,passed,19,6.036967814554983
3675,151.03989294745355,6.666197486146125,passed,212,8.690652418605517,passed,53,5.523706532315553
3676,198.08175910730876,7.562051252801498,passed,88,8.19840135105865,passed,58,5.383347443077557
3677,210.66285256077157,10.337619084223473,passed,78,8.168901703439468,passed,72,5.140608746335684
3678,170.10527808566772,5.137496091426504,passed,59,8.496016082074576,passed,31,5.71189541091115
3679,193.20171420874425,6.0830763157581,passed,90,9.241552904905515,passed,9,6.192416519431165
3680,231.81441879476435,6.466339167442388,passed,18,8.246191108041367,passed,13,5.930911199224731
3681,181.1414791412295,6.152796649402865,passed,78,8.03275135984105,passed,63,5.5985688129897015
3682,153.59918861981953,10.148451230850954,passed,401,12.824659131674899,passed,393,5.169520815754436
3683,174.10944671245812,7.202463253846071,passed,34,8.449688212150729,passed,22,5.014038673666854
3684,222.78668960478845,3.035467625937502,passed,47,8.019788064661082,passed,37,5.07926804500789
3685,203.30464361364773,4.687479538226837,passed,50,9.528215220413161,passed,48,5.7374161518115585
3686,190.1094440569747,4.226787072807707,passed,110,8.198117109026004,passed,104,6.860633835938357
3687,129.49966553445796,6.4969171830044745,passed,38,8.009620741939273,passed,21,5.332249924547594
3688,216.04068536379754,2.8700477599307708,passed,41,8.804334970404138,passed,29,5.303049056314202
3689,176.18828959036216,6.072813551969271,passed,58,8.597792915650416,passed,56,7.657227988432469
3690,181.7140446779768,5.672954792541369,passed,138,8.181945982670102,passed,62,5.579473392666823
3691,191.33313477952836,5.948483098213626,passed,62,8.1665811303939,passed,14,5.26338261697008
3692,146.66673121352923,7.7398234933414995,passed,14,8.980912121577077,passed,9,5.810245522332869
3693,178.59461748442106,4.347950528683438,passed,84,8.087104542856949,passed,77,5.672358832197744
3694,156.3573825007627,6.966309720112421,passed,76,8.108363046929878,passed,44,5.169622251927741
3695,205.93631691877917,3.5939769782881434,passed,58,8.924657879633502,passed,54,6.834270822136945
3696,119.57695917803255,6.37139412092262,passed,48,8.749327044130162,passed,38,7.020602747066684
3697,142.51501177026157,12.205272932154616,passed,143,9.996529794487262,passed,141,7.7981062762473075
3698,168.34754531804248,3.9087641256777954,passed,11,9.372624421623321,passed,4,5.00697137793138
3699,189.96954794041855,10.82111446496715,passed,52,8.630760899003832,passed,28,5.210292708157649
3700,134.91551413288613,5.530999855180119,passed,75,8.255423322709099,passed,50,5.816505676990791
3701,134.73203255014045,9.368300148149022,passed,71,8.771099505059631,passed,32,5.462245259728293
3702,137.85503620569693,6.216712977872161,passed,40,8.484786345810068,passed,24,6.475048384285831
3703,194.84100688015644,3.8846321795711223,passed,68,8.624280908143312,passed,57,5.151763807428078
3704,180.2706087474761,6.857001962621345,passed,265,9.669352887402693,passed,126,5.268918857485816
3705,202.03452134563622,6.254669178193957,passed,122,8.220627874202746,passed,58,5.160181042551892
3706,140.09150616463154,7.794791858559423,passed,65,8.42183671888328,passed,44,5.0510488631824835
3707,155.23511017936715,10.740740475926774,passed,53,10.024053384262821,passed,45,5.3837211908348115
3708,177.34154909708235,3.114122381503461,passed,13,10.43325253530789,passed,8,5.203126837188732
3709,208.0151946791363,5.891653680778115,passed,46,9.875219133417822,passed,41,5.2483307393140555
3710,216.54818509513655,5.3237796965768585,passed,27,8.277716659581413,passed,16,7.34972112847696
3711,201.3635944745382,3.8016666744782333,passed,75,8.608542451838176,passed,67,6.548304154344331
3712,191.8120453218991,6.020658129014386,passed,30,8.066361359646535,passed,17,6.317338979488296
3713,238.80991938855564,5.996059959823312,passed,72,9.413955095717519,passed,26,5.204650244808406
3714,169.05911051410195,8.793958143069835,passed,98,8.449505918334776,passed,38,5.957947131427832
3715,160.76662323995907,4.121127079261759,passed,54,9.247962801551957,passed,34,5.946829791152886
3716,175.3728848071089,6.631951628863327,passed,7,10.689574783627709,passed,7,10.689574783627709
3717,171.00281496809484,6.531421069583542,passed,34,8.194991902925764,passed,13,6.4695028715181735
3718,166.36003777372412,4.837062667848387,passed,49,9.34094272898449,passed,21,5.387365221335094
3719,211.06579719851442,5.693367103569843,passed,60,8.474101680018986,passed,54,5.127134129856903
3720,103.65556248787952,7.293504657952821,passed,256,9.407628820783609,passed,121,5.030958613044612
3721,164.20956227327318,6.2287549222835015,passed,59,9.295021495653867,passed,49,7.611698119903476
3722,167.19173263835447,4.232445095880103,passed,93,8.07867451153259,passed,49,5.275108430873576
3723,155.923393799743,6.514815286662122,passed,143,11.198455312779942,passed,110,5.234590285611862
3724,216.0525614147587,5.07061183141092,passed,184,9.438768813106545,passed,167,6.6287325718481505
3725,154.95309025825313,4.275122814142214,passed,93,8.149661018025501,passed,71,5.825865238650874
3726,160.4863460012639,6.933033963921133,passed,166,8.567539794538636,passed,147,5.693070543541334
3727,210.1067123921723,3.7965815830230323,passed,95,8.009277931818271,passed,68,5.679763512636082
3728,173.52989341152193,7.985733154396348,passed,44,10.05930911908013,passed,26,5.8340181193383245
3729,170.95611929609262,6.536642605433557,passed,48,9.17406471348221,passed,28,5.244001112871621
3730,177.22182445584485,3.97199744692414,passed,35,9.827543257347893,passed,35,7.384163908379304
3731,205.6548090397846,4.054034466821703,passed,25,8.091591157459899,passed,16,5.152473133594748
3732,240.61202323008462,4.205091728963823,passed,49,9.519627198988045,passed,27,6.3027231582655
3733,186.156807919103,4.307268909379165,passed,93,8.04217791858659,passed,53,5.000632007943073
3734,146.07413949180744,4.413572492561445,passed,123,8.242254153222905,passed,22,6.672191992441667
3735,176.47540085063028,4.112838585918755,passed,84,8.01696855618157,passed,62,5.415437736738116
3736,153.88435782108238,8.35643529914256,passed,316,8.786881539465362,passed,309,6.539423961192536
3737,152.77446757224325,6.231377769490678,passed,62,9.473747621166662,passed,52,7.461502143336762
3738,168.88243232320775,8.470898205915555,passed,175,9.973337492201528,passed,123,5.681890352532881
3739,221.32112249423602,3.897622710643704,passed,28,9.187917322460294,passed,14,5.311414961957994
3740,192.70489960598763,5.082367884768364,passed,99,8.00627591011278,passed,99,7.71503931378188
3741,184.9770846706926,5.163953883349036,passed,79,9.310319916553134,passed,58,5.502579268889085
3742,151.7013879837087,6.736543781810061,passed,18,8.15763228595532,passed,13,5.149244177529355
3743,159.90030544501113,4.740291982026539,passed,12,9.525160227866891,passed,7,5.95866599792183
3744,155.76186767202705,3.9549850836519345,passed,35,8.659105576576454,passed,26,5.3734019012199985
3745,104.4673249880717,9.678678687751624,passed,179,9.167651114352914,passed,165,5.894953496954636
3746,195.79652910551494,4.292017856049527,passed,53,8.004782378986475,passed,46,5.669001555868536
3747,161.1755504982325,5.018994656584904,passed,84,9.479261917219016,passed,67,5.004969301026696
3748,178.25386990718957,6.857680800023679,passed,62,8.851322625918456,passed,58,5.643884171093805
3749,182.50695034110316,5.522481916474777,passed,84,8.017732878010818,passed,28,5.681016377320169
3750,145.1693145074503,7.560248859192795,passed,43,9.424802591449687,passed,28,6.641324216981204
3751,257.25550278645704,4.670044153024363,passed,69,9.04769287806062,passed,54,6.486610351157296
3752,189.47577365045575,7.651341118398626,passed,86,8.713575177236855,passed,76,5.1140427639084995
3753,237.10552012594647,4.784730350491846,passed,54,8.70657181579173,passed,40,5.017863285167734
3754,188.4404484268043,8.369445525035546,passed,58,11.688158649880197,passed,52,5.725266842456644
3755,230.47281643115406,4.763975070918863,passed,76,9.406438159399833,passed,12,5.890179811167995
3756,169.62911965279247,5.621829391446898,passed,44,8.000442994718004,passed,31,6.1172373008278935
3757,166.01113224367143,5.238823104160427,passed,12,8.942841902068821,passed,12,8.942841902068821
3758,164.94721261708628,6.138617913282541,passed,34,8.70149244869789,passed,26,6.516633989291454
3759,214.45594562027816,5.275040183552945,passed,8,8.305969936507607,passed,4,6.616889565016604
3760,202.58431663859088,3.4915161373923786,passed,97,8.791851035888797,passed,49,5.652019141582576
3761,210.11654529027183,4.364694960528547,passed,61,8.562207746337824,passed,46,5.181002246972866
3762,188.34239485885885,5.776947984577271,passed,64,10.812706529328997,passed,20,5.067942541031933
3763,151.241334514524,4.9257010571680055,passed,82,8.010315277750134,passed,75,5.20303254701906
3764,209.92619417799244,5.607043203404102,passed,111,8.536237729226004,passed,97,5.015952650315603
3765,170.59510666568366,4.999763281915684,passed,18,8.015826459938836,passed,5,6.49353358562208
3766,148.20264555271385,4.362139647188586,passed,45,10.276212677182528,passed,9,5.599599333587291
3767,133.39969966037506,5.731177377778846,passed,96,8.33941227490036,passed,84,6.449048284323466
3768,161.46092409041822,6.1894413633056065,passed,22,9.186787816034325,passed,3,5.019184497735973
3769,224.82110268091083,5.895047069888862,passed,7,9.21606005993112,passed,7,9.21606005993112
3770,115.89904529221889,5.732079919770106,passed,46,9.013625872613783,passed,36,6.185932273326622
3771,215.62556536412094,4.361560618039017,passed,103,8.166305987484378,passed,100,6.105760286665962
3772,195.9782690258949,3.968918824442614,passed,83,8.683806365456226,passed,68,5.028430238353621
3773,115.10488614418631,9.195864779467215,passed,93,8.629210581940217,passed,79,6.049111838839294
3774,215.33863600815954,5.9072981230514525,passed,75,8.835193660954864,passed,31,5.171854178352153
3775,164.40828998679348,3.205296830961614,passed,74,13.738131838894073,passed,65,5.586281360064049
3776,193.00079607923482,6.82129358743285,passed,45,8.619020997320437,passed,37,5.916260637722681
3777,203.98739668030152,8.24723753555558,passed,195,12.494599447756105,passed,76,7.896246993279465
3778,182.40555734864742,5.690802658839536,passed,46,8.465389857466853,passed,22,6.956274889166014
3779,195.70430632567746,5.6915133990202085,passed,73,8.959486270710016,passed,38,5.31601447367287
3780,192.61771943648617,4.753693739410927,passed,128,8.73281185682593,passed,113,5.882530207050141
3781,136.78325482860183,6.040777263843566,passed,26,8.855754922929805,passed,13,6.590228372968165
3782,175.81232927575095,6.27414928109283,passed,110,8.568061920843451,passed,90,5.999204673394964
3783,172.53216810323275,4.278743804121152,passed,69,8.169699360861715,passed,35,6.495853405241658
3784,199.55941842879318,6.0064988382732265,passed,78,10.289371760668953,passed,75,7.37967263003807
3785,159.74749504547628,9.444902760335633,passed,26,9.449111320144322,passed,11,5.80070790721432
3786,193.32048872193278,5.196121377908123,passed,39,9.3728670435288,passed,19,5.443459258358008
3787,182.2903346599386,4.750060665144148,passed,80,9.17309246544118,passed,80,7.1137563275734506
3788,137.9914876419735,6.30095854825798,passed,152,8.013462622462985,passed,133,5.83895201302278
3789,175.37334345734078,6.934160669073286,passed,93,8.23401847531362,passed,86,6.82735580935887
3790,166.13736063577792,6.551781515869523,passed,100,8.852953218585945,passed,64,5.491420198067831
3791,93.38775664389539,12.414847318085508,passed,102,8.577460110140244,passed,102,8.577460110140244
3792,158.36787198651655,5.551896540480855,passed,75,8.353506152634083,passed,57,5.2835401361821965
3793,142.8836275292023,6.140575747002484,passed,38,9.622338415346565,passed,37,5.386335616288962
3794,181.59102990735957,4.57704978059807,passed,30,8.10235452666086,passed,21,7.124686032380412
3795,169.90950969763153,4.439418420023031,passed,67,9.180050626917913,passed,67,5.440271856486345
3796,179.94054209538376,3.467335901498298,passed,89,9.888148165276833,passed,89,9.888148165276833
3797,260.67432241431555,5.882424536231053,passed,28,8.999462393079295,passed,21,7.592954889260106
3798,175.23747092138757,5.1511326116421,passed,93,9.280694508684295,passed,84,6.020012299775002
3799,167.68580130910885,6.6712323826260205,passed,30,8.118197847346554,passed,18,5.1432201883587325
3800,211.81536799174577,5.744128971466691,passed,40,8.595480716989655,passed,29,5.955976256039852
3801,178.42196917643253,2.8006266797772303,passed,80,8.02994135870665,passed,40,5.2823871502185815
3802,214.58198663655227,10.25012485013826,passed,57,8.64617113291306,passed,37,5.2513196403048745
3803,160.13146611030402,7.326763352207427,passed,120,8.974298313708996,passed,91,5.090373565989292
3804,229.95370596179723,8.325815984392749,passed,19,8.459072897221343,passed,19,8.459072897221343
3805,130.4123402501619,6.1047157308453555,passed,45,8.450457884588868,passed,17,5.2307075386559765
3806,191.48057473730628,5.25113270143363,passed,88,9.243905182717116,passed,80,5.1519463569502655
3807,150.22094715134736,5.732983719950221,passed,36,8.565786672829855,passed,20,5.564717988234924
3808,204.45260341196857,7.014943900705978,passed,114,8.82338963900895,passed,80,5.56142197241607
3809,190.1695561525999,4.074468211802166,passed,9,8.272433846339444,passed,3,5.509495101827988
3810,243.8637443216113,4.243528258286221,passed,40,8.68018620155999,passed,34,5.271524966145291
3811,156.17548640408944,7.796329531056367,passed,34,9.154900027484668,passed,33,6.908364281312762
3812,178.49870469766063,10.108653778327872,passed,244,8.083576375846867,passed,124,5.221398438778246
3813,181.5937487084189,7.857411368711291,passed,58,8.993264917088052,passed,30,6.77655906899568
3814,174.06597512564272,5.395671289095274,passed,34,8.620445619489846,passed,29,5.904351604353786
3815,205.99552070415677,3.8052317639069613,passed,44,8.026820435816306,passed,21,5.176033454286855
3816,154.82617060231192,7.843135971013544,passed,229,8.927090452045405,passed,209,5.380797902865209
3817,144.8520110035164,6.052982595665781,passed,143,8.042472316285988,passed,109,5.497654994289269
3818,173.2622334278342,7.224873470103027,passed,148,9.641982721732045,passed,143,7.090615800767708
3819,223.93374265836138,3.240176391732954,passed,120,8.709819017796683,passed,6,5.071044930140234
3820,174.84521801513102,5.837477278405,passed,88,8.231800009560075,passed,13,5.561691494029852
3821,174.4100807281376,4.945995951794326,passed,187,8.134654934272012,passed,157,5.51272540199681
3822,189.6367569316654,7.590693501942219,passed,80,8.508806727759822,passed,72,5.944979188496502
3823,186.23149619219964,4.413168599474241,passed,127,8.00305448237799,passed,96,5.11245806605134
3824,200.5294927739433,4.4411369326537855,passed,35,9.007829641617814,passed,21,5.145182764985856
3825,134.80389799486437,7.339364473307349,passed,168,8.169367923424552,passed,84,5.015703138307015
3826,199.68311570965173,5.3404846752853725,passed,62,8.011052098825777,passed,57,6.724197756912553
3827,167.62024061542266,7.6377116327313175,passed,42,8.274259825414498,passed,37,5.649068018318704
3828,157.36451961135108,7.049088301396675,passed,158,8.464870715282746,passed,44,5.164638395494725
3829,142.18161963850764,7.390533235869737,passed,158,10.122432345687038,passed,81,6.06421624701432
3830,159.5177849824779,6.707074322412272,passed,61,9.239844598261083,passed,52,5.165830054418374
3831,165.9844273328078,11.721440855724675,breach_static,123,-10.211420288865048,breach_static,123,-10.211420288865048
3832,171.81482154403162,4.811693701568834,passed,90,8.392815349030336,passed,68,5.569280650322628
3833,231.39062256310342,4.497460559935848,passed,99,8.09288104696748,passed,59,5.498565384809018
3834,170.76710068311277,4.251416038041643,passed,72,9.926615282469008,passed,49,5.7706946224883815
3835,218.7547550598714,3.617509010902426,passed,76,8.462070579734181,passed,43,5.569965482471861
3836,179.77660966918756,5.705805152822488,passed,144,9.093066944609474,passed,135,5.645788982775968
3837,151.05088075610493,8.519076282093202,passed,97,8.291906815660166,passed,61,5.038675987722452
3838,187.86518875080858,3.489550204113076,passed,43,8.021141522740894,passed,26,5.142147757078175
3839,135.51027412097318,4.460941191644156,passed,124,8.715056784646436,passed,55,6.709234697421196
3840,206.83123818905912,5.50727201270155,passed,110,8.21108180942498,passed,71,5.772788830115649
3841,194.61776410737207,5.99879359380598,passed,102,8.620076862762405,passed,96,5.852191301317622
3842,205.32699164991564,6.056584368818715,passed,47,9.528647908068045,passed,45,5.005607505029319
3843,118.49785437205433,6.404605439985765,passed,80,8.715001898597885,passed,65,5.460824795503916
3844,188.88123412490108,3.516852538339546,passed,16,8.030228333246914,passed,8,6.312041042885497
3845,226.69857663876294,7.612751819361807,passed,41,12.177517273652283,passed,32,5.119021125609735
3846,145.1376038387742,5.332514593848679,passed,93,8.537364667939151,passed,63,5.072234254657326
3847,231.60939740501897,4.1877256819014175,passed,109,9.392993592641297,passed,37,5.009032963194637
3848,177.6281526956982,5.564032602418997,passed,110,10.998593995577277,passed,23,5.380129721654958
3849,196.88581685355237,8.232800980027008,passed,64,8.064567309597837,passed,49,5.815243987309526
3850,195.3678115047885,5.8439710890448415,passed,121,10.294673296978974,passed,93,5.101629262188179
3851,169.2492569935891,3.998304521391501,passed,114,8.10827330121655,passed,112,7.291574571641335
3852,157.3310648929223,3.649230683564279,passed,68,8.01873068190606,passed,21,6.2151663605269025
3853,155.40311191157267,6.019512823055139,passed,99,8.032105580029313,passed,67,6.1579166802491425
3854,177.5725583769868,5.631015386778373,passed,68,8.329901008081597,passed,59,7.248462299636871
3855,170.0043187105853,5.908945838203558,passed,54,8.599846170299475,passed,48,6.178319667943866
3856,155.5461286381365,4.151441563235625,passed,192,8.841123758916215,passed,158,5.023933866184316
3857,210.96910922110018,4.1670692581854505,passed,62,8.303655562547018,passed,2,5.73394297921086
3858,191.58131088127385,2.9256526497033275,passed,65,8.393501183537033,passed,57,5.462535410186908
3859,139.9624909747507,9.31430400644263,passed,373,8.642130979976304,passed,347,5.678783552893041
3860,147.64039430603475,5.2707245619939656,passed,76,8.919981812458744,passed,67,5.011724136551132
3861,173.95362542383927,6.007368601237254,passed,45,8.654071917586448,passed,41,5.351258229615041
3862,211.54636478743322,5.582795403927811,passed,57,8.590024680605035,passed,57,6.999389796106437
3863,177.6828878324266,6.585215238831801,passed,34,8.61203893077198,passed,26,6.190487548904389
3864,204.45381480043102,3.1174362066996775,passed,65,10.048268203303357,passed,28,5.164034724832711
3865,190.28548757964612,4.082836407821219,passed,12,8.70080768492667,passed,4,6.242804766975407
3866,135.306976621373,5.789258302921354,passed,73,8.00703115121928,passed,8,6.953865409860138
3867,151.61185093591803,7.382384681485722,passed,97,9.257721682945519,passed,95,5.262951550379902
3868,192.84453059958264,4.133968830962857,passed,63,8.718597350445467,passed,34,6.286888765666188
3869,143.05470275903724,14.750592228636842,passed,120,8.537463587709437,passed,103,6.2639742401898735
3870,205.2902611293731,8.690650303677765,passed,96,11.100952814211373,passed,81,5.381260949874345
3871,162.59907112392364,6.4490985667432,passed,99,9.73382127770508,passed,93,5.443203653012363
3872,204.53164656939174,4.244682169774325,passed,34,10.329352881918208,passed,28,7.811256185959037
3873,181.38190803850316,6.228769487974175,passed,92,8.592298723124191,passed,15,5.198833062445218
3874,170.35367208681342,4.8540867355491395,passed,11,8.125833631003076,passed,5,5.979311685080391
3875,201.5250756316728,7.455682949962056,passed,68,9.067999117428549,passed,45,5.013460267308534
3876,148.4968203408771,4.962325695630484,passed,96,8.713013823885586,passed,42,5.936384873741507
3877,222.70047859443812,4.706944078247511,passed,76,9.899333716729153,passed,48,6.410470373980615
3878,140.3173417277654,5.38028129486239,passed,121,8.44590169462387,passed,16,5.010386405488854
3879,198.24328788298,3.7358603058605806,passed,18,8.40853823801222,passed,17,6.663568231295525
3880,147.06181121711137,6.321264319327794,passed,84,8.066952794074522,passed,44,6.299702015981379
3881,162.86519466285876,11.791222308238162,passed,85,8.717282771301772,passed,80,6.967154419345967
3882,162.64234972019108,6.41788278313415,passed,51,9.401216746246565,passed,48,5.108587531594666
3883,151.55046319368063,3.7239216463681837,passed,49,9.107558411536498,passed,35,6.579261490575616
3884,138.10794099517602,6.747599215047449,passed,30,8.947541809049664,passed,26,5.017001693388123
3885,203.50944324353554,3.908756529825431,passed,84,8.026350614739997,passed,80,7.344342603980358
3886,194.6492068318771,3.812814787087409,passed,41,8.800886501110593,passed,28,5.007776184351842
3887,164.4077080287852,6.951296043269941,passed,130,10.207510806698593,passed,120,5.8695294669296905
3888,150.56556246122997,6.968022495152698,passed,61,10.4811557916348,passed,55,6.6156227644453836
3889,191.75498022401536,3.369440287772532,passed,27,8.266011730614853,passed,13,6.86528652720686
3890,231.62905788601594,3.424858248498787,passed,22,13.876482573737636,passed,18,7.506221843891558
3891,205.21462959385735,3.4510684898694737,passed,57,8.623672187584773,passed,26,5.278103084260044
3892,201.63849356627753,5.623952102318961,passed,26,8.050816581726306,passed,15,5.776816655805894
3893,158.72550115236356,4.653621359302677,passed,86,8.075202869925713,passed,21,5.335799733502733
3894,200.75579398828447,5.816155665921311,passed,22,8.06560428435188,passed,21,5.929017834663353
3895,203.54474644532928,4.25685434042133,passed,63,8.375603854753999,passed,51,5.332161245553135
3896,197.44114989324092,6.004137026035926,passed,107,9.36060058578516,passed,95,7.966750368695519
3897,140.8400059218489,6.0816538052408164,passed,99,8.198498279737287,passed,64,5.178742829020244
3898,198.83618343730484,6.119107806523915,passed,75,9.066208165050815,passed,49,5.6767143075144855
3899,200.8115210957536,5.158376598433131,passed,105,8.881385878129834,passed,44,6.142968363554524
3900,165.49009026074816,6.868797427792125,passed,102,8.77187501271841,passed,97,5.902501311657593
3901,187.96286858879557,6.7378794754346965,passed,125,8.885363064905306,passed,125,8.885363064905306
3902,177.18808007170406,6.848190812837927,passed,111,8.944202435264392,passed,111,8.944202435264392
3903,207.58672003940063,7.539369940351576,passed,93,8.134839330127974,passed,84,5.594669480749892
3904,190.77597357426862,4.600742210421857,passed,77,8.018105644476226,passed,50,6.047393690501024
3905,197.63585253813343,4.231216716774436,passed,132,10.452459165095851,passed,102,5.012138246711073
3906,215.52827319764717,2.9618963984432547,passed,52,9.266045090756814,passed,46,7.3188521919239635
3907,109.05998722877585,5.7057116025637855,passed,81,9.196405794641581,passed,46,5.6652529042897415
3908,153.2412811875945,5.090117276239503,passed,142,9.840598869383243,passed,78,5.380391419602293
3909,192.41396525488946,4.2173771768603725,passed,59,8.32939592988524,passed,58,6.689739402494754
3910,170.16496640354828,3.870305415279123,passed,112,8.048373686872544,passed,106,5.560316406135568
3911,164.89486105832052,5.909442649180068,passed,139,9.751449065505756,passed,68,5.26272759820674
3912,154.7167768078063,10.292112633267458,passed,143,9.133385525110494,passed,124,5.318627078176341
3913,201.8490569598314,3.0579657339107045,passed,21,8.610194363423496,passed,14,5.672794675848181
3914,175.88003425907254,4.191615401859602,passed,59,9.515564664849819,passed,50,6.353886116737728
3915,195.60357235933822,5.845468144994701,passed,62,8.099742513896624,passed,53,5.084025019794569
3916,203.41192260791408,5.314659934768294,passed,51,8.426668097690172,passed,40,5.0028385396891695
3917,173.7889905768999,5.993039654740739,passed,79,8.802562401317804,passed,61,5.102365286215371
3918,179.6386614498032,10.032823747146184,passed,44,8.700840297747249,passed,21,5.040557910635335
3919,186.20335480307423,7.01826416942901,passed,59,8.95824455321792,passed,13,5.86978838313692
3920,199.77415826183326,5.1577522836481,passed,91,8.180110820988817,passed,81,5.571476451419466
3921,195.6044116555572,4.544080323842132,passed,65,8.840066655173295,passed,59,5.634991067149819
3922,129.15902180917666,6.263918687803889,passed,235,13.297854597968705,passed,215,5.127214126166946
3923,83.90595275362065,11.526000024019657,passed,57,8.512976408029616,passed,56,6.239818243404294
3924,209.11465746164586,4.815438743115967,passed,95,8.488957617735714,passed,88,6.999722102529682
3925,136.0034686663359,6.694297525705084,passed,37,10.176410246436763,passed,4,6.500327389683025
3926,187.32192288909056,4.717568326439166,passed,72,8.313404868696693,passed,60,6.685669194353427
3927,220.01770723397956,8.204116705065255,passed,57,8.978510883804724,passed,12,5.32704218053992
3928,203.59915100561855,5.587521034466212,passed,72,8.448337996657273,passed,67,5.8638353070645355
3929,158.45270037185637,6.728379963223219,passed,48,8.542302829814963,passed,34,5.734288071906457
3930,216.32813771592927,4.013386554602348,passed,23,9.194644509861693,passed,12,5.069270121268099
3931,187.25234775390325,5.687916064216994,passed,35,9.039042832927624,passed,12,5.681343589033938
3932,195.47905211815353,4.440730012364892,passed,49,8.191143987004024,passed,46,5.243040535263055
3933,191.25071261051906,5.489323220996378,passed,72,8.02576803341919,passed,49,5.916631595167665
3934,177.31041714943422,4.925902860134892,passed,152,8.889353864315108,passed,80,5.016153006562529
3935,216.80537023224687,4.456279351103173,passed,99,10.22802432139005,passed,62,5.268994586103393
3936,219.78834423999635,6.454077815404144,passed,40,8.138968594430906,passed,24,6.943019078238977
3937,151.77352530126905,5.958908886959151,passed,16,8.105428064659815,passed,8,6.195142358338379
3938,199.15373852144654,4.530741803547563,passed,108,8.22084843109514,passed,84,5.543631363540502
3939,189.18849502886667,4.6303701594922,passed,44,9.054123692488126,passed,38,5.201212189217386
3940,125.6048727310033,6.000408885086254,passed,102,8.075853716211935,passed,84,5.026231552843585
3941,209.590679726139,3.8580772887450934,passed,73,9.650948877688359,passed,57,5.230338562181758
3942,164.9916216058378,6.401491032086155,passed,68,9.693803595759288,passed,27,6.599900812770532
3943,201.54312403182902,7.8495290583221005,passed,57,8.073251140977789,passed,55,5.511404472462678
3944,202.42275206250585,3.8410717987345473,passed,31,8.628271923592168,passed,26,5.977392632028433
3945,186.70406720235934,3.9488211884030138,passed,60,9.38960052393174,passed,30,5.640459656150654
3946,241.86124890785212,5.089425966946846,passed,48,8.023150114647471,passed,22,5.763996373266234
3947,176.79822171231575,7.932026099443555,passed,58,8.864543802494351,passed,22,5.367988750151342
3948,201.0498465994403,3.3366534690744727,passed,59,9.475175540458313,passed,41,6.285498338126061
3949,161.73637044578894,5.084378423729765,passed,100,8.465825088548605,passed,77,6.27692990857629
3950,169.7918980667165,6.516702698826725,passed,37,8.219651673525918,passed,28,5.063333695046102
3951,234.28063307339295,6.863390796138294,passed,14,9.129096751983813,passed,11,6.787705763607277
3952,218.78748315706082,4.6779702459055645,passed,127,11.29844345942006,passed,120,5.214843592483254
3953,170.59919030181692,3.7429255553046303,passed,35,8.016148915317633,passed,28,5.0969080720256965
3954,161.92097026563408,8.642332055056162,passed,134,8.171001959253443,passed,121,5.600616478173626
3955,251.10914095398925,4.747571336376162,passed,82,8.315256644881707,passed,80,5.660387659685284
3956,207.55289329809892,4.01291299531267,passed,56,8.326041627636505,passed,23,5.785032410553836
3957,137.1000580982169,4.245541153891928,passed,139,9.288284781856593,passed,109,5.019348480457708
3958,198.0396341349261,4.816492178798112,passed,70,9.760531152265317,passed,58,5.0327008537844
3959,185.8971611277616,6.322101833941743,passed,46,8.288041439620319,passed,46,5.844662090651731
3960,175.7341899545399,6.247915690452212,passed,129,9.056333692665607,passed,102,5.124943445587471
3961,248.02655687183707,3.2791416463901033,passed,44,9.06283604738114,passed,31,5.627796582843203
3962,190.84409736625685,5.129180833333148,passed,67,8.690952822133525,passed,52,5.536862647162044
3963,145.26143276048583,7.845982343211867,passed,68,10.331822369550615,passed,63,7.34040382912986
3964,169.14091595631922,7.629596823459675,passed,99,8.464416714657808,passed,64,5.004991475957987
3965,190.28790481168048,9.999544483961298,passed,54,8.074042460654907,passed,9,5.2261456030129105
3966,135.02806545170674,9.350076020992221,passed,108,8.083580242559819,passed,16,5.15597986111882
3967,167.8128371855404,4.486527131541906,passed,45,8.074880497474979,passed,45,8.074880497474979
3968,206.82617086745663,5.437145247779526,passed,66,9.00142662977208,passed,24,5.0077803872223825
3969,204.69886322806175,5.238890946141194,passed,131,8.035712484075708,passed,100,5.126068527708294
3970,204.98394841182468,6.788639991619296,passed,101,8.980673753821677,passed,35,5.591877528307787
3971,218.71896467980153,6.110068326648688,passed,35,8.019275804506432,passed,27,6.511229746770519
3972,121.4040365613839,7.435362602448367,passed,26,8.240036543147177,passed,11,6.012310511167485
3973,141.53492304374797,3.8033293048545684,passed,29,8.011040228409684,passed,13,5.998735307647385
3974,182.65847903381868,3.285116538899407,passed,21,8.512856609802167,passed,13,5.429186973826039
3975,158.03674163718676,7.570826850700149,passed,99,10.048447390889859,passed,99,5.612230272513941
3976,183.46204695883358,4.477137858433159,passed,15,9.022995910990318,passed,11,5.0731312147206165
3977,217.44356989874257,5.236923943729706,passed,69,12.630168478475179,passed,49,6.640106501994336
3978,148.71403925619887,4.382417461786634,passed,94,8.013699894042169,passed,60,5.253376794039166
3979,189.0182814534001,7.207890887906535,passed,43,8.645347365720003,passed,20,5.587778444574898
3980,195.62593012877608,4.494247596985758,passed,24,8.495825201870598,passed,21,7.67755117974267
3981,183.78993414363157,7.060209726901225,passed,13,8.759199722639476,passed,10,5.294434016485949
3982,162.8276798227748,3.8749457050646217,passed,52,11.117440691019764,passed,10,5.992766626406132
3983,168.2820247723124,4.812974404475681,passed,29,8.274472293933165,passed,7,6.304033958388877
3984,202.04981774318634,5.196827454970504,passed,56,8.227229513627599,passed,34,5.1886172254225205
3985,209.00165088131212,3.5363133028807567,passed,36,8.990572899258709,passed,29,6.108167267143427
3986,220.02883078593513,3.726680476963081,passed,58,8.547503669223545,passed,52,6.8311609689378106
3987,163.40901899388024,8.643246071920546,passed,206,8.030728129085919,passed,185,5.952303417702787
3988,186.73299500004924,5.227997533580602,passed,134,8.118074686605192,passed,56,5.036278129888205
3989,134.6281820624502,7.926883417809016,passed,147,8.266599285540433,passed,147,8.266599285540433
3990,188.6131185945259,5.042185955165003,passed,95,8.033542301555574,passed,33,5.135143015514743
3991,134.1049583125812,6.737179055749849,passed,408,8.341071900187135,passed,120,5.006819327939738
3992,206.55908804833606,3.724839492901889,passed,21,8.976552048172938,passed,14,6.714084944256782
3993,188.18337725602242,3.5267871508563053,passed,34,8.023586778776037,passed,31,7.765653682027707
3994,200.51163961346873,6.049563087574147,passed,81,9.739584615274799,passed,69,5.347266325708033
3995,191.50935064431815,4.349284283187959,passed,68,9.31587063407413,passed,19,5.629252414096708
3996,167.2366205433592,3.607054995380639,passed,88,8.110658306393237,passed,44,5.496361899623925
3997,188.83313540768114,9.379101511104173,passed,63,8.53807667291473,passed,36,5.089205288556986
3998,122.62093036087522,6.456220768964507,passed,108,8.798081015722413,passed,99,6.316538237274227
3999,184.74447562692364,3.597025951738648,passed,20,8.228094031441536,passed,13,5.9373859546651975
4000,146.276418329771,4.38658042083948,passed,212,8.991323783044148,passed,198,5.583621643602799
4001,186.5824844517237,7.317794240667753,passed,58,8.130709803491154,passed,58,8.130709803491154
4002,144.59351791092527,8.011776111324567,passed,148,12.422804478065208,passed,110,5.338489361064402
4003,138.78033813165024,10.575687117096802,passed,21,9.253862406686864,passed,21,9.253862406686864
4004,223.47575569251572,4.256989724661271,passed,34,8.372861840648692,passed,15,5.03960293288519
4005,190.03049878545664,5.464628182015404,passed,59,8.185501726070243,passed,50,5.609207154028706
4006,184.72606406638917,7.532339235193396,passed,100,8.129058279818935,passed,95,5.471087420680698
4007,141.0997678484852,6.428910307855785,passed,26,8.112379330672859,passed,26,8.112379330672859
4008,146.28948177406122,5.468952713939253,passed,65,9.107420641302276,passed,20,5.398778577696528
4009,145.06509907777675,5.465563374613825,passed,232,9.417098667998204,passed,88,5.084789701359216
4010,165.54804184270884,7.250420837735096,passed,39,8.01772196486037,passed,21,5.2469111839912985
4011,159.44023667812903,5.68732442710721,passed,64,8.581525977835236,passed,37,5.0775233757835325
4012,153.84423726463413,7.403328129687576,passed,63,8.17968465282366,passed,63,5.552585648256092
4013,148.28844298036606,5.636673736828557,passed,32,9.413138033251723,passed,22,6.002927874098152
4014,217.79866471865725,4.809348512545862,passed,146,8.196041183759629,passed,86,5.147466383291133
4015,134.94037372480122,5.599919208577177,passed,201,9.021076847002018,passed,173,6.693936069143391
4016,177.12308511776428,4.9680199639776905,passed,40,8.50007236551107,passed,27,5.636588498180806
4017,200.28912167465984,4.858828239715759,passed,56,8.543942610664246,passed,22,5.453695028219641
4018,165.75605224094008,3.939252460722985,passed,22,8.271413893778124,passed,15,5.107246251594577
4019,181.1140137262838,3.7215507798862255,passed,49,8.19876055859201,passed,24,5.412722425943284
4020,158.25480621084913,6.047071230877232,passed,78,8.04126299661525,passed,60,5.756832668066525
4021,184.49884639570814,3.7069481133363205,passed,21,8.485173814795054,passed,21,8.485173814795054
4022,176.22666395518988,4.397910331708544,passed,30,8.182114787615745,passed,21,6.938806268831765
4023,198.46266520555452,5.407835538326351,passed,99,8.402349815654219,passed,95,6.187657214286069
4024,250.957220085065,3.1787825905076437,passed,14,8.114613517599413,passed,12,6.575730136510116
4025,193.29456154977555,5.104769798721808,passed,17,8.641208594220107,passed,13,7.803872988789551
4026,179.8137113535677,7.31375726537013,passed,110,8.014270398813439,passed,34,5.106916110940518
4027,234.52649257995262,3.800988985128066,passed,49,9.214693692611075,passed,27,5.502673635497346
4028,154.46596316264186,6.664816624846568,passed,58,8.27428779568753,passed,40,6.5696255049997765
4029,137.63725118163208,5.899102708419903,passed,43,10.563676815383838,passed,17,5.664895973958295
4030,169.74392290087474,4.896463757425004,passed,160,8.119477056056956,passed,143,5.118433779472142
4031,200.90734178452595,4.643022224488978,passed,57,8.493807460997882,passed,55,6.306705684695557
4032,177.1803895282118,5.344137258472262,passed,68,8.125362009616023,passed,26,5.208920997850619
4033,106.55262687856806,9.611933080375563,passed,100,8.776211958358736,passed,90,5.471094025565337
4034,148.9195185359462,7.1032431287871125,passed,150,9.15514452290569,passed,143,5.814852347307076
4035,227.69773620980004,3.0984943351391485,passed,24,8.16901831051795,passed,22,7.1305107926666
4036,155.95347977051205,7.0554639228833285,passed,126,8.175932237916461,passed,22,6.0198364240442
4037,182.08758029364805,7.860367016493511,passed,124,11.031029281728454,passed,119,5.702156010601178
4038,158.82198991712366,6.116480240384456,passed,97,9.739298434447141,passed,59,5.990355553656945
4039,203.35425678914828,4.27997291934425,passed,144,8.4975895524674,passed,86,5.934805201029292
4040,221.4924800201836,3.020031763617905,passed,54,9.20498343633167,passed,46,5.668259451961588
4041,177.72497868365173,4.560196979146561,passed,46,8.11531405615229,passed,31,5.258925310331963
4042,197.26794219934936,4.754463388672001,passed,61,9.29245585327909,passed,59,7.549751514809189
4043,143.8748236538379,4.95801494948166,passed,44,8.186071237494708,passed,23,5.565543080907465
4044,220.0825260462049,4.759587111682788,passed,49,8.047768773242625,passed,22,5.00238167915561
4045,149.67832426338262,12.65590900198503,passed,45,9.406157338384503,passed,28,5.516157318726234
4046,174.19986952713919,5.015316297966549,passed,98,8.194288994753895,passed,84,6.018458916191705
4047,160.10083931128364,3.6258093122536326,passed,39,10.004825732481116,passed,17,5.389207082804037
4048,150.757465653343,12.40595897303251,passed,389,8.634507158164206,passed,359,6.169144790884995
4049,125.61773299667234,5.4782337697565495,passed,212,8.388213845264403,passed,132,5.857404226142071
4050,101.70794386254865,16.24768979115595,passed,149,8.34535469394526,passed,79,5.085454639294351
4051,157.2746350882129,5.736653695543856,passed,68,8.132538346978734,passed,51,5.628974998867453
4052,141.4352983437431,6.5736337422618325,passed,32,8.743532422577903,passed,9,5.674743094691848
4053,186.23539504715708,6.0657604901765705,passed,58,9.46826952599855,passed,58,9.46826952599855
4054,215.90334971013232,2.7063092342166413,passed,43,8.00799907863443,passed,22,7.753238753073477
4055,178.42659115925147,4.068238114096248,passed,35,8.004107601856347,passed,32,5.759518678890774
4056,169.4848730227105,4.333978877326759,passed,40,9.333116176819667,passed,24,5.925085938393337
4057,208.25277042815839,5.252101543606526,passed,67,10.147783870053019,passed,10,6.6093433719247585
4058,183.14272905594478,7.258108524126248,passed,112,9.74408329194356,passed,100,6.324613927058675
4059,169.46137294247197,4.928790017159407,passed,38,8.789186153926366,passed,21,5.031836587911376
4060,167.62480770483373,6.299985844594482,passed,77,8.38501612577116,passed,68,5.627560729622161
4061,164.81862833239194,5.571297318993653,passed,130,8.100694974747903,passed,99,5.36405560749611
4062,155.79276306069244,8.071488597600815,passed,4,8.851201243146424,passed,4,8.851201243146424
4063,166.68851815844016,5.688359456257966,passed,62,8.799471642906752,passed,56,6.105965651076439
4064,175.16640666488144,9.268837631189122,passed,86,8.863438085691389,passed,48,5.010527135952314
4065,199.33316809867924,6.920250688929437,passed,93,8.645951777909433,passed,90,5.001301794513657
4066,161.93602025147214,5.577143318092389,passed,56,8.233330117397175,passed,48,5.736206653279963
4067,159.61848508079734,4.734051854425721,passed,84,9.44294846717424,passed,62,5.049603960560556
4068,172.458201202875,6.963705060881714,passed,158,9.181896298359348,passed,32,5.87927510136701
4069,227.11947268682434,3.5605152563158105,passed,55,8.97191430653721,passed,49,6.327243456582066
4070,165.95044696474454,5.992972279788946,passed,5,8.869104133929051,passed,4,6.702892936023908
4071,109.89988694074601,8.80407288677444,passed,141,8.067182487957968,passed,113,5.177547040001196
4072,206.69935941849812,3.6431877762251963,passed,83,9.168930465529424,passed,80,5.036251001848857
4073,110.87492489302413,8.987999471977101,passed,213,8.845695594779524,passed,93,5.0208666861051965
4074,228.78620499010574,4.397964778709902,passed,34,8.430611280595057,passed,26,5.382716491431516
4075,151.60981065345945,5.738230771966683,passed,55,8.34024274819094,passed,48,5.247591810081187
4076,198.72517597607674,10.97214404275352,passed,88,8.008775501732401,passed,76,6.780476776725508
4077,182.94900871794817,5.121362192574887,passed,130,12.621350008543786,passed,113,5.9806309497171695
4078,203.44005453564233,6.5636679138151885,passed,34,11.140717153633739,passed,18,5.933174267904873
4079,118.34080242876355,11.196733845566111,passed,84,8.363570571198387,passed,61,5.2699510332318455
4080,211.20842361630957,8.032816317375477,passed,29,10.802003975973594,passed,8,6.269820488640221
4081,164.82034479288367,6.388812936361362,passed,86,8.166000216138269,passed,49,5.148187933139536
4082,180.9277716369824,5.484112226453246,passed,68,9.520229690465465,passed,44,5.767002084539263
4083,163.0311965331825,6.3729523529809375,passed,88,8.949721807742339,passed,69,5.221241560062073
4084,183.9414375105243,3.606751797828141,passed,68,14.221773439593255,passed,49,5.584202488634826
4085,163.414727482151,6.060771166530289,passed,46,10.341168347581542,passed,40,6.631747646057784
4086,159.05072450028192,6.227466997317013,passed,97,8.472471173929307,passed,23,5.198733306603032
4087,192.39065861656098,4.528180978289982,passed,165,8.20854387867822,passed,27,5.012305409535189
4088,171.76321426472302,4.959256120856236,passed,84,9.096608925895389,passed,49,5.234172837632012
4089,177.33025553895138,4.435243461497925,passed,100,9.647796426438159,passed,90,5.641524874501358
4090,172.18243997484586,9.90354645912105,passed,54,10.655408705930757,passed,38,5.096316903322151
4091,187.96016410476284,3.7678398664751054,passed,81,8.001006708981894,passed,59,6.482120854300311
4092,156.94368384600145,3.9294427137406185,passed,58,8.617355098196168,passed,33,6.5253169660909105
4093,211.8717134913708,3.536356125128768,passed,84,8.005592304867903,passed,64,5.009288918119537
4094,139.8459857710436,6.600849945888637,passed,57,8.239660391768378,passed,25,6.815052938006527
4095,149.59129923303743,5.547597994648236,passed,93,8.363439243768234,passed,27,5.846343374710283
4096,178.19943551689627,6.792857766036666,passed,143,8.323311700822922,passed,128,5.180375919320257
4097,189.7492391730772,3.6087524480693327,passed,39,8.788489389194009,passed,21,5.314416712578551
4098,156.00405532123656,7.620089105029317,passed,80,9.420049005803953,passed,57,6.347008792493702
4099,161.53999547310232,7.636468868418117,passed,24,8.396388024435918,passed,19,5.960900994583773
4100,182.75996837756355,5.450316349843032,passed,21,8.7697550929692,passed,21,6.526232502542362
4101,143.68429846249765,7.005395366118627,passed,72,8.013928392426962,passed,62,5.036188126717223
4102,104.31891021444635,5.88128578074729,passed,80,8.716663646095913,passed,37,5.084108424753131
4103,146.25603164007956,5.847086030774349,passed,41,8.838228167695284,passed,26,6.389619826418524
4104,160.12093617744796,9.309602510333335,passed,93,8.706326431853938,passed,76,5.73216900902116
4105,206.01500605080236,3.377569732788445,passed,84,8.070545228013003,passed,62,5.752976549294053
4106,180.70536617709547,4.950902689313354,passed,65,8.030476157496459,passed,48,5.46007280430123
4107,173.67061801466846,9.809819054834684,passed,68,8.687536472012368,passed,67,5.724426966777485
4108,195.36512906254475,4.518777107957041,passed,32,10.003710979886371,passed,32,10.003710979886371
4109,193.894255653451,7.855860560955535,passed,44,9.779859153438352,passed,11,5.316503602557487
4110,169.37538723622401,5.831026386274599,passed,75,9.58725368229183,passed,65,5.654464136191906
4111,165.2062409351446,6.4013495919383905,passed,90,8.737128225680713,passed,52,5.030766130579889
4112,193.6945296117261,6.482209282645244,passed,102,9.037526385642547,passed,97,6.262810617449954
4113,210.1017907841083,7.302395063913379,passed,91,8.445242507535333,passed,26,5.515547106604379
4114,169.72117976214892,8.7119141385748,passed,92,9.619331267927933,passed,84,5.342758331592767
4115,215.46258890664737,8.33418696682524,passed,139,8.01140277918979,passed,90,5.557076612579093
4116,188.4318072992138,6.144471945605761,passed,16,8.031813336236793,passed,7,6.345123363441929
4117,140.49682473307016,7.8470118538482385,passed,147,8.062767302274331,passed,133,6.6270592575714105
4118,164.89453541811204,6.403885671364804,passed,48,8.96812184242124,passed,12,5.412934677380199
4119,159.03686229194065,4.632088102298997,passed,201,8.118312565937291,passed,53,5.521585447143007
4120,178.5894604196712,7.056071482653856,passed,49,8.533615886357882,passed,21,5.166330764779881
4121,202.5178609445902,6.629770074687209,passed,76,8.046137159512256,passed,68,5.019771372002069
4122,132.8183242391682,8.312595247787517,passed,120,8.446613620773945,passed,114,5.139908631324475
4123,179.159072317568,8.828006197086562,passed,99,11.724966190251319,passed,84,5.003411131099633
4124,148.12761651681052,4.951540358150391,passed,55,8.036965348455327,passed,42,5.128320477239723
4125,195.04444541901566,5.342743683024618,passed,81,8.687548675658041,passed,65,5.290201651749515
4126,167.44620234274183,5.4114179246625564,passed,86,8.041589833747542,passed,24,5.210683547887007
4127,185.95394997548306,4.468604951805165,passed,133,8.00530279654641,passed,107,5.3493735290318645
4128,217.40271251881782,4.7833829795834015,passed,70,8.44069617486709,passed,28,5.012890452788699
4129,203.8590514814286,5.211752107913145,passed,163,9.778713227199166,passed,89,5.172256482129978
4130,184.0502627235999,6.293021664704994,passed,103,8.713053444452324,passed,91,5.830065139346963
4131,125.0293981442987,5.410111529453309,passed,97,8.69196950469735,passed,93,5.083557474078848
4132,152.26984237988722,8.501883819001431,passed,57,9.167370272047947,passed,28,5.429788680964154
4133,174.14180089993053,6.828434385819262,passed,173,8.137040482138103,passed,106,6.241776927935905
4134,198.8702939731782,4.218288226701599,passed,145,8.00282908807648,passed,121,5.240388820754949
4135,218.16146267544738,3.7534203108385547,passed,62,8.966010032868056,passed,54,5.42963183771954
4136,252.9407993710347,5.308243730583892,passed,155,9.549944780048115,passed,111,5.645486062453009
4137,173.1811838212511,4.839660762719469,passed,121,8.006709297530467,passed,92,5.422377398139733
4138,181.79756549588788,6.938312429253902,passed,72,9.09207317840588,passed,72,9.09207317840588
4139,181.57377052945324,6.603171783244474,passed,139,10.016184807559725,passed,117,5.424202132392519
4140,192.9044680921282,3.6946079932085465,passed,65,8.020158496514341,passed,46,5.249547655089892
4141,177.65679153677797,5.061251980368238,passed,189,9.46897433721048,passed,166,5.255354371408427
4142,158.06053843335883,5.821452845413423,passed,142,8.297952596250347,passed,100,5.200199899588842
4143,213.23195264753076,5.602787795340277,passed,34,8.108559155868654,passed,14,5.4709019594281205
4144,204.2240701163245,3.9622124307603923,passed,84,8.021880795798442,passed,30,5.410051447509501
4145,170.80927368603577,5.121961795345241,passed,140,9.967273556785505,passed,61,5.885726176300632
4146,171.8962851073353,4.404597227208524,passed,100,8.241458125280055,passed,90,6.124387509785323
4147,151.09382859063692,6.7965169314329,passed,160,11.692241189170627,passed,155,5.013413517531862
4148,189.97876037899925,4.825231053035968,passed,29,8.101541525418842,passed,13,5.845957118210099
4149,163.9806952367038,4.162876304414208,passed,68,10.417859281482178,passed,34,6.877982041191655
4150,157.9100138048033,4.866717543214138,passed,57,10.217649208419854,passed,28,5.7755611763341985
4151,172.91324076565456,6.389672156799755,passed,88,8.165534703511245,passed,88,8.165534703511245
4152,210.89323421625318,6.12581340068889,passed,108,8.266220998212482,passed,65,5.596875001724233
4153,169.1865691105157,5.642641723481436,passed,153,8.017612451836676,passed,126,5.591294303626593
4154,194.4827726270299,4.2572917944325175,passed,45,9.37592889256036,passed,21,5.939913289265686
4155,175.09803554440248,10.106389033356537,passed,160,9.041015507326765,passed,22,5.112139146041494
4156,196.69050591824754,8.217878158067883,passed,167,8.343926431110948,passed,158,5.067829256641465
4157,174.80243021962912,4.454841691126197,passed,23,8.406756780494407,passed,13,5.2365070381316325
4158,147.2776865881977,7.2210969371651625,passed,45,8.58594920664979,passed,23,5.423282612208724
4159,175.0062384743673,6.223855258375051,passed,133,8.032705454842205,passed,12,5.42372187588156
4160,182.4813206940509,5.554606167021164,passed,99,8.80375342973856,passed,97,5.447184239290759
4161,180.15544835472156,4.81833618080449,passed,48,8.924743310103622,passed,48,8.924743310103622
4162,205.18132088634476,4.278064163655777,passed,44,8.123906804239933,passed,32,5.72405952585211
4163,175.17882570238896,5.984577422957065,passed,95,8.08401240001042,passed,89,6.620961706672657
4164,128.18943270320892,12.570622137426552,passed,438,8.681621376892036,passed,169,5.109384367928516
4165,176.07879191836463,5.579488705776478,passed,91,8.115072271867675,passed,68,5.000991955547951
4166,159.3359582094895,6.017957322300761,passed,62,9.825940046411263,passed,44,5.099262076006261
4167,182.9563102762859,4.197522387591918,passed,34,8.418281876086532,passed,7,5.1713574001036156
4168,187.72069509841788,5.006932078715645,passed,40,8.65684821489172,passed,34,5.147529125540151
4169,159.98944602280346,6.5611389968212075,passed,121,8.118374982273924,passed,117,6.455981772232167
4170,149.9085474558167,5.271321858421376,passed,21,8.350394865009235,passed,14,6.486426477535012
4171,149.3633075857114,7.589713942618849,passed,86,8.420078291852784,passed,17,5.027652955426931
4172,163.60118652380402,4.652503015401908,passed,55,9.062883971209445,passed,12,5.057130230526852
4173,196.306229551512,5.464538221439626,passed,39,8.43785607092331,passed,30,5.026287725657519
4174,213.28846442791462,3.8811715038038104,passed,98,13.012974295978342,passed,74,5.145455806217614
4175,147.02987467329388,6.6497033100478555,passed,160,8.796588460594501,passed,156,6.0231938738864566
4176,175.00958709028868,6.0287982062505465,passed,64,8.091821134967713,passed,59,5.2100250018161764
4177,188.90816285419655,4.275120816606398,passed,64,9.429522827118353,passed,64,9.429522827118353
4178,117.0563219828515,9.078345397757705,passed,49,9.236619188612138,passed,25,5.094188623840945
4179,173.98899123275214,5.999011024298327,passed,62,9.211626887985691,passed,45,5.843488873626024
4180,184.08841726083733,3.7397209710508528,passed,59,9.866532374916105,passed,46,5.014555678306798
4181,204.25819135414773,3.484252302460489,passed,84,8.00039063982596,passed,73,5.431937851351809
4182,211.84391413972713,4.131400107738733,passed,54,11.649596664312512,passed,39,6.948765684938474
4183,177.58699302630157,8.985579326399055,passed,288,8.007859465344392,passed,118,5.726664182409835
4184,197.81417495673438,4.274551198841021,passed,24,8.200296378140104,passed,9,5.1343100023484745
4185,128.85769604477383,5.858535897748396,passed,82,8.560052072922453,passed,73,5.866367598852995
4186,226.53076307379135,3.5283529400126383,passed,58,8.104126350780106,passed,20,5.164037455723447
4187,205.5011468761962,8.201734851426439,passed,259,8.526410982377941,passed,148,5.09779096410683
4188,154.192701322782,4.225069489814325,passed,59,8.147632994219588,passed,52,5.162283370724352
4189,186.81472885358926,6.399757255678713,passed,58,10.729050351011749,passed,28,5.456437364179889
4190,231.47346685749434,4.689744428013501,passed,28,8.926564831394135,passed,4,5.843080839704995
4191,99.02036809451783,11.492835224471635,breach_static,85,-10.58545717921292,breach_static,85,-10.58545717921292
4192,234.2392535441159,3.225541104386377,passed,49,8.637330532408004,passed,28,5.0876395918393325
4193,165.93067919094057,6.326769722512764,passed,71,8.170696622734685,passed,22,5.000870168772598
4194,160.12479877129792,6.304747624654965,passed,21,8.17807928238281,passed,11,5.58526174137739
4195,165.6267969438431,4.641231474181114,passed,90,8.026788282788534,passed,22,5.499425275046166
4196,169.5709791060503,6.290439281208074,passed,50,9.304353530166365,passed,46,5.324401766880649
4197,146.93727709976918,5.93767016117122,passed,119,8.544373481420742,passed,112,6.162631810477914
4198,151.088283704427,6.995103169833848,passed,103,9.221542223931545,passed,62,5.182453277633248
4199,173.4172185403384,5.9579228241843065,passed,63,8.641616363285621,passed,55,7.149129633519413
4200,180.67452845902318,3.8936741322720714,passed,52,8.14287245529659,passed,41,5.009902313612025
4201,181.91018785970806,7.294753290606199,passed,151,8.168078967268455,passed,102,6.184909781116987
4202,222.6517781499321,5.66013106548608,passed,21,9.331893753069952,passed,20,7.058632809865917
4203,137.50629550602608,7.607078072359521,passed,39,8.669087774633466,passed,24,5.7088645749922895
4204,190.302557001123,4.853800307801318,passed,61,10.262394412554364,passed,34,5.204630150148537
4205,205.40666616726958,5.788241552199104,passed,19,8.146144941847044,passed,12,5.693900896081194
4206,179.74093593216867,6.953134436416803,passed,41,8.066928307607913,passed,21,6.601267444028225
4207,199.52015204453716,6.030352722964534,passed,88,8.001906658503955,passed,84,5.784507294078067
4208,169.57489195416247,5.541986740761862,passed,46,8.05704055595642,passed,34,5.326544193142735
4209,122.83461235695943,8.594705493110297,passed,72,10.432780774702044,passed,62,6.281885349721228
4210,177.83872945493795,3.573394004109064,passed,93,8.537714604510294,passed,72,5.771153959168274
4211,164.3428121970946,4.346357508149148,passed,143,8.248525368185945,passed,88,6.833787237182198
4212,193.8832097871558,4.841896167148155,passed,84,8.774407016789798,passed,31,7.50972844048583
4213,231.5838060743142,4.652732052887249,passed,95,8.639707334576485,passed,90,5.560832881757993
4214,187.0247328703691,7.817076900737699,passed,64,12.487702587157813,passed,26,5.048252759557048
4215,190.24536334237973,5.631389325601716,passed,155,9.108439959096826,passed,62,5.533034615163568
4216,248.7492357748482,3.378065618790923,passed,18,9.864911325706416,passed,5,5.263403030793268
4217,228.47742269378216,4.541888941423031,passed,79,8.608205031676587,passed,54,5.170853591574098
4218,142.36831944894254,7.103927784140731,passed,21,10.01032641941848,passed,12,6.332052929165211
4219,151.71396646887496,7.156484068720889,passed,41,10.598051214894388,passed,25,5.317279367212735
4220,170.69966183258916,5.011983522977852,passed,83,8.162848954023193,passed,83,8.162848954023193
4221,164.59211226692213,8.350815242074292,passed,75,8.42110892735688,passed,52,5.447266922735006
4222,179.65705864876176,4.983529981212567,passed,24,8.631833929905874,passed,17,5.003839067668148
4223,210.46402063200458,8.595615269356175,passed,88,8.09983684158424,passed,63,6.05332033647441
4224,186.87402388345814,7.147314803111766,passed,157,8.324009492936923,passed,142,5.431928669560038
4225,184.49825522507598,4.385077164105436,passed,100,8.246746771539382,passed,58,5.250674718409654
4226,188.43921019537908,3.98877161921407,passed,88,8.20878572713184,passed,28,5.174119180252057
4227,167.9210236258283,4.8195393019104955,passed,81,8.60336909849828,passed,37,6.82968066337557
4228,189.94344771552235,5.62090238337398,passed,25,8.62390545375591,passed,16,6.862187679472309
4229,213.40836788333095,4.724113319485119,passed,47,8.788646463416327,passed,29,5.078126944870531
4230,191.43512515966972,4.627301689863812,passed,36,8.0138460187825,passed,35,5.540411114162547
4231,119.27554107967873,5.744508393874648,passed,55,8.140913528787785,passed,37,5.0291946573601365
4232,209.63755527014305,3.402616384682632,passed,63,8.270943057151104,passed,19,5.981272875225518
4233,152.84011298842793,5.18850454380794,passed,132,8.301141613047358,passed,37,5.137587592641424
4234,209.8805603114973,5.13350232475047,passed,131,8.043036240937052,passed,79,5.1508298243535755
4235,183.5963063592376,7.039206796894174,passed,93,8.09110780779083,passed,21,5.520162022192299
4236,148.801001200391,12.776301798725445,passed,108,8.404516654872696,passed,58,5.01221162503378
4237,180.21639414059388,7.19313149096993,passed,167,8.790874472922416,passed,154,5.19635382000454
4238,197.57520857180774,5.354507898377991,passed,99,8.119248551899005,passed,73,5.166653818436018
4239,162.18387824332729,5.246962882321802,passed,88,8.726622775582626,passed,62,5.115119361038478
4240,199.53750389208724,3.8686891259390412,passed,28,8.180239445615856,passed,22,6.2972689485278455
4241,191.61396066473228,7.379369069297713,passed,69,9.312815956020358,passed,22,5.326997452643778
4242,199.71442859004443,5.373703272363837,passed,92,8.728144018959894,passed,92,8.728144018959894
4243,126.49396404227464,8.05495558507556,passed,91,8.188767082628212,passed,68,5.120763732166522
4244,127.11932362909182,15.913467262986353,passed,132,8.450430749245097,passed,11,5.355022947683219
4245,193.04683927647014,5.652538129799656,passed,115,9.145644474947833,passed,103,6.065310855410977
4246,258.4672098638094,4.574739444043536,passed,13,8.47065962419773,passed,11,5.290007620346482
4247,212.46774275956426,6.42790171274327,passed,28,13.174574734460641,passed,27,7.645975432192764
4248,169.58723189711856,4.664020193003155,passed,86,8.62002847524046,passed,69,6.072007037035521
4249,161.99267204663025,14.073434325610146,breach_static,112,-10.17188174661502,breach_static,112,-10.17188174661502
4250,142.61521011677658,5.189422570307612,passed,31,9.227176702855932,passed,31,9.227176702855932
4251,171.97777862033914,5.57867780895458,passed,76,8.2962827722058,passed,69,5.866570799033899
4252,156.89755313755452,8.303395837832738,passed,104,9.196749791828207,passed,78,5.002946154082144
4253,194.99678577486367,5.187186074991233,passed,84,8.33940378664808,passed,58,5.293588139273742
4254,188.11162557906638,6.468877092639285,passed,28,8.356211607252417,passed,12,5.364505365448746
4255,126.29223965136993,7.936021062081254,passed,57,9.018028890065644,passed,51,6.133712014645987
4256,125.1453902470768,6.944230951812351,passed,212,8.349463845813808,passed,201,6.100381480672157
4257,147.90855629449652,8.189419756588617,passed,61,9.24242082544251,passed,10,5.33890293813668
4258,150.99721844501474,14.832840238210263,passed,473,9.034104782835573,passed,42,6.035383185841647
4259,157.17438748225788,4.9220384576262886,passed,44,8.711016493047818,passed,31,6.979438602784804
4260,159.98493111476137,3.676310371071149,passed,51,8.869145761610486,passed,42,5.856364406755699
4261,184.17856842969854,6.288266986813504,passed,169,8.258430623582136,passed,28,5.22541804837604
4262,249.18739300360778,4.764120443572357,passed,90,8.868824053504664,passed,79,5.269246095567803
4263,133.6403370104727,5.187881525622225,passed,33,9.939648314697514,passed,22,5.716844568923274
4264,185.27334649398944,3.536965202926365,passed,61,9.125385121337848,passed,43,5.157827390967551
4265,175.45228808224255,7.953066926010425,passed,93,9.109548375075516,passed,81,5.687731362624837
4266,176.57059905729065,6.6196720034270475,passed,64,10.188214922279904,passed,41,5.431507572527439
4267,169.41527598376288,6.2835161550207586,passed,130,8.612144227592534,passed,46,7.099514319736522
4268,181.96299382333558,7.1156803473018115,passed,80,9.130786822593961,passed,7,5.543368985372843
4269,205.87201166377992,3.865140052984927,passed,27,8.143175464113494,passed,22,5.080373543250616
4270,179.71917884622846,4.19010530245526,passed,35,8.048584925244873,passed,9,5.3172402541681985
4271,214.21985631240995,9.365158304267295,passed,32,8.248774818785076,passed,12,5.458148182555056
4272,196.24353754102253,3.801846114865544,passed,24,8.165205189854262,passed,23,7.241472967432205
4273,103.35131936097875,7.4131015382867265,passed,38,11.672616998080931,passed,34,5.539646017998856
4274,148.69389051619407,5.79584380179513,passed,84,8.433882767488598,passed,54,5.581056405729368
4275,158.66161290156865,5.7099660439400575,passed,17,9.89077666203575,passed,17,9.89077666203575
4276,223.33883819841014,6.5246633967258925,passed,58,8.175691064471513,passed,28,6.84433290118136
4277,201.43572399667215,3.2794527937909637,passed,62,8.826066618895378,passed,57,6.461771514514014
4278,161.9243334422499,7.588696554986282,passed,209,8.384837453488615,passed,181,5.01226049112089
4279,175.05207813672814,4.609843895544897,passed,35,8.004904458566697,passed,30,6.521798921797917
4280,182.21446552613597,5.086214515492467,passed,95,8.40254606155948,passed,69,5.1739197401657
4281,157.20732221707738,3.493182001777523,passed,69,9.82324691949441,passed,21,6.062478937197846
4282,207.4686955759571,6.869513994321362,passed,111,8.082748140556294,passed,40,5.183918331022586
4283,175.82640393710722,6.126549139406918,passed,54,9.11170389757967,passed,31,5.523160204288002
4284,182.0092350934916,4.206008694652789,passed,39,8.032165760329235,passed,37,5.18608086099035
4285,196.49217605334584,5.903342385596991,passed,232,8.016006914872076,passed,14,5.0092905274157
4286,165.20719990823466,8.06295072109218,passed,57,8.098736209630442,passed,45,5.107517273727691
4287,175.22437258496132,3.686787378783292,passed,45,8.7647241958412,passed,28,5.858355979058261
4288,162.85053292891206,9.74651891160229,passed,213,8.593204280054767,passed,206,5.827150059781072
4289,208.59860715567683,4.4350149482765815,passed,66,9.446294313104687,passed,31,5.536099067912992
4290,240.99159596829503,3.153845001630672,passed,38,11.898956019190909,passed,37,5.643467941097047
4291,175.12804653506936,6.893211375479669,passed,110,9.012122628175279,passed,109,6.434454680095936
4292,181.18186436773982,9.92743912302394,passed,195,8.541972991691281,passed,70,5.190684845720539
4293,169.25179014583364,5.449189745825891,passed,48,8.232383462209736,passed,37,6.017741667950283
4294,197.2388835437856,4.284358897114816,passed,87,9.709063998128586,passed,58,5.554895236517576
4295,111.05254141339391,10.545888234324554,passed,57,8.153733791426099,passed,22,5.217685945420336
4296,170.33009911256204,4.578374405279182,passed,76,9.14128900763458,passed,71,5.598722567439407
4297,179.55994564882656,9.035615606512955,passed,206,8.773313637544922,passed,189,6.160007730658457
4298,233.5054379393305,4.13178334485326,passed,28,8.058878892276544,passed,26,7.792602649014069
4299,194.5720753315771,5.888066868030897,passed,67,8.541275821509497,passed,40,5.455960874887622
4300,137.57444868129213,6.114909890600055,passed,86,10.499579559264527,passed,49,7.039871493441674
4301,197.30285423530205,4.436899717964335,passed,93,10.287574005289436,passed,64,6.28010738302236
4302,196.56213078770838,3.9738148717259483,passed,40,10.979520883457749,passed,27,5.587215991733596
4303,187.72535539931124,5.740150442136036,passed,96,8.305016010858314,passed,11,5.074212696773173
4304,157.17401999706837,7.643777426079815,passed,88,8.04708281412898,passed,54,5.323827877173515
4305,144.14326699713644,9.704826465194671,passed,55,8.00068395388871,passed,28,5.000245671058612
4306,192.8688158855142,4.389276742099532,passed,79,8.002214032393361,passed,21,5.342286303793831
4307,153.0646269303101,4.695418901835531,passed,34,8.372903253930431,passed,22,5.261497563256512
4308,200.46719705994397,5.557183734428118,passed,56,8.16315684854243,passed,37,5.132284283879929
4309,201.02952516467184,4.803813271745916,passed,39,8.185447793507983,passed,27,6.43482261117696
4310,232.91784923093059,4.436947629202449,passed,84,9.216898226731175,passed,51,7.394970148999969
4311,180.346463050615,6.40973714119282,passed,105,8.00673769471727,passed,34,7.047720346989461
4312,180.86736948990028,6.261497576367829,passed,50,8.325537981595144,passed,40,6.184379225314651
4313,113.21662241962711,14.81002441335898,passed,48,8.218189346154748,passed,14,5.137194357987274
4314,155.30741465199273,7.08054200201823,passed,86,8.000342946747585,passed,59,5.141909590718141
4315,211.48165752890057,3.3774350305444347,passed,13,9.123214831532822,passed,5,6.2832790409940165
4316,176.53182232927773,5.163521260367784,passed,48,8.896299004824426,passed,31,5.256777839225402
4317,176.82156751938382,6.582082144183186,passed,38,9.371047265120037,passed,28,5.973743754428695
4318,206.02752470498461,4.816962453412659,passed,65,8.202410794146964,passed,48,5.731324934362836
4319,234.79119231951836,2.866239983918296,passed,75,8.923199385491397,passed,59,6.27937586321945
4320,174.2291380936555,11.360586665250134,passed,68,8.289244599909406,passed,44,5.01159253318626
4321,148.92121512074672,5.87535085387849,passed,114,8.634832410179417,passed,72,6.645930454228988
4322,180.81222212185128,3.48281132836403,passed,68,8.969553014917043,passed,44,5.662012788480375
4323,192.91652419522717,10.05060219581198,passed,33,8.183990664943043,passed,21,5.445671224567961
4324,165.47049426657398,7.649225825729203,passed,100,9.423958348965078,passed,56,5.026377381702685
4325,233.38235527119875,3.2216549571015154,passed,42,9.60977220374566,passed,32,5.002256106642555
4326,144.83850313464416,8.526775114770459,passed,110,8.85608647324867,passed,96,5.465463228828149
4327,178.03434022368108,8.907487302717232,passed,26,9.137480384186357,passed,16,5.219498891880292
4328,179.09113298834916,3.34693375890494,passed,93,8.025149334392513,passed,28,5.511942274678505
4329,155.31852322050946,9.508885928744565,passed,41,8.00665953865456,passed,32,6.073875506232085
4330,195.3362522408269,3.3813123150260673,passed,18,8.21363984348331,passed,18,8.21363984348331
4331,216.0310953000204,7.190045314673012,passed,118,8.06141453282956,passed,92,5.3688962490656245
4332,177.29913852206036,5.041784859989697,passed,64,9.55323296521109,passed,64,9.55323296521109
4333,168.2609292405322,3.9616873705775157,passed,17,8.756849399690637,passed,12,6.043649967413645
4334,202.63066597248815,6.031913267244472,passed,86,9.314727074740192,passed,29,5.707089001171761
4335,166.68608001953237,4.563461256005324,passed,134,8.110162362961916,passed,82,5.417144457131351
4336,139.68331044007058,7.457055324897521,passed,93,8.23564851659906,passed,69,5.356934973020211
4337,186.7087848867759,3.7409442172679803,passed,67,8.989117165702055,passed,45,5.014506586986567
4338,168.62141980050168,9.132319407054414,passed,13,9.408025225406957,passed,12,5.924639382987884
4339,160.0890184769073,4.70761886628335,passed,101,8.093268200815062,passed,22,5.108836917164816
4340,94.21561887450196,7.483818892639466,passed,366,8.076821716096694,passed,209,5.171924269457295
4341,243.6377098256541,3.4560133511344904,passed,68,8.455144764507171,passed,56,6.0206096421547395
4342,228.56732274013135,3.0235821179786293,passed,57,8.953618896904958,passed,49,5.04920421202375
4343,198.83752878545167,4.775822532850549,passed,52,8.097954452850953,passed,47,5.5458091872257365
4344,179.221372311008,5.048802530376345,passed,21,8.192688216046239,passed,2,5.362092148166031
4345,94.37729824418861,19.00273917158954,passed,93,8.322816880491368,passed,62,6.17724534770161
4346,204.33525015039322,4.487650484223734,passed,79,9.42844415224744,passed,45,6.323753215618444
4347,205.1180354540889,4.499140480842357,passed,35,8.13970061601077,passed,23,5.815404767247889
4348,200.62865652976546,5.705791180474095,passed,44,8.544960877638342,passed,28,6.341620206726528
4349,195.05759674814703,3.8758755064156825,passed,54,9.719519379287366,passed,34,5.36923996512737
4350,213.3409806199432,4.853262675340398,passed,62,9.936599637701683,passed,40,6.266646357620953
4351,192.80721576297907,4.681743569440236,passed,63,8.8390023190287,passed,56,5.194762918812601
4352,179.60908555425848,9.411723637282913,passed,96,8.35297062745357,passed,90,5.3965252745758585
4353,151.0221523295053,7.802688497335334,passed,209,8.181373654767077,passed,181,5.277148185728908
4354,176.5905596056366,6.87744574353992,passed,130,8.952621976935294,passed,118,6.391294889886567
4355,132.67025842408367,5.834580280219102,passed,13,8.501188672073612,passed,5,5.6116365741228025
4356,189.25774149937968,6.026035908998408,passed,178,8.902734942616597,passed,168,5.0266488669870935
4357,200.42653763376745,3.460651774304969,passed,41,8.950550660317202,passed,27,6.276254331741993
4358,154.21642376203675,4.947690177602026,passed,65,8.489860259488058,passed,24,5.858963686247121
4359,164.108261708882,7.384243582151609,passed,100,8.49102888876152,passed,44,7.042556141765144
4360,138.96877928105874,7.021205549559174,passed,143,10.769599970561838,passed,135,5.556781305942304
4361,195.02128306745828,5.549156589624705,passed,57,8.856869820529667,passed,12,5.778911798151265
4362,201.72159300617457,4.823066511152672,passed,49,8.012663411535325,passed,11,5.467341735538778
4363,198.10731111283587,5.350980673634694,passed,256,8.463308065555397,passed,241,5.7999375848232
4364,193.65932984891802,6.3213335886430215,passed,38,8.374538182512214,passed,28,5.922056891490679
4365,199.15417674541683,5.443105986609511,passed,53,8.414824510233032,passed,37,6.098569414744515
4366,226.84772508113227,3.7675396593226025,passed,47,8.041159339766413,passed,23,5.19912684790389
4367,154.7355631673879,5.6272128673984545,passed,40,8.553915410313495,passed,37,6.462116316483524
4368,222.32893919666878,3.5186644452138003,passed,84,9.374373504476763,passed,62,5.575751183501576
4369,211.23797592603952,5.26969428443555,passed,41,9.538242983114564,passed,24,6.028128919695108
4370,172.46138684555757,4.560452016046174,passed,102,9.323219133274897,passed,45,6.483297820928047
4371,209.96311108995437,4.816991500867366,passed,49,8.696667872148822,passed,29,5.901667026338764
4372,184.51823572169636,4.222287457611504,passed,143,8.884233670842146,passed,52,5.417772226638817
4373,211.24370078527326,8.581545081607993,passed,123,8.01632354175721,passed,114,6.659783438558176
4374,169.0726563571741,7.18433490011541,passed,57,8.259059014479742,passed,51,6.565678295688748
4375,140.43887644689258,9.34150738403261,passed,53,8.063673119618686,passed,46,5.0309808524759525
4376,157.88627840713954,6.543875581943004,passed,59,9.314256007812173,passed,39,5.096199330917139
4377,195.15794257134488,7.397062179276244,passed,35,9.584522253897788,passed,21,5.892862673484323
4378,188.84008476479326,5.708580520184508,passed,93,8.224258555490405,passed,87,6.94190054385202
4379,149.732915648845,5.146354645241104,passed,84,9.281287285801687,passed,79,5.560582479629694
4380,137.56784886061317,7.938876931907091,passed,75,8.166635206810113,passed,72,5.2545190212342385
4381,137.18831734318186,9.232539909226851,passed,264,8.424523811422336,passed,236,5.463539031053144
4382,103.06330066852935,7.8787480626336075,passed,157,8.042812943847855,passed,121,6.948482947518331
4383,115.34416139946937,5.090941849760112,passed,88,8.189642739854918,passed,77,6.132046885602249
4384,236.66678876110367,5.874990320933686,passed,105,9.39388337320941,passed,28,6.263692206282556
4385,130.76446828286032,9.145402567160497,passed,226,8.688091831182865,passed,201,5.026666746317066
4386,198.32406290595333,4.964368815444201,passed,100,8.010287481836764,passed,72,5.627089504276728
4387,155.63772329259584,6.434561298524198,passed,82,9.068434417407968,passed,70,5.3984723881012275
4388,190.49743083863316,5.0946399035152,passed,69,9.069450346818918,passed,38,5.007689467604859
4389,155.17490466381375,5.95862768122409,passed,134,8.001123390689436,passed,127,5.003062582389339
4390,136.4020071648159,9.719799146122208,passed,95,8.166023184570847,passed,88,5.027087304776767
4391,196.98715689419686,5.610983308841584,passed,75,8.879600519977382,passed,61,5.408022851739447
4392,235.7953775900211,3.9805778352748002,passed,66,8.592053249676091,passed,57,6.8005545589616245
4393,167.2340935846663,5.498039712624593,passed,121,8.384214801674684,passed,58,5.0113539135896
4394,151.04771796848507,4.708442498834479,passed,34,8.752002782629376,passed,28,6.827869803237219
4395,188.32843212859535,6.864878935766463,passed,52,9.198648991633117,passed,52,9.198648991633117
4396,139.00428463334268,6.935971903371926,passed,121,8.108139756284881,passed,82,5.792567161996853
4397,210.31623504461015,4.8800458737789185,passed,26,9.236760571853587,passed,18,5.08319390900176
4398,228.63309856246286,3.364161013561114,passed,59,9.541295467911247,passed,29,5.161970260189519
4399,125.8348652195398,6.177578689661354,passed,22,8.724966534599044,passed,22,8.724966534599044
4400,196.7769828282053,3.4426579389500658,passed,45,8.107203235708527,passed,34,5.800306013113876
4401,164.50256456952994,5.297839263169567,passed,24,9.629926241852305,passed,22,5.452369544008917
4402,194.96488157647352,6.717247160644763,passed,22,9.823885287489764,passed,14,5.1851538692316845
4403,120.50218563292118,4.391269531095485,passed,146,8.042145648878375,passed,7,5.264436355791324
4404,153.5324323030456,10.443029966928169,passed,438,8.195335314408014,passed,427,6.293173677896702
4405,185.05672096719317,3.790383143779662,passed,37,8.76358899726526,passed,18,6.060879445828471
4406,172.14466283694222,4.899406170691212,passed,119,8.139369811441055,passed,114,6.5626438755974625
4407,193.58133508421872,4.427761407941167,passed,49,10.036421388512927,passed,12,5.9232003897416785
4408,172.4561221474339,6.2249698710587085,passed,27,8.525924762963456,passed,21,5.425496503497063
4409,177.81051999879648,3.973146890530809,passed,70,9.344706262632752,passed,35,6.483391363314173
4410,159.8879352407098,5.789111782865765,passed,66,9.034148705960243,passed,65,7.033937267306034
4411,165.4723451115966,8.858277727063513,passed,26,8.032252397336848,passed,18,5.964213309123645
4412,151.356322205916,5.704362548947605,passed,53,8.447371760709244,passed,35,5.805238981431549
4413,155.43291775726937,9.823832063493876,passed,35,8.024899165557953,passed,5,5.033207803540152
4414,181.71686486258403,4.71057220130165,passed,57,11.270827023771822,passed,26,5.427841761587904
4415,177.62993126588213,3.0991766490350967,passed,7,10.125219494393288,passed,5,5.853480858138571
4416,172.96571940013575,6.570062520560516,passed,70,11.724744270960908,passed,58,6.7632558213641
4417,147.35253264568925,5.420567093713564,passed,130,8.860340392694411,passed,111,5.862214753132666
4418,173.9407453020563,9.1199307928263,passed,119,9.617930125466213,passed,109,6.485467970067704
4419,118.97781963893554,7.404042537297598,passed,62,9.002069492676167,passed,53,5.3471770069629
4420,233.97135345110263,5.660762227427687,passed,21,8.022666939464006,passed,1,6.276378656491066
4421,195.14037564802638,4.922042325499628,passed,67,8.42370263929595,passed,50,6.376328590692948
4422,202.0689786478818,3.800744832358078,passed,97,8.106730964427399,passed,44,5.447103535608422
4423,179.77825722804351,6.296406066442062,passed,62,9.987605893004247,passed,39,6.644899221660472
4424,178.83062250001376,4.523641392133603,passed,134,8.549910324782095,passed,62,5.002613664082789
4425,137.048554220303,6.663265217886134,passed,232,10.300854601120403,passed,51,5.3181331569788215
4426,191.6066059303032,5.095023570889304,passed,92,8.209271294629206,passed,29,5.117225621878907
4427,167.45811722844107,5.933308605103206,passed,151,8.262992380535007,passed,109,6.534483705303407
4428,195.91857930879507,5.771043375247193,passed,103,8.90190622289333,passed,62,5.111579814470768
4429,233.78926149987805,4.5666322881791235,passed,90,8.132256978311458,passed,88,6.265717799624282
4430,192.37712900705688,5.258862360442502,passed,82,8.024654770139428,passed,68,5.690765568768552
4431,136.2273846182345,10.99050787860555,passed,50,8.518011860876552,passed,21,5.162070228272664
4432,265.4112793794809,5.501905027406561,passed,119,8.743318082781837,passed,100,5.073208101398463
4433,153.10334531930593,9.003805597192375,passed,39,8.00264720390711,passed,22,5.589702057506196
4434,186.08688956133054,8.420563508920859,passed,44,11.956904110935017,passed,24,5.589016410216563
4435,194.57406299958353,4.899568569654859,passed,143,10.063272429527693,passed,52,5.027009469744281
4436,154.9993745893207,4.700637803596866,passed,79,10.150496771314899,passed,69,5.522605771943656
4437,185.27750835363278,4.620662833398212,passed,97,8.193376876426184,passed,89,6.317012345617945
4438,147.71966831382656,5.173386749359183,passed,113,8.440659509281412,passed,99,5.207801835369841
4439,162.10516003544114,6.349497310914579,passed,216,9.229091742040074,passed,21,6.083081355130959
4440,190.70569355384447,6.77376046418918,passed,100,10.385084441795334,passed,65,5.024851174939804
4441,187.6549970330206,6.747431110193508,passed,100,9.064514028074711,passed,100,9.064514028074711
4442,197.1114403776878,4.947388200077758,passed,61,8.361872218212785,passed,55,5.810049646440851
4443,205.14873279368553,3.7879698237057897,passed,70,8.17251946168074,passed,49,5.810602663208186
4444,156.06807068188954,6.298920086349404,passed,102,9.043845422101926,passed,93,5.437658553464009
4445,185.66907661774462,9.446591348095868,passed,370,10.597714865225472,passed,348,5.001299094638134
4446,194.15806088013684,4.2555502176257765,passed,61,9.285066089240468,passed,11,6.307739208885388
4447,150.4764343699074,9.74107781569284,passed,366,8.432191540683043,passed,15,5.67600920028648
4448,189.1510808508367,3.763763406705868,passed,11,10.457429599416223,passed,11,10.457429599416223
4449,170.73718342435401,12.35783457147047,passed,244,8.477916100854909,passed,99,5.790836530901844
4450,156.6998034284307,7.332904201610104,passed,68,8.309493474596085,passed,37,6.052551728936639
4451,173.61035607342262,4.782145282697389,passed,49,8.19286082237991,passed,36,5.689934138879882
4452,168.2284494173983,4.801847252089282,passed,68,8.423712759106007,passed,58,5.607086736412215
4453,165.29625707312397,10.440553916935542,passed,214,8.83657366435726,passed,204,6.266106732129417
4454,196.5706263176819,9.799313238223359,passed,76,8.01819799200787,passed,59,5.511003660870295
4455,229.02003473837286,5.8451294476899225,passed,88,9.008102896729797,passed,88,9.008102896729797
4456,212.19563170581227,5.003606352007439,passed,97,8.02224175207067,passed,79,6.2822162062602604
4457,180.09124053153846,8.65729941958131,passed,151,8.162471830241348,passed,114,5.890126611260782
4458,168.2754158664205,5.7281236668392195,passed,45,8.034145576410223,passed,27,6.013381015242802
4459,188.86761795592045,5.15736632570279,passed,99,13.083263667273059,passed,80,6.301504117032719
4460,209.1118153387726,5.130831387280244,passed,31,10.155652161129968,passed,24,5.228386208341695
4461,140.81291439987746,5.443913343141105,passed,53,9.389384047246674,passed,35,5.7311291042524415
4462,168.10653549867632,5.144254378621162,passed,24,8.012475861981594,passed,21,6.082066176002221
4463,161.49532789250736,5.616410942052147,passed,131,8.238211985980515,passed,97,6.212697993597227
4464,208.8982080330077,3.262318267742106,passed,13,9.674696302816699,passed,6,5.754662311513559
4465,135.8142004004546,7.071556186979251,passed,142,8.680603067374859,passed,88,5.057958013543407
4466,191.13909012468366,5.804398564659977,passed,45,8.334412704294225,passed,20,5.1788944271672355
4467,187.4338890839387,3.7513126001770756,passed,76,8.54657751252892,passed,58,5.452448584911607
4468,174.20089228021968,10.917438953410652,passed,48,8.483580097531608,passed,29,5.744125772374109
4469,164.03583536011993,10.984233422833396,passed,127,11.204215063912093,passed,20,5.2266433695303816
4470,143.94897401540652,10.782103755594248,passed,91,11.901213615628725,passed,82,5.049399576618008
4471,192.59255361618898,5.348070701484793,passed,56,9.351675904373646,passed,54,5.570909177859762
4472,190.50558585796688,4.057069838829429,passed,35,8.022312530352039,passed,21,6.036852669685366
4473,171.86454965323864,4.399747154587166,passed,69,8.650988396246916,passed,58,5.045761649992064
4474,170.14297198286505,10.88131672756669,passed,292,9.683502288642764,passed,273,5.449157790930048
4475,154.35806250482057,4.259798219674405,passed,96,8.153056067218722,passed,64,5.903502267284866
4476,150.14270642793926,4.904090004816031,passed,102,8.212760048561751,passed,68,5.559948520670099
4477,180.74873717360765,4.515362148944513,passed,75,8.37580486252456,passed,68,5.787823885460197
4478,210.5181069654479,6.249176668734107,passed,34,8.20536729083683,passed,12,7.074237982566034
4479,182.53024173253672,8.029396270959129,breach_daily,99,2.0254862965535247,passed,44,5.326002114662254
4480,150.56125492708415,4.170806415346965,passed,95,8.83559193192729,passed,92,5.612913357312688
4481,215.1949180537483,4.085004572784376,passed,67,9.242270630355854,passed,62,5.486628248678582
4482,169.1024387849283,6.875766363232698,passed,100,9.195382890784543,passed,100,9.195382890784543
4483,122.13320942537429,8.212575760296652,passed,108,8.260564969159567,passed,45,5.149670907335735
4484,203.02111958120622,4.99850332169856,passed,114,8.11924128295123,passed,99,6.011881396726304
4485,177.5167817606041,5.993504339502859,passed,78,9.500492096370428,passed,57,6.491147531917751
4486,139.14665706624345,5.283196216261318,passed,79,11.143984421454212,passed,48,5.0230366260936465
4487,210.37690390674362,4.660258927462663,passed,99,8.134420897102924,passed,28,5.288397706478776
4488,166.09501398085467,9.23786514611275,passed,75,8.006188786142276,passed,31,5.731233593962037
4489,189.74845873278875,6.945398956067003,passed,21,8.980774004047243,passed,13,6.255769010747225
4490,234.41669401449414,2.9839854818761555,passed,68,9.102949097616019,passed,53,5.646011779445481
4491,138.44702829976217,6.265225074583181,passed,88,8.78840083686594,passed,49,6.475419744027633
4492,175.60731357693427,4.792632881803489,passed,63,8.573488669527496,passed,49,5.001015183722535
4493,154.6574216515181,6.661413466142848,passed,100,8.148068750633408,passed,63,5.048297781265099
4494,208.76997912305666,5.39022912159416,passed,24,8.18875946272193,passed,16,5.298935889888989
4495,158.1129346832015,4.464957990088301,passed,93,8.000108288564146,passed,59,5.639364298976068
4496,149.98120408825656,8.264668719562419,passed,99,8.04089415349869,passed,92,6.582014619159415
4497,190.62521848941816,5.060894625047195,passed,158,8.930596120706458,passed,126,5.095236173325057
4498,200.16523406118466,3.643331638038225,passed,30,9.650810319653647,passed,12,5.501353584608681
4499,213.23599377659406,10.890376339594924,passed,152,8.477135258937496,passed,50,5.002671741258702
4500,203.43350281680287,4.121504234186365,passed,54,8.206375806281718,passed,45,5.4372954176834964
4501,207.4871514063165,4.669931338318403,passed,133,13.044887235836766,passed,121,5.595072502199527
4502,167.00748144994702,5.151629773020976,passed,78,10.156463551933758,passed,68,6.474370972434618
4503,140.23579244536236,4.919055637301729,passed,28,8.225434751742444,passed,22,6.2501987857738195
4504,155.2837153621051,6.823182973528075,passed,142,9.619065703925877,passed,132,6.94194463712936
4505,189.63746934009117,5.577676737925485,passed,95,8.121488656239805,passed,48,5.020664369975547
4506,161.30387585654603,7.617402996798433,passed,112,11.14914895478487,passed,49,5.797710586720783
4507,93.02651817424383,6.418939316911559,passed,59,8.48289980347483,passed,47,5.665318522210194
4508,236.04946193398266,6.560822726696112,passed,47,8.042690407355014,passed,26,6.623864695304893
4509,168.19583097103882,5.820816982492063,passed,69,8.96186094654916,passed,59,6.47803359123067
4510,141.59436148759806,7.401958241054113,passed,117,8.018508883536501,passed,90,5.004005645590648
4511,160.36468624154844,10.641571694920925,passed,33,8.22088679155164,passed,21,5.901797392660391
4512,220.2985731185085,2.3977280861172527,passed,90,8.025681864256518,passed,49,5.637038596881361
4513,174.07235262075577,5.804086196208962,passed,103,8.270815624619754,passed,98,5.939957058144429
4514,133.38632816772576,5.50185852119846,passed,100,8.855572264742872,passed,27,5.016151393343682
4515,185.92339422898863,4.424002972417765,passed,57,8.875595153683925,passed,36,6.12158123633717
4516,167.89265869105407,4.017425270206882,passed,44,8.199887894761204,passed,28,5.010329876369002
4517,129.8015559735224,5.789981972921528,passed,82,8.682219842058414,passed,53,6.061363849044765
4518,176.69217842897876,5.622843189078341,passed,52,8.26192569517994,passed,24,5.084404835684864
4519,140.95808588742727,6.5523071617764135,passed,39,8.062737227055505,passed,27,7.0237216952157455
4520,197.84080905210058,6.356907123046242,passed,86,8.399966793607284,passed,49,6.00227281017216
4521,164.99368220125302,11.80210338874815,passed,411,8.406337652670715,passed,408,6.92101752862988
4522,192.66216668824248,2.796939544571794,passed,100,8.231821703542796,passed,95,5.064415624759899
4523,192.03431365425314,6.587239564674813,passed,35,9.392354528864688,passed,22,5.723097847307135
4524,161.48532130838774,4.7736853491759605,passed,97,8.222553099528929,passed,95,6.277231752659818
4525,213.10514784747613,3.5114779470138004,passed,18,9.131993648026683,passed,11,5.68075770535581
4526,187.43813915626347,3.5116900814335605,passed,61,8.046099314562882,passed,49,5.28400060003229
4527,185.4091948361542,7.763746779969921,passed,53,9.929166724803839,passed,9,5.40708578558029
4528,179.32718269604374,4.982282131226256,passed,31,8.343278328129845,passed,12,5.945257694756689
4529,142.5795801450415,6.435287535815071,passed,240,8.107854571732421,passed,232,5.226207831325946
4530,178.49921109265273,6.022216386541004,passed,75,8.599353961181833,passed,71,7.132712471943181
4531,172.93980081271357,5.294031936794911,passed,99,8.595734217965912,passed,84,6.017616553805993
4532,148.82470064706598,7.46790695696998,passed,21,8.418207746160533,passed,18,5.125364661934917
4533,176.27503642968088,6.604757981274687,passed,182,9.18923839757686,passed,171,5.518474843593579
4534,123.43225444047641,8.6662381405386,passed,26,8.7459370227158,passed,20,6.77955937417456
4535,231.0729445484679,7.927044728487533,passed,58,8.57099793254228,passed,40,5.798416231537851
4536,190.51444869792817,4.833500269281409,passed,130,8.5055794521266,passed,62,5.083536996436733
4537,187.33820271219525,6.198448680479219,passed,166,8.542248405345498,passed,155,5.390279983308255
4538,193.74825336162803,5.915424423519896,passed,90,9.323019270551502,passed,64,6.344864369067493
4539,144.00163097303013,4.80845565977374,passed,111,9.18517279055131,passed,49,5.05879121718269
4540,185.9514599466715,6.197121188401522,passed,15,8.685032447045348,passed,5,6.855149286556128
4541,259.63191472584117,3.245015474773876,passed,28,8.937454893144059,passed,4,5.844012094208018
4542,168.09613901138496,4.318258545369948,passed,95,8.227730132816525,passed,35,5.737513428873742
4543,142.73731664447436,6.96371297905435,passed,41,9.204832041706945,passed,8,5.0786205148497965
4544,194.53300581126607,3.98285661034816,passed,21,8.658136445248,passed,18,5.164679149608542
4545,215.41657565119112,4.249609425163061,passed,8,8.258857568263966,passed,7,5.5978412256754595
4546,183.99656658328715,8.746098032807861,passed,152,9.103397142864921,passed,108,5.087398702492485
4547,152.1703253428226,6.45798233307849,passed,54,9.100851901783958,passed,52,7.475564902481846
4548,141.56310806826724,11.616678103520867,passed,41,9.319538256622684,passed,28,6.144101896149468
4549,149.06839696271282,7.287977175380692,passed,174,8.525866563656548,passed,134,5.096696356063379
4550,122.22328185783766,11.624587849203538,passed,335,8.246072669756277,passed,307,5.019205499396873
4551,180.59205246371715,4.207140190261421,passed,95,8.567392841913456,passed,16,5.344945299461323
4552,188.87147869271232,6.809452146872294,passed,25,10.489122085031898,passed,13,5.395017572298899
4553,166.62244421256483,4.155434079323385,passed,66,8.666696443525556,passed,38,6.591729357388276
4554,196.27306063169726,12.159172944895765,passed,97,8.344945769237322,passed,70,5.699158014670314
4555,150.48360328399744,5.379268386788914,passed,79,8.965064293469105,passed,54,5.360157682454747
4556,203.95913571174574,8.165286382598175,passed,96,8.542850553575887,passed,33,5.083771695600081
4557,148.39186757013368,10.251295769084965,passed,58,9.621102068046872,passed,38,5.985693617705334
4558,190.13821389532296,5.253006450076486,passed,91,8.36625540934035,passed,84,5.390471754492232
4559,220.75236473717723,3.6875827118489037,passed,38,10.030845174129311,passed,31,5.514783255795619
4560,165.27146049183466,8.233690459579531,passed,95,8.030872650625387,passed,18,5.635728150784169
4561,160.40949300801998,6.436549018754009,passed,21,10.959984684866964,passed,13,5.00628400752674
4562,162.9726575108991,5.696110087921418,passed,66,8.280596039375588,passed,49,5.830423643435312
4563,191.0943598473426,5.746560744146132,passed,99,8.191222645026874,passed,90,6.212538030666903
4564,159.3434843045315,6.362038465911684,passed,57,8.78329913133613,passed,38,5.6223804566994495
4565,179.98161282184958,4.682694138156571,passed,101,9.572733001908773,passed,81,6.213984532553751
4566,157.02619797971366,6.082262970078045,passed,52,8.02342166308434,passed,16,5.718169091120973
4567,200.87876510271855,3.015260919117252,passed,69,9.398803837038304,passed,21,5.594798289902414
4568,119.34958072714252,7.15194630239295,passed,119,9.081452993719363,passed,112,5.2371602867849365
4569,188.2160141664201,10.601777959298865,passed,76,8.816906831661075,passed,67,5.055508969653277
4570,197.79270599304533,5.60695392513365,passed,22,8.178309468003064,passed,7,5.606503058642631
4571,152.22910300892073,7.270490650515053,passed,104,9.378728017520444,passed,97,6.602838108891662
4572,169.8576046417568,3.845870427563506,passed,85,8.06908913630544,passed,41,5.012494677478996
4573,219.9931943396063,6.1083701482589765,passed,34,8.58155252467252,passed,18,6.611565932032315
4574,158.6496394979728,15.474153295500939,passed,48,9.178917189588454,passed,11,5.6231894511769465
4575,137.74396688092247,10.916293988125965,passed,100,8.744677464133478,passed,100,8.744677464133478
4576,178.3695032835496,5.2839502369875975,passed,189,8.026010819554163,passed,135,5.392428398720894
4577,197.36034382673182,6.125696669052825,passed,8,10.395442212380468,passed,8,10.395442212380468
4578,178.6757138012287,6.4301762834662615,passed,36,8.638782281689593,passed,22,6.727176759944853
4579,139.78141243594044,5.230303785238307,passed,64,8.973704296539298,passed,46,5.82680199215877
4580,198.70320093489343,6.433955733169778,passed,132,9.071294830988696,passed,91,6.803828430220138
4581,209.93811683605134,4.165442607994392,passed,57,8.640800999151654,passed,50,5.795890458719355
4582,130.7401051947204,5.553767571655429,passed,64,8.362827258380467,passed,57,7.149100515565832
4583,183.3357567134325,4.8298969315086255,passed,20,8.314773735637981,passed,3,6.139350793864828
4584,208.1333251583829,4.190396220455177,passed,256,8.306092383104268,passed,30,5.207066487313461
4585,207.6592385502767,4.992984347029916,passed,17,8.10959710299366,passed,17,8.10959710299366
4586,172.33939659135626,4.86718345871774,passed,36,8.544669506553571,passed,30,5.893790214989836
4587,193.1637226280678,4.644034120290409,passed,93,8.332399906360145,passed,89,6.884575319854602
4588,199.18393232066208,4.805536505896664,passed,50,9.560337951414933,passed,21,5.710737382046638
4589,194.0742828758783,4.4692061916831305,passed,54,8.087327750990681,passed,49,5.48471633271761
4590,157.40283024121032,6.832794011847847,passed,303,8.1562960958808,passed,272,6.021475482733019
4591,161.9254515883499,4.308351128574656,passed,81,11.126209054259029,passed,70,6.712006991817532
4592,170.16308927225842,5.161209880120562,passed,58,8.018067384341233,passed,35,5.847153629163859
4593,129.6442692598585,7.271967247673411,passed,191,8.146824602676816,passed,68,5.6109068092786485
4594,177.91826296309176,16.480003425865625,breach_static,90,-10.67249497180195,breach_static,90,-10.67249497180195
4595,160.94974837307365,6.7367365196285665,passed,90,10.19379813290946,passed,90,10.19379813290946
4596,205.2643069983385,6.347230316581166,passed,68,9.010709043901954,passed,22,5.011116078685762
4597,166.5612011794178,9.125648897308203,passed,100,8.302132321123224,passed,50,5.707321815870281
4598,178.5740809337362,4.90559978869835,passed,87,8.56893240514809,passed,61,6.182270625544817
4599,180.00281154628652,6.923007093593844,passed,22,10.9386447721044,passed,13,5.109843500724587
4600,179.35549396959817,3.924972168063962,passed,19,9.203454419547995,passed,8,5.018805711614016
4601,214.67937921823852,6.910538994834452,passed,34,8.030669460068275,passed,15,6.2864385967468905
4602,219.52589429692665,4.112612578116309,passed,17,8.3135841012407,passed,17,8.3135841012407
4603,223.66644291912024,4.552868745659013,passed,81,8.543376930377168,passed,52,5.228915559563596
4604,159.82157123343868,7.2617009300859365,passed,49,8.311306115471107,passed,27,5.6668155308241985
4605,167.80983198567077,4.673680315078806,passed,78,8.265887987834187,passed,14,5.06972740862186
4606,206.17207154205133,6.303144866240985,passed,119,8.053035374797357,passed,97,5.188491695989916
4607,141.28610330120827,6.994057188376016,passed,68,8.513979757981605,passed,58,5.505437185428064
4608,185.7279680603768,4.543247734703099,passed,53,9.77685556656034,passed,38,5.377514749476164
4609,161.74631902957807,6.83930197709447,passed,105,8.627587775679801,passed,61,5.00819676564086
4610,181.24809350823492,7.5462315546037075,passed,97,8.922721095458442,passed,71,5.2777479734094745
4611,231.07323411504956,3.8355061914579354,passed,34,8.60543677169343,passed,28,5.071119564153137
4612,144.47631950304083,6.609702877795405,passed,32,8.884138358029547,passed,32,8.884138358029547
4613,199.7180295913516,4.891762948293626,passed,44,10.569851361660799,passed,39,5.136905238550815
4614,175.72219996021138,5.467722240953466,passed,22,11.31879367768256,passed,5,5.295886436117914
4615,177.21069633128727,6.386715359540333,passed,95,8.433858962374963,passed,65,5.166759649420083
4616,150.76617341483657,12.038879359335498,passed,22,8.37839519993102,passed,15,5.005489805801
4617,220.30007344030628,8.464284222291838,passed,63,8.58367423475026,passed,46,5.585534002837789
4618,190.57630329370028,6.044224239937294,passed,28,8.92683874612661,passed,17,5.78059109150304
4619,96.57130090934002,12.585169811323455,passed,411,8.096469208280844,passed,393,5.723499579867397
4620,177.05962842347236,6.155148338694535,passed,153,9.076976607478727,passed,131,5.866727902530244
4621,132.62667174987857,9.300435298811308,passed,121,8.260745767363552,passed,99,5.417378774893211
4622,173.06159341430293,4.315495980885947,passed,100,8.068802452353573,passed,43,6.3559754102222366
4623,114.91938811930007,6.659156319210094,passed,74,8.235720951802406,passed,41,5.027342948917246
4624,188.39640500713517,5.500266187920576,passed,99,9.015243790252514,passed,36,5.296173321330344
4625,154.80441255645368,5.598118967429466,passed,108,8.515073475520207,passed,108,8.515073475520207
4626,162.77466395952712,4.710234598718903,passed,64,8.685079643850946,passed,22,5.452844407825075
4627,120.62709690090698,10.729555026895175,passed,325,8.414764980117685,passed,134,6.366266034134904
4628,212.62558794280753,4.534764387518564,passed,155,8.968938891170009,passed,102,5.893360937008518
4629,158.45937216486698,4.247636287150972,passed,100,8.27268926320035,passed,97,6.322074935899669
4630,186.15613924508588,3.9489757712097036,passed,92,9.602999837857817,passed,45,5.295413966581863
4631,175.1392901887667,6.902698375650347,passed,112,10.13958413342051,passed,99,7.483445464167082
4632,152.22381747155544,5.821523389325247,passed,182,9.337564537403908,passed,133,5.81702022424313
4633,156.18812735792545,4.326143538308756,passed,69,8.094480412924776,passed,32,5.274612131947554
4634,185.84653923349782,4.484297769831036,passed,62,9.340750855061387,passed,59,5.517409771041049
4635,227.82722694056474,5.131385872829835,passed,49,8.038927233903848,passed,46,7.205395799532699
4636,185.77087602594452,5.888111864433991,passed,32,10.963669529918963,passed,24,5.786312701987706
4637,150.49209934185566,4.261150689463992,passed,104,8.969783329509951,passed,77,5.029820665848739
4638,190.26887639613156,5.704204444919906,passed,61,8.71937853631335,passed,14,6.116136351215129
4639,163.1058691123781,5.737670370183475,passed,46,14.196264312417517,passed,35,7.542889885844861
4640,204.91576354477203,6.247978486850717,passed,160,8.764954600101493,passed,25,5.002364732824294
4641,151.4338486219489,7.613315655081486,passed,108,8.826646023517704,passed,58,5.3934700496630406
4642,160.87588166733576,8.76855835275914,passed,108,8.330654753858235,passed,12,5.372552002353048
4643,181.49243469237786,4.1097476066303535,passed,37,8.04118226467545,passed,28,6.423652004279168
4644,133.87947509190226,5.930904047428061,passed,144,8.211271764341955,passed,126,5.550683810031587
4645,143.5396046920201,4.714629078543619,passed,112,8.609540287304451,passed,99,5.160281892671059
4646,144.5488343452994,10.537519767279404,passed,11,8.3101671384618,passed,5,6.5516959115964335
4647,177.18198339938652,6.704756792253658,passed,50,8.001828933716837,passed,41,6.525978943863686
4648,192.29425175998225,5.464742983917309,passed,27,9.414617605459386,passed,20,7.186928200144904
4649,153.19495604861442,6.683034114295354,passed,32,8.303898907901575,passed,12,5.713176402408893
4650,170.0447316563162,5.120382744734348,passed,28,9.289858436291599,passed,18,5.538714517560317
4651,209.6773928960277,5.966211668877691,passed,84,8.36088620231239,passed,78,5.004202094511467
4652,220.83440319648471,3.8701176784884215,passed,117,9.00747470976202,passed,114,5.461417132151336
4653,157.223421309744,5.413046038788743,passed,99,8.395025020873682,passed,9,5.379538065160583
4654,139.7616378718698,5.8649167162288425,passed,20,8.234304367134637,passed,20,8.234304367134637
4655,189.5460149306794,6.172618363521658,passed,44,9.579274630087742,passed,34,6.044263870043087
4656,147.82227070848344,6.935827927123067,passed,97,8.040486363107524,passed,75,6.2352176616792265
4657,174.17651018483693,4.33526545279645,passed,59,9.03821827581972,passed,47,5.146000039442233
4658,185.3871065314265,5.8584486022488775,passed,118,8.00452893900272,passed,77,5.214476275148128
4659,164.1982502437362,9.317456226926279,passed,33,8.637927565597225,passed,24,5.855564076256803
4660,219.39303046948817,3.7546519048571176,passed,44,8.782587064937664,passed,38,5.52889705550359
4661,177.89156076759446,7.984928501784718,passed,64,8.815183920950886,passed,62,6.051611457866146
4662,172.516981717264,6.119953436053873,passed,42,10.01754486434956,passed,42,10.01754486434956
4663,188.75383879190431,7.804231815012987,passed,106,8.41416379042139,passed,81,5.10461613380242
4664,158.16935078524094,7.135068973764855,passed,236,9.135892953060075,passed,184,6.79271757146358
4665,226.22741088518893,3.601588622302723,passed,60,8.782978945402586,passed,49,5.396271497292515
4666,185.068965682381,5.283129742983991,passed,38,8.935441809395584,passed,18,5.088639344569801
4667,175.85977979448816,4.450421122807343,passed,120,8.414917572991577,passed,13,5.141034463154037
4668,206.89136620932493,4.46567361920446,passed,49,8.092865472792576,passed,35,5.184691092537919
4669,177.8097922366704,6.2452038050936975,passed,59,10.624046479574467,passed,46,5.788072359357277
4670,136.70652076135462,9.673041422919729,passed,256,9.158249881616198,passed,243,5.305476995143921
4671,138.17397717989923,5.836614200907008,passed,77,8.806109702398057,passed,13,5.235965874038095
4672,185.56610147316567,4.281269933004588,passed,33,10.09003295592339,passed,30,5.8451070648712244
4673,213.88710812391926,5.718014348826339,passed,126,8.262348411934184,passed,43,6.4774287920774
4674,173.75724578236174,6.940645099011002,passed,62,8.03026579579107,passed,58,6.4532684529104545
4675,115.11499311913731,7.0294434147940414,passed,158,10.572709932052105,passed,82,5.065477176687372
4676,170.96459789973957,6.075183185842764,passed,88,8.427357915589306,passed,82,7.021882365131682
4677,162.48787677327243,3.9771330311196507,passed,50,8.24434268969878,passed,27,5.494055930429154
4678,135.85514708952974,6.543024519966847,passed,31,8.0178279212344,passed,20,6.963724487171219
4679,252.23514802629987,5.009737267352843,passed,61,8.01188711414098,passed,29,5.893640403709921
4680,161.9064723257909,13.558786202766784,passed,21,9.16048446929112,passed,12,5.293628763071112
4681,127.07995566463906,6.6394475488257,passed,46,8.310173516801811,passed,30,5.140128273548172
4682,148.8243567172705,7.798041490524021,passed,43,8.271433991729182,passed,12,5.074671644205875
4683,200.4059375414388,8.567741769312992,passed,64,8.020748853919923,passed,27,5.657457207555061
4684,200.6739852788956,5.430536113341425,passed,37,8.873623630300953,passed,19,5.008567911547801
4685,181.17758059942304,4.637501197877893,passed,62,8.612277261030798,passed,32,6.584850055397307
4686,184.11425282810444,4.467998331231076,passed,67,8.250961208504881,passed,13,6.6754991712601575
4687,199.01275914601393,7.1714698640206525,passed,59,8.93517785486897,passed,44,7.5858048349086715
4688,164.43494796414072,6.554289390904302,passed,49,10.295690523172784,passed,45,6.093568124923654
4689,222.4615881091412,3.7992774587989033,passed,50,8.018413899985234,passed,44,5.37063159225033
4690,197.74615516146338,10.0192549865715,passed,81,12.195397849845314,passed,75,5.926714690880397
4691,169.7620652392759,4.312149298592549,passed,99,8.289822653723533,passed,93,5.012774705888323
4692,178.1302125663025,10.742925725271572,passed,297,8.018468751738572,passed,280,5.233363536439728
4693,148.00474757959034,4.66912841299102,passed,178,9.303578903096454,passed,93,6.151879831896112
4694,206.66117056407916,4.873358795866398,passed,100,10.362200374938046,passed,22,5.550038663366075
4695,193.12961300659137,6.000286347608549,passed,62,9.855179597080532,passed,57,5.655943556439635
4696,180.65952834855298,5.691312554518049,passed,100,9.44173552496197,passed,55,6.2346125345633885
4697,165.3312921429879,7.67235664770278,passed,32,8.896991239833941,passed,12,5.853668577304916
4698,195.56607185522154,4.741243697490499,passed,95,8.016786280413069,passed,84,5.070765192523985
4699,154.7927735321047,6.480492044505226,passed,75,9.299649020610357,passed,61,6.0280133333615815
4700,190.19371440386692,7.91976385883668,passed,56,8.003191290066635,passed,49,6.373605933006954
4701,183.39506979910323,4.870956304926864,passed,57,9.021744693627287,passed,35,6.431683484455242
4702,173.59928888116974,5.4308175621890875,passed,79,8.211421630324267,passed,31,5.257505175503985
4703,184.00013906162616,5.541551150254135,passed,68,9.015171102374243,passed,68,9.015171102374243
4704,169.45362233822743,6.1091357793500745,passed,68,8.41255803802785,passed,42,5.21691218885163
4705,189.0186082310021,6.427742791305414,passed,30,8.515426980379415,passed,8,5.216364940794627
4706,181.77856833109894,5.2225193672182835,passed,55,8.934062020495116,passed,39,7.242846589373619
4707,154.71257165244862,6.457937333606346,passed,84,8.475901050776024,passed,58,5.435673685843967
4708,199.75972108444674,4.714337177843777,passed,35,8.792629650990103,passed,30,5.045297917707292
4709,136.32054026819773,6.438030773937352,passed,67,8.036027600060546,passed,40,6.357913942482019
4710,124.11092341933264,6.666751969968758,passed,142,8.726073627538455,passed,134,5.606517034184044
4711,162.73846682101612,7.420139463530898,passed,62,8.495137431228494,passed,35,6.321900155713367
4712,204.9533005838355,5.131686066673995,passed,21,8.174268856201516,passed,18,5.578433989168463
4713,165.30174611070717,8.118186843301848,passed,23,8.063956696728658,passed,20,6.191647395844546
4714,168.47969969215563,4.106227012313901,passed,30,8.142760156417017,passed,12,5.007204999789905
4715,188.47386710250015,5.403296116352077,passed,76,8.850218715126745,passed,37,6.523171769588054
4716,183.80185441538023,6.8968169323253585,passed,25,8.004476509164004,passed,8,7.057555471759702
4717,179.28075944523775,5.812170311746299,passed,121,8.310732036365565,passed,41,6.9565630092631725
4718,172.59173456054566,3.809909168252424,passed,54,10.543456437546972,passed,51,5.951490487911726
4719,186.17336418752734,6.421608296637617,passed,150,8.418996269609424,passed,121,5.247493945631909
4720,176.03810834198813,7.72050478749354,passed,118,8.003964752563263,passed,98,6.670295815575256
4721,183.93802971126297,8.254827004435704,passed,25,8.18288025914027,passed,22,5.38195052645114
4722,173.10361785728068,4.206757974057439,passed,45,8.995885813805815,passed,27,5.992769550868249
4723,157.7552543018351,6.694458625305823,passed,112,9.888761659957446,passed,58,5.7902995426532655
4724,150.80880602287186,12.203514398729673,breach_static,78,-11.051158927460914,breach_static,78,-11.051158927460914
4725,150.94472451717814,5.734068566959621,passed,63,8.632560316486092,passed,61,6.879480062726517
4726,137.71610773081557,4.7206279248967284,passed,38,9.198834376232368,passed,31,6.2371727193171855
4727,184.7201789172516,4.6140624984969945,passed,67,8.207048841139475,passed,28,5.542915368285284
4728,157.00407186002585,8.29725443684203,passed,22,8.278851989718984,passed,21,6.317917482128621
4729,175.18854881399216,3.9729890060518214,passed,89,8.029786605231969,passed,21,5.051344908780742
4730,238.39525882853488,3.05181139394752,passed,58,10.14233392845172,passed,46,5.099607212857227
4731,155.27872211400515,5.84840914105064,passed,88,9.814615911370872,passed,75,5.0372592403645555
4732,163.8907058550397,9.063298887185725,passed,56,8.234833763259598,passed,43,5.028110965620192
4733,171.80008759300748,7.364064489383212,passed,58,10.732481428493546,passed,43,6.35191381205622
4734,179.4954994280196,5.527015872440518,passed,174,10.674393056240007,passed,170,5.025070789796615
4735,201.22219933423185,3.5779284562701865,passed,62,10.600840055371608,passed,52,5.740253470136447
4736,187.91216936045458,5.270598519891472,passed,92,8.021934186723456,passed,84,6.5938841119961955
4737,145.39783714768214,11.213909608982101,passed,11,9.106811324535435,passed,5,5.097768728442742
4738,187.36922442234948,5.972294801077044,passed,69,8.587264687596164,passed,49,5.557910586661552
4739,109.34534193244593,7.444511572999879,passed,75,8.16773753651856,passed,34,5.54199493770815
4740,185.90201676594606,4.455143235140608,passed,34,9.55331803877515,passed,13,5.116731283118114
4741,184.25312878107,6.655947776216761,passed,99,8.012960767484945,passed,93,5.100247346079878
4742,202.0127519459196,4.549643645761219,passed,103,8.722236524087679,passed,18,5.230477923879828
4743,143.06838353354908,6.52773272086651,passed,191,8.571625197625643,passed,57,5.42713217286277
4744,150.0403989108673,4.476560643850612,passed,38,8.437191899687901,passed,16,6.369888457369299
4745,198.1880346754092,4.754751946506153,passed,82,8.043980648784355,passed,80,5.129582181519732
4746,176.63516275541303,3.7878541246623243,passed,50,8.322119580127119,passed,47,6.527427565953481
4747,181.29053439902412,5.0841340071403955,passed,64,8.336462715214775,passed,59,5.525709056034822
4748,156.66032198517166,8.178521347360443,passed,87,8.02088329644548,passed,79,7.791589051805836
4749,209.67598284696516,4.281909104628203,passed,95,10.289610825584973,passed,57,5.4838144236527775
4750,148.43088764599833,5.568760550522245,passed,96,8.140434414215036,passed,85,5.438214794376384
4751,160.90061173231547,10.90486860754031,passed,253,8.4184790488405,passed,187,6.495298934800875
4752,153.27635845133662,7.675946346070985,passed,38,8.437503623253129,passed,37,6.4981232771384345
4753,150.48693925751033,5.9987974995079085,passed,51,8.739912383978243,passed,35,5.354798645849845
4754,213.91755348407173,3.7820958653183863,passed,41,8.40318668147626,passed,39,5.493092245019771
4755,178.18938577175328,4.393058338275584,passed,63,9.561449920809073,passed,60,5.373196673471647
4756,150.975541399868,9.185055165078836,passed,158,12.24775009563006,passed,135,5.792021634931199
4757,169.32518538688748,4.566149834420619,passed,31,9.586247384528136,passed,28,5.477653528881987
4758,198.1556501963754,4.519866094669265,passed,21,8.505426530784854,passed,9,5.039764032031546
4759,168.01361010025263,4.338696342777226,passed,35,8.845571573476164,passed,22,5.536118651974253
4760,129.16719120738432,9.828727576621784,passed,113,9.355276006220237,passed,86,6.836551296422
4761,188.48361382794135,4.509355717535831,passed,77,8.27707590111688,passed,28,5.013469250723257
4762,150.67418225970374,6.325120715995608,passed,151,8.076584420453582,passed,41,5.27783323448201
4763,152.97630566491893,7.765666928605978,passed,136,8.55785052108191,passed,35,5.002384216429956
4764,199.79674091572375,8.308100887211209,passed,12,9.8323761790299,passed,7,5.150764499408167
4765,162.6293297635427,6.130627427646971,passed,81,8.066599203573976,passed,56,6.105891626263538
4766,172.21034239655236,4.251149771376514,passed,61,8.421003012697392,passed,48,5.672668383267165
4767,202.7087421684268,5.830304808514948,passed,49,10.02125843855075,passed,29,5.6664256086928155
4768,221.651398751413,7.2835339795153775,passed,313,8.588146750098268,passed,61,5.144289798243573
4769,132.03544922740468,7.8311227742623615,passed,27,8.8683504786345,passed,13,6.407835892379654
4770,141.68674041824173,6.474840935222859,passed,84,8.00608374205063,passed,62,5.233038862023842
4771,166.05861487439378,4.251523947993512,passed,72,8.701197249708702,passed,43,5.102727210120772
4772,186.92393979186423,5.563228648379073,passed,70,8.530456882609405,passed,62,5.1368904279538885
4773,204.39892982839532,4.914901203751023,passed,68,8.793803235677933,passed,58,5.096257335657572
4774,155.00670732623948,13.974015432900345,passed,97,8.15445684276568,passed,75,5.029963517246117
4775,183.88472895354258,8.155944895622069,passed,24,9.275918811766172,passed,23,5.792532969347075
4776,209.55209782038042,4.874032263399119,passed,64,8.228076352749714,passed,36,5.012858953658639
4777,192.38370298544027,6.521400755102881,passed,79,8.016042706483152,passed,31,5.319437604360044
4778,220.54309095198224,3.9032954168942666,passed,35,9.303650712114786,passed,28,5.8229965785255855
4779,187.3755712304346,8.098131084947493,passed,154,8.01599502859387,passed,21,5.149562164563393
4780,171.77254060110138,5.223305256383858,passed,159,9.291276010867012,passed,39,5.150480318695783
4781,166.36327835218844,7.223871995694847,passed,6,8.331571037843123,passed,4,5.786996910382869
4782,180.91129134742596,5.96321920371925,passed,196,8.039062831910648,passed,37,5.00164396400169
4783,202.23844035847006,4.121088082150455,passed,39,8.148114137989438,passed,31,6.27289337451522
4784,162.82834474883128,7.844432737597037,passed,44,9.930692805840312,passed,37,6.100247090533628
4785,188.35634093052178,4.614336995606177,passed,84,8.425322425350323,passed,61,6.4257971342039255
4786,242.7862364179184,3.2278659490617554,passed,51,8.342539941201398,passed,49,6.933040328166817
4787,161.99256331229913,9.637813706199966,passed,93,8.660611934072794,passed,68,6.017310237136964
4788,203.652222382552,3.894876784638477,passed,93,8.22115362337561,passed,80,5.175654858807399
4789,163.43726719184053,12.06007196810585,passed,329,9.227559278027897,passed,309,6.320150305841121
4790,184.74725071635075,4.214699964059137,passed,54,8.489714557600369,passed,19,5.572321765203658
4791,107.20345042529034,11.340143850099796,passed,46,9.224990844607571,passed,16,5.438160623939758
4792,213.54740708080507,4.360736910814435,passed,69,8.196719472524272,passed,54,5.547566585338126
4793,130.38762855188878,4.7088387996966174,passed,44,8.78994568947915,passed,44,8.78994568947915
4794,196.11506234374022,4.8048266233430645,passed,61,8.085565347509082,passed,27,5.254692562510521
4795,198.08964034815597,5.236989675355379,passed,121,8.18944618639832,passed,65,5.00151650834888
4796,215.26621450066705,4.0151475507604255,passed,88,8.073535587450031,passed,62,5.01751353254436
4797,193.98251896549033,4.209662908968159,passed,66,8.42937691950143,passed,49,5.830065250375571
4798,134.41399461999185,9.082924927965598,passed,24,8.312235441841942,passed,12,6.053669955024588
4799,211.60577845532154,8.133126388586573,passed,32,8.012930864364186,passed,30,6.600359107447673
4800,194.80903708636066,7.592688976728709,passed,186,8.25052132903954,passed,21,5.5852579568715255
4801,149.95704000158986,5.884142619456827,passed,26,10.674148871571942,passed,7,5.0042713248172666
4802,202.84916702174945,6.731228031301571,passed,97,8.861808543164052,passed,87,5.100412409282051
4803,164.59780703529754,5.170236503064568,passed,200,8.346134250038428,passed,192,5.054671068805061
4804,166.25723661128666,5.4906843882871375,passed,67,8.703077101167889,passed,46,5.675024553196573
4805,149.3025147065642,9.918740222687385,passed,37,8.106188579278339,passed,27,5.526947392787207
4806,229.06758280575622,4.5684483741202175,passed,23,8.5946850423253,passed,23,8.5946850423253
4807,192.89811778902384,4.61419532001201,passed,92,8.047163191286021,passed,52,5.099717046682928
4808,163.1362190753813,6.525580333418556,passed,123,8.141170676250908,passed,110,5.593124135585414
4809,146.48442012665902,5.8063661063651,passed,95,8.8556187565189,passed,80,5.020357819932397
4810,186.08496743016434,5.9383176016676815,passed,34,9.727361787182653,passed,31,6.590245758255064
4811,191.39509605245973,3.9077279847539477,passed,131,8.39389291865633,passed,34,5.253168918973161
4812,149.79428030807367,5.75762525843088,passed,62,9.649326903858935,passed,21,5.365179934408415
4813,212.50546675289647,4.70301584968632,passed,37,8.076610595763611,passed,28,5.257303668634816
4814,162.16730035919605,5.651449034086326,passed,80,8.457255688177568,passed,75,6.844845706783875
4815,182.13734856395348,5.992326821790596,passed,79,9.897886689022496,passed,75,5.630422492936726
4816,200.30428506265486,5.870806504712635,passed,175,9.425769517228154,passed,84,6.154864110827241
4817,137.16986998327997,10.365721059338128,passed,178,9.394449009770511,passed,168,6.349337707854996
4818,218.71949959556486,5.296595140708366,passed,45,9.611482777484204,passed,31,6.460318042556756
4819,182.7187334002703,4.178918100199837,passed,72,8.880760083239236,passed,59,5.046130295385898
4820,202.69195296712064,4.114434063128989,passed,99,8.059860697979282,passed,40,5.757982727928912
4821,128.67939299998795,7.301551701788919,passed,49,9.636729777178598,passed,45,6.199866260927656
4822,198.04401804240777,3.374944458335956,passed,88,9.554990473322068,passed,54,5.738806194537527
4823,222.5279129390436,3.1048884956863985,passed,85,9.796585181792206,passed,84,5.612683299295207
4824,218.88027933001135,6.531299476621284,passed,181,8.01475046953193,passed,170,6.6817382737228925
4825,180.13043566114897,9.375000480742091,passed,97,8.109960924377347,passed,92,5.786688274085217
4826,203.85812458601325,7.053104150919137,passed,105,8.333540425975382,passed,40,5.4958348086440845
4827,200.85702858811896,4.8898113825502785,passed,99,8.600776582398439,passed,97,6.6005651437442525
4828,204.59186273118632,7.606230815746347,passed,216,8.312592183518387,passed,181,6.056109024256795
4829,110.44181394061457,6.689346559741416,passed,113,8.840134219000007,passed,83,5.362210745815998
4830,92.31845226955535,5.8382356562933735,passed,186,8.96585361144535,passed,186,8.96585361144535
4831,200.90938293211323,6.238906769168881,passed,173,8.038802775488385,passed,140,5.017314136998108
4832,230.86066365812732,3.1730951317451397,passed,27,8.245171516447547,passed,10,5.993597851550558
4833,148.33600756626439,6.103067310839337,passed,119,9.277558495665827,passed,115,5.306919920798703
4834,149.54344324107063,9.411469997280495,passed,92,8.710265623972147,passed,66,5.3338319066995155
4835,136.14846620295035,9.394015449402058,passed,71,8.472326195413803,passed,35,5.0337360048874125
4836,184.99490034856188,8.274118635158079,passed,185,8.105584841992798,passed,155,5.622768420734059
4837,168.8819099044625,4.786238058188189,passed,141,9.036261586180894,passed,40,5.433648123634205
4838,184.8866366773018,5.046092686592753,passed,104,8.3283106334749,passed,30,5.86012399881557
4839,173.61140987472402,7.64693772900117,passed,166,8.55860941817339,passed,22,5.510940652592455
4840,222.6139344560662,4.945805070137258,passed,98,8.045127232175986,passed,93,6.5705087435527165
4841,146.37978008745108,13.11466433465191,passed,50,8.10418684164027,passed,49,7.263894047051744
4842,167.01225762348128,4.749161072530591,passed,63,9.284814115966356,passed,12,5.299504677864464
4843,203.77714913194635,4.641370625466664,passed,167,8.151597478424133,passed,93,5.021184584591243
4844,191.98357873941032,3.8979334798281986,passed,57,8.256803397915746,passed,26,5.714150953920205
4845,148.79518951704586,6.827460379126558,passed,274,8.120703243249894,passed,258,5.927940400784082
4846,170.93265126218768,5.374860996070998,passed,118,9.906082914235537,passed,88,5.7561065811909895
4847,170.20403024430206,11.33560746968081,passed,90,8.45299746774748,passed,5,5.36952435060658
4848,225.55596809922207,5.064715849048661,passed,59,8.386913199259372,passed,58,6.3645208817775245
4849,174.77253780974524,4.272212478505344,passed,58,8.008344617939422,passed,27,5.273273880178975
4850,202.94981022538977,7.395227114563145,passed,148,8.036112899138836,passed,103,5.079489103112467
4851,166.11574653722957,6.994088689382613,passed,68,11.48681942864529,passed,59,7.585960576526962
4852,199.26253118082636,5.4080966658187695,passed,64,10.04926252622733,passed,59,6.9662812848845235
4853,165.59429980743258,7.373273377205047,passed,86,8.373435412221951,passed,28,5.223980480545176
4854,166.91253253407243,5.471778446039919,passed,151,8.211975421121153,passed,122,5.7112534687836725
4855,169.65010656062717,4.219789828193965,passed,28,8.173030424421256,passed,24,6.7208947416595555
4856,145.17833051858392,11.765351452291402,passed,51,8.274257563125676,passed,30,6.710518133789534
4857,183.5433517645712,4.33928636990862,passed,134,8.373557380276342,passed,33,6.270002270500319
4858,133.87734558345642,9.74307827814153,passed,159,8.943173490935695,passed,120,5.173116005102485
4859,182.8020722164044,3.6873182606524653,passed,44,8.823869761165204,passed,32,5.006831164219028
4860,140.7030078749115,6.578348661343342,passed,138,10.125658668635218,passed,32,5.470057655238425
4861,158.64322153477838,5.552694029693252,passed,37,8.318843579712954,passed,34,7.009127199963849
4862,200.25698048768453,5.568568414425886,passed,75,8.320631180060545,passed,37,5.793138155634003
4863,148.3535693287867,5.58046281085757,passed,16,8.738501787171282,passed,1,6.286698416257286
4864,167.03845960385985,9.071975123284572,passed,58,8.161840039053159,passed,24,6.312381921550703
4865,198.67611970071093,5.503286413886102,passed,95,8.118247956097413,passed,68,5.5534911867230585
4866,152.4047425993059,9.038116156445376,passed,22,8.07287596155357,passed,21,5.1764761742111975
4867,192.85653522217007,6.067214618932839,passed,5,8.279094320875835,passed,4,7.531314966652625
4868,155.97663016559486,8.228857937674775,passed,177,8.566390398013946,passed,143,5.930429834812179
4869,110.07659151135046,7.730261969382762,passed,21,11.07167700949232,passed,18,5.480657030897618
4870,146.874416858149,5.163985368539546,passed,22,9.199814407832218,passed,11,6.710674040744391
4871,178.45210721825384,6.038662059439908,passed,30,8.049630411587394,passed,19,5.728116388784477
4872,168.58515271316259,5.789751140436334,passed,63,9.133281558507234,passed,53,5.288965823539393
4873,144.00387823239393,11.902884670386882,passed,38,8.068439341619605,passed,38,8.068439341619605
4874,182.4079227266448,5.346661173170205,passed,49,8.07731564739429,passed,22,5.99765760376838
4875,157.86064662525123,6.719684812344064,passed,44,10.784221192089216,passed,34,5.716790008992234
4876,197.44549585697854,5.095329035535712,passed,25,8.190760705421841,passed,13,5.823259606305409
4877,193.5559392966231,4.051192611980473,passed,144,8.008288344060489,passed,80,5.214976059250542
4878,162.65062089898353,7.381549339274208,passed,75,10.31695474309451,passed,65,5.003434330541867
4879,163.97727357208765,5.183823274455247,passed,45,8.353894861479084,passed,21,5.030950625453845
4880,147.60428058627463,4.980654323733057,passed,49,8.764520627684025,passed,46,5.851783753821405
4881,202.11004277252212,4.695262134581352,passed,26,9.566847430909874,passed,6,6.0154061856970475
4882,164.51806125608758,12.985520488291685,breach_static,64,-11.484338412670713,breach_static,64,-11.484338412670713
4883,163.94871940114479,5.205363402795451,passed,37,8.490257570798798,passed,31,6.60131918354856
4884,199.29557964927193,6.58032415297205,passed,22,8.615323183369528,passed,17,7.674154402083588
4885,161.97053070029685,7.568168503471213,passed,52,8.005366034320605,passed,28,5.621930890702198
4886,213.3281347882973,5.047590447518391,passed,110,8.266715667318959,passed,43,5.038491559471381
4887,217.98179516695532,5.433296148175993,passed,58,8.714135452177096,passed,44,5.513645329879879
4888,195.7636387866368,5.012248005666551,passed,61,8.018001367302997,passed,30,6.955853105897836
4889,164.86966617682825,4.736226720608565,passed,30,9.73759926169533,passed,11,7.044674441873866
4890,133.0620923977456,11.696651237076058,passed,91,8.775327978569415,passed,59,5.721319616240339
4891,190.09040249085035,4.806435738757711,passed,51,8.821605620867556,passed,40,7.251499613039369
4892,184.64061795238717,6.1216367679965575,passed,83,8.68957218155515,passed,83,8.68957218155515
4893,157.27883266507655,6.76870313913677,passed,46,8.064231301054692,passed,42,5.475942113191845
4894,199.32764822965638,7.865231514215318,passed,82,8.016712879430777,passed,61,5.24594316205842
4895,134.5996163240765,4.468233360087757,passed,13,8.016455492351149,passed,7,5.602480787276165
4896,136.5262197288736,12.218669465470935,passed,51,11.779288634007568,passed,43,6.0607613029865615
4897,194.5447581715279,7.936715059565275,passed,196,8.834804410212339,passed,45,5.0405557830291325
4898,177.38482896433703,4.280422809607379,passed,63,8.115862589183509,passed,47,6.531412412665949
4899,161.39962093615105,6.796997936962907,passed,80,8.557728812657327,passed,54,6.547046039609872
4900,225.2459158890538,4.168673324240132,passed,27,8.005531083129803,passed,21,5.456809347537606
4901,212.31123209005688,5.066968139873457,passed,64,8.074222603469995,passed,22,6.241845153247061
4902,196.2742423790092,3.0271841426681054,passed,36,8.519386240198944,passed,22,7.081418043239407
4903,194.5306059935808,3.7796453215849053,passed,38,8.015887119878862,passed,13,5.295724554553494
4904,173.57712135303592,4.346554099152356,passed,27,9.856002677765986,passed,27,9.856002677765986
4905,191.10314308511224,8.756008944023781,passed,43,8.073884858556823,passed,23,5.585848695575679
4906,162.27524602028578,6.965050641981405,passed,121,8.171213021510448,passed,100,5.462513286352144
4907,207.68340348035798,4.637701004885394,passed,21,9.018289709842108,passed,13,5.1221679687480925
4908,140.52911398774145,4.40685858188824,passed,94,8.02660929930148,passed,63,5.7551044372663895
4909,207.95309850900966,7.086171869351933,passed,108,8.55233854479609,passed,87,6.499921709155165
4910,161.48795381623043,8.531905147623943,passed,40,9.383646461489636,passed,27,5.167628457577966
4911,178.24012453123493,6.44808444138815,passed,48,8.338692554525306,passed,48,8.338692554525306
4912,147.56274616784347,5.5542413096001475,passed,56,9.121716829898773,passed,13,5.5274291714353385
4913,134.22024110773506,10.824590234055895,breach_static,44,-10.191944115537332,breach_static,44,-10.191944115537332
4914,190.0987315384425,5.0902097477000385,passed,108,8.151513059469885,passed,22,5.023640026168041
4915,205.7125820204873,6.382805726244385,passed,58,10.625204369775254,passed,40,5.376838850616816
4916,204.83836033107292,3.317618023054088,passed,88,8.251307260396935,passed,61,5.0583641775540755
4917,155.70929167564546,6.164883875179326,passed,51,8.00612835271135,passed,39,6.298829519801652
4918,180.32279732556228,3.8511945135047,passed,99,8.236937548370005,passed,84,6.0968100086257415
4919,209.53254369032933,4.046685560967611,passed,85,8.150368549125897,passed,67,6.073878383058662
4920,227.84229358033068,3.8765762122391836,passed,50,8.483466119249394,passed,39,5.691239516863433
4921,143.8584422011524,6.77143798039106,passed,58,8.071210033629605,passed,43,6.348460628854347
4922,166.52249086138943,4.475305123002259,passed,46,9.127645234517212,passed,14,5.191448742561433
4923,130.99967960215406,4.365441791090027,passed,32,8.101140368111981,passed,11,5.722216215031528
4924,186.02979400237336,11.068123146627864,passed,69,8.470115742849615,passed,61,5.055381914623003
4925,157.44637505751018,5.455457218407357,passed,26,8.009952412409715,passed,13,5.73815738318062
4926,186.83445267847083,6.398197872312214,passed,151,8.388011434559118,passed,114,6.087956906072045
4927,140.5755530963971,11.721865298991444,passed,155,8.820972864861986,passed,124,5.084478872042264
4928,191.97133919568014,6.410683587447101,passed,35,8.476632072555379,passed,12,6.160382743121251
4929,207.8080847864098,4.527110174277409,passed,72,8.01985094372868,passed,65,7.191360469001062
4930,187.88831599010064,3.9761631278434026,passed,37,9.565225996151284,passed,21,5.855210183350512
4931,124.1072516329278,5.8741698386162415,passed,43,8.068586891322816,passed,30,5.748453610861914
4932,185.77695172277498,7.153708702735237,passed,96,8.520829526300687,passed,57,5.100251713404624
4933,204.78838571521064,10.541333455170179,passed,94,8.043271551863018,passed,57,5.020683706426565
4934,162.3819829273034,4.793453108309444,passed,68,8.016769443932837,passed,64,6.05121443194403
4935,148.9272071775067,7.261649744405216,passed,62,8.050135002082293,passed,21,5.9038796715825015
4936,145.102412718513,10.905931671129489,passed,110,8.381804175265795,passed,110,6.7614326061747665
4937,163.8117896487055,6.191141496572204,passed,95,9.037467903298957,passed,26,5.735417045651636
4938,182.78551073939596,4.936546735218286,passed,84,8.236923354469706,passed,10,5.397312009824251
4939,203.19253613921143,4.221692966683829,passed,88,10.163428405091901,passed,28,5.745109423120831
4940,216.56351425352653,9.729826299300898,passed,55,8.604132814951582,passed,38,5.845707294467362
4941,230.42040949318894,5.0274006405150455,passed,22,8.017701501239394,passed,21,5.219294681505149
4942,170.54907038321025,6.012815294426826,passed,167,8.320724463586494,passed,68,7.549898264217236
4943,202.75213308695785,4.776713890461926,passed,62,8.088953159294032,passed,25,5.016138766540856
4944,161.0541649170841,4.250546788407471,passed,114,8.501654807661719,passed,39,5.015603540904823
4945,203.8545363785928,4.6565796528534875,passed,24,9.110493512784323,passed,21,5.663158467426577
4946,205.7244723310677,3.42051580721898,passed,67,9.709093814260283,passed,62,5.749811359365964
4947,167.95602623810151,6.812490326598374,passed,64,8.686977607494327,passed,34,6.69078138278798
4948,189.0673192392696,12.053065340943718,passed,16,8.020747757891522,passed,1,5.549489880665059
4949,180.8189010836184,4.950177370211754,passed,49,8.031525997867671,passed,33,5.322057228857657
4950,222.99115611991783,2.700593693866332,passed,27,9.728458621558978,passed,20,6.506825200599509
4951,150.68428239278745,9.033541695052214,passed,116,8.844247971872022,passed,103,6.499153392137824
4952,195.86548228997876,8.398502011372104,passed,182,8.555454295408982,passed,156,6.868314252283314
4953,143.62452266444402,8.216930161623708,passed,45,9.684002377323786,passed,28,5.655703457527483
4954,141.24857241964617,5.837756188591384,passed,180,8.13616753722204,passed,134,5.3596018225229525
4955,134.2230853743227,6.994875527539247,passed,64,8.002567781436554,passed,49,5.004571716087547
4956,186.20527445748203,3.936516034443739,passed,74,8.54831396942659,passed,59,5.023486809589417
4957,164.36650550290213,3.7465640944467657,passed,39,8.019377656293635,passed,32,5.594846992019953
4958,238.699424558689,3.7982617005283963,passed,52,8.001869169963548,passed,26,5.057891459481012
4959,190.94617331401489,6.73993983013072,passed,40,8.344585176758844,passed,16,5.891388494729011
4960,186.99809510948165,3.784234266587981,passed,121,8.95703323309105,passed,117,5.013355947278431
4961,159.44319868142992,5.706404728836407,passed,88,9.644447521054422,passed,84,7.639502144692956
4962,218.7468216278842,4.150864279924563,passed,57,10.983582461260877,passed,34,5.0172694246059635
4963,176.1476239646747,3.0644543670566304,passed,45,8.29930286563525,passed,41,6.766652436015641
4964,167.40539371313378,7.702850299288536,passed,59,8.947242563855774,passed,38,6.388485531002153
4965,164.80896168421992,5.061943337679449,passed,51,8.00687896723511,passed,12,5.769344128471521
4966,152.21233644878453,4.07873459530534,passed,100,10.556168527670051,passed,63,5.4265859862349775
4967,161.53543996689615,5.748296087842382,passed,68,8.472355584439239,passed,12,5.907022524893146
4968,191.67267441287512,5.136862258418152,passed,151,9.377317719321043,passed,72,5.3833653920391855
4969,217.56398514404896,4.361721882596475,passed,23,8.110330836689329,passed,20,6.282149326567699
4970,184.36410745007697,4.905278450393862,passed,57,8.885693441243681,passed,47,5.904770640833368
4971,188.89541919385758,4.317852435053299,passed,100,9.70064042117562,passed,70,5.170832824880023
4972,170.5822343078941,6.601657412152064,passed,45,8.232095232373538,passed,45,5.721676077029936
4973,152.9025114622811,10.622368123403557,passed,193,8.983868696321684,passed,148,5.4649181179070805
4974,186.70964034258563,6.212012609926822,passed,48,8.23339094458564,passed,34,5.486931868818812
4975,209.0622501376194,3.9735877501799766,passed,100,8.203465402281719,passed,95,7.2431378553095005
4976,107.60259156996237,9.97825965822269,passed,133,8.059135404386431,passed,117,5.837378943158433
4977,164.37102176073103,6.143884891934177,passed,92,8.75125792586131,passed,52,5.762902853696494
4978,179.19905858220045,6.948289965548694,passed,64,9.403967759472032,passed,36,6.437273748320926
4979,203.62791183345777,4.282253366590424,passed,27,8.207423186144581,passed,26,6.647998639809405
4980,155.9572507882164,5.980741542888032,passed,49,8.029649266761684,passed,39,7.704892346245096
4981,137.18786887437844,6.82793229295774,passed,332,9.324569258952176,passed,261,6.5036908024961315
4982,199.4786818146179,3.4076831937493286,passed,20,8.011978661727404,passed,7,5.37038442539135
4983,122.17763135365125,5.206863432323189,passed,120,8.001953481212244,passed,90,5.67136506787036
4984,145.68340621961448,10.006033663736678,passed,112,8.845536023515388,passed,72,5.225267816200541
4985,127.63821472394406,4.263867270082021,passed,12,8.190196197579969,passed,11,5.861608472376423
4986,157.81620245554282,8.942993640345735,passed,99,8.08255588205653,passed,85,5.106954966128874
4987,156.69432703515196,4.687667117688152,passed,55,8.696053908615697,passed,11,5.835095267514001
4988,196.17378320325253,3.826107776725926,passed,88,8.71798956430938,passed,49,7.93085976127943
4989,153.63569019038562,5.709756893258277,passed,184,8.298540178215541,passed,32,5.671445479030535
4990,201.80271564204304,4.253567975238418,passed,86,10.395590984823189,passed,77,6.966584583420343
4991,156.2645367129412,6.872043251997234,passed,34,8.167244524853956,passed,22,6.013760849269967
4992,201.0987975838547,5.866669559367297,passed,98,11.06046434232464,passed,59,5.423463829771746
4993,155.88833694765776,4.167623773978563,passed,51,8.527392763510221,passed,24,5.916666275971316
4994,142.7635527363597,7.1219029745649465,passed,57,9.185984301703076,passed,26,5.485178066888907
4995,154.39257738194115,8.605008973470953,passed,27,8.677125467777946,passed,12,6.976816268914421
4996,202.63587478243034,5.013770704473185,passed,135,8.080491197460592,passed,131,6.227133523717399
4997,209.30372517778974,9.312868338788928,passed,34,8.123469382525084,passed,17,5.036205437769259
4998,190.34483279106453,6.536385766069926,passed,111,8.838457111860908,passed,57,5.033173603178387
4999,130.46219423556082,6.6005864515127675,passed,204,9.72952579362989,passed,178,6.4747439628554115
5000,183.08671045367447,7.535270301706053,passed,130,9.831976410819276,passed,114,5.190074479274287
