Time,NetPnl,Balance,SourceCandidate
2013-01-02 07:00:00,0.5672413372387529,2500.5672413372386,cand_003 (USDJPY)
2013-01-02 08:00:00,0.6347180141800342,2501.2019593514187,cand_007 (EURJPY)
2013-01-03 07:00:01,0.5672413372387529,2501.7692006886577,cand_003 (USDJPY)
2013-01-04 07:00:00,0.5672413372387529,2502.3364420258963,cand_003 (USDJPY)
2013-01-04 09:32:40,0.0,2502.3364420258963,cand_003 (USDJPY)
2013-01-04 13:00:00,18.8324123963266,2521.168854422223,cand_003 (USDJPY)
2013-01-07 07:00:00,0.5672413372387529,2521.7360957594615,cand_003 (USDJPY)
2013-01-07 08:28:40,0.0,2521.7360957594615,cand_007 (EURJPY)
2013-01-07 15:00:00,-0.07299257163070393,2521.663103187831,cand_007 (EURJPY)
2013-01-08 08:00:00,0.6347180141800342,2522.297821202011,cand_007 (EURJPY)
2013-01-09 07:00:00,0.5672413372387529,2522.8650625392497,cand_003 (USDJPY)
2013-01-09 08:00:00,0.6347180141800342,2523.49978055343,cand_007 (EURJPY)
2013-01-10 07:00:00,0.5672413372387529,2524.0670218906685,cand_003 (USDJPY)
2013-01-11 07:00:00,0.5672413372387529,2524.6342632279075,cand_003 (USDJPY)
2013-01-11 08:00:00,0.6347180141800342,2525.268981242087,cand_007 (EURJPY)
2013-01-14 07:00:00,0.5672413372387529,2525.836222579326,cand_003 (USDJPY)
2013-01-14 08:00:00,0.6347180141800342,2526.470940593506,cand_007 (EURJPY)
2013-01-15 08:00:00,0.6347180141800342,2527.105658607686,cand_007 (EURJPY)
2013-01-17 08:00:00,0.6347180141800342,2527.7403766218663,cand_007 (EURJPY)
2013-01-18 07:00:00,0.5672413372387529,2528.307617959105,cand_003 (USDJPY)
2013-01-18 08:00:00,0.6347180141800342,2528.942335973285,cand_007 (EURJPY)
2013-01-23 08:07:40,0.0,2528.942335973285,cand_003 (USDJPY)
2013-01-23 08:08:40,0.0,2528.942335973285,cand_007 (EURJPY)
2013-01-23 11:42:40,-39.063720182710206,2489.8786157905747,cand_007 (EURJPY)
2013-01-23 13:00:00,-5.522094418019259,2484.3565213725556,cand_003 (USDJPY)
2013-01-24 07:00:00,0.5672413372387529,2484.923762709794,cand_003 (USDJPY)
2013-01-24 07:35:40,0.0,2484.923762709794,cand_003 (USDJPY)
2013-01-24 13:00:00,7.283378770145587,2492.2071414799398,cand_003 (USDJPY)
2013-01-25 07:00:00,0.5672413372387529,2492.774382817179,cand_003 (USDJPY)
2013-01-28 07:00:00,0.5672413372387529,2493.3416241544173,cand_003 (USDJPY)
2013-01-29 07:00:00,0.5672413372387529,2493.908865491656,cand_003 (USDJPY)
2013-01-30 07:00:00,0.5672413372387529,2494.476106828895,cand_003 (USDJPY)
2013-02-01 07:00:00,0.5672413372387529,2495.0433481661335,cand_003 (USDJPY)
2013-02-01 08:00:00,0.6347180141800342,2495.6780661803136,cand_007 (EURJPY)
2013-02-04 07:00:00,0.5672413372387529,2496.245307517552,cand_003 (USDJPY)
2013-02-04 08:00:00,0.6347180141800342,2496.8800255317324,cand_007 (EURJPY)
2013-02-05 07:00:00,0.5672413372387529,2497.447266868971,cand_003 (USDJPY)
2013-02-05 08:48:40,0.0,2497.447266868971,cand_007 (EURJPY)
2013-02-05 10:28:40,-35.52834084372741,2461.9189260252438,cand_007 (EURJPY)
2013-02-06 07:00:00,0.5672413372387529,2462.4861673624823,cand_003 (USDJPY)
2013-02-06 07:39:40,0.0,2462.4861673624823,cand_003 (USDJPY)
2013-02-06 13:00:00,-21.07301567841967,2441.413151684063,cand_003 (USDJPY)
2013-02-07 07:00:00,0.5672413372387529,2441.9803930213016,cand_003 (USDJPY)
2013-02-08 07:00:00,0.5672413372387529,2442.5476343585406,cand_003 (USDJPY)
2013-02-12 07:00:00,0.5672413372387529,2443.114875695779,cand_003 (USDJPY)
2013-02-14 07:00:00,0.5672413372387529,2443.6821170330177,cand_003 (USDJPY)
2013-02-18 07:00:00,0.5672413372387529,2444.2493583702567,cand_003 (USDJPY)
2013-02-19 09:30:40,0.0,2444.2493583702567,cand_003 (USDJPY)
2013-02-19 13:00:00,-6.063809895082269,2438.1855484751745,cand_003 (USDJPY)
2013-03-01 07:00:00,0.5672413372387529,2438.752789812413,cand_003 (USDJPY)
2013-03-01 08:00:00,0.6347180141800342,2439.3875078265933,cand_007 (EURJPY)
2013-03-04 07:00:00,0.5672413372387529,2439.954749163832,cand_003 (USDJPY)
2013-03-04 08:00:00,0.6347180141800342,2440.589467178012,cand_007 (EURJPY)
2013-03-05 07:32:40,0.0,2440.589467178012,cand_003 (USDJPY)
2013-03-05 13:00:00,-15.400602306032141,2425.1888648719796,cand_003 (USDJPY)
2013-03-07 07:00:00,0.5672413372387529,2425.7561062092186,cand_003 (USDJPY)
2013-03-08 07:00:00,0.5672413372387529,2426.323347546457,cand_003 (USDJPY)
2013-03-08 08:00:00,0.6347180141800342,2426.9580655606374,cand_007 (EURJPY)
2013-03-11 07:00:00,0.5672413372387529,2427.525306897876,cand_003 (USDJPY)
2013-03-11 08:00:00,0.6347180141800342,2428.160024912056,cand_007 (EURJPY)
2013-03-12 07:00:00,0.5672413372387529,2428.7272662492946,cand_003 (USDJPY)
2013-03-15 07:00:00,0.5672413372387529,2429.2945075865337,cand_003 (USDJPY)
2013-03-15 08:00:00,0.6347180141800342,2429.929225600714,cand_007 (EURJPY)
2013-03-18 08:22:40,0.0,2429.929225600714,cand_007 (EURJPY)
2013-03-18 10:51:40,-30.939329601205763,2398.989895999508,cand_007 (EURJPY)
2013-03-19 07:00:00,0.5672413372387529,2399.5571373367466,cand_003 (USDJPY)
2013-03-21 07:00:00,0.5672413372387529,2400.1243786739856,cand_003 (USDJPY)
2013-03-22 08:28:40,0.0,2400.1243786739856,cand_003 (USDJPY)
2013-03-22 13:00:00,16.396110852886153,2416.5204895268716,cand_003 (USDJPY)
2013-03-27 07:00:00,0.5672413372387529,2417.08773086411,cand_003 (USDJPY)
2013-04-03 07:00:00,0.5672413372387529,2417.654972201349,cand_003 (USDJPY)
2013-04-04 08:00:00,0.6347180141800342,2418.289690215529,cand_007 (EURJPY)
2013-04-04 08:17:40,0.0,2418.289690215529,cand_007 (EURJPY)
2013-04-04 15:00:00,92.39907491425846,2510.6887651297875,cand_007 (EURJPY)
2013-04-05 07:00:00,0.5672413372387529,2511.2560064670265,cand_003 (USDJPY)
2013-04-05 08:00:00,0.6347180141800342,2511.8907244812062,cand_007 (EURJPY)
2013-04-08 07:00:00,0.5672413372387529,2512.4579658184452,cand_003 (USDJPY)
2013-04-08 08:00:00,0.6347180141800342,2513.092683832625,cand_007 (EURJPY)
2013-04-09 07:00:00,0.5672413372387529,2513.659925169864,cand_003 (USDJPY)
2013-04-09 08:00:00,0.6347180141800342,2514.2946431840437,cand_007 (EURJPY)
2013-04-10 07:00:00,0.5672413372387529,2514.8618845212827,cand_003 (USDJPY)
2013-04-11 07:00:00,0.5672413372387529,2515.4291258585213,cand_003 (USDJPY)
2013-04-11 08:00:00,0.6347180141800342,2516.0638438727015,cand_007 (EURJPY)
2013-04-12 08:00:00,0.6347180141800342,2516.6985618868816,cand_007 (EURJPY)
2013-04-17 07:00:00,0.5672413372387529,2517.26580322412,cand_003 (USDJPY)
2013-04-17 08:00:00,0.6347180141800342,2517.9005212383004,cand_007 (EURJPY)
2013-04-17 08:36:40,0.0,2517.9005212383004,cand_003 (USDJPY)
2013-04-17 13:00:00,-21.455903581055832,2496.4446176572446,cand_003 (USDJPY)
2013-04-19 08:00:00,0.6347180141800342,2497.0793356714244,cand_007 (EURJPY)
2013-04-25 08:00:00,0.6347180141800342,2497.7140536856045,cand_007 (EURJPY)
2013-04-26 08:21:40,0.0,2497.7140536856045,cand_007 (EURJPY)
2013-04-26 15:00:00,8.486179849587057,2506.2002335351917,cand_007 (EURJPY)
2013-05-07 07:00:00,0.5672413372387529,2506.7674748724303,cand_003 (USDJPY)
2013-05-07 08:00:00,0.6347180141800342,2507.4021928866105,cand_007 (EURJPY)
2013-05-08 07:00:00,0.5672413372387529,2507.969434223849,cand_003 (USDJPY)
2013-05-10 07:00:00,0.5672413372387529,2508.536675561088,cand_003 (USDJPY)
2013-05-10 08:00:00,0.6347180141800342,2509.1713935752678,cand_007 (EURJPY)
2013-05-13 07:00:00,0.5672413372387529,2509.7386349125068,cand_003 (USDJPY)
2013-05-14 07:00:00,0.5672413372387529,2510.3058762497453,cand_003 (USDJPY)
2013-05-15 07:00:00,0.5672413372387529,2510.8731175869843,cand_003 (USDJPY)
2013-05-15 09:57:40,0.0,2510.8731175869843,cand_003 (USDJPY)
2013-05-15 13:00:00,-4.373430710110785,2506.4996868768735,cand_003 (USDJPY)
2013-05-16 07:00:00,0.5672413372387529,2507.066928214112,cand_003 (USDJPY)
2013-05-16 08:54:40,0.0,2507.066928214112,cand_003 (USDJPY)
2013-05-16 13:00:00,8.571016605677556,2515.6379448197895,cand_003 (USDJPY)
2013-05-17 07:00:00,0.5672413372387529,2516.2051861570285,cand_003 (USDJPY)
2013-05-17 09:12:40,0.0,2516.2051861570285,cand_003 (USDJPY)
2013-05-17 13:00:00,-6.480732277952752,2509.7244538790756,cand_003 (USDJPY)
2013-05-20 07:00:00,0.5672413372387529,2510.2916952163146,cand_003 (USDJPY)
2013-05-21 07:00:00,0.5672413372387529,2510.858936553553,cand_003 (USDJPY)
2013-05-21 08:00:00,0.6347180141800342,2511.4936545677333,cand_007 (EURJPY)
2013-05-23 07:19:40,0.0,2511.4936545677333,cand_003 (USDJPY)
2013-05-23 08:24:40,0.0,2511.4936545677333,cand_007 (EURJPY)
2013-05-23 13:00:00,78.84370966950047,2590.3373642372335,cand_003 (USDJPY)
2013-05-23 15:00:00,36.52484812599007,2626.862212363224,cand_007 (EURJPY)
2013-05-24 07:18:40,0.0,2626.862212363224,cand_003 (USDJPY)
2013-05-24 11:29:40,-32.64757516477643,2594.2146371984472,cand_003 (USDJPY)
2013-05-28 07:00:00,0.5672413372387529,2594.7818785356862,cand_003 (USDJPY)
2013-05-28 08:00:00,0.6347180141800342,2595.416596549866,cand_007 (EURJPY)
2013-05-29 07:00:00,0.5672413372387529,2595.983837887105,cand_003 (USDJPY)
2013-05-29 08:00:00,0.6347180141800342,2596.618555901285,cand_007 (EURJPY)
2013-05-31 08:00:00,0.6347180141800342,2597.253273915465,cand_007 (EURJPY)
2013-06-03 09:33:40,0.0,2597.253273915465,cand_003 (USDJPY)
2013-06-03 13:00:00,-2.9411463335829335,2594.312127581882,cand_003 (USDJPY)
2013-06-05 07:13:40,0.0,2594.312127581882,cand_003 (USDJPY)
2013-06-05 08:13:40,0.0,2594.312127581882,cand_007 (EURJPY)
2013-06-05 13:00:00,8.426370064681675,2602.7384976465637,cand_003 (USDJPY)
2013-06-05 15:00:00,19.774639731778965,2622.513137378343,cand_007 (EURJPY)
2013-06-07 07:15:40,0.0,2622.513137378343,cand_003 (USDJPY)
2013-06-07 07:52:40,-30.08364432045726,2592.4294930578853,cand_003 (USDJPY)
2013-06-10 08:00:00,0.6347180141800342,2593.0642110720655,cand_007 (EURJPY)
2013-06-11 08:00:00,0.6347180141800342,2593.6989290862457,cand_007 (EURJPY)
2013-06-13 08:22:40,0.0,2593.6989290862457,cand_007 (EURJPY)
2013-06-13 15:00:00,50.33631211454761,2644.0352412007933,cand_007 (EURJPY)
2013-06-14 08:00:00,0.6347180141800342,2644.669959214973,cand_007 (EURJPY)
2013-06-18 08:00:00,0.6347180141800342,2645.304677229153,cand_007 (EURJPY)
2013-06-19 08:00:00,0.6347180141800342,2645.9393952433334,cand_007 (EURJPY)
2013-06-20 08:00:00,0.6347180141800342,2646.574113257513,cand_007 (EURJPY)
2013-06-21 08:00:00,0.6347180141800342,2647.2088312716933,cand_007 (EURJPY)
2013-06-21 08:06:40,0.0,2647.2088312716933,cand_007 (EURJPY)
2013-06-21 12:40:40,-44.82061257132311,2602.38821870037,cand_007 (EURJPY)
2013-06-24 08:00:00,0.6347180141800342,2603.0229367145503,cand_007 (EURJPY)
2013-06-26 08:35:40,0.0,2603.0229367145503,cand_007 (EURJPY)
2013-06-26 15:00:00,8.17199443256794,2611.194931147118,cand_007 (EURJPY)
2013-06-28 08:00:00,0.6347180141800342,2611.829649161298,cand_007 (EURJPY)
2013-07-01 07:00:00,0.5672413372387529,2612.396890498537,cand_003 (USDJPY)
2013-07-03 07:00:00,0.5672413372387529,2612.964131835776,cand_003 (USDJPY)
2013-07-03 08:00:00,0.6347180141800342,2613.598849849956,cand_007 (EURJPY)
2013-07-04 09:44:40,0.0,2613.598849849956,cand_003 (USDJPY)
2013-07-04 13:00:00,-6.089335755258012,2607.509514094698,cand_003 (USDJPY)
2013-07-05 07:00:00,0.5672413372387529,2608.0767554319364,cand_003 (USDJPY)
2013-07-08 07:00:00,0.5672413372387529,2608.6439967691754,cand_003 (USDJPY)
2013-07-08 08:00:00,0.6347180141800342,2609.278714783355,cand_007 (EURJPY)
2013-07-09 07:00:00,0.5672413372387529,2609.845956120594,cand_003 (USDJPY)
2013-07-10 07:54:40,0.0,2609.845956120594,cand_003 (USDJPY)
2013-07-10 08:07:40,0.0,2609.845956120594,cand_007 (EURJPY)
2013-07-10 11:13:40,48.18147918505967,2658.027435305654,cand_003 (USDJPY)
2013-07-10 11:13:40,28.348453069843917,2686.3758883754977,cand_003 (USDJPY)
2013-07-10 15:00:00,-1.9009804524692024,2684.4749079230282,cand_007 (EURJPY)
2013-07-11 08:00:00,0.6347180141800342,2685.1096259372084,cand_007 (EURJPY)
2013-07-12 08:00:00,0.6347180141800342,2685.7443439513886,cand_007 (EURJPY)
2013-07-16 07:00:00,0.5672413372387529,2686.311585288627,cand_003 (USDJPY)
2013-07-17 08:00:00,0.6347180141800342,2686.9463033028073,cand_007 (EURJPY)
2013-07-18 07:00:00,0.5672413372387529,2687.513544640046,cand_003 (USDJPY)
2013-07-18 07:40:40,0.0,2687.513544640046,cand_003 (USDJPY)
2013-07-18 08:00:00,0.6347180141800342,2688.148262654226,cand_007 (EURJPY)
2013-07-18 13:00:00,-5.042775488052514,2683.1054871661736,cand_003 (USDJPY)
2013-07-19 08:00:00,0.6347180141800342,2683.7402051803538,cand_007 (EURJPY)
2013-07-22 08:00:00,0.6347180141800342,2684.3749231945335,cand_007 (EURJPY)
2013-07-24 07:00:00,0.5672413372387529,2684.9421645317725,cand_003 (USDJPY)
2013-07-24 09:20:40,0.0,2684.9421645317725,cand_003 (USDJPY)
2013-07-24 13:00:00,9.801930307485652,2694.744094839258,cand_003 (USDJPY)
2013-07-25 07:00:00,0.5672413372387529,2695.3113361764968,cand_003 (USDJPY)
2013-07-25 08:00:00,0.6347180141800342,2695.946054190677,cand_007 (EURJPY)
2013-07-30 07:00:00,0.5672413372387529,2696.5132955279155,cand_003 (USDJPY)
2013-07-30 08:00:00,0.6347180141800342,2697.1480135420957,cand_007 (EURJPY)
2013-08-01 07:00:00,0.5672413372387529,2697.715254879334,cand_003 (USDJPY)
2013-08-01 08:00:00,0.6347180141800342,2698.3499728935144,cand_007 (EURJPY)
2013-08-01 08:59:40,0.0,2698.3499728935144,cand_007 (EURJPY)
2013-08-01 09:02:40,0.0,2698.3499728935144,cand_003 (USDJPY)
2013-08-01 13:00:00,12.757257674499552,2711.107230568014,cand_003 (USDJPY)
2013-08-01 15:00:00,-0.7711823872287416,2710.3360481807854,cand_007 (EURJPY)
2013-08-02 07:00:00,0.5672413372387529,2710.903289518024,cand_003 (USDJPY)
2013-08-05 08:52:40,0.0,2710.903289518024,cand_007 (EURJPY)
2013-08-05 08:54:40,0.0,2710.903289518024,cand_003 (USDJPY)
2013-08-05 13:00:00,11.069714696214264,2721.9730042142382,cand_003 (USDJPY)
2013-08-05 15:00:00,20.61246751049661,2742.585471724735,cand_007 (EURJPY)
2013-08-07 09:55:40,0.0,2742.585471724735,cand_003 (USDJPY)
2013-08-07 13:00:00,-5.201603062479364,2737.3838686622557,cand_003 (USDJPY)
2013-08-08 08:37:40,0.0,2737.3838686622557,cand_007 (EURJPY)
2013-08-08 08:42:40,0.0,2737.3838686622557,cand_003 (USDJPY)
2013-08-08 13:00:00,-4.302525542955941,2733.0813431192996,cand_003 (USDJPY)
2013-08-08 15:00:00,-9.158980944617893,2723.922362174682,cand_007 (EURJPY)
2013-08-12 07:00:00,0.5672413372387529,2724.4896035119204,cand_003 (USDJPY)
2013-08-13 07:00:00,0.5672413372387529,2725.056844849159,cand_003 (USDJPY)
2013-08-13 08:00:00,0.6347180141800342,2725.691562863339,cand_007 (EURJPY)
2013-08-13 08:10:40,0.0,2725.691562863339,cand_007 (EURJPY)
2013-08-13 08:21:40,0.0,2725.691562863339,cand_003 (USDJPY)
2013-08-13 13:00:00,20.622058815314862,2746.3136216786543,cand_003 (USDJPY)
2013-08-13 15:00:00,33.3417372848772,2779.6553589635314,cand_007 (EURJPY)
2013-08-14 07:00:00,0.5672413372387529,2780.22260030077,cand_003 (USDJPY)
2013-08-14 08:00:00,0.6347180141800342,2780.85731831495,cand_007 (EURJPY)
2013-08-14 08:33:40,0.0,2780.85731831495,cand_007 (EURJPY)
2013-08-14 08:42:40,0.0,2780.85731831495,cand_003 (USDJPY)
2013-08-14 13:00:00,-12.357352531746232,2768.4999657832036,cand_003 (USDJPY)
2013-08-14 15:00:00,-14.979345134648806,2753.520620648555,cand_007 (EURJPY)
2013-08-16 08:00:00,0.6347180141800342,2754.155338662735,cand_007 (EURJPY)
2013-08-20 08:13:40,0.0,2754.155338662735,cand_003 (USDJPY)
2013-08-20 13:00:00,-4.018904874336564,2750.1364337883983,cand_003 (USDJPY)
2013-08-21 08:00:00,0.6347180141800342,2750.7711518025785,cand_007 (EURJPY)
2013-08-21 08:24:40,0.0,2750.7711518025785,cand_007 (EURJPY)
2013-08-21 11:01:40,-38.30840574583596,2712.4627460567426,cand_007 (EURJPY)
2013-08-22 07:00:00,0.5672413372387529,2713.029987393981,cand_003 (USDJPY)
2013-08-22 08:00:00,0.6347180141800342,2713.6647054081614,cand_007 (EURJPY)
2013-08-23 07:00:00,0.5672413372387529,2714.2319467454,cand_003 (USDJPY)
2013-08-23 08:00:00,0.6347180141800342,2714.86666475958,cand_007 (EURJPY)
2013-08-26 07:00:00,0.5672413372387529,2715.4339060968186,cand_003 (USDJPY)
2013-08-30 07:00:00,0.5672413372387529,2716.0011474340577,cand_003 (USDJPY)
2013-09-02 07:00:00,0.5672413372387529,2716.568388771296,cand_003 (USDJPY)
2013-09-02 08:00:00,0.6347180141800342,2717.2031067854764,cand_007 (EURJPY)
2013-09-02 09:42:20,0.0,2717.2031067854764,cand_003 (USDJPY)
2013-09-02 13:00:00,28.33370479507571,2745.5368115805522,cand_003 (USDJPY)
2013-09-03 07:00:00,0.5672413372387529,2746.104052917791,cand_003 (USDJPY)
2013-09-03 08:00:00,0.6347180141800342,2746.738770931971,cand_007 (EURJPY)
2013-09-04 07:00:00,0.5672413372387529,2747.3060122692095,cand_003 (USDJPY)
2013-09-04 09:03:40,0.0,2747.3060122692095,cand_003 (USDJPY)
2013-09-04 13:00:00,-15.386421272601172,2731.9195909966083,cand_003 (USDJPY)
2013-09-06 07:00:00,0.5672413372387529,2732.4868323338474,cand_003 (USDJPY)
2013-09-09 07:00:00,0.5672413372387529,2733.054073671086,cand_003 (USDJPY)
2013-09-09 08:00:00,0.6347180141800342,2733.688791685266,cand_007 (EURJPY)
2013-09-11 07:00:00,0.5672413372387529,2734.2560330225047,cand_003 (USDJPY)
2013-09-11 08:00:00,0.6347180141800342,2734.890751036685,cand_007 (EURJPY)
2013-09-12 09:12:40,0.0,2734.890751036685,cand_003 (USDJPY)
2013-09-12 13:00:00,-6.849439147157941,2728.0413118895267,cand_003 (USDJPY)
2013-09-17 07:00:00,0.5672413372387529,2728.6085532267657,cand_003 (USDJPY)
2013-09-19 08:00:00,0.6347180141800342,2729.243271240946,cand_007 (EURJPY)
2013-09-20 07:00:00,0.5672413372387529,2729.8105125781844,cand_003 (USDJPY)
2013-09-20 08:00:00,0.6347180141800342,2730.4452305923646,cand_007 (EURJPY)
2013-09-23 09:12:40,0.0,2730.4452305923646,cand_003 (USDJPY)
2013-09-23 13:00:00,-1.5485688506617954,2728.8966617417027,cand_003 (USDJPY)
2013-09-26 07:00:00,0.5672413372387529,2729.4639030789413,cand_003 (USDJPY)
2013-09-26 08:00:00,0.6347180141800342,2730.0986210931214,cand_007 (EURJPY)
2013-09-27 09:01:40,0.0,2730.0986210931214,cand_003 (USDJPY)
2013-09-27 13:00:00,-3.911129020261201,2726.18749207286,cand_003 (USDJPY)
2013-10-01 07:45:40,0.0,2726.18749207286,cand_003 (USDJPY)
2013-10-01 08:00:00,0.6347180141800342,2726.8222100870403,cand_007 (EURJPY)
2013-10-01 13:00:00,10.085550976105027,2736.9077610631452,cand_003 (USDJPY)
2013-10-02 09:54:40,0.0,2736.9077610631452,cand_003 (USDJPY)
2013-10-02 13:00:00,3.664379038562344,2740.5721401017076,cand_003 (USDJPY)
2013-10-03 08:00:00,0.6347180141800342,2741.206858115888,cand_007 (EURJPY)
2013-10-09 07:00:00,0.5672413372387529,2741.7740994531264,cand_003 (USDJPY)
2013-10-09 08:00:00,0.6347180141800342,2742.4088174673066,cand_007 (EURJPY)
2013-10-10 07:00:00,0.5672413372387529,2742.976058804545,cand_003 (USDJPY)
2013-10-11 07:00:00,0.5672413372387529,2743.543300141784,cand_003 (USDJPY)
2013-10-11 08:00:00,0.6347180141800342,2744.178018155964,cand_007 (EURJPY)
2013-10-15 07:00:00,0.5672413372387529,2744.745259493203,cand_003 (USDJPY)
2013-10-16 07:00:00,0.5672413372387529,2745.3125008304414,cand_003 (USDJPY)
2013-10-17 07:00:00,0.5672413372387529,2745.8797421676804,cand_003 (USDJPY)
2013-10-23 07:06:40,0.0,2745.8797421676804,cand_003 (USDJPY)
2013-10-23 13:00:00,4.954853080780507,2750.834595248461,cand_003 (USDJPY)
2013-10-28 07:00:00,0.5672413372387529,2751.4018365856996,cand_003 (USDJPY)
2013-11-06 07:00:00,0.5672413372387529,2751.969077922938,cand_003 (USDJPY)
2013-11-06 08:00:00,0.6347180141800342,2752.6037959371183,cand_007 (EURJPY)
2013-11-11 07:00:00,0.5672413372387529,2753.1710372743573,cand_003 (USDJPY)
2013-11-12 07:00:00,0.5672413372387529,2753.738278611596,cand_003 (USDJPY)
2013-11-12 08:00:00,0.6347180141800342,2754.372996625776,cand_007 (EURJPY)
2013-11-12 09:18:00,0.0,2754.372996625776,cand_003 (USDJPY)
2013-11-12 13:00:00,1.420939549783076,2755.793936175559,cand_003 (USDJPY)
2013-11-14 07:00:00,0.5672413372387529,2756.361177512798,cand_003 (USDJPY)
2013-11-14 08:00:00,0.6347180141800342,2756.9958955269776,cand_007 (EURJPY)
2013-11-15 07:00:00,0.5672413372387529,2757.5631368642166,cand_003 (USDJPY)
2013-11-18 07:00:00,0.5672413372387529,2758.130378201455,cand_003 (USDJPY)
2013-11-20 07:00:00,0.5672413372387529,2758.6976195386937,cand_003 (USDJPY)
2013-11-21 07:00:00,0.5672413372387529,2759.2648608759328,cand_003 (USDJPY)
2013-11-21 08:03:40,0.0,2759.2648608759328,cand_003 (USDJPY)
2013-11-21 13:00:00,14.334188592023287,2773.599049467956,cand_003 (USDJPY)
2013-11-22 07:00:00,0.5672413372387529,2774.166290805195,cand_003 (USDJPY)
2013-11-25 07:00:00,0.5672413372387529,2774.7335321424334,cand_003 (USDJPY)
2013-11-25 08:00:00,0.6347180141800342,2775.3682501566136,cand_007 (EURJPY)
2013-11-26 07:00:00,0.5672413372387529,2775.935491493852,cand_003 (USDJPY)
2013-11-27 07:00:00,0.5672413372387529,2776.5027328310907,cand_003 (USDJPY)
2013-11-27 08:00:00,0.6347180141800342,2777.137450845271,cand_007 (EURJPY)
2013-11-27 09:33:40,0.0,2777.137450845271,cand_003 (USDJPY)
2013-11-27 13:00:00,4.013232460964177,2781.150683306235,cand_003 (USDJPY)
2013-11-28 07:00:00,0.5672413372387529,2781.717924643474,cand_003 (USDJPY)
2013-11-28 08:00:00,0.6347180141800342,2782.3526426576536,cand_007 (EURJPY)
2013-11-29 07:00:00,0.5672413372387529,2782.9198839948926,cand_003 (USDJPY)
2013-11-29 08:00:00,0.6347180141800342,2783.5546020090724,cand_007 (EURJPY)
2013-12-02 07:00:00,0.5672413372387529,2784.1218433463114,cand_003 (USDJPY)
2013-12-02 08:00:00,0.6347180141800342,2784.756561360491,cand_007 (EURJPY)
2013-12-03 07:00:00,0.5672413372387529,2785.32380269773,cand_003 (USDJPY)
2013-12-03 08:00:00,0.6347180141800342,2785.95852071191,cand_007 (EURJPY)
2013-12-05 07:33:40,0.0,2785.95852071191,cand_003 (USDJPY)
2013-12-05 13:00:00,-0.1673361944854321,2785.7911845174244,cand_003 (USDJPY)
2013-12-06 08:00:00,0.6347180141800342,2786.4259025316046,cand_007 (EURJPY)
2013-12-09 07:00:00,0.5672413372387529,2786.993143868843,cand_003 (USDJPY)
2013-12-11 08:00:00,0.6347180141800342,2787.6278618830233,cand_007 (EURJPY)
2013-12-11 09:45:40,0.0,2787.6278618830233,cand_003 (USDJPY)
2013-12-11 13:00:00,-6.194275402647182,2781.433586480376,cand_003 (USDJPY)
2013-12-13 07:00:00,0.5672413372387529,2782.0008278176147,cand_003 (USDJPY)
2013-12-13 08:00:00,0.6347180141800342,2782.635545831795,cand_007 (EURJPY)
2013-12-18 07:00:00,0.5672413372387529,2783.2027871690334,cand_003 (USDJPY)
2013-12-18 08:00:00,0.6347180141800342,2783.8375051832136,cand_007 (EURJPY)
2013-12-19 07:00:00,0.5672413372387529,2784.404746520452,cand_003 (USDJPY)
2013-12-19 08:00:00,0.6347180141800342,2785.0394645346323,cand_007 (EURJPY)
2013-12-20 07:00:00,0.5672413372387529,2785.606705871871,cand_003 (USDJPY)
2013-12-20 08:00:40,0.0,2785.606705871871,cand_003 (USDJPY)
2013-12-20 13:00:00,-9.016301055409977,2776.590404816461,cand_003 (USDJPY)
2013-12-24 07:00:00,0.5672413372387529,2777.1576461536997,cand_003 (USDJPY)
2013-12-26 07:00:00,0.5672413372387529,2777.7248874909383,cand_003 (USDJPY)
2013-12-27 07:00:00,0.5672413372387529,2778.2921288281773,cand_003 (USDJPY)
2013-12-27 08:00:00,0.6347180141800342,2778.926846842357,cand_007 (EURJPY)
2013-12-27 08:42:40,0.0,2778.926846842357,cand_007 (EURJPY)
2013-12-27 13:41:40,89.1588394518694,2868.0856862942264,cand_007 (EURJPY)
2013-12-27 13:41:40,46.228734485781516,2914.3144207800083,cand_007 (EURJPY)
2014-01-07 08:00:00,0.6347180141800342,2914.949138794188,cand_007 (EURJPY)
2014-01-08 07:00:00,0.5672413372387529,2915.516380131427,cand_003 (USDJPY)
2014-01-08 08:00:00,0.6347180141800342,2916.1510981456067,cand_007 (EURJPY)
2014-01-08 09:18:20,0.0,2916.1510981456067,cand_003 (USDJPY)
2014-01-08 13:00:00,-17.48805042707075,2898.6630477185363,cand_003 (USDJPY)
2014-01-15 07:00:00,0.5672413372387529,2899.230289055775,cand_003 (USDJPY)
2014-01-16 07:00:00,0.5672413372387529,2899.7975303930134,cand_003 (USDJPY)
2014-01-16 08:00:00,0.6347180141800342,2900.4322484071936,cand_007 (EURJPY)
2014-01-21 07:00:00,0.5672413372387529,2900.999489744432,cand_003 (USDJPY)
2014-01-21 08:00:00,0.6347180141800342,2901.6342077586123,cand_007 (EURJPY)
2014-01-22 08:00:00,0.6347180141800342,2902.2689257727925,cand_007 (EURJPY)
2014-01-29 07:00:00,0.5672413372387529,2902.836167110031,cand_003 (USDJPY)
2014-02-04 08:05:40,0.0,2902.836167110031,cand_007 (EURJPY)
2014-02-04 08:07:40,0.0,2902.836167110031,cand_003 (USDJPY)
2014-02-04 10:56:40,-30.940178739687777,2871.8959883703433,cand_003 (USDJPY)
2014-02-04 10:56:40,-39.0732409529229,2832.8227474174205,cand_007 (EURJPY)
2014-03-04 07:00:00,0.5672413372387529,2833.389988754659,cand_003 (USDJPY)
2014-03-04 08:05:40,0.0,2833.389988754659,cand_003 (USDJPY)
2014-03-04 13:00:00,0.5558965104939778,2833.9458852651533,cand_003 (USDJPY)
2014-03-06 07:00:00,0.5672413372387529,2834.513126602392,cand_003 (USDJPY)
2014-03-06 08:00:00,0.6347180141800342,2835.147844616572,cand_007 (EURJPY)
2014-03-07 07:00:00,0.5672413372387529,2835.7150859538106,cand_003 (USDJPY)
2014-03-10 07:00:00,0.5672413372387529,2836.282327291049,cand_003 (USDJPY)
2014-03-13 08:00:00,0.6347180141800342,2836.9170453052293,cand_007 (EURJPY)
2014-03-20 07:00:00,0.5672413372387529,2837.484286642468,cand_003 (USDJPY)
2014-03-24 07:00:00,0.5672413372387529,2838.051527979707,cand_003 (USDJPY)
2014-03-24 08:00:00,0.6347180141800342,2838.6862459938866,cand_007 (EURJPY)
2014-04-01 07:00:00,0.5672413372387529,2839.2534873311256,cand_003 (USDJPY)
2014-04-02 07:00:00,0.5672413372387529,2839.820728668364,cand_003 (USDJPY)
2014-04-03 07:00:00,0.5672413372387529,2840.387970005603,cand_003 (USDJPY)
2014-04-10 07:51:40,0.0,2840.387970005603,cand_003 (USDJPY)
2014-04-10 13:00:00,8.999283815292815,2849.3872538208957,cand_003 (USDJPY)
2014-04-11 08:00:00,0.6347180141800342,2850.021971835076,cand_007 (EURJPY)
2014-04-16 07:00:00,0.5672413372387529,2850.5892131723144,cand_003 (USDJPY)
2014-04-18 07:00:00,0.5672413372387529,2851.1564545095534,cand_003 (USDJPY)
2014-04-21 07:00:00,0.5672413372387529,2851.723695846792,cand_003 (USDJPY)
2014-05-12 07:00:00,0.5672413372387529,2852.2909371840306,cand_003 (USDJPY)
2014-05-21 09:35:40,0.0,2852.2909371840306,cand_003 (USDJPY)
2014-05-21 13:00:00,1.2933102489043566,2853.584247432935,cand_003 (USDJPY)
2014-05-22 07:00:00,0.5672413372387529,2854.1514887701737,cand_003 (USDJPY)
2014-05-22 08:00:00,0.6347180141800342,2854.786206784354,cand_007 (EURJPY)
2014-06-02 07:00:00,0.5672413372387529,2855.3534481215925,cand_003 (USDJPY)
2014-06-04 07:00:00,0.5672413372387529,2855.9206894588315,cand_003 (USDJPY)
2014-06-13 08:00:00,0.6347180141800342,2856.555407473011,cand_007 (EURJPY)
2014-06-17 07:00:00,0.5672413372387529,2857.12264881025,cand_003 (USDJPY)
2014-08-20 07:00:00,0.5672413372387529,2857.6898901474888,cand_003 (USDJPY)
2014-08-21 07:00:01,0.5672413372387529,2858.2571314847273,cand_003 (USDJPY)
2014-09-02 07:00:00,0.5672413372387529,2858.8243728219663,cand_003 (USDJPY)
2014-09-05 07:00:00,0.5672413372387529,2859.391614159205,cand_003 (USDJPY)
2014-09-09 07:00:00,0.5672413372387529,2859.9588554964434,cand_003 (USDJPY)
2014-09-10 07:00:00,0.5672413372387529,2860.5260968336825,cand_003 (USDJPY)
2014-09-10 07:39:40,0.0,2860.5260968336825,cand_003 (USDJPY)
2014-09-10 13:00:00,7.819421833836209,2868.3455186675187,cand_003 (USDJPY)
2014-09-12 07:00:00,0.5672413372387529,2868.9127600047573,cand_003 (USDJPY)
2014-09-18 07:00:00,0.5672413372387529,2869.480001341996,cand_003 (USDJPY)
2014-09-18 08:00:00,0.6347180141800342,2870.114719356176,cand_007 (EURJPY)
2014-09-18 08:06:40,0.0,2870.114719356176,cand_003 (USDJPY)
2014-09-18 08:31:40,0.0,2870.114719356176,cand_007 (EURJPY)
2014-09-18 13:00:00,-7.830766660580984,2862.283952695595,cand_003 (USDJPY)
2014-09-18 15:00:00,4.258957875148029,2866.542910570743,cand_007 (EURJPY)
2014-09-19 07:00:00,0.5672413372387529,2867.1101519079816,cand_003 (USDJPY)
2014-09-19 08:00:00,0.6347180141800342,2867.744869922162,cand_007 (EURJPY)
2014-09-22 07:00:00,0.5672413372387529,2868.3121112594004,cand_003 (USDJPY)
2014-09-25 07:00:00,0.5672413372387529,2868.8793525966394,cand_003 (USDJPY)
2014-09-26 07:00:00,0.5672413372387529,2869.446593933878,cand_003 (USDJPY)
2014-09-29 07:00:00,0.5672413372387529,2870.0138352711165,cand_003 (USDJPY)
2014-09-29 08:05:40,0.0,2870.0138352711165,cand_003 (USDJPY)
2014-09-29 13:00:00,-4.8669306735085005,2865.146904597608,cand_003 (USDJPY)
2014-09-30 07:00:00,0.5672413372387529,2865.714145934847,cand_003 (USDJPY)
2014-10-01 07:00:00,0.5672413372387529,2866.281387272086,cand_003 (USDJPY)
2014-10-03 08:00:00,0.6347180141800342,2866.9161052862655,cand_007 (EURJPY)
2014-10-06 07:00:00,0.5672413372387529,2867.4833466235045,cand_003 (USDJPY)
2014-10-07 08:40:40,0.0,2867.4833466235045,cand_003 (USDJPY)
2014-10-07 13:00:00,-8.139913189376104,2859.343433434128,cand_003 (USDJPY)
2014-10-09 09:46:40,0.0,2859.343433434128,cand_003 (USDJPY)
2014-10-09 13:00:00,-9.725352726958418,2849.61808070717,cand_003 (USDJPY)
2014-10-16 08:00:00,0.6347180141800342,2850.25279872135,cand_007 (EURJPY)
2014-10-17 08:00:00,0.6347180141800342,2850.88751673553,cand_007 (EURJPY)
2014-10-20 07:00:00,0.5672413372387529,2851.4547580727685,cand_003 (USDJPY)
2014-10-20 08:00:00,0.6347180141800342,2852.0894760869487,cand_007 (EURJPY)
2014-10-21 07:32:40,0.0,2852.0894760869487,cand_003 (USDJPY)
2014-10-21 13:00:00,-23.625601695994057,2828.4638743909545,cand_003 (USDJPY)
2014-10-31 08:00:00,0.6347180141800342,2829.0985924051347,cand_007 (EURJPY)
2014-10-31 08:02:20,0.0,2829.0985924051347,cand_007 (EURJPY)
2014-10-31 15:00:00,85.08712339090448,2914.185715796039,cand_007 (EURJPY)
2014-11-03 07:00:00,0.5672413372387529,2914.752957133278,cand_003 (USDJPY)
2014-11-03 08:00:00,0.6347180141800342,2915.3876751474577,cand_007 (EURJPY)
2014-11-04 07:00:00,0.5672413372387529,2915.9549164846967,cand_003 (USDJPY)
2014-11-04 08:00:00,0.6347180141800342,2916.5896344988764,cand_007 (EURJPY)
2014-11-05 07:00:00,0.5672413372387529,2917.1568758361154,cand_003 (USDJPY)
2014-11-05 07:54:40,0.0,2917.1568758361154,cand_003 (USDJPY)
2014-11-05 08:00:00,0.6347180141800342,2917.791593850295,cand_007 (EURJPY)
2014-11-05 13:00:00,10.703844033695269,2928.4954378839907,cand_003 (USDJPY)
2014-11-06 07:00:00,0.5672413372387529,2929.0626792212292,cand_003 (USDJPY)
2014-11-06 08:00:00,0.6347180141800342,2929.6973972354094,cand_007 (EURJPY)
2014-11-07 07:00:00,0.5672413372387529,2930.264638572648,cand_003 (USDJPY)
2014-11-10 09:47:40,0.0,2930.264638572648,cand_003 (USDJPY)
2014-11-10 13:00:00,-6.962887414605692,2923.3017511580424,cand_003 (USDJPY)
2014-11-11 07:00:00,0.5672413372387529,2923.868992495281,cand_003 (USDJPY)
2014-11-11 08:00:00,0.6347180141800342,2924.503710509461,cand_007 (EURJPY)
2014-11-11 08:50:40,0.0,2924.503710509461,cand_007 (EURJPY)
2014-11-11 08:51:40,0.0,2924.503710509461,cand_003 (USDJPY)
2014-11-11 13:00:00,26.995015239192252,2951.498725748653,cand_003 (USDJPY)
2014-11-11 15:00:00,31.71368557850541,2983.212411327159,cand_007 (EURJPY)
2014-11-12 07:00:00,0.5672413372387529,2983.7796526643974,cand_003 (USDJPY)
2014-11-12 08:00:00,0.6347180141800342,2984.4143706785776,cand_007 (EURJPY)
2014-11-13 07:00:00,0.5672413372387529,2984.981612015816,cand_003 (USDJPY)
2014-11-13 08:00:00,0.6347180141800342,2985.6163300299963,cand_007 (EURJPY)
2014-11-14 07:00:00,0.5672413372387529,2986.183571367235,cand_003 (USDJPY)
2014-11-14 08:00:00,0.6347180141800342,2986.818289381415,cand_007 (EURJPY)
2014-11-14 09:05:40,0.0,2986.818289381415,cand_003 (USDJPY)
2014-11-14 13:00:00,1.023870613715949,2987.8421599951307,cand_003 (USDJPY)
2014-11-17 08:00:00,0.6347180141800342,2988.476878009311,cand_007 (EURJPY)
2014-11-18 07:00:00,0.5672413372387529,2989.0441193465495,cand_003 (USDJPY)
2014-11-19 07:00:00,0.5672413372387529,2989.6113606837885,cand_003 (USDJPY)
2014-11-19 08:00:00,0.6347180141800342,2990.246078697968,cand_007 (EURJPY)
2014-11-20 07:00:00,0.5672413372387529,2990.813320035207,cand_003 (USDJPY)
2014-11-20 07:22:40,0.0,2990.813320035207,cand_003 (USDJPY)
2014-11-20 08:00:00,0.6347180141800342,2991.448038049387,cand_007 (EURJPY)
2014-11-20 13:00:00,-18.991239970753448,2972.4567980786337,cand_003 (USDJPY)
2014-11-21 08:00:00,0.6347180141800342,2973.0915160928134,cand_007 (EURJPY)
2014-11-24 07:00:00,0.5672413372387529,2973.6587574300524,cand_003 (USDJPY)
2014-11-28 07:00:00,0.5672413372387529,2974.225998767291,cand_003 (USDJPY)
2014-12-01 07:00:00,0.5672413372387529,2974.79324010453,cand_003 (USDJPY)
2014-12-02 07:00:00,0.5672413372387529,2975.3604814417686,cand_003 (USDJPY)
2014-12-02 09:01:40,0.0,2975.3604814417686,cand_003 (USDJPY)
2014-12-02 13:00:00,9.97493891534347,2985.335420357112,cand_003 (USDJPY)
2014-12-03 07:00:00,0.5672413372387529,2985.9026616943506,cand_003 (USDJPY)
2014-12-05 07:00:00,0.5672413372387529,2986.4699030315896,cand_003 (USDJPY)
2014-12-08 07:00:00,0.5672413372387529,2987.037144368828,cand_003 (USDJPY)
2014-12-09 08:18:20,0.0,2987.037144368828,cand_003 (USDJPY)
2014-12-09 13:00:00,-1.0408878538331117,2985.996256514995,cand_003 (USDJPY)
2014-12-16 07:56:40,0.0,2985.996256514995,cand_003 (USDJPY)
2014-12-16 13:00:00,15.877085029312694,3001.8733415443076,cand_003 (USDJPY)
2014-12-18 07:00:00,0.5672413372387529,3002.4405828815466,cand_003 (USDJPY)
2014-12-19 07:00:00,0.5672413372387529,3003.007824218785,cand_003 (USDJPY)
2014-12-19 08:00:00,0.6347180141800342,3003.6425422329653,cand_007 (EURJPY)
2014-12-19 08:35:40,0.0,3003.6425422329653,cand_007 (EURJPY)
2014-12-19 08:36:40,0.0,3003.6425422329653,cand_003 (USDJPY)
2014-12-19 13:00:00,-2.8503877196247336,3000.7921545133404,cand_003 (USDJPY)
2014-12-19 15:00:00,-13.674999615508836,2987.117154897832,cand_007 (EURJPY)
2014-12-22 07:00:00,0.5672413372387529,2987.6843962350704,cand_003 (USDJPY)
2014-12-24 07:00:00,0.5672413372387529,2988.251637572309,cand_003 (USDJPY)
2014-12-29 08:00:00,0.6347180141800342,2988.886355586489,cand_007 (EURJPY)
2014-12-30 08:03:40,0.0,2988.886355586489,cand_007 (EURJPY)
2014-12-30 09:09:40,0.0,2988.886355586489,cand_003 (USDJPY)
2014-12-30 10:06:40,33.8328259389368,3022.719181525426,cand_003 (USDJPY)
2014-12-30 10:06:40,45.078669070363695,3067.7978505957894,cand_003 (USDJPY)
2014-12-30 15:00:00,33.22748804232479,3101.0253386381146,cand_007 (EURJPY)
2015-01-02 07:00:00,0.5672413372387529,3101.592579975353,cand_003 (USDJPY)
2015-01-05 07:00:00,0.5672413372387529,3102.1598213125917,cand_003 (USDJPY)
2015-01-06 07:53:40,0.0,3102.1598213125917,cand_003 (USDJPY)
2015-01-06 08:45:40,0.0,3102.1598213125917,cand_007 (EURJPY)
2015-01-06 13:00:00,-1.8577153794569157,3100.302105933135,cand_003 (USDJPY)
2015-01-06 15:00:00,14.179600436781962,3114.481706369917,cand_007 (EURJPY)
2015-01-08 07:00:00,0.5672413372387529,3115.048947707156,cand_003 (USDJPY)
2015-01-08 09:00:40,0.0,3115.048947707156,cand_003 (USDJPY)
2015-01-08 13:00:00,-5.397301323826734,3109.651646383329,cand_003 (USDJPY)
2015-01-13 08:00:00,0.6347180141800342,3110.2863643975093,cand_007 (EURJPY)
2015-01-13 08:12:40,0.0,3110.2863643975093,cand_007 (EURJPY)
2015-01-13 14:50:20,-42.548322080558584,3067.7380423169507,cand_007 (EURJPY)
2015-01-14 07:26:40,0.0,3067.7380423169507,cand_003 (USDJPY)
2015-01-14 08:17:40,0.0,3067.7380423169507,cand_007 (EURJPY)
2015-01-14 13:00:00,4.79886171303985,3072.53690402999,cand_003 (USDJPY)
2015-01-14 15:00:00,23.72575937004968,3096.26266340004,cand_007 (EURJPY)
2015-01-15 07:00:00,0.5672413372387529,3096.829904737279,cand_003 (USDJPY)
2015-01-15 08:10:40,0.0,3096.829904737279,cand_003 (USDJPY)
2015-01-15 11:32:40,-32.2051269217302,3064.6247778155484,cand_003 (USDJPY)
2015-01-20 08:00:00,0.6347180141800342,3065.2594958297286,cand_007 (EURJPY)
2015-01-20 08:31:20,0.0,3065.2594958297286,cand_007 (EURJPY)
2015-01-20 15:00:00,19.200219928946034,3084.459715758675,cand_007 (EURJPY)
2015-01-21 08:53:40,0.0,3084.459715758675,cand_007 (EURJPY)
2015-01-21 15:00:00,-7.077105858107381,3077.3826099005673,cand_007 (EURJPY)
2015-01-22 08:00:00,0.6347180141800342,3078.0173279147475,cand_007 (EURJPY)
2015-01-23 08:01:40,0.0,3078.0173279147475,cand_007 (EURJPY)
2015-01-23 13:59:40,112.43394903185124,3190.4512769465987,cand_007 (EURJPY)
2015-01-23 13:59:40,41.8802813706341,3232.3315583172325,cand_007 (EURJPY)
2015-01-27 08:47:40,0.0,3232.3315583172325,cand_007 (EURJPY)
2015-01-27 10:37:40,-47.68319081527507,3184.6483675019576,cand_007 (EURJPY)
2015-01-27 10:37:40,42.38329539687179,3227.0316628988294,cand_007 (EURJPY)
2015-01-28 08:00:00,0.6347180141800342,3227.6663809130096,cand_007 (EURJPY)
2015-01-30 08:00:00,0.6347180141800342,3228.3010989271897,cand_007 (EURJPY)
2015-02-04 07:00:00,0.5672413372387529,3228.8683402644283,cand_003 (USDJPY)
2015-02-04 08:00:00,0.6347180141800342,3229.5030582786085,cand_007 (EURJPY)
2015-02-09 07:00:00,0.5672413372387529,3230.070299615847,cand_003 (USDJPY)
2015-02-10 07:00:00,0.5672413372387529,3230.637540953086,cand_003 (USDJPY)
2015-02-11 07:00:00,0.5672413372387529,3231.2047822903246,cand_003 (USDJPY)
2015-02-12 07:00:00,0.5672413372387529,3231.7720236275636,cand_003 (USDJPY)
2015-02-18 07:00:00,0.5672413372387529,3232.339264964802,cand_003 (USDJPY)
2015-02-24 07:00:00,0.5672413372387529,3232.906506302041,cand_003 (USDJPY)
2015-02-24 08:41:40,0.0,3232.906506302041,cand_003 (USDJPY)
2015-02-24 13:00:00,10.964775048825093,3243.8712813508664,cand_003 (USDJPY)
2015-02-26 07:00:00,0.5672413372387529,3244.438522688105,cand_003 (USDJPY)
2015-02-27 07:00:00,0.5672413372387529,3245.0057640253435,cand_003 (USDJPY)
2015-03-02 07:00:00,0.5672413372387529,3245.5730053625825,cand_003 (USDJPY)
2015-03-04 07:00:00,0.5672413372387529,3246.1402466998215,cand_003 (USDJPY)
2015-03-05 07:00:00,0.5672413372387529,3246.70748803706,cand_003 (USDJPY)
2015-03-06 07:00:00,0.5672413372387529,3247.2747293742987,cand_003 (USDJPY)
2015-03-09 07:00:00,0.5672413372387529,3247.8419707115377,cand_003 (USDJPY)
2015-03-10 07:00:00,0.5672413372387529,3248.4092120487767,cand_003 (USDJPY)
2015-03-11 07:00:00,0.5672413372387529,3248.9764533860152,cand_003 (USDJPY)
2015-03-12 07:00:00,0.5672413372387529,3249.543694723254,cand_003 (USDJPY)
2015-03-19 08:00:00,0.6347180141800342,3250.178412737434,cand_007 (EURJPY)
2015-03-23 08:00:00,0.6347180141800342,3250.813130751614,cand_007 (EURJPY)
2015-03-24 08:00:00,0.6347180141800342,3251.4478487657943,cand_007 (EURJPY)
2015-03-26 07:10:20,0.0,3251.4478487657943,cand_003 (USDJPY)
2015-03-26 13:00:00,30.253816721628887,3281.7016654874233,cand_003 (USDJPY)
2015-03-27 07:00:00,0.5672413372387529,3282.268906824662,cand_003 (USDJPY)
2015-03-31 07:00:00,0.5672413372387529,3282.836148161901,cand_003 (USDJPY)
2015-03-31 08:51:40,0.0,3282.836148161901,cand_007 (EURJPY)
2015-03-31 15:00:00,35.48708417280571,3318.3232323347065,cand_007 (EURJPY)
2015-04-08 07:00:00,0.5672413372387529,3318.890473671945,cand_003 (USDJPY)
2015-04-09 07:00:00,0.5672413372387529,3319.457715009184,cand_003 (USDJPY)
2015-04-13 07:00:00,0.5672413372387529,3320.0249563464226,cand_003 (USDJPY)
2015-04-14 08:19:40,0.0,3320.0249563464226,cand_007 (EURJPY)
2015-04-14 15:00:00,-17.892700819735165,3302.1322555266875,cand_007 (EURJPY)
2015-04-16 08:00:00,0.6347180141800342,3302.7669735408676,cand_007 (EURJPY)
2015-04-20 08:03:40,0.0,3302.7669735408676,cand_007 (EURJPY)
2015-04-20 08:29:40,0.0,3302.7669735408676,cand_003 (USDJPY)
2015-04-20 13:00:00,-12.689188714030903,3290.0777848268367,cand_003 (USDJPY)
2015-04-20 15:00:00,5.011098721951369,3295.088883548788,cand_007 (EURJPY)
2015-04-21 07:00:00,0.5672413372387529,3295.656124886027,cand_003 (USDJPY)
2015-04-24 08:00:00,0.6347180141800342,3296.290842900207,cand_007 (EURJPY)
2015-04-30 07:04:40,0.0,3296.290842900207,cand_003 (USDJPY)
2015-04-30 08:00:00,0.6347180141800342,3296.925560914387,cand_007 (EURJPY)
2015-04-30 13:00:00,-13.023861103001767,3283.9016998113852,cand_003 (USDJPY)
2015-05-01 07:00:00,0.5672413372387529,3284.4689411486243,cand_003 (USDJPY)
2015-05-06 08:00:00,0.6347180141800342,3285.103659162804,cand_007 (EURJPY)
2015-05-08 07:00:00,0.5672413372387529,3285.670900500043,cand_003 (USDJPY)
2015-05-11 07:00:00,0.5672413372387529,3286.2381418372815,cand_003 (USDJPY)
2015-05-12 08:00:00,0.6347180141800342,3286.8728598514617,cand_007 (EURJPY)
2015-05-12 08:05:40,0.0,3286.8728598514617,cand_007 (EURJPY)
2015-05-12 15:00:00,23.22433213884745,3310.097191990309,cand_007 (EURJPY)
2015-05-13 08:00:00,0.6347180141800342,3310.7319100044892,cand_007 (EURJPY)
2015-05-15 07:00:00,0.5672413372387529,3311.2991513417282,cand_003 (USDJPY)
2015-05-15 08:00:00,0.6347180141800342,3311.933869355908,cand_007 (EURJPY)
2015-05-18 07:00:00,0.5672413372387529,3312.501110693147,cand_003 (USDJPY)
2015-05-20 07:00:00,0.5672413372387529,3313.0683520303855,cand_003 (USDJPY)
2015-05-20 09:42:40,0.0,3313.0683520303855,cand_003 (USDJPY)
2015-05-20 13:00:00,-9.901197541502432,3303.167154488883,cand_003 (USDJPY)
2015-05-21 07:00:00,0.5672413372387529,3303.7343958261217,cand_003 (USDJPY)
2015-05-25 07:00:00,0.5672413372387529,3304.3016371633607,cand_003 (USDJPY)
2015-05-26 07:00:00,0.5672413372387529,3304.8688785005997,cand_003 (USDJPY)
2015-05-26 09:00:40,0.0,3304.8688785005997,cand_003 (USDJPY)
2015-05-26 12:01:40,34.845068105239356,3339.713946605839,cand_003 (USDJPY)
2015-05-26 12:01:40,42.8011951013501,3382.515141707189,cand_003 (USDJPY)
2015-05-27 07:00:00,0.5672413372387529,3383.082383044428,cand_003 (USDJPY)
2015-05-28 07:00:00,0.5672413372387529,3383.6496243816664,cand_003 (USDJPY)
2015-05-28 08:00:00,0.6347180141800342,3384.2843423958466,cand_007 (EURJPY)
2015-05-29 07:00:00,0.5672413372387529,3384.851583733085,cand_003 (USDJPY)
2015-06-01 07:00:00,0.5672413372387529,3385.418825070324,cand_003 (USDJPY)
2015-06-02 07:00:00,0.5672413372387529,3385.986066407563,cand_003 (USDJPY)
2015-06-04 07:00:00,0.5672413372387529,3386.5533077448017,cand_003 (USDJPY)
2015-06-05 08:00:00,0.6347180141800342,3387.188025758982,cand_007 (EURJPY)
2015-06-08 07:00:00,0.5672413372387529,3387.7552670962205,cand_003 (USDJPY)
2015-06-09 08:57:40,0.0,3387.7552670962205,cand_003 (USDJPY)
2015-06-09 13:00:00,5.116516861893551,3392.871783958114,cand_003 (USDJPY)
2015-06-10 07:15:40,0.0,3392.871783958114,cand_003 (USDJPY)
2015-06-10 07:49:20,34.88364051617159,3427.7554244742855,cand_003 (USDJPY)
2015-06-10 07:49:20,51.74659098960523,3479.502015463891,cand_003 (USDJPY)
2015-06-10 08:41:20,0.0,3479.502015463891,cand_007 (EURJPY)
2015-06-10 10:19:20,-47.52133772165916,3431.980677742232,cand_007 (EURJPY)
2015-06-16 07:00:00,0.5672413372387529,3432.5479190794704,cand_003 (USDJPY)
2015-06-18 08:25:40,0.0,3432.5479190794704,cand_003 (USDJPY)
2015-06-18 13:00:00,15.826033308961206,3448.3739523884315,cand_003 (USDJPY)
2015-06-23 07:00:00,0.5672413372387529,3448.9411937256705,cand_003 (USDJPY)
2015-07-02 07:00:00,0.5672413372387529,3449.5084350629095,cand_003 (USDJPY)
2015-07-02 08:00:00,0.6347180141800342,3450.143153077089,cand_007 (EURJPY)
2015-07-08 09:30:40,0.0,3450.143153077089,cand_003 (USDJPY)
2015-07-08 13:00:00,14.095947230383011,3464.239100307472,cand_003 (USDJPY)
2015-07-09 08:00:00,0.6347180141800342,3464.8738183216524,cand_007 (EURJPY)
2015-07-09 08:07:40,0.0,3464.8738183216524,cand_007 (EURJPY)
2015-07-09 15:00:00,-7.315125113424894,3457.5586932082274,cand_007 (EURJPY)
2015-07-10 07:00:00,0.5672413372387529,3458.1259345454664,cand_003 (USDJPY)
2015-07-10 08:00:00,0.6347180141800342,3458.7606525596466,cand_007 (EURJPY)
2015-07-10 08:50:40,0.0,3458.7606525596466,cand_007 (EURJPY)
2015-07-10 15:00:00,66.10905476692146,3524.8697073265675,cand_007 (EURJPY)
2015-07-13 07:00:00,0.5672413372387529,3525.4369486638066,cand_003 (USDJPY)
2015-07-13 08:00:00,0.6347180141800342,3526.0716666779863,cand_007 (EURJPY)
2015-07-13 09:48:40,0.0,3526.0716666779863,cand_003 (USDJPY)
2015-07-13 13:00:00,25.27627398735883,3551.347940665345,cand_003 (USDJPY)
2015-07-14 07:00:00,0.5672413372387529,3551.915182002584,cand_003 (USDJPY)
2015-07-22 08:00:00,0.6347180141800342,3552.549900016764,cand_007 (EURJPY)
2015-07-28 07:00:00,0.5672413372387529,3553.117141354003,cand_003 (USDJPY)
2015-07-30 07:00:00,0.5672413372387529,3553.684382691242,cand_003 (USDJPY)
2015-08-11 07:00:00,0.5672413372387529,3554.2516240284804,cand_003 (USDJPY)
2015-08-11 08:00:00,0.6347180141800342,3554.8863420426605,cand_007 (EURJPY)
2015-08-12 08:00:00,0.6347180141800342,3555.5210600568403,cand_007 (EURJPY)
2015-08-24 08:00:00,0.6347180141800342,3556.15577807102,cand_007 (EURJPY)
2015-08-25 08:00:00,0.6347180141800342,3556.7904960852,cand_007 (EURJPY)
2015-08-27 07:00:00,0.5672413372387529,3557.3577374224387,cand_003 (USDJPY)
2015-08-28 07:00:00,0.5672413372387529,3557.9249787596777,cand_003 (USDJPY)
2015-08-31 07:00:00,0.5672413372387529,3558.4922200969168,cand_003 (USDJPY)
2015-08-31 08:00:00,0.6347180141800342,3559.1269381110965,cand_007 (EURJPY)
2015-09-01 09:02:40,0.0,3559.1269381110965,cand_003 (USDJPY)
2015-09-01 13:00:00,27.30132556130118,3586.4282636723974,cand_003 (USDJPY)
2015-09-03 07:00:00,0.5672413372387529,3586.9955050096364,cand_003 (USDJPY)
2015-09-04 07:18:40,0.0,3586.9955050096364,cand_003 (USDJPY)
2015-09-04 13:00:00,3.8118617862444193,3590.8073667958806,cand_003 (USDJPY)
2015-09-08 08:00:00,0.6347180141800342,3591.442084810061,cand_007 (EURJPY)
2015-09-09 07:00:00,0.5672413372387529,3592.0093261472994,cand_003 (USDJPY)
2015-09-09 08:00:00,0.6347180141800342,3592.6440441614795,cand_007 (EURJPY)
2015-09-09 09:46:40,0.0,3592.6440441614795,cand_003 (USDJPY)
2015-09-09 13:00:00,-3.434646296980649,3589.209397864499,cand_003 (USDJPY)
2015-09-10 07:00:00,0.5672413372387529,3589.7766392017375,cand_003 (USDJPY)
2015-09-10 07:53:40,0.0,3589.7766392017375,cand_003 (USDJPY)
2015-09-10 08:00:00,0.6347180141800342,3590.4113572159176,cand_007 (EURJPY)
2015-09-10 13:00:00,24.850842984429768,3615.2622002003473,cand_003 (USDJPY)
2015-09-11 07:00:00,0.5672413372387529,3615.8294415375863,cand_003 (USDJPY)
2015-09-14 08:00:00,0.6347180141800342,3616.464159551766,cand_007 (EURJPY)
2015-09-15 08:56:40,0.0,3616.464159551766,cand_007 (EURJPY)
2015-09-15 09:00:40,0.0,3616.464159551766,cand_003 (USDJPY)
2015-09-15 13:00:00,5.783025433149086,3622.2471849849153,cand_003 (USDJPY)
2015-09-15 15:00:00,11.034572676519895,3633.281757661435,cand_007 (EURJPY)
2015-09-17 07:00:00,0.5672413372387529,3633.848998998674,cand_003 (USDJPY)
2015-09-17 08:13:40,0.0,3633.848998998674,cand_003 (USDJPY)
2015-09-17 13:00:00,2.4873532637919316,3636.336352262466,cand_003 (USDJPY)
2015-09-18 08:00:00,0.6347180141800342,3636.971070276646,cand_007 (EURJPY)
2015-09-22 07:00:00,0.5672413372387529,3637.5383116138846,cand_003 (USDJPY)
2015-09-24 08:00:00,0.6347180141800342,3638.173029628065,cand_007 (EURJPY)
2015-09-25 07:00:00,0.5672413372387529,3638.7402709653034,cand_003 (USDJPY)
2015-09-25 09:24:40,0.0,3638.7402709653034,cand_003 (USDJPY)
2015-09-25 13:00:00,18.81255894952324,3657.5528299148264,cand_003 (USDJPY)
2015-09-28 08:13:40,0.0,3657.5528299148264,cand_007 (EURJPY)
2015-09-28 15:00:00,9.193890435397794,3666.7467203502247,cand_007 (EURJPY)
2015-09-29 08:04:40,0.0,3666.7467203502247,cand_003 (USDJPY)
2015-09-29 13:00:00,-21.529644954896867,3645.217075395328,cand_003 (USDJPY)
2015-10-01 07:00:00,0.5672413372387529,3645.7843167325664,cand_003 (USDJPY)
2015-10-02 07:00:00,0.5672413372387529,3646.351558069805,cand_003 (USDJPY)
2015-10-07 08:00:00,0.6347180141800342,3646.986276083985,cand_007 (EURJPY)
2015-10-16 07:00:00,0.5672413372387529,3647.5535174212237,cand_003 (USDJPY)
2015-10-19 07:00:00,0.5672413372387529,3648.1207587584627,cand_003 (USDJPY)
2015-10-19 08:00:00,0.6347180141800342,3648.7554767726424,cand_007 (EURJPY)
2015-10-23 07:00:00,0.5672413372387529,3649.3227181098814,cand_003 (USDJPY)
2015-10-26 07:00:00,0.5672413372387529,3649.8899594471204,cand_003 (USDJPY)
2015-10-29 07:00:00,0.5672413372387529,3650.457200784359,cand_003 (USDJPY)
2015-10-30 08:00:00,0.6347180141800342,3651.091918798539,cand_007 (EURJPY)
2015-11-04 07:00:00,0.5672413372387529,3651.6591601357777,cand_003 (USDJPY)
2015-11-09 07:00:00,0.5672413372387529,3652.2264014730163,cand_003 (USDJPY)
2015-11-19 08:00:00,0.6347180141800342,3652.8611194871964,cand_007 (EURJPY)
2015-11-23 07:00:00,0.5672413372387529,3653.428360824435,cand_003 (USDJPY)
2015-12-01 07:00:00,0.5672413372387529,3653.995602161674,cand_003 (USDJPY)
2015-12-02 07:00:00,0.5672413372387529,3654.562843498913,cand_003 (USDJPY)
2015-12-04 08:00:00,0.6347180141800342,3655.1975615130928,cand_007 (EURJPY)
2015-12-10 08:00:00,0.6347180141800342,3655.8322795272725,cand_007 (EURJPY)
2015-12-11 07:00:00,0.5672413372387529,3656.3995208645115,cand_003 (USDJPY)
2015-12-15 08:02:40,0.0,3656.3995208645115,cand_003 (USDJPY)
2015-12-15 13:00:00,-14.711404081287057,3641.6881167832244,cand_003 (USDJPY)
2015-12-16 07:00:00,0.5672413372387529,3642.255358120463,cand_003 (USDJPY)
2015-12-17 07:00:00,0.5672413372387529,3642.822599457702,cand_003 (USDJPY)
2015-12-18 07:00:00,0.5672413372387529,3643.389840794941,cand_003 (USDJPY)
2015-12-24 09:53:40,0.0,3643.389840794941,cand_003 (USDJPY)
2015-12-24 13:00:00,5.374611670337184,3648.764452465278,cand_003 (USDJPY)
2016-01-04 07:39:40,0.0,3648.764452465278,cand_003 (USDJPY)
2016-01-04 13:00:00,14.915610962693009,3663.6800634279707,cand_003 (USDJPY)
2016-01-08 07:00:00,0.5672413372387529,3664.2473047652097,cand_003 (USDJPY)
2016-01-08 08:00:00,0.6347180141800342,3664.8820227793894,cand_007 (EURJPY)
2016-01-12 08:42:40,0.0,3664.8820227793894,cand_003 (USDJPY)
2016-01-12 13:00:00,-26.331342874622912,3638.550679904767,cand_003 (USDJPY)
2016-01-13 07:00:00,0.5672413372387529,3639.1179212420057,cand_003 (USDJPY)
2016-01-13 08:00:00,0.6347180141800342,3639.752639256186,cand_007 (EURJPY)
2016-01-19 07:00:00,0.5672413372387529,3640.3198805934244,cand_003 (USDJPY)
2016-01-19 07:35:40,0.0,3640.3198805934244,cand_003 (USDJPY)
2016-01-19 13:00:00,6.682102952672509,3647.001983546097,cand_003 (USDJPY)
2016-01-20 08:07:40,0.0,3647.001983546097,cand_003 (USDJPY)
2016-01-20 13:00:00,14.711404081287057,3661.713387627384,cand_003 (USDJPY)
2016-01-21 08:01:20,0.0,3661.713387627384,cand_003 (USDJPY)
2016-01-21 13:00:00,-11.48947328577094,3650.223914341613,cand_003 (USDJPY)
2016-01-22 07:00:00,0.5672413372387529,3650.791155678852,cand_003 (USDJPY)
2016-01-22 07:31:40,0.0,3650.791155678852,cand_003 (USDJPY)
2016-01-22 08:00:00,0.6347180141800342,3651.425873693032,cand_007 (EURJPY)
2016-01-22 13:00:00,4.991723767701026,3656.417597460733,cand_003 (USDJPY)
2016-01-25 07:00:00,0.5672413372387529,3656.984838797972,cand_003 (USDJPY)
2016-01-25 08:00:00,0.6347180141800342,3657.6195568121516,cand_007 (EURJPY)
2016-01-26 08:23:40,0.0,3657.6195568121516,cand_003 (USDJPY)
2016-01-26 13:00:00,-25.486153282137167,3632.133403530014,cand_003 (USDJPY)
2016-01-27 07:00:00,0.5672413372387529,3632.7006448672532,cand_003 (USDJPY)
2016-01-28 07:00:00,0.5672413372387529,3633.2678862044922,cand_003 (USDJPY)
2016-02-01 07:00:00,0.5672413372387529,3633.835127541731,cand_003 (USDJPY)
2016-02-02 07:26:40,0.0,3633.835127541731,cand_003 (USDJPY)
2016-02-02 13:00:00,-19.064981344594486,3614.7701461971365,cand_003 (USDJPY)
2016-02-08 07:00:00,0.5672413372387529,3615.337387534375,cand_003 (USDJPY)
2016-02-08 07:31:40,0.0,3615.337387534375,cand_003 (USDJPY)
2016-02-08 08:00:00,0.6347180141800342,3615.972105548555,cand_007 (EURJPY)
2016-02-08 08:44:40,0.0,3615.972105548555,cand_007 (EURJPY)
2016-02-08 11:58:40,-37.37269550397524,3578.5994100445796,cand_003 (USDJPY)
2016-02-08 13:05:40,-40.10783131603635,3538.4915787285436,cand_007 (EURJPY)
2016-02-08 13:05:40,41.30522684978699,3579.7968055783303,cand_007 (EURJPY)
2016-03-02 07:00:00,0.5672413372387529,3580.3640469155694,cand_003 (USDJPY)
2016-03-02 08:00:00,0.6347180141800342,3580.998764929749,cand_007 (EURJPY)
2016-03-02 08:45:40,0.0,3580.998764929749,cand_003 (USDJPY)
2016-03-02 13:00:00,2.4306291300680565,3583.4293940598172,cand_003 (USDJPY)
2016-03-03 07:00:00,0.5672413372387529,3583.9966353970563,cand_003 (USDJPY)
2016-03-03 07:06:40,0.0,3583.9966353970563,cand_003 (USDJPY)
2016-03-03 08:00:00,0.6347180141800342,3584.631353411236,cand_007 (EURJPY)
2016-03-03 08:30:40,0.0,3584.631353411236,cand_007 (EURJPY)
2016-03-03 13:00:00,-16.180559144735426,3568.4507942665005,cand_003 (USDJPY)
2016-03-03 15:00:00,5.01744590209317,3573.468240168594,cand_007 (EURJPY)
2016-03-04 07:00:00,0.5672413372387529,3574.0354815058326,cand_003 (USDJPY)
2016-03-04 07:53:40,0.0,3574.0354815058326,cand_003 (USDJPY)
2016-03-04 08:00:00,0.6347180141800342,3574.670199520013,cand_007 (EURJPY)
2016-03-04 13:00:00,-9.129749322857728,3565.5404501971548,cand_003 (USDJPY)
2016-03-08 08:00:00,0.6347180141800342,3566.1751682113345,cand_007 (EURJPY)
2016-03-10 07:00:00,0.5672413372387529,3566.7424095485735,cand_003 (USDJPY)
2016-03-10 08:00:00,0.6347180141800342,3567.3771275627532,cand_007 (EURJPY)
2016-03-11 07:00:00,0.5672413372387529,3567.9443688999922,cand_003 (USDJPY)
2016-03-11 08:00:00,0.6347180141800342,3568.579086914172,cand_007 (EURJPY)
2016-03-11 09:16:40,0.0,3568.579086914172,cand_003 (USDJPY)
2016-03-11 13:00:00,3.7381204124033816,3572.3172073265755,cand_003 (USDJPY)
2016-03-14 07:00:00,0.5672413372387529,3572.8844486638145,cand_003 (USDJPY)
2016-03-15 07:53:40,0.0,3572.8844486638145,cand_003 (USDJPY)
2016-03-15 13:00:00,0.8508620058581293,3573.7353106696723,cand_003 (USDJPY)
2016-03-16 07:00:00,0.5672413372387529,3574.3025520069114,cand_003 (USDJPY)
2016-03-17 07:21:40,0.0,3574.3025520069114,cand_003 (USDJPY)
2016-03-17 13:00:00,45.390651805845,3619.693203812756,cand_003 (USDJPY)
2016-03-22 07:00:00,0.5672413372387529,3620.2604451499947,cand_003 (USDJPY)
2016-03-23 07:00:00,0.5672413372387529,3620.8276864872337,cand_003 (USDJPY)
2016-03-24 07:00:00,0.5672413372387529,3621.3949278244727,cand_003 (USDJPY)
2016-03-24 08:00:00,0.6347180141800342,3622.0296458386524,cand_007 (EURJPY)
2016-03-25 07:00:00,0.5672413372387529,3622.5968871758914,cand_003 (USDJPY)
2016-03-25 08:00:00,0.6347180141800342,3623.231605190071,cand_007 (EURJPY)
2016-03-28 07:00:00,0.5672413372387529,3623.79884652731,cand_003 (USDJPY)
2016-03-29 07:00:00,0.5672413372387529,3624.3660878645487,cand_003 (USDJPY)
2016-03-30 08:14:40,0.0,3624.3660878645487,cand_003 (USDJPY)
2016-03-30 13:00:00,-3.1311721815579157,3621.2349156829905,cand_003 (USDJPY)
2016-04-01 08:00:00,0.6347180141800342,3621.8696336971707,cand_007 (EURJPY)
2016-04-04 08:24:40,0.0,3621.8696336971707,cand_007 (EURJPY)
2016-04-04 15:00:00,-9.781004598514327,3612.0886290986564,cand_007 (EURJPY)
2016-04-05 08:12:40,0.0,3612.0886290986564,cand_007 (EURJPY)
2016-04-05 09:27:40,0.0,3612.0886290986564,cand_003 (USDJPY)
2016-04-05 13:00:00,11.968792215737688,3624.057421314394,cand_003 (USDJPY)
2016-04-05 15:00:00,20.58707878992941,3644.6445001043235,cand_007 (EURJPY)
2016-04-07 08:18:40,0.0,3644.6445001043235,cand_003 (USDJPY)
2016-04-07 08:18:40,0.0,3644.6445001043235,cand_007 (EURJPY)
2016-04-07 13:00:00,34.09120436804905,3678.7357044723726,cand_003 (USDJPY)
2016-04-07 15:00:00,47.87677980959998,3726.6124842819727,cand_007 (EURJPY)
2016-04-13 07:00:00,0.5672413372387529,3727.1797256192112,cand_003 (USDJPY)
2016-04-13 09:37:40,0.0,3727.1797256192112,cand_003 (USDJPY)
2016-04-13 13:00:00,7.430861517827663,3734.610587137039,cand_003 (USDJPY)
2016-04-14 07:00:00,0.5672413372387529,3735.1778284742777,cand_003 (USDJPY)
2016-04-15 07:00:00,0.5672413372387529,3735.7450698115167,cand_003 (USDJPY)
2016-04-19 07:00:00,0.5672413372387529,3736.3123111487557,cand_003 (USDJPY)
2016-04-21 07:00:00,0.5672413372387529,3736.8795524859943,cand_003 (USDJPY)
2016-04-22 08:00:00,0.6347180141800342,3737.5142705001745,cand_007 (EURJPY)
2016-04-22 08:47:40,0.0,3737.5142705001745,cand_007 (EURJPY)
2016-04-22 15:00:00,15.125330277910212,3752.6396007780845,cand_007 (EURJPY)
2016-04-25 07:00:00,0.5672413372387529,3753.2068421153235,cand_003 (USDJPY)
2016-04-25 08:00:00,0.6347180141800342,3753.8415601295033,cand_007 (EURJPY)
2016-04-26 07:00:00,0.5672413372387529,3754.4088014667423,cand_003 (USDJPY)
2016-04-27 07:00:00,0.5672413372387529,3754.976042803981,cand_003 (USDJPY)
2016-05-03 07:36:40,0.0,3754.976042803981,cand_003 (USDJPY)
2016-05-03 13:00:00,6.971396034664273,3761.947438838645,cand_003 (USDJPY)
2016-05-04 07:00:00,0.5672413372387529,3762.5146801758838,cand_003 (USDJPY)
2016-05-04 08:00:00,0.6347180141800342,3763.149398190064,cand_007 (EURJPY)
2016-05-05 07:00:00,0.5672413372387529,3763.7166395273025,cand_003 (USDJPY)
2016-05-06 07:00:00,0.5672413372387529,3764.283880864541,cand_003 (USDJPY)
2016-05-09 07:00:00,0.5672413372387529,3764.85112220178,cand_003 (USDJPY)
2016-05-10 07:00:00,0.5672413372387529,3765.418363539019,cand_003 (USDJPY)
2016-05-10 08:00:00,0.6347180141800342,3766.053081553199,cand_007 (EURJPY)
2016-05-11 07:00:00,0.5672413372387529,3766.620322890438,cand_003 (USDJPY)
2016-05-11 08:00:00,0.6347180141800342,3767.2550409046175,cand_007 (EURJPY)
2016-05-12 07:00:00,0.5672413372387529,3767.8222822418566,cand_003 (USDJPY)
2016-05-12 07:37:40,0.0,3767.8222822418566,cand_003 (USDJPY)
2016-05-12 08:00:00,0.6347180141800342,3768.4570002560363,cand_007 (EURJPY)
2016-05-12 08:10:40,0.0,3768.4570002560363,cand_007 (EURJPY)
2016-05-12 13:00:00,20.468903654260398,3788.9259039102967,cand_003 (USDJPY)
2016-05-12 15:00:00,2.494441795727534,3791.420345706024,cand_007 (EURJPY)
2016-05-13 09:22:40,0.0,3791.420345706024,cand_003 (USDJPY)
2016-05-13 13:00:00,-12.249576677670868,3779.1707690283533,cand_003 (USDJPY)
2016-05-16 07:00:00,0.5672413372387529,3779.7380103655923,cand_003 (USDJPY)
2016-05-18 07:00:00,0.5672413372387529,3780.305251702831,cand_003 (USDJPY)
2016-05-18 09:59:40,0.0,3780.305251702831,cand_003 (USDJPY)
2016-05-18 13:00:00,-4.923654807232375,3775.3815968955987,cand_003 (USDJPY)
2016-05-19 07:00:00,0.5672413372387529,3775.9488382328373,cand_003 (USDJPY)
2016-05-19 08:51:40,0.0,3775.9488382328373,cand_003 (USDJPY)
2016-05-19 13:00:00,-23.214351726495963,3752.7344865063415,cand_003 (USDJPY)
2016-05-25 07:00:00,0.5672413372387529,3753.30172784358,cand_003 (USDJPY)
2016-05-27 07:00:00,0.5672413372387529,3753.8689691808186,cand_003 (USDJPY)
2016-05-30 07:00:00,0.5672413372387529,3754.4362105180576,cand_003 (USDJPY)
2016-05-30 07:26:40,0.0,3754.4362105180576,cand_003 (USDJPY)
2016-05-30 08:00:00,0.6347180141800342,3755.0709285322373,cand_007 (EURJPY)
2016-05-30 08:44:40,0.0,3755.0709285322373,cand_007 (EURJPY)
2016-05-30 13:00:00,-0.3063103221089266,3754.764618210129,cand_003 (USDJPY)
2016-05-30 15:00:00,14.903178972947202,3769.667797183076,cand_007 (EURJPY)
2016-05-31 07:00:00,0.5672413372387529,3770.2350385203144,cand_003 (USDJPY)
2016-05-31 08:00:00,0.6347180141800342,3770.8697565344946,cand_007 (EURJPY)
2016-06-01 08:02:40,0.0,3770.8697565344946,cand_003 (USDJPY)
2016-06-01 13:00:00,32.120040721144385,3802.989797255639,cand_003 (USDJPY)
2016-06-03 07:19:40,0.0,3802.989797255639,cand_003 (USDJPY)
2016-06-03 13:00:00,-21.175119119122645,3781.8146781365162,cand_003 (USDJPY)
2016-06-07 07:00:00,0.5672413372387529,3782.3819194737553,cand_003 (USDJPY)
2016-06-07 08:00:00,0.6347180141800342,3783.016637487935,cand_007 (EURJPY)
2016-06-10 07:00:00,0.5672413372387529,3783.583878825174,cand_003 (USDJPY)
2016-06-13 07:55:40,0.0,3783.583878825174,cand_003 (USDJPY)
2016-06-13 13:00:00,-1.7669567654987155,3781.816922059675,cand_003 (USDJPY)
2016-06-14 08:00:40,0.0,3781.816922059675,cand_007 (EURJPY)
2016-06-14 09:16:40,0.0,3781.816922059675,cand_003 (USDJPY)
2016-06-14 13:00:00,-4.1777324487634155,3777.6391896109117,cand_003 (USDJPY)
2016-06-14 15:00:00,33.4813752479968,3811.1205648589084,cand_007 (EURJPY)
2016-06-15 07:00:00,0.5672413372387529,3811.687806196147,cand_003 (USDJPY)
2016-06-16 07:30:40,0.0,3811.687806196147,cand_003 (USDJPY)
2016-06-16 08:18:40,0.0,3811.687806196147,cand_007 (EURJPY)
2016-06-16 13:00:00,0.10777585407536305,3811.7955820502225,cand_003 (USDJPY)
2016-06-16 15:00:00,38.83522169760539,3850.630803747828,cand_007 (EURJPY)
2016-06-20 08:00:00,0.6347180141800342,3851.2655217620077,cand_007 (EURJPY)
2016-06-21 08:00:00,0.6347180141800342,3851.900239776188,cand_007 (EURJPY)
2016-06-21 08:08:40,0.0,3851.900239776188,cand_007 (EURJPY)
2016-06-21 15:00:00,13.462369080758524,3865.3626088569463,cand_007 (EURJPY)
2016-06-23 07:00:00,0.5672413372387529,3865.929850194185,cand_003 (USDJPY)
2016-06-30 07:00:00,0.5672413372387529,3866.497091531424,cand_003 (USDJPY)
2016-06-30 08:00:00,0.6347180141800342,3867.1318095456036,cand_007 (EURJPY)
2016-07-01 07:00:00,0.5672413372387529,3867.6990508828426,cand_003 (USDJPY)
2016-07-01 08:00:00,0.6347180141800342,3868.3337688970223,cand_007 (EURJPY)
2016-07-04 07:00:00,0.5672413372387529,3868.9010102342613,cand_003 (USDJPY)
2016-07-04 08:00:00,0.6347180141800342,3869.535728248441,cand_007 (EURJPY)
2016-07-05 09:51:20,0.0,3869.535728248441,cand_003 (USDJPY)
2016-07-05 13:00:00,8.922706234765583,3878.458434483207,cand_003 (USDJPY)
2016-07-11 08:00:00,0.6347180141800342,3879.0931524973867,cand_007 (EURJPY)
2016-07-11 08:06:40,0.0,3879.0931524973867,cand_007 (EURJPY)
2016-07-11 15:00:00,70.84087756263361,3949.9340300600206,cand_007 (EURJPY)
2016-07-12 07:00:00,0.5672413372387529,3950.501271397259,cand_003 (USDJPY)
2016-07-12 08:00:00,0.6347180141800342,3951.1359894114394,cand_007 (EURJPY)
2016-07-12 09:39:40,0.0,3951.1359894114394,cand_003 (USDJPY)
2016-07-12 13:00:00,24.03117925211977,3975.167168663559,cand_003 (USDJPY)
2016-07-13 07:00:00,0.5672413372387529,3975.7344100007977,cand_003 (USDJPY)
2016-07-13 08:00:00,0.6347180141800342,3976.369128014978,cand_007 (EURJPY)
2016-07-14 07:00:00,0.5672413372387529,3976.9363693522164,cand_003 (USDJPY)
2016-07-14 08:00:00,0.6347180141800342,3977.5710873663966,cand_007 (EURJPY)
2016-07-14 08:40:40,0.0,3977.5710873663966,cand_007 (EURJPY)
2016-07-14 08:45:40,0.0,3977.5710873663966,cand_003 (USDJPY)
2016-07-14 13:00:00,51.060228971546344,4028.6313163379427,cand_003 (USDJPY)
2016-07-14 15:00:00,85.81387551714062,4114.445191855083,cand_007 (EURJPY)
2016-07-15 07:00:00,0.5672413372387529,4115.012433192322,cand_003 (USDJPY)
2016-07-15 08:00:00,0.6347180141800342,4115.647151206502,cand_007 (EURJPY)
2016-07-18 07:00:00,0.5672413372387529,4116.214392543741,cand_003 (USDJPY)
2016-07-19 07:00:00,0.5672413372387529,4116.78163388098,cand_003 (USDJPY)
2016-07-19 08:00:00,0.6347180141800342,4117.416351895159,cand_007 (EURJPY)
2016-07-20 07:00:00,0.5672413372387529,4117.983593232399,cand_003 (USDJPY)
2016-07-21 07:00:00,0.5672413372387529,4118.550834569637,cand_003 (USDJPY)
2016-07-21 08:00:00,0.6347180141800342,4119.185552583817,cand_007 (EURJPY)
2016-07-25 07:00:00,0.5672413372387529,4119.752793921056,cand_003 (USDJPY)
2016-07-26 07:28:40,0.0,4119.752793921056,cand_003 (USDJPY)
2016-07-26 13:00:00,11.696516373863085,4131.449310294919,cand_003 (USDJPY)
2016-07-27 08:00:00,0.6347180141800342,4132.084028309098,cand_007 (EURJPY)
2016-07-28 09:10:40,0.0,4132.084028309098,cand_003 (USDJPY)
2016-07-28 13:00:00,-14.022205856541971,4118.061822452557,cand_003 (USDJPY)
2016-08-02 09:06:40,0.0,4118.061822452557,cand_003 (USDJPY)
2016-08-02 13:00:00,20.85462776358275,4138.91645021614,cand_003 (USDJPY)
2016-08-08 07:00:00,0.5672413372387529,4139.483691553379,cand_003 (USDJPY)
2016-08-09 07:00:00,0.5672413372387529,4140.050932890617,cand_003 (USDJPY)
2016-08-12 07:00:00,0.5672413372387529,4140.618174227856,cand_003 (USDJPY)
2016-08-16 09:06:40,0.0,4140.618174227856,cand_003 (USDJPY)
2016-08-16 13:00:00,6.063809895082269,4146.681984122938,cand_003 (USDJPY)
2016-08-17 08:00:00,0.6347180141800342,4147.316702137118,cand_007 (EURJPY)
2016-08-17 08:03:40,0.0,4147.316702137118,cand_007 (EURJPY)
2016-08-17 15:00:00,-22.06914535303979,4125.247556784078,cand_007 (EURJPY)
2016-08-18 08:00:00,0.6347180141800342,4125.882274798259,cand_007 (EURJPY)
2016-08-19 07:00:00,0.5672413372387529,4126.449516135497,cand_003 (USDJPY)
2016-08-22 07:00:00,0.5672413372387529,4127.016757472736,cand_003 (USDJPY)
2016-08-24 07:00:00,0.5672413372387529,4127.583998809974,cand_003 (USDJPY)
2016-08-29 07:00:00,0.5672413372387529,4128.151240147214,cand_003 (USDJPY)
2016-08-29 08:00:00,0.6347180141800342,4128.785958161394,cand_007 (EURJPY)
2016-08-29 08:39:40,0.0,4128.785958161394,cand_003 (USDJPY)
2016-08-29 08:39:40,0.0,4128.785958161394,cand_007 (EURJPY)
2016-08-29 13:00:00,-12.0538784163235,4116.73207974507,cand_003 (USDJPY)
2016-08-29 15:00:00,-27.803822611156395,4088.9282571339136,cand_007 (EURJPY)
2016-08-30 07:00:00,0.5672413372387529,4089.495498471152,cand_003 (USDJPY)
2016-08-31 07:00:00,0.5672413372387529,4090.062739808391,cand_003 (USDJPY)
2016-09-01 07:00:00,0.5672413372387529,4090.62998114563,cand_003 (USDJPY)
2016-09-02 07:00:00,0.5672413372387529,4091.1972224828687,cand_003 (USDJPY)
2016-09-02 09:32:40,0.0,4091.1972224828687,cand_003 (USDJPY)
2016-09-02 13:00:00,0.6012758174730781,4091.7984983003416,cand_003 (USDJPY)
2016-09-05 07:00:00,0.5672413372387529,4092.3657396375806,cand_003 (USDJPY)
2016-09-05 08:00:00,0.6347180141800342,4093.0004576517604,cand_007 (EURJPY)
2016-09-06 07:00:00,0.5672413372387529,4093.5676989889994,cand_003 (USDJPY)
2016-09-08 07:29:40,0.0,4093.5676989889994,cand_003 (USDJPY)
2016-09-08 13:00:00,-10.604576799678487,4082.963122189321,cand_003 (USDJPY)
2016-09-09 07:00:00,0.5672413372387529,4083.53036352656,cand_003 (USDJPY)
2016-09-12 07:00:00,0.5672413372387529,4084.0976048637986,cand_003 (USDJPY)
2016-09-12 08:00:00,0.6347180141800342,4084.7323228779787,cand_007 (EURJPY)
2016-09-14 07:00:00,0.5672413372387529,4085.2995642152173,cand_003 (USDJPY)
2016-09-14 08:00:00,0.6347180141800342,4085.9342822293975,cand_007 (EURJPY)
2016-09-14 09:27:40,0.0,4085.9342822293975,cand_003 (USDJPY)
2016-09-14 12:19:40,-41.64402277338305,4044.290259456014,cand_003 (USDJPY)
2016-09-21 08:00:00,0.6347180141800342,4044.924977470194,cand_007 (EURJPY)
2016-09-21 08:03:40,0.0,4044.924977470194,cand_007 (EURJPY)
2016-09-21 10:35:40,-63.45593346764891,3981.469044002545,cand_007 (EURJPY)
2016-10-03 07:00:00,0.5672413372387529,3982.0362853397837,cand_003 (USDJPY)
2016-10-03 08:00:00,0.6347180141800342,3982.671003353964,cand_007 (EURJPY)
2016-10-04 07:00:00,0.5672413372387529,3983.2382446912025,cand_003 (USDJPY)
2016-10-04 08:00:00,0.6347180141800342,3983.8729627053826,cand_007 (EURJPY)
2016-10-05 07:00:00,0.5672413372387529,3984.440204042621,cand_003 (USDJPY)
2016-10-06 07:00:00,0.5672413372387529,3985.00744537986,cand_003 (USDJPY)
2016-10-07 07:00:00,0.5672413372387529,3985.574686717099,cand_003 (USDJPY)
2016-10-11 07:00:00,0.5672413372387529,3986.1419280543378,cand_003 (USDJPY)
2016-10-14 07:00:00,0.5672413372387529,3986.7091693915763,cand_003 (USDJPY)
2016-10-14 07:13:40,0.0,3986.7091693915763,cand_003 (USDJPY)
2016-10-14 13:00:00,11.035680215979937,3997.7448496075567,cand_003 (USDJPY)
2016-10-17 07:00:00,0.5672413372387529,3998.3120909447953,cand_003 (USDJPY)
2016-10-21 07:00:00,0.5672413372387529,3998.879332282034,cand_003 (USDJPY)
2016-10-25 07:00:00,0.5672413372387529,3999.446573619273,cand_003 (USDJPY)
2016-10-26 07:00:00,0.5672413372387529,4000.013814956512,cand_003 (USDJPY)
2016-10-27 07:00:00,0.5672413372387529,4000.5810562937504,cand_003 (USDJPY)
2016-10-27 08:00:00,0.6347180141800342,4001.2157743079306,cand_007 (EURJPY)
2016-10-28 07:00:00,0.5672413372387529,4001.783015645169,cand_003 (USDJPY)
2016-10-28 09:17:40,0.0,4001.783015645169,cand_003 (USDJPY)
2016-10-28 13:00:00,-10.077042356046446,3991.705973289123,cand_003 (USDJPY)
2016-11-07 07:00:00,0.5672413372387529,3992.2732146263616,cand_003 (USDJPY)
2016-11-07 08:00:00,0.6347180141800342,3992.9079326405417,cand_007 (EURJPY)
2016-11-08 07:00:00,0.5672413372387529,3993.4751739777803,cand_003 (USDJPY)
2016-11-10 07:00:00,0.5672413372387529,3994.042415315019,cand_003 (USDJPY)
2016-11-10 08:00:00,0.6347180141800342,3994.677133329199,cand_007 (EURJPY)
2016-11-11 07:00:00,0.5672413372387529,3995.2443746664376,cand_003 (USDJPY)
2016-11-11 08:00:00,0.6347180141800342,3995.8790926806178,cand_007 (EURJPY)
2016-11-14 07:00:00,0.5672413372387529,3996.4463340178563,cand_003 (USDJPY)
2016-11-14 08:00:00,0.6347180141800342,3997.0810520320365,cand_007 (EURJPY)
2016-11-15 07:00:00,0.5672413372387529,3997.648293369275,cand_003 (USDJPY)
2016-11-16 07:00:00,0.5672413372387529,3998.215534706514,cand_003 (USDJPY)
2016-11-16 08:00:00,0.6347180141800342,3998.850252720694,cand_007 (EURJPY)
2016-11-16 09:24:40,0.0,3998.850252720694,cand_003 (USDJPY)
2016-11-16 13:00:00,15.831705722333593,4014.6819584430277,cand_003 (USDJPY)
2016-11-17 07:00:00,0.5672413372387529,4015.2491997802663,cand_003 (USDJPY)
2016-11-17 08:00:00,0.6347180141800342,4015.8839177944465,cand_007 (EURJPY)
2016-11-17 08:37:40,0.0,4015.8839177944465,cand_003 (USDJPY)
2016-11-17 13:00:00,-21.024800164754375,3994.859117629692,cand_003 (USDJPY)
2016-11-18 07:00:00,0.5672413372387529,3995.426358966931,cand_003 (USDJPY)
2016-11-18 08:00:00,0.6347180141800342,3996.0610769811105,cand_007 (EURJPY)
2016-11-18 09:29:40,0.0,3996.0610769811105,cand_003 (USDJPY)
2016-11-18 13:00:00,-28.78749786486671,3967.273579116244,cand_003 (USDJPY)
2016-11-21 08:00:00,0.6347180141800342,3967.9082971304238,cand_007 (EURJPY)
2016-11-25 08:00:00,0.6347180141800342,3968.5430151446035,cand_007 (EURJPY)
2016-11-28 08:00:00,0.6347180141800342,3969.1777331587837,cand_007 (EURJPY)
2016-11-30 08:00:00,0.6347180141800342,3969.812451172964,cand_007 (EURJPY)
2016-12-01 07:00:00,0.5672413372387529,3970.3796925102024,cand_003 (USDJPY)
2016-12-01 08:00:00,0.6347180141800342,3971.0144105243826,cand_007 (EURJPY)
2016-12-02 07:00:00,0.5672413372387529,3971.581651861621,cand_003 (USDJPY)
2016-12-02 08:00:00,0.6347180141800342,3972.2163698758013,cand_007 (EURJPY)
2016-12-07 07:00:00,0.5672413372387529,3972.78361121304,cand_003 (USDJPY)
2016-12-08 08:00:00,0.6347180141800342,3973.41832922722,cand_007 (EURJPY)
2016-12-09 07:00:00,0.5672413372387529,3973.9855705644586,cand_003 (USDJPY)
2016-12-12 07:00:00,0.5672413372387529,3974.552811901697,cand_003 (USDJPY)
2016-12-12 08:00:00,0.6347180141800342,3975.1875299158773,cand_007 (EURJPY)
2016-12-12 08:18:40,0.0,3975.1875299158773,cand_007 (EURJPY)
2016-12-12 08:20:40,0.0,3975.1875299158773,cand_003 (USDJPY)
2016-12-12 13:00:00,4.112499694980959,3979.3000296108585,cand_003 (USDJPY)
2016-12-12 15:00:00,29.38427046646468,4008.684300077323,cand_007 (EURJPY)
2016-12-13 07:00:00,0.5672413372387529,4009.251541414562,cand_003 (USDJPY)
2016-12-13 07:48:40,0.0,4009.251541414562,cand_003 (USDJPY)
2016-12-13 08:00:00,0.6347180141800342,4009.8862594287416,cand_007 (EURJPY)
2016-12-13 13:00:00,2.8503877196247336,4012.7366471483665,cand_003 (USDJPY)
2016-12-14 07:00:00,0.5672413372387529,4013.303888485605,cand_003 (USDJPY)
2016-12-15 07:00:00,0.5672413372387529,4013.8711298228436,cand_003 (USDJPY)
2016-12-15 08:00:00,0.6347180141800342,4014.505847837024,cand_007 (EURJPY)
2016-12-16 07:00:00,0.5672413372387529,4015.0730891742623,cand_003 (USDJPY)
2016-12-19 08:53:20,0.0,4015.0730891742623,cand_003 (USDJPY)
2016-12-19 13:00:00,-14.637662707446019,4000.4354264668164,cand_003 (USDJPY)
2016-12-20 07:00:00,0.5672413372387529,4001.0026678040554,cand_003 (USDJPY)
2016-12-20 07:14:40,0.0,4001.0026678040554,cand_003 (USDJPY)
2016-12-20 13:00:00,8.131404569317523,4009.134072373373,cand_003 (USDJPY)
2016-12-22 07:00:00,0.5672413372387529,4009.7013137106114,cand_003 (USDJPY)
2016-12-27 07:00:00,0.5672413372387529,4010.2685550478504,cand_003 (USDJPY)
2016-12-28 07:00:00,0.5672413372387529,4010.8357963850895,cand_003 (USDJPY)
2016-12-29 08:43:40,0.0,4010.8357963850895,cand_003 (USDJPY)
2016-12-29 13:00:00,0.14748274768207575,4010.9832791327713,cand_003 (USDJPY)
2016-12-30 08:00:00,0.6347180141800342,4011.617997146951,cand_007 (EURJPY)
2017-01-03 07:00:00,0.5672413372387529,4012.18523848419,cand_003 (USDJPY)
2017-01-03 09:10:40,0.0,4012.18523848419,cand_003 (USDJPY)
2017-01-03 13:00:00,28.299670314841382,4040.4849087990315,cand_003 (USDJPY)
2017-01-04 07:00:00,0.5672413372387529,4041.05215013627,cand_003 (USDJPY)
2017-01-05 07:19:40,0.0,4041.05215013627,cand_003 (USDJPY)
2017-01-05 08:00:00,0.6347180141800342,4041.68686815045,cand_007 (EURJPY)
2017-01-05 13:00:00,-30.551618423679233,4011.135249726771,cand_003 (USDJPY)
2017-01-06 08:00:00,0.6347180141800342,4011.769967740951,cand_007 (EURJPY)
2017-01-06 08:45:40,0.0,4011.769967740951,cand_007 (EURJPY)
2017-01-06 15:00:00,-3.608371910613494,4008.1615958303373,cand_007 (EURJPY)
2017-01-09 07:00:00,0.5672413372387529,4008.7288371675763,cand_003 (USDJPY)
2017-01-12 08:48:40,0.0,4008.7288371675763,cand_003 (USDJPY)
2017-01-12 13:00:00,1.0919395741845994,4009.8207767417607,cand_003 (USDJPY)
2017-01-13 08:00:00,0.6347180141800342,4010.455494755941,cand_007 (EURJPY)
2017-01-16 08:38:40,0.0,4010.455494755941,cand_003 (USDJPY)
2017-01-16 08:39:40,0.0,4010.455494755941,cand_007 (EURJPY)
2017-01-16 13:00:00,-22.63009314914005,3987.825401606801,cand_003 (USDJPY)
2017-01-16 15:00:00,-0.33322695744451797,3987.4921746493565,cand_007 (EURJPY)
2017-01-17 07:21:40,0.0,3987.4921746493565,cand_003 (USDJPY)
2017-01-17 13:00:00,27.233256600832526,4014.7254312501886,cand_003 (USDJPY)
2017-01-18 08:00:00,0.6347180141800342,4015.3601492643684,cand_007 (EURJPY)
2017-01-19 07:00:00,0.5672413372387529,4015.9273906016074,cand_003 (USDJPY)
2017-01-20 07:00:00,0.5672413372387529,4016.4946319388464,cand_003 (USDJPY)
2017-01-23 08:06:40,0.0,4016.4946319388464,cand_003 (USDJPY)
2017-01-23 13:00:00,-13.483326586165157,4003.011305352681,cand_003 (USDJPY)
2017-01-25 07:00:00,0.5672413372387529,4003.5785466899197,cand_003 (USDJPY)
2017-01-25 08:00:00,0.6347180141800342,4004.2132647041,cand_007 (EURJPY)
2017-01-27 07:00:00,0.5672413372387529,4004.7805060413384,cand_003 (USDJPY)
2017-01-27 08:00:00,0.6347180141800342,4005.4152240555186,cand_007 (EURJPY)
2017-01-27 08:02:40,0.0,4005.4152240555186,cand_003 (USDJPY)
2017-01-27 08:40:40,0.0,4005.4152240555186,cand_007 (EURJPY)
2017-01-27 13:00:00,-4.583310004889124,4000.831914050629,cand_003 (USDJPY)
2017-01-27 15:00:00,3.748009873733102,4004.5799239243624,cand_007 (EURJPY)
2017-02-01 08:00:00,0.6347180141800342,4005.2146419385426,cand_007 (EURJPY)
2017-02-02 07:47:40,0.0,4005.2146419385426,cand_003 (USDJPY)
2017-02-02 13:00:00,5.601508205232685,4010.8161501437753,cand_003 (USDJPY)
2017-02-03 07:00:00,0.5672413372387529,4011.383391481014,cand_003 (USDJPY)
2017-02-08 07:00:00,0.5672413372387529,4011.9506328182524,cand_003 (USDJPY)
2017-02-09 07:00:00,0.5672413372387529,4012.5178741554914,cand_003 (USDJPY)
2017-02-10 07:00:00,0.5672413372387529,4013.0851154927304,cand_003 (USDJPY)
2017-02-10 08:00:00,0.6347180141800342,4013.71983350691,cand_007 (EURJPY)
2017-02-13 07:00:00,0.5672413372387529,4014.287074844149,cand_003 (USDJPY)
2017-02-15 07:00:00,0.5672413372387529,4014.8543161813877,cand_003 (USDJPY)
2017-02-21 07:00:00,0.5672413372387529,4015.4215575186263,cand_003 (USDJPY)
2017-02-28 07:00:00,0.5672413372387529,4015.9887988558653,cand_003 (USDJPY)
2017-03-01 07:00:00,0.5672413372387529,4016.5560401931043,cand_003 (USDJPY)
2017-03-01 08:00:00,0.6347180141800342,4017.190758207284,cand_007 (EURJPY)
2017-03-02 07:00:00,0.5672413372387529,4017.757999544523,cand_003 (USDJPY)
2017-03-03 07:00:00,0.5672413372387529,4018.3252408817616,cand_003 (USDJPY)
2017-03-09 07:00:00,0.5672413372387529,4018.892482219,cand_003 (USDJPY)
2017-03-10 07:00:00,0.5672413372387529,4019.459723556239,cand_003 (USDJPY)
2017-03-10 08:00:00,0.6347180141800342,4020.094441570419,cand_007 (EURJPY)
2017-03-10 08:22:40,0.0,4020.094441570419,cand_003 (USDJPY)
2017-03-10 13:00:00,-5.556128898253585,4014.5383126721654,cand_003 (USDJPY)
2017-03-15 07:00:00,0.5672413372387529,4015.1055540094044,cand_003 (USDJPY)
2017-03-29 07:00:00,0.5672413372387529,4015.6727953466434,cand_003 (USDJPY)
2017-03-30 07:00:00,0.5672413372387529,4016.240036683882,cand_003 (USDJPY)
2017-03-31 07:00:00,0.5672413372387529,4016.8072780211205,cand_003 (USDJPY)
2017-03-31 08:00:00,0.6347180141800342,4017.4419960353007,cand_007 (EURJPY)
2017-04-04 09:46:40,0.0,4017.4419960353007,cand_003 (USDJPY)
2017-04-04 13:00:00,-8.931214854824164,4008.5107811804764,cand_003 (USDJPY)
2017-04-10 07:00:00,0.5672413372387529,4009.078022517715,cand_003 (USDJPY)
2017-04-18 07:00:00,0.5672413372387529,4009.645263854954,cand_003 (USDJPY)
2017-04-20 07:00:00,0.5672413372387529,4010.212505192193,cand_003 (USDJPY)
2017-04-24 07:00:00,0.5672413372387529,4010.7797465294316,cand_003 (USDJPY)
2017-04-24 08:00:00,0.6347180141800342,4011.4144645436118,cand_007 (EURJPY)
2017-04-24 08:55:40,0.0,4011.4144645436118,cand_007 (EURJPY)
2017-04-24 15:00:00,-26.261457836698913,3985.1530067069125,cand_007 (EURJPY)
2017-04-25 07:00:00,0.5672413372387529,3985.7202480441515,cand_003 (USDJPY)
2017-04-25 08:00:00,0.6347180141800342,3986.3549660583312,cand_007 (EURJPY)
2017-04-25 08:38:40,0.0,3986.3549660583312,cand_007 (EURJPY)
2017-04-25 09:45:40,0.0,3986.3549660583312,cand_003 (USDJPY)
2017-04-25 13:00:00,3.854404886537326,3990.209370944869,cand_003 (USDJPY)
2017-04-25 15:00:00,30.161800033835224,4020.371170978704,cand_007 (EURJPY)
2017-04-26 07:00:00,0.5672413372387529,4020.938412315943,cand_003 (USDJPY)
2017-04-26 08:00:00,0.6347180141800342,4021.5731303301227,cand_007 (EURJPY)
2017-04-26 08:14:40,0.0,4021.5731303301227,cand_007 (EURJPY)
2017-04-26 09:34:20,0.0,4021.5731303301227,cand_003 (USDJPY)
2017-04-26 11:38:40,-45.63939880961536,3975.9337315205075,cand_007 (EURJPY)
2017-04-26 11:38:40,38.45185201704065,4014.385583537548,cand_007 (EURJPY)
2017-04-26 13:00:00,-11.415731911929903,4002.9698516256185,cand_003 (USDJPY)
2017-04-27 07:00:00,0.5672413372387529,4003.537092962857,cand_003 (USDJPY)
2017-05-01 07:00:00,0.5672413372387529,4004.1043343000956,cand_003 (USDJPY)
2017-05-01 09:26:40,0.0,4004.1043343000956,cand_003 (USDJPY)
2017-05-01 13:00:00,-6.59985295877289,3997.504481341323,cand_003 (USDJPY)
2017-05-04 07:00:00,0.5672413372387529,3998.071722678562,cand_003 (USDJPY)
2017-05-05 08:00:00,0.6347180141800342,3998.7064406927416,cand_007 (EURJPY)
2017-05-08 07:00:00,0.5672413372387529,3999.2736820299806,cand_003 (USDJPY)
2017-05-08 08:00:00,0.6347180141800342,3999.9084000441603,cand_007 (EURJPY)
2017-05-10 07:00:00,0.5672413372387529,4000.4756413813993,cand_003 (USDJPY)
2017-05-11 07:00:00,0.5672413372387529,4001.042882718638,cand_003 (USDJPY)
2017-05-16 09:13:40,0.0,4001.042882718638,cand_003 (USDJPY)
2017-05-16 13:00:00,-14.53272306005685,3986.510159658581,cand_003 (USDJPY)
2017-05-22 07:00:00,0.5672413372387529,3987.0774009958195,cand_003 (USDJPY)
2017-05-24 07:00:00,0.5672413372387529,3987.6446423330585,cand_003 (USDJPY)
2017-05-26 08:02:40,0.0,3987.6446423330585,cand_003 (USDJPY)
2017-05-26 08:52:40,0.0,3987.6446423330585,cand_007 (EURJPY)
2017-05-26 13:00:00,22.54217074186804,4010.1868130749262,cand_003 (USDJPY)
2017-05-26 15:00:00,29.7270181941219,4039.9138312690484,cand_007 (EURJPY)
2017-05-31 07:00:00,0.5672413372387529,4040.481072606287,cand_003 (USDJPY)
2017-06-01 07:00:00,0.5672413372387529,4041.048313943526,cand_003 (USDJPY)
2017-06-02 07:00:00,0.5672413372387529,4041.615555280765,cand_003 (USDJPY)
2017-06-06 09:50:40,0.0,4041.615555280765,cand_003 (USDJPY)
2017-06-06 13:00:00,-6.460878831149396,4035.154676449615,cand_003 (USDJPY)
2017-06-08 07:00:00,0.5672413372387529,4035.721917786854,cand_003 (USDJPY)
2017-06-09 07:00:00,0.5672413372387529,4036.289159124093,cand_003 (USDJPY)
2017-06-09 08:00:00,0.6347180141800342,4036.923877138273,cand_007 (EURJPY)
2017-06-09 09:52:40,0.0,4036.923877138273,cand_003 (USDJPY)
2017-06-09 13:00:00,-4.571965178144349,4032.3519119601287,cand_003 (USDJPY)
2017-06-12 07:00:00,0.5672413372387529,4032.9191532973673,cand_003 (USDJPY)
2017-06-16 07:00:00,0.5672413372387529,4033.486394634606,cand_003 (USDJPY)
2017-06-16 08:00:00,0.6347180141800342,4034.121112648786,cand_007 (EURJPY)
2017-06-16 09:42:40,0.0,4034.121112648786,cand_003 (USDJPY)
2017-06-16 13:00:00,-4.024577287708952,4030.0965353610773,cand_003 (USDJPY)
2017-06-19 07:00:00,0.5672413372387529,4030.663776698316,cand_003 (USDJPY)
2017-06-20 07:00:00,0.5672413372387529,4031.2310180355544,cand_003 (USDJPY)
2017-06-27 07:00:00,0.5672413372387529,4031.7982593727934,cand_003 (USDJPY)
2017-06-28 07:00:00,0.5672413372387529,4032.3655007100324,cand_003 (USDJPY)
2017-07-03 07:00:00,0.5672413372387529,4032.932742047271,cand_003 (USDJPY)
2017-07-04 07:00:00,0.5672413372387529,4033.4999833845095,cand_003 (USDJPY)
2017-07-05 07:00:00,0.5672413372387529,4034.0672247217485,cand_003 (USDJPY)
2017-07-07 07:00:00,0.5672413372387529,4034.6344660589875,cand_003 (USDJPY)
2017-07-07 08:00:00,0.6347180141800342,4035.2691840731673,cand_007 (EURJPY)
2017-07-10 07:00:00,0.5672413372387529,4035.8364254104063,cand_003 (USDJPY)
2017-07-12 08:00:00,0.6347180141800342,4036.471143424586,cand_007 (EURJPY)
2017-07-14 07:00:00,0.5672413372387529,4037.038384761825,cand_003 (USDJPY)
2017-07-18 08:00:00,0.6347180141800342,4037.6731027760047,cand_007 (EURJPY)
2017-07-20 07:00:00,0.5672413372387529,4038.2403441132437,cand_003 (USDJPY)
2017-07-25 09:06:40,0.0,4038.2403441132437,cand_003 (USDJPY)
2017-07-25 12:59:40,31.615763172339133,4069.8561072855828,cand_003 (USDJPY)
2017-07-25 12:59:40,-29.666721937586775,4040.189385347996,cand_003 (USDJPY)
2017-08-02 07:00:00,0.5672413372387529,4040.7566266852346,cand_003 (USDJPY)
2017-08-02 07:00:40,0.0,4040.7566266852346,cand_003 (USDJPY)
2017-08-02 08:00:00,0.6347180141800342,4041.3913446994147,cand_007 (EURJPY)
2017-08-02 13:00:00,-2.867404959741896,4038.5239397396726,cand_003 (USDJPY)
2017-08-03 07:00:00,0.5672413372387529,4039.091181076911,cand_003 (USDJPY)
2017-08-14 07:00:00,0.5672413372387529,4039.65842241415,cand_003 (USDJPY)
2017-08-14 07:10:40,0.0,4039.65842241415,cand_003 (USDJPY)
2017-08-14 08:00:00,0.6347180141800342,4040.29314042833,cand_007 (EURJPY)
2017-08-14 13:00:00,1.9654912335322787,4042.2586316618626,cand_003 (USDJPY)
2017-08-15 07:00:00,0.5672413372387529,4042.825872999101,cand_003 (USDJPY)
2017-08-15 08:30:40,0.0,4042.825872999101,cand_003 (USDJPY)
2017-08-15 13:00:00,0.975655100050655,4043.801528099152,cand_003 (USDJPY)
2017-08-18 09:51:40,0.0,4043.801528099152,cand_003 (USDJPY)
2017-08-18 13:00:00,0.10493964738916929,4043.9064677465412,cand_003 (USDJPY)
2017-08-22 07:00:00,0.5672413372387529,4044.47370908378,cand_003 (USDJPY)
2017-08-23 07:00:00,0.5672413372387529,4045.0409504210184,cand_003 (USDJPY)
2017-08-25 07:00:00,0.5672413372387529,4045.6081917582574,cand_003 (USDJPY)
2017-08-28 08:00:00,0.6347180141800342,4046.242909772437,cand_007 (EURJPY)
2017-08-30 07:00:00,0.5672413372387529,4046.810151109676,cand_003 (USDJPY)
2017-08-30 09:16:40,0.0,4046.810151109676,cand_003 (USDJPY)
2017-08-30 13:00:00,-8.4150252379369,4038.3951258717393,cand_003 (USDJPY)
2017-08-31 07:00:00,0.5672413372387529,4038.9623672089783,cand_003 (USDJPY)
2017-09-08 08:00:00,0.6347180141800342,4039.597085223158,cand_007 (EURJPY)
2017-09-08 08:00:40,0.0,4039.597085223158,cand_003 (USDJPY)
2017-09-08 13:00:00,10.47978370548596,4050.076868928644,cand_003 (USDJPY)
2017-09-11 07:00:00,0.5672413372387529,4050.644110265883,cand_003 (USDJPY)
2017-09-12 07:00:00,0.5672413372387529,4051.2113516031213,cand_003 (USDJPY)
2017-09-13 07:00:00,0.5672413372387529,4051.7785929403603,cand_003 (USDJPY)
2017-09-14 07:00:00,0.5672413372387529,4052.3458342775994,cand_003 (USDJPY)
2017-09-15 07:00:00,0.5672413372387529,4052.913075614838,cand_003 (USDJPY)
2017-09-15 08:00:00,0.6347180141800342,4053.547793629018,cand_007 (EURJPY)
2017-09-15 08:23:40,0.0,4053.547793629018,cand_007 (EURJPY)
2017-09-15 09:13:40,0.0,4053.547793629018,cand_003 (USDJPY)
2017-09-15 13:00:00,33.609049231396114,4087.156842860414,cand_003 (USDJPY)
2017-09-15 15:00:00,76.0550860491226,4163.211928909536,cand_007 (EURJPY)
2017-09-18 07:00:00,0.5672413372387529,4163.779170246775,cand_003 (USDJPY)
2017-09-18 09:43:40,0.0,4163.779170246775,cand_003 (USDJPY)
2017-09-18 13:00:00,-5.4540254575506095,4158.325144789224,cand_003 (USDJPY)
2017-09-19 08:00:00,0.6347180141800342,4158.959862803405,cand_007 (EURJPY)
2017-09-19 08:17:40,0.0,4158.959862803405,cand_007 (EURJPY)
2017-09-19 15:00:00,-20.26337260269759,4138.696490200707,cand_007 (EURJPY)
2017-09-21 07:00:00,0.5672413372387529,4139.263731537945,cand_003 (USDJPY)
2017-09-25 07:00:00,0.5672413372387529,4139.830972875185,cand_003 (USDJPY)
2017-09-27 07:00:00,0.5672413372387529,4140.398214212423,cand_003 (USDJPY)
2017-09-27 09:57:40,0.0,4140.398214212423,cand_003 (USDJPY)
2017-09-27 13:00:00,8.193801116413786,4148.592015328837,cand_003 (USDJPY)
2017-09-28 07:00:00,0.5672413372387529,4149.159256666076,cand_003 (USDJPY)
2017-09-28 09:03:40,0.0,4149.159256666076,cand_003 (USDJPY)
2017-09-28 13:00:00,-24.201351653291393,4124.957905012785,cand_003 (USDJPY)
2017-09-29 07:00:00,0.5672413372387529,4125.5251463500235,cand_003 (USDJPY)
2017-10-02 07:00:00,0.5672413372387529,4126.092387687262,cand_003 (USDJPY)
2017-10-03 07:00:00,0.5672413372387529,4126.659629024501,cand_003 (USDJPY)
2017-10-17 07:00:00,0.5672413372387529,4127.226870361739,cand_003 (USDJPY)
2017-10-20 07:00:00,0.5672413372387529,4127.794111698979,cand_003 (USDJPY)
2017-10-23 07:00:00,0.5672413372387529,4128.361353036217,cand_003 (USDJPY)
2017-10-27 07:00:00,0.5672413372387529,4128.928594373456,cand_003 (USDJPY)
2017-11-01 07:00:00,0.5672413372387529,4129.495835710695,cand_003 (USDJPY)
2017-11-02 07:00:00,0.5672413372387529,4130.063077047934,cand_003 (USDJPY)
2017-11-06 07:00:00,0.5672413372387529,4130.630318385172,cand_003 (USDJPY)
2017-11-09 07:23:40,0.0,4130.630318385172,cand_003 (USDJPY)
2017-11-09 13:00:00,8.497275231836518,4139.127593617009,cand_003 (USDJPY)
2017-11-13 07:00:00,0.5672413372387529,4139.694834954247,cand_003 (USDJPY)
2017-11-15 08:00:00,0.6347180141800342,4140.329552968427,cand_007 (EURJPY)
2017-11-22 09:46:40,0.0,4140.329552968427,cand_003 (USDJPY)
2017-11-22 13:00:00,-3.2899997559847667,4137.039553212443,cand_003 (USDJPY)
2017-11-27 08:00:00,0.6347180141800342,4137.674271226622,cand_007 (EURJPY)
2017-11-29 07:00:00,0.5672413372387529,4138.241512563862,cand_003 (USDJPY)
2017-11-30 07:00:00,0.5672413372387529,4138.8087539011,cand_003 (USDJPY)
2017-11-30 09:03:40,0.0,4138.8087539011,cand_003 (USDJPY)
2017-11-30 13:00:00,6.764352946572129,4145.5731068476725,cand_003 (USDJPY)
2017-12-01 07:00:00,0.5672413372387529,4146.140348184911,cand_003 (USDJPY)
2017-12-01 08:00:00,0.6347180141800342,4146.775066199091,cand_007 (EURJPY)
2017-12-07 07:00:00,0.5672413372387529,4147.34230753633,cand_003 (USDJPY)
2017-12-07 08:37:40,0.0,4147.34230753633,cand_003 (USDJPY)
2017-12-07 13:00:00,3.8260428196753886,4151.168350356005,cand_003 (USDJPY)
2017-12-08 07:00:00,0.5672413372387529,4151.735591693245,cand_003 (USDJPY)
2017-12-18 07:00:00,0.5672413372387529,4152.302833030483,cand_003 (USDJPY)
2017-12-21 07:00:00,0.5672413372387529,4152.870074367722,cand_003 (USDJPY)
2017-12-21 09:35:40,0.0,4152.870074367722,cand_003 (USDJPY)
2017-12-21 13:00:00,-5.147715135441683,4147.72235923228,cand_003 (USDJPY)
2018-01-10 08:36:40,0.0,4147.72235923228,cand_007 (EURJPY)
2018-01-10 09:03:40,0.0,4147.72235923228,cand_003 (USDJPY)
2018-01-10 13:00:00,31.870454532759332,4179.592813765039,cand_003 (USDJPY)
2018-01-10 15:00:00,10.993316005598192,4190.586129770638,cand_007 (EURJPY)
2018-01-15 08:00:00,0.6347180141800342,4191.220847784818,cand_007 (EURJPY)
2018-01-17 07:00:00,0.5672413372387529,4191.788089122057,cand_003 (USDJPY)
2018-01-17 08:00:00,0.6347180141800342,4192.422807136236,cand_007 (EURJPY)
2018-01-18 07:00:00,0.5672413372387529,4192.990048473475,cand_003 (USDJPY)
2018-01-23 08:00:00,0.6347180141800342,4193.6247664876555,cand_007 (EURJPY)
2018-01-25 08:27:40,0.0,4193.6247664876555,cand_003 (USDJPY)
2018-01-25 13:00:00,-15.341041965622074,4178.283724522033,cand_003 (USDJPY)
2018-01-26 08:24:40,0.0,4178.283724522033,cand_003 (USDJPY)
2018-01-26 13:00:00,3.3779221632567737,4181.66164668529,cand_003 (USDJPY)
2018-01-30 08:14:20,0.0,4181.66164668529,cand_007 (EURJPY)
2018-01-30 13:56:40,-48.06719521385399,4133.594451471436,cand_007 (EURJPY)
2018-01-30 13:56:40,42.87456713984713,4176.469018611283,cand_007 (EURJPY)
2018-01-31 07:00:00,0.5672413372387529,4177.036259948522,cand_003 (USDJPY)
2018-02-01 07:00:00,0.5672413372387529,4177.603501285761,cand_003 (USDJPY)
2018-02-01 08:36:40,0.0,4177.603501285761,cand_003 (USDJPY)
2018-02-01 13:00:00,6.001413347986006,4183.604914633746,cand_003 (USDJPY)
2018-02-02 07:00:00,0.5672413372387529,4184.172155970986,cand_003 (USDJPY)
2018-02-02 08:38:40,0.0,4184.172155970986,cand_003 (USDJPY)
2018-02-02 13:00:00,2.736939452176983,4186.909095423162,cand_003 (USDJPY)
2018-02-05 07:00:00,0.5672413372387529,4187.476336760401,cand_003 (USDJPY)
2018-02-07 08:04:40,0.0,4187.476336760401,cand_007 (EURJPY)
2018-02-07 09:30:40,0.0,4187.476336760401,cand_003 (USDJPY)
2018-02-07 13:00:00,-1.506025750368889,4185.970311010033,cand_003 (USDJPY)
2018-02-07 15:00:00,11.612166069423726,4197.582477079456,cand_007 (EURJPY)
2018-02-08 07:00:00,0.5672413372387529,4198.149718416695,cand_003 (USDJPY)
2018-02-08 08:00:40,0.0,4198.149718416695,cand_003 (USDJPY)
2018-02-08 13:00:00,-6.367284010505001,4191.78243440619,cand_003 (USDJPY)
2018-02-13 08:10:20,0.0,4191.78243440619,cand_003 (USDJPY)
2018-02-13 13:00:00,29.51073056984612,4221.293164976036,cand_003 (USDJPY)
2018-02-19 07:00:00,0.5672413372387529,4221.860406313274,cand_003 (USDJPY)
2018-02-19 08:21:40,0.0,4221.860406313274,cand_003 (USDJPY)
2018-02-19 13:00:00,-3.621835938269437,4218.238570375005,cand_003 (USDJPY)
2018-02-20 07:00:00,0.5672413372387529,4218.805811712244,cand_003 (USDJPY)
2018-02-20 09:35:40,0.0,4218.805811712244,cand_003 (USDJPY)
2018-02-20 13:00:00,8.735516593476795,4227.5413283057205,cand_003 (USDJPY)
2018-02-21 07:00:00,0.5672413372387529,4228.10856964296,cand_003 (USDJPY)
2018-02-21 08:00:00,0.6347180141800342,4228.743287657139,cand_007 (EURJPY)
2018-02-22 07:00:00,0.5672413372387529,4229.310528994378,cand_003 (USDJPY)
2018-02-27 07:00:00,0.5672413372387529,4229.877770331617,cand_003 (USDJPY)
2018-02-28 07:00:00,0.5672413372387529,4230.445011668856,cand_003 (USDJPY)
2018-03-02 07:58:40,0.0,4230.445011668856,cand_003 (USDJPY)
2018-03-02 08:28:40,0.0,4230.445011668856,cand_007 (EURJPY)
2018-03-02 13:00:00,12.734568021010002,4243.179579689866,cand_003 (USDJPY)
2018-03-02 15:00:00,2.770544131895849,4245.950123821762,cand_007 (EURJPY)
2018-03-06 07:00:00,0.5672413372387529,4246.517365159,cand_003 (USDJPY)
2018-03-06 08:00:00,0.6347180141800342,4247.1520831731805,cand_007 (EURJPY)
2018-03-09 07:00:00,0.5672413372387529,4247.719324510419,cand_003 (USDJPY)
2018-03-09 08:00:00,0.6347180141800342,4248.354042524599,cand_007 (EURJPY)
2018-03-12 07:00:00,0.5672413372387529,4248.921283861838,cand_003 (USDJPY)
2018-03-13 07:00:00,0.5672413372387529,4249.488525199076,cand_003 (USDJPY)
2018-03-13 07:18:40,0.0,4249.488525199076,cand_003 (USDJPY)
2018-03-13 08:00:00,0.6347180141800342,4250.1232432132565,cand_007 (EURJPY)
2018-03-13 13:00:00,23.134937939282537,4273.25818115254,cand_003 (USDJPY)
2018-03-20 07:00:00,0.5672413372387529,4273.825422489778,cand_003 (USDJPY)
2018-03-20 08:00:00,0.6347180141800342,4274.4601405039575,cand_007 (EURJPY)
2018-03-27 07:00:00,0.5672413372387529,4275.027381841197,cand_003 (USDJPY)
2018-03-28 07:00:00,0.5672413372387529,4275.5946231784355,cand_003 (USDJPY)
2018-03-28 08:00:00,0.6347180141800342,4276.229341192616,cand_007 (EURJPY)
2018-03-29 07:00:00,0.5672413372387529,4276.796582529854,cand_003 (USDJPY)
2018-03-30 07:00:00,0.5672413372387529,4277.363823867093,cand_003 (USDJPY)
2018-04-05 07:00:00,0.5672413372387529,4277.931065204331,cand_003 (USDJPY)
2018-04-06 07:00:00,0.5672413372387529,4278.498306541571,cand_003 (USDJPY)
2018-04-09 07:00:00,0.5672413372387529,4279.065547878809,cand_003 (USDJPY)
2018-04-10 07:00:00,0.5672413372387529,4279.632789216048,cand_003 (USDJPY)
2018-04-10 08:00:00,0.6347180141800342,4280.267507230228,cand_007 (EURJPY)
2018-04-13 07:00:00,0.5672413372387529,4280.834748567467,cand_003 (USDJPY)
2018-04-13 09:03:20,0.0,4280.834748567467,cand_003 (USDJPY)
2018-04-13 13:00:00,-0.8962413128372296,4279.93850725463,cand_003 (USDJPY)
2018-04-18 07:00:00,0.5672413372387529,4280.505748591869,cand_003 (USDJPY)
2018-04-18 08:00:00,0.6347180141800342,4281.140466606048,cand_007 (EURJPY)
2018-04-19 07:00:00,0.5672413372387529,4281.7077079432875,cand_003 (USDJPY)
2018-04-20 07:00:00,0.5672413372387529,4282.274949280526,cand_003 (USDJPY)
2018-04-25 07:00:00,0.5672413372387529,4282.842190617765,cand_003 (USDJPY)
2018-04-25 09:57:40,0.0,4282.842190617765,cand_003 (USDJPY)
2018-04-25 13:00:00,-5.510749591274484,4277.33144102649,cand_003 (USDJPY)
2018-05-02 07:00:00,0.5672413372387529,4277.898682363729,cand_003 (USDJPY)
2018-05-09 07:00:00,0.5672413372387529,4278.465923700967,cand_003 (USDJPY)
2018-05-10 07:00:00,0.5672413372387529,4279.033165038207,cand_003 (USDJPY)
2018-05-17 07:00:00,0.5672413372387529,4279.600406375445,cand_003 (USDJPY)
2018-05-17 09:19:40,0.0,4279.600406375445,cand_003 (USDJPY)
2018-05-17 13:00:00,8.199473529786173,4287.799879905231,cand_003 (USDJPY)
2018-05-18 07:00:00,0.5672413372387529,4288.367121242471,cand_003 (USDJPY)
2018-05-21 07:00:00,0.5672413372387529,4288.934362579709,cand_003 (USDJPY)
2018-05-21 07:14:40,0.0,4288.934362579709,cand_003 (USDJPY)
2018-05-21 13:00:00,0.2552586017574388,4289.1896211814665,cand_003 (USDJPY)
2018-05-31 08:00:00,0.6347180141800342,4289.824339195647,cand_007 (EURJPY)
2018-05-31 08:36:40,0.0,4289.824339195647,cand_007 (EURJPY)
2018-05-31 15:00:00,22.15800587502499,4311.982345070672,cand_007 (EURJPY)
2018-06-01 07:00:00,0.5672413372387529,4312.54958640791,cand_003 (USDJPY)
2018-06-01 08:00:00,0.6347180141800342,4313.1843044220905,cand_007 (EURJPY)
2018-06-04 07:00:00,0.5672413372387529,4313.751545759329,cand_003 (USDJPY)
2018-06-07 07:00:00,0.5672413372387529,4314.3187870965685,cand_003 (USDJPY)
2018-06-11 07:00:00,0.5672413372387529,4314.886028433807,cand_003 (USDJPY)
2018-06-11 08:00:00,0.6347180141800342,4315.520746447986,cand_007 (EURJPY)
2018-06-11 09:07:40,0.0,4315.520746447986,cand_003 (USDJPY)
2018-06-11 13:00:00,7.371301177417593,4322.892047625404,cand_003 (USDJPY)
2018-06-12 07:00:00,0.5672413372387529,4323.459288962643,cand_003 (USDJPY)
2018-06-12 08:00:00,0.6347180141800342,4324.094006976823,cand_007 (EURJPY)
2018-06-13 07:00:00,0.5672413372387529,4324.661248314062,cand_003 (USDJPY)
2018-06-15 07:00:00,0.5672413372387529,4325.228489651301,cand_003 (USDJPY)
2018-06-15 09:00:40,0.0,4325.228489651301,cand_003 (USDJPY)
2018-06-15 13:00:00,-19.342929599841476,4305.885560051459,cand_003 (USDJPY)
2018-06-19 08:50:20,0.0,4305.885560051459,cand_007 (EURJPY)
2018-06-19 08:53:20,0.0,4305.885560051459,cand_003 (USDJPY)
2018-06-19 13:00:00,-12.133292203536925,4293.752267847922,cand_003 (USDJPY)
2018-06-19 15:00:00,30.371256978514634,4324.123524826437,cand_007 (EURJPY)
2018-06-21 07:00:00,0.5672413372387529,4324.690766163676,cand_003 (USDJPY)
2018-06-21 08:14:40,0.0,4324.690766163676,cand_003 (USDJPY)
2018-06-21 13:00:00,-18.80405032946466,4305.886715834211,cand_003 (USDJPY)
2018-06-25 08:23:20,0.0,4305.886715834211,cand_007 (EURJPY)
2018-06-25 15:00:00,-38.9685124805832,4266.918203353627,cand_007 (EURJPY)
2018-06-29 08:00:00,0.6347180141800342,4267.552921367807,cand_007 (EURJPY)
2018-07-02 07:00:00,0.5672413372387529,4268.120162705047,cand_003 (USDJPY)
2018-07-03 07:00:00,0.5672413372387529,4268.687404042285,cand_003 (USDJPY)
2018-07-03 08:00:00,0.6347180141800342,4269.322122056465,cand_007 (EURJPY)
2018-07-10 07:00:00,0.5672413372387529,4269.889363393704,cand_003 (USDJPY)
2018-07-10 08:09:40,0.0,4269.889363393704,cand_003 (USDJPY)
2018-07-10 13:00:00,1.8350257259673657,4271.724389119671,cand_003 (USDJPY)
2018-07-11 07:00:00,0.5672413372387529,4272.29163045691,cand_003 (USDJPY)
2018-07-11 08:00:00,0.6347180141800342,4272.92634847109,cand_007 (EURJPY)
2018-07-12 07:00:00,0.5672413372387529,4273.493589808329,cand_003 (USDJPY)
2018-07-12 08:00:00,0.6347180141800342,4274.128307822509,cand_007 (EURJPY)
2018-07-13 07:00:00,0.5672413372387529,4274.695549159747,cand_003 (USDJPY)
2018-07-30 07:00:00,0.5672413372387529,4275.262790496987,cand_003 (USDJPY)
2018-07-31 08:00:00,0.6347180141800342,4275.897508511166,cand_007 (EURJPY)
2018-08-01 07:00:00,0.5672413372387529,4276.464749848405,cand_003 (USDJPY)
2018-08-01 09:19:40,0.0,4276.464749848405,cand_003 (USDJPY)
2018-08-01 13:00:00,-4.861258260136113,4271.603491588269,cand_003 (USDJPY)
2018-08-10 07:22:40,0.0,4271.603491588269,cand_003 (USDJPY)
2018-08-10 08:09:40,0.0,4271.603491588269,cand_007 (EURJPY)
2018-08-10 13:00:00,-12.677843887286128,4258.925647700983,cand_003 (USDJPY)
2018-08-10 15:00:00,14.47157072330478,4273.3972184242875,cand_007 (EURJPY)
2018-08-14 07:00:00,0.5672413372387529,4273.964459761526,cand_003 (USDJPY)
2018-08-14 09:18:40,0.0,4273.964459761526,cand_003 (USDJPY)
2018-08-14 13:00:00,-4.909473773801406,4269.054985987725,cand_003 (USDJPY)
2018-08-15 07:00:00,0.5672413372387529,4269.622227324964,cand_003 (USDJPY)
2018-08-16 08:00:00,0.6347180141800342,4270.256945339143,cand_007 (EURJPY)
2018-08-16 08:49:20,0.0,4270.256945339143,cand_007 (EURJPY)
2018-08-16 15:00:00,-22.678474646652617,4247.5784706924915,cand_007 (EURJPY)
2018-08-21 08:00:00,0.6347180141800342,4248.213188706671,cand_007 (EURJPY)
2018-08-21 08:29:40,0.0,4248.213188706671,cand_007 (EURJPY)
2018-08-21 15:00:00,0.9203411205610494,4249.1335298272315,cand_007 (EURJPY)
2018-08-22 07:00:00,0.5672413372387529,4249.700771164471,cand_003 (USDJPY)
2018-08-22 08:00:00,0.6347180141800342,4250.335489178651,cand_007 (EURJPY)
2018-08-23 07:00:00,0.5672413372387529,4250.90273051589,cand_003 (USDJPY)
2018-08-24 07:00:00,0.5672413372387529,4251.469971853128,cand_003 (USDJPY)
2018-08-27 08:00:00,0.6347180141800342,4252.1046898673085,cand_007 (EURJPY)
2018-08-28 07:00:00,0.5672413372387529,4252.671931204547,cand_003 (USDJPY)
2018-09-04 07:00:00,0.5672413372387529,4253.239172541786,cand_003 (USDJPY)
2018-09-04 09:02:40,0.0,4253.239172541786,cand_003 (USDJPY)
2018-09-04 13:00:00,5.042775488052514,4258.2819480298385,cand_003 (USDJPY)
2018-09-05 07:00:00,0.5672413372387529,4258.849189367077,cand_003 (USDJPY)
2018-09-11 07:00:00,0.5672413372387529,4259.416430704316,cand_003 (USDJPY)
2018-09-11 08:00:00,0.6347180141800342,4260.051148718496,cand_007 (EURJPY)
2018-09-11 08:40:40,0.0,4260.051148718496,cand_007 (EURJPY)
2018-09-11 15:00:00,-23.995514526076192,4236.055634192419,cand_007 (EURJPY)
2018-09-13 07:00:00,0.5672413372387529,4236.622875529658,cand_003 (USDJPY)
2018-09-13 08:00:00,0.6347180141800342,4237.257593543838,cand_007 (EURJPY)
2018-09-14 07:00:00,0.5672413372387529,4237.824834881078,cand_003 (USDJPY)
2018-09-18 07:00:00,0.5672413372387529,4238.392076218316,cand_003 (USDJPY)
2018-09-18 08:00:00,0.6347180141800342,4239.026794232495,cand_007 (EURJPY)
2018-09-18 09:17:40,0.0,4239.026794232495,cand_003 (USDJPY)
2018-09-18 13:00:00,-6.889146040764654,4232.137648191731,cand_003 (USDJPY)
2018-09-21 07:00:00,0.5672413372387529,4232.70488952897,cand_003 (USDJPY)
2018-09-21 08:00:00,0.6347180141800342,4233.33960754315,cand_007 (EURJPY)
2018-09-21 09:47:40,0.0,4233.33960754315,cand_003 (USDJPY)
2018-09-21 13:00:00,-7.4450425512586325,4225.8945649918915,cand_003 (USDJPY)
2018-09-28 07:00:00,0.5672413372387529,4226.46180632913,cand_003 (USDJPY)
2018-10-01 07:00:00,0.5672413372387529,4227.029047666369,cand_003 (USDJPY)
2018-10-04 07:00:00,0.5672413372387529,4227.596289003608,cand_003 (USDJPY)
2018-10-12 08:00:00,0.6347180141800342,4228.231007017787,cand_007 (EURJPY)
2018-10-12 08:24:40,0.0,4228.231007017787,cand_007 (EURJPY)
2018-10-12 15:00:00,-28.82571861398625,4199.405288403801,cand_007 (EURJPY)
2018-10-19 07:00:00,0.5672413372387529,4199.9725297410405,cand_003 (USDJPY)
2018-10-22 07:00:00,0.5672413372387529,4200.539771078279,cand_003 (USDJPY)
2018-10-22 08:00:00,0.6347180141800342,4201.174489092458,cand_007 (EURJPY)
2018-10-22 09:33:20,0.0,4201.174489092458,cand_003 (USDJPY)
2018-10-22 13:00:00,2.8163532393904083,4203.990842331849,cand_003 (USDJPY)
2018-10-23 09:43:40,0.0,4203.990842331849,cand_003 (USDJPY)
2018-10-23 13:00:00,2.5242239507124506,4206.515066282562,cand_003 (USDJPY)
2018-10-24 07:00:00,0.5672413372387529,4207.0823076198,cand_003 (USDJPY)
2018-10-26 08:31:40,0.0,4207.0823076198,cand_007 (EURJPY)
2018-10-26 15:00:00,16.315426554497776,4223.3977341742975,cand_007 (EURJPY)
2018-10-30 07:00:00,0.5672413372387529,4223.964975511537,cand_003 (USDJPY)
2018-10-30 08:00:00,0.6347180141800342,4224.599693525717,cand_007 (EURJPY)
2018-10-31 07:00:00,0.5672413372387529,4225.166934862956,cand_003 (USDJPY)
2018-11-02 08:00:00,0.6347180141800342,4225.801652877135,cand_007 (EURJPY)
2018-11-02 08:23:40,0.0,4225.801652877135,cand_007 (EURJPY)
2018-11-02 15:00:00,6.353527321942142,4232.155180199077,cand_007 (EURJPY)
2018-11-07 08:00:00,0.6347180141800342,4232.789898213257,cand_007 (EURJPY)
2018-11-09 07:00:00,0.5672413372387529,4233.357139550497,cand_003 (USDJPY)
2018-11-13 07:00:00,0.5672413372387529,4233.924380887735,cand_003 (USDJPY)
2018-11-21 07:00:00,0.5672413372387529,4234.491622224974,cand_003 (USDJPY)
2018-11-26 07:00:00,0.5672413372387529,4235.0588635622125,cand_003 (USDJPY)
2018-12-07 07:00:00,0.5672413372387529,4235.626104899451,cand_003 (USDJPY)
2018-12-11 07:00:00,0.5672413372387529,4236.193346236691,cand_003 (USDJPY)
2018-12-20 07:43:40,0.0,4236.193346236691,cand_003 (USDJPY)
2018-12-20 13:00:00,17.56179180091179,4253.755138037603,cand_003 (USDJPY)
2018-12-27 07:00:00,0.5672413372387529,4254.322379374841,cand_003 (USDJPY)
2018-12-27 08:00:00,0.6347180141800342,4254.95709738902,cand_007 (EURJPY)
2018-12-28 09:56:40,0.0,4254.95709738902,cand_003 (USDJPY)
2018-12-28 13:00:00,3.497042844076912,4258.454140233098,cand_003 (USDJPY)
2019-01-02 08:10:40,0.0,4258.454140233098,cand_003 (USDJPY)
2019-01-02 13:00:00,6.812568460237422,4265.266708693335,cand_003 (USDJPY)
2019-01-04 07:00:00,0.5672413372387529,4265.833950030574,cand_003 (USDJPY)
2019-01-07 07:00:00,0.5672413372387529,4266.401191367813,cand_003 (USDJPY)
2019-01-07 08:00:00,0.6347180141800342,4267.0359093819925,cand_007 (EURJPY)
2019-01-08 07:00:00,0.5672413372387529,4267.603150719231,cand_003 (USDJPY)
2019-01-08 08:00:00,0.6347180141800342,4268.237868733411,cand_007 (EURJPY)
2019-01-09 07:00:00,0.5672413372387529,4268.805110070651,cand_003 (USDJPY)
2019-01-10 08:00:00,0.6347180141800342,4269.43982808483,cand_007 (EURJPY)
2019-01-15 07:00:00,0.5672413372387529,4270.0070694220685,cand_003 (USDJPY)
2019-01-15 07:16:40,0.0,4270.0070694220685,cand_003 (USDJPY)
2019-01-15 08:00:00,0.6347180141800342,4270.641787436249,cand_007 (EURJPY)
2019-01-15 13:00:00,-10.664137140088556,4259.97765029616,cand_003 (USDJPY)
2019-01-16 07:00:00,0.5672413372387529,4260.544891633399,cand_003 (USDJPY)
2019-01-17 07:00:00,0.5672413372387529,4261.112132970638,cand_003 (USDJPY)
2019-01-18 07:00:00,0.5672413372387529,4261.679374307877,cand_003 (USDJPY)
2019-01-21 07:00:00,0.5672413372387529,4262.2466156451155,cand_003 (USDJPY)
2019-01-23 07:00:00,0.5672413372387529,4262.813856982354,cand_003 (USDJPY)
2019-01-25 07:00:00,0.5672413372387529,4263.381098319593,cand_003 (USDJPY)
2019-02-04 07:00:00,0.5672413372387529,4263.948339656832,cand_003 (USDJPY)
2019-02-07 07:00:00,0.5672413372387529,4264.515580994071,cand_003 (USDJPY)
2019-02-12 07:00:00,0.5672413372387529,4265.082822331309,cand_003 (USDJPY)
2019-02-13 07:00:00,0.5672413372387529,4265.650063668549,cand_003 (USDJPY)
2019-02-14 07:00:01,0.5672413372387529,4266.217305005787,cand_003 (USDJPY)
2019-02-20 07:00:00,0.5672413372387529,4266.784546343026,cand_003 (USDJPY)
2019-02-21 07:00:00,0.5672413372387529,4267.351787680264,cand_003 (USDJPY)
2019-02-21 08:00:00,0.6347180141800342,4267.9865056944445,cand_007 (EURJPY)
2019-03-01 07:00:00,0.5672413372387529,4268.553747031683,cand_003 (USDJPY)
2019-03-08 07:52:40,0.0,4268.553747031683,cand_003 (USDJPY)
2019-03-08 13:00:00,-5.507913384588291,4263.045833647095,cand_003 (USDJPY)
2019-03-14 07:00:00,0.5672413372387529,4263.613074984334,cand_003 (USDJPY)
2019-03-14 08:00:00,0.6347180141800342,4264.247792998513,cand_007 (EURJPY)
2019-03-15 07:00:00,0.5672413372387529,4264.815034335752,cand_003 (USDJPY)
2019-03-20 07:00:00,0.5672413372387529,4265.382275672991,cand_003 (USDJPY)
2019-03-27 07:00:00,0.5672413372387529,4265.94951701023,cand_003 (USDJPY)
2019-03-29 07:00:00,0.5672413372387529,4266.516758347469,cand_003 (USDJPY)
2019-04-01 07:00:00,0.5672413372387529,4267.083999684708,cand_003 (USDJPY)
2019-04-03 07:00:00,0.5672413372387529,4267.651241021947,cand_003 (USDJPY)
2019-04-25 07:00:00,0.5672413372387529,4268.218482359185,cand_003 (USDJPY)
2019-05-02 07:00:00,0.5672413372387529,4268.785723696424,cand_003 (USDJPY)
2019-05-14 07:00:00,0.5672413372387529,4269.352965033662,cand_003 (USDJPY)
2019-05-17 09:29:40,0.0,4269.352965033662,cand_003 (USDJPY)
2019-05-17 13:00:00,-9.149602769661085,4260.203362264002,cand_003 (USDJPY)
2019-05-20 07:00:00,0.5672413372387529,4260.7706036012405,cand_003 (USDJPY)
2019-05-31 07:55:20,0.0,4260.7706036012405,cand_003 (USDJPY)
2019-05-31 08:24:40,0.0,4260.7706036012405,cand_007 (EURJPY)
2019-05-31 13:00:00,10.428731985134473,4271.199335586375,cand_003 (USDJPY)
2019-05-31 15:00:00,-4.433505329047539,4266.765830257327,cand_007 (EURJPY)
2019-06-11 07:00:00,0.5672413372387529,4267.333071594566,cand_003 (USDJPY)
2019-06-25 07:38:40,0.0,4267.333071594566,cand_003 (USDJPY)
2019-06-25 13:00:00,-17.210102171823763,4250.122969422742,cand_003 (USDJPY)
2019-06-26 07:00:00,0.5672413372387529,4250.690210759981,cand_003 (USDJPY)
2019-06-27 07:00:00,0.5672413372387529,4251.257452097219,cand_003 (USDJPY)
2019-07-01 07:00:00,0.5672413372387529,4251.824693434459,cand_003 (USDJPY)
2019-07-22 07:00:00,0.5672413372387529,4252.391934771697,cand_003 (USDJPY)
2019-07-23 07:00:00,0.5672413372387529,4252.959176108936,cand_003 (USDJPY)
2019-07-23 07:39:40,0.0,4252.959176108936,cand_003 (USDJPY)
2019-07-23 13:00:00,-0.8905688994648421,4252.068607209471,cand_003 (USDJPY)
2019-08-01 07:00:00,0.5672413372387529,4252.63584854671,cand_003 (USDJPY)
2019-08-06 07:00:00,0.5672413372387529,4253.203089883949,cand_003 (USDJPY)
2019-08-06 07:01:40,0.0,4253.203089883949,cand_003 (USDJPY)
2019-08-06 08:00:00,0.6347180141800342,4253.837807898129,cand_007 (EURJPY)
2019-08-06 13:00:00,-13.542886926575227,4240.294920971553,cand_003 (USDJPY)
2019-08-08 07:00:00,0.5672413372387529,4240.862162308793,cand_003 (USDJPY)
2019-08-14 07:00:00,0.5672413372387529,4241.4294036460315,cand_003 (USDJPY)
2019-08-14 08:00:00,0.6347180141800342,4242.064121660211,cand_007 (EURJPY)
2019-08-16 07:00:00,0.5672413372387529,4242.63136299745,cand_003 (USDJPY)
2019-08-21 07:00:00,0.5672413372387529,4243.198604334689,cand_003 (USDJPY)
2019-08-29 07:00:00,0.5672413372387529,4243.765845671927,cand_003 (USDJPY)
2019-09-05 07:00:00,0.5672413372387529,4244.333087009167,cand_003 (USDJPY)
2019-09-09 07:00:00,0.5672413372387529,4244.900328346405,cand_003 (USDJPY)
2019-09-10 07:00:00,0.5672413372387529,4245.467569683644,cand_003 (USDJPY)
2019-09-12 07:00:00,0.5672413372387529,4246.034811020882,cand_003 (USDJPY)
2019-09-17 07:00:00,0.5672413372387529,4246.602052358121,cand_003 (USDJPY)
2019-10-09 07:00:00,0.5672413372387529,4247.1692936953605,cand_003 (USDJPY)
2019-10-10 07:00:00,0.5672413372387529,4247.736535032599,cand_003 (USDJPY)
2019-10-11 07:00:00,0.5672413372387529,4248.303776369838,cand_003 (USDJPY)
2019-10-14 07:00:00,0.5672413372387529,4248.871017707077,cand_003 (USDJPY)
2019-10-16 07:00:00,0.5672413372387529,4249.438259044316,cand_003 (USDJPY)
2019-11-08 07:00:00,0.5672413372387529,4250.005500381554,cand_003 (USDJPY)
2019-11-26 07:00:00,0.5672413372387529,4250.572741718793,cand_003 (USDJPY)
2019-12-13 07:00:00,0.5672413372387529,4251.139983056031,cand_003 (USDJPY)
2020-01-14 07:00:00,0.5672413372387529,4251.707224393271,cand_003 (USDJPY)
2020-01-31 07:00:00,0.5672413372387529,4252.274465730509,cand_003 (USDJPY)
2020-02-20 07:00:00,0.5672413372387529,4252.841707067748,cand_003 (USDJPY)
2020-02-20 09:17:40,0.0,4252.841707067748,cand_003 (USDJPY)
2020-02-20 13:00:00,27.006360065937027,4279.848067133686,cand_003 (USDJPY)
2020-02-21 07:00:00,0.5672413372387529,4280.415308470924,cand_003 (USDJPY)
2020-03-03 08:00:00,0.6347180141800342,4281.050026485103,cand_007 (EURJPY)
2020-03-10 08:00:00,0.6347180141800342,4281.684744499284,cand_007 (EURJPY)
2020-03-10 08:05:40,0.0,4281.684744499284,cand_007 (EURJPY)
2020-03-10 15:00:00,6.489991694990849,4288.174736194274,cand_007 (EURJPY)
2020-03-11 07:00:00,0.5672413372387529,4288.741977531514,cand_003 (USDJPY)
2020-03-11 08:00:00,0.6347180141800342,4289.376695545693,cand_007 (EURJPY)
2020-03-13 07:00:00,0.5672413372387529,4289.943936882932,cand_003 (USDJPY)
2020-03-13 07:42:40,0.0,4289.943936882932,cand_003 (USDJPY)
2020-03-13 08:00:00,0.6347180141800342,4290.578654897112,cand_007 (EURJPY)
2020-03-13 08:03:40,0.0,4290.578654897112,cand_007 (EURJPY)
2020-03-13 13:00:00,45.589186273878575,4336.167841170991,cand_003 (USDJPY)
2020-03-13 15:00:00,37.410279755771214,4373.578120926762,cand_007 (EURJPY)
2020-03-16 08:00:00,0.6347180141800342,4374.212838940942,cand_007 (EURJPY)
2020-03-17 07:00:00,0.5672413372387529,4374.78008027818,cand_003 (USDJPY)
2020-03-17 08:00:00,0.6347180141800342,4375.4147982923605,cand_007 (EURJPY)
2020-03-18 07:00:00,0.5672413372387529,4375.982039629599,cand_003 (USDJPY)
2020-03-19 07:00:00,0.5672413372387529,4376.549280966838,cand_003 (USDJPY)
2020-03-19 08:00:00,0.6347180141800342,4377.183998981018,cand_007 (EURJPY)
2020-03-20 07:00:00,0.5672413372387529,4377.751240318257,cand_003 (USDJPY)
2020-03-20 08:00:00,0.6347180141800342,4378.3859583324365,cand_007 (EURJPY)
2020-03-23 07:00:00,0.5672413372387529,4378.953199669675,cand_003 (USDJPY)
2020-03-24 08:00:00,0.6347180141800342,4379.587917683855,cand_007 (EURJPY)
2020-03-25 07:00:00,0.5672413372387529,4380.155159021095,cand_003 (USDJPY)
2020-03-25 08:00:00,0.6347180141800342,4380.789877035274,cand_007 (EURJPY)
2020-03-25 08:07:40,0.0,4380.789877035274,cand_007 (EURJPY)
2020-03-25 15:00:00,-10.326862090709156,4370.463014944565,cand_007 (EURJPY)
2020-03-26 08:00:00,0.6347180141800342,4371.097732958745,cand_007 (EURJPY)
2020-03-31 07:00:00,0.5672413372387529,4371.6649742959835,cand_003 (USDJPY)
2020-04-03 07:00:00,0.5672413372387529,4372.232215633223,cand_003 (USDJPY)
2020-04-06 07:00:00,0.5672413372387529,4372.7994569704615,cand_003 (USDJPY)
2020-04-06 08:00:00,0.6347180141800342,4373.434174984641,cand_007 (EURJPY)
2020-04-06 08:44:40,0.0,4373.434174984641,cand_007 (EURJPY)
2020-04-06 09:59:40,0.0,4373.434174984641,cand_003 (USDJPY)
2020-04-06 13:00:00,-0.15599136774065706,4373.278183616901,cand_003 (USDJPY)
2020-04-06 15:00:00,-25.404588517555865,4347.873595099345,cand_007 (EURJPY)
2020-04-07 07:00:00,0.5672413372387529,4348.440836436584,cand_003 (USDJPY)
2020-04-08 07:00:00,0.5672413372387529,4349.008077773822,cand_003 (USDJPY)
2020-04-08 08:00:00,0.6347180141800342,4349.642795788002,cand_007 (EURJPY)
2020-04-08 08:19:20,0.0,4349.642795788002,cand_003 (USDJPY)
2020-04-08 13:00:00,-8.548326952188006,4341.094468835814,cand_003 (USDJPY)
2020-04-09 07:00:00,0.5672413372387529,4341.6617101730535,cand_003 (USDJPY)
2020-04-13 07:50:40,0.0,4341.6617101730535,cand_003 (USDJPY)
2020-04-13 13:00:00,-6.146059888981888,4335.515650284071,cand_003 (USDJPY)
2020-04-16 07:00:00,0.5672413372387529,4336.08289162131,cand_003 (USDJPY)
2020-04-17 07:00:00,0.5672413372387529,4336.650132958549,cand_003 (USDJPY)
2020-04-20 07:00:00,0.5672413372387529,4337.2173742957875,cand_003 (USDJPY)
2020-04-27 09:17:40,0.0,4337.2173742957875,cand_003 (USDJPY)
2020-04-27 13:00:00,-2.0647584675490607,4335.152615828239,cand_003 (USDJPY)
2020-05-01 07:00:00,0.5672413372387529,4335.719857165477,cand_003 (USDJPY)
2020-05-11 07:00:00,0.5672413372387529,4336.287098502716,cand_003 (USDJPY)
2020-05-11 09:37:40,0.0,4336.287098502716,cand_003 (USDJPY)
2020-05-11 13:00:00,3.9678531539850765,4340.254951656701,cand_003 (USDJPY)
2020-05-12 07:00:00,0.5672413372387529,4340.82219299394,cand_003 (USDJPY)
2020-05-20 07:00:00,0.5672413372387529,4341.389434331179,cand_003 (USDJPY)
2020-05-21 07:00:00,0.5672413372387529,4341.956675668417,cand_003 (USDJPY)
2020-05-26 07:00:00,0.5672413372387529,4342.523917005656,cand_003 (USDJPY)
2020-05-29 07:47:40,0.0,4342.523917005656,cand_003 (USDJPY)
2020-05-29 13:00:00,0.8451895924857419,4343.369106598142,cand_003 (USDJPY)
2020-06-03 07:00:00,0.5672413372387529,4343.936347935381,cand_003 (USDJPY)
2020-06-03 08:00:00,0.6347180141800342,4344.571065949561,cand_007 (EURJPY)
2020-06-08 07:00:00,0.5672413372387529,4345.138307286799,cand_003 (USDJPY)
2020-06-10 08:45:40,0.0,4345.138307286799,cand_003 (USDJPY)
2020-06-10 13:00:00,4.807370333098431,4349.945677619898,cand_003 (USDJPY)
2020-06-15 08:03:40,0.0,4349.945677619898,cand_003 (USDJPY)
2020-06-15 13:00:00,-17.122179764551756,4332.823497855346,cand_003 (USDJPY)
2020-06-16 07:00:00,0.5672413372387529,4333.390739192585,cand_003 (USDJPY)
2020-06-16 08:00:00,0.6347180141800342,4334.025457206764,cand_007 (EURJPY)
2020-06-23 07:00:00,0.5672413372387529,4334.592698544004,cand_003 (USDJPY)
2020-06-23 08:00:00,0.6347180141800342,4335.227416558184,cand_007 (EURJPY)
2020-06-25 07:00:00,0.5672413372387529,4335.7946578954225,cand_003 (USDJPY)
2020-06-29 07:00:00,0.5672413372387529,4336.361899232661,cand_003 (USDJPY)
2020-06-30 07:00:00,0.5672413372387529,4336.9291405699,cand_003 (USDJPY)
2020-07-01 07:00:00,0.5672413372387529,4337.496381907138,cand_003 (USDJPY)
2020-07-06 07:00:00,0.5672413372387529,4338.063623244378,cand_003 (USDJPY)
2020-07-10 09:33:40,0.0,4338.063623244378,cand_003 (USDJPY)
2020-07-10 13:00:00,2.6546894582773635,4340.718312702655,cand_003 (USDJPY)
2020-07-20 07:00:00,0.5672413372387529,4341.285554039893,cand_003 (USDJPY)
2020-07-31 08:00:00,0.6347180141800342,4341.920272054073,cand_007 (EURJPY)
2020-08-03 07:00:00,0.5672413372387529,4342.487513391312,cand_003 (USDJPY)
2020-08-03 08:00:00,0.6347180141800342,4343.122231405492,cand_007 (EURJPY)
2020-08-04 07:00:00,0.5672413372387529,4343.689472742731,cand_003 (USDJPY)
2020-08-11 07:00:00,0.5672413372387529,4344.256714079969,cand_003 (USDJPY)
2020-08-12 07:00:00,0.5672413372387529,4344.823955417209,cand_003 (USDJPY)
2020-08-13 07:00:00,0.5672413372387529,4345.391196754447,cand_003 (USDJPY)
2020-08-24 07:00:00,0.5672413372387529,4345.958438091686,cand_003 (USDJPY)
2020-08-26 08:00:00,0.6347180141800342,4346.593156105866,cand_007 (EURJPY)
2020-08-28 07:00:00,0.5672413372387529,4347.160397443105,cand_003 (USDJPY)
2020-08-28 08:00:00,0.6347180141800342,4347.795115457285,cand_007 (EURJPY)
2020-09-02 07:00:00,0.5672413372387529,4348.362356794523,cand_003 (USDJPY)
2020-09-23 07:00:00,0.5672413372387529,4348.929598131763,cand_003 (USDJPY)
2020-09-30 08:00:00,0.6347180141800342,4349.564316145942,cand_007 (EURJPY)
2020-10-02 08:01:40,0.0,4349.564316145942,cand_007 (EURJPY)
2020-10-02 15:00:00,6.635976838252257,4356.200292984195,cand_007 (EURJPY)
2020-10-05 07:00:00,0.5672413372387529,4356.767534321433,cand_003 (USDJPY)
2020-11-02 07:00:00,0.5672413372387529,4357.334775658672,cand_003 (USDJPY)
2020-11-04 07:00:00,0.5672413372387529,4357.902016995911,cand_003 (USDJPY)
2020-11-04 08:00:00,0.6347180141800342,4358.5367350100905,cand_007 (EURJPY)
2020-11-10 07:00:00,0.5672413372387529,4359.103976347329,cand_003 (USDJPY)
2020-11-10 08:00:00,0.6347180141800342,4359.738694361509,cand_007 (EURJPY)
2020-11-11 07:00:00,0.5672413372387529,4360.305935698749,cand_003 (USDJPY)
2020-11-11 09:14:40,0.0,4360.305935698749,cand_003 (USDJPY)
2020-11-11 13:00:00,0.9671464799920738,4361.273082178741,cand_003 (USDJPY)
2020-11-12 07:00:00,0.5672413372387529,4361.840323515979,cand_003 (USDJPY)
2020-12-10 07:00:00,0.5672413372387529,4362.407564853218,cand_003 (USDJPY)
2020-12-18 07:00:00,0.5672413372387529,4362.974806190457,cand_003 (USDJPY)
2020-12-21 07:00:00,0.5672413372387529,4363.542047527695,cand_003 (USDJPY)
2021-01-07 07:00:00,0.5672413372387529,4364.109288864935,cand_003 (USDJPY)
2021-01-07 09:34:40,0.0,4364.109288864935,cand_003 (USDJPY)
2021-01-07 13:00:00,16.08696432409103,4380.196253189026,cand_003 (USDJPY)
2021-01-11 07:00:00,0.5672413372387529,4380.763494526264,cand_003 (USDJPY)
2021-01-14 07:00:00,0.5672413372387529,4381.330735863503,cand_003 (USDJPY)
2021-01-19 07:00:00,0.5672413372387529,4381.8979772007415,cand_003 (USDJPY)
2021-01-29 07:00:00,0.5672413372387529,4382.46521853798,cand_003 (USDJPY)
2021-02-16 07:00:00,0.5672413372387529,4383.0324598752195,cand_003 (USDJPY)
2021-02-17 07:00:00,0.5672413372387529,4383.599701212458,cand_003 (USDJPY)
2021-02-22 07:00:00,0.5672413372387529,4384.166942549697,cand_003 (USDJPY)
2021-02-24 07:00:00,0.5672413372387529,4384.734183886936,cand_003 (USDJPY)
2021-02-25 07:00:00,0.5672413372387529,4385.301425224175,cand_003 (USDJPY)
2021-02-26 07:00:00,0.5672413372387529,4385.868666561413,cand_003 (USDJPY)
2021-02-26 08:00:00,0.6347180141800342,4386.503384575593,cand_007 (EURJPY)
2021-03-01 07:00:00,0.5672413372387529,4387.070625912832,cand_003 (USDJPY)
2021-03-05 07:00:00,0.5672413372387529,4387.6378672500705,cand_003 (USDJPY)
2021-03-05 08:12:40,0.0,4387.6378672500705,cand_003 (USDJPY)
2021-03-05 13:00:00,16.200412591538782,4403.83827984161,cand_003 (USDJPY)
2021-03-09 07:00:00,0.5672413372387529,4404.405521178848,cand_003 (USDJPY)
2021-03-10 07:00:00,0.5672413372387529,4404.972762516087,cand_003 (USDJPY)
2021-03-11 07:00:00,0.5672413372387529,4405.540003853326,cand_003 (USDJPY)
2021-03-11 07:53:40,0.0,4405.540003853326,cand_003 (USDJPY)
2021-03-11 08:00:00,0.6347180141800342,4406.1747218675055,cand_007 (EURJPY)
2021-03-11 08:45:40,0.0,4406.1747218675055,cand_007 (EURJPY)
2021-03-11 13:00:00,-15.692731594710098,4390.481990272796,cand_003 (USDJPY)
2021-03-11 15:00:00,-3.9765083588379135,4386.505481913958,cand_007 (EURJPY)
2021-03-12 07:00:00,0.5672413372387529,4387.072723251196,cand_003 (USDJPY)
2021-03-12 08:12:40,0.0,4387.072723251196,cand_003 (USDJPY)
2021-03-12 13:00:00,6.1403874756095,4393.213110726806,cand_003 (USDJPY)
2021-03-15 07:00:00,0.5672413372387529,4393.780352064045,cand_003 (USDJPY)
2021-03-15 09:01:40,0.0,4393.780352064045,cand_003 (USDJPY)
2021-03-15 13:00:00,-11.540525006122428,4382.239827057922,cand_003 (USDJPY)
2021-03-18 08:00:00,0.6347180141800342,4382.874545072103,cand_007 (EURJPY)
2021-03-25 07:00:00,0.5672413372387529,4383.441786409341,cand_003 (USDJPY)
2021-03-29 07:00:00,0.5672413372387529,4384.00902774658,cand_003 (USDJPY)
2021-03-31 07:00:00,0.5672413372387529,4384.576269083818,cand_003 (USDJPY)
2021-03-31 08:00:00,0.6347180141800342,4385.210987097998,cand_007 (EURJPY)
2021-04-01 07:00:00,0.5672413372387529,4385.778228435238,cand_003 (USDJPY)
2021-04-13 07:00:00,0.5672413372387529,4386.3454697724765,cand_003 (USDJPY)
2021-04-20 08:00:00,0.6347180141800342,4386.980187786656,cand_007 (EURJPY)
2021-04-27 07:00:00,0.5672413372387529,4387.547429123895,cand_003 (USDJPY)
2021-04-28 07:00:00,0.5672413372387529,4388.114670461134,cand_003 (USDJPY)
2021-04-28 09:58:40,0.0,4388.114670461134,cand_003 (USDJPY)
2021-04-28 13:00:00,-8.90568899464842,4379.208981466485,cand_003 (USDJPY)
2021-04-30 07:00:00,0.5672413372387529,4379.7762228037245,cand_003 (USDJPY)
2021-05-03 07:00:00,0.5672413372387529,4380.343464140963,cand_003 (USDJPY)
2021-05-06 07:00:00,0.5672413372387529,4380.910705478202,cand_003 (USDJPY)
2021-05-12 07:00:00,0.5672413372387529,4381.47794681544,cand_003 (USDJPY)
2021-05-13 07:00:00,0.5672413372387529,4382.045188152679,cand_003 (USDJPY)
2021-05-31 07:00:00,0.5672413372387529,4382.612429489918,cand_003 (USDJPY)
2021-06-22 07:00:00,0.5672413372387529,4383.179670827157,cand_003 (USDJPY)
2021-07-08 08:35:40,0.0,4383.179670827157,cand_003 (USDJPY)
2021-07-08 13:00:00,18.36727449979082,4401.546945326947,cand_003 (USDJPY)
2021-08-05 07:00:00,0.5672413372387529,4402.1141866641865,cand_003 (USDJPY)
2021-08-19 07:00:00,0.5672413372387529,4402.681428001425,cand_003 (USDJPY)
2021-09-03 07:00:00,0.5672413372387529,4403.248669338664,cand_003 (USDJPY)
2021-09-22 07:00:00,0.5672413372387529,4403.815910675903,cand_003 (USDJPY)
2021-09-22 09:37:40,0.0,4403.815910675903,cand_003 (USDJPY)
2021-09-22 13:00:00,-5.646887512211785,4398.169023163691,cand_003 (USDJPY)
2021-09-27 07:00:00,0.5672413372387529,4398.73626450093,cand_003 (USDJPY)
2021-09-28 07:00:00,0.5672413372387529,4399.303505838168,cand_003 (USDJPY)
2021-09-28 09:37:40,0.0,4399.303505838168,cand_003 (USDJPY)
2021-09-28 13:00:00,-3.2616376891228294,4396.0418681490455,cand_003 (USDJPY)
2021-09-29 07:00:00,0.5672413372387529,4396.609109486284,cand_003 (USDJPY)
2021-10-05 07:00:00,0.5672413372387529,4397.1763508235235,cand_003 (USDJPY)
2021-10-08 07:00:00,0.5672413372387529,4397.743592160762,cand_003 (USDJPY)
2021-10-11 07:00:00,0.5672413372387529,4398.310833498001,cand_003 (USDJPY)
2021-10-11 08:00:00,0.6347180141800342,4398.945551512181,cand_007 (EURJPY)
2021-10-12 07:00:00,0.5672413372387529,4399.512792849419,cand_003 (USDJPY)
2021-10-13 07:00:00,0.5672413372387529,4400.080034186658,cand_003 (USDJPY)
2021-10-14 07:00:00,0.5672413372387529,4400.647275523897,cand_003 (USDJPY)
2021-10-15 07:00:00,0.5672413372387529,4401.214516861136,cand_003 (USDJPY)
2021-10-15 08:19:40,0.0,4401.214516861136,cand_003 (USDJPY)
2021-10-15 13:00:00,14.08743861032443,4415.30195547146,cand_003 (USDJPY)
2021-10-18 07:00:00,0.5672413372387529,4415.869196808699,cand_003 (USDJPY)
2021-10-18 08:00:00,0.6347180141800342,4416.503914822879,cand_007 (EURJPY)
2021-10-20 07:00:00,0.5672413372387529,4417.071156160117,cand_003 (USDJPY)
2021-10-26 07:00:00,0.5672413372387529,4417.638397497356,cand_003 (USDJPY)
2021-10-27 07:00:00,0.5672413372387529,4418.205638834595,cand_003 (USDJPY)
2021-10-29 08:00:00,0.6347180141800342,4418.840356848776,cand_007 (EURJPY)
2021-11-02 07:34:40,0.0,4418.840356848776,cand_003 (USDJPY)
2021-11-02 13:00:00,9.291413103970772,4428.131769952746,cand_003 (USDJPY)
2021-11-04 07:00:00,0.5672413372387529,4428.699011289985,cand_003 (USDJPY)
2021-11-11 07:00:00,0.5672413372387529,4429.266252627223,cand_003 (USDJPY)
2021-11-12 07:00:00,0.5672413372387529,4429.833493964463,cand_003 (USDJPY)
2021-11-17 07:00:00,0.5672413372387529,4430.400735301701,cand_003 (USDJPY)
2021-11-22 07:00:00,0.5672413372387529,4430.96797663894,cand_003 (USDJPY)
2021-11-23 07:00:00,0.5672413372387529,4431.5352179761785,cand_003 (USDJPY)
2021-11-24 07:00:00,0.5672413372387529,4432.102459313417,cand_003 (USDJPY)
2021-11-26 08:31:40,0.0,4432.102459313417,cand_003 (USDJPY)
2021-11-26 08:31:40,0.0,4432.102459313417,cand_007 (EURJPY)
2021-11-26 13:00:00,21.83879148369199,4453.941250797109,cand_003 (USDJPY)
2021-11-26 15:00:00,-15.861603174359052,4438.079647622751,cand_007 (EURJPY)
2021-11-29 08:04:40,0.0,4438.079647622751,cand_003 (USDJPY)
2021-11-29 08:06:40,0.0,4438.079647622751,cand_007 (EURJPY)
2021-11-29 13:00:00,-14.146998950734499,4423.932648672016,cand_003 (USDJPY)
2021-11-29 15:00:00,-31.05357884375817,4392.879069828257,cand_007 (EURJPY)
2021-11-30 07:10:40,0.0,4392.879069828257,cand_003 (USDJPY)
2021-11-30 13:00:00,25.630799823133053,4418.5098696513905,cand_003 (USDJPY)
2021-12-01 07:00:00,0.5672413372387529,4419.077110988629,cand_003 (USDJPY)
2021-12-03 07:00:00,0.5672413372387529,4419.644352325868,cand_003 (USDJPY)
2021-12-03 08:58:40,0.0,4419.644352325868,cand_003 (USDJPY)
2021-12-03 13:00:00,-5.8113875000110236,4413.832964825857,cand_003 (USDJPY)
2021-12-07 07:00:00,0.5672413372387529,4414.400206163096,cand_003 (USDJPY)
2021-12-17 08:00:00,0.6347180141800342,4415.034924177276,cand_007 (EURJPY)
2022-01-04 07:00:00,0.5672413372387529,4415.602165514514,cand_003 (USDJPY)
2022-01-05 07:00:00,0.5672413372387529,4416.169406851754,cand_003 (USDJPY)
2022-01-06 07:00:00,0.5672413372387529,4416.736648188992,cand_003 (USDJPY)
2022-01-10 07:00:00,0.5672413372387529,4417.303889526231,cand_003 (USDJPY)
2022-01-17 07:00:00,0.5672413372387529,4417.87113086347,cand_003 (USDJPY)
2022-01-18 07:00:00,0.5672413372387529,4418.438372200709,cand_003 (USDJPY)
2022-01-18 08:00:00,0.6347180141800342,4419.073090214888,cand_007 (EURJPY)
2022-01-19 07:48:40,0.0,4419.073090214888,cand_003 (USDJPY)
2022-01-19 13:00:00,-13.820835181822215,4405.252255033066,cand_003 (USDJPY)
2022-01-27 07:00:00,0.5672413372387529,4405.8194963703045,cand_003 (USDJPY)
2022-01-31 07:00:00,0.5672413372387529,4406.386737707544,cand_003 (USDJPY)
2022-02-08 07:00:00,0.5672413372387529,4406.9539790447825,cand_003 (USDJPY)
2022-02-08 08:25:40,0.0,4406.9539790447825,cand_003 (USDJPY)
2022-02-08 13:00:00,-14.717076494659445,4392.236902550123,cand_003 (USDJPY)
2022-02-09 07:00:00,0.5672413372387529,4392.8041438873615,cand_003 (USDJPY)
2022-02-25 07:00:00,0.5672413372387529,4393.3713852246,cand_003 (USDJPY)
2022-02-28 07:00:00,0.5672413372387529,4393.93862656184,cand_003 (USDJPY)
2022-03-03 07:00:00,0.5672413372387529,4394.505867899078,cand_003 (USDJPY)
2022-03-08 07:00:00,0.5672413372387529,4395.073109236317,cand_003 (USDJPY)
2022-03-09 07:00:00,0.5672413372387529,4395.640350573556,cand_003 (USDJPY)
2022-03-10 07:00:00,0.5672413372387529,4396.207591910795,cand_003 (USDJPY)
2022-03-11 07:00:00,0.5672413372387529,4396.774833248033,cand_003 (USDJPY)
2022-03-11 07:15:40,0.0,4396.774833248033,cand_003 (USDJPY)
2022-03-11 08:00:00,0.6347180141800342,4397.409551262213,cand_007 (EURJPY)
2022-03-11 13:00:00,9.461585505142398,4406.871136767356,cand_003 (USDJPY)
2022-03-14 07:00:00,0.5672413372387529,4407.438378104594,cand_003 (USDJPY)
2022-03-15 07:00:00,0.5672413372387529,4408.005619441833,cand_003 (USDJPY)
2022-03-15 08:00:00,0.6347180141800342,4408.640337456013,cand_007 (EURJPY)
2022-03-17 07:00:00,0.5672413372387529,4409.207578793252,cand_003 (USDJPY)
2022-03-17 08:00:00,0.6347180141800342,4409.842296807432,cand_007 (EURJPY)
2022-03-18 07:00:00,0.5672413372387529,4410.4095381446705,cand_003 (USDJPY)
2022-03-21 07:00:00,0.5672413372387529,4410.976779481909,cand_003 (USDJPY)
2022-03-22 07:00:00,0.5672413372387529,4411.5440208191485,cand_003 (USDJPY)
2022-03-22 07:16:40,0.0,4411.5440208191485,cand_003 (USDJPY)
2022-03-22 08:00:00,0.6347180141800342,4412.178738833329,cand_007 (EURJPY)
2022-03-22 13:00:00,29.666721937586775,4441.845460770915,cand_003 (USDJPY)
2022-03-23 07:00:00,0.5672413372387529,4442.412702108154,cand_003 (USDJPY)
2022-03-23 08:00:00,0.6347180141800342,4443.047420122333,cand_007 (EURJPY)
2022-03-24 07:00:00,0.5672413372387529,4443.614661459573,cand_003 (USDJPY)
2022-03-24 08:00:00,0.6347180141800342,4444.249379473753,cand_007 (EURJPY)
2022-03-24 08:36:40,0.0,4444.249379473753,cand_003 (USDJPY)
2022-03-24 13:00:00,11.234214684013502,4455.483594157766,cand_003 (USDJPY)
2022-03-25 07:00:00,0.5672413372387529,4456.050835495005,cand_003 (USDJPY)
2022-03-25 08:00:00,0.6347180141800342,4456.6855535091845,cand_007 (EURJPY)
2022-03-28 07:00:00,0.5672413372387529,4457.252794846423,cand_003 (USDJPY)
2022-03-28 08:00:00,0.6347180141800342,4457.887512860603,cand_007 (EURJPY)
2022-03-28 08:59:40,0.0,4457.887512860603,cand_007 (EURJPY)
2022-03-28 09:57:40,0.0,4457.887512860603,cand_003 (USDJPY)
2022-03-28 11:50:40,43.62892949970009,4501.516442360304,cand_007 (EURJPY)
2022-03-28 11:50:40,127.21653158210425,4628.732973942408,cand_007 (EURJPY)
2022-03-28 13:00:00,45.682781094522966,4674.415755036931,cand_003 (USDJPY)
2022-03-29 07:00:00,0.5672413372387529,4674.982996374169,cand_003 (USDJPY)
2022-03-29 08:00:00,0.6347180141800342,4675.617714388349,cand_007 (EURJPY)
2022-03-31 07:00:00,0.5672413372387529,4676.184955725588,cand_003 (USDJPY)
2022-03-31 08:00:00,0.6347180141800342,4676.819673739768,cand_007 (EURJPY)
2022-04-01 07:00:00,0.5672413372387529,4677.386915077006,cand_003 (USDJPY)
2022-04-01 08:00:00,0.6347180141800342,4678.021633091186,cand_007 (EURJPY)
2022-04-04 07:00:00,0.5672413372387529,4678.588874428426,cand_003 (USDJPY)
2022-04-04 08:00:00,0.6347180141800342,4679.223592442606,cand_007 (EURJPY)
2022-04-06 07:00:00,0.5672413372387529,4679.7908337798435,cand_003 (USDJPY)
2022-04-07 07:00:00,0.5672413372387529,4680.358075117083,cand_003 (USDJPY)
2022-04-08 07:00:00,0.5672413372387529,4680.925316454321,cand_003 (USDJPY)
2022-04-11 07:00:00,0.5672413372387529,4681.49255779156,cand_003 (USDJPY)
2022-04-11 08:00:00,0.6347180141800342,4682.12727580574,cand_007 (EURJPY)
2022-04-11 08:52:40,0.0,4682.12727580574,cand_007 (EURJPY)
2022-04-11 09:16:40,0.0,4682.12727580574,cand_003 (USDJPY)
2022-04-11 13:00:00,9.685645833351705,4691.812921639092,cand_003 (USDJPY)
2022-04-11 15:00:00,43.47501038126144,4735.287932020354,cand_007 (EURJPY)
2022-04-12 07:00:00,0.5672413372387529,4735.855173357591,cand_003 (USDJPY)
2022-04-12 08:00:00,0.6347180141800342,4736.489891371772,cand_007 (EURJPY)
2022-04-12 09:25:40,0.0,4736.489891371772,cand_003 (USDJPY)
2022-04-12 13:00:00,-3.431810090294455,4733.058081281477,cand_003 (USDJPY)
2022-04-13 07:00:00,0.5672413372387529,4733.625322618716,cand_003 (USDJPY)
2022-04-13 09:20:40,0.0,4733.625322618716,cand_003 (USDJPY)
2022-04-13 13:00:00,12.241068057612287,4745.866390676329,cand_003 (USDJPY)
2022-04-15 07:00:00,0.5672413372387529,4746.433632013566,cand_003 (USDJPY)
2022-04-15 08:00:00,0.6347180141800342,4747.068350027746,cand_007 (EURJPY)
2022-04-15 09:19:40,0.0,4747.068350027746,cand_003 (USDJPY)
2022-04-15 13:00:00,-9.28290448391219,4737.785445543835,cand_003 (USDJPY)
2022-04-18 07:00:00,0.5672413372387529,4738.352686881073,cand_003 (USDJPY)
2022-04-18 08:00:00,0.6347180141800342,4738.987404895253,cand_007 (EURJPY)
2022-04-19 07:00:00,0.5672413372387529,4739.554646232492,cand_003 (USDJPY)
2022-04-19 07:40:40,0.0,4739.554646232492,cand_003 (USDJPY)
2022-04-19 08:00:00,0.6347180141800342,4740.189364246672,cand_007 (EURJPY)
2022-04-19 13:00:00,10.695335413636686,4750.884699660309,cand_003 (USDJPY)
2022-04-20 07:00:00,0.5672413372387529,4751.451940997547,cand_003 (USDJPY)
2022-04-20 08:00:00,0.6347180141800342,4752.0866590117275,cand_007 (EURJPY)
2022-04-21 07:00:00,0.5672413372387529,4752.653900348966,cand_003 (USDJPY)
2022-04-21 08:00:00,0.6347180141800342,4753.288618363146,cand_007 (EURJPY)
2022-04-22 07:00:00,0.5672413372387529,4753.855859700385,cand_003 (USDJPY)
2022-04-22 08:04:20,0.0,4753.855859700385,cand_007 (EURJPY)
2022-04-22 15:00:00,-0.24754002553021331,4753.608319674855,cand_007 (EURJPY)
2022-04-25 09:48:40,0.0,4753.608319674855,cand_003 (USDJPY)
2022-04-25 13:00:00,-5.882292667165867,4747.726027007689,cand_003 (USDJPY)
2022-04-28 07:00:00,0.5672413372387529,4748.293268344927,cand_003 (USDJPY)
2022-04-28 08:00:00,0.6347180141800342,4748.927986359107,cand_007 (EURJPY)
2022-04-28 08:36:40,0.0,4748.927986359107,cand_003 (USDJPY)
2022-04-28 08:42:20,0.0,4748.927986359107,cand_007 (EURJPY)
2022-04-28 13:00:00,25.71304981703267,4774.64103617614,cand_003 (USDJPY)
2022-04-28 15:00:00,27.635622337398686,4802.276658513539,cand_007 (EURJPY)
2022-04-29 07:00:00,0.5672413372387529,4802.843899850777,cand_003 (USDJPY)
2022-05-02 07:00:00,0.5672413372387529,4803.411141188016,cand_003 (USDJPY)
2022-05-02 08:00:00,0.6347180141800342,4804.045859202196,cand_007 (EURJPY)
2022-05-02 09:06:40,0.0,4804.045859202196,cand_003 (USDJPY)
2022-05-02 13:00:00,-27.60479967672391,4776.441059525472,cand_003 (USDJPY)
2022-05-05 08:00:00,0.6347180141800342,4777.075777539652,cand_007 (EURJPY)
2022-05-06 07:00:00,0.5672413372387529,4777.643018876891,cand_003 (USDJPY)
2022-05-09 07:00:00,0.5672413372387529,4778.210260214129,cand_003 (USDJPY)
2022-05-09 09:41:20,0.0,4778.210260214129,cand_003 (USDJPY)
2022-05-09 13:00:00,-0.9075861395820047,4777.302674074548,cand_003 (USDJPY)
2022-05-10 08:00:00,0.6347180141800342,4777.937392088728,cand_007 (EURJPY)
2022-05-12 09:22:40,0.0,4777.937392088728,cand_003 (USDJPY)
2022-05-12 13:00:00,27.048903166229934,4804.986295254957,cand_003 (USDJPY)
2022-05-17 07:00:00,0.5672413372387529,4805.553536592197,cand_003 (USDJPY)
2022-05-17 08:00:00,0.6347180141800342,4806.188254606377,cand_007 (EURJPY)
2022-05-18 07:20:20,0.0,4806.188254606377,cand_003 (USDJPY)
2022-05-18 08:00:00,0.6347180141800342,4806.822972620557,cand_007 (EURJPY)
2022-05-18 13:00:00,-10.71235265375385,4796.110619966803,cand_003 (USDJPY)
2022-05-19 08:00:00,0.6347180141800342,4796.745337980983,cand_007 (EURJPY)
2022-05-20 08:00:00,0.6347180141800342,4797.380055995163,cand_007 (EURJPY)
2022-05-24 08:00:00,0.6347180141800342,4798.0147740093435,cand_007 (EURJPY)
2022-05-24 09:48:40,0.0,4798.0147740093435,cand_003 (USDJPY)
2022-05-24 13:00:00,5.031430661307738,4803.046204670651,cand_003 (USDJPY)
2022-05-26 07:00:00,0.5672413372387529,4803.61344600789,cand_003 (USDJPY)
2022-05-26 08:00:00,0.6347180141800342,4804.24816402207,cand_007 (EURJPY)
2022-05-31 07:00:00,0.5672413372387529,4804.815405359308,cand_003 (USDJPY)
2022-05-31 08:00:00,0.6347180141800342,4805.450123373488,cand_007 (EURJPY)
2022-06-01 07:00:00,0.5672413372387529,4806.017364710728,cand_003 (USDJPY)
2022-06-01 08:09:20,0.0,4806.017364710728,cand_003 (USDJPY)
2022-06-01 13:00:00,1.097611987556987,4807.1149766982835,cand_003 (USDJPY)
2022-06-02 07:00:00,0.5672413372387529,4807.682218035523,cand_003 (USDJPY)
2022-06-03 07:00:00,0.5672413372387529,4808.249459372761,cand_003 (USDJPY)
2022-06-06 07:00:00,0.5672413372387529,4808.81670071,cand_003 (USDJPY)
2022-06-06 08:00:00,0.6347180141800342,4809.45141872418,cand_007 (EURJPY)
2022-06-07 07:00:00,0.5672413372387529,4810.018660061418,cand_003 (USDJPY)
2022-06-07 07:44:40,0.0,4810.018660061418,cand_003 (USDJPY)
2022-06-07 08:00:00,0.6347180141800342,4810.653378075598,cand_007 (EURJPY)
2022-06-07 13:00:00,-8.979430368489458,4801.67394770711,cand_003 (USDJPY)
2022-06-08 07:00:00,0.5672413372387529,4802.241189044347,cand_003 (USDJPY)
2022-06-08 09:51:40,0.0,4802.241189044347,cand_003 (USDJPY)
2022-06-08 13:00:00,18.571481381196772,4820.812670425545,cand_003 (USDJPY)
2022-06-09 07:00:00,0.5672413372387529,4821.379911762783,cand_003 (USDJPY)
2022-06-09 08:00:00,0.6347180141800342,4822.014629776963,cand_007 (EURJPY)
2022-06-10 07:00:00,0.5672413372387529,4822.581871114202,cand_003 (USDJPY)
2022-06-13 07:00:00,0.5672413372387529,4823.1491124514405,cand_003 (USDJPY)
2022-06-13 07:09:40,0.0,4823.1491124514405,cand_003 (USDJPY)
2022-06-13 11:46:40,-40.67120388001859,4782.477908571422,cand_003 (USDJPY)
2022-06-13 11:46:40,38.05225062598726,4820.530159197409,cand_003 (USDJPY)
2022-06-14 07:00:00,0.5672413372387529,4821.097400534647,cand_003 (USDJPY)
2022-06-15 07:00:00,0.5672413372387529,4821.6646418718865,cand_003 (USDJPY)
2022-06-15 08:00:00,0.6347180141800342,4822.299359886067,cand_007 (EURJPY)
2022-06-15 08:35:40,0.0,4822.299359886067,cand_007 (EURJPY)
2022-06-15 15:00:00,-32.79270620261146,4789.506653683455,cand_007 (EURJPY)
2022-06-20 07:00:00,0.5672413372387529,4790.073895020693,cand_003 (USDJPY)
2022-06-20 08:00:00,0.6347180141800342,4790.708613034873,cand_007 (EURJPY)
2022-06-20 08:59:40,0.0,4790.708613034873,cand_007 (EURJPY)
2022-06-20 15:00:00,-5.833058550314513,4784.875554484559,cand_007 (EURJPY)
2022-06-21 07:00:00,0.5672413372387529,4785.4427958217975,cand_003 (USDJPY)
2022-06-21 08:00:00,0.6347180141800342,4786.077513835978,cand_007 (EURJPY)
2022-06-22 07:00:00,0.5672413372387529,4786.644755173216,cand_003 (USDJPY)
2022-06-22 08:00:00,0.6347180141800342,4787.279473187396,cand_007 (EURJPY)
2022-06-28 07:00:00,0.5672413372387529,4787.846714524635,cand_003 (USDJPY)
2022-06-28 08:00:00,0.6347180141800342,4788.481432538815,cand_007 (EURJPY)
2022-06-29 07:00:00,0.5672413372387529,4789.048673876054,cand_003 (USDJPY)
2022-06-30 07:00:00,0.5672413372387529,4789.615915213292,cand_003 (USDJPY)
2022-07-01 08:05:40,0.0,4789.615915213292,cand_003 (USDJPY)
2022-07-01 13:00:00,-34.70098880558071,4754.914926407711,cand_003 (USDJPY)
2022-07-05 08:00:00,0.6347180141800342,4755.549644421892,cand_007 (EURJPY)
2022-07-11 08:00:00,0.6347180141800342,4756.184362436072,cand_007 (EURJPY)
2022-07-14 08:00:00,0.6347180141800342,4756.819080450252,cand_007 (EURJPY)
2022-07-14 08:22:40,0.0,4756.819080450252,cand_007 (EURJPY)
2022-07-14 15:00:00,12.61502053182818,4769.43410098208,cand_007 (EURJPY)
2022-07-15 08:00:00,0.6347180141800342,4770.06881899626,cand_007 (EURJPY)
2022-07-19 08:00:00,0.6347180141800342,4770.70353701044,cand_007 (EURJPY)
2022-07-20 08:00:00,0.6347180141800342,4771.338255024621,cand_007 (EURJPY)
2022-07-21 08:00:00,0.6347180141800342,4771.972973038801,cand_007 (EURJPY)
2022-07-29 08:21:40,0.0,4771.972973038801,cand_007 (EURJPY)
2022-07-29 15:00:00,-22.44680257147691,4749.526170467324,cand_007 (EURJPY)
2022-08-03 07:00:00,0.5672413372387529,4750.0934118045625,cand_003 (USDJPY)
2022-08-04 07:00:00,0.5672413372387529,4750.660653141801,cand_003 (USDJPY)
2022-08-04 08:00:00,0.6347180141800342,4751.295371155981,cand_007 (EURJPY)
2022-08-04 09:17:40,0.0,4751.295371155981,cand_003 (USDJPY)
2022-08-04 13:00:00,-6.724646052965416,4744.570725103016,cand_003 (USDJPY)
2022-08-05 08:00:00,0.6347180141800342,4745.205443117196,cand_007 (EURJPY)
2022-08-08 07:00:00,0.5672413372387529,4745.772684454434,cand_003 (USDJPY)
2022-08-08 08:00:00,0.6347180141800342,4746.407402468614,cand_007 (EURJPY)
2022-08-09 07:00:00,0.5672413372387529,4746.974643805854,cand_003 (USDJPY)
2022-08-09 08:00:00,0.6347180141800342,4747.609361820034,cand_007 (EURJPY)
2022-08-09 09:22:40,0.0,4747.609361820034,cand_003 (USDJPY)
2022-08-09 13:00:00,-14.345533418768062,4733.2638284012655,cand_003 (USDJPY)
2022-08-10 07:00:00,0.5672413372387529,4733.831069738504,cand_003 (USDJPY)
2022-08-15 08:57:40,0.0,4733.831069738504,cand_007 (EURJPY)
2022-08-15 15:00:00,25.537879300533675,4759.368949039038,cand_007 (EURJPY)
2022-08-16 07:00:00,0.5672413372387529,4759.9361903762765,cand_003 (USDJPY)
2022-08-17 07:00:00,0.5672413372387529,4760.503431713515,cand_003 (USDJPY)
2022-08-17 08:00:00,0.6347180141800342,4761.138149727695,cand_007 (EURJPY)
2022-08-17 09:21:40,0.0,4761.138149727695,cand_003 (USDJPY)
2022-08-17 13:00:00,9.722516520272226,4770.860666247967,cand_003 (USDJPY)
2022-08-18 07:00:00,0.5672413372387529,4771.427907585206,cand_003 (USDJPY)
2022-08-18 09:04:40,0.0,4771.427907585206,cand_003 (USDJPY)
2022-08-18 13:00:00,-4.742137579315974,4766.68577000589,cand_003 (USDJPY)
2022-08-19 07:00:00,0.5672413372387529,4767.2530113431285,cand_003 (USDJPY)
2022-08-19 08:00:00,0.6347180141800342,4767.887729357309,cand_007 (EURJPY)
2022-08-19 09:54:40,0.0,4767.887729357309,cand_003 (USDJPY)
2022-08-19 13:00:00,3.1141549414407534,4771.001884298749,cand_003 (USDJPY)
2022-08-22 07:00:00,0.5672413372387529,4771.569125635988,cand_003 (USDJPY)
2022-08-22 08:00:00,0.6347180141800342,4772.203843650168,cand_007 (EURJPY)
2022-08-23 07:00:00,0.5672413372387529,4772.7710849874065,cand_003 (USDJPY)
2022-08-23 08:23:40,0.0,4772.7710849874065,cand_007 (EURJPY)
2022-08-23 15:00:00,-10.069801294966242,4762.7012836924405,cand_007 (EURJPY)
2022-08-24 07:42:40,0.0,4762.7012836924405,cand_003 (USDJPY)
2022-08-24 13:00:00,-0.7487585651551539,4761.952525127285,cand_003 (USDJPY)
2022-08-25 09:35:40,0.0,4761.952525127285,cand_003 (USDJPY)
2022-08-25 13:00:00,-1.3301809358248757,4760.622344191461,cand_003 (USDJPY)
2022-08-29 07:00:00,0.5672413372387529,4761.189585528698,cand_003 (USDJPY)
2022-08-29 07:32:40,0.0,4761.189585528698,cand_003 (USDJPY)
2022-08-29 08:00:00,0.6347180141800342,4761.824303542879,cand_007 (EURJPY)
2022-08-29 08:05:40,0.0,4761.824303542879,cand_007 (EURJPY)
2022-08-29 13:00:00,-8.389499377761155,4753.434804165117,cand_003 (USDJPY)
2022-08-29 15:00:00,32.33888282247274,4785.773686987591,cand_007 (EURJPY)
2022-08-30 07:00:00,0.5672413372387529,4786.340928324829,cand_003 (USDJPY)
2022-08-30 08:00:00,0.6347180141800342,4786.9756463390095,cand_007 (EURJPY)
2022-08-31 07:00:00,0.5672413372387529,4787.542887676248,cand_003 (USDJPY)
2022-09-01 07:00:00,0.5672413372387529,4788.110129013487,cand_003 (USDJPY)
2022-09-02 07:00:00,0.5672413372387529,4788.677370350725,cand_003 (USDJPY)
2022-09-02 07:49:40,0.0,4788.677370350725,cand_003 (USDJPY)
2022-09-02 08:00:00,0.6347180141800342,4789.312088364905,cand_007 (EURJPY)
2022-09-02 08:03:40,0.0,4789.312088364905,cand_007 (EURJPY)
2022-09-02 13:00:00,-1.0919395741845994,4788.2201487907205,cand_003 (USDJPY)
2022-09-02 15:00:00,14.14786453607296,4802.3680133267935,cand_007 (EURJPY)
2022-09-05 07:00:00,0.5672413372387529,4802.935254664033,cand_003 (USDJPY)
2022-09-05 08:04:40,0.0,4802.935254664033,cand_007 (EURJPY)
2022-09-05 10:33:40,44.28141961827718,4847.21667428231,cand_007 (EURJPY)
2022-09-05 10:33:40,-32.614985158641055,4814.601689123669,cand_007 (EURJPY)
2022-09-06 07:00:00,0.5672413372387529,4815.168930460907,cand_003 (USDJPY)
2022-09-06 07:52:40,0.0,4815.168930460907,cand_003 (USDJPY)
2022-09-06 08:00:00,0.6347180141800342,4815.803648475087,cand_007 (EURJPY)
2022-09-06 08:22:40,0.0,4815.803648475087,cand_007 (EURJPY)
2022-09-06 11:43:40,40.22166512025687,4856.025313595344,cand_003 (USDJPY)
2022-09-06 11:43:40,43.19826403741723,4899.223577632762,cand_003 (USDJPY)
2022-09-06 15:00:00,23.75114809061688,4922.9747257233785,cand_007 (EURJPY)
2022-09-07 07:00:00,0.5672413372387529,4923.541967060617,cand_003 (USDJPY)
2022-09-07 07:01:40,0.0,4923.541967060617,cand_003 (USDJPY)
2022-09-07 08:00:00,0.6347180141800342,4924.176685074797,cand_007 (EURJPY)
2022-09-07 13:00:00,-4.172060035391028,4920.004625039406,cand_003 (USDJPY)
2022-09-08 07:00:00,0.5672413372387529,4920.571866376645,cand_003 (USDJPY)
2022-09-08 08:00:00,0.6347180141800342,4921.206584390825,cand_007 (EURJPY)
2022-09-09 07:07:40,0.0,4921.206584390825,cand_003 (USDJPY)
2022-09-09 08:00:00,0.6347180141800342,4921.841302405005,cand_007 (EURJPY)
2022-09-09 13:00:00,35.463928404166836,4957.305230809172,cand_003 (USDJPY)
2022-09-12 08:00:00,0.6347180141800342,4957.939948823352,cand_007 (EURJPY)
2022-09-12 08:42:40,0.0,4957.939948823352,cand_007 (EURJPY)
2022-09-12 15:00:00,6.858128143215269,4964.798076966567,cand_007 (EURJPY)
2022-09-13 08:00:00,0.6347180141800342,4965.4327949807475,cand_007 (EURJPY)
2022-09-13 09:10:40,0.0,4965.4327949807475,cand_003 (USDJPY)
2022-09-13 13:00:00,-2.512879123967675,4962.91991585678,cand_003 (USDJPY)
2022-09-14 07:00:00,0.5672413372387529,4963.487157194018,cand_003 (USDJPY)
2022-09-14 08:06:40,0.0,4963.487157194018,cand_007 (EURJPY)
2022-09-14 15:00:00,10.577575706310268,4974.064732900329,cand_007 (EURJPY)
2022-09-15 07:00:00,0.5672413372387529,4974.631974237567,cand_003 (USDJPY)
2022-09-15 08:26:40,0.0,4974.631974237567,cand_003 (USDJPY)
2022-09-15 13:00:00,-12.587085273327927,4962.044888964239,cand_003 (USDJPY)
2022-09-16 07:00:00,0.5672413372387529,4962.612130301478,cand_003 (USDJPY)
2022-09-16 09:05:40,0.0,4962.612130301478,cand_003 (USDJPY)
2022-09-16 13:00:00,-13.696042087629689,4948.916088213848,cand_003 (USDJPY)
2022-09-21 07:00:00,0.5672413372387529,4949.483329551087,cand_003 (USDJPY)
2022-09-21 07:41:20,0.0,4949.483329551087,cand_003 (USDJPY)
2022-09-21 08:00:00,0.6347180141800342,4950.118047565267,cand_007 (EURJPY)
2022-09-21 08:57:20,0.0,4950.118047565267,cand_007 (EURJPY)
2022-09-21 09:02:40,45.35567985727688,4995.473727422544,cand_007 (EURJPY)
2022-09-21 09:02:40,-30.529936482059643,4964.943790940484,cand_007 (EURJPY)
2022-09-21 10:11:20,-25.99950669233824,4938.944284248146,cand_003 (USDJPY)
2022-09-21 10:11:20,40.65560474324452,4979.59988899139,cand_003 (USDJPY)
2022-09-26 07:00:00,0.5672413372387529,4980.167130328628,cand_003 (USDJPY)
2022-09-26 08:30:20,0.0,4980.167130328628,cand_003 (USDJPY)
2022-09-26 13:00:00,-8.780895900455896,4971.386234428172,cand_003 (USDJPY)
2022-09-27 07:00:00,0.5672413372387529,4971.953475765411,cand_003 (USDJPY)
2022-09-28 07:00:00,0.5672413372387529,4972.5207171026495,cand_003 (USDJPY)
2022-09-29 07:00:00,0.5672413372387529,4973.087958439888,cand_003 (USDJPY)
2022-09-29 08:00:00,0.6347180141800342,4973.722676454068,cand_007 (EURJPY)
2022-09-29 08:34:40,0.0,4973.722676454068,cand_003 (USDJPY)
2022-09-29 13:00:00,4.43015484383466,4978.152831297903,cand_003 (USDJPY)
2022-09-30 07:00:00,0.5672413372387529,4978.720072635142,cand_003 (USDJPY)
2022-09-30 08:00:00,0.6347180141800342,4979.354790649322,cand_007 (EURJPY)
2022-10-03 07:00:00,0.5672413372387529,4979.92203198656,cand_003 (USDJPY)
2022-10-03 07:05:40,0.0,4979.92203198656,cand_003 (USDJPY)
2022-10-03 08:00:00,0.6347180141800342,4980.55675000074,cand_007 (EURJPY)
2022-10-03 13:00:00,4.6513789653577735,4985.208128966098,cand_003 (USDJPY)
2022-10-04 07:00:00,0.5672413372387529,4985.775370303337,cand_003 (USDJPY)
2022-10-04 08:00:00,0.6347180141800342,4986.410088317517,cand_007 (EURJPY)
2022-10-04 08:58:40,0.0,4986.410088317517,cand_007 (EURJPY)
2022-10-04 15:00:00,27.524546684917183,5013.934635002434,cand_007 (EURJPY)
2022-10-05 08:00:00,0.6347180141800342,5014.5693530166145,cand_007 (EURJPY)
2022-10-06 07:00:00,0.5672413372387529,5015.136594353853,cand_003 (USDJPY)
2022-10-06 08:00:00,0.6347180141800342,5015.771312368033,cand_007 (EURJPY)
2022-10-07 07:00:00,0.5672413372387529,5016.338553705272,cand_003 (USDJPY)
2022-10-10 07:00:00,0.5672413372387529,5016.90579504251,cand_003 (USDJPY)
2022-10-12 07:00:00,0.5672413372387529,5017.473036379749,cand_003 (USDJPY)
2022-10-12 08:00:00,0.6347180141800342,5018.107754393929,cand_007 (EURJPY)
2022-10-14 07:00:00,0.5672413372387529,5018.674995731168,cand_003 (USDJPY)
2022-10-14 08:00:00,0.6347180141800342,5019.309713745348,cand_007 (EURJPY)
2022-10-17 07:00:00,0.5672413372387529,5019.876955082586,cand_003 (USDJPY)
2022-10-18 07:00:00,0.5672413372387529,5020.444196419825,cand_003 (USDJPY)
2022-10-18 08:00:00,0.6347180141800342,5021.078914434005,cand_007 (EURJPY)
2022-10-20 07:00:00,0.5672413372387529,5021.646155771244,cand_003 (USDJPY)
2022-10-21 07:00:00,0.5672413372387529,5022.213397108482,cand_003 (USDJPY)
2022-10-25 08:00:00,0.6347180141800342,5022.848115122662,cand_007 (EURJPY)
2022-10-26 09:53:20,0.0,5022.848115122662,cand_003 (USDJPY)
2022-10-26 13:00:00,22.27840352005202,5045.1265186427145,cand_003 (USDJPY)
2022-10-27 07:57:40,0.0,5045.1265186427145,cand_003 (USDJPY)
2022-10-27 08:08:40,0.0,5045.1265186427145,cand_007 (EURJPY)
2022-10-27 13:00:00,-26.181023920254642,5018.94549472246,cand_003 (USDJPY)
2022-10-27 15:00:00,-29.206549422494273,4989.738945299965,cand_007 (EURJPY)
2022-10-31 07:00:00,0.5672413372387529,4990.3061866372045,cand_003 (USDJPY)
2022-10-31 08:00:00,0.6347180141800342,4990.940904651385,cand_007 (EURJPY)
2022-11-01 07:00:00,0.5672413372387529,4991.508145988622,cand_003 (USDJPY)
2022-11-04 07:00:00,0.5672413372387529,4992.075387325862,cand_003 (USDJPY)
2022-11-07 08:00:00,0.6347180141800342,4992.710105340042,cand_007 (EURJPY)
2022-11-09 08:00:00,0.6347180141800342,4993.344823354222,cand_007 (EURJPY)
2022-11-15 08:00:00,0.6347180141800342,4993.979541368402,cand_007 (EURJPY)
2022-11-15 09:24:40,0.0,4993.979541368402,cand_003 (USDJPY)
2022-11-15 13:00:00,19.430852007113483,5013.410393375516,cand_003 (USDJPY)
2022-11-16 07:00:00,0.5672413372387529,5013.977634712754,cand_003 (USDJPY)
2022-11-16 08:00:00,0.6347180141800342,5014.612352726934,cand_007 (EURJPY)
2022-11-21 07:00:00,0.5672413372387529,5015.179594064173,cand_003 (USDJPY)
2022-11-21 08:29:40,0.0,5015.179594064173,cand_003 (USDJPY)
2022-11-21 13:00:00,38.002333388310255,5053.181927452482,cand_003 (USDJPY)
2022-11-22 07:00:00,0.5672413372387529,5053.749168789722,cand_003 (USDJPY)
2022-11-23 07:00:00,0.5672413372387529,5054.316410126959,cand_003 (USDJPY)
2022-11-28 08:01:40,0.0,5054.316410126959,cand_007 (EURJPY)
2022-11-28 08:02:40,0.0,5054.316410126959,cand_003 (USDJPY)
2022-11-28 13:00:00,15.349550585680653,5069.66596071264,cand_003 (USDJPY)
2022-11-28 13:01:40,-64.78566770735608,5004.880293005284,cand_007 (EURJPY)
2022-11-29 09:20:40,0.0,5004.880293005284,cand_003 (USDJPY)
2022-11-29 13:00:00,11.673826720373533,5016.554119725659,cand_003 (USDJPY)
2022-12-01 07:17:40,0.0,5016.554119725659,cand_003 (USDJPY)
2022-12-01 13:00:00,-4.654215172043968,5011.899904553615,cand_003 (USDJPY)
2022-12-02 09:08:40,0.0,5011.899904553615,cand_003 (USDJPY)
2022-12-02 13:00:00,34.26988538927926,5046.169789942894,cand_003 (USDJPY)
2022-12-05 08:00:00,0.6347180141800342,5046.804507957074,cand_007 (EURJPY)
2022-12-06 07:00:00,0.5672413372387529,5047.371749294312,cand_003 (USDJPY)
2022-12-06 08:00:00,0.6347180141800342,5048.006467308493,cand_007 (EURJPY)
2022-12-06 08:22:20,0.0,5048.006467308493,cand_003 (USDJPY)
2022-12-06 13:00:00,-26.73124801737623,5021.275219291116,cand_003 (USDJPY)
2022-12-07 07:00:00,0.5672413372387529,5021.842460628355,cand_003 (USDJPY)
2022-12-07 08:00:00,0.6347180141800342,5022.477178642535,cand_007 (EURJPY)
2022-12-07 08:12:20,0.0,5022.477178642535,cand_003 (USDJPY)
2022-12-07 08:26:40,0.0,5022.477178642535,cand_007 (EURJPY)
2022-12-07 13:00:00,-8.006611475124998,5014.47056716741,cand_003 (USDJPY)
2022-12-07 15:00:00,27.806996201227296,5042.277563368638,cand_007 (EURJPY)
2022-12-08 07:00:00,0.5672413372387529,5042.8448047058755,cand_003 (USDJPY)
2022-12-08 08:00:00,0.6347180141800342,5043.479522720056,cand_007 (EURJPY)
2022-12-09 08:00:00,0.6347180141800342,5044.114240734236,cand_007 (EURJPY)
2022-12-12 07:00:00,0.5672413372387529,5044.681482071475,cand_003 (USDJPY)
2022-12-13 07:00:00,0.5672413372387529,5045.248723408713,cand_003 (USDJPY)
2022-12-15 07:00:00,0.5672413372387529,5045.815964745952,cand_003 (USDJPY)
2022-12-15 07:06:40,0.0,5045.815964745952,cand_003 (USDJPY)
2022-12-15 13:00:00,36.28926454984922,5082.105229295801,cand_003 (USDJPY)
2022-12-16 07:00:00,0.5672413372387529,5082.67247063304,cand_003 (USDJPY)
2022-12-16 08:00:00,0.6347180141800342,5083.30718864722,cand_007 (EURJPY)
2022-12-23 07:00:00,0.5672413372387529,5083.874429984458,cand_003 (USDJPY)
2022-12-23 08:00:00,0.6347180141800342,5084.509147998639,cand_007 (EURJPY)
2022-12-26 08:00:00,0.6347180141800342,5085.143866012819,cand_007 (EURJPY)
2022-12-27 07:00:00,0.5672413372387529,5085.711107350057,cand_003 (USDJPY)
2022-12-27 08:00:00,0.6347180141800342,5086.3458253642375,cand_007 (EURJPY)
2022-12-28 07:00:00,0.5672413372387529,5086.913066701476,cand_003 (USDJPY)
2022-12-28 08:00:00,0.6347180141800342,5087.547784715656,cand_007 (EURJPY)
2022-12-30 08:35:40,0.0,5087.547784715656,cand_007 (EURJPY)
2022-12-30 09:48:40,0.0,5087.547784715656,cand_003 (USDJPY)
2022-12-30 13:00:00,14.793654075186675,5102.341438790843,cand_003 (USDJPY)
2022-12-30 15:00:00,15.595021608403439,5117.936460399246,cand_007 (EURJPY)
2023-01-04 09:11:40,0.0,5117.936460399246,cand_003 (USDJPY)
2023-01-04 13:00:00,-0.5218620302596527,5117.414598368987,cand_003 (USDJPY)
2023-01-05 07:00:00,0.5672413372387529,5117.9818397062245,cand_003 (USDJPY)
2023-01-05 08:00:00,0.6347180141800342,5118.616557720405,cand_007 (EURJPY)
2023-01-05 08:41:40,0.0,5118.616557720405,cand_007 (EURJPY)
2023-01-05 15:00:00,0.6220236538964334,5119.238581374302,cand_007 (EURJPY)
2023-01-06 07:00:00,0.5672413372387529,5119.80582271154,cand_003 (USDJPY)
2023-01-06 07:45:40,0.0,5119.80582271154,cand_003 (USDJPY)
2023-01-06 08:00:00,0.6347180141800342,5120.44054072572,cand_007 (EURJPY)
2023-01-06 13:00:00,12.03118876283395,5132.471729488554,cand_003 (USDJPY)
2023-01-09 08:00:00,0.6347180141800342,5133.106447502734,cand_007 (EURJPY)
2023-01-10 08:00:00,0.6347180141800342,5133.741165516914,cand_007 (EURJPY)
2023-01-11 07:00:00,0.5672413372387529,5134.308406854154,cand_003 (USDJPY)
2023-01-13 08:35:40,0.0,5134.308406854154,cand_007 (EURJPY)
2023-01-13 08:55:40,0.0,5134.308406854154,cand_003 (USDJPY)
2023-01-13 13:00:00,4.506732424361892,5138.815139278515,cand_003 (USDJPY)
2023-01-13 15:00:00,34.50961843096845,5173.324757709484,cand_007 (EURJPY)
2023-01-17 08:00:00,0.6347180141800342,5173.959475723665,cand_007 (EURJPY)
2023-01-19 07:36:40,0.0,5173.959475723665,cand_003 (USDJPY)
2023-01-19 13:00:00,-33.54098027092746,5140.418495452737,cand_003 (USDJPY)
2023-01-20 07:00:00,0.5672413372387529,5140.985736789975,cand_003 (USDJPY)
2023-01-20 07:20:40,0.0,5140.985736789975,cand_003 (USDJPY)
2023-01-20 08:00:00,0.6347180141800342,5141.620454804155,cand_007 (EURJPY)
2023-01-20 13:00:00,17.678076275045733,5159.298531079201,cand_003 (USDJPY)
2023-01-23 07:00:00,0.5672413372387529,5159.86577241644,cand_003 (USDJPY)
2023-01-23 07:54:40,0.0,5159.86577241644,cand_003 (USDJPY)
2023-01-23 08:00:00,0.6347180141800342,5160.500490430621,cand_007 (EURJPY)
2023-01-23 08:24:40,0.0,5160.500490430621,cand_007 (EURJPY)
2023-01-23 13:00:00,6.891982247450848,5167.3924726780715,cand_003 (USDJPY)
2023-01-23 15:00:00,0.2919702865228157,5167.6844429645935,cand_007 (EURJPY)
2023-01-24 07:00:00,0.5672413372387529,5168.251684301833,cand_003 (USDJPY)
2023-01-24 08:00:00,0.6347180141800342,5168.886402316013,cand_007 (EURJPY)
2023-01-25 07:00:00,0.5672413372387529,5169.453643653251,cand_003 (USDJPY)
2023-01-25 08:00:00,0.6347180141800342,5170.088361667431,cand_007 (EURJPY)
2023-01-27 07:00:00,0.5672413372387529,5170.65560300467,cand_003 (USDJPY)
2023-01-31 07:00:00,0.5672413372387529,5171.222844341908,cand_003 (USDJPY)
2023-02-01 07:00:00,0.5672413372387529,5171.7900856791475,cand_003 (USDJPY)
2023-02-01 08:00:00,0.6347180141800342,5172.424803693328,cand_007 (EURJPY)
2023-02-01 09:22:40,0.0,5172.424803693328,cand_003 (USDJPY)
2023-02-01 13:00:00,-25.123118826304367,5147.301684867023,cand_003 (USDJPY)
2023-02-02 08:00:00,0.6347180141800342,5147.936402881203,cand_007 (EURJPY)
2023-02-02 08:14:40,0.0,5147.936402881203,cand_007 (EURJPY)
2023-02-02 14:36:40,-33.912983497639225,5114.023419383564,cand_007 (EURJPY)
2023-02-02 14:36:40,44.795541209763,5158.818960593327,cand_007 (EURJPY)
2023-02-06 07:00:00,0.5672413372387529,5159.386201930565,cand_003 (USDJPY)
2023-02-06 08:00:00,0.6347180141800342,5160.020919944745,cand_007 (EURJPY)
2023-02-07 07:00:00,0.5672413372387529,5160.588161281984,cand_003 (USDJPY)
2023-02-09 07:00:00,0.5672413372387529,5161.1554026192225,cand_003 (USDJPY)
2023-02-09 08:00:00,0.6347180141800342,5161.790120633403,cand_007 (EURJPY)
2023-02-10 07:00:00,0.5672413372387529,5162.357361970641,cand_003 (USDJPY)
2023-02-10 08:00:00,0.6347180141800342,5162.992079984821,cand_007 (EURJPY)
2023-02-13 07:00:00,0.5672413372387529,5163.55932132206,cand_003 (USDJPY)
2023-02-13 08:00:00,0.6347180141800342,5164.19403933624,cand_007 (EURJPY)
2023-02-13 08:14:20,0.0,5164.19403933624,cand_003 (USDJPY)
2023-02-13 08:14:20,0.0,5164.19403933624,cand_007 (EURJPY)
2023-02-13 13:00:00,10.995973322373226,5175.190012658613,cand_003 (USDJPY)
2023-02-13 15:00:00,19.939666415465773,5195.129679074079,cand_007 (EURJPY)
2023-02-14 08:00:00,0.6347180141800342,5195.764397088259,cand_007 (EURJPY)
2023-02-15 07:00:00,0.5672413372387529,5196.331638425498,cand_003 (USDJPY)
2023-02-15 08:00:00,0.6347180141800342,5196.966356439678,cand_007 (EURJPY)
2023-02-15 08:44:40,0.0,5196.966356439678,cand_003 (USDJPY)
2023-02-15 13:00:00,3.190732521967985,5200.157088961646,cand_003 (USDJPY)
2023-02-16 07:00:00,0.5672413372387529,5200.7243302988845,cand_003 (USDJPY)
2023-02-17 07:00:00,0.5672413372387529,5201.291571636123,cand_003 (USDJPY)
2023-02-17 08:00:00,0.6347180141800342,5201.926289650303,cand_007 (EURJPY)
2023-02-20 08:00:00,0.6347180141800342,5202.561007664483,cand_007 (EURJPY)
2023-02-21 07:00:00,0.5672413372387529,5203.128249001722,cand_003 (USDJPY)
2023-02-21 09:04:40,0.0,5203.128249001722,cand_003 (USDJPY)
2023-02-21 13:00:00,1.0096895802849801,5204.137938582007,cand_003 (USDJPY)
2023-02-22 07:00:00,0.5672413372387529,5204.705179919245,cand_003 (USDJPY)
2023-02-23 07:00:00,0.5672413372387529,5205.272421256484,cand_003 (USDJPY)
2023-02-27 07:00:00,0.5672413372387529,5205.839662593722,cand_003 (USDJPY)
2023-02-27 08:00:00,0.6347180141800342,5206.474380607902,cand_007 (EURJPY)
2023-03-01 07:00:00,0.5672413372387529,5207.041621945142,cand_003 (USDJPY)
2023-03-01 08:00:00,0.6347180141800342,5207.676339959322,cand_007 (EURJPY)
2023-03-01 08:48:40,0.0,5207.676339959322,cand_007 (EURJPY)
2023-03-01 15:00:00,4.687392534719552,5212.363732494041,cand_007 (EURJPY)
2023-03-02 07:00:00,0.5672413372387529,5212.9309738312795,cand_003 (USDJPY)
2023-03-02 07:38:40,0.0,5212.9309738312795,cand_003 (USDJPY)
2023-03-02 13:00:00,5.227128922655108,5218.158102753934,cand_003 (USDJPY)
2023-03-03 07:00:00,0.5672413372387529,5218.725344091174,cand_003 (USDJPY)
2023-03-07 09:29:40,0.0,5218.725344091174,cand_003 (USDJPY)
2023-03-07 13:00:00,-13.179852470742423,5205.545491620431,cand_003 (USDJPY)
2023-03-08 07:00:00,0.5672413372387529,5206.112732957669,cand_003 (USDJPY)
2023-03-08 08:00:00,0.6347180141800342,5206.7474509718495,cand_007 (EURJPY)
2023-03-09 08:43:40,0.0,5206.7474509718495,cand_007 (EURJPY)
2023-03-09 08:47:40,0.0,5206.7474509718495,cand_003 (USDJPY)
2023-03-09 13:00:00,19.54146406787504,5226.288915039724,cand_003 (USDJPY)
2023-03-09 15:00:00,12.573763860906476,5238.862678900631,cand_007 (EURJPY)
2023-03-10 07:00:00,0.5672413372387529,5239.42992023787,cand_003 (USDJPY)
2023-03-10 08:00:00,0.6347180141800342,5240.06463825205,cand_007 (EURJPY)
2023-03-15 07:00:00,0.5672413372387529,5240.6318795892885,cand_003 (USDJPY)
2023-03-15 08:00:00,0.6347180141800342,5241.266597603469,cand_007 (EURJPY)
2023-03-15 08:09:40,0.0,5241.266597603469,cand_007 (EURJPY)
2023-03-15 09:10:40,0.0,5241.266597603469,cand_003 (USDJPY)
2023-03-15 12:27:40,45.687320019685956,5286.953917623155,cand_007 (EURJPY)
2023-03-15 12:27:40,-32.90060826502207,5254.0533093581325,cand_007 (EURJPY)
2023-03-15 13:00:00,-22.27556731336583,5231.777742044767,cand_003 (USDJPY)
2023-03-17 08:33:40,0.0,5231.777742044767,cand_003 (USDJPY)
2023-03-17 13:00:00,-10.564869906071774,5221.212872138695,cand_003 (USDJPY)
2023-03-20 09:28:40,0.0,5221.212872138695,cand_003 (USDJPY)
2023-03-20 13:00:00,11.929085322130975,5233.141957460826,cand_003 (USDJPY)
2023-03-22 07:00:00,0.5672413372387529,5233.709198798065,cand_003 (USDJPY)
2023-03-22 08:00:00,0.6347180141800342,5234.343916812245,cand_007 (EURJPY)
2023-03-23 08:00:00,0.6347180141800342,5234.978634826425,cand_007 (EURJPY)
2023-03-29 07:00:00,0.5672413372387529,5235.545876163664,cand_003 (USDJPY)
2023-03-29 08:00:00,0.6347180141800342,5236.180594177844,cand_007 (EURJPY)
2023-03-29 08:52:40,0.0,5236.180594177844,cand_007 (EURJPY)
2023-03-29 08:58:40,0.0,5236.180594177844,cand_003 (USDJPY)
2023-03-29 13:00:00,-12.192852543946994,5223.987741633897,cand_003 (USDJPY)
2023-03-29 15:00:00,27.321436920379572,5251.3091785542765,cand_007 (EURJPY)
2023-03-30 07:00:00,0.5672413372387529,5251.876419891515,cand_003 (USDJPY)
2023-03-31 07:00:00,0.5672413372387529,5252.443661228754,cand_003 (USDJPY)
2023-03-31 08:00:00,0.6347180141800342,5253.078379242934,cand_007 (EURJPY)
2023-04-03 07:00:00,0.5672413372387529,5253.645620580172,cand_003 (USDJPY)
2023-04-03 08:15:40,0.0,5253.645620580172,cand_003 (USDJPY)
2023-04-03 13:00:00,-10.20750786361136,5243.438112716562,cand_003 (USDJPY)
2023-04-04 07:00:00,0.5672413372387529,5244.005354053799,cand_003 (USDJPY)
2023-04-04 08:00:00,0.6347180141800342,5244.640072067979,cand_007 (EURJPY)
2023-04-07 07:00:00,0.5672413372387529,5245.207313405219,cand_003 (USDJPY)
2023-04-10 07:00:00,0.5672413372387529,5245.7745547424565,cand_003 (USDJPY)
2023-04-10 08:00:00,0.6347180141800342,5246.409272756637,cand_007 (EURJPY)
2023-04-11 07:00:00,0.5672413372387529,5246.976514093876,cand_003 (USDJPY)
2023-04-11 08:00:00,0.6347180141800342,5247.611232108056,cand_007 (EURJPY)
2023-04-12 07:00:00,0.5672413372387529,5248.178473445294,cand_003 (USDJPY)
2023-04-12 08:00:00,0.6347180141800342,5248.813191459474,cand_007 (EURJPY)
2023-04-17 07:00:00,0.5672413372387529,5249.380432796714,cand_003 (USDJPY)
2023-04-17 08:00:00,0.6347180141800342,5250.015150810894,cand_007 (EURJPY)
2023-04-17 08:08:40,0.0,5250.015150810894,cand_007 (EURJPY)
2023-04-17 08:14:40,0.0,5250.015150810894,cand_003 (USDJPY)
2023-04-17 13:00:00,-7.490421858237732,5242.524728952656,cand_003 (USDJPY)
2023-04-17 15:00:00,-26.521692222512726,5216.003036730142,cand_007 (EURJPY)
2023-04-18 07:00:00,0.5672413372387529,5216.570278067382,cand_003 (USDJPY)
2023-04-18 08:00:00,0.6347180141800342,5217.204996081562,cand_007 (EURJPY)
2023-04-19 07:00:00,0.5672413372387529,5217.7722374188,cand_003 (USDJPY)
2023-04-19 09:00:40,0.0,5217.7722374188,cand_003 (USDJPY)
2023-04-19 13:00:00,11.48947328577094,5229.261710704572,cand_003 (USDJPY)
2023-04-20 07:00:00,0.5672413372387529,5229.828952041809,cand_003 (USDJPY)
2023-04-24 07:00:00,0.5672413372387529,5230.396193379049,cand_003 (USDJPY)
2023-04-24 08:00:00,0.6347180141800342,5231.030911393229,cand_007 (EURJPY)
2023-04-25 07:00:00,0.5672413372387529,5231.598152730467,cand_003 (USDJPY)
2023-04-25 08:00:00,0.6347180141800342,5232.232870744647,cand_007 (EURJPY)
2023-04-27 08:00:00,0.6347180141800342,5232.867588758827,cand_007 (EURJPY)
2023-04-27 08:47:40,0.0,5232.867588758827,cand_007 (EURJPY)
2023-04-27 14:46:20,46.721275664785225,5279.588864423613,cand_007 (EURJPY)
2023-04-27 14:46:20,-33.3925147260116,5246.1963496976,cand_007 (EURJPY)
2023-05-01 07:00:00,0.5672413372387529,5246.76359103484,cand_003 (USDJPY)
2023-05-01 08:00:00,0.6347180141800342,5247.39830904902,cand_007 (EURJPY)
2023-05-02 07:00:00,0.5672413372387529,5247.965550386258,cand_003 (USDJPY)
2023-05-02 07:30:20,0.0,5247.965550386258,cand_003 (USDJPY)
2023-05-02 08:00:00,0.6347180141800342,5248.600268400438,cand_007 (EURJPY)
2023-05-02 08:02:40,0.0,5248.600268400438,cand_007 (EURJPY)
2023-05-02 12:27:40,-35.3664877501115,5213.233780650327,cand_007 (EURJPY)
2023-05-02 12:27:40,47.80442195598345,5261.038202606311,cand_007 (EURJPY)
2023-05-02 13:00:00,-12.714714574206646,5248.323488032103,cand_003 (USDJPY)
2023-05-04 09:36:40,0.0,5248.323488032103,cand_003 (USDJPY)
2023-05-04 13:00:00,-17.737636615455802,5230.585851416648,cand_003 (USDJPY)
2023-05-08 07:00:00,0.5672413372387529,5231.153092753886,cand_003 (USDJPY)
2023-05-08 08:00:00,0.6347180141800342,5231.787810768066,cand_007 (EURJPY)
2023-05-09 07:00:00,0.5672413372387529,5232.355052105306,cand_003 (USDJPY)
2023-05-10 07:00:00,0.5672413372387529,5232.922293442543,cand_003 (USDJPY)
2023-05-10 09:20:40,0.0,5232.922293442543,cand_003 (USDJPY)
2023-05-10 13:00:00,-11.537688799436234,5221.384604643108,cand_003 (USDJPY)
2023-05-15 08:00:00,0.6347180141800342,5222.019322657288,cand_007 (EURJPY)
2023-05-15 08:56:20,0.0,5222.019322657288,cand_007 (EURJPY)
2023-05-15 15:00:00,2.656294889343443,5224.675617546631,cand_007 (EURJPY)
2023-05-19 08:00:00,0.6347180141800342,5225.310335560811,cand_007 (EURJPY)
2023-05-23 08:00:00,0.6347180141800342,5225.945053574991,cand_007 (EURJPY)
2023-05-31 08:07:40,0.0,5225.945053574991,cand_007 (EURJPY)
2023-05-31 15:00:00,8.90509373894588,5234.850147313938,cand_007 (EURJPY)
2023-06-05 07:00:00,0.5672413372387529,5235.417388651176,cand_003 (USDJPY)
2023-06-08 07:00:00,0.5672413372387529,5235.984629988415,cand_003 (USDJPY)
2023-06-12 07:00:00,0.5672413372387529,5236.551871325653,cand_003 (USDJPY)
2023-06-14 07:00:00,0.5672413372387529,5237.119112662892,cand_003 (USDJPY)
2023-06-15 07:00:00,0.5672413372387529,5237.68635400013,cand_003 (USDJPY)
2023-06-15 07:02:40,0.0,5237.68635400013,cand_003 (USDJPY)
2023-06-15 08:00:00,0.6347180141800342,5238.321072014311,cand_007 (EURJPY)
2023-06-15 08:02:40,0.0,5238.321072014311,cand_007 (EURJPY)
2023-06-15 13:00:00,-8.165439049551848,5230.155632964759,cand_003 (USDJPY)
2023-06-15 15:00:00,-3.370352655295981,5226.785280309463,cand_007 (EURJPY)
2023-06-16 07:00:00,0.5672413372387529,5227.3525216467015,cand_003 (USDJPY)
2023-06-16 08:00:00,0.6347180141800342,5227.987239660882,cand_007 (EURJPY)
2023-06-16 08:40:40,0.0,5227.987239660882,cand_007 (EURJPY)
2023-06-16 09:38:40,0.0,5227.987239660882,cand_003 (USDJPY)
2023-06-16 13:00:00,2.0534136408042856,5230.040653301686,cand_003 (USDJPY)
2023-06-16 15:00:00,20.03487411759278,5250.075527419278,cand_007 (EURJPY)
2023-06-19 07:00:00,0.5672413372387529,5250.642768756517,cand_003 (USDJPY)
2023-06-19 08:00:00,0.6347180141800342,5251.277486770698,cand_007 (EURJPY)
2023-06-20 07:00:00,0.5672413372387529,5251.844728107935,cand_003 (USDJPY)
2023-06-20 08:00:00,0.6347180141800342,5252.479446122115,cand_007 (EURJPY)
2023-06-21 07:00:00,0.5672413372387529,5253.046687459355,cand_003 (USDJPY)
2023-06-21 08:00:00,0.6347180141800342,5253.681405473535,cand_007 (EURJPY)
2023-06-21 08:07:40,0.0,5253.681405473535,cand_003 (USDJPY)
2023-06-21 13:00:00,2.3568877562270187,5256.038293229762,cand_003 (USDJPY)
2023-06-22 07:00:00,0.5672413372387529,5256.605534567,cand_003 (USDJPY)
2023-06-23 07:00:00,0.5672413372387529,5257.172775904239,cand_003 (USDJPY)
2023-06-23 08:00:00,0.6347180141800342,5257.807493918419,cand_007 (EURJPY)
2023-06-23 08:37:40,0.0,5257.807493918419,cand_003 (USDJPY)
2023-06-23 13:00:00,-3.366577336511998,5254.440916581907,cand_003 (USDJPY)
2023-06-26 07:00:00,0.5672413372387529,5255.008157919146,cand_003 (USDJPY)
2023-06-26 08:00:00,0.6347180141800342,5255.642875933326,cand_007 (EURJPY)
2023-06-27 07:00:00,0.5672413372387529,5256.210117270564,cand_003 (USDJPY)
2023-06-28 07:00:00,0.5672413372387529,5256.777358607803,cand_003 (USDJPY)
2023-06-29 07:00:00,0.5672413372387529,5257.344599945041,cand_003 (USDJPY)
2023-06-29 07:56:40,0.0,5257.344599945041,cand_003 (USDJPY)
2023-06-29 13:00:00,-9.782076860682295,5247.56252308436,cand_003 (USDJPY)
2023-06-30 07:00:00,0.5672413372387529,5248.129764421597,cand_003 (USDJPY)
2023-07-03 07:00:00,0.5672413372387529,5248.697005758837,cand_003 (USDJPY)
2023-07-03 08:00:00,0.6347180141800342,5249.331723773017,cand_007 (EURJPY)
2023-07-04 07:00:00,0.5672413372387529,5249.898965110255,cand_003 (USDJPY)
2023-07-05 07:00:00,0.5672413372387529,5250.466206447494,cand_003 (USDJPY)
2023-07-06 07:30:40,0.0,5250.466206447494,cand_003 (USDJPY)
2023-07-06 08:34:20,0.0,5250.466206447494,cand_007 (EURJPY)
2023-07-06 13:00:00,-4.132353141784315,5246.333853305709,cand_003 (USDJPY)
2023-07-06 15:00:00,-31.5772212054567,5214.756632100252,cand_007 (EURJPY)
2023-07-07 08:38:40,0.0,5214.756632100252,cand_003 (USDJPY)
2023-07-07 13:00:00,20.843282936837973,5235.599915037091,cand_003 (USDJPY)
2023-07-10 08:00:00,0.6347180141800342,5236.234633051271,cand_007 (EURJPY)
2023-07-14 08:00:00,0.6347180141800342,5236.869351065451,cand_007 (EURJPY)
2023-07-17 07:00:00,0.5672413372387529,5237.43659240269,cand_003 (USDJPY)
2023-07-17 08:00:00,0.6347180141800342,5238.07131041687,cand_007 (EURJPY)
2023-07-18 07:38:40,0.0,5238.07131041687,cand_003 (USDJPY)
2023-07-18 13:00:00,6.648068472438185,5244.719378889308,cand_003 (USDJPY)
2023-07-19 07:00:00,0.5672413372387529,5245.286620226547,cand_003 (USDJPY)
2023-07-19 08:00:00,0.6347180141800342,5245.921338240727,cand_007 (EURJPY)
2023-07-19 08:49:40,0.0,5245.921338240727,cand_007 (EURJPY)
2023-07-19 08:50:40,0.0,5245.921338240727,cand_003 (USDJPY)
2023-07-19 13:00:00,14.6461713275046,5260.567509568232,cand_003 (USDJPY)
2023-07-19 15:00:00,9.171675304901493,5269.739184873133,cand_007 (EURJPY)
2023-07-21 07:00:00,0.5672413372387529,5270.306426210372,cand_003 (USDJPY)
2023-07-24 07:00:00,0.5672413372387529,5270.87366754761,cand_003 (USDJPY)
2023-07-24 08:00:00,0.6347180141800342,5271.50838556179,cand_007 (EURJPY)
2023-07-25 07:00:00,0.5672413372387529,5272.075626899029,cand_003 (USDJPY)
2023-07-26 09:28:40,0.0,5272.075626899029,cand_003 (USDJPY)
2023-07-26 13:00:00,14.305826525161349,5286.38145342419,cand_003 (USDJPY)
2023-07-31 07:00:00,0.5672413372387529,5286.948694761429,cand_003 (USDJPY)
2023-07-31 08:00:00,0.6347180141800342,5287.583412775609,cand_007 (EURJPY)
2023-07-31 09:48:40,0.0,5287.583412775609,cand_003 (USDJPY)
2023-07-31 13:00:00,10.882525054925473,5298.465937830534,cand_003 (USDJPY)
2023-08-01 07:00:00,0.5672413372387529,5299.033179167773,cand_003 (USDJPY)
2023-08-01 08:00:00,0.6347180141800342,5299.667897181953,cand_007 (EURJPY)
2023-08-01 08:57:40,0.0,5299.667897181953,cand_007 (EURJPY)
2023-08-01 15:00:00,-4.706434075144953,5294.961463106808,cand_007 (EURJPY)
2023-08-02 07:00:00,0.5672413372387529,5295.5287044440465,cand_003 (USDJPY)
2023-08-02 08:00:00,0.6347180141800342,5296.163422458227,cand_007 (EURJPY)
2023-08-03 07:00:00,0.5672413372387529,5296.730663795465,cand_003 (USDJPY)
2023-08-03 07:04:40,0.0,5296.730663795465,cand_003 (USDJPY)
2023-08-03 08:00:00,0.6347180141800342,5297.365381809645,cand_007 (EURJPY)
2023-08-03 08:18:40,0.0,5297.365381809645,cand_007 (EURJPY)
2023-08-03 10:15:40,49.66763668660894,5347.033018496255,cand_007 (EURJPY)
2023-08-03 10:15:40,-31.5454853047477,5315.487533191506,cand_007 (EURJPY)
2023-08-03 10:31:40,40.56654785329803,5356.054081044805,cand_003 (USDJPY)
2023-08-03 10:31:40,-22.644274182571017,5333.409806862233,cand_003 (USDJPY)
2023-08-07 08:00:00,0.6347180141800342,5334.044524876414,cand_007 (EURJPY)
2023-08-08 07:00:00,0.5672413372387529,5334.611766213653,cand_003 (USDJPY)
2023-08-08 08:00:00,0.6347180141800342,5335.246484227833,cand_007 (EURJPY)
2023-08-08 08:59:40,0.0,5335.246484227833,cand_007 (EURJPY)
2023-08-08 14:11:40,-47.35313744790145,5287.893346779931,cand_007 (EURJPY)
2023-08-08 14:11:40,49.69048653511942,5337.5838333150505,cand_007 (EURJPY)
2023-08-09 07:00:00,0.5672413372387529,5338.151074652289,cand_003 (USDJPY)
2023-08-10 07:00:00,0.5672413372387529,5338.718315989528,cand_003 (USDJPY)
2023-08-10 07:14:20,0.0,5338.718315989528,cand_003 (USDJPY)
2023-08-10 13:00:00,-6.191439195960988,5332.526876793567,cand_003 (USDJPY)
2023-08-11 07:00:00,0.5672413372387529,5333.094118130805,cand_003 (USDJPY)
2023-08-14 07:00:00,0.5672413372387529,5333.661359468044,cand_003 (USDJPY)
2023-08-15 07:00:00,0.5672413372387529,5334.228600805282,cand_003 (USDJPY)
2023-08-15 09:44:40,0.0,5334.228600805282,cand_003 (USDJPY)
2023-08-15 13:00:00,-6.701956399475866,5327.526644405807,cand_003 (USDJPY)
2023-09-05 07:00:00,0.5672413372387529,5328.093885743045,cand_003 (USDJPY)
2023-09-05 08:56:20,0.0,5328.093885743045,cand_003 (USDJPY)
2023-09-05 13:00:00,10.67548196683333,5338.769367709878,cand_003 (USDJPY)
2023-09-06 07:00:00,0.5672413372387529,5339.336609047117,cand_003 (USDJPY)
2023-09-07 07:00:00,0.5672413372387529,5339.903850384355,cand_003 (USDJPY)
2023-09-11 07:32:20,0.0,5339.903850384355,cand_003 (USDJPY)
2023-09-11 13:00:00,-17.941843496861754,5321.962006887494,cand_003 (USDJPY)
2023-09-13 07:00:00,0.5672413372387529,5322.529248224732,cand_003 (USDJPY)
2023-09-13 08:00:00,0.6347180141800342,5323.1639662389125,cand_007 (EURJPY)
2023-09-19 07:00:00,0.5672413372387529,5323.731207576151,cand_003 (USDJPY)
2023-09-19 09:45:40,0.0,5323.731207576151,cand_003 (USDJPY)
2023-09-19 13:00:00,-8.758206246966346,5314.973001329185,cand_003 (USDJPY)
2023-09-21 07:00:00,0.5672413372387529,5315.540242666423,cand_003 (USDJPY)
2023-09-22 07:00:00,0.5672413372387529,5316.107484003662,cand_003 (USDJPY)
2023-09-22 08:00:00,0.6347180141800342,5316.742202017842,cand_007 (EURJPY)
2023-09-22 09:36:40,0.0,5316.742202017842,cand_003 (USDJPY)
2023-09-22 13:00:00,0.38288790263615824,5317.125089920478,cand_003 (USDJPY)
2023-09-25 07:00:00,0.5672413372387529,5317.692331257716,cand_003 (USDJPY)
2023-09-26 07:00:00,0.5672413372387529,5318.259572594955,cand_003 (USDJPY)
2023-09-26 09:21:40,0.0,5318.259572594955,cand_003 (USDJPY)
2023-09-26 13:00:00,-8.687301079811501,5309.572271515144,cand_003 (USDJPY)
2023-09-28 07:00:00,0.5672413372387529,5310.139512852382,cand_003 (USDJPY)
2023-09-29 07:00:00,0.5672413372387529,5310.706754189621,cand_003 (USDJPY)
2023-09-29 08:00:00,0.6347180141800342,5311.3414722038015,cand_007 (EURJPY)
2023-10-02 07:00:00,0.5672413372387529,5311.908713541039,cand_003 (USDJPY)
2023-10-09 07:00:00,0.5672413372387529,5312.475954878279,cand_003 (USDJPY)
2023-10-11 07:00:00,0.5672413372387529,5313.043196215516,cand_003 (USDJPY)
2023-10-11 08:53:40,0.0,5313.043196215516,cand_003 (USDJPY)
2023-10-11 13:00:00,-11.217197443896339,5301.82599877162,cand_003 (USDJPY)
2023-10-12 07:00:00,0.5672413372387529,5302.393240108859,cand_003 (USDJPY)
2023-10-16 07:00:00,0.5672413372387529,5302.960481446097,cand_003 (USDJPY)
2023-10-18 07:00:00,0.5672413372387529,5303.527722783336,cand_003 (USDJPY)
2023-10-26 07:00:00,0.5672413372387529,5304.094964120574,cand_003 (USDJPY)
2023-10-26 09:05:40,0.0,5304.094964120574,cand_003 (USDJPY)
2023-10-26 09:47:40,42.51814167406796,5346.613105794642,cand_003 (USDJPY)
2023-10-26 09:47:40,-26.220730813861355,5320.392374980781,cand_003 (USDJPY)
2023-10-31 08:00:00,0.6347180141800342,5321.027092994961,cand_007 (EURJPY)
2023-10-31 08:36:40,0.0,5321.027092994961,cand_007 (EURJPY)
2023-10-31 15:00:00,60.634611894618665,5381.66170488958,cand_007 (EURJPY)
2023-11-01 07:00:00,0.5672413372387529,5382.228946226818,cand_003 (USDJPY)
2023-11-01 08:00:00,0.6347180141800342,5382.863664240998,cand_007 (EURJPY)
2023-11-07 07:00:00,0.5672413372387529,5383.430905578237,cand_003 (USDJPY)
2023-11-07 08:38:40,0.0,5383.430905578237,cand_003 (USDJPY)
2023-11-07 13:00:00,-2.4533187835576067,5380.977586794679,cand_003 (USDJPY)
2023-11-08 07:00:00,0.5672413372387529,5381.544828131918,cand_003 (USDJPY)
2023-11-08 09:16:40,0.0,5381.544828131918,cand_003 (USDJPY)
2023-11-08 13:00:00,1.1656809480256374,5382.710509079943,cand_003 (USDJPY)
2023-11-13 07:00:00,0.5672413372387529,5383.277750417182,cand_003 (USDJPY)
2023-11-22 07:00:00,0.5672413372387529,5383.84499175442,cand_003 (USDJPY)
2023-11-22 07:15:40,0.0,5383.84499175442,cand_003 (USDJPY)
2023-11-22 08:00:00,0.6347180141800342,5384.4797097686005,cand_007 (EURJPY)
2023-11-22 08:13:40,0.0,5384.4797097686005,cand_007 (EURJPY)
2023-11-22 13:00:00,14.249102391437473,5398.728812160038,cand_003 (USDJPY)
2023-11-22 15:00:00,-7.7657749034927175,5390.963037256545,cand_007 (EURJPY)
2023-11-23 07:00:00,0.5672413372387529,5391.530278593784,cand_003 (USDJPY)
2023-11-24 07:00:00,0.5672413372387529,5392.097519931022,cand_003 (USDJPY)
2023-11-24 08:00:00,0.6347180141800342,5392.7322379452025,cand_007 (EURJPY)
2023-11-27 08:00:00,0.6347180141800342,5393.366955959383,cand_007 (EURJPY)
2023-12-01 07:00:00,0.5672413372387529,5393.934197296621,cand_003 (USDJPY)
2023-12-01 09:52:40,0.0,5393.934197296621,cand_003 (USDJPY)
2023-12-01 13:00:00,-12.99549903613983,5380.938698260481,cand_003 (USDJPY)
2023-12-05 08:24:20,0.0,5380.938698260481,cand_003 (USDJPY)
2023-12-05 13:00:00,-9.716844106899837,5371.221854153582,cand_003 (USDJPY)
2023-12-06 07:00:00,0.5672413372387529,5371.78909549082,cand_003 (USDJPY)
2023-12-07 07:49:40,0.0,5371.78909549082,cand_003 (USDJPY)
2023-12-07 08:22:40,0.0,5371.78909549082,cand_007 (EURJPY)
2023-12-07 12:13:40,71.96307224879439,5443.752167739614,cand_003 (USDJPY)
2023-12-07 12:13:40,41.0461504039334,5484.798318143548,cand_003 (USDJPY)
2023-12-07 15:00:00,58.324238323003335,5543.122556466552,cand_007 (EURJPY)
2023-12-11 07:00:00,0.5672413372387529,5543.6897978037905,cand_003 (USDJPY)
2023-12-11 08:00:00,0.6347180141800342,5544.324515817971,cand_007 (EURJPY)
2023-12-11 08:15:40,0.0,5544.324515817971,cand_007 (EURJPY)
2023-12-11 09:40:40,0.0,5544.324515817971,cand_003 (USDJPY)
2023-12-11 13:00:00,17.105162524434594,5561.429678342405,cand_003 (USDJPY)
2023-12-11 15:00:00,26.80096814875194,5588.230646491157,cand_007 (EURJPY)
2023-12-12 07:22:40,0.0,5588.230646491157,cand_003 (USDJPY)
2023-12-12 13:00:00,2.966672193758678,5591.197318684915,cand_003 (USDJPY)
2023-12-13 07:00:00,0.5672413372387529,5591.764560022155,cand_003 (USDJPY)
2023-12-13 08:33:40,0.0,5591.764560022155,cand_003 (USDJPY)
2023-12-13 13:00:00,-7.359956350672819,5584.404603671482,cand_003 (USDJPY)
2023-12-19 07:00:00,0.5672413372387529,5584.97184500872,cand_003 (USDJPY)
2023-12-19 08:00:00,0.6347180141800342,5585.6065630229,cand_007 (EURJPY)
2023-12-19 09:01:40,0.0,5585.6065630229,cand_003 (USDJPY)
2023-12-19 13:00:00,36.96428174116334,5622.570844764064,cand_003 (USDJPY)
2023-12-20 07:00:00,0.5672413372387529,5623.138086101302,cand_003 (USDJPY)
2023-12-20 08:00:00,0.6347180141800342,5623.772804115482,cand_007 (EURJPY)
2023-12-27 07:00:00,0.5672413372387529,5624.340045452721,cand_003 (USDJPY)
2023-12-27 08:00:00,0.6347180141800342,5624.974763466901,cand_007 (EURJPY)
2023-12-28 09:03:40,0.0,5624.974763466901,cand_003 (USDJPY)
2023-12-28 13:00:00,10.925068155218382,5635.89983162212,cand_003 (USDJPY)
2024-01-02 07:00:00,0.5672413372387529,5636.467072959358,cand_003 (USDJPY)
2024-01-03 07:00:00,0.5672413372387529,5637.034314296597,cand_003 (USDJPY)
2024-01-03 09:14:40,0.0,5637.034314296597,cand_003 (USDJPY)
2024-01-03 13:00:00,13.401076592265538,5650.4353908888625,cand_003 (USDJPY)
2024-01-04 07:00:00,0.5672413372387529,5651.0026322261,cand_003 (USDJPY)
2024-01-04 07:34:40,0.0,5651.0026322261,cand_003 (USDJPY)
2024-01-04 08:00:00,0.6347180141800342,5651.63735024028,cand_007 (EURJPY)
2024-01-04 13:00:00,20.40934331385033,5672.046693554132,cand_003 (USDJPY)
2024-01-05 07:00:00,0.5672413372387529,5672.613934891369,cand_003 (USDJPY)
2024-01-05 08:00:00,0.6347180141800342,5673.2486529055495,cand_007 (EURJPY)
2024-01-05 08:23:40,0.0,5673.2486529055495,cand_003 (USDJPY)
2024-01-05 08:31:40,0.0,5673.2486529055495,cand_007 (EURJPY)
2024-01-05 13:00:00,5.116516861893551,5678.365169767443,cand_003 (USDJPY)
2024-01-05 15:00:00,-15.747353931806646,5662.617815835637,cand_007 (EURJPY)
2024-01-08 07:00:00,0.5672413372387529,5663.1850571728755,cand_003 (USDJPY)
2024-01-10 07:00:00,0.5672413372387529,5663.752298510114,cand_003 (USDJPY)
2024-01-10 08:00:00,0.6347180141800342,5664.387016524294,cand_007 (EURJPY)
2024-01-10 08:52:40,0.0,5664.387016524294,cand_003 (USDJPY)
2024-01-10 08:57:20,0.0,5664.387016524294,cand_007 (EURJPY)
2024-01-10 13:00:00,-5.088154795031614,5659.298861729263,cand_003 (USDJPY)
2024-01-10 15:00:00,18.917770412635917,5678.216632141899,cand_007 (EURJPY)
2024-01-11 07:00:00,0.5672413372387529,5678.783873479137,cand_003 (USDJPY)
2024-01-11 08:00:00,0.6347180141800342,5679.418591493317,cand_007 (EURJPY)
2024-01-12 08:00:00,0.6347180141800342,5680.053309507497,cand_007 (EURJPY)
2024-01-15 07:00:00,0.5672413372387529,5680.6205508447365,cand_003 (USDJPY)
2024-01-15 08:00:00,0.6347180141800342,5681.255268858917,cand_007 (EURJPY)
2024-01-15 09:01:40,0.0,5681.255268858917,cand_003 (USDJPY)
2024-01-15 13:00:00,12.03118876283395,5693.286457621751,cand_003 (USDJPY)
2024-01-16 07:00:00,0.5672413372387529,5693.853698958988,cand_003 (USDJPY)
2024-01-16 08:00:00,0.6347180141800342,5694.488416973169,cand_007 (EURJPY)
2024-01-17 07:00:00,0.5672413372387529,5695.055658310408,cand_003 (USDJPY)
2024-01-17 07:37:40,0.0,5695.055658310408,cand_003 (USDJPY)
2024-01-17 13:00:00,5.298034089809952,5700.353692400217,cand_003 (USDJPY)
2024-01-18 07:00:00,0.5672413372387529,5700.920933737456,cand_003 (USDJPY)
2024-01-19 07:00:00,0.5672413372387529,5701.4881750746945,cand_003 (USDJPY)
2024-01-19 07:32:40,0.0,5701.4881750746945,cand_003 (USDJPY)
2024-01-19 08:00:00,0.6347180141800342,5702.122893088875,cand_007 (EURJPY)
2024-01-19 08:24:40,0.0,5702.122893088875,cand_007 (EURJPY)
2024-01-19 12:07:40,-42.960888789775616,5659.162004299099,cand_007 (EURJPY)
2024-01-19 12:07:40,51.05386082957814,5710.215865128677,cand_007 (EURJPY)
2024-01-19 13:00:00,-25.151480893166305,5685.064384235511,cand_003 (USDJPY)
2024-01-23 08:00:00,0.6347180141800342,5685.699102249691,cand_007 (EURJPY)
2024-01-23 08:40:20,0.0,5685.699102249691,cand_003 (USDJPY)
2024-01-23 13:00:00,-5.638378892153204,5680.060723357538,cand_003 (USDJPY)
2024-01-25 07:00:00,0.5672413372387529,5680.627964694777,cand_003 (USDJPY)
2024-01-26 07:00:00,0.5672413372387529,5681.195206032015,cand_003 (USDJPY)
2024-01-29 07:00:00,0.5672413372387529,5681.762447369254,cand_003 (USDJPY)
2024-01-31 07:00:00,0.5672413372387529,5682.329688706493,cand_003 (USDJPY)
2024-02-05 07:00:00,0.5672413372387529,5682.896930043731,cand_003 (USDJPY)
2024-02-06 07:00:00,0.5672413372387529,5683.46417138097,cand_003 (USDJPY)
2024-02-08 07:00:00,0.5672413372387529,5684.031412718208,cand_003 (USDJPY)
2024-02-08 07:31:40,0.0,5684.031412718208,cand_003 (USDJPY)
2024-02-08 08:00:00,0.6347180141800342,5684.666130732388,cand_007 (EURJPY)
2024-02-08 08:46:40,0.0,5684.666130732388,cand_007 (EURJPY)
2024-02-08 13:00:00,18.072309004426668,5702.738439736815,cand_003 (USDJPY)
2024-02-08 15:00:00,7.058064317681979,5709.796504054497,cand_007 (EURJPY)
2024-02-09 07:00:00,0.5672413372387529,5710.363745391735,cand_003 (USDJPY)
2024-02-13 07:00:00,0.5672413372387529,5710.930986728974,cand_003 (USDJPY)
2024-02-14 07:00:00,0.5672413372387529,5711.4982280662125,cand_003 (USDJPY)
2024-02-16 07:00:00,0.5672413372387529,5712.065469403451,cand_003 (USDJPY)
2024-02-20 07:00:00,0.5672413372387529,5712.63271074069,cand_003 (USDJPY)
2024-02-26 07:00:00,0.5672413372387529,5713.199952077928,cand_003 (USDJPY)
2024-02-28 07:00:00,0.5672413372387529,5713.767193415167,cand_003 (USDJPY)
2024-02-28 09:37:40,0.0,5713.767193415167,cand_003 (USDJPY)
2024-02-28 13:00:00,-3.916801433633589,5709.850391981533,cand_003 (USDJPY)
2024-03-01 07:00:00,0.5672413372387529,5710.417633318772,cand_003 (USDJPY)
2024-03-04 07:00:00,0.5672413372387529,5710.98487465601,cand_003 (USDJPY)
2024-03-04 08:30:20,0.0,5710.98487465601,cand_003 (USDJPY)
2024-03-04 13:00:00,0.7913016654480604,5711.7761763214585,cand_003 (USDJPY)
2024-03-06 09:07:40,0.0,5711.7761763214585,cand_003 (USDJPY)
2024-03-06 13:00:00,-3.3325428562776733,5708.44363346518,cand_003 (USDJPY)
2024-03-07 08:35:40,0.0,5708.44363346518,cand_007 (EURJPY)
2024-03-07 08:50:40,0.0,5708.44363346518,cand_003 (USDJPY)
2024-03-07 13:00:00,14.345533418768062,5722.789166883948,cand_003 (USDJPY)
2024-03-07 15:00:00,27.600712846618784,5750.389879730567,cand_007 (EURJPY)
2024-03-12 07:00:00,0.5672413372387529,5750.957121067806,cand_003 (USDJPY)
2024-03-12 08:00:00,0.6347180141800342,5751.591839081986,cand_007 (EURJPY)
2024-03-12 08:36:40,0.0,5751.591839081986,cand_007 (EURJPY)
2024-03-12 08:37:40,0.0,5751.591839081986,cand_003 (USDJPY)
2024-03-12 13:00:00,-5.34908581016144,5746.242753271825,cand_003 (USDJPY)
2024-03-12 15:00:00,-6.286881930453238,5739.955871341372,cand_007 (EURJPY)
2024-03-14 07:00:00,0.5672413372387529,5740.52311267861,cand_003 (USDJPY)
2024-03-15 07:00:00,0.5672413372387529,5741.090354015849,cand_003 (USDJPY)
2024-03-18 07:00:00,0.5672413372387529,5741.657595353087,cand_003 (USDJPY)
2024-03-19 07:00:00,0.5672413372387529,5742.224836690326,cand_003 (USDJPY)
2024-03-19 07:42:40,0.0,5742.224836690326,cand_003 (USDJPY)
2024-03-19 08:00:00,0.6347180141800342,5742.859554704506,cand_007 (EURJPY)
2024-03-19 08:04:40,0.0,5742.859554704506,cand_007 (EURJPY)
2024-03-19 13:00:00,23.56604135558399,5766.425596060089,cand_003 (USDJPY)
2024-03-19 15:00:00,-0.92986189077375,5765.495734169316,cand_007 (EURJPY)
2024-03-20 07:00:00,0.5672413372387529,5766.062975506555,cand_003 (USDJPY)
2024-03-20 07:11:40,0.0,5766.062975506555,cand_003 (USDJPY)
2024-03-20 08:00:00,0.6347180141800342,5766.697693520735,cand_007 (EURJPY)
2024-03-20 13:00:00,7.8903270009910536,5774.588020521725,cand_003 (USDJPY)
2024-03-21 08:00:00,0.6347180141800342,5775.222738535906,cand_007 (EURJPY)
2024-03-21 08:55:20,0.0,5775.222738535906,cand_007 (EURJPY)
2024-03-21 15:00:00,-10.247522338936651,5764.97521619697,cand_007 (EURJPY)
2024-03-22 07:00:00,0.5672413372387529,5765.542457534208,cand_003 (USDJPY)
2024-03-27 07:00:00,0.5672413372387529,5766.109698871447,cand_003 (USDJPY)
2024-03-27 08:00:00,0.6347180141800342,5766.744416885627,cand_007 (EURJPY)
2024-04-02 07:00:00,0.5672413372387529,5767.311658222865,cand_003 (USDJPY)
2024-04-08 07:00:00,0.5672413372387529,5767.878899560104,cand_003 (USDJPY)
2024-04-11 07:00:00,0.5672413372387529,5768.446140897342,cand_003 (USDJPY)
2024-04-12 07:00:00,0.5672413372387529,5769.0133822345815,cand_003 (USDJPY)
2024-04-15 07:00:00,0.5672413372387529,5769.580623571819,cand_003 (USDJPY)
2024-04-15 07:39:40,0.0,5769.580623571819,cand_003 (USDJPY)
2024-04-15 08:00:00,0.6347180141800342,5770.215341585999,cand_007 (EURJPY)
2024-04-15 08:53:40,0.0,5770.215341585999,cand_007 (EURJPY)
2024-04-15 13:00:00,0.0,5770.215341585999,cand_003 (USDJPY)
2024-04-15 15:00:00,0.9489034311991511,5771.1642450171985,cand_007 (EURJPY)
2024-04-16 07:00:00,0.5672413372387529,5771.731486354438,cand_003 (USDJPY)
2024-04-16 09:31:40,0.0,5771.731486354438,cand_003 (USDJPY)
2024-04-16 13:00:00,0.36587066251899564,5772.097357016956,cand_003 (USDJPY)
2024-04-22 07:00:00,0.5672413372387529,5772.664598354195,cand_003 (USDJPY)
2024-04-25 07:00:00,0.5672413372387529,5773.231839691433,cand_003 (USDJPY)
2024-04-25 07:57:40,0.0,5773.231839691433,cand_003 (USDJPY)
2024-04-25 08:00:00,0.6347180141800342,5773.866557705614,cand_007 (EURJPY)
2024-04-25 08:17:40,0.0,5773.866557705614,cand_007 (EURJPY)
2024-04-25 13:00:00,-0.5105172035148776,5773.356040502098,cand_003 (USDJPY)
2024-04-25 15:00:00,0.08251334184340445,5773.438553843942,cand_007 (EURJPY)
2024-04-26 07:00:00,0.5672413372387529,5774.0057951811805,cand_003 (USDJPY)
2024-04-26 08:00:00,0.6347180141800342,5774.640513195361,cand_007 (EURJPY)
2024-04-26 09:57:40,0.0,5774.640513195361,cand_003 (USDJPY)
2024-04-26 11:01:40,44.04061742321678,5818.681130618577,cand_003 (USDJPY)
2024-04-26 11:01:40,-36.20134214257721,5782.479788476,cand_003 (USDJPY)
2024-04-30 07:00:00,0.5672413372387529,5783.047029813239,cand_003 (USDJPY)
2024-04-30 08:00:00,0.6347180141800342,5783.681747827419,cand_007 (EURJPY)
2024-05-01 07:00:00,0.5672413372387529,5784.248989164657,cand_003 (USDJPY)
2024-05-06 07:00:00,0.5672413372387529,5784.816230501896,cand_003 (USDJPY)
2024-05-06 08:00:00,0.6347180141800342,5785.450948516076,cand_007 (EURJPY)
2024-05-07 07:00:00,0.5672413372387529,5786.018189853315,cand_003 (USDJPY)
2024-05-07 08:00:00,0.6347180141800342,5786.652907867495,cand_007 (EURJPY)
2024-05-08 07:00:00,0.5672413372387529,5787.220149204733,cand_003 (USDJPY)
2024-05-09 07:00:00,0.5672413372387529,5787.787390541972,cand_003 (USDJPY)
2024-05-09 08:00:00,0.6347180141800342,5788.422108556152,cand_007 (EURJPY)
2024-05-09 09:50:20,0.0,5788.422108556152,cand_003 (USDJPY)
2024-05-09 13:00:00,3.20207734871276,5791.624185904865,cand_003 (USDJPY)
2024-05-10 07:00:00,0.5672413372387529,5792.191427242104,cand_003 (USDJPY)
2024-05-13 07:00:00,0.5672413372387529,5792.758668579342,cand_003 (USDJPY)
2024-05-14 07:00:00,0.5672413372387529,5793.325909916581,cand_003 (USDJPY)
2024-05-15 07:00:00,0.5672413372387529,5793.893151253819,cand_003 (USDJPY)
2024-05-17 07:00:00,0.5672413372387529,5794.460392591058,cand_003 (USDJPY)
2024-05-17 08:00:00,0.6347180141800342,5795.095110605238,cand_007 (EURJPY)
2024-05-20 07:00:00,0.5672413372387529,5795.662351942477,cand_003 (USDJPY)
2024-05-21 07:00:00,0.5672413372387529,5796.229593279715,cand_003 (USDJPY)
2024-05-22 07:00:00,0.5672413372387529,5796.796834616954,cand_003 (USDJPY)
2024-05-22 09:27:20,0.0,5796.796834616954,cand_003 (USDJPY)
2024-05-22 13:00:00,-1.4861723035655328,5795.310662313388,cand_003 (USDJPY)
2024-05-23 07:00:00,0.5672413372387529,5795.877903650627,cand_003 (USDJPY)
2024-05-24 07:00:00,0.5672413372387529,5796.445144987865,cand_003 (USDJPY)
2024-05-29 07:00:00,0.5672413372387529,5797.012386325104,cand_003 (USDJPY)
2024-05-30 07:00:00,0.5672413372387529,5797.579627662342,cand_003 (USDJPY)
2024-05-30 08:23:40,0.0,5797.579627662342,cand_007 (EURJPY)
2024-05-30 15:00:00,-2.6721628396979438,5794.907464822644,cand_007 (EURJPY)
2024-06-03 07:00:00,0.5672413372387529,5795.474706159883,cand_003 (USDJPY)
2024-06-03 08:00:00,0.6347180141800342,5796.109424174063,cand_007 (EURJPY)
2024-06-04 08:00:00,0.6347180141800342,5796.744142188243,cand_007 (EURJPY)
2024-06-04 09:16:40,0.0,5796.744142188243,cand_003 (USDJPY)
2024-06-04 13:00:00,24.45377404836264,5821.197916236606,cand_003 (USDJPY)
2024-06-06 08:00:00,0.6347180141800342,5821.832634250786,cand_007 (EURJPY)
2024-06-07 09:07:40,0.0,5821.832634250786,cand_003 (USDJPY)
2024-06-07 13:00:00,-4.886784120311857,5816.945850130474,cand_003 (USDJPY)
2024-06-10 07:00:00,0.5672413372387529,5817.513091467712,cand_003 (USDJPY)
2024-06-11 07:00:00,0.5672413372387529,5818.0803328049515,cand_003 (USDJPY)
2024-06-13 07:00:00,0.5672413372387529,5818.647574142189,cand_003 (USDJPY)
2024-06-13 08:17:40,0.0,5818.647574142189,cand_003 (USDJPY)
2024-06-13 13:00:00,0.0,5818.647574142189,cand_003 (USDJPY)
2024-06-14 07:00:00,0.5672413372387529,5819.214815479429,cand_003 (USDJPY)
2024-06-14 08:00:00,0.6347180141800342,5819.849533493609,cand_007 (EURJPY)
2024-06-14 08:52:40,0.0,5819.849533493609,cand_003 (USDJPY)
2024-06-14 08:56:40,0.0,5819.849533493609,cand_007 (EURJPY)
2024-06-14 11:46:20,53.4267541255902,5873.276287619199,cand_007 (EURJPY)
2024-06-14 11:46:20,-56.31218221805263,5816.964105401146,cand_007 (EURJPY)
2024-06-14 13:00:00,-36.64946279899583,5780.31464260215,cand_003 (USDJPY)
2024-06-17 07:00:00,0.5672413372387529,5780.881883939388,cand_003 (USDJPY)
2024-06-20 07:00:00,0.5672413372387529,5781.4491252766275,cand_003 (USDJPY)
2024-06-21 07:00:00,0.5672413372387529,5782.016366613865,cand_003 (USDJPY)
2024-06-24 07:00:00,0.5672413372387529,5782.583607951105,cand_003 (USDJPY)
2024-06-25 07:00:00,0.5672413372387529,5783.150849288342,cand_003 (USDJPY)
2024-06-26 07:00:00,0.5672413372387529,5783.718090625582,cand_003 (USDJPY)
2024-06-27 07:00:00,0.5672413372387529,5784.285331962819,cand_003 (USDJPY)
2024-06-28 07:00:00,0.5672413372387529,5784.852573300059,cand_003 (USDJPY)
2024-07-01 07:00:00,0.5672413372387529,5785.419814637296,cand_003 (USDJPY)
2024-07-01 08:00:00,0.6347180141800342,5786.054532651477,cand_007 (EURJPY)
2024-07-02 07:00:00,0.5672413372387529,5786.621773988716,cand_003 (USDJPY)
2024-07-03 07:00:00,0.5672413372387529,5787.189015325954,cand_003 (USDJPY)
2024-07-03 08:08:40,0.0,5787.189015325954,cand_003 (USDJPY)
2024-07-03 13:00:00,2.8390428928799585,5790.028058218834,cand_003 (USDJPY)
2024-07-04 07:00:00,0.5672413372387529,5790.595299556073,cand_003 (USDJPY)
2024-07-09 07:00:00,0.5672413372387529,5791.162540893311,cand_003 (USDJPY)
2024-07-10 07:00:00,0.5672413372387529,5791.72978223055,cand_003 (USDJPY)
2024-07-16 07:00:00,0.5672413372387529,5792.2970235677885,cand_003 (USDJPY)
2024-07-16 08:00:00,0.6347180141800342,5792.931741581969,cand_007 (EURJPY)
2024-07-17 08:04:40,0.0,5792.931741581969,cand_003 (USDJPY)
2024-07-17 11:00:40,39.55373844565824,5832.485480027627,cand_003 (USDJPY)
2024-07-17 11:00:40,44.53808807597516,5877.023568103603,cand_003 (USDJPY)
2024-07-19 07:00:00,0.5672413372387529,5877.5908094408405,cand_003 (USDJPY)
2024-07-19 08:01:40,0.0,5877.5908094408405,cand_003 (USDJPY)
2024-07-19 13:00:00,-10.669809553460942,5866.920999887379,cand_003 (USDJPY)
2024-07-22 07:00:00,0.5672413372387529,5867.488241224619,cand_003 (USDJPY)
2024-07-24 07:02:40,0.0,5867.488241224619,cand_003 (USDJPY)
2024-07-24 08:08:40,0.0,5867.488241224619,cand_007 (EURJPY)
2024-07-24 13:00:00,4.067120388001858,5871.55536161262,cand_003 (USDJPY)
2024-07-24 15:00:00,10.990142415527291,5882.545504028148,cand_007 (EURJPY)
2024-07-30 07:00:00,0.5672413372387529,5883.112745365386,cand_003 (USDJPY)
2024-07-30 07:42:40,0.0,5883.112745365386,cand_003 (USDJPY)
2024-07-30 08:00:00,0.6347180141800342,5883.747463379566,cand_007 (EURJPY)
2024-07-30 08:05:40,0.0,5883.747463379566,cand_007 (EURJPY)
2024-07-30 13:00:00,15.976352263329476,5899.723815642896,cand_003 (USDJPY)
2024-07-30 15:00:00,15.366523123298627,5915.090338766195,cand_007 (EURJPY)
2024-08-06 08:00:00,0.6347180141800342,5915.725056780375,cand_007 (EURJPY)
2024-08-08 07:00:00,0.5672413372387529,5916.2922981176125,cand_003 (USDJPY)
2024-08-08 08:00:00,0.6347180141800342,5916.927016131793,cand_007 (EURJPY)
2024-08-09 07:00:00,0.5672413372387529,5917.494257469032,cand_003 (USDJPY)
2024-08-09 08:00:00,0.6347180141800342,5918.128975483212,cand_007 (EURJPY)
2024-08-12 07:00:00,0.5672413372387529,5918.69621682045,cand_003 (USDJPY)
2024-08-12 08:00:00,0.6347180141800342,5919.33093483463,cand_007 (EURJPY)
2024-08-12 08:34:40,0.0,5919.33093483463,cand_007 (EURJPY)
2024-08-12 15:00:00,20.085651558727182,5939.416586393358,cand_007 (EURJPY)
2024-08-13 07:00:00,0.5672413372387529,5939.983827730596,cand_003 (USDJPY)
2024-08-13 07:23:40,0.0,5939.983827730596,cand_003 (USDJPY)
2024-08-13 08:00:00,0.6347180141800342,5940.618545744776,cand_007 (EURJPY)
2024-08-13 13:00:00,9.472930331887174,5950.091476076664,cand_003 (USDJPY)
2024-08-14 08:00:00,0.6347180141800342,5950.726194090844,cand_007 (EURJPY)
2024-08-15 07:00:00,0.5672413372387529,5951.293435428082,cand_003 (USDJPY)
2024-08-16 07:00:00,0.5672413372387529,5951.860676765321,cand_003 (USDJPY)
2024-08-19 07:33:40,0.0,5951.860676765321,cand_003 (USDJPY)
2024-08-19 08:33:40,0.0,5951.860676765321,cand_007 (EURJPY)
2024-08-19 13:00:00,-4.53509449122383,5947.3255822740975,cand_003 (USDJPY)
2024-08-19 15:00:00,-15.601368788545239,5931.724213485551,cand_007 (EURJPY)
2024-08-20 07:00:00,0.5672413372387529,5932.291454822791,cand_003 (USDJPY)
2024-08-20 08:00:00,0.6347180141800342,5932.926172836971,cand_007 (EURJPY)
2024-08-20 08:24:40,0.0,5932.926172836971,cand_003 (USDJPY)
2024-08-20 08:24:40,0.0,5932.926172836971,cand_007 (EURJPY)
2024-08-20 13:00:00,-31.561308003964214,5901.364864833006,cand_003 (USDJPY)
2024-08-20 15:00:00,-38.80983297703819,5862.555031855968,cand_007 (EURJPY)
2024-08-23 08:00:00,0.6347180141800342,5863.189749870148,cand_007 (EURJPY)
2024-08-27 07:00:00,0.5672413372387529,5863.756991207387,cand_003 (USDJPY)
2024-08-27 08:00:00,0.6347180141800342,5864.391709221567,cand_007 (EURJPY)
2024-08-29 07:00:00,0.5672413372387529,5864.958950558806,cand_003 (USDJPY)
2024-08-29 08:00:00,0.6347180141800342,5865.593668572986,cand_007 (EURJPY)
2024-08-29 08:03:40,0.0,5865.593668572986,cand_007 (EURJPY)
2024-08-29 08:10:40,0.0,5865.593668572986,cand_003 (USDJPY)
2024-08-29 11:07:40,50.88090017071408,5916.4745687437,cand_007 (EURJPY)
2024-08-29 11:07:40,-39.73652127774103,5876.7380474659585,cand_007 (EURJPY)
2024-08-29 13:00:00,-11.97162842242388,5864.766419043535,cand_003 (USDJPY)
2024-09-02 07:00:00,0.5672413372387529,5865.333660380774,cand_003 (USDJPY)
2024-09-02 08:00:00,0.6347180141800342,5865.968378394954,cand_007 (EURJPY)
2024-09-03 07:00:00,0.5672413372387529,5866.535619732193,cand_003 (USDJPY)
2024-09-03 08:00:00,0.6347180141800342,5867.170337746373,cand_007 (EURJPY)
2024-09-05 09:28:40,0.0,5867.170337746373,cand_003 (USDJPY)
2024-09-05 13:00:00,-22.86549830409413,5844.3048394422785,cand_003 (USDJPY)
2024-09-06 08:06:40,0.0,5844.3048394422785,cand_003 (USDJPY)
2024-09-06 08:08:40,0.0,5844.3048394422785,cand_007 (EURJPY)
2024-09-06 13:00:00,0.794137872134254,5845.098977314413,cand_003 (USDJPY)
2024-09-06 15:00:00,-9.625498685040217,5835.473478629372,cand_007 (EURJPY)
2024-09-10 07:00:00,0.5672413372387529,5836.0407199666115,cand_003 (USDJPY)
2024-09-11 07:11:40,0.0,5836.0407199666115,cand_003 (USDJPY)
2024-09-11 08:24:20,0.0,5836.0407199666115,cand_007 (EURJPY)
2024-09-11 13:00:00,-18.988403764067254,5817.052316202544,cand_003 (USDJPY)
2024-09-11 14:20:40,-55.6933321542271,5761.358984048316,cand_007 (EURJPY)
2024-10-01 07:00:00,0.5672413372387529,5761.926225385556,cand_003 (USDJPY)
2024-10-01 08:00:00,0.6347180141800342,5762.560943399736,cand_007 (EURJPY)
2024-10-01 09:14:40,0.0,5762.560943399736,cand_003 (USDJPY)
2024-10-01 13:00:00,-28.730773731142836,5733.830169668592,cand_003 (USDJPY)
2024-10-02 07:00:00,0.5672413372387529,5734.397411005832,cand_003 (USDJPY)
2024-10-02 08:37:20,0.0,5734.397411005832,cand_007 (EURJPY)
2024-10-02 11:31:40,50.688897971424616,5785.086308977256,cand_007 (EURJPY)
2024-10-02 11:31:40,-44.91264668337922,5740.173662293877,cand_007 (EURJPY)
2024-10-03 07:00:00,0.5672413372387529,5740.740903631115,cand_003 (USDJPY)
2024-10-04 07:00:00,0.5672413372387529,5741.308144968354,cand_003 (USDJPY)
2024-10-07 07:00:00,0.5672413372387529,5741.875386305592,cand_003 (USDJPY)
2024-10-08 07:00:00,0.5672413372387529,5742.442627642831,cand_003 (USDJPY)
2024-10-09 07:00:00,0.5672413372387529,5743.009868980069,cand_003 (USDJPY)
2024-10-09 08:16:40,0.0,5743.009868980069,cand_003 (USDJPY)
2024-10-09 13:00:00,2.1753705283106175,5745.18523950838,cand_003 (USDJPY)
2024-10-10 07:00:00,0.5672413372387529,5745.752480845618,cand_003 (USDJPY)
2024-10-10 07:30:40,0.0,5745.752480845618,cand_003 (USDJPY)
2024-10-10 12:28:40,-21.260205319708458,5724.49227552591,cand_003 (USDJPY)
2024-10-10 12:28:40,42.2228925580352,5766.715168083945,cand_003 (USDJPY)
2024-11-01 08:00:00,0.6347180141800342,5767.349886098125,cand_007 (EURJPY)
2024-11-05 07:00:00,0.5672413372387529,5767.917127435364,cand_003 (USDJPY)
2024-11-05 08:00:00,0.6347180141800342,5768.551845449544,cand_007 (EURJPY)
2024-11-06 08:13:40,0.0,5768.551845449544,cand_007 (EURJPY)
2024-11-06 15:00:00,0.12377001276510666,5768.675615462309,cand_007 (EURJPY)
2024-11-07 07:00:00,0.5672413372387529,5769.242856799548,cand_003 (USDJPY)
2024-11-11 07:00:00,0.5672413372387529,5769.810098136786,cand_003 (USDJPY)
2024-11-12 07:00:00,0.5672413372387529,5770.377339474025,cand_003 (USDJPY)
2024-11-13 07:00:00,0.5672413372387529,5770.944580811263,cand_003 (USDJPY)
2024-11-13 08:04:40,0.0,5770.944580811263,cand_003 (USDJPY)
2024-11-13 13:00:00,-2.7823187591560834,5768.162262052107,cand_003 (USDJPY)
2024-11-14 07:00:00,0.5672413372387529,5768.729503389346,cand_003 (USDJPY)
2024-11-14 08:00:00,0.6347180141800342,5769.364221403526,cand_007 (EURJPY)
2024-11-15 07:00:00,0.5672413372387529,5769.931462740764,cand_003 (USDJPY)
2024-11-20 07:00:00,0.5672413372387529,5770.498704078003,cand_003 (USDJPY)
2024-11-20 08:01:40,0.0,5770.498704078003,cand_003 (USDJPY)
2024-11-20 13:00:00,17.55328318085321,5788.051987258856,cand_003 (USDJPY)
2024-11-21 08:12:40,0.0,5788.051987258856,cand_003 (USDJPY)
2024-11-21 13:00:00,11.092404349703813,5799.14439160856,cand_003 (USDJPY)
2024-11-27 08:30:40,0.0,5799.14439160856,cand_003 (USDJPY)
2024-11-27 08:52:40,0.0,5799.14439160856,cand_007 (EURJPY)
2024-11-27 13:00:00,25.996670485652047,5825.1410620942115,cand_003 (USDJPY)
2024-11-27 15:00:00,-4.020938619830516,5821.120123474382,cand_007 (EURJPY)
2024-11-29 09:27:40,0.0,5821.120123474382,cand_003 (USDJPY)
2024-11-29 13:00:00,-13.690369674257303,5807.429753800125,cand_003 (USDJPY)
2024-12-04 07:00:00,0.5672413372387529,5807.996995137362,cand_003 (USDJPY)
2024-12-04 08:00:00,0.6347180141800342,5808.6317131515425,cand_007 (EURJPY)
2024-12-04 09:17:40,0.0,5808.6317131515425,cand_003 (USDJPY)
2024-12-04 13:00:00,21.319765660118527,5829.951478811661,cand_003 (USDJPY)
2024-12-05 07:00:00,0.5672413372387529,5830.518720148901,cand_003 (USDJPY)
2024-12-05 08:50:40,0.0,5830.518720148901,cand_007 (EURJPY)
2024-12-05 14:32:40,-38.759055535903784,5791.759664612997,cand_007 (EURJPY)
2024-12-05 14:32:40,50.3017199827748,5842.061384595771,cand_007 (EURJPY)
2024-12-10 07:00:00,0.5672413372387529,5842.62862593301,cand_003 (USDJPY)
2024-12-11 07:00:00,0.5672413372387529,5843.1958672702485,cand_003 (USDJPY)
2024-12-12 07:00:00,0.5672413372387529,5843.763108607487,cand_003 (USDJPY)
2024-12-12 07:33:40,0.0,5843.763108607487,cand_003 (USDJPY)
2024-12-12 13:00:00,-9.833128581033783,5833.929980026453,cand_003 (USDJPY)
2024-12-13 07:00:00,0.5672413372387529,5834.497221363692,cand_003 (USDJPY)
2024-12-16 07:00:00,0.5672413372387529,5835.064462700931,cand_003 (USDJPY)
2024-12-17 07:00:00,0.5672413372387529,5835.631704038169,cand_003 (USDJPY)
2024-12-19 07:00:00,0.5672413372387529,5836.198945375408,cand_003 (USDJPY)
2024-12-19 08:36:40,0.0,5836.198945375408,cand_003 (USDJPY)
2024-12-19 13:00:00,50.01934111771324,5886.218286493121,cand_003 (USDJPY)
2024-12-20 07:00:00,0.5672413372387529,5886.78552783036,cand_003 (USDJPY)
2024-12-23 07:00:00,0.5672413372387529,5887.352769167598,cand_003 (USDJPY)
2024-12-23 09:17:40,0.0,5887.352769167598,cand_003 (USDJPY)
2024-12-23 13:00:00,-0.03687068692051894,5887.315898480678,cand_003 (USDJPY)
2024-12-24 07:00:00,0.5672413372387529,5887.883139817916,cand_003 (USDJPY)
2024-12-25 07:00:00,0.5672413372387529,5888.450381155155,cand_003 (USDJPY)
2024-12-26 03:26:40,0.0,5888.450381155155,cand_003 (USDJPY)
2024-12-26 13:00:00,-1.2621119753562253,5887.188269179798,cand_003 (USDJPY)
2024-12-27 07:00:00,0.5672413372387529,5887.755510517038,cand_003 (USDJPY)
2024-12-30 07:00:00,0.5672413372387529,5888.322751854275,cand_003 (USDJPY)
2025-01-02 08:26:40,0.0,5888.322751854275,cand_007 (EURJPY)
2025-01-02 08:27:40,0.0,5888.322751854275,cand_003 (USDJPY)
2025-01-02 13:00:00,-10.72086127381243,5877.601890580463,cand_003 (USDJPY)
2025-01-02 15:00:00,22.583266944525615,5900.185157524989,cand_007 (EURJPY)
2025-01-03 07:00:00,0.5672413372387529,5900.752398862228,cand_003 (USDJPY)
2025-01-06 07:00:00,0.5672413372387529,5901.319640199466,cand_003 (USDJPY)
2025-01-06 08:00:00,0.6347180141800342,5901.954358213647,cand_007 (EURJPY)
2025-01-07 07:00:00,0.5672413372387529,5902.521599550885,cand_003 (USDJPY)
2025-01-07 08:00:00,0.6347180141800342,5903.156317565065,cand_007 (EURJPY)
2025-01-08 07:00:00,0.5672413372387529,5903.723558902304,cand_003 (USDJPY)
2025-01-10 07:00:00,0.5672413372387529,5904.2908002395425,cand_003 (USDJPY)
2025-01-15 07:13:40,0.0,5904.2908002395425,cand_003 (USDJPY)
2025-01-15 13:00:00,23.004472431717623,5927.29527267126,cand_003 (USDJPY)
2025-01-20 08:00:00,0.6347180141800342,5927.92999068544,cand_007 (EURJPY)
2025-01-20 08:29:40,0.0,5927.92999068544,cand_007 (EURJPY)
2025-01-20 15:00:00,20.13325540979068,5948.063246095231,cand_007 (EURJPY)
2025-01-21 08:00:00,0.6347180141800342,5948.697964109411,cand_007 (EURJPY)
2025-01-22 07:00:00,0.5672413372387529,5949.26520544665,cand_003 (USDJPY)
2025-01-22 08:00:00,0.6347180141800342,5949.89992346083,cand_007 (EURJPY)
2025-01-22 09:56:40,0.0,5949.89992346083,cand_003 (USDJPY)
2025-01-22 13:00:00,-11.872361188407098,5938.027562272423,cand_003 (USDJPY)
2025-01-23 07:00:00,0.5672413372387529,5938.5948036096615,cand_003 (USDJPY)
2025-01-23 07:05:20,0.0,5938.5948036096615,cand_003 (USDJPY)
2025-01-23 13:00:00,-12.439602525645851,5926.155201084015,cand_003 (USDJPY)
2025-01-24 08:40:20,0.0,5926.155201084015,cand_003 (USDJPY)
2025-01-24 13:00:00,-38.705712646486305,5887.449488437529,cand_003 (USDJPY)
2025-01-27 08:00:00,0.6347180141800342,5888.084206451709,cand_007 (EURJPY)
2025-01-27 08:04:40,0.0,5888.084206451709,cand_007 (EURJPY)
2025-01-27 11:05:40,-36.38521016287046,5851.698996288838,cand_007 (EURJPY)
2025-01-27 11:05:40,51.57179072914904,5903.2707870179875,cand_007 (EURJPY)
2025-02-03 07:00:00,0.5672413372387529,5903.838028355227,cand_003 (USDJPY)
2025-02-04 07:00:00,0.5672413372387529,5904.405269692465,cand_003 (USDJPY)
2025-02-11 07:00:00,0.5672413372387529,5904.972511029704,cand_003 (USDJPY)
2025-02-12 07:00:00,0.5672413372387529,5905.539752366942,cand_003 (USDJPY)
2025-02-12 08:00:00,0.6347180141800342,5906.174470381122,cand_007 (EURJPY)
2025-02-13 07:00:00,0.5672413372387529,5906.741711718361,cand_003 (USDJPY)
2025-02-13 08:00:00,0.6347180141800342,5907.3764297325415,cand_007 (EURJPY)
2025-02-18 07:00:00,0.5672413372387529,5907.943671069779,cand_003 (USDJPY)
2025-02-19 08:29:40,0.0,5907.943671069779,cand_003 (USDJPY)
2025-02-19 13:00:00,-5.644051305525591,5902.299619764254,cand_003 (USDJPY)
2025-02-20 08:27:40,0.0,5902.299619764254,cand_003 (USDJPY)
2025-02-20 08:41:40,0.0,5902.299619764254,cand_007 (EURJPY)
2025-02-20 13:00:00,0.30347411542273284,5902.6030938796775,cand_003 (USDJPY)
2025-02-20 15:00:00,-4.27165223543163,5898.331441644245,cand_007 (EURJPY)
2025-02-21 08:00:00,0.6347180141800342,5898.966159658426,cand_007 (EURJPY)
2025-02-24 08:00:00,0.6347180141800342,5899.600877672606,cand_007 (EURJPY)
2025-02-25 09:33:40,0.0,5899.600877672606,cand_003 (USDJPY)
2025-02-25 13:00:00,-17.834067642786394,5881.76681002982,cand_003 (USDJPY)
2025-02-28 07:00:00,0.5672413372387529,5882.334051367057,cand_003 (USDJPY)
2025-02-28 09:42:40,0.0,5882.334051367057,cand_003 (USDJPY)
2025-02-28 13:00:00,3.848732473164939,5886.182783840222,cand_003 (USDJPY)
2025-03-03 07:00:00,0.5672413372387529,5886.750025177462,cand_003 (USDJPY)
2025-03-03 08:00:00,0.6347180141800342,5887.384743191642,cand_007 (EURJPY)
2025-03-05 07:00:00,0.5672413372387529,5887.95198452888,cand_003 (USDJPY)
2025-03-05 08:00:00,0.6347180141800342,5888.58670254306,cand_007 (EURJPY)
2025-03-06 08:00:00,0.6347180141800342,5889.22142055724,cand_007 (EURJPY)
2025-03-06 09:01:40,0.0,5889.22142055724,cand_003 (USDJPY)
2025-03-06 13:00:00,26.810661804589657,5916.032082361829,cand_003 (USDJPY)
2025-03-10 08:00:00,0.6347180141800342,5916.66680037601,cand_007 (EURJPY)
2025-03-12 07:00:00,0.5672413372387529,5917.234041713249,cand_003 (USDJPY)
2025-03-12 07:34:40,0.0,5917.234041713249,cand_003 (USDJPY)
2025-03-12 08:00:00,0.6347180141800342,5917.868759727429,cand_007 (EURJPY)
2025-03-12 13:00:00,12.175835303829832,5930.044595031259,cand_003 (USDJPY)
2025-03-13 07:30:40,0.0,5930.044595031259,cand_003 (USDJPY)
2025-03-13 08:19:40,0.0,5930.044595031259,cand_007 (EURJPY)
2025-03-13 13:00:00,-11.217197443896339,5918.827397587363,cand_003 (USDJPY)
2025-03-13 15:00:00,6.604240937543255,5925.431638524906,cand_007 (EURJPY)
2025-03-14 07:00:00,0.5672413372387529,5925.998879862144,cand_003 (USDJPY)
2025-03-14 07:42:40,0.0,5925.998879862144,cand_003 (USDJPY)
2025-03-14 08:00:00,0.6347180141800342,5926.6335978763245,cand_007 (EURJPY)
2025-03-14 08:04:40,0.0,5926.6335978763245,cand_007 (EURJPY)
2025-03-14 13:00:00,15.763636761864943,5942.397234638189,cand_003 (USDJPY)
2025-03-14 15:00:00,40.50135648482798,5982.8985911230175,cand_007 (EURJPY)
2025-03-17 07:00:00,0.5672413372387529,5983.465832460256,cand_003 (USDJPY)
2025-03-17 07:57:40,0.0,5983.465832460256,cand_003 (USDJPY)
2025-03-17 08:00:00,0.6347180141800342,5984.100550474436,cand_007 (EURJPY)
2025-03-17 13:00:00,-13.812326561763633,5970.288223912672,cand_003 (USDJPY)
2025-03-18 07:00:00,0.5672413372387529,5970.8554652499115,cand_003 (USDJPY)
2025-03-18 09:21:40,0.0,5970.8554652499115,cand_003 (USDJPY)
2025-03-18 13:00:00,-2.538404984143419,5968.317060265768,cand_003 (USDJPY)
2025-03-19 07:00:00,0.5672413372387529,5968.884301603006,cand_003 (USDJPY)
2025-03-19 08:57:20,0.0,5968.884301603006,cand_003 (USDJPY)
2025-03-19 13:00:00,-0.6069482308454657,5968.277353372161,cand_003 (USDJPY)
2025-03-21 07:00:00,0.5672413372387529,5968.8445947094,cand_003 (USDJPY)
2025-03-21 07:15:40,0.0,5968.8445947094,cand_003 (USDJPY)
2025-03-21 13:00:00,0.30347411542273284,5969.148068824823,cand_003 (USDJPY)
2025-03-24 07:00:00,0.5672413372387529,5969.715310162061,cand_003 (USDJPY)
2025-03-24 08:00:00,0.6347180141800342,5970.350028176241,cand_007 (EURJPY)
2025-03-25 07:00:00,0.5672413372387529,5970.91726951348,cand_003 (USDJPY)
2025-03-26 07:00:00,0.5672413372387529,5971.484510850718,cand_003 (USDJPY)
2025-03-26 08:00:00,0.6347180141800342,5972.119228864898,cand_007 (EURJPY)
2025-03-26 08:03:40,0.0,5972.119228864898,cand_003 (USDJPY)
2025-03-26 13:00:00,-18.290696919263585,5953.828531945635,cand_003 (USDJPY)
2025-03-28 07:00:00,0.5672413372387529,5954.395773282873,cand_003 (USDJPY)
2025-03-28 08:00:00,0.6347180141800342,5955.030491297053,cand_007 (EURJPY)
2025-04-02 07:00:00,0.5672413372387529,5955.597732634293,cand_003 (USDJPY)
2025-04-04 07:54:40,0.0,5955.597732634293,cand_003 (USDJPY)
2025-04-04 12:26:20,41.56035467614033,5997.158087310432,cand_003 (USDJPY)
2025-04-04 12:26:20,-43.586824353425776,5953.571262957006,cand_003 (USDJPY)
2025-04-08 08:00:00,0.6347180141800342,5954.205980971186,cand_007 (EURJPY)
2025-04-10 08:00:00,0.6347180141800342,5954.8406989853665,cand_007 (EURJPY)
2025-04-11 08:00:00,0.6347180141800342,5955.475416999547,cand_007 (EURJPY)
2025-04-14 08:00:00,0.6347180141800342,5956.110135013727,cand_007 (EURJPY)
2025-04-17 08:00:00,0.6347180141800342,5956.744853027907,cand_007 (EURJPY)
2025-04-21 08:00:00,0.6347180141800342,5957.379571042087,cand_007 (EURJPY)
2025-04-21 08:51:20,0.0,5957.379571042087,cand_007 (EURJPY)
2025-04-21 15:00:00,7.077105858107381,5964.456676900195,cand_007 (EURJPY)
2025-04-25 08:00:00,0.6347180141800342,5965.091394914375,cand_007 (EURJPY)
2025-04-25 08:12:20,0.0,5965.091394914375,cand_007 (EURJPY)
2025-04-25 15:00:00,-11.155169099214099,5953.936225815161,cand_007 (EURJPY)
2025-05-01 07:00:00,0.5672413372387529,5954.503467152399,cand_003 (USDJPY)
2025-05-01 07:20:20,0.0,5954.503467152399,cand_003 (USDJPY)
2025-05-01 08:00:00,0.6347180141800342,5955.138185166579,cand_007 (EURJPY)
2025-05-01 08:23:40,0.0,5955.138185166579,cand_007 (EURJPY)
2025-05-01 13:00:00,19.955550244059328,5975.093735410639,cand_003 (USDJPY)
2025-05-01 15:00:00,32.33253564233094,6007.42627105297,cand_007 (EURJPY)
2025-05-02 07:00:00,0.5672413372387529,6007.993512390209,cand_003 (USDJPY)
2025-05-02 08:00:00,0.6347180141800342,6008.628230404389,cand_007 (EURJPY)
2025-05-07 08:00:00,0.6347180141800342,6009.262948418569,cand_007 (EURJPY)
2025-05-08 07:00:00,0.5672413372387529,6009.830189755808,cand_003 (USDJPY)
2025-05-08 08:13:20,0.0,6009.830189755808,cand_003 (USDJPY)
2025-05-08 13:00:00,28.01037723284962,6037.840566988658,cand_003 (USDJPY)
2025-05-09 07:00:00,0.5672413372387529,6038.4078083258955,cand_003 (USDJPY)
2025-05-09 08:00:00,0.6347180141800342,6039.042526340076,cand_007 (EURJPY)
2025-05-12 07:00:00,0.5672413372387529,6039.609767677315,cand_003 (USDJPY)
2025-05-12 08:00:00,0.6347180141800342,6040.244485691495,cand_007 (EURJPY)
2025-05-13 07:00:00,0.5672413372387529,6040.811727028733,cand_003 (USDJPY)
2025-05-13 08:00:00,0.6347180141800342,6041.446445042913,cand_007 (EURJPY)
2025-05-14 08:05:40,0.0,6041.446445042913,cand_003 (USDJPY)
2025-05-14 13:00:00,37.398221364150984,6078.844666407065,cand_003 (USDJPY)
2025-05-15 08:47:40,0.0,6078.844666407065,cand_007 (EURJPY)
2025-05-15 09:21:40,0.0,6078.844666407065,cand_003 (USDJPY)
2025-05-15 13:00:00,-5.5958357918602974,6073.2488306152045,cand_003 (USDJPY)
2025-05-15 15:00:00,-1.3900324510542748,6071.85879816415,cand_007 (EURJPY)
2025-05-20 08:23:40,0.0,6071.85879816415,cand_003 (USDJPY)
2025-05-20 08:33:40,0.0,6071.85879816415,cand_007 (EURJPY)
2025-05-20 13:00:00,3.0999739080097846,6074.95877207216,cand_003 (USDJPY)
2025-05-20 15:00:00,0.0,6074.95877207216,cand_007 (EURJPY)
2025-05-21 08:42:20,0.0,6074.95877207216,cand_003 (USDJPY)
2025-05-21 13:00:00,-16.623007387781655,6058.335764684378,cand_003 (USDJPY)
2025-05-27 08:00:00,0.6347180141800342,6058.970482698558,cand_007 (EURJPY)
2025-05-27 08:01:40,0.0,6058.970482698558,cand_007 (EURJPY)
2025-05-27 15:00:00,40.08244259546915,6099.052925294028,cand_007 (EURJPY)
2025-05-28 07:00:00,0.5672413372387529,6099.620166631266,cand_003 (USDJPY)
2025-05-28 08:00:00,0.6347180141800342,6100.2548846454465,cand_007 (EURJPY)
2025-05-29 07:00:00,0.5672413372387529,6100.822125982685,cand_003 (USDJPY)
2025-05-29 08:00:00,0.6347180141800342,6101.456843996865,cand_007 (EURJPY)
2025-06-02 09:30:40,0.0,6101.456843996865,cand_003 (USDJPY)
2025-06-02 13:00:00,9.166620009778248,6110.623464006643,cand_003 (USDJPY)
2025-06-03 08:00:00,0.6347180141800342,6111.258182020823,cand_007 (EURJPY)
2025-06-04 07:00:00,0.5672413372387529,6111.825423358063,cand_003 (USDJPY)
2025-06-04 08:00:00,0.6347180141800342,6112.460141372243,cand_007 (EURJPY)
2025-06-04 08:34:40,0.0,6112.460141372243,cand_003 (USDJPY)
2025-06-04 13:00:00,-12.714714574206646,6099.745426798036,cand_003 (USDJPY)
2025-06-06 07:00:00,0.5672413372387529,6100.312668135275,cand_003 (USDJPY)
2025-06-06 09:23:40,0.0,6100.312668135275,cand_003 (USDJPY)
2025-06-06 13:00:00,5.153387548814071,6105.466055684088,cand_003 (USDJPY)
2025-06-09 07:00:00,0.5672413372387529,6106.033297021328,cand_003 (USDJPY)
2025-06-10 07:00:00,0.5672413372387529,6106.600538358565,cand_003 (USDJPY)
2025-06-11 07:00:00,0.5672413372387529,6107.167779695805,cand_003 (USDJPY)
2025-06-16 07:00:00,0.5672413372387529,6107.735021033042,cand_003 (USDJPY)
2025-06-17 07:00:00,0.5672413372387529,6108.302262370282,cand_003 (USDJPY)
2025-06-17 08:00:00,0.6347180141800342,6108.936980384462,cand_007 (EURJPY)
2025-06-18 07:00:00,0.5672413372387529,6109.5042217217,cand_003 (USDJPY)
2025-06-19 07:00:00,0.5672413372387529,6110.071463058939,cand_003 (USDJPY)
2025-06-19 09:30:40,0.0,6110.071463058939,cand_003 (USDJPY)
2025-06-19 13:00:00,3.5480945644283994,6113.619557623368,cand_003 (USDJPY)
2025-06-20 07:00:00,0.5672413372387529,6114.186798960605,cand_003 (USDJPY)
2025-06-23 07:00:00,0.5672413372387529,6114.754040297845,cand_003 (USDJPY)
2025-06-23 07:08:40,0.0,6114.754040297845,cand_003 (USDJPY)
2025-06-23 08:00:00,0.6347180141800342,6115.388758312025,cand_007 (EURJPY)
2025-06-23 08:05:40,0.0,6115.388758312025,cand_007 (EURJPY)
2025-06-23 13:00:00,37.401057570837175,6152.789815882861,cand_003 (USDJPY)
2025-06-23 15:00:00,12.427778717645067,6165.217594600506,cand_007 (EURJPY)
2025-06-24 08:00:00,0.6347180141800342,6165.8523126146865,cand_007 (EURJPY)
2025-06-24 09:17:40,0.0,6165.8523126146865,cand_003 (USDJPY)
2025-06-24 13:00:00,6.1432236822956945,6171.995536296983,cand_003 (USDJPY)
2025-06-26 09:13:20,0.0,6171.995536296983,cand_003 (USDJPY)
2025-06-26 13:00:00,13.264938671328238,6185.2604749683105,cand_003 (USDJPY)
2025-06-30 07:52:40,0.0,6185.2604749683105,cand_003 (USDJPY)
2025-06-30 13:00:00,-13.367042112031212,6171.893432856279,cand_003 (USDJPY)
2025-07-03 07:00:00,0.5672413372387529,6172.460674193519,cand_003 (USDJPY)
2025-07-04 07:00:00,0.5672413372387529,6173.027915530756,cand_003 (USDJPY)
2025-07-07 07:00:00,0.5672413372387529,6173.595156867996,cand_003 (USDJPY)
2025-07-07 07:44:20,0.0,6173.595156867996,cand_003 (USDJPY)
2025-07-07 08:00:00,0.6347180141800342,6174.229874882176,cand_007 (EURJPY)
2025-07-07 08:43:40,0.0,6174.229874882176,cand_007 (EURJPY)
2025-07-07 13:00:00,17.82555902272781,6192.055433904903,cand_003 (USDJPY)
2025-07-07 15:00:00,-2.618211808492641,6189.437222096411,cand_007 (EURJPY)
2025-07-08 07:00:00,0.5672413372387529,6190.004463433649,cand_003 (USDJPY)
2025-07-08 08:00:00,0.6347180141800342,6190.639181447829,cand_007 (EURJPY)
2025-07-09 07:00:00,0.5672413372387529,6191.206422785068,cand_003 (USDJPY)
2025-07-10 08:00:00,0.6347180141800342,6191.841140799248,cand_007 (EURJPY)
2025-07-11 07:00:00,0.5672413372387529,6192.408382136487,cand_003 (USDJPY)
2025-07-11 07:25:40,0.0,6192.408382136487,cand_003 (USDJPY)
2025-07-11 08:00:00,0.6347180141800342,6193.043100150667,cand_007 (EURJPY)
2025-07-11 13:00:00,-6.211292642764344,6186.831807507902,cand_003 (USDJPY)
2025-07-14 07:00:00,0.5672413372387529,6187.399048845141,cand_003 (USDJPY)
2025-07-15 07:00:00,0.5672413372387529,6187.966290182379,cand_003 (USDJPY)
2025-07-16 07:00:00,0.5672413372387529,6188.533531519618,cand_003 (USDJPY)
2025-07-16 08:00:00,0.6347180141800342,6189.168249533798,cand_007 (EURJPY)
2025-07-17 07:00:00,0.5672413372387529,6189.735490871037,cand_003 (USDJPY)
2025-07-17 08:00:00,0.6347180141800342,6190.370208885217,cand_007 (EURJPY)
2025-07-17 09:30:40,0.0,6190.370208885217,cand_003 (USDJPY)
2025-07-17 13:00:00,-1.4861723035655328,6188.884036581651,cand_003 (USDJPY)
2025-07-18 07:00:00,0.5672413372387529,6189.45127791889,cand_003 (USDJPY)
2025-07-18 08:00:00,0.6347180141800342,6190.08599593307,cand_007 (EURJPY)
2025-07-18 08:30:40,0.0,6190.08599593307,cand_003 (USDJPY)
2025-07-18 13:00:00,-3.5083876708216866,6186.577608262249,cand_003 (USDJPY)
2025-07-23 08:00:00,0.6347180141800342,6187.212326276429,cand_007 (EURJPY)
2025-07-25 07:00:00,0.5672413372387529,6187.779567613667,cand_003 (USDJPY)
2025-07-25 08:00:00,0.6347180141800342,6188.414285627847,cand_007 (EURJPY)
2025-07-28 07:00:00,0.5672413372387529,6188.981526965086,cand_003 (USDJPY)
2025-07-28 09:21:40,0.0,6188.981526965086,cand_003 (USDJPY)
2025-07-28 13:00:00,9.175128629836829,6198.156655594923,cand_003 (USDJPY)
2025-07-29 07:00:00,0.5672413372387529,6198.723896932161,cand_003 (USDJPY)
2025-07-29 08:55:40,0.0,6198.723896932161,cand_007 (EURJPY)
2025-07-29 15:00:00,0.6410651943218345,6199.364962126483,cand_007 (EURJPY)
2025-07-30 08:22:40,0.0,6199.364962126483,cand_007 (EURJPY)
2025-07-30 15:00:00,-4.9634948708878674,6194.401467255595,cand_007 (EURJPY)
2025-07-31 07:00:00,0.5672413372387529,6194.968708592834,cand_003 (USDJPY)
2025-08-01 07:00:00,0.5672413372387529,6195.535949930072,cand_003 (USDJPY)
2025-08-01 08:00:00,0.6347180141800342,6196.170667944252,cand_007 (EURJPY)
2025-08-07 07:00:00,0.5672413372387529,6196.737909281492,cand_003 (USDJPY)
2025-08-07 08:00:00,0.6347180141800342,6197.372627295672,cand_007 (EURJPY)
2025-08-12 07:00:00,0.5672413372387529,6197.93986863291,cand_003 (USDJPY)
2025-08-13 07:00:00,0.5672413372387529,6198.507109970149,cand_003 (USDJPY)
2025-08-13 08:00:00,0.6347180141800342,6199.141827984329,cand_007 (EURJPY)
2025-08-14 09:12:40,0.0,6199.141827984329,cand_003 (USDJPY)
2025-08-14 13:00:00,-16.166378111304457,6182.975449873024,cand_003 (USDJPY)
2025-08-15 08:13:40,0.0,6182.975449873024,cand_003 (USDJPY)
2025-08-15 13:00:00,4.864094466822306,6187.839544339847,cand_003 (USDJPY)
2025-08-18 07:00:00,0.5672413372387529,6188.406785677085,cand_003 (USDJPY)
2025-08-19 07:00:00,0.5672413372387529,6188.974027014324,cand_003 (USDJPY)
2025-08-19 08:00:00,0.6347180141800342,6189.608745028504,cand_007 (EURJPY)
2025-08-20 09:11:40,0.0,6189.608745028504,cand_003 (USDJPY)
2025-08-20 13:00:00,-8.383826964388767,6181.224918064116,cand_003 (USDJPY)
2025-08-22 07:00:00,0.5672413372387529,6181.792159401353,cand_003 (USDJPY)
2025-08-26 07:00:00,0.5672413372387529,6182.359400738593,cand_003 (USDJPY)
2025-08-27 07:00:00,0.5672413372387529,6182.92664207583,cand_003 (USDJPY)
2025-08-27 07:20:40,0.0,6182.92664207583,cand_003 (USDJPY)
2025-08-27 13:00:00,2.0307239873147354,6184.957366063145,cand_003 (USDJPY)
2025-09-02 07:00:00,0.5672413372387529,6185.524607400384,cand_003 (USDJPY)
2025-09-02 07:33:40,0.0,6185.524607400384,cand_003 (USDJPY)
2025-09-02 08:00:00,0.6347180141800342,6186.159325414565,cand_007 (EURJPY)
2025-09-02 08:56:40,0.0,6186.159325414565,cand_007 (EURJPY)
2025-09-02 13:00:00,26.002342899024434,6212.161668313589,cand_003 (USDJPY)
2025-09-02 15:00:00,4.185965303517325,6216.347633617106,cand_007 (EURJPY)
2025-09-03 07:00:00,0.5672413372387529,6216.914874954344,cand_003 (USDJPY)
2025-09-04 07:00:00,0.5672413372387529,6217.482116291583,cand_003 (USDJPY)
2025-09-08 07:00:00,0.5672413372387529,6218.049357628821,cand_003 (USDJPY)
2025-09-08 08:00:00,0.6347180141800342,6218.684075643001,cand_007 (EURJPY)
2025-09-09 08:22:40,0.0,6218.684075643001,cand_003 (USDJPY)
2025-09-09 13:00:00,25.228058473693537,6243.912134116696,cand_003 (USDJPY)
2025-09-12 07:00:00,0.5672413372387529,6244.479375453933,cand_003 (USDJPY)
2025-09-16 09:16:40,0.0,6244.479375453933,cand_003 (USDJPY)
2025-09-16 13:00:00,-3.9366548804369454,6240.542720573497,cand_003 (USDJPY)
2025-09-18 07:00:00,0.5672413372387529,6241.109961910735,cand_003 (USDJPY)
2025-09-18 08:12:40,0.0,6241.109961910735,cand_003 (USDJPY)
2025-09-18 13:00:00,-0.1531551610544633,6240.95680674968,cand_003 (USDJPY)
2025-09-19 07:00:00,0.5672413372387529,6241.52404808692,cand_003 (USDJPY)
2025-09-22 07:00:00,0.5672413372387529,6242.091289424157,cand_003 (USDJPY)
2025-09-24 07:00:00,0.5672413372387529,6242.658530761397,cand_003 (USDJPY)
2025-09-24 09:12:40,0.0,6242.658530761397,cand_003 (USDJPY)
2025-09-24 13:00:00,10.442913018565442,6253.101443779962,cand_003 (USDJPY)
2025-09-25 07:00:00,0.5672413372387529,6253.6686851172,cand_003 (USDJPY)
2025-09-26 07:00:00,0.5672413372387529,6254.235926454439,cand_003 (USDJPY)
2025-09-29 08:32:40,0.0,6254.235926454439,cand_003 (USDJPY)
2025-09-29 13:00:00,4.733628959257394,6258.969555413696,cand_003 (USDJPY)
2025-09-30 08:21:40,0.0,6258.969555413696,cand_003 (USDJPY)
2025-09-30 13:00:00,11.920576702072394,6270.890132115768,cand_003 (USDJPY)
2025-10-01 07:51:40,0.0,6270.890132115768,cand_003 (USDJPY)
2025-10-01 13:00:00,16.257136725262658,6287.147268841031,cand_003 (USDJPY)
2025-10-03 07:00:00,0.5672413372387529,6287.71451017827,cand_003 (USDJPY)
2025-10-03 08:00:00,0.6347180141800342,6288.34922819245,cand_007 (EURJPY)
2025-10-06 07:00:00,0.5672413372387529,6288.916469529689,cand_003 (USDJPY)
2025-10-06 07:36:40,0.0,6288.916469529689,cand_003 (USDJPY)
2025-10-06 08:00:00,0.6347180141800342,6289.551187543869,cand_007 (EURJPY)
2025-10-06 13:00:00,5.581654758429329,6295.132842302299,cand_003 (USDJPY)
2025-10-07 07:00:00,0.5672413372387529,6295.700083639536,cand_003 (USDJPY)
2025-10-07 08:00:00,0.6347180141800342,6296.334801653717,cand_007 (EURJPY)
2025-10-08 07:00:00,0.5672413372387529,6296.902042990956,cand_003 (USDJPY)
2025-10-08 08:00:00,0.6347180141800342,6297.536761005136,cand_007 (EURJPY)
2025-10-09 07:00:00,0.5672413372387529,6298.104002342374,cand_003 (USDJPY)
2025-10-09 09:13:40,0.0,6298.104002342374,cand_003 (USDJPY)
2025-10-09 13:00:00,-12.754421467813359,6285.349580874561,cand_003 (USDJPY)
2025-10-10 07:00:00,0.5672413372387529,6285.9168222118,cand_003 (USDJPY)
2025-10-14 07:11:40,0.0,6285.9168222118,cand_003 (USDJPY)
2025-10-14 08:59:40,0.0,6285.9168222118,cand_007 (EURJPY)
2025-10-14 13:00:00,-8.389499377761155,6277.527322834038,cand_003 (USDJPY)
2025-10-14 15:00:00,0.4157402992879224,6277.943063133326,cand_007 (EURJPY)
2025-10-16 08:00:00,0.6347180141800342,6278.577781147506,cand_007 (EURJPY)
2025-10-17 08:53:40,0.0,6278.577781147506,cand_003 (USDJPY)
2025-10-17 13:00:00,2.348379136168437,6280.926160283675,cand_003 (USDJPY)
2025-10-20 07:00:00,0.5672413372387529,6281.493401620914,cand_003 (USDJPY)
2025-10-20 08:00:00,0.6347180141800342,6282.128119635094,cand_007 (EURJPY)
2025-10-21 07:00:00,0.5672413372387529,6282.695360972332,cand_003 (USDJPY)
2025-10-21 08:00:00,0.6347180141800342,6283.3300789865125,cand_007 (EURJPY)
2025-10-21 08:09:40,0.0,6283.3300789865125,cand_003 (USDJPY)
2025-10-21 08:15:40,0.0,6283.3300789865125,cand_007 (EURJPY)
2025-10-21 13:00:00,19.39398132019296,6302.724060306706,cand_003 (USDJPY)
2025-10-21 15:00:00,17.87683286938066,6320.600893176086,cand_007 (EURJPY)
2025-10-22 07:00:00,0.5672413372387529,6321.168134513324,cand_003 (USDJPY)
2025-10-23 07:00:00,0.5672413372387529,6321.735375850563,cand_003 (USDJPY)
2025-10-23 08:00:00,0.6347180141800342,6322.3700938647435,cand_007 (EURJPY)
2025-10-23 09:56:40,0.0,6322.3700938647435,cand_003 (USDJPY)
2025-10-23 13:00:00,-2.155517081507261,6320.214576783235,cand_003 (USDJPY)
2025-10-24 07:00:00,0.5672413372387529,6320.781818120475,cand_003 (USDJPY)
2025-10-24 08:29:40,0.0,6320.781818120475,cand_003 (USDJPY)
2025-10-24 13:00:00,-3.1878963152817916,6317.593921805193,cand_003 (USDJPY)
2025-10-27 07:00:00,0.5672413372387529,6318.161163142431,cand_003 (USDJPY)
2025-10-28 07:41:40,0.0,6318.161163142431,cand_003 (USDJPY)
2025-10-28 08:25:40,0.0,6318.161163142431,cand_007 (EURJPY)
2025-10-28 13:00:00,3.24745665569186,6321.408619798123,cand_003 (USDJPY)
2025-10-28 15:00:00,-9.723879977238123,6311.684739820885,cand_007 (EURJPY)
2025-10-30 07:00:00,0.5672413372387529,6312.251981158124,cand_003 (USDJPY)
2025-10-30 08:00:00,0.6347180141800342,6312.886699172304,cand_007 (EURJPY)
2025-10-30 09:40:40,0.0,6312.886699172304,cand_003 (USDJPY)
2025-10-30 13:00:00,18.886300323364278,6331.772999495668,cand_003 (USDJPY)
2025-10-31 07:00:00,0.5672413372387529,6332.340240832907,cand_003 (USDJPY)
2025-10-31 08:00:00,0.6347180141800342,6332.974958847087,cand_007 (EURJPY)
2025-11-03 07:00:00,0.5672413372387529,6333.542200184325,cand_003 (USDJPY)
2025-11-04 07:00:00,0.5672413372387529,6334.109441521564,cand_003 (USDJPY)
2025-11-06 07:00:00,0.5672413372387529,6334.676682858802,cand_003 (USDJPY)
2025-11-10 07:00:00,0.5672413372387529,6335.243924196041,cand_003 (USDJPY)
2025-11-10 08:00:00,0.6347180141800342,6335.878642210221,cand_007 (EURJPY)
2025-11-10 09:19:40,0.0,6335.878642210221,cand_003 (USDJPY)
2025-11-10 13:00:00,0.2580948084436326,6336.136737018665,cand_003 (USDJPY)
2025-11-11 07:00:00,0.5672413372387529,6336.703978355903,cand_003 (USDJPY)
2025-11-12 07:00:00,0.5672413372387529,6337.2712196931425,cand_003 (USDJPY)
2025-11-12 08:00:00,0.6347180141800342,6337.905937707323,cand_007 (EURJPY)
2025-11-13 07:00:00,0.5672413372387529,6338.47317904456,cand_003 (USDJPY)
2025-11-17 07:00:00,0.5672413372387529,6339.0404203818,cand_003 (USDJPY)
2025-11-18 07:00:00,0.5672413372387529,6339.607661719037,cand_003 (USDJPY)
2025-11-19 07:00:00,0.5672413372387529,6340.174903056277,cand_003 (USDJPY)
2025-11-20 07:00:00,0.5672413372387529,6340.7421443935145,cand_003 (USDJPY)
2025-11-20 08:00:00,0.6347180141800342,6341.376862407695,cand_007 (EURJPY)
2025-11-20 08:00:40,0.0,6341.376862407695,cand_003 (USDJPY)
2025-11-20 08:11:40,0.0,6341.376862407695,cand_007 (EURJPY)
2025-11-20 13:00:00,-8.074680435593647,6333.302181972102,cand_003 (USDJPY)
2025-11-20 15:00:00,-0.8441749588594455,6332.4580070132415,cand_007 (EURJPY)
2025-11-21 07:00:00,0.5672413372387529,6333.025248350481,cand_003 (USDJPY)
2025-11-25 07:00:00,0.5672413372387529,6333.592489687719,cand_003 (USDJPY)
2025-11-26 08:00:00,0.6347180141800342,6334.227207701899,cand_007 (EURJPY)
2025-11-26 08:12:40,0.0,6334.227207701899,cand_007 (EURJPY)
2025-11-26 15:00:00,0.16185309361590872,6334.3890607955145,cand_007 (EURJPY)
2025-11-27 08:00:00,0.6347180141800342,6335.023778809695,cand_007 (EURJPY)
2025-11-28 08:00:00,0.6347180141800342,6335.658496823875,cand_007 (EURJPY)
2025-12-05 07:30:40,0.0,6335.658496823875,cand_003 (USDJPY)
2025-12-05 13:00:00,-18.387127946594177,6317.271368877281,cand_003 (USDJPY)
2025-12-08 08:00:00,0.6347180141800342,6317.906086891461,cand_007 (EURJPY)
2025-12-08 08:01:40,0.0,6317.906086891461,cand_007 (EURJPY)
2025-12-08 15:00:00,8.365583426892849,6326.271670318354,cand_007 (EURJPY)
2025-12-09 07:00:00,0.5672413372387529,6326.838911655593,cand_003 (USDJPY)
2025-12-09 09:16:40,0.0,6326.838911655593,cand_003 (USDJPY)
2025-12-09 13:00:00,-3.3438876830224484,6323.49502397257,cand_003 (USDJPY)
2025-12-10 07:00:00,0.5672413372387529,6324.062265309809,cand_003 (USDJPY)
2025-12-11 08:00:00,0.6347180141800342,6324.696983323989,cand_007 (EURJPY)
2025-12-15 07:58:40,0.0,6324.696983323989,cand_003 (USDJPY)
2025-12-15 13:00:00,-2.158353288193455,6322.538630035795,cand_003 (USDJPY)
2025-12-17 07:00:00,0.5672413372387529,6323.1058713730345,cand_003 (USDJPY)
2025-12-17 08:12:40,0.0,6323.1058713730345,cand_003 (USDJPY)
2025-12-17 13:00:00,6.639559852379603,6329.745431225414,cand_003 (USDJPY)
2025-12-18 07:00:00,0.5672413372387529,6330.312672562652,cand_003 (USDJPY)
2025-12-18 08:00:00,0.6347180141800342,6330.947390576832,cand_007 (EURJPY)
2025-12-18 09:00:00,0.0,6330.947390576832,cand_003 (USDJPY)
2025-12-18 13:00:00,-2.912784266720996,6328.0346063101115,cand_003 (USDJPY)
2025-12-19 07:00:00,0.5672413372387529,6328.60184764735,cand_003 (USDJPY)
2025-12-19 08:00:00,0.6347180141800342,6329.23656566153,cand_007 (EURJPY)
2025-12-19 08:40:40,0.0,6329.23656566153,cand_003 (USDJPY)
2025-12-19 08:40:40,0.0,6329.23656566153,cand_007 (EURJPY)
2025-12-19 13:00:00,37.02951449494579,6366.266080156476,cand_003 (USDJPY)
2025-12-19 15:00:00,41.212240660709625,6407.478320817186,cand_007 (EURJPY)
2025-12-22 07:00:00,0.5672413372387529,6408.045562154424,cand_003 (USDJPY)
2025-12-26 07:00:00,0.5672413372387529,6408.612803491663,cand_003 (USDJPY)
2025-12-26 08:00:00,0.6347180141800342,6409.247521505843,cand_007 (EURJPY)
2025-12-29 07:00:00,0.5672413372387529,6409.814762843082,cand_003 (USDJPY)
2025-12-31 07:00:00,0.5672413372387529,6410.38200418032,cand_003 (USDJPY)
2026-01-02 07:00:00,0.5672413372387529,6410.949245517559,cand_003 (USDJPY)
2026-01-02 08:34:40,0.0,6410.949245517559,cand_003 (USDJPY)
2026-01-02 13:00:00,-6.112025408747563,6404.837220108811,cand_003 (USDJPY)
2026-01-05 07:00:00,0.5672413372387529,6405.404461446049,cand_003 (USDJPY)
2026-01-07 07:56:40,0.0,6405.404461446049,cand_003 (USDJPY)
2026-01-07 13:00:00,-6.557309858479984,6398.84715158757,cand_003 (USDJPY)
2026-01-08 07:00:00,0.5672413372387529,6399.4143929248075,cand_003 (USDJPY)
2026-01-09 07:00:00,0.5672413372387529,6399.981634262047,cand_003 (USDJPY)
2026-01-09 08:00:00,0.6347180141800342,6400.616352276227,cand_007 (EURJPY)
2026-01-09 08:05:20,0.0,6400.616352276227,cand_003 (USDJPY)
2026-01-09 13:00:00,8.131404569317523,6408.747756845544,cand_003 (USDJPY)
2026-01-12 07:00:00,0.5672413372387529,6409.314998182783,cand_003 (USDJPY)
2026-01-12 08:00:00,0.6347180141800342,6409.949716196963,cand_007 (EURJPY)
2026-01-13 07:00:00,0.5672413372387529,6410.5169575342015,cand_003 (USDJPY)
2026-01-13 08:00:00,0.6347180141800342,6411.151675548382,cand_007 (EURJPY)
2026-01-14 07:00:00,0.5672413372387529,6411.71891688562,cand_003 (USDJPY)
2026-01-15 07:00:00,0.5672413372387529,6412.286158222859,cand_003 (USDJPY)
2026-01-20 08:00:00,0.6347180141800342,6412.920876237039,cand_007 (EURJPY)
2026-01-20 08:09:40,0.0,6412.920876237039,cand_007 (EURJPY)
2026-01-20 15:00:00,23.198943418280248,6436.11981965532,cand_007 (EURJPY)
2026-01-22 07:00:00,0.5672413372387529,6436.687060992557,cand_003 (USDJPY)
2026-01-22 08:00:00,0.6347180141800342,6437.321779006737,cand_007 (EURJPY)
2026-01-22 08:12:20,0.0,6437.321779006737,cand_003 (USDJPY)
2026-01-22 08:17:40,0.0,6437.321779006737,cand_007 (EURJPY)
2026-01-22 13:00:00,-7.079171888739637,6430.242607117998,cand_003 (USDJPY)
2026-01-22 15:00:00,8.311632395687548,6438.554239513685,cand_007 (EURJPY)
2026-01-23 07:00:00,0.5672413372387529,6439.121480850925,cand_003 (USDJPY)
2026-01-23 08:47:40,0.0,6439.121480850925,cand_003 (USDJPY)
2026-01-23 09:43:40,44.870207878928454,6483.991688729853,cand_003 (USDJPY)
2026-01-23 09:43:40,-23.878024091065303,6460.113664638788,cand_003 (USDJPY)
2026-01-30 07:00:00,0.5672413372387529,6460.680905976025,cand_003 (USDJPY)
2026-01-30 07:41:20,0.0,6460.680905976025,cand_003 (USDJPY)
2026-01-30 08:00:00,0.6347180141800342,6461.3156239902055,cand_007 (EURJPY)
2026-01-30 13:00:00,2.132827428017711,6463.448451418224,cand_003 (USDJPY)
2026-02-02 07:00:00,0.5672413372387529,6464.015692755462,cand_003 (USDJPY)
2026-02-02 08:00:00,0.6347180141800342,6464.650410769642,cand_007 (EURJPY)
2026-02-03 07:00:00,0.5672413372387529,6465.217652106881,cand_003 (USDJPY)
2026-02-04 07:00:00,0.5672413372387529,6465.784893444119,cand_003 (USDJPY)
2026-02-04 08:00:00,0.6347180141800342,6466.419611458299,cand_007 (EURJPY)
2026-02-05 07:00:00,0.5672413372387529,6466.986852795539,cand_003 (USDJPY)
2026-02-05 08:00:00,0.6347180141800342,6467.621570809719,cand_007 (EURJPY)
2026-02-05 09:17:40,0.0,6467.621570809719,cand_003 (USDJPY)
2026-02-05 13:00:00,4.580473798202929,6472.202044607921,cand_003 (USDJPY)
2026-02-06 07:00:00,0.5672413372387529,6472.76928594516,cand_003 (USDJPY)
2026-02-06 08:00:00,0.6347180141800342,6473.40400395934,cand_007 (EURJPY)
2026-02-06 08:06:40,0.0,6473.40400395934,cand_007 (EURJPY)
2026-02-06 15:00:00,7.353208194275696,6480.757212153616,cand_007 (EURJPY)
2026-02-09 08:00:00,0.6347180141800342,6481.391930167796,cand_007 (EURJPY)
2026-02-11 07:29:40,0.0,6481.391930167796,cand_003 (USDJPY)
2026-02-11 08:08:40,0.0,6481.391930167796,cand_007 (EURJPY)
2026-02-11 13:00:00,-7.80524080040524,6473.586689367391,cand_003 (USDJPY)
2026-02-11 15:00:00,-24.211318650897404,6449.375370716494,cand_007 (EURJPY)
2026-02-16 07:00:00,0.5672413372387529,6449.942612053732,cand_003 (USDJPY)
2026-02-16 09:20:40,0.0,6449.942612053732,cand_003 (USDJPY)
2026-02-16 13:00:00,5.541947864822616,6455.4845599185555,cand_003 (USDJPY)
2026-02-17 08:20:40,0.0,6455.4845599185555,cand_003 (USDJPY)
2026-02-17 13:00:00,-5.96737886775168,6449.517181050804,cand_003 (USDJPY)
2026-02-18 07:00:00,0.5672413372387529,6450.084422388041,cand_003 (USDJPY)
2026-02-18 08:00:00,0.6347180141800342,6450.7191404022215,cand_007 (EURJPY)
2026-02-19 07:00:00,0.5672413372387529,6451.286381739461,cand_003 (USDJPY)
2026-02-19 08:00:00,0.6347180141800342,6451.921099753641,cand_007 (EURJPY)
2026-02-20 07:00:00,0.5672413372387529,6452.488341090879,cand_003 (USDJPY)
2026-02-20 09:55:40,0.0,6452.488341090879,cand_003 (USDJPY)
2026-02-20 13:00:00,-9.759387207192743,6442.728953883687,cand_003 (USDJPY)
2026-02-23 08:00:00,0.6347180141800342,6443.363671897867,cand_007 (EURJPY)
2026-02-24 07:00:00,0.5672413372387529,6443.9309132351045,cand_003 (USDJPY)
2026-02-24 08:00:00,0.6347180141800342,6444.565631249285,cand_007 (EURJPY)
2026-02-24 09:05:40,0.0,6444.565631249285,cand_003 (USDJPY)
2026-02-24 13:00:00,16.191903971480205,6460.757535220766,cand_003 (USDJPY)
2026-02-25 07:00:00,0.5672413372387529,6461.324776558004,cand_003 (USDJPY)
2026-02-25 08:00:00,0.6347180141800342,6461.959494572184,cand_007 (EURJPY)
2026-02-26 08:00:00,0.6347180141800342,6462.594212586364,cand_007 (EURJPY)
2026-03-02 07:00:00,0.5672413372387529,6463.161453923603,cand_003 (USDJPY)
2026-03-02 08:00:00,0.6347180141800342,6463.796171937784,cand_007 (EURJPY)
2026-03-02 08:03:40,0.0,6463.796171937784,cand_003 (USDJPY)
2026-03-02 13:00:00,-0.6154568509040469,6463.180715086879,cand_003 (USDJPY)
2026-03-03 07:00:00,0.5672413372387529,6463.747956424118,cand_003 (USDJPY)
2026-03-03 08:35:40,0.0,6463.747956424118,cand_007 (EURJPY)
2026-03-03 15:00:00,16.102796019747466,6479.850752443865,cand_007 (EURJPY)
2026-03-04 07:00:00,0.5672413372387529,6480.417993781104,cand_003 (USDJPY)
2026-03-06 07:00:00,0.5672413372387529,6480.985235118342,cand_003 (USDJPY)
2026-03-06 07:28:40,0.0,6480.985235118342,cand_003 (USDJPY)
2026-03-06 08:00:00,0.6347180141800342,6481.619953132522,cand_007 (EURJPY)
2026-03-06 13:00:00,2.226422248662105,6483.846375381185,cand_003 (USDJPY)
2026-03-09 07:00:00,0.5672413372387529,6484.413616718422,cand_003 (USDJPY)
2026-03-09 08:00:00,0.6347180141800342,6485.048334732603,cand_007 (EURJPY)
2026-03-09 08:22:40,0.0,6485.048334732603,cand_007 (EURJPY)
2026-03-09 15:00:00,0.12059642269420649,6485.168931155297,cand_007 (EURJPY)
2026-03-10 08:00:00,0.6347180141800342,6485.8036491694775,cand_007 (EURJPY)
2026-03-11 07:00:00,0.5672413372387529,6486.370890506716,cand_003 (USDJPY)
2026-03-12 07:00:00,0.5672413372387529,6486.938131843955,cand_003 (USDJPY)
2026-03-13 07:00:00,0.5672413372387529,6487.505373181193,cand_003 (USDJPY)
2026-03-13 07:35:40,0.0,6487.505373181193,cand_003 (USDJPY)
2026-03-13 13:00:00,-2.6319998047878133,6484.873373376406,cand_003 (USDJPY)
2026-03-16 07:00:00,0.5672413372387529,6485.440614713643,cand_003 (USDJPY)
2026-03-17 07:00:00,0.5672413372387529,6486.007856050883,cand_003 (USDJPY)
2026-03-18 08:22:40,0.0,6486.007856050883,cand_003 (USDJPY)
2026-03-18 13:00:00,-9.600559632765894,6476.407296418116,cand_003 (USDJPY)
2026-03-19 07:00:00,0.5672413372387529,6476.974537755355,cand_003 (USDJPY)
2026-03-23 07:00:00,0.5672413372387529,6477.541779092593,cand_003 (USDJPY)
2026-03-23 08:00:00,0.6347180141800342,6478.176497106773,cand_007 (EURJPY)
2026-03-25 07:00:00,0.5672413372387529,6478.743738444013,cand_003 (USDJPY)
2026-03-25 07:44:40,0.0,6478.743738444013,cand_003 (USDJPY)
2026-03-25 13:00:00,-2.7482842789217576,6475.99545416509,cand_003 (USDJPY)
2026-03-27 07:00:00,0.5672413372387529,6476.562695502329,cand_003 (USDJPY)
2026-03-30 07:00:00,0.5672413372387529,6477.129936839568,cand_003 (USDJPY)
2026-03-31 07:00:00,0.5672413372387529,6477.697178176806,cand_003 (USDJPY)
2026-04-01 09:46:40,0.0,6477.697178176806,cand_003 (USDJPY)
2026-04-01 13:00:00,-15.043240263571727,6462.653937913235,cand_003 (USDJPY)
2026-04-02 07:00:00,0.5672413372387529,6463.221179250473,cand_003 (USDJPY)
2026-04-03 07:00:00,0.5672413372387529,6463.788420587712,cand_003 (USDJPY)
2026-04-06 07:00:00,0.5672413372387529,6464.35566192495,cand_003 (USDJPY)
2026-04-07 07:00:00,0.5672413372387529,6464.922903262189,cand_003 (USDJPY)
2026-04-08 08:00:00,0.6347180141800342,6465.557621276369,cand_007 (EURJPY)
2026-04-08 08:51:40,0.0,6465.557621276369,cand_003 (USDJPY)
2026-04-08 13:00:00,-12.774274914616715,6452.783346361752,cand_003 (USDJPY)
2026-04-10 07:00:00,0.5672413372387529,6453.350587698991,cand_003 (USDJPY)
2026-04-10 09:29:40,0.0,6453.350587698991,cand_003 (USDJPY)
2026-04-10 13:00:00,-4.5237496644790545,6448.826838034512,cand_003 (USDJPY)
2026-04-13 07:00:00,0.5672413372387529,6449.39407937175,cand_003 (USDJPY)
2026-04-17 07:00:00,0.5672413372387529,6449.961320708989,cand_003 (USDJPY)
2026-04-21 07:00:00,0.5672413372387529,6450.528562046227,cand_003 (USDJPY)
2026-04-22 07:00:00,0.5672413372387529,6451.095803383466,cand_003 (USDJPY)
2026-04-23 07:00:00,0.5672413372387529,6451.663044720704,cand_003 (USDJPY)
2026-04-24 07:00:00,0.5672413372387529,6452.230286057943,cand_003 (USDJPY)
2026-04-30 07:00:00,0.5672413372387529,6452.7975273951815,cand_003 (USDJPY)
2026-04-30 07:28:40,0.0,6452.7975273951815,cand_003 (USDJPY)
2026-04-30 10:57:40,45.363140600988935,6498.160667996171,cand_003 (USDJPY)
2026-04-30 10:57:40,-22.023144918294584,6476.137523077876,cand_003 (USDJPY)
2026-05-01 09:46:40,0.0,6476.137523077876,cand_003 (USDJPY)
2026-05-01 13:00:00,-12.714714574206646,6463.422808503669,cand_003 (USDJPY)
2026-05-06 07:00:00,0.5672413372387529,6463.990049840908,cand_003 (USDJPY)
2026-05-08 07:00:00,0.5672413372387529,6464.557291178146,cand_003 (USDJPY)
2026-05-11 07:00:00,0.5672413372387529,6465.124532515385,cand_003 (USDJPY)
2026-05-12 07:00:00,0.5672413372387529,6465.691773852624,cand_003 (USDJPY)
2026-05-13 07:00:00,0.5672413372387529,6466.259015189862,cand_003 (USDJPY)
2026-05-14 08:00:00,0.6347180141800342,6466.893733204042,cand_007 (EURJPY)
2026-05-15 07:00:00,0.5672413372387529,6467.460974541281,cand_003 (USDJPY)
2026-05-18 07:00:00,0.5672413372387529,6468.028215878519,cand_003 (USDJPY)
2026-05-19 07:00:00,0.5672413372387529,6468.595457215758,cand_003 (USDJPY)
2026-06-16 07:00:00,0.5672413372387529,6469.1626985529965,cand_003 (USDJPY)
2026-06-18 07:00:00,0.5672413372387529,6469.729939890235,cand_003 (USDJPY)
2026-06-19 07:00:00,0.5672413372387529,6470.297181227474,cand_003 (USDJPY)
2026-06-19 08:39:40,0.0,6470.297181227474,cand_007 (EURJPY)
2026-06-19 15:00:00,-21.288442195598346,6449.008739031875,cand_007 (EURJPY)
2026-06-22 07:00:00,0.5672413372387529,6449.575980369114,cand_003 (USDJPY)
2026-06-22 09:01:40,0.0,6449.575980369114,cand_003 (USDJPY)
2026-06-22 13:00:00,0.3148189421675079,6449.890799311282,cand_003 (USDJPY)
2026-06-30 07:00:00,0.5672413372387529,6450.45804064852,cand_003 (USDJPY)
2026-06-30 08:00:00,0.6347180141800342,6451.0927586627,cand_007 (EURJPY)
2026-07-01 07:00:00,0.5672413372387529,6451.659999999939,cand_003 (USDJPY)
