Time,NetPnl,Balance,SourceCandidate
2013-01-02 07:00:00,0.5104507579966491,2500.5104507579968,cand_003
2013-01-02 07:00:00,0.5093902926608961,2501.0198410506578,cand_009
2013-01-02 07:00:00,0.5222644599299877,2501.5421055105876,cand_011
2013-01-02 07:00:00,0.5221548113343271,2502.0642603219217,cand_013
2013-01-02 07:00:00,0.5271758785499405,2502.591436200472,cand_014
2013-01-02 07:00:00,0.604366284364134,2503.195802484836,cand_015
2013-01-03 07:00:01,0.5104507579966491,2503.7062532428326,cand_003
2013-01-03 07:00:01,0.5093902926608961,2504.2156435354937,cand_009
2013-01-03 07:00:01,0.5222644599299877,2504.7379079954235,cand_011
2013-01-03 07:00:01,0.5221548113343271,2505.260062806758,cand_013
2013-01-03 07:00:01,0.5271758785499405,2505.787238685308,cand_014
2013-01-03 07:00:01,0.49031404625585057,2506.2775527315634,cand_014
2013-01-04 07:00:00,0.5104507579966491,2506.78800348956,cand_003
2013-01-04 07:00:00,0.6566499231364257,2507.444653412697,cand_007
2013-01-04 07:00:00,0.5093902926608961,2507.9540437053574,cand_009
2013-01-04 07:00:00,0.5222644599299877,2508.4763081652877,cand_011
2013-01-04 07:00:00,0.5221548113343271,2508.998462976622,cand_013
2013-01-04 07:00:00,0.5271758785499405,2509.525638855172,cand_014
2013-01-04 07:00:00,0.49031404625585057,2510.0159529014277,cand_014
2013-01-04 07:00:00,0.604366284364134,2510.6203191857917,cand_015
2013-01-04 09:32:40,0.0,2510.6203191857917,cand_003
2013-01-04 09:32:40,0.0,2510.6203191857917,cand_007
2013-01-04 09:32:40,0.0,2510.6203191857917,cand_009
2013-01-04 09:32:40,0.0,2510.6203191857917,cand_011
2013-01-04 09:32:40,0.0,2510.6203191857917,cand_013
2013-01-04 09:32:40,0.0,2510.6203191857917,cand_014
2013-01-04 09:32:40,0.0,2510.6203191857917,cand_014
2013-01-04 09:32:40,0.0,2510.6203191857917,cand_015
2013-01-04 13:00:00,19.93760607704559,2530.557925262837,cand_003
2013-01-04 13:00:00,25.647973468387452,2556.205898731225,cand_007
2013-01-04 13:00:00,19.89618554863736,2576.102084279862,cand_009
2013-01-04 13:00:00,20.399035376088936,2596.5011196559512,cand_011
2013-01-04 13:00:00,20.39475263094078,2616.895872286892,cand_013
2013-01-04 13:00:00,20.590869609244738,2637.4867418961367,cand_014
2013-01-04 13:00:00,19.151089806699105,2656.6378317028357,cand_014
2013-01-04 13:00:00,23.605836048105,2680.243667750941,cand_015
2013-01-07 07:00:00,0.5104507579966491,2680.7541185089376,cand_003
2013-01-07 07:00:00,0.5093902926608961,2681.263508801598,cand_009
2013-01-07 07:00:00,0.5222644599299877,2681.7857732615284,cand_011
2013-01-07 07:00:00,0.5221548113343271,2682.3079280728625,cand_013
2013-01-07 07:00:00,0.5271758785499405,2682.8351039514127,cand_014
2013-01-07 07:00:00,0.49031404625585057,2683.3254179976684,cand_014
2013-01-09 07:00:00,0.5104507579966491,2683.835868755665,cand_003
2013-01-09 07:00:00,0.5093902926608961,2684.345259048326,cand_009
2013-01-09 07:00:00,0.5222644599299877,2684.867523508256,cand_011
2013-01-09 07:00:00,0.5221548113343271,2685.3896783195905,cand_013
2013-01-09 07:00:00,0.5271758785499405,2685.9168541981403,cand_014
2013-01-09 07:00:00,0.49031404625585057,2686.407168244396,cand_014
2013-01-09 07:00:00,0.604366284364134,2687.0115345287604,cand_015
2013-01-10 07:00:00,0.5104507579966491,2687.5219852867567,cand_003
2013-01-10 07:00:00,0.5093902926608961,2688.0313755794177,cand_009
2013-01-10 07:00:00,0.5222644599299877,2688.5536400393476,cand_011
2013-01-10 07:00:00,0.5221548113343271,2689.075794850682,cand_013
2013-01-10 07:00:00,0.5271758785499405,2689.602970729232,cand_014
2013-01-10 07:00:00,0.49031404625585057,2690.093284775488,cand_014
2013-01-11 07:00:00,0.5104507579966491,2690.6037355334847,cand_003
2013-01-11 07:00:00,0.5093902926608961,2691.1131258261453,cand_009
2013-01-11 07:00:00,0.5222644599299877,2691.6353902860756,cand_011
2013-01-11 07:00:00,0.5221548113343271,2692.1575450974096,cand_013
2013-01-11 07:00:00,0.5271758785499405,2692.68472097596,cand_014
2013-01-14 07:00:00,0.5104507579966491,2693.195171733956,cand_003
2013-01-14 07:00:00,0.6566499231364257,2693.851821657093,cand_007
2013-01-14 07:00:00,0.5093902926608961,2694.361211949754,cand_009
2013-01-14 07:00:00,0.5222644599299877,2694.8834764096837,cand_011
2013-01-14 07:00:00,0.5221548113343271,2695.405631221018,cand_013
2013-01-14 07:00:00,0.5271758785499405,2695.932807099568,cand_014
2013-01-14 07:00:00,0.49031404625585057,2696.4231211458236,cand_014
2013-01-14 07:00:00,0.604366284364134,2697.027487430188,cand_015
2013-01-18 07:00:00,0.5104507579966491,2697.5379381881844,cand_003
2013-01-18 07:00:00,0.6566499231364257,2698.194588111321,cand_007
2013-01-18 07:00:00,0.5093902926608961,2698.703978403982,cand_009
2013-01-18 07:00:00,0.5222644599299877,2699.226242863912,cand_011
2013-01-18 07:00:00,0.5221548113343271,2699.7483976752465,cand_013
2013-01-18 07:00:00,0.5271758785499405,2700.275573553796,cand_014
2013-01-18 07:00:00,0.49031404625585057,2700.765887600052,cand_014
2013-01-18 07:00:00,0.604366284364134,2701.3702538844163,cand_015
2013-01-23 08:07:40,0.0,2701.3702538844163,cand_003
2013-01-23 08:07:40,0.0,2701.3702538844163,cand_009
2013-01-23 08:07:40,0.0,2701.3702538844163,cand_011
2013-01-23 08:07:40,0.0,2701.3702538844163,cand_013
2013-01-23 08:07:40,0.0,2701.3702538844163,cand_014
2013-01-23 08:07:40,0.0,2701.3702538844163,cand_014
2013-01-23 13:00:00,-5.8461625048204455,2695.5240913795956,cand_003
2013-01-23 13:00:00,-5.834017057710381,2689.6900743218853,cand_009
2013-01-23 13:00:00,-5.98146413813933,2683.708610183746,cand_011
2013-01-23 13:00:00,-5.980208339223146,2677.728401844523,cand_013
2013-01-23 13:00:00,-6.037714326686672,2671.690687517836,cand_014
2013-01-23 13:00:00,-5.6155379297655355,2666.075149588071,cand_014
2013-01-24 07:00:00,0.5104507579966491,2666.585600346067,cand_003
2013-01-24 07:00:00,0.6566499231364257,2667.242250269204,cand_007
2013-01-24 07:00:00,0.5093902926608961,2667.7516405618644,cand_009
2013-01-24 07:00:00,0.5222644599299877,2668.2739050217947,cand_011
2013-01-24 07:00:00,0.5221548113343271,2668.7960598331288,cand_013
2013-01-24 07:00:00,0.5271758785499405,2669.323235711679,cand_014
2013-01-24 07:00:00,0.49031404625585057,2669.8135497579347,cand_014
2013-01-24 07:00:00,0.604366284364134,2670.417916042299,cand_015
2013-01-24 07:35:40,0.0,2670.417916042299,cand_003
2013-01-24 07:35:40,0.0,2670.417916042299,cand_007
2013-01-24 07:35:40,0.0,2670.417916042299,cand_009
2013-01-24 07:35:40,0.0,2670.417916042299,cand_011
2013-01-24 07:35:40,0.0,2670.417916042299,cand_013
2013-01-24 07:35:40,0.0,2670.417916042299,cand_014
2013-01-24 07:35:40,0.0,2670.417916042299,cand_014
2013-01-24 07:35:40,0.0,2670.417916042299,cand_015
2013-01-24 13:00:00,7.7108090972670285,2678.128725139566,cand_003
2013-01-24 13:00:00,9.919276485966712,2688.048001625533,cand_007
2013-01-24 13:00:00,7.694789832665772,2695.7427914581986,cand_009
2013-01-24 13:00:00,7.889265488824757,2703.632056947023,cand_011
2013-01-24 13:00:00,7.887609150038541,2711.519666097062,cand_013
2013-01-24 13:00:00,7.963456800683808,2719.4831228977455,cand_014
2013-01-24 13:00:00,7.4066262987354365,2726.889749196481,cand_014
2013-01-24 13:00:00,9.129485989688801,2736.0192351861697,cand_015
2013-01-25 07:00:00,0.5104507579966491,2736.5296859441664,cand_003
2013-01-25 07:00:00,0.5093902926608961,2737.0390762368274,cand_009
2013-01-25 07:00:00,0.5222644599299877,2737.5613406967573,cand_011
2013-01-25 07:00:00,0.5221548113343271,2738.083495508092,cand_013
2013-01-25 07:00:00,0.5271758785499405,2738.6106713866416,cand_014
2013-01-25 07:00:00,0.49031404625585057,2739.1009854328972,cand_014
2013-01-28 07:00:00,0.5104507579966491,2739.611436190894,cand_003
2013-01-28 07:00:00,0.5093902926608961,2740.120826483555,cand_009
2013-01-28 07:00:00,0.5222644599299877,2740.643090943485,cand_011
2013-01-28 07:00:00,0.5221548113343271,2741.1652457548194,cand_013
2013-01-28 07:00:00,0.5271758785499405,2741.692421633369,cand_014
2013-01-28 07:00:00,0.49031404625585057,2742.1827356796252,cand_014
2013-01-29 07:00:00,0.5104507579966491,2742.6931864376215,cand_003
2013-01-29 07:00:00,0.6566499231364257,2743.349836360758,cand_007
2013-01-29 07:00:00,0.5093902926608961,2743.8592266534192,cand_009
2013-01-29 07:00:00,0.5222644599299877,2744.381491113349,cand_011
2013-01-29 07:00:00,0.5221548113343271,2744.9036459246836,cand_013
2013-01-29 07:00:00,0.5271758785499405,2745.4308218032334,cand_014
2013-01-29 07:00:00,0.49031404625585057,2745.921135849489,cand_014
2013-01-29 07:00:00,0.604366284364134,2746.5255021338535,cand_015
2013-01-30 07:00:00,0.5104507579966491,2747.03595289185,cand_003
2013-01-30 07:00:00,0.6566499231364257,2747.6926028149865,cand_007
2013-01-30 07:00:00,0.5093902926608961,2748.2019931076475,cand_009
2013-01-30 07:00:00,0.5222644599299877,2748.7242575675773,cand_011
2013-01-30 07:00:00,0.5221548113343271,2749.246412378912,cand_013
2013-01-30 07:00:00,0.5271758785499405,2749.7735882574616,cand_014
2013-01-30 07:00:00,0.49031404625585057,2750.2639023037173,cand_014
2013-01-30 07:00:00,0.604366284364134,2750.8682685880817,cand_015
2013-02-01 07:00:00,0.5104507579966491,2751.378719346078,cand_003
2013-02-01 07:00:00,0.6566499231364257,2752.0353692692147,cand_007
2013-02-01 07:00:00,0.5093902926608961,2752.5447595618757,cand_009
2013-02-01 07:00:00,0.5222644599299877,2753.0670240218055,cand_011
2013-02-01 07:00:00,0.5221548113343271,2753.58917883314,cand_013
2013-02-01 07:00:00,0.5271758785499405,2754.11635471169,cand_014
2013-02-01 07:00:00,0.49031404625585057,2754.6066687579455,cand_014
2013-02-01 07:00:00,0.604366284364134,2755.21103504231,cand_015
2013-02-04 07:00:00,0.5104507579966491,2755.7214858003063,cand_003
2013-02-04 07:00:00,0.5093902926608961,2756.2308760929673,cand_009
2013-02-04 07:00:00,0.5222644599299877,2756.753140552897,cand_011
2013-02-04 07:00:00,0.5221548113343271,2757.2752953642316,cand_013
2013-02-04 07:00:00,0.5271758785499405,2757.8024712427814,cand_014
2013-02-04 07:00:00,0.49031404625585057,2758.2927852890375,cand_014
2013-02-05 07:00:00,0.5104507579966491,2758.8032360470343,cand_003
2013-02-05 07:00:00,0.5093902926608961,2759.312626339695,cand_009
2013-02-05 07:00:00,0.5222644599299877,2759.834890799625,cand_011
2013-02-05 07:00:00,0.5221548113343271,2760.357045610959,cand_013
2013-02-05 07:00:00,0.5271758785499405,2760.8842214895094,cand_014
2013-02-06 07:00:00,0.5104507579966491,2761.3946722475057,cand_003
2013-02-06 07:00:00,0.5093902926608961,2761.9040625401667,cand_009
2013-02-06 07:00:00,0.5222644599299877,2762.4263270000965,cand_011
2013-02-06 07:00:00,0.5221548113343271,2762.948481811431,cand_013
2013-02-06 07:00:00,0.5271758785499405,2763.475657689981,cand_014
2013-02-06 07:00:00,0.49031404625585057,2763.965971736237,cand_014
2013-02-06 07:39:40,0.0,2763.965971736237,cand_003
2013-02-06 07:39:40,0.0,2763.965971736237,cand_009
2013-02-06 07:39:40,0.0,2763.965971736237,cand_011
2013-02-06 07:39:40,0.0,2763.965971736237,cand_013
2013-02-06 07:39:40,0.0,2763.965971736237,cand_014
2013-02-06 07:39:40,0.0,2763.965971736237,cand_014
2013-02-06 13:00:00,-22.309700775971194,2741.656270960266,cand_003
2013-02-06 13:00:00,-22.2633522027674,2719.392918757498,cand_009
2013-02-06 13:00:00,-22.826029042822405,2696.5668897146757,cand_011
2013-02-06 13:00:00,-22.821236754200296,2673.7456529604756,cand_013
2013-02-06 13:00:00,-23.040686927212107,2650.704966033263,cand_014
2013-02-06 13:00:00,-21.42960802165276,2629.2753580116105,cand_014
2013-02-07 07:00:00,0.5104507579966491,2629.7858087696072,cand_003
2013-02-07 07:00:00,0.5093902926608961,2630.2951990622682,cand_009
2013-02-07 07:00:00,0.5222644599299877,2630.817463522198,cand_011
2013-02-07 07:00:00,0.5221548113343271,2631.3396183335326,cand_013
2013-02-07 07:00:00,0.5271758785499405,2631.8667942120824,cand_014
2013-02-08 07:00:00,0.5104507579966491,2632.377244970079,cand_003
2013-02-08 07:00:00,0.5093902926608961,2632.88663526274,cand_009
2013-02-08 07:00:00,0.5222644599299877,2633.40889972267,cand_011
2013-02-08 07:00:00,0.5221548113343271,2633.9310545340045,cand_013
2013-02-08 07:00:00,0.5271758785499405,2634.4582304125543,cand_014
2013-02-12 07:00:00,0.5104507579966491,2634.968681170551,cand_003
2013-02-12 07:00:00,0.5093902926608961,2635.4780714632116,cand_009
2013-02-12 07:00:00,0.5222644599299877,2636.000335923142,cand_011
2013-02-12 07:00:00,0.5221548113343271,2636.522490734476,cand_013
2013-02-12 07:00:00,0.5271758785499405,2637.049666613026,cand_014
2013-02-12 07:00:00,0.49031404625585057,2637.539980659282,cand_014
2013-02-14 07:00:00,0.5104507579966491,2638.0504314172786,cand_003
2013-02-14 07:00:00,0.5093902926608961,2638.5598217099396,cand_009
2013-02-14 07:00:00,0.5222644599299877,2639.0820861698694,cand_011
2013-02-14 07:00:00,0.5221548113343271,2639.604240981204,cand_013
2013-02-14 07:00:00,0.5271758785499405,2640.1314168597537,cand_014
2013-02-18 07:00:00,0.5104507579966491,2640.6418676177504,cand_003
2013-02-18 07:00:00,0.5093902926608961,2641.151257910411,cand_009
2013-02-18 07:00:00,0.5222644599299877,2641.6735223703413,cand_011
2013-02-18 07:00:00,0.5221548113343271,2642.1956771816754,cand_013
2013-02-18 07:00:00,0.5271758785499405,2642.7228530602256,cand_014
2013-02-19 09:30:40,0.0,2642.7228530602256,cand_003
2013-02-19 09:30:40,0.0,2642.7228530602256,cand_007
2013-02-19 09:30:40,0.0,2642.7228530602256,cand_009
2013-02-19 09:30:40,0.0,2642.7228530602256,cand_011
2013-02-19 09:30:40,0.0,2642.7228530602256,cand_013
2013-02-19 09:30:40,0.0,2642.7228530602256,cand_014
2013-02-19 09:30:40,0.0,2642.7228530602256,cand_014
2013-02-19 09:30:40,0.0,2642.7228530602256,cand_015
2013-02-19 13:00:00,-6.4196689446872695,2636.3031841155384,cand_003
2013-02-19 13:00:00,-8.258338445092225,2628.044845670446,cand_007
2013-02-19 13:00:00,-6.406332033582329,2621.6385136368635,cand_009
2013-02-19 13:00:00,-6.568243619590081,2615.0702700172737,cand_011
2013-02-19 13:00:00,-6.5668646272517135,2608.5034053900217,cand_013
2013-02-19 13:00:00,-6.630011931410428,2601.8733934586116,cand_014
2013-02-19 13:00:00,-6.166420181735344,2595.706973276876,cand_014
2013-02-19 13:00:00,-7.60079479982658,2588.1061784770495,cand_015
2013-02-20 07:21:40,0.0,2588.1061784770495,cand_015
2013-02-20 13:00:00,-17.1959983380548,2570.9101801389947,cand_015
2013-02-26 09:08:40,0.0,2570.9101801389947,cand_007
2013-02-26 09:08:40,0.0,2570.9101801389947,cand_015
2013-02-26 10:27:40,-36.43262165978615,2534.4775584792087,cand_015
2013-02-26 10:28:40,-47.25175593957585,2487.2258025396327,cand_007
2013-03-01 07:00:00,0.5104507579966491,2487.7362532976294,cand_003
2013-03-01 07:00:00,0.5093902926608961,2488.2456435902905,cand_009
2013-03-01 07:00:00,0.5222644599299877,2488.7679080502203,cand_011
2013-03-01 07:00:00,0.5221548113343271,2489.290062861555,cand_013
2013-03-01 07:00:00,0.5271758785499405,2489.8172387401046,cand_014
2013-03-04 07:00:00,0.5104507579966491,2490.3276894981013,cand_003
2013-03-04 07:00:00,0.5093902926608961,2490.837079790762,cand_009
2013-03-04 07:00:00,0.5222644599299877,2491.359344250692,cand_011
2013-03-04 07:00:00,0.5221548113343271,2491.8814990620263,cand_013
2013-03-04 07:00:00,0.5271758785499405,2492.4086749405765,cand_014
2013-03-04 07:00:00,0.49031404625585057,2492.898988986832,cand_014
2013-03-05 07:32:40,0.0,2492.898988986832,cand_003
2013-03-05 07:32:40,0.0,2492.898988986832,cand_007
2013-03-05 07:32:40,0.0,2492.898988986832,cand_009
2013-03-05 07:32:40,0.0,2492.898988986832,cand_011
2013-03-05 07:32:40,0.0,2492.898988986832,cand_013
2013-03-05 07:32:40,0.0,2492.898988986832,cand_014
2013-03-05 07:32:40,0.0,2492.898988986832,cand_014
2013-03-05 07:32:40,0.0,2492.898988986832,cand_015
2013-03-05 13:00:00,-16.304397740716496,2476.5945912461157,cand_003
2013-03-05 13:00:00,-20.974171074298773,2455.620420171817,cand_007
2013-03-05 13:00:00,-16.27052523028627,2439.3498949415307,cand_009
2013-03-05 13:00:00,-16.681741278940198,2422.6681536625906,cand_011
2013-03-05 13:00:00,-16.678238973796446,2405.989914688794,cand_013
2013-03-05 13:00:00,-16.838617767801043,2389.151296920993,cand_014
2013-03-05 13:00:00,-15.661207477466284,2373.490089443527,cand_014
2013-03-05 13:00:00,-19.304170141748514,2354.185919301778,cand_015
2013-03-07 07:00:00,0.5104507579966491,2354.696370059775,cand_003
2013-03-07 07:00:00,0.6566499231364257,2355.353019982911,cand_007
2013-03-07 07:00:00,0.5093902926608961,2355.862410275572,cand_009
2013-03-07 07:00:00,0.5222644599299877,2356.3846747355024,cand_011
2013-03-07 07:00:00,0.5221548113343271,2356.9068295468364,cand_013
2013-03-07 07:00:00,0.5271758785499405,2357.434005425386,cand_014
2013-03-07 07:00:00,0.49031404625585057,2357.9243194716423,cand_014
2013-03-07 07:00:00,0.604366284364134,2358.5286857560063,cand_015
2013-03-08 07:00:00,0.5104507579966491,2359.039136514003,cand_003
2013-03-08 07:00:00,0.6566499231364257,2359.6957864371393,cand_007
2013-03-08 07:00:00,0.5093902926608961,2360.2051767298003,cand_009
2013-03-08 07:00:00,0.5222644599299877,2360.7274411897306,cand_011
2013-03-08 07:00:00,0.5221548113343271,2361.2495960010647,cand_013
2013-03-08 07:00:00,0.5271758785499405,2361.776771879615,cand_014
2013-03-08 07:00:00,0.49031404625585057,2362.2670859258706,cand_014
2013-03-08 07:00:00,0.604366284364134,2362.8714522102346,cand_015
2013-03-11 07:00:00,0.5104507579966491,2363.3819029682313,cand_003
2013-03-11 07:00:00,0.5093902926608961,2363.8912932608923,cand_009
2013-03-11 07:00:00,0.5222644599299877,2364.413557720822,cand_011
2013-03-11 07:00:00,0.5221548113343271,2364.9357125321567,cand_013
2013-03-11 07:00:00,0.5271758785499405,2365.4628884107065,cand_014
2013-03-11 07:00:00,0.49031404625585057,2365.9532024569626,cand_014
2013-03-11 07:00:00,0.604366284364134,2366.5575687413266,cand_015
2013-03-12 07:00:00,0.5104507579966491,2367.0680194993233,cand_003
2013-03-12 07:00:00,0.5093902926608961,2367.577409791984,cand_009
2013-03-12 07:00:00,0.5222644599299877,2368.099674251914,cand_011
2013-03-12 07:00:00,0.5221548113343271,2368.6218290632482,cand_013
2013-03-12 07:00:00,0.5271758785499405,2369.1490049417985,cand_014
2013-03-12 07:00:00,0.604366284364134,2369.7533712261625,cand_015
2013-03-15 07:00:00,0.5104507579966491,2370.263821984159,cand_003
2013-03-15 07:00:00,0.6566499231364257,2370.9204719072955,cand_007
2013-03-15 07:00:00,0.5093902926608961,2371.4298621999565,cand_009
2013-03-15 07:00:00,0.5222644599299877,2371.9521266598863,cand_011
2013-03-15 07:00:00,0.5221548113343271,2372.474281471221,cand_013
2013-03-15 07:00:00,0.5271758785499405,2373.0014573497706,cand_014
2013-03-15 07:00:00,0.49031404625585057,2373.4917713960267,cand_014
2013-03-15 07:00:00,0.604366284364134,2374.0961376803907,cand_015
2013-03-19 07:00:00,0.5104507579966491,2374.6065884383875,cand_003
2013-03-19 07:00:00,0.6566499231364257,2375.2632383615237,cand_007
2013-03-19 07:00:00,0.5093902926608961,2375.7726286541847,cand_009
2013-03-19 07:00:00,0.5222644599299877,2376.2948931141145,cand_011
2013-03-19 07:00:00,0.5221548113343271,2376.817047925449,cand_013
2013-03-19 07:00:00,0.5271758785499405,2377.344223803999,cand_014
2013-03-19 07:00:00,0.49031404625585057,2377.834537850255,cand_014
2013-03-19 07:00:00,0.604366284364134,2378.438904134619,cand_015
2013-03-21 07:00:00,0.5104507579966491,2378.9493548926157,cand_003
2013-03-21 07:00:00,0.5093902926608961,2379.4587451852763,cand_009
2013-03-21 07:00:00,0.5222644599299877,2379.9810096452065,cand_011
2013-03-21 07:00:00,0.5221548113343271,2380.5031644565406,cand_013
2013-03-21 07:00:00,0.5271758785499405,2381.030340335091,cand_014
2013-03-22 08:28:40,0.0,2381.030340335091,cand_003
2013-03-22 08:28:40,0.0,2381.030340335091,cand_009
2013-03-22 08:28:40,0.0,2381.030340335091,cand_011
2013-03-22 08:28:40,0.0,2381.030340335091,cand_013
2013-03-22 08:28:40,0.0,2381.030340335091,cand_014
2013-03-22 13:00:00,17.358328423403698,2398.3886687584945,cand_003
2013-03-22 13:00:00,17.32226636395671,2415.7109351224512,cand_009
2013-03-22 13:00:00,17.760063781501525,2433.4709989039525,cand_011
2013-03-22 13:00:00,17.756335084257323,2451.22733398821,cand_013
2013-03-22 13:00:00,17.927080905277684,2469.1544148934877,cand_014
2013-03-27 07:00:00,0.5104507579966491,2469.6648656514844,cand_003
2013-03-27 07:00:00,0.6566499231364257,2470.3215155746207,cand_007
2013-03-27 07:00:00,0.5093902926608961,2470.8309058672817,cand_009
2013-03-27 07:00:00,0.5222644599299877,2471.3531703272115,cand_011
2013-03-27 07:00:00,0.5221548113343271,2471.875325138546,cand_013
2013-03-27 07:00:00,0.5271758785499405,2472.402501017096,cand_014
2013-03-27 07:00:00,0.49031404625585057,2472.892815063352,cand_014
2013-03-27 07:00:00,0.604366284364134,2473.497181347716,cand_015
2013-04-03 07:00:00,0.5104507579966491,2474.0076321057127,cand_003
2013-04-03 07:00:00,0.6566499231364257,2474.664282028849,cand_007
2013-04-03 07:00:00,0.5093902926608961,2475.17367232151,cand_009
2013-04-03 07:00:00,0.5222644599299877,2475.6959367814397,cand_011
2013-04-03 07:00:00,0.5221548113343271,2476.2180915927743,cand_013
2013-04-03 07:00:00,0.5271758785499405,2476.745267471324,cand_014
2013-04-03 07:00:00,0.49031404625585057,2477.2355815175797,cand_014
2013-04-03 07:00:00,0.604366284364134,2477.839947801944,cand_015
2013-04-05 07:00:00,0.5104507579966491,2478.350398559941,cand_003
2013-04-05 07:00:00,0.6566499231364257,2479.007048483077,cand_007
2013-04-05 07:00:00,0.5093902926608961,2479.516438775738,cand_009
2013-04-05 07:00:00,0.5222644599299877,2480.038703235668,cand_011
2013-04-05 07:00:00,0.5221548113343271,2480.5608580470025,cand_013
2013-04-05 07:00:00,0.5271758785499405,2481.0880339255523,cand_014
2013-04-05 07:00:00,0.49031404625585057,2481.578347971808,cand_014
2013-04-05 07:00:00,0.604366284364134,2482.1827142561724,cand_015
2013-04-08 07:00:00,0.5104507579966491,2482.6931650141687,cand_003
2013-04-08 07:00:00,0.5093902926608961,2483.2025553068297,cand_009
2013-04-08 07:00:00,0.5222644599299877,2483.72481976676,cand_011
2013-04-08 07:00:00,0.5221548113343271,2484.246974578094,cand_013
2013-04-08 07:00:00,0.5271758785499405,2484.774150456644,cand_014
2013-04-08 07:00:00,0.49031404625585057,2485.2644645029,cand_014
2013-04-09 07:00:00,0.5104507579966491,2485.7749152608967,cand_003
2013-04-09 07:00:00,0.5093902926608961,2486.2843055535573,cand_009
2013-04-09 07:00:00,0.5222644599299877,2486.8065700134875,cand_011
2013-04-09 07:00:00,0.5221548113343271,2487.3287248248216,cand_013
2013-04-09 07:00:00,0.5271758785499405,2487.855900703372,cand_014
2013-04-10 07:00:00,0.5104507579966491,2488.366351461368,cand_003
2013-04-10 07:00:00,0.5093902926608961,2488.875741754029,cand_009
2013-04-10 07:00:00,0.5222644599299877,2489.3980062139594,cand_011
2013-04-10 07:00:00,0.5221548113343271,2489.9201610252935,cand_013
2013-04-10 07:00:00,0.5271758785499405,2490.4473369038433,cand_014
2013-04-10 07:00:00,0.49031404625585057,2490.9376509500994,cand_014
2013-04-11 07:00:00,0.5104507579966491,2491.448101708096,cand_003
2013-04-11 07:00:00,0.6566499231364257,2492.1047516312324,cand_007
2013-04-11 07:00:00,0.5093902926608961,2492.6141419238934,cand_009
2013-04-11 07:00:00,0.5222644599299877,2493.136406383823,cand_011
2013-04-11 07:00:00,0.5221548113343271,2493.6585611951577,cand_013
2013-04-11 07:00:00,0.5271758785499405,2494.1857370737075,cand_014
2013-04-11 07:00:00,0.49031404625585057,2494.6760511199636,cand_014
2013-04-11 07:00:00,0.604366284364134,2495.2804174043276,cand_015
2013-04-17 07:00:00,0.5104507579966491,2495.7908681623244,cand_003
2013-04-17 07:00:00,0.6566499231364257,2496.4475180854606,cand_007
2013-04-17 07:00:00,0.5093902926608961,2496.9569083781216,cand_009
2013-04-17 07:00:00,0.5222644599299877,2497.4791728380515,cand_011
2013-04-17 07:00:00,0.5221548113343271,2498.001327649386,cand_013
2013-04-17 07:00:00,0.5271758785499405,2498.5285035279358,cand_014
2013-04-17 07:00:00,0.604366284364134,2499.1328698122998,cand_015
2013-04-17 08:36:40,0.0,2499.1328698122998,cand_003
2013-04-17 08:36:40,0.0,2499.1328698122998,cand_007
2013-04-17 08:36:40,0.0,2499.1328698122998,cand_009
2013-04-17 08:36:40,0.0,2499.1328698122998,cand_011
2013-04-17 08:36:40,0.0,2499.1328698122998,cand_013
2013-04-17 08:36:40,0.0,2499.1328698122998,cand_014
2013-04-17 08:36:40,0.0,2499.1328698122998,cand_015
2013-04-17 13:00:00,-22.71505873085089,2476.417811081449,cand_003
2013-04-17 13:00:00,-29.220921579570945,2447.196889501878,cand_007
2013-04-17 13:00:00,-22.66786802340988,2424.529021478468,cand_009
2013-04-17 13:00:00,-23.240768466884457,2401.288253011584,cand_011
2013-04-17 13:00:00,-23.23588910437756,2378.052363907206,cand_013
2013-04-17 13:00:00,-23.45932659547236,2354.593037311734,cand_014
2013-04-17 13:00:00,-26.894299654203966,2327.69873765753,cand_015
2013-04-18 07:00:00,0.49031404625585057,2328.189051703786,cand_014
2013-04-19 07:00:00,0.49031404625585057,2328.6793657500416,cand_014
2013-04-19 09:20:40,0.0,2328.6793657500416,cand_014
2013-04-19 13:00:00,25.109847568843737,2353.7892133188852,cand_014
2013-04-26 08:21:40,0.0,2353.7892133188852,cand_014
2013-04-26 13:00:00,-12.10210434170323,2341.687108977182,cand_014
2013-05-07 07:00:00,0.5104507579966491,2342.197559735179,cand_003
2013-05-07 07:00:00,0.5093902926608961,2342.7069500278394,cand_009
2013-05-07 07:00:00,0.5222644599299877,2343.2292144877697,cand_011
2013-05-07 07:00:00,0.5221548113343271,2343.7513692991038,cand_013
2013-05-07 07:00:00,0.5271758785499405,2344.278545177654,cand_014
2013-05-07 07:00:00,0.49031404625585057,2344.7688592239097,cand_014
2013-05-07 07:00:00,0.604366284364134,2345.373225508274,cand_015
2013-05-08 07:00:00,0.5104507579966491,2345.8836762662704,cand_003
2013-05-08 07:00:00,0.5093902926608961,2346.3930665589314,cand_009
2013-05-08 07:00:00,0.5222644599299877,2346.9153310188613,cand_011
2013-05-08 07:00:00,0.5221548113343271,2347.437485830196,cand_013
2013-05-08 07:00:00,0.5271758785499405,2347.9646617087456,cand_014
2013-05-10 07:00:00,0.5104507579966491,2348.4751124667423,cand_003
2013-05-10 07:00:00,0.5093902926608961,2348.9845027594033,cand_009
2013-05-10 07:00:00,0.5222644599299877,2349.506767219333,cand_011
2013-05-10 07:00:00,0.5221548113343271,2350.0289220306677,cand_013
2013-05-10 07:00:00,0.5271758785499405,2350.5560979092174,cand_014
2013-05-10 07:00:00,0.49031404625585057,2351.0464119554736,cand_014
2013-05-13 07:00:00,0.5104507579966491,2351.55686271347,cand_003
2013-05-13 07:00:00,0.5093902926608961,2352.066253006131,cand_009
2013-05-13 07:00:00,0.5222644599299877,2352.5885174660607,cand_011
2013-05-13 07:00:00,0.5221548113343271,2353.110672277395,cand_013
2013-05-13 07:00:00,0.5271758785499405,2353.637848155945,cand_014
2013-05-13 07:00:00,0.49031404625585057,2354.128162202201,cand_014
2013-05-14 07:00:00,0.5104507579966491,2354.638612960198,cand_003
2013-05-14 07:00:00,0.5093902926608961,2355.1480032528584,cand_009
2013-05-14 07:00:00,0.5222644599299877,2355.6702677127887,cand_011
2013-05-14 07:00:00,0.5221548113343271,2356.192422524123,cand_013
2013-05-14 07:00:00,0.5271758785499405,2356.719598402673,cand_014
2013-05-14 07:00:00,0.49031404625585057,2357.2099124489287,cand_014
2013-05-15 07:00:00,0.5104507579966491,2357.7203632069254,cand_003
2013-05-15 07:00:00,0.5093902926608961,2358.2297534995864,cand_009
2013-05-15 07:00:00,0.5222644599299877,2358.7520179595163,cand_011
2013-05-15 07:00:00,0.5221548113343271,2359.274172770851,cand_013
2013-05-15 07:00:00,0.5271758785499405,2359.8013486494006,cand_014
2013-05-15 09:57:40,0.0,2359.8013486494006,cand_003
2013-05-15 09:57:40,0.0,2359.8013486494006,cand_009
2013-05-15 09:57:40,0.0,2359.8013486494006,cand_011
2013-05-15 09:57:40,0.0,2359.8013486494006,cand_013
2013-05-15 09:57:40,0.0,2359.8013486494006,cand_014
2013-05-15 13:00:00,-4.63008864018137,2355.171260009219,cand_003
2013-05-15 13:00:00,-4.620469595782952,2350.550790413436,cand_009
2013-05-15 13:00:00,-4.7372458659531835,2345.813544547483,cand_011
2013-05-15 13:00:00,-4.736251288691367,2341.0772932587915,cand_013
2013-05-15 13:00:00,-4.781795321905932,2336.2954979368856,cand_014
2013-05-16 07:00:00,0.5104507579966491,2336.8059486948823,cand_003
2013-05-16 07:00:00,0.5093902926608961,2337.3153389875433,cand_009
2013-05-16 07:00:00,0.5222644599299877,2337.837603447473,cand_011
2013-05-16 07:00:00,0.5221548113343271,2338.3597582588077,cand_013
2013-05-16 07:00:00,0.5271758785499405,2338.8869341373575,cand_014
2013-05-16 08:54:40,0.0,2338.8869341373575,cand_003
2013-05-16 08:54:40,0.0,2338.8869341373575,cand_009
2013-05-16 08:54:40,0.0,2338.8869341373575,cand_011
2013-05-16 08:54:40,0.0,2338.8869341373575,cand_013
2013-05-16 08:54:40,0.0,2338.8869341373575,cand_014
2013-05-16 13:00:00,9.074012886269845,2347.9609470236273,cand_003
2013-05-16 13:00:00,9.055161555418989,2357.0161085790464,cand_009
2013-05-16 13:00:00,9.284018811226018,2366.3001273902723,cand_011
2013-05-16 13:00:00,9.282069646190214,2375.5821970364627,cand_013
2013-05-16 13:00:00,9.37132649987012,2384.953523536333,cand_014
2013-05-17 07:00:00,0.5104507579966491,2385.4639742943295,cand_003
2013-05-17 07:00:00,0.5093902926608961,2385.97336458699,cand_009
2013-05-17 07:00:00,0.5222644599299877,2386.4956290469204,cand_011
2013-05-17 07:00:00,0.5221548113343271,2387.0177838582545,cand_013
2013-05-17 07:00:00,0.5271758785499405,2387.5449597368047,cand_014
2013-05-17 07:00:00,0.49031404625585057,2388.0352737830603,cand_014
2013-05-17 09:12:40,0.0,2388.0352737830603,cand_003
2013-05-17 09:12:40,0.0,2388.0352737830603,cand_009
2013-05-17 09:12:40,0.0,2388.0352737830603,cand_011
2013-05-17 09:12:40,0.0,2388.0352737830603,cand_013
2013-05-17 09:12:40,0.0,2388.0352737830603,cand_014
2013-05-17 09:12:40,0.0,2388.0352737830603,cand_014
2013-05-17 13:00:00,-6.86105871777849,2381.1742150652817,cand_003
2013-05-17 13:00:00,-6.846804816059692,2374.3274102492223,cand_009
2013-05-17 13:00:00,-7.019848770235424,2367.307561478987,cand_011
2013-05-17 13:00:00,-7.0183749641113975,2360.2891865148754,cand_013
2013-05-17 13:00:00,-7.085864014627143,2353.2033225002483,cand_014
2013-05-17 13:00:00,-6.59039762173305,2346.612924878515,cand_014
2013-05-20 07:00:00,0.5104507579966491,2347.123375636512,cand_003
2013-05-20 07:00:00,0.5093902926608961,2347.632765929173,cand_009
2013-05-20 07:00:00,0.5222644599299877,2348.1550303891026,cand_011
2013-05-20 07:00:00,0.5221548113343271,2348.677185200437,cand_013
2013-05-20 07:00:00,0.5271758785499405,2349.204361078987,cand_014
2013-05-20 07:00:00,0.49031404625585057,2349.694675125243,cand_014
2013-05-21 07:00:00,0.5104507579966491,2350.2051258832394,cand_003
2013-05-21 07:00:00,0.5093902926608961,2350.7145161759004,cand_009
2013-05-21 07:00:00,0.5222644599299877,2351.23678063583,cand_011
2013-05-21 07:00:00,0.5221548113343271,2351.7589354471647,cand_013
2013-05-21 07:00:00,0.5271758785499405,2352.2861113257145,cand_014
2013-05-21 07:00:00,0.49031404625585057,2352.7764253719706,cand_014
2013-05-21 07:00:00,0.604366284364134,2353.3807916563346,cand_015
2013-05-23 07:19:40,0.0,2353.3807916563346,cand_003
2013-05-23 07:19:40,0.0,2353.3807916563346,cand_007
2013-05-23 07:19:40,0.0,2353.3807916563346,cand_009
2013-05-23 07:19:40,0.0,2353.3807916563346,cand_011
2013-05-23 07:19:40,0.0,2353.3807916563346,cand_013
2013-05-23 07:19:40,0.0,2353.3807916563346,cand_014
2013-05-23 07:19:40,0.0,2353.3807916563346,cand_014
2013-05-23 07:19:40,0.0,2353.3807916563346,cand_015
2013-05-23 13:00:00,83.47070953852264,2436.8515011948575,cand_003
2013-05-23 13:00:00,107.37771301923235,2544.2292142140896,cand_007
2013-05-23 13:00:00,83.29729850400149,2627.526512718091,cand_009
2013-05-23 13:00:00,85.40252777408077,2712.929040492172,cand_011
2013-05-23 13:00:00,85.38459764872329,2798.3136381408954,cand_013
2013-05-23 13:00:00,86.2056602812341,2884.5192984221294,cand_014
2013-05-23 13:00:00,80.17788336391995,2964.6971817860494,cand_014
2013-05-23 13:00:00,98.82810787669743,3063.5252896627467,cand_015
2013-05-24 07:18:40,0.0,3063.5252896627467,cand_003
2013-05-24 07:18:40,0.0,3063.5252896627467,cand_009
2013-05-24 07:18:40,0.0,3063.5252896627467,cand_011
2013-05-24 07:18:40,0.0,3063.5252896627467,cand_013
2013-05-24 07:18:40,0.0,3063.5252896627467,cand_014
2013-05-24 11:29:40,-34.5635216194084,3028.9617680433385,cand_003
2013-05-24 11:29:40,-34.49171564011515,2994.4700524032232,cand_009
2013-05-24 11:29:40,-35.36344822502405,2959.106604178199,cand_011
2013-05-24 11:29:40,-35.35602372511435,2923.7505804530847,cand_013
2013-05-24 11:29:40,-35.69600904699039,2888.054571406094,cand_014
2013-05-28 07:00:00,0.5104507579966491,2888.565022164091,cand_003
2013-05-28 07:00:00,0.5093902926608961,2889.074412456752,cand_009
2013-05-28 07:00:00,0.5222644599299877,2889.5966769166816,cand_011
2013-05-28 07:00:00,0.5221548113343271,2890.118831728016,cand_013
2013-05-28 07:00:00,0.5271758785499405,2890.646007606566,cand_014
2013-05-29 07:00:00,0.5104507579966491,2891.1564583645627,cand_003
2013-05-29 07:00:00,0.5093902926608961,2891.6658486572237,cand_009
2013-05-29 07:00:00,0.5222644599299877,2892.1881131171535,cand_011
2013-05-29 07:00:00,0.5221548113343271,2892.710267928488,cand_013
2013-05-29 07:00:00,0.5271758785499405,2893.237443807038,cand_014
2013-06-03 09:33:40,0.0,2893.237443807038,cand_003
2013-06-03 09:33:40,0.0,2893.237443807038,cand_009
2013-06-03 09:33:40,0.0,2893.237443807038,cand_011
2013-06-03 09:33:40,0.0,2893.237443807038,cand_013
2013-06-03 09:33:40,0.0,2893.237443807038,cand_014
2013-06-03 09:33:40,0.0,2893.237443807038,cand_014
2013-06-03 13:00:00,-3.1137496237795594,2890.123694183258,cand_003
2013-06-03 13:00:00,-3.1072807852314663,2887.016413398027,cand_009
2013-06-03 13:00:00,-3.1858132055729254,2883.830600192454,cand_011
2013-06-03 13:00:00,-3.185144349139395,2880.6454558433143,cand_013
2013-06-03 13:00:00,-3.215772859154637,2877.4296829841596,cand_014
2013-06-03 13:00:00,-2.990915682160688,2874.438767301999,cand_014
2013-06-05 07:13:40,0.0,2874.438767301999,cand_003
2013-06-05 07:13:40,0.0,2874.438767301999,cand_009
2013-06-05 07:13:40,0.0,2874.438767301999,cand_011
2013-06-05 07:13:40,0.0,2874.438767301999,cand_013
2013-06-05 07:13:40,0.0,2874.438767301999,cand_014
2013-06-05 13:00:00,8.92087765887085,2883.35964496087,cand_003
2013-06-05 13:00:00,8.90234446762072,2892.261989428491,cand_009
2013-06-05 13:00:00,9.127339473247021,2901.389328901738,cand_011
2013-06-05 13:00:00,9.125423202789916,2910.514752104528,cand_013
2013-06-05 13:00:00,9.213173736305139,2919.7279258408325,cand_014
2013-06-07 07:15:40,0.0,2919.7279258408325,cand_003
2013-06-07 07:15:40,0.0,2919.7279258408325,cand_007
2013-06-07 07:15:40,0.0,2919.7279258408325,cand_009
2013-06-07 07:15:40,0.0,2919.7279258408325,cand_011
2013-06-07 07:15:40,0.0,2919.7279258408325,cand_013
2013-06-07 07:15:40,0.0,2919.7279258408325,cand_014
2013-06-07 07:15:40,0.0,2919.7279258408325,cand_014
2013-06-07 07:15:40,0.0,2919.7279258408325,cand_015
2013-06-07 07:52:40,-31.849124647473275,2887.8788011933593,cand_003
2013-06-07 07:52:40,-40.971092557106275,2846.907708636253,cand_007
2013-06-07 07:52:40,-31.78295784855368,2815.1247507876997,cand_009
2013-06-07 07:52:40,-32.58623015574929,2782.53852063195,cand_011
2013-06-07 07:52:40,-32.57938872837181,2749.9591319035785,cand_013
2013-06-07 07:52:40,-32.892673786936584,2717.066458116642,cand_014
2013-06-07 07:52:40,-37.70890104853159,2679.3575570681105,cand_015
2013-06-07 08:17:40,-34.39408824471187,2644.9634688233987,cand_014
2013-07-01 07:00:00,0.5104507579966491,2645.473919581395,cand_003
2013-07-01 07:00:00,0.5093902926608961,2645.983309874056,cand_009
2013-07-01 07:00:00,0.5222644599299877,2646.505574333986,cand_011
2013-07-01 07:00:00,0.5221548113343271,2647.0277291453203,cand_013
2013-07-01 07:00:00,0.5271758785499405,2647.55490502387,cand_014
2013-07-03 07:00:00,0.5104507579966491,2648.065355781867,cand_003
2013-07-03 07:00:00,0.6566499231364257,2648.7220057050035,cand_007
2013-07-03 07:00:00,0.5093902926608961,2649.231395997664,cand_009
2013-07-03 07:00:00,0.5222644599299877,2649.7536604575944,cand_011
2013-07-03 07:00:00,0.5221548113343271,2650.2758152689285,cand_013
2013-07-03 07:00:00,0.5271758785499405,2650.8029911474787,cand_014
2013-07-03 07:00:00,0.49031404625585057,2651.2933051937343,cand_014
2013-07-03 07:00:00,0.604366284364134,2651.8976714780983,cand_015
2013-07-04 09:44:40,0.0,2651.8976714780983,cand_003
2013-07-04 09:44:40,0.0,2651.8976714780983,cand_009
2013-07-04 09:44:40,0.0,2651.8976714780983,cand_011
2013-07-04 09:44:40,0.0,2651.8976714780983,cand_013
2013-07-04 09:44:40,0.0,2651.8976714780983,cand_014
2013-07-04 13:00:00,-6.446692808345915,2645.4509786697527,cand_003
2013-07-04 13:00:00,-6.433299754958494,2639.017678914794,cand_009
2013-07-04 13:00:00,-6.5958929145275516,2632.4217860002664,cand_011
2013-07-04 13:00:00,-6.594508117263531,2625.8272778830033,cand_013
2013-07-04 13:00:00,-6.657921242627778,2619.169356640375,cand_014
2013-07-05 07:00:00,0.5104507579966491,2619.679807398372,cand_003
2013-07-05 07:00:00,0.6566499231364257,2620.3364573215085,cand_007
2013-07-05 07:00:00,0.5093902926608961,2620.845847614169,cand_009
2013-07-05 07:00:00,0.5222644599299877,2621.3681120740994,cand_011
2013-07-05 07:00:00,0.5221548113343271,2621.8902668854334,cand_013
2013-07-05 07:00:00,0.5271758785499405,2622.4174427639837,cand_014
2013-07-05 07:00:00,0.49031404625585057,2622.9077568102393,cand_014
2013-07-05 07:00:00,0.604366284364134,2623.5121230946033,cand_015
2013-07-08 07:00:00,0.5104507579966491,2624.0225738526,cand_003
2013-07-08 07:00:00,0.5093902926608961,2624.531964145261,cand_009
2013-07-08 07:00:00,0.5222644599299877,2625.054228605191,cand_011
2013-07-08 07:00:00,0.5221548113343271,2625.5763834165255,cand_013
2013-07-08 07:00:00,0.5271758785499405,2626.1035592950752,cand_014
2013-07-08 07:00:00,0.49031404625585057,2626.5938733413313,cand_014
2013-07-09 07:00:00,0.5104507579966491,2627.1043240993276,cand_003
2013-07-09 07:00:00,0.5093902926608961,2627.6137143919887,cand_009
2013-07-09 07:00:00,0.5222644599299877,2628.1359788519185,cand_011
2013-07-09 07:00:00,0.5221548113343271,2628.658133663253,cand_013
2013-07-09 07:00:00,0.5271758785499405,2629.185309541803,cand_014
2013-07-09 07:00:00,0.49031404625585057,2629.675623588059,cand_014
2013-07-10 07:54:40,0.0,2629.675623588059,cand_003
2013-07-10 07:54:40,0.0,2629.675623588059,cand_009
2013-07-10 07:54:40,0.0,2629.675623588059,cand_011
2013-07-10 07:54:40,0.0,2629.675623588059,cand_013
2013-07-10 07:54:40,0.0,2629.675623588059,cand_014
2013-07-10 07:54:40,0.0,2629.675623588059,cand_014
2013-07-10 11:13:40,51.00904398145338,2680.6846675695124,cand_003
2013-07-10 11:13:40,30.012102448988866,2710.696770018501,cand_003
2013-07-10 11:13:40,50.90307230425473,2761.5998423227556,cand_009
2013-07-10 11:13:40,29.9497520776717,2791.5495944004274,cand_009
2013-07-10 11:13:40,52.18958026641548,2843.7391746668427,cand_011
2013-07-10 11:13:40,30.706692528777726,2874.445867195621,cand_011
2013-07-10 11:13:40,52.17862314675028,2926.624490342371,cand_013
2013-07-10 11:13:40,30.700245707346273,2957.324736049717,cand_013
2013-07-10 11:13:40,52.68037544003759,3010.0051114897547,cand_014
2013-07-10 11:13:40,30.99546083107274,3041.000572320828,cand_014
2013-07-10 11:13:40,48.996794222319934,3089.9973665431476,cand_014
2013-07-10 11:13:40,28.82815855962634,3118.825525102774,cand_014
2013-07-16 07:00:00,0.5104507579966491,3119.3359758607703,cand_003
2013-07-16 07:00:00,0.5093902926608961,3119.8453661534313,cand_009
2013-07-16 07:00:00,0.5222644599299877,3120.367630613361,cand_011
2013-07-16 07:00:00,0.5221548113343271,3120.8897854246957,cand_013
2013-07-16 07:00:00,0.5271758785499405,3121.4169613032454,cand_014
2013-07-16 07:00:00,0.49031404625585057,3121.9072753495016,cand_014
2013-07-18 07:00:00,0.5104507579966491,3122.4177261074983,cand_003
2013-07-18 07:00:00,0.6566499231364257,3123.0743760306345,cand_007
2013-07-18 07:00:00,0.5093902926608961,3123.5837663232955,cand_009
2013-07-18 07:00:00,0.5222644599299877,3124.1060307832254,cand_011
2013-07-18 07:00:00,0.5221548113343271,3124.62818559456,cand_013
2013-07-18 07:00:00,0.5271758785499405,3125.1553614731097,cand_014
2013-07-18 07:00:00,0.49031404625585057,3125.645675519366,cand_014
2013-07-18 07:00:00,0.604366284364134,3126.25004180373,cand_015
2013-07-18 07:40:40,0.0,3126.25004180373,cand_003
2013-07-18 07:40:40,0.0,3126.25004180373,cand_007
2013-07-18 07:40:40,0.0,3126.25004180373,cand_009
2013-07-18 07:40:40,0.0,3126.25004180373,cand_011
2013-07-18 07:40:40,0.0,3126.25004180373,cand_013
2013-07-18 07:40:40,0.0,3126.25004180373,cand_014
2013-07-18 07:40:40,0.0,3126.25004180373,cand_014
2013-07-18 07:40:40,0.0,3126.25004180373,cand_015
2013-07-18 13:00:00,-5.338714398341424,3120.9113274053884,cand_003
2013-07-18 13:00:00,-6.867785666685676,3114.0435417387025,cand_007
2013-07-18 13:00:00,-5.327623178535726,3108.7159185601668,cand_009
2013-07-18 13:00:00,-5.462271822091284,3103.2536467380755,cand_011
2013-07-18 13:00:00,-5.461125026779022,3097.7925217112966,cand_013
2013-07-18 13:00:00,-5.513639482716438,3092.27888222858,cand_014
2013-07-18 13:00:00,-5.128108083781779,3087.1507741447986,cand_014
2013-07-18 13:00:00,-6.320960315290767,3080.8298138295077,cand_015
2013-07-24 07:00:00,0.5104507579966491,3081.3402645875044,cand_003
2013-07-24 07:00:00,0.6566499231364257,3081.9969145106406,cand_007
2013-07-24 07:00:00,0.5093902926608961,3082.5063048033016,cand_009
2013-07-24 07:00:00,0.5222644599299877,3083.0285692632315,cand_011
2013-07-24 07:00:00,0.5221548113343271,3083.550724074566,cand_013
2013-07-24 07:00:00,0.5271758785499405,3084.077899953116,cand_014
2013-07-24 07:00:00,0.49031404625585057,3084.568213999372,cand_014
2013-07-24 07:00:00,0.604366284364134,3085.172580283736,cand_015
2013-07-24 09:20:40,0.0,3085.172580283736,cand_003
2013-07-24 09:20:40,0.0,3085.172580283736,cand_007
2013-07-24 09:20:40,0.0,3085.172580283736,cand_009
2013-07-24 09:20:40,0.0,3085.172580283736,cand_011
2013-07-24 09:20:40,0.0,3085.172580283736,cand_013
2013-07-24 09:20:40,0.0,3085.172580283736,cand_014
2013-07-24 09:20:40,0.0,3085.172580283736,cand_014
2013-07-24 09:20:40,0.0,3085.172580283736,cand_015
2013-07-24 13:00:00,10.377163644920115,3095.549743928656,cand_003
2013-07-24 13:00:00,13.349306672702866,3108.899050601359,cand_007
2013-07-24 13:00:00,10.355605008447395,3119.254655609806,cand_009
2013-07-24 13:00:00,10.617329255988459,3129.8719848657947,cand_011
2013-07-24 13:00:00,10.61510016453785,3140.4870850303323,cand_013
2013-07-24 13:00:00,10.717175507462322,3151.2042605377947,cand_014
2013-07-24 13:00:00,9.967796140354233,3161.172056678149,cand_014
2013-07-24 13:00:00,12.286411051543809,3173.458467729693,cand_015
2013-07-25 07:00:00,0.5104507579966491,3173.9689184876897,cand_003
2013-07-25 07:00:00,0.5093902926608961,3174.4783087803503,cand_009
2013-07-25 07:00:00,0.5222644599299877,3175.0005732402806,cand_011
2013-07-25 07:00:00,0.5221548113343271,3175.5227280516146,cand_013
2013-07-25 07:00:00,0.5271758785499405,3176.049903930165,cand_014
2013-07-30 07:00:00,0.5104507579966491,3176.560354688161,cand_003
2013-07-30 07:00:00,0.5093902926608961,3177.069744980822,cand_009
2013-07-30 07:00:00,0.5222644599299877,3177.592009440752,cand_011
2013-07-30 07:00:00,0.5221548113343271,3178.1141642520865,cand_013
2013-07-30 07:00:00,0.5271758785499405,3178.6413401306363,cand_014
2013-07-30 07:00:00,0.49031404625585057,3179.1316541768924,cand_014
2013-08-01 07:00:00,0.5104507579966491,3179.642104934889,cand_003
2013-08-01 07:00:00,0.6566499231364257,3180.2987548580254,cand_007
2013-08-01 07:00:00,0.5093902926608961,3180.8081451506864,cand_009
2013-08-01 07:00:00,0.5222644599299877,3181.3304096106162,cand_011
2013-08-01 07:00:00,0.5221548113343271,3181.852564421951,cand_013
2013-08-01 07:00:00,0.5271758785499405,3182.3797403005005,cand_014
2013-08-01 07:00:00,0.49031404625585057,3182.8700543467567,cand_014
2013-08-01 07:00:00,0.604366284364134,3183.4744206311207,cand_015
2013-08-01 09:02:40,0.0,3183.4744206311207,cand_003
2013-08-01 09:02:40,0.0,3183.4744206311207,cand_007
2013-08-01 09:02:40,0.0,3183.4744206311207,cand_009
2013-08-01 09:02:40,0.0,3183.4744206311207,cand_011
2013-08-01 09:02:40,0.0,3183.4744206311207,cand_013
2013-08-01 09:02:40,0.0,3183.4744206311207,cand_014
2013-08-01 09:02:40,0.0,3183.4744206311207,cand_014
2013-08-01 09:02:40,0.0,3183.4744206311207,cand_015
2013-08-01 13:00:00,13.505926526287809,3196.9803471574082,cand_003
2013-08-01 13:00:00,17.374184436868486,3214.354531594277,cand_007
2013-08-01 13:00:00,13.477867861110063,3227.832399455387,cand_009
2013-08-01 13:00:00,13.818503180971087,3241.6509026363583,cand_011
2013-08-01 13:00:00,13.815602008128254,3255.466504644486,cand_013
2013-08-01 13:00:00,13.948453539515485,3269.414958184002,cand_014
2013-08-01 13:00:00,12.973132823875387,3282.3880910078774,cand_014
2013-08-01 13:00:00,15.990820865116909,3298.378911872994,cand_015
2013-08-02 07:00:00,0.5104507579966491,3298.889362630991,cand_003
2013-08-02 07:00:00,0.5093902926608961,3299.398752923652,cand_009
2013-08-02 07:00:00,0.5222644599299877,3299.921017383582,cand_011
2013-08-02 07:00:00,0.5221548113343271,3300.443172194916,cand_013
2013-08-02 07:00:00,0.5271758785499405,3300.970348073466,cand_014
2013-08-02 07:00:00,0.49031404625585057,3301.4606621197217,cand_014
2013-08-05 08:54:40,0.0,3301.4606621197217,cand_003
2013-08-05 08:54:40,0.0,3301.4606621197217,cand_007
2013-08-05 08:54:40,0.0,3301.4606621197217,cand_009
2013-08-05 08:54:40,0.0,3301.4606621197217,cand_011
2013-08-05 08:54:40,0.0,3301.4606621197217,cand_013
2013-08-05 08:54:40,0.0,3301.4606621197217,cand_014
2013-08-05 08:54:40,0.0,3301.4606621197217,cand_014
2013-08-05 08:54:40,0.0,3301.4606621197217,cand_015
2013-08-05 13:00:00,11.719348873299538,3313.1800109930214,cand_003
2013-08-05 13:00:00,15.075909705890997,3328.2559206989126,cand_007
2013-08-05 13:00:00,11.695001836796928,3339.950922535709,cand_009
2013-08-05 13:00:00,11.990577571216132,3351.9415001069256,cand_011
2013-08-05 13:00:00,11.98806016845811,3363.9295602753837,cand_013
2013-08-05 13:00:00,12.103337964590695,3376.032898239974,cand_014
2013-08-05 13:00:00,11.25703366197991,3387.2899319019543,cand_014
2013-08-05 13:00:00,13.875538869842442,3401.1654707717967,cand_015
2013-08-07 09:55:40,0.0,3401.1654707717967,cand_003
2013-08-07 09:55:40,0.0,3401.1654707717967,cand_009
2013-08-07 09:55:40,0.0,3401.1654707717967,cand_011
2013-08-07 09:55:40,0.0,3401.1654707717967,cand_013
2013-08-07 09:55:40,0.0,3401.1654707717967,cand_014
2013-08-07 13:00:00,-5.506862883328556,3395.658607888468,cand_003
2013-08-07 13:00:00,-5.495422333765197,3390.163185554703,cand_009
2013-08-07 13:00:00,-5.634311879479986,3384.5288736752227,cand_011
2013-08-07 13:00:00,-5.633128964630329,3378.895744710592,cand_013
2013-08-07 13:00:00,-5.687297419179947,3373.2084472914125,cand_014
2013-08-08 08:42:40,0.0,3373.2084472914125,cand_003
2013-08-08 08:42:40,0.0,3373.2084472914125,cand_009
2013-08-08 08:42:40,0.0,3373.2084472914125,cand_011
2013-08-08 08:42:40,0.0,3373.2084472914125,cand_013
2013-08-08 08:42:40,0.0,3373.2084472914125,cand_014
2013-08-08 13:00:00,-4.5550223522406865,3368.6534249391716,cand_003
2013-08-08 13:00:00,-4.5455592586269375,3364.107865680545,cand_009
2013-08-08 13:00:00,-4.660442268904656,3359.44742341164,cand_011
2013-08-08 13:00:00,-4.659463816436319,3354.787959595204,cand_013
2013-08-08 13:00:00,-4.704269457413293,3350.0836901377907,cand_014
2013-08-12 07:00:00,0.5104507579966491,3350.5941408957874,cand_003
2013-08-12 07:00:00,0.5093902926608961,3351.103531188448,cand_009
2013-08-12 07:00:00,0.5222644599299877,3351.6257956483782,cand_011
2013-08-12 07:00:00,0.5221548113343271,3352.1479504597123,cand_013
2013-08-12 07:00:00,0.5271758785499405,3352.6751263382625,cand_014
2013-08-12 07:00:00,0.49031404625585057,3353.165440384518,cand_014
2013-08-13 07:00:00,0.5104507579966491,3353.675891142515,cand_003
2013-08-13 07:00:00,0.5093902926608961,3354.185281435176,cand_009
2013-08-13 07:00:00,0.5222644599299877,3354.707545895106,cand_011
2013-08-13 07:00:00,0.5221548113343271,3355.22970070644,cand_013
2013-08-13 07:00:00,0.5271758785499405,3355.75687658499,cand_014
2013-08-13 07:00:00,0.49031404625585057,3356.2471906312458,cand_014
2013-08-13 07:00:00,0.604366284364134,3356.85155691561,cand_015
2013-08-13 08:21:40,0.0,3356.85155691561,cand_003
2013-08-13 08:21:40,0.0,3356.85155691561,cand_009
2013-08-13 08:21:40,0.0,3356.85155691561,cand_011
2013-08-13 08:21:40,0.0,3356.85155691561,cand_013
2013-08-13 08:21:40,0.0,3356.85155691561,cand_014
2013-08-13 08:21:40,0.0,3356.85155691561,cand_014
2013-08-13 08:21:40,0.0,3356.85155691561,cand_015
2013-08-13 13:00:00,21.832279184668444,3378.6838361002783,cand_003
2013-08-13 13:00:00,21.78692245845515,3400.470758558734,cand_009
2013-08-13 13:00:00,22.33755816559377,3422.8083167243276,cand_011
2013-08-13 13:00:00,22.332868430658188,3445.1411851549856,cand_013
2013-08-13 13:00:00,22.547622429038928,3467.6888075840247,cand_014
2013-08-13 13:00:00,20.971020178389935,3488.6598277624144,cand_014
2013-08-13 13:00:00,25.849101491833046,3514.5089292542475,cand_015
2013-08-14 07:00:00,0.5104507579966491,3515.0193800122443,cand_003
2013-08-14 07:00:00,0.6566499231364257,3515.676029935381,cand_007
2013-08-14 07:00:00,0.5093902926608961,3516.1854202280415,cand_009
2013-08-14 07:00:00,0.5222644599299877,3516.707684687972,cand_011
2013-08-14 07:00:00,0.5221548113343271,3517.229839499306,cand_013
2013-08-14 07:00:00,0.5271758785499405,3517.757015377856,cand_014
2013-08-14 07:00:00,0.49031404625585057,3518.2473294241117,cand_014
2013-08-14 07:00:00,0.604366284364134,3518.8516957084757,cand_015
2013-08-14 08:42:40,0.0,3518.8516957084757,cand_003
2013-08-14 08:42:40,0.0,3518.8516957084757,cand_007
2013-08-14 08:42:40,0.0,3518.8516957084757,cand_009
2013-08-14 08:42:40,0.0,3518.8516957084757,cand_011
2013-08-14 08:42:40,0.0,3518.8516957084757,cand_013
2013-08-14 08:42:40,0.0,3518.8516957084757,cand_014
2013-08-14 08:42:40,0.0,3518.8516957084757,cand_014
2013-08-14 08:42:40,0.0,3518.8516957084757,cand_015
2013-08-14 13:00:00,-13.082552662302355,3505.7691430461737,cand_003
2013-08-14 13:00:00,-16.82955126532592,3488.939591780848,cand_007
2013-08-14 13:00:00,-13.055373559550144,3475.8842182212975,cand_009
2013-08-14 13:00:00,-13.385330893617393,3462.49888732768,cand_011
2013-08-14 13:00:00,-13.382520664609784,3449.1163666630705,cand_013
2013-08-14 13:00:00,-13.511207663777006,3435.6051589992935,cand_014
2013-08-14 13:00:00,-12.56646058551024,3423.038698413783,cand_014
2013-08-14 13:00:00,-15.489552358673718,3407.5491460551093,cand_015
2013-08-20 08:13:40,0.0,3407.5491460551093,cand_003
2013-08-20 08:13:40,0.0,3407.5491460551093,cand_009
2013-08-20 08:13:40,0.0,3407.5491460551093,cand_011
2013-08-20 08:13:40,0.0,3407.5491460551093,cand_013
2013-08-20 08:13:40,0.0,3407.5491460551093,cand_014
2013-08-20 08:13:40,0.0,3407.5491460551093,cand_014
2013-08-20 13:00:00,-4.254757200477952,3403.2943888546315,cand_003
2013-08-20 13:00:00,-4.245917910002881,3399.0484709446287,cand_009
2013-08-20 13:00:00,-4.353227880710545,3394.6952430639185,cand_011
2013-08-20 13:00:00,-4.352313927416127,3390.342929136502,cand_013
2013-08-20 13:00:00,-4.39416599944274,3385.9487631370594,cand_014
2013-08-20 13:00:00,-4.0869117855561194,3381.861851351503,cand_014
2013-08-22 07:00:00,0.5104507579966491,3382.3723021094997,cand_003
2013-08-22 07:00:00,0.6566499231364257,3383.0289520326364,cand_007
2013-08-22 07:00:00,0.5093902926608961,3383.538342325297,cand_009
2013-08-22 07:00:00,0.5222644599299877,3384.0606067852273,cand_011
2013-08-22 07:00:00,0.5221548113343271,3384.5827615965613,cand_013
2013-08-22 07:00:00,0.5271758785499405,3385.1099374751116,cand_014
2013-08-22 07:00:00,0.49031404625585057,3385.600251521367,cand_014
2013-08-22 07:00:00,0.604366284364134,3386.2046178057317,cand_015
2013-08-23 07:00:00,0.5104507579966491,3386.715068563728,cand_003
2013-08-23 07:00:00,0.5093902926608961,3387.224458856389,cand_009
2013-08-23 07:00:00,0.5222644599299877,3387.746723316319,cand_011
2013-08-23 07:00:00,0.5221548113343271,3388.2688781276534,cand_013
2013-08-23 07:00:00,0.5271758785499405,3388.796054006203,cand_014
2013-08-23 07:00:00,0.49031404625585057,3389.2863680524592,cand_014
2013-08-23 07:00:00,0.604366284364134,3389.8907343368232,cand_015
2013-08-26 07:00:00,0.5104507579966491,3390.40118509482,cand_003
2013-08-26 07:00:00,0.5093902926608961,3390.910575387481,cand_009
2013-08-26 07:00:00,0.5222644599299877,3391.432839847411,cand_011
2013-08-26 07:00:00,0.5221548113343271,3391.954994658745,cand_013
2013-08-26 07:00:00,0.5271758785499405,3392.482170537295,cand_014
2013-08-30 07:00:00,0.5104507579966491,3392.9926212952914,cand_003
2013-08-30 07:00:00,0.5093902926608961,3393.5020115879524,cand_009
2013-08-30 07:00:00,0.5222644599299877,3394.0242760478823,cand_011
2013-08-30 07:00:00,0.5221548113343271,3394.546430859217,cand_013
2013-08-30 07:00:00,0.5271758785499405,3395.0736067377666,cand_014
2013-08-30 07:00:00,0.49031404625585057,3395.5639207840227,cand_014
2013-08-30 07:00:00,0.604366284364134,3396.1682870683867,cand_015
2013-09-02 07:00:00,0.5104507579966491,3396.6787378263834,cand_003
2013-09-02 07:00:00,0.6566499231364257,3397.33538774952,cand_007
2013-09-02 07:00:00,0.5093902926608961,3397.8447780421807,cand_009
2013-09-02 07:00:00,0.5222644599299877,3398.367042502111,cand_011
2013-09-02 07:00:00,0.5221548113343271,3398.889197313445,cand_013
2013-09-02 07:00:00,0.5271758785499405,3399.4163731919953,cand_014
2013-09-02 07:00:00,0.49031404625585057,3399.906687238251,cand_014
2013-09-02 07:00:00,0.604366284364134,3400.511053522615,cand_015
2013-09-02 09:42:20,0.0,3400.511053522615,cand_003
2013-09-02 09:42:20,0.0,3400.511053522615,cand_007
2013-09-02 09:42:20,0.0,3400.511053522615,cand_009
2013-09-02 09:42:20,0.0,3400.511053522615,cand_011
2013-09-02 09:42:20,0.0,3400.511053522615,cand_013
2013-09-02 09:42:20,0.0,3400.511053522615,cand_014
2013-09-02 09:42:20,0.0,3400.511053522615,cand_014
2013-09-02 09:42:20,0.0,3400.511053522615,cand_015
2013-09-02 13:00:00,29.996488661097207,3430.5075421837123,cand_003
2013-09-02 13:00:00,38.58783960078172,3469.095381784494,cand_007
2013-09-02 13:00:00,29.93417072754325,3499.0295525120373,cand_009
2013-09-02 13:00:00,30.690717380591636,3529.720269892629,cand_011
2013-09-02 13:00:00,30.684273913117224,3560.4045438057465,cand_013
2013-09-02 13:00:00,30.979335451258272,3591.3838792570045,cand_014
2013-09-02 13:00:00,28.813160718211456,3620.1970399752163,cand_014
2013-09-02 13:00:00,35.51540694586882,3655.712446921085,cand_015
2013-09-03 07:00:00,0.5104507579966491,3656.2228976790816,cand_003
2013-09-03 07:00:00,0.6566499231364257,3656.879547602218,cand_007
2013-09-03 07:00:00,0.5093902926608961,3657.388937894879,cand_009
2013-09-03 07:00:00,0.5222644599299877,3657.9112023548087,cand_011
2013-09-03 07:00:00,0.5221548113343271,3658.433357166143,cand_013
2013-09-03 07:00:00,0.5271758785499405,3658.960533044693,cand_014
2013-09-03 07:00:00,0.49031404625585057,3659.450847090949,cand_014
2013-09-03 07:00:00,0.604366284364134,3660.0552133753135,cand_015
2013-09-04 07:00:00,0.5104507579966491,3660.56566413331,cand_003
2013-09-04 07:00:00,0.5093902926608961,3661.075054425971,cand_009
2013-09-04 07:00:00,0.5222644599299877,3661.5973188859007,cand_011
2013-09-04 07:00:00,0.5221548113343271,3662.119473697235,cand_013
2013-09-04 07:00:00,0.5271758785499405,3662.646649575785,cand_014
2013-09-04 07:00:00,0.49031404625585057,3663.136963622041,cand_014
2013-09-04 09:03:40,0.0,3663.136963622041,cand_003
2013-09-04 09:03:40,0.0,3663.136963622041,cand_009
2013-09-04 09:03:40,0.0,3663.136963622041,cand_011
2013-09-04 09:03:40,0.0,3663.136963622041,cand_013
2013-09-04 09:03:40,0.0,3663.136963622041,cand_014
2013-09-04 09:03:40,0.0,3663.136963622041,cand_014
2013-09-04 13:00:00,-16.289384483128362,3646.847579138913,cand_003
2013-09-04 13:00:00,-16.25554316285507,3630.5920359760576,cand_009
2013-09-04 13:00:00,-16.66638055953049,3613.925655416527,cand_011
2013-09-04 13:00:00,-16.662881479345437,3597.262773937182,cand_013
2013-09-04 13:00:00,-16.823112594902515,3580.439661342279,cand_014
2013-09-04 13:00:00,-15.64678647610582,3564.7928748661734,cand_014
2013-09-06 07:00:00,0.5104507579966491,3565.30332562417,cand_003
2013-09-06 07:00:00,0.6566499231364257,3565.9599755473064,cand_007
2013-09-06 07:00:00,0.5093902926608961,3566.4693658399674,cand_009
2013-09-06 07:00:00,0.5222644599299877,3566.991630299897,cand_011
2013-09-06 07:00:00,0.5221548113343271,3567.5137851112318,cand_013
2013-09-06 07:00:00,0.5271758785499405,3568.0409609897815,cand_014
2013-09-06 07:00:00,0.49031404625585057,3568.5312750360376,cand_014
2013-09-06 07:00:00,0.604366284364134,3569.135641320402,cand_015
2013-09-09 07:00:00,0.5104507579966491,3569.6460920783984,cand_003
2013-09-09 07:00:00,0.5093902926608961,3570.1554823710594,cand_009
2013-09-09 07:00:00,0.5222644599299877,3570.6777468309892,cand_011
2013-09-09 07:00:00,0.5221548113343271,3571.1999016423238,cand_013
2013-09-09 07:00:00,0.5271758785499405,3571.7270775208735,cand_014
2013-09-11 07:00:00,0.5104507579966491,3572.2375282788707,cand_003
2013-09-11 07:00:00,0.6566499231364257,3572.894178202007,cand_007
2013-09-11 07:00:00,0.5093902926608961,3573.4035684946675,cand_009
2013-09-11 07:00:00,0.5222644599299877,3573.925832954598,cand_011
2013-09-11 07:00:00,0.5221548113343271,3574.4479877659323,cand_013
2013-09-11 07:00:00,0.5271758785499405,3574.975163644482,cand_014
2013-09-11 07:00:00,0.49031404625585057,3575.465477690738,cand_014
2013-09-11 07:00:00,0.604366284364134,3576.0698439751022,cand_015
2013-09-12 09:12:40,0.0,3576.0698439751022,cand_003
2013-09-12 09:12:40,0.0,3576.0698439751022,cand_007
2013-09-12 09:12:40,0.0,3576.0698439751022,cand_009
2013-09-12 09:12:40,0.0,3576.0698439751022,cand_011
2013-09-12 09:12:40,0.0,3576.0698439751022,cand_013
2013-09-12 09:12:40,0.0,3576.0698439751022,cand_014
2013-09-12 09:12:40,0.0,3576.0698439751022,cand_014
2013-09-12 09:12:40,0.0,3576.0698439751022,cand_015
2013-09-12 13:00:00,-7.251403415070044,3568.8184405600323,cand_003
2013-09-12 13:00:00,-9.32829155514393,3559.4901490048883,cand_007
2013-09-12 13:00:00,-7.236338569270965,3552.253810435617,cand_009
2013-09-12 13:00:00,-7.419227474887767,3544.8345829607297,cand_011
2013-09-12 13:00:00,-7.417669819837647,3537.416913140892,cand_013
2013-09-12 13:00:00,-7.488998509988861,3529.927914630903,cand_014
2013-09-12 13:00:00,-6.965343657105171,3522.962570973798,cand_014
2013-09-12 13:00:00,-8.58555633376108,3514.3770146400366,cand_015
2013-09-17 07:00:00,0.5104507579966491,3514.8874653980333,cand_003
2013-09-17 07:00:00,0.5093902926608961,3515.3968556906943,cand_009
2013-09-17 07:00:00,0.5222644599299877,3515.919120150624,cand_011
2013-09-17 07:00:00,0.5221548113343271,3516.4412749619587,cand_013
2013-09-17 07:00:00,0.5271758785499405,3516.9684508405085,cand_014
2013-09-20 07:00:00,0.5104507579966491,3517.478901598505,cand_003
2013-09-20 07:00:00,0.6566499231364257,3518.135551521642,cand_007
2013-09-20 07:00:00,0.5093902926608961,3518.6449418143025,cand_009
2013-09-20 07:00:00,0.5222644599299877,3519.1672062742327,cand_011
2013-09-20 07:00:00,0.5221548113343271,3519.689361085567,cand_013
2013-09-20 07:00:00,0.5271758785499405,3520.216536964117,cand_014
2013-09-20 07:00:00,0.49031404625585057,3520.7068510103727,cand_014
2013-09-20 07:00:00,0.604366284364134,3521.3112172947367,cand_015
2013-09-23 09:12:40,0.0,3521.3112172947367,cand_003
2013-09-23 09:12:40,0.0,3521.3112172947367,cand_007
2013-09-23 09:12:40,0.0,3521.3112172947367,cand_009
2013-09-23 09:12:40,0.0,3521.3112172947367,cand_011
2013-09-23 09:12:40,0.0,3521.3112172947367,cand_013
2013-09-23 09:12:40,0.0,3521.3112172947367,cand_014
2013-09-23 09:12:40,0.0,3521.3112172947367,cand_014
2013-09-23 09:12:40,0.0,3521.3112172947367,cand_015
2013-09-23 13:00:00,-1.639447728624532,3519.6717695661123,cand_003
2013-09-23 13:00:00,-2.1090050472499318,3517.5627645188624,cand_007
2013-09-23 13:00:00,-1.6360417634873488,3515.926722755375,cand_009
2013-09-23 13:00:00,-1.677390559539843,3514.249332195835,cand_011
2013-09-23 13:00:00,-1.6770383940502505,3512.572293801785,cand_013
2013-09-23 13:00:00,-1.693164880519221,3510.879128921266,cand_014
2013-09-23 13:00:00,-1.5747733485629083,3509.3043555727027,cand_014
2013-09-23 13:00:00,-1.9410823015459835,3507.3632732711567,cand_015
2013-09-26 07:00:00,0.5104507579966491,3507.8737240291534,cand_003
2013-09-26 07:00:00,0.6566499231364257,3508.5303739522897,cand_007
2013-09-26 07:00:00,0.5093902926608961,3509.0397642449507,cand_009
2013-09-26 07:00:00,0.5222644599299877,3509.5620287048805,cand_011
2013-09-26 07:00:00,0.5221548113343271,3510.084183516215,cand_013
2013-09-26 07:00:00,0.5271758785499405,3510.611359394765,cand_014
2013-09-26 07:00:00,0.49031404625585057,3511.101673441021,cand_014
2013-09-26 07:00:00,0.604366284364134,3511.706039725385,cand_015
2013-09-27 09:01:40,0.0,3511.706039725385,cand_003
2013-09-27 09:01:40,0.0,3511.706039725385,cand_009
2013-09-27 09:01:40,0.0,3511.706039725385,cand_011
2013-09-27 09:01:40,0.0,3511.706039725385,cand_013
2013-09-27 09:01:40,0.0,3511.706039725385,cand_014
2013-09-27 09:01:40,0.0,3511.706039725385,cand_014
2013-09-27 13:00:00,-4.140656442808112,3507.565383282577,cand_003
2013-09-27 13:00:00,-4.13205419752574,3503.4333290850514,cand_009
2013-09-27 13:00:00,-4.236486413196783,3499.1968426718545,cand_011
2013-09-27 13:00:00,-4.235596969588453,3494.961245702266,cand_013
2013-09-27 13:00:00,-4.276326685413929,3490.6849190168523,cand_014
2013-09-27 13:00:00,-3.977312175216576,3486.7076068416354,cand_014
2013-10-01 07:45:40,0.0,3486.7076068416354,cand_003
2013-10-01 07:45:40,0.0,3486.7076068416354,cand_009
2013-10-01 07:45:40,0.0,3486.7076068416354,cand_011
2013-10-01 07:45:40,0.0,3486.7076068416354,cand_013
2013-10-01 07:45:40,0.0,3486.7076068416354,cand_014
2013-10-01 07:45:40,0.0,3486.7076068416354,cand_014
2013-10-01 13:00:00,10.677428796682848,3497.3850356383186,cand_003
2013-10-01 13:00:00,10.655246357071452,3508.0402819953897,cand_009
2013-10-01 13:00:00,10.924543644182569,3518.9648256395726,cand_011
2013-10-01 13:00:00,10.922250053558043,3529.8870756931306,cand_013
2013-10-01 13:00:00,11.027278965432876,3540.9143546585638,cand_014
2013-10-01 13:00:00,10.256216167563558,3551.170570826127,cand_014
2013-10-02 09:54:40,0.0,3551.170570826127,cand_003
2013-10-02 09:54:40,0.0,3551.170570826127,cand_009
2013-10-02 09:54:40,0.0,3551.170570826127,cand_011
2013-10-02 09:54:40,0.0,3551.170570826127,cand_013
2013-10-02 09:54:40,0.0,3551.170570826127,cand_014
2013-10-02 09:54:40,0.0,3551.170570826127,cand_014
2013-10-02 09:54:40,0.0,3551.170570826127,cand_015
2013-10-02 13:00:00,3.879425760774533,3555.049996586901,cand_003
2013-10-02 13:00:00,3.8713662242228106,3558.9213628111243,cand_009
2013-10-02 13:00:00,3.969209895467907,3562.890572706592,cand_011
2013-10-02 13:00:00,3.968376566140886,3566.8589492727333,cand_013
2013-10-02 13:00:00,4.0065366769795485,3570.865485949713,cand_014
2013-10-02 13:00:00,3.726386751544464,3574.5918727012568,cand_014
2013-10-02 13:00:00,4.593183761167419,3579.1850564624247,cand_015
2013-10-09 07:00:00,0.5104507579966491,3579.695507220421,cand_003
2013-10-09 07:00:00,0.6566499231364257,3580.3521571435576,cand_007
2013-10-09 07:00:00,0.5093902926608961,3580.8615474362186,cand_009
2013-10-09 07:00:00,0.5222644599299877,3581.3838118961485,cand_011
2013-10-09 07:00:00,0.5221548113343271,3581.9059667074825,cand_013
2013-10-09 07:00:00,0.5271758785499405,3582.433142586033,cand_014
2013-10-09 07:00:00,0.49031404625585057,3582.9234566322884,cand_014
2013-10-09 07:00:00,0.604366284364134,3583.527822916653,cand_015
2013-10-10 07:00:00,0.5104507579966491,3584.0382736746496,cand_003
2013-10-10 07:00:00,0.6566499231364257,3584.6949235977863,cand_007
2013-10-10 07:00:00,0.5093902926608961,3585.204313890447,cand_009
2013-10-10 07:00:00,0.5222644599299877,3585.726578350377,cand_011
2013-10-10 07:00:00,0.5221548113343271,3586.2487331617112,cand_013
2013-10-10 07:00:00,0.5271758785499405,3586.7759090402615,cand_014
2013-10-10 07:00:00,0.49031404625585057,3587.266223086517,cand_014
2013-10-10 07:00:00,0.604366284364134,3587.870589370881,cand_015
2013-10-11 07:00:00,0.5104507579966491,3588.3810401288783,cand_003
2013-10-11 07:00:00,0.6566499231364257,3589.0376900520146,cand_007
2013-10-11 07:00:00,0.5093902926608961,3589.547080344675,cand_009
2013-10-11 07:00:00,0.5222644599299877,3590.0693448046054,cand_011
2013-10-11 07:00:00,0.5221548113343271,3590.59149961594,cand_013
2013-10-11 07:00:00,0.5271758785499405,3591.1186754944897,cand_014
2013-10-11 07:00:00,0.49031404625585057,3591.608989540746,cand_014
2013-10-11 07:00:00,0.604366284364134,3592.21335582511,cand_015
2013-10-15 07:00:00,0.5104507579966491,3592.7238065831066,cand_003
2013-10-15 07:00:00,0.6566499231364257,3593.380456506243,cand_007
2013-10-15 07:00:00,0.5093902926608961,3593.889846798904,cand_009
2013-10-15 07:00:00,0.5222644599299877,3594.4121112588336,cand_011
2013-10-15 07:00:00,0.5221548113343271,3594.934266070168,cand_013
2013-10-15 07:00:00,0.5271758785499405,3595.461441948718,cand_014
2013-10-15 07:00:00,0.49031404625585057,3595.951755994974,cand_014
2013-10-15 07:00:00,0.604366284364134,3596.5561222793385,cand_015
2013-10-16 07:00:00,0.5104507579966491,3597.066573037335,cand_003
2013-10-16 07:00:00,0.5093902926608961,3597.575963329996,cand_009
2013-10-16 07:00:00,0.5222644599299877,3598.0982277899257,cand_011
2013-10-16 07:00:00,0.5221548113343271,3598.62038260126,cand_013
2013-10-16 07:00:00,0.5271758785499405,3599.14755847981,cand_014
2013-10-17 07:00:00,0.5104507579966491,3599.658009237807,cand_003
2013-10-17 07:00:00,0.6566499231364257,3600.3146591609434,cand_007
2013-10-17 07:00:00,0.5093902926608961,3600.824049453604,cand_009
2013-10-17 07:00:00,0.5222644599299877,3601.3463139135342,cand_011
2013-10-17 07:00:00,0.5221548113343271,3601.8684687248688,cand_013
2013-10-17 07:00:00,0.5271758785499405,3602.3956446034185,cand_014
2013-10-17 07:00:00,0.49031404625585057,3602.8859586496746,cand_014
2013-10-17 07:00:00,0.604366284364134,3603.4903249340387,cand_015
2013-10-23 07:06:40,0.0,3603.4903249340387,cand_003
2013-10-23 07:06:40,0.0,3603.4903249340387,cand_007
2013-10-23 07:06:40,0.0,3603.4903249340387,cand_009
2013-10-23 07:06:40,0.0,3603.4903249340387,cand_011
2013-10-23 07:06:40,0.0,3603.4903249340387,cand_013
2013-10-23 07:06:40,0.0,3603.4903249340387,cand_014
2013-10-23 07:06:40,0.0,3603.4903249340387,cand_014
2013-10-23 07:06:40,0.0,3603.4903249340387,cand_015
2013-10-23 13:00:00,5.245632201294976,3608.7359571353336,cand_003
2013-10-23 13:00:00,6.748043621878445,3615.484000757212,cand_007
2013-10-23 13:00:00,5.234734360462268,3620.7187351176744,cand_009
2013-10-23 13:00:00,5.3670353617511095,3626.0857704794253,cand_011
2013-10-23 13:00:00,5.365908561182761,3631.451679040608,cand_013
2013-10-23 13:00:00,5.417507410745565,3636.869186451354,cand_014
2013-10-23 13:00:00,5.038697875346887,3641.9078843267007,cand_014
2013-10-23 13:00:00,6.210752345789071,3648.1186366724896,cand_015
2013-10-28 07:00:00,0.5104507579966491,3648.629087430487,cand_003
2013-10-28 07:00:00,0.5093902926608961,3649.1384777231474,cand_009
2013-10-28 07:00:00,0.5222644599299877,3649.6607421830777,cand_011
2013-10-28 07:00:00,0.5221548113343271,3650.1828969944117,cand_013
2013-10-28 07:00:00,0.5271758785499405,3650.710072872962,cand_014
2013-10-28 07:00:00,0.49031404625585057,3651.2003869192176,cand_014
2013-11-06 07:00:00,0.5104507579966491,3651.7108376772144,cand_003
2013-11-06 07:00:00,0.5093902926608961,3652.220227969875,cand_009
2013-11-06 07:00:00,0.5222644599299877,3652.742492429805,cand_011
2013-11-06 07:00:00,0.5221548113343271,3653.2646472411398,cand_013
2013-11-06 07:00:00,0.5271758785499405,3653.7918231196895,cand_014
2013-11-06 07:00:00,0.49031404625585057,3654.2821371659456,cand_014
2013-11-11 07:00:00,0.5104507579966491,3654.792587923942,cand_003
2013-11-11 07:00:00,0.5093902926608961,3655.301978216603,cand_009
2013-11-11 07:00:00,0.5222644599299877,3655.824242676533,cand_011
2013-11-12 07:00:00,0.5104507579966491,3656.33469343453,cand_003
2013-11-12 07:00:00,0.6566499231364257,3656.991343357666,cand_007
2013-11-12 07:00:00,0.5093902926608961,3657.5007336503268,cand_009
2013-11-12 07:00:00,0.5222644599299877,3658.022998110257,cand_011
2013-11-12 07:00:00,0.5221548113343271,3658.5451529215916,cand_013
2013-11-12 07:00:00,0.5271758785499405,3659.0723288001413,cand_014
2013-11-12 07:00:00,0.49031404625585057,3659.5626428463975,cand_014
2013-11-12 07:00:00,0.604366284364134,3660.1670091307615,cand_015
2013-11-12 09:18:00,0.0,3660.1670091307615,cand_003
2013-11-12 09:18:00,0.0,3660.1670091307615,cand_007
2013-11-12 09:18:00,0.0,3660.1670091307615,cand_009
2013-11-12 09:18:00,0.0,3660.1670091307615,cand_011
2013-11-12 09:18:00,0.0,3660.1670091307615,cand_013
2013-11-12 09:18:00,0.0,3660.1670091307615,cand_014
2013-11-12 09:18:00,0.0,3660.1670091307615,cand_014
2013-11-12 09:18:00,0.0,3660.1670091307615,cand_015
2013-11-12 13:00:00,1.504328410331301,3661.6713375410927,cand_003
2013-11-12 13:00:00,1.9351859499491133,3663.606523491042,cand_007
2013-11-12 13:00:00,1.5012031566065234,3665.1077266476486,cand_009
2013-11-12 13:00:00,1.5391440848524933,3666.646870732501,cand_011
2013-11-12 13:00:00,1.538820943991164,3668.185691676492,cand_013
2013-11-12 13:00:00,1.553618324432472,3669.7393100009244,cand_014
2013-11-12 13:00:00,1.4449843363187125,3671.184294337243,cand_014
2013-11-12 13:00:00,1.7811029909790066,3672.965397328222,cand_015
2013-11-14 07:00:00,0.5104507579966491,3673.475848086219,cand_003
2013-11-14 07:00:00,0.6566499231364257,3674.132498009355,cand_007
2013-11-14 07:00:00,0.5093902926608961,3674.641888302016,cand_009
2013-11-14 07:00:00,0.5222644599299877,3675.164152761946,cand_011
2013-11-14 07:00:00,0.5221548113343271,3675.6863075732804,cand_013
2013-11-14 07:00:00,0.5271758785499405,3676.21348345183,cand_014
2013-11-14 07:00:00,0.49031404625585057,3676.7037974980863,cand_014
2013-11-14 07:00:00,0.604366284364134,3677.3081637824507,cand_015
2013-11-15 07:00:00,0.5104507579966491,3677.818614540447,cand_003
2013-11-15 07:00:00,0.5093902926608961,3678.328004833108,cand_009
2013-11-15 07:00:00,0.5222644599299877,3678.850269293038,cand_011
2013-11-15 07:00:00,0.5221548113343271,3679.3724241043724,cand_013
2013-11-15 07:00:00,0.5271758785499405,3679.899599982922,cand_014
2013-11-15 07:00:00,0.49031404625585057,3680.3899140291783,cand_014
2013-11-15 07:00:00,0.604366284364134,3680.9942803135427,cand_015
2013-11-18 07:00:00,0.5104507579966491,3681.504731071539,cand_003
2013-11-18 07:00:00,0.5093902926608961,3682.0141213642,cand_009
2013-11-18 07:00:00,0.5222644599299877,3682.53638582413,cand_011
2013-11-18 07:00:00,0.5221548113343271,3683.0585406354644,cand_013
2013-11-18 07:00:00,0.5271758785499405,3683.585716514014,cand_014
2013-11-18 07:00:00,0.49031404625585057,3684.0760305602703,cand_014
2013-11-18 07:00:00,0.604366284364134,3684.6803968446347,cand_015
2013-11-20 07:00:00,0.5104507579966491,3685.190847602631,cand_003
2013-11-20 07:00:00,0.5093902926608961,3685.700237895292,cand_009
2013-11-20 07:00:00,0.5222644599299877,3686.222502355222,cand_011
2013-11-20 07:00:00,0.5221548113343271,3686.7446571665564,cand_013
2013-11-20 07:00:00,0.5271758785499405,3687.271833045106,cand_014
2013-11-21 07:00:00,0.5104507579966491,3687.7822838031034,cand_003
2013-11-21 07:00:00,0.6566499231364257,3688.4389337262396,cand_007
2013-11-21 07:00:00,0.5093902926608961,3688.9483240189,cand_009
2013-11-21 07:00:00,0.5222644599299877,3689.4705884788305,cand_011
2013-11-21 07:00:00,0.5221548113343271,3689.992743290165,cand_013
2013-11-21 07:00:00,0.5271758785499405,3690.5199191687148,cand_014
2013-11-21 07:00:00,0.49031404625585057,3691.010233214971,cand_014
2013-11-21 07:00:00,0.604366284364134,3691.614599499335,cand_015
2013-11-21 08:03:40,0.0,3691.614599499335,cand_003
2013-11-21 08:03:40,0.0,3691.614599499335,cand_007
2013-11-21 08:03:40,0.0,3691.614599499335,cand_009
2013-11-21 08:03:40,0.0,3691.614599499335,cand_011
2013-11-21 08:03:40,0.0,3691.614599499335,cand_013
2013-11-21 08:03:40,0.0,3691.614599499335,cand_014
2013-11-21 08:03:40,0.0,3691.614599499335,cand_014
2013-11-21 08:03:40,0.0,3691.614599499335,cand_015
2013-11-21 13:00:00,15.175400770088615,3706.790000269423,cand_003
2013-11-21 13:00:00,19.521815950185267,3726.3118162196088,cand_007
2013-11-21 13:00:00,15.143873759459819,3741.4556899790687,cand_009
2013-11-21 13:00:00,15.526615179330342,3756.982305158399,cand_011
2013-11-21 13:00:00,15.523355391080525,3772.505660549479,cand_013
2013-11-21 13:00:00,15.672628765831762,3788.1782893153113,cand_014
2013-11-21 13:00:00,14.576748175159228,3802.7550374904704,cand_014
2013-11-21 13:00:00,17.967454124566668,3820.722491615037,cand_015
2013-11-22 07:00:00,0.5104507579966491,3821.2329423730343,cand_003
2013-11-22 07:00:00,0.5093902926608961,3821.742332665695,cand_009
2013-11-22 07:00:00,0.5222644599299877,3822.264597125625,cand_011
2013-11-22 07:00:00,0.5221548113343271,3822.7867519369593,cand_013
2013-11-22 07:00:00,0.5271758785499405,3823.3139278155095,cand_014
2013-11-22 07:00:00,0.49031404625585057,3823.804241861765,cand_014
2013-11-25 07:00:00,0.5104507579966491,3824.314692619762,cand_003
2013-11-25 07:00:00,0.6566499231364257,3824.971342542898,cand_007
2013-11-25 07:00:00,0.5093902926608961,3825.480732835559,cand_009
2013-11-25 07:00:00,0.5222644599299877,3826.002997295489,cand_011
2013-11-25 07:00:00,0.5221548113343271,3826.5251521068235,cand_013
2013-11-25 07:00:00,0.5271758785499405,3827.0523279853733,cand_014
2013-11-25 07:00:00,0.49031404625585057,3827.5426420316294,cand_014
2013-11-25 07:00:00,0.604366284364134,3828.147008315994,cand_015
2013-11-26 07:00:00,0.5104507579966491,3828.65745907399,cand_003
2013-11-26 07:00:00,0.5093902926608961,3829.166849366651,cand_009
2013-11-26 07:00:00,0.5222644599299877,3829.689113826581,cand_011
2013-11-26 07:00:00,0.5221548113343271,3830.2112686379155,cand_013
2013-11-26 07:00:00,0.5271758785499405,3830.7384445164653,cand_014
2013-11-27 07:00:00,0.5104507579966491,3831.2488952744625,cand_003
2013-11-27 07:00:00,0.6566499231364257,3831.9055451975987,cand_007
2013-11-27 07:00:00,0.5093902926608961,3832.4149354902593,cand_009
2013-11-27 07:00:00,0.5222644599299877,3832.9371999501896,cand_011
2013-11-27 07:00:00,0.5221548113343271,3833.459354761524,cand_013
2013-11-27 07:00:00,0.5271758785499405,3833.986530640074,cand_014
2013-11-27 07:00:00,0.49031404625585057,3834.47684468633,cand_014
2013-11-27 07:00:00,0.604366284364134,3835.081210970694,cand_015
2013-11-27 09:33:40,0.0,3835.081210970694,cand_003
2013-11-27 09:33:40,0.0,3835.081210970694,cand_007
2013-11-27 09:33:40,0.0,3835.081210970694,cand_009
2013-11-27 09:33:40,0.0,3835.081210970694,cand_011
2013-11-27 09:33:40,0.0,3835.081210970694,cand_013
2013-11-27 09:33:40,0.0,3835.081210970694,cand_014
2013-11-27 09:33:40,0.0,3835.081210970694,cand_014
2013-11-27 09:33:40,0.0,3835.081210970694,cand_015
2013-11-27 13:00:00,4.248751897442697,3839.3299628681366,cand_003
2013-11-27 13:00:00,5.465644948459072,3844.7956078165957,cand_007
2013-11-27 13:00:00,4.239925083030401,3849.035532899626,cand_009
2013-11-27 13:00:00,4.347083592946663,3853.382616492573,cand_011
2013-11-27 13:00:00,4.346170929635723,3857.7287874222084,cand_013
2013-11-27 13:00:00,4.387963930283329,3862.116751352492,cand_014
2013-11-27 13:00:00,4.0811433850119325,3866.1978947375037,cand_014
2013-11-27 13:00:00,5.030460543383821,3871.2283552808876,cand_015
2013-11-28 07:00:00,0.5104507579966491,3871.738806038885,cand_003
2013-11-28 07:00:00,0.5093902926608961,3872.2481963315454,cand_009
2013-11-28 07:00:00,0.5222644599299877,3872.7704607914757,cand_011
2013-11-28 07:00:00,0.5221548113343271,3873.2926156028097,cand_013
2013-11-28 07:00:00,0.5271758785499405,3873.81979148136,cand_014
2013-11-28 07:00:00,0.49031404625585057,3874.3101055276156,cand_014
2013-11-29 07:00:00,0.5104507579966491,3874.8205562856124,cand_003
2013-11-29 07:00:00,0.6566499231364257,3875.4772062087486,cand_007
2013-11-29 07:00:00,0.5093902926608961,3875.9865965014096,cand_009
2013-11-29 07:00:00,0.5222644599299877,3876.5088609613395,cand_011
2013-11-29 07:00:00,0.5221548113343271,3877.031015772674,cand_013
2013-11-29 07:00:00,0.5271758785499405,3877.5581916512238,cand_014
2013-11-29 07:00:00,0.49031404625585057,3878.04850569748,cand_014
2013-11-29 07:00:00,0.604366284364134,3878.6528719818443,cand_015
2013-12-02 07:00:00,0.5104507579966491,3879.1633227398406,cand_003
2013-12-02 07:00:00,0.5093902926608961,3879.6727130325016,cand_009
2013-12-02 07:00:00,0.5222644599299877,3880.1949774924315,cand_011
2013-12-02 07:00:00,0.5221548113343271,3880.717132303766,cand_013
2013-12-02 07:00:00,0.5271758785499405,3881.2443081823158,cand_014
2013-12-03 07:00:00,0.5104507579966491,3881.754758940313,cand_003
2013-12-03 07:00:00,0.6566499231364257,3882.411408863449,cand_007
2013-12-03 07:00:00,0.5093902926608961,3882.9207991561098,cand_009
2013-12-03 07:00:00,0.5222644599299877,3883.44306361604,cand_011
2013-12-03 07:00:00,0.5221548113343271,3883.9652184273746,cand_013
2013-12-03 07:00:00,0.5271758785499405,3884.4923943059243,cand_014
2013-12-03 07:00:00,0.49031404625585057,3884.9827083521805,cand_014
2013-12-03 07:00:00,0.604366284364134,3885.5870746365445,cand_015
2013-12-05 07:33:40,0.0,3885.5870746365445,cand_003
2013-12-05 07:33:40,0.0,3885.5870746365445,cand_009
2013-12-05 07:33:40,0.0,3885.5870746365445,cand_011
2013-12-05 07:33:40,0.0,3885.5870746365445,cand_013
2013-12-05 07:33:40,0.0,3885.5870746365445,cand_014
2013-12-05 07:33:40,0.0,3885.5870746365445,cand_014
2013-12-05 13:00:00,-0.1771564395400135,3885.409918197004,cand_003
2013-12-05 13:00:00,-0.17678839568819335,3885.233129801316,cand_009
2013-12-05 13:00:00,-0.18125648903452515,3885.0518733122817,cand_011
2013-12-05 13:00:00,-0.18121843452191352,3884.87065487776,cand_013
2013-12-05 13:00:00,-0.18296104020262643,3884.687693837557,cand_014
2013-12-05 13:00:00,-0.17016781605350106,3884.5175260215037,cand_014
2013-12-09 07:00:00,0.5104507579966491,3885.0279767795005,cand_003
2013-12-09 07:00:00,0.5093902926608961,3885.537367072161,cand_009
2013-12-09 07:00:00,0.5222644599299877,3886.0596315320913,cand_011
2013-12-09 07:00:00,0.5221548113343271,3886.581786343426,cand_013
2013-12-09 07:00:00,0.5271758785499405,3887.1089622219756,cand_014
2013-12-09 07:00:00,0.49031404625585057,3887.5992762682317,cand_014
2013-12-11 09:45:40,0.0,3887.5992762682317,cand_003
2013-12-11 09:45:40,0.0,3887.5992762682317,cand_007
2013-12-11 09:45:40,0.0,3887.5992762682317,cand_009
2013-12-11 09:45:40,0.0,3887.5992762682317,cand_011
2013-12-11 09:45:40,0.0,3887.5992762682317,cand_013
2013-12-11 09:45:40,0.0,3887.5992762682317,cand_014
2013-12-11 09:45:40,0.0,3887.5992762682317,cand_014
2013-12-11 09:45:40,0.0,3887.5992762682317,cand_015
2013-12-11 13:00:00,-6.557790914498128,3881.041485353733,cand_003
2013-12-11 13:00:00,-8.436020188999727,3872.6054651647337,cand_007
2013-12-11 13:00:00,-6.544167053949395,3866.0612981107843,cand_009
2013-12-11 13:00:00,-6.709562238159372,3859.351735872625,cand_011
2013-12-11 13:00:00,-6.708153576201002,3852.643582296424,cand_013
2013-12-11 13:00:00,-6.772659522076884,3845.8709227743466,cand_014
2013-12-11 13:00:00,-6.299093394251633,3839.571829380095,cand_014
2013-12-11 13:00:00,-7.764329206183934,3831.807500173911,cand_015
2013-12-13 07:00:00,0.5104507579966491,3832.317950931908,cand_003
2013-12-13 07:00:00,0.6566499231364257,3832.9746008550446,cand_007
2013-12-13 07:00:00,0.5093902926608961,3833.483991147705,cand_009
2013-12-13 07:00:00,0.5222644599299877,3834.0062556076355,cand_011
2013-12-13 07:00:00,0.5221548113343271,3834.5284104189695,cand_013
2013-12-13 07:00:00,0.5271758785499405,3835.0555862975198,cand_014
2013-12-13 07:00:00,0.49031404625585057,3835.5459003437754,cand_014
2013-12-13 07:00:00,0.604366284364134,3836.1502666281394,cand_015
2013-12-18 07:00:00,0.5104507579966491,3836.6607173861366,cand_003
2013-12-18 07:00:00,0.6566499231364257,3837.317367309273,cand_007
2013-12-18 07:00:00,0.5093902926608961,3837.8267576019334,cand_009
2013-12-18 07:00:00,0.5222644599299877,3838.3490220618637,cand_011
2013-12-18 07:00:00,0.5221548113343271,3838.8711768731982,cand_013
2013-12-18 07:00:00,0.5271758785499405,3839.398352751748,cand_014
2013-12-18 07:00:00,0.49031404625585057,3839.888666798004,cand_014
2013-12-18 07:00:00,0.604366284364134,3840.493033082368,cand_015
2013-12-19 07:00:00,0.5104507579966491,3841.003483840365,cand_003
2013-12-19 07:00:00,0.5093902926608961,3841.5128741330254,cand_009
2013-12-19 07:00:00,0.5222644599299877,3842.0351385929557,cand_011
2013-12-19 07:00:00,0.5221548113343271,3842.5572934042902,cand_013
2013-12-19 07:00:00,0.5271758785499405,3843.08446928284,cand_014
2013-12-20 07:00:00,0.5104507579966491,3843.5949200408368,cand_003
2013-12-20 07:00:00,0.6566499231364257,3844.2515699639735,cand_007
2013-12-20 07:00:00,0.5093902926608961,3844.760960256634,cand_009
2013-12-20 07:00:00,0.5222644599299877,3845.2832247165643,cand_011
2013-12-20 07:00:00,0.5221548113343271,3845.8053795278984,cand_013
2013-12-20 07:00:00,0.5271758785499405,3846.3325554064486,cand_014
2013-12-20 07:00:00,0.49031404625585057,3846.8228694527043,cand_014
2013-12-20 07:00:00,0.604366284364134,3847.4272357370683,cand_015
2013-12-20 08:00:40,0.0,3847.4272357370683,cand_003
2013-12-20 08:00:40,0.0,3847.4272357370683,cand_007
2013-12-20 08:00:40,0.0,3847.4272357370683,cand_009
2013-12-20 08:00:40,0.0,3847.4272357370683,cand_011
2013-12-20 08:00:40,0.0,3847.4272357370683,cand_013
2013-12-20 08:00:40,0.0,3847.4272357370683,cand_014
2013-12-20 08:00:40,0.0,3847.4272357370683,cand_014
2013-12-20 08:00:40,0.0,3847.4272357370683,cand_015
2013-12-20 13:00:00,-9.545429174537338,3837.881806562531,cand_003
2013-12-20 13:00:00,-12.27935356265116,3825.6024529998804,cand_007
2013-12-20 13:00:00,-9.525598472758757,3816.076854527121,cand_009
2013-12-20 13:00:00,-9.76634540069077,3806.3105091264306,cand_011
2013-12-20 13:00:00,-9.764294971951916,3796.5462141544785,cand_013
2013-12-20 13:00:00,-9.858188928883889,3786.688025225595,cand_014
2013-12-20 13:00:00,-9.168872664984406,3777.5191525606106,cand_014
2013-12-20 13:00:00,-11.301649517609306,3766.217503043001,cand_015
2013-12-24 07:00:00,0.5104507579966491,3766.727953800998,cand_003
2013-12-24 07:00:00,0.5093902926608961,3767.237344093659,cand_009
2013-12-26 07:00:00,0.5104507579966491,3767.7477948516553,cand_003
2013-12-26 07:00:00,0.6566499231364257,3768.404444774792,cand_007
2013-12-26 07:00:00,0.5093902926608961,3768.913835067453,cand_009
2013-12-26 07:00:00,0.5222644599299877,3769.436099527383,cand_011
2013-12-26 07:00:00,0.5221548113343271,3769.958254338717,cand_013
2013-12-26 07:00:00,0.5271758785499405,3770.485430217267,cand_014
2013-12-26 07:00:00,0.604366284364134,3771.089796501631,cand_015
2013-12-27 07:00:00,0.5104507579966491,3771.6002472596283,cand_003
2013-12-27 07:00:00,0.5093902926608961,3772.109637552289,cand_009
2013-12-27 07:00:00,0.5222644599299877,3772.631902012219,cand_011
2013-12-27 07:00:00,0.5221548113343271,3773.154056823553,cand_013
2013-12-27 07:00:00,0.5271758785499405,3773.6812327021034,cand_014
2013-12-27 07:00:00,0.49031404625585057,3774.171546748359,cand_014
2014-01-08 07:00:00,0.5104507579966491,3774.681997506356,cand_003
2014-01-08 07:00:00,0.6566499231364257,3775.338647429492,cand_007
2014-01-08 07:00:00,0.5093902926608961,3775.848037722153,cand_009
2014-01-08 07:00:00,0.5222644599299877,3776.370302182083,cand_011
2014-01-08 07:00:00,0.5221548113343271,3776.8924569934175,cand_013
2014-01-08 07:00:00,0.5271758785499405,3777.419632871967,cand_014
2014-01-08 07:00:00,0.49031404625585057,3777.9099469182233,cand_014
2014-01-08 07:00:00,0.604366284364134,3778.514313202588,cand_015
2014-01-08 09:18:20,0.0,3778.514313202588,cand_003
2014-01-08 09:18:20,0.0,3778.514313202588,cand_007
2014-01-08 09:18:20,0.0,3778.514313202588,cand_009
2014-01-08 09:18:20,0.0,3778.514313202588,cand_011
2014-01-08 09:18:20,0.0,3778.514313202588,cand_013
2014-01-08 09:18:20,0.0,3778.514313202588,cand_014
2014-01-08 09:18:20,0.0,3778.514313202588,cand_014
2014-01-08 09:18:20,0.0,3778.514313202588,cand_015
2014-01-08 13:00:00,-18.514349257690224,3759.9999639448974,cand_003
2014-01-08 13:00:00,-23.817078976818827,3736.1828849680787,cand_007
2014-01-08 13:00:00,-18.475885556159326,3717.7069994119192,cand_009
2014-01-08 13:00:00,-18.94283917604885,3698.764160235871,cand_011
2014-01-08 13:00:00,-18.938862156985063,3679.8252980788857,cand_013
2014-01-08 13:00:00,-19.120979218464313,3660.704318860421,cand_014
2014-01-08 13:00:00,-17.78397887772691,3642.9203399826943,cand_014
2014-01-08 13:00:00,-21.92072064346618,3620.999619339228,cand_015
2014-01-15 07:00:00,0.5104507579966491,3621.510070097225,cand_003
2014-01-15 07:00:00,0.5093902926608961,3622.0194603898854,cand_009
2014-01-15 07:00:00,0.5222644599299877,3622.5417248498156,cand_011
2014-01-15 07:00:00,0.5221548113343271,3623.06387966115,cand_013
2014-01-15 07:00:00,0.5271758785499405,3623.5910555397,cand_014
2014-01-15 07:00:00,0.49031404625585057,3624.081369585956,cand_014
2014-01-15 07:00:00,0.604366284364134,3624.68573587032,cand_015
2014-01-16 07:00:00,0.5104507579966491,3625.196186628317,cand_003
2014-01-16 07:00:00,0.6566499231364257,3625.852836551453,cand_007
2014-01-16 07:00:00,0.5093902926608961,3626.362226844114,cand_009
2014-01-16 07:00:00,0.5222644599299877,3626.884491304044,cand_011
2014-01-16 07:00:00,0.5221548113343271,3627.4066461153784,cand_013
2014-01-16 07:00:00,0.5271758785499405,3627.933821993928,cand_014
2014-01-16 07:00:00,0.49031404625585057,3628.4241360401843,cand_014
2014-01-16 07:00:00,0.604366284364134,3629.0285023245488,cand_015
2014-01-21 07:00:00,0.5104507579966491,3629.538953082545,cand_003
2014-01-21 07:00:00,0.6566499231364257,3630.1956030056817,cand_007
2014-01-21 07:00:00,0.5093902926608961,3630.7049932983427,cand_009
2014-01-21 07:00:00,0.5222644599299877,3631.2272577582726,cand_011
2014-01-21 07:00:00,0.5221548113343271,3631.7494125696066,cand_013
2014-01-21 07:00:00,0.5271758785499405,3632.276588448157,cand_014
2014-01-21 07:00:00,0.49031404625585057,3632.7669024944125,cand_014
2014-01-21 07:00:00,0.604366284364134,3633.371268778777,cand_015
2014-01-29 07:00:00,0.5104507579966491,3633.8817195367737,cand_003
2014-01-29 07:00:00,0.5093902926608961,3634.3911098294348,cand_009
2014-01-29 07:00:00,0.5222644599299877,3634.9133742893646,cand_011
2014-01-29 07:00:00,0.5221548113343271,3635.4355291006987,cand_013
2014-01-29 07:00:00,0.5271758785499405,3635.962704979249,cand_014
2014-02-04 08:07:40,0.0,3635.962704979249,cand_003
2014-02-04 08:07:40,0.0,3635.962704979249,cand_009
2014-02-04 08:07:40,0.0,3635.962704979249,cand_011
2014-02-04 08:07:40,0.0,3635.962704979249,cand_013
2014-02-04 08:07:40,0.0,3635.962704979249,cand_014
2014-02-04 10:56:40,-32.75592540579674,3603.206779573452,cand_003
2014-02-04 10:56:40,-32.68787472139833,3570.5189048520538,cand_009
2014-02-04 10:56:40,-33.51401760809551,3537.0048872439584,cand_011
2014-02-04 10:56:40,-33.50698139321279,3503.4979058507456,cand_013
2014-02-04 10:56:40,-33.82918623000766,3469.668719620738,cand_014
2014-02-06 07:00:00,0.49031404625585057,3470.1590336669938,cand_014
2014-02-06 07:00:00,0.604366284364134,3470.763399951358,cand_015
2014-02-13 09:15:40,0.0,3470.763399951358,cand_007
2014-02-13 09:15:40,0.0,3470.763399951358,cand_014
2014-02-13 09:15:40,0.0,3470.763399951358,cand_015
2014-02-13 13:00:00,0.30128643532141886,3471.0646863866796,cand_007
2014-02-13 13:00:00,0.22496762122327263,3471.2896540079028,cand_014
2014-02-13 13:00:00,0.2772974716494262,3471.5669514795522,cand_015
2014-02-18 07:00:00,0.49031404625585057,3472.057265525808,cand_014
2014-02-18 07:00:00,0.604366284364134,3472.6616318101724,cand_015
2014-02-18 07:22:40,0.0,3472.6616318101724,cand_014
2014-02-18 07:22:40,0.0,3472.6616318101724,cand_015
2014-02-18 13:00:00,-19.03860599608747,3453.623025814085,cand_014
2014-02-18 13:00:00,-23.467187312280288,3430.1558385018043,cand_015
2014-02-21 07:00:00,0.6566499231364257,3430.812488424941,cand_007
2014-02-21 07:00:00,0.49031404625585057,3431.3028024711966,cand_014
2014-02-21 07:00:00,0.604366284364134,3431.9071687555606,cand_015
2014-03-04 07:00:00,0.5104507579966491,3432.4176195135574,cand_003
2014-03-04 07:00:00,0.6566499231364257,3433.074269436694,cand_007
2014-03-04 07:00:00,0.5093902926608961,3433.5836597293546,cand_009
2014-03-04 07:00:00,0.5222644599299877,3434.105924189285,cand_011
2014-03-04 07:00:00,0.5221548113343271,3434.628079000619,cand_013
2014-03-04 07:00:00,0.5271758785499405,3435.155254879169,cand_014
2014-03-04 07:00:00,0.49031404625585057,3435.645568925425,cand_014
2014-03-04 07:00:00,0.604366284364134,3436.2499352097893,cand_015
2014-03-04 08:05:40,0.0,3436.2499352097893,cand_003
2014-03-04 08:05:40,0.0,3436.2499352097893,cand_007
2014-03-04 08:05:40,0.0,3436.2499352097893,cand_009
2014-03-04 08:05:40,0.0,3436.2499352097893,cand_011
2014-03-04 08:05:40,0.0,3436.2499352097893,cand_013
2014-03-04 08:05:40,0.0,3436.2499352097893,cand_014
2014-03-04 08:05:40,0.0,3436.2499352097893,cand_014
2014-03-04 08:05:40,0.0,3436.2499352097893,cand_015
2014-03-04 13:00:00,0.5885196974549601,3436.8384549072443,cand_003
2014-03-04 13:00:00,0.7570787349102319,3437.5955336421544,cand_007
2014-03-04 13:00:00,0.5872970433031508,3438.1828306854577,cand_009
2014-03-04 13:00:00,0.6021402008604565,3438.7849708863178,cand_011
2014-03-04 13:00:00,0.6020137824795772,3439.3869846687976,cand_013
2014-03-04 13:00:00,0.6078027776222844,3439.9947874464197,cand_014
2014-03-04 13:00:00,0.5653032533302748,3440.56009069975,cand_014
2014-03-04 13:00:00,0.6967987749139427,3441.256889474664,cand_015
2014-03-06 07:00:00,0.5104507579966491,3441.767340232661,cand_003
2014-03-06 07:00:00,0.6566499231364257,3442.423990155797,cand_007
2014-03-06 07:00:00,0.5093902926608961,3442.933380448458,cand_009
2014-03-06 07:00:00,0.5222644599299877,3443.455644908388,cand_011
2014-03-06 07:00:00,0.5221548113343271,3443.9777997197225,cand_013
2014-03-06 07:00:00,0.5271758785499405,3444.5049755982723,cand_014
2014-03-06 07:00:00,0.49031404625585057,3444.9952896445284,cand_014
2014-03-06 07:00:00,0.604366284364134,3445.5996559288924,cand_015
2014-03-07 07:00:00,0.5104507579966491,3446.110106686889,cand_003
2014-03-07 07:00:00,0.5093902926608961,3446.6194969795497,cand_009
2014-03-07 07:00:00,0.5222644599299877,3447.14176143948,cand_011
2014-03-07 07:00:00,0.5221548113343271,3447.663916250814,cand_013
2014-03-07 07:00:00,0.5271758785499405,3448.1910921293643,cand_014
2014-03-07 07:00:00,0.49031404625585057,3448.68140617562,cand_014
2014-03-07 07:00:00,0.604366284364134,3449.2857724599844,cand_015
2014-03-10 07:00:00,0.5104507579966491,3449.7962232179807,cand_003
2014-03-10 07:00:00,0.6566499231364257,3450.4528731411174,cand_007
2014-03-10 07:00:00,0.5093902926608961,3450.9622634337784,cand_009
2014-03-10 07:00:00,0.5222644599299877,3451.484527893708,cand_011
2014-03-10 07:00:00,0.5221548113343271,3452.0066827050423,cand_013
2014-03-10 07:00:00,0.5271758785499405,3452.5338585835925,cand_014
2014-03-10 07:00:00,0.49031404625585057,3453.024172629848,cand_014
2014-03-10 07:00:00,0.604366284364134,3453.628538914212,cand_015
2014-03-20 07:00:00,0.5104507579966491,3454.138989672209,cand_003
2014-03-20 07:00:00,0.5093902926608961,3454.64837996487,cand_009
2014-03-20 07:00:00,0.5222644599299877,3455.1706444248,cand_011
2014-03-20 07:00:00,0.5221548113343271,3455.6927992361343,cand_013
2014-03-20 07:00:00,0.5271758785499405,3456.219975114684,cand_014
2014-03-20 07:00:00,0.49031404625585057,3456.71028916094,cand_014
2014-03-24 07:00:00,0.5104507579966491,3457.2207399189365,cand_003
2014-03-24 07:00:00,0.6566499231364257,3457.877389842073,cand_007
2014-03-24 07:00:00,0.5093902926608961,3458.386780134734,cand_009
2014-03-24 07:00:00,0.5222644599299877,3458.909044594664,cand_011
2014-03-24 07:00:00,0.5221548113343271,3459.431199405998,cand_013
2014-03-24 07:00:00,0.5271758785499405,3459.9583752845483,cand_014
2014-03-24 07:00:00,0.49031404625585057,3460.448689330804,cand_014
2014-03-24 07:00:00,0.604366284364134,3461.0530556151684,cand_015
2014-04-01 07:00:00,0.5104507579966491,3461.563506373165,cand_003
2014-04-01 07:00:00,0.5093902926608961,3462.0728966658257,cand_009
2014-04-01 07:00:00,0.5222644599299877,3462.595161125756,cand_011
2014-04-01 07:00:00,0.5221548113343271,3463.11731593709,cand_013
2014-04-01 07:00:00,0.5271758785499405,3463.6444918156403,cand_014
2014-04-02 07:00:00,0.5104507579966491,3464.1549425736366,cand_003
2014-04-02 07:00:00,0.5093902926608961,3464.6643328662976,cand_009
2014-04-02 07:00:00,0.5222644599299877,3465.1865973262275,cand_011
2014-04-02 07:00:00,0.5221548113343271,3465.708752137562,cand_013
2014-04-02 07:00:00,0.5271758785499405,3466.2359280161118,cand_014
2014-04-03 07:00:00,0.5104507579966491,3466.7463787741085,cand_003
2014-04-03 07:00:00,0.6566499231364257,3467.4030286972447,cand_007
2014-04-03 07:00:00,0.5093902926608961,3467.9124189899057,cand_009
2014-04-03 07:00:00,0.5222644599299877,3468.4346834498356,cand_011
2014-04-03 07:00:00,0.5221548113343271,3468.95683826117,cand_013
2014-04-03 07:00:00,0.5271758785499405,3469.48401413972,cand_014
2014-04-03 07:00:00,0.49031404625585057,3469.974328185976,cand_014
2014-04-03 07:00:00,0.604366284364134,3470.57869447034,cand_015
2014-04-10 07:51:40,0.0,3470.57869447034,cand_003
2014-04-10 07:51:40,0.0,3470.57869447034,cand_007
2014-04-10 07:51:40,0.0,3470.57869447034,cand_009
2014-04-10 07:51:40,0.0,3470.57869447034,cand_011
2014-04-10 07:51:40,0.0,3470.57869447034,cand_013
2014-04-10 07:51:40,0.0,3470.57869447034,cand_014
2014-04-10 07:51:40,0.0,3470.57869447034,cand_014
2014-04-10 07:51:40,0.0,3470.57869447034,cand_015
2014-04-10 13:00:00,9.527413265431575,3480.1061077357717,cand_003
2014-04-10 13:00:00,12.256177683011051,3492.362285418783,cand_007
2014-04-10 13:00:00,9.507619991841315,3501.869905410624,cand_009
2014-04-10 13:00:00,9.747912537399126,3511.617817948023,cand_011
2014-04-10 13:00:00,9.745865978610706,3521.3636839266337,cand_013
2014-04-10 13:00:00,9.839582721405655,3531.2032666480395,cand_014
2014-04-10 13:00:00,9.151567463351846,3540.354834111391,cand_014
2014-04-10 13:00:00,11.280318942867043,3551.6351530542584,cand_015
2014-04-16 07:00:00,0.5104507579966491,3552.145603812255,cand_003
2014-04-16 07:00:00,0.6566499231364257,3552.802253735392,cand_007
2014-04-16 07:00:00,0.5093902926608961,3553.3116440280523,cand_009
2014-04-16 07:00:00,0.5222644599299877,3553.8339084879826,cand_011
2014-04-16 07:00:00,0.5221548113343271,3554.3560632993167,cand_013
2014-04-16 07:00:00,0.5271758785499405,3554.883239177867,cand_014
2014-04-16 07:00:00,0.49031404625585057,3555.3735532241226,cand_014
2014-04-16 07:00:00,0.604366284364134,3555.9779195084866,cand_015
2014-04-18 07:00:00,0.5104507579966491,3556.488370266484,cand_003
2014-04-18 07:00:00,0.5093902926608961,3556.9977605591444,cand_009
2014-04-18 07:00:00,0.5222644599299877,3557.5200250190746,cand_011
2014-04-18 07:00:00,0.49031404625585057,3558.0103390653303,cand_014
2014-04-18 07:00:00,0.604366284364134,3558.6147053496943,cand_015
2014-04-21 07:00:00,0.5104507579966491,3559.1251561076915,cand_003
2014-04-21 07:00:00,0.5093902926608961,3559.634546400352,cand_009
2014-04-21 07:00:00,0.49031404625585057,3560.124860446608,cand_014
2014-04-21 07:00:00,0.604366284364134,3560.729226730972,cand_015
2014-05-12 07:00:00,0.5104507579966491,3561.239677488969,cand_003
2014-05-12 07:00:00,0.5093902926608961,3561.7490677816295,cand_009
2014-05-21 09:35:40,0.0,3561.7490677816295,cand_003
2014-05-21 09:35:40,0.0,3561.7490677816295,cand_009
2014-05-21 09:35:40,0.0,3561.7490677816295,cand_011
2014-05-21 09:35:40,0.0,3561.7490677816295,cand_013
2014-05-21 09:35:40,0.0,3561.7490677816295,cand_014
2014-05-21 09:35:40,0.0,3561.7490677816295,cand_014
2014-05-21 13:00:00,1.3692090920380704,3563.118276873668,cand_003
2014-05-21 13:00:00,1.3663645497256978,3564.4846414233934,cand_009
2014-05-21 13:00:00,1.4008976101651436,3565.8855390335584,cand_011
2014-05-21 13:00:00,1.4006034939320773,3567.2861425274905,cand_013
2014-05-21 13:00:00,1.414071768345723,3568.7002142958363,cand_014
2014-05-21 13:00:00,1.3151953240745167,3570.015409619911,cand_014
2014-05-22 07:00:00,0.5104507579966491,3570.5258603779075,cand_003
2014-05-22 07:00:00,0.5093902926608961,3571.0352506705685,cand_009
2014-05-22 07:00:00,0.5222644599299877,3571.5575151304984,cand_011
2014-05-22 07:00:00,0.5221548113343271,3572.079669941833,cand_013
2014-05-22 07:00:00,0.5271758785499405,3572.6068458203827,cand_014
2014-06-02 07:00:00,0.5104507579966491,3573.11729657838,cand_003
2014-06-02 07:00:00,0.6566499231364257,3573.773946501516,cand_007
2014-06-02 07:00:00,0.5093902926608961,3574.2833367941766,cand_009
2014-06-02 07:00:00,0.5271758785499405,3574.810512672727,cand_014
2014-06-02 07:00:00,0.49031404625585057,3575.3008267189825,cand_014
2014-06-02 07:00:00,0.604366284364134,3575.905193003347,cand_015
2014-06-04 07:00:00,0.5104507579966491,3576.4156437613437,cand_003
2014-06-04 07:00:00,0.5221548113343271,3576.937798572678,cand_013
2014-06-04 07:00:00,0.49031404625585057,3577.428112618934,cand_014
2014-06-04 07:00:00,0.604366284364134,3578.0324789032984,cand_015
2014-06-17 07:00:00,0.5104507579966491,3578.5429296612947,cand_003
2014-06-17 07:00:00,0.6566499231364257,3579.1995795844314,cand_007
2014-06-17 07:00:00,0.5222644599299877,3579.721844044361,cand_011
2014-06-17 07:00:00,0.5221548113343271,3580.2439988556957,cand_013
2014-06-17 07:00:00,0.5271758785499405,3580.7711747342455,cand_014
2014-06-17 07:00:00,0.49031404625585057,3581.2614887805016,cand_014
2014-06-17 07:00:00,0.604366284364134,3581.865855064866,cand_015
2014-08-20 07:00:00,0.5104507579966491,3582.3763058228624,cand_003
2014-08-20 07:00:00,0.6566499231364257,3583.032955745999,cand_007
2014-08-20 07:00:00,0.5093902926608961,3583.54234603866,cand_009
2014-08-20 07:00:00,0.5222644599299877,3584.06461049859,cand_011
2014-08-20 07:00:00,0.5221548113343271,3584.586765309924,cand_013
2014-08-20 07:00:00,0.5271758785499405,3585.113941188474,cand_014
2014-08-20 07:00:00,0.49031404625585057,3585.60425523473,cand_014
2014-08-20 07:00:00,0.604366284364134,3586.2086215190943,cand_015
2014-08-21 07:00:01,0.5104507579966491,3586.719072277091,cand_003
2014-08-21 07:00:01,0.5222644599299877,3587.241336737021,cand_011
2014-08-21 07:00:01,0.5221548113343271,3587.7634915483554,cand_013
2014-08-21 07:00:01,0.5271758785499405,3588.290667426905,cand_014
2014-08-21 07:00:01,0.49031404625585057,3588.7809814731613,cand_014
2014-09-02 07:00:00,0.5104507579966491,3589.291432231158,cand_003
2014-09-02 07:00:00,0.6566499231364257,3589.9480821542948,cand_007
2014-09-02 07:00:00,0.5093902926608961,3590.4574724469553,cand_009
2014-09-02 07:00:00,0.5222644599299877,3590.9797369068856,cand_011
2014-09-02 07:00:00,0.5221548113343271,3591.5018917182197,cand_013
2014-09-02 07:00:00,0.5271758785499405,3592.02906759677,cand_014
2014-09-02 07:00:00,0.49031404625585057,3592.5193816430256,cand_014
2014-09-02 07:00:00,0.604366284364134,3593.1237479273896,cand_015
2014-09-05 07:00:00,0.5104507579966491,3593.6341986853868,cand_003
2014-09-05 07:00:00,0.5093902926608961,3594.1435889780473,cand_009
2014-09-05 07:00:00,0.5222644599299877,3594.6658534379776,cand_011
2014-09-05 07:00:00,0.5221548113343271,3595.1880082493117,cand_013
2014-09-05 07:00:00,0.5271758785499405,3595.715184127862,cand_014
2014-09-05 07:00:00,0.49031404625585057,3596.2054981741176,cand_014
2014-09-05 07:00:00,0.604366284364134,3596.8098644584816,cand_015
2014-09-09 07:00:00,0.5104507579966491,3597.320315216479,cand_003
2014-09-09 07:00:00,0.6566499231364257,3597.976965139615,cand_007
2014-09-09 07:00:00,0.5093902926608961,3598.4863554322756,cand_009
2014-09-09 07:00:00,0.5222644599299877,3599.008619892206,cand_011
2014-09-09 07:00:00,0.5221548113343271,3599.5307747035404,cand_013
2014-09-09 07:00:00,0.5271758785499405,3600.05795058209,cand_014
2014-09-09 07:00:00,0.49031404625585057,3600.5482646283463,cand_014
2014-09-09 07:00:00,0.604366284364134,3601.1526309127103,cand_015
2014-09-10 07:00:00,0.5104507579966491,3601.663081670707,cand_003
2014-09-10 07:00:00,0.5093902926608961,3602.1724719633676,cand_009
2014-09-10 07:00:00,0.5222644599299877,3602.694736423298,cand_011
2014-09-10 07:00:00,0.5221548113343271,3603.2168912346324,cand_013
2014-09-10 07:00:00,0.5271758785499405,3603.744067113182,cand_014
2014-09-10 07:00:00,0.49031404625585057,3604.2343811594383,cand_014
2014-09-10 07:39:40,0.0,3604.2343811594383,cand_003
2014-09-10 07:39:40,0.0,3604.2343811594383,cand_009
2014-09-10 07:39:40,0.0,3604.2343811594383,cand_011
2014-09-10 07:39:40,0.0,3604.2343811594383,cand_013
2014-09-10 07:39:40,0.0,3604.2343811594383,cand_014
2014-09-10 07:39:40,0.0,3604.2343811594383,cand_014
2014-09-10 13:00:00,8.278310234098598,3612.5126913935364,cand_003
2014-09-10 13:00:00,8.26111198156524,3620.773803375102,cand_009
2014-09-10 13:00:00,8.469900682511625,3629.2437040576133,cand_011
2014-09-10 13:00:00,8.468122440286704,3637.7118264979,cand_013
2014-09-10 13:00:00,8.549552336248153,3646.261378834148,cand_014
2014-09-10 13:00:00,7.951740150161059,3654.2131189843094,cand_014
2014-09-12 07:00:00,0.5104507579966491,3654.7235697423057,cand_003
2014-09-12 07:00:00,0.6566499231364257,3655.3802196654424,cand_007
2014-09-12 07:00:00,0.5093902926608961,3655.8896099581034,cand_009
2014-09-12 07:00:00,0.5222644599299877,3656.411874418033,cand_011
2014-09-12 07:00:00,0.5221548113343271,3656.9340292293673,cand_013
2014-09-12 07:00:00,0.5271758785499405,3657.4612051079175,cand_014
2014-09-12 07:00:00,0.49031404625585057,3657.951519154173,cand_014
2014-09-12 07:00:00,0.604366284364134,3658.5558854385376,cand_015
2014-09-18 07:00:00,0.5104507579966491,3659.0663361965344,cand_003
2014-09-18 07:00:00,0.5093902926608961,3659.5757264891954,cand_009
2014-09-18 07:00:00,0.5222644599299877,3660.0979909491252,cand_011
2014-09-18 07:00:00,0.5221548113343271,3660.6201457604593,cand_013
2014-09-18 07:00:00,0.5271758785499405,3661.1473216390095,cand_014
2014-09-18 08:06:40,0.0,3661.1473216390095,cand_003
2014-09-18 08:06:40,0.0,3661.1473216390095,cand_009
2014-09-18 08:06:40,0.0,3661.1473216390095,cand_011
2014-09-18 08:06:40,0.0,3661.1473216390095,cand_013
2014-09-18 08:06:40,0.0,3661.1473216390095,cand_014
2014-09-18 13:00:00,-8.290320840169107,3652.85700079884,cand_003
2014-09-18 13:00:00,-8.2730976355102,3644.5839031633304,cand_009
2014-09-18 13:00:00,-8.482189258039389,3636.101713905291,cand_011
2014-09-18 13:00:00,-8.480408435847512,3627.6213054694435,cand_013
2014-09-18 13:00:00,-8.561956474566976,3619.059348994876,cand_014
2014-09-19 07:00:00,0.5104507579966491,3619.569799752873,cand_003
2014-09-19 07:00:00,0.5093902926608961,3620.079190045534,cand_009
2014-09-19 07:00:00,0.5222644599299877,3620.601454505464,cand_011
2014-09-19 07:00:00,0.5221548113343271,3621.123609316798,cand_013
2014-09-19 07:00:00,0.5271758785499405,3621.6507851953484,cand_014
2014-09-19 07:00:00,0.604366284364134,3622.2551514797124,cand_015
2014-09-22 07:00:00,0.5104507579966491,3622.765602237709,cand_003
2014-09-22 07:00:00,0.6566499231364257,3623.4222521608453,cand_007
2014-09-22 07:00:00,0.5093902926608961,3623.9316424535064,cand_009
2014-09-22 07:00:00,0.5222644599299877,3624.453906913436,cand_011
2014-09-22 07:00:00,0.5221548113343271,3624.9760617247707,cand_013
2014-09-22 07:00:00,0.5271758785499405,3625.5032376033205,cand_014
2014-09-22 07:00:00,0.49031404625585057,3625.9935516495766,cand_014
2014-09-22 07:00:00,0.604366284364134,3626.597917933941,cand_015
2014-09-25 07:00:00,0.5104507579966491,3627.1083686919374,cand_003
2014-09-25 07:00:00,0.5093902926608961,3627.6177589845984,cand_009
2014-09-25 07:00:00,0.5222644599299877,3628.140023444528,cand_011
2014-09-25 07:00:00,0.5221548113343271,3628.6621782558627,cand_013
2014-09-25 07:00:00,0.5271758785499405,3629.1893541344125,cand_014
2014-09-26 07:00:00,0.5104507579966491,3629.6998048924097,cand_003
2014-09-26 07:00:00,0.5093902926608961,3630.2091951850703,cand_009
2014-09-26 07:00:00,0.5222644599299877,3630.7314596450005,cand_011
2014-09-26 07:00:00,0.5221548113343271,3631.2536144563346,cand_013
2014-09-26 07:00:00,0.5271758785499405,3631.780790334885,cand_014
2014-09-29 07:00:00,0.5104507579966491,3632.291241092881,cand_003
2014-09-29 07:00:00,0.5093902926608961,3632.800631385542,cand_009
2014-09-29 07:00:00,0.5222644599299877,3633.322895845472,cand_011
2014-09-29 07:00:00,0.5221548113343271,3633.8450506568065,cand_013
2014-09-29 07:00:00,0.5271758785499405,3634.3722265353563,cand_014
2014-09-29 08:05:40,0.0,3634.3722265353563,cand_003
2014-09-29 08:05:40,0.0,3634.3722265353563,cand_009
2014-09-29 08:05:40,0.0,3634.3722265353563,cand_011
2014-09-29 08:05:40,0.0,3634.3722265353563,cand_013
2014-09-29 08:05:40,0.0,3634.3722265353563,cand_014
2014-09-29 13:00:00,-5.152550004248528,3629.2196765311082,cand_003
2014-09-29 13:00:00,-5.14184554238881,3624.077830988719,cand_009
2014-09-29 13:00:00,-5.271798901410936,3618.8060320873083,cand_011
2014-09-29 13:00:00,-5.270692095586502,3613.5353399917217,cand_013
2014-09-29 13:00:00,-5.321375338774694,3608.2139646529467,cand_014
2014-09-30 07:00:00,0.5104507579966491,3608.724415410944,cand_003
2014-09-30 07:00:00,0.6566499231364257,3609.38106533408,cand_007
2014-09-30 07:00:00,0.5093902926608961,3609.8904556267407,cand_009
2014-09-30 07:00:00,0.5222644599299877,3610.412720086671,cand_011
2014-09-30 07:00:00,0.5221548113343271,3610.9348748980055,cand_013
2014-09-30 07:00:00,0.5271758785499405,3611.4620507765553,cand_014
2014-09-30 07:00:00,0.49031404625585057,3611.9523648228114,cand_014
2014-09-30 07:00:00,0.604366284364134,3612.5567311071754,cand_015
2014-10-01 07:00:00,0.5104507579966491,3613.067181865172,cand_003
2014-10-01 07:00:00,0.6566499231364257,3613.7238317883084,cand_007
2014-10-01 07:00:00,0.5093902926608961,3614.2332220809694,cand_009
2014-10-01 07:00:00,0.5222644599299877,3614.7554865408993,cand_011
2014-10-01 07:00:00,0.5221548113343271,3615.277641352234,cand_013
2014-10-01 07:00:00,0.5271758785499405,3615.8048172307836,cand_014
2014-10-01 07:00:00,0.49031404625585057,3616.2951312770397,cand_014
2014-10-01 07:00:00,0.604366284364134,3616.899497561404,cand_015
2014-10-06 07:00:00,0.5104507579966491,3617.4099483194004,cand_003
2014-10-06 07:00:00,0.5093902926608961,3617.9193386120614,cand_009
2014-10-06 07:00:00,0.5222644599299877,3618.4416030719913,cand_011
2014-10-06 07:00:00,0.5221548113343271,3618.963757883326,cand_013
2014-10-06 07:00:00,0.5271758785499405,3619.4909337618756,cand_014
2014-10-07 08:40:40,0.0,3619.4909337618756,cand_003
2014-10-07 08:40:40,0.0,3619.4909337618756,cand_007
2014-10-07 08:40:40,0.0,3619.4909337618756,cand_009
2014-10-07 08:40:40,0.0,3619.4909337618756,cand_011
2014-10-07 08:40:40,0.0,3619.4909337618756,cand_013
2014-10-07 08:40:40,0.0,3619.4909337618756,cand_014
2014-10-07 08:40:40,0.0,3619.4909337618756,cand_014
2014-10-07 08:40:40,0.0,3619.4909337618756,cand_015
2014-10-07 13:00:00,-8.617609855590487,3610.8733239062853,cand_003
2014-10-07 13:00:00,-11.085795761185539,3599.7875281450997,cand_007
2014-10-07 13:00:00,-8.599706705510423,3591.1878214395892,cand_009
2014-10-07 13:00:00,-8.817052941170969,3582.3707684984183,cand_011
2014-10-07 13:00:00,-8.815201814879522,3573.555566683539,cand_013
2014-10-07 13:00:00,-8.899969243754878,3564.655597439784,cand_014
2014-10-07 13:00:00,-8.277654780907595,3556.3779426588762,cand_014
2014-10-07 13:00:00,-10.203124918382732,3546.1748177404934,cand_015
2014-10-09 09:46:40,0.0,3546.1748177404934,cand_003
2014-10-09 09:46:40,0.0,3546.1748177404934,cand_009
2014-10-09 09:46:40,0.0,3546.1748177404934,cand_011
2014-10-09 09:46:40,0.0,3546.1748177404934,cand_013
2014-10-09 09:46:40,0.0,3546.1748177404934,cand_014
2014-10-09 09:46:40,0.0,3546.1748177404934,cand_014
2014-10-09 13:00:00,-10.296092053944175,3535.8787256865494,cand_003
2014-10-09 13:00:00,-10.2747018443189,3525.60402384223,cand_009
2014-10-09 13:00:00,-10.534381371176048,3515.069642471054,cand_011
2014-10-09 13:00:00,-10.532169694502398,3504.537472776552,cand_013
2014-10-09 13:00:00,-10.63344757381027,3493.9040252027416,cand_014
2014-10-09 13:00:00,-9.889922733007715,3484.014102469734,cand_014
2014-10-20 07:00:00,0.5104507579966491,3484.5245532277304,cand_003
2014-10-20 07:00:00,0.6566499231364257,3485.181203150867,cand_007
2014-10-20 07:00:00,0.5093902926608961,3485.690593443528,cand_009
2014-10-20 07:00:00,0.5222644599299877,3486.212857903458,cand_011
2014-10-20 07:00:00,0.5221548113343271,3486.735012714792,cand_013
2014-10-20 07:00:00,0.5271758785499405,3487.262188593342,cand_014
2014-10-20 07:00:00,0.49031404625585057,3487.752502639598,cand_014
2014-10-20 07:00:00,0.604366284364134,3488.3568689239623,cand_015
2014-10-21 07:32:40,0.0,3488.3568689239623,cand_003
2014-10-21 07:32:40,0.0,3488.3568689239623,cand_007
2014-10-21 07:32:40,0.0,3488.3568689239623,cand_009
2014-10-21 07:32:40,0.0,3488.3568689239623,cand_011
2014-10-21 07:32:40,0.0,3488.3568689239623,cand_013
2014-10-21 07:32:40,0.0,3488.3568689239623,cand_014
2014-10-21 07:32:40,0.0,3488.3568689239623,cand_014
2014-10-21 07:32:40,0.0,3488.3568689239623,cand_015
2014-10-21 13:00:00,-25.012087141835806,3463.3447817821266,cand_003
2014-10-21 13:00:00,-32.17584623368486,3431.1689355484414,cand_007
2014-10-21 13:00:00,-24.96012434038391,3406.208811208058,cand_009
2014-10-21 13:00:00,-25.5909585365694,3380.6178526714884,cand_011
2014-10-21 13:00:00,-25.585585755382027,3355.0322669161064,cand_013
2014-10-21 13:00:00,-25.831618048947085,3329.200648867159,cand_014
2014-10-21 13:00:00,-24.025388266536677,3305.1752606006226,cand_014
2014-10-21 13:00:00,-29.613947933842567,3275.56131266678,cand_015
2014-11-03 07:00:00,0.5104507579966491,3276.0717634247767,cand_003
2014-11-03 07:00:00,0.5093902926608961,3276.5811537174377,cand_009
2014-11-03 07:00:00,0.5222644599299877,3277.1034181773675,cand_011
2014-11-03 07:00:00,0.5221548113343271,3277.6255729887016,cand_013
2014-11-03 07:00:00,0.5271758785499405,3278.152748867252,cand_014
2014-11-04 07:00:00,0.5104507579966491,3278.663199625248,cand_003
2014-11-04 07:00:00,0.6566499231364257,3279.319849548385,cand_007
2014-11-04 07:00:00,0.5093902926608961,3279.829239841046,cand_009
2014-11-04 07:00:00,0.5222644599299877,3280.3515043009756,cand_011
2014-11-04 07:00:00,0.5221548113343271,3280.8736591123097,cand_013
2014-11-04 07:00:00,0.5271758785499405,3281.40083499086,cand_014
2014-11-04 07:00:00,0.49031404625585057,3281.8911490371156,cand_014
2014-11-04 07:00:00,0.604366284364134,3282.49551532148,cand_015
2014-11-05 07:00:00,0.5104507579966491,3283.005966079477,cand_003
2014-11-05 07:00:00,0.6566499231364257,3283.662616002613,cand_007
2014-11-05 07:00:00,0.5093902926608961,3284.172006295274,cand_009
2014-11-05 07:00:00,0.5222644599299877,3284.694270755204,cand_011
2014-11-05 07:00:00,0.5221548113343271,3285.2164255665384,cand_013
2014-11-05 07:00:00,0.5271758785499405,3285.743601445088,cand_014
2014-11-05 07:00:00,0.49031404625585057,3286.2339154913443,cand_014
2014-11-05 07:00:00,0.604366284364134,3286.8382817757083,cand_015
2014-11-05 07:54:40,0.0,3286.8382817757083,cand_003
2014-11-05 07:54:40,0.0,3286.8382817757083,cand_007
2014-11-05 07:54:40,0.0,3286.8382817757083,cand_009
2014-11-05 07:54:40,0.0,3286.8382817757083,cand_011
2014-11-05 07:54:40,0.0,3286.8382817757083,cand_013
2014-11-05 07:54:40,0.0,3286.8382817757083,cand_014
2014-11-05 07:54:40,0.0,3286.8382817757083,cand_014
2014-11-05 07:54:40,0.0,3286.8382817757083,cand_015
2014-11-05 13:00:00,11.33200682752561,3298.1702886032335,cand_003
2014-11-05 13:00:00,14.577628293628651,3312.7479168968625,cand_007
2014-11-05 13:00:00,11.308464497071895,3324.0563813939343,cand_009
2014-11-05 13:00:00,11.594271010445729,3335.65065240438,cand_011
2014-11-05 13:00:00,11.591836811622063,3347.242489216002,cand_013
2014-11-05 13:00:00,11.703304503808681,3358.945793719811,cand_014
2014-11-05 13:00:00,10.884971826879884,3369.8307655466906,cand_014
2014-11-05 13:00:00,13.416931512883776,3383.2476970595744,cand_015
2014-11-06 07:00:00,0.5104507579966491,3383.758147817571,cand_003
2014-11-06 07:00:00,0.5093902926608961,3384.267538110232,cand_009
2014-11-06 07:00:00,0.5222644599299877,3384.789802570162,cand_011
2014-11-06 07:00:00,0.5221548113343271,3385.3119573814965,cand_013
2014-11-06 07:00:00,0.5271758785499405,3385.8391332600463,cand_014
2014-11-06 07:00:00,0.49031404625585057,3386.3294473063024,cand_014
2014-11-06 07:00:00,0.604366284364134,3386.9338135906664,cand_015
2014-11-07 07:00:00,0.5104507579966491,3387.4442643486627,cand_003
2014-11-07 07:00:00,0.5093902926608961,3387.9536546413237,cand_009
2014-11-07 07:00:00,0.5222644599299877,3388.4759191012536,cand_011
2014-11-07 07:00:00,0.5221548113343271,3388.998073912588,cand_013
2014-11-07 07:00:00,0.5271758785499405,3389.525249791138,cand_014
2014-11-07 07:00:00,0.49031404625585057,3390.015563837394,cand_014
2014-11-07 07:00:00,0.604366284364134,3390.619930121758,cand_015
2014-11-10 09:47:40,0.0,3390.619930121758,cand_003
2014-11-10 09:47:40,0.0,3390.619930121758,cand_009
2014-11-10 09:47:40,0.0,3390.619930121758,cand_011
2014-11-10 09:47:40,0.0,3390.619930121758,cand_013
2014-11-10 09:47:40,0.0,3390.619930121758,cand_014
2014-11-10 13:00:00,-7.371509475775139,3383.248420645983,cand_003
2014-11-10 13:00:00,-7.356195108720589,3375.892225537262,cand_009
2014-11-10 13:00:00,-7.542113230165412,3368.350112307097,cand_011
2014-11-10 13:00:00,-7.540529775445724,3360.8095825316514,cand_013
2014-11-10 13:00:00,-7.613039893177083,3353.196542638474,cand_014
2014-11-11 07:00:00,0.5104507579966491,3353.706993396471,cand_003
2014-11-11 07:00:00,0.6566499231364257,3354.363643319607,cand_007
2014-11-11 07:00:00,0.5093902926608961,3354.873033612268,cand_009
2014-11-11 07:00:00,0.5222644599299877,3355.395298072198,cand_011
2014-11-11 07:00:00,0.5221548113343271,3355.9174528835324,cand_013
2014-11-11 07:00:00,0.5271758785499405,3356.444628762082,cand_014
2014-11-11 07:00:00,0.49031404625585057,3356.9349428083383,cand_014
2014-11-11 07:00:00,0.604366284364134,3357.5393090927023,cand_015
2014-11-11 08:51:40,0.0,3357.5393090927023,cand_003
2014-11-11 08:51:40,0.0,3357.5393090927023,cand_007
2014-11-11 08:51:40,0.0,3357.5393090927023,cand_009
2014-11-11 08:51:40,0.0,3357.5393090927023,cand_011
2014-11-11 08:51:40,0.0,3357.5393090927023,cand_013
2014-11-11 08:51:40,0.0,3357.5393090927023,cand_014
2014-11-11 08:51:40,0.0,3357.5393090927023,cand_014
2014-11-11 08:51:40,0.0,3357.5393090927023,cand_015
2014-11-11 13:00:00,28.579237144777096,3386.1185462374797,cand_003
2014-11-11 13:00:00,36.76467040242647,3422.883216639906,cand_007
2014-11-11 13:00:00,28.519863562037706,3451.4030802019433,cand_009
2014-11-11 13:00:00,29.240665468315434,3480.643745670259,cand_011
2014-11-11 13:00:00,29.234526436941916,3509.878272107201,cand_013
2014-11-11 13:00:00,29.515647129637262,3539.393919236838,cand_014
2014-11-11 13:00:00,27.451818189783445,3566.845737426622,cand_014
2014-11-11 13:00:00,33.837401732810754,3600.6831391594324,cand_015
2014-11-12 07:00:00,0.5104507579966491,3601.193589917429,cand_003
2014-11-12 07:00:00,0.6566499231364257,3601.8502398405653,cand_007
2014-11-12 07:00:00,0.5093902926608961,3602.3596301332263,cand_009
2014-11-12 07:00:00,0.5222644599299877,3602.881894593156,cand_011
2014-11-12 07:00:00,0.5221548113343271,3603.4040494044907,cand_013
2014-11-12 07:00:00,0.5271758785499405,3603.9312252830405,cand_014
2014-11-12 07:00:00,0.49031404625585057,3604.4215393292966,cand_014
2014-11-12 07:00:00,0.604366284364134,3605.025905613661,cand_015
2014-11-13 07:00:00,0.5104507579966491,3605.5363563716573,cand_003
2014-11-13 07:00:00,0.5093902926608961,3606.0457466643184,cand_009
2014-11-13 07:00:00,0.5222644599299877,3606.568011124248,cand_011
2014-11-13 07:00:00,0.5221548113343271,3607.0901659355827,cand_013
2014-11-13 07:00:00,0.5271758785499405,3607.6173418141325,cand_014
2014-11-13 07:00:00,0.49031404625585057,3608.1076558603886,cand_014
2014-11-14 07:00:00,0.5104507579966491,3608.6181066183854,cand_003
2014-11-14 07:00:00,0.5093902926608961,3609.1274969110464,cand_009
2014-11-14 07:00:00,0.5222644599299877,3609.649761370976,cand_011
2014-11-14 07:00:00,0.5221548113343271,3610.1719161823103,cand_013
2014-11-14 07:00:00,0.5271758785499405,3610.6990920608605,cand_014
2014-11-14 07:00:00,0.49031404625585057,3611.189406107116,cand_014
2014-11-14 09:05:40,0.0,3611.189406107116,cand_003
2014-11-14 09:05:40,0.0,3611.189406107116,cand_009
2014-11-14 09:05:40,0.0,3611.189406107116,cand_011
2014-11-14 09:05:40,0.0,3611.189406107116,cand_013
2014-11-14 09:05:40,0.0,3611.189406107116,cand_014
2014-11-14 09:05:40,0.0,3611.189406107116,cand_014
2014-11-14 13:00:00,1.0839571978634726,3612.27336330498,cand_003
2014-11-14 13:00:00,1.081705268532844,3613.3550685735127,cand_009
2014-11-14 13:00:00,1.1090439413807387,3614.4641125148937,cand_011
2014-11-14 13:00:00,1.1088110993628946,3615.5729236142565,cand_013
2014-11-14 13:00:00,1.1194734832736972,3616.6923970975304,cand_014
2014-11-14 13:00:00,1.041196298225659,3617.7335933957556,cand_014
2014-11-18 07:00:00,0.5104507579966491,3618.244044153753,cand_003
2014-11-18 07:00:00,0.5093902926608961,3618.7534344464134,cand_009
2014-11-18 07:00:00,0.5222644599299877,3619.2756989063437,cand_011
2014-11-18 07:00:00,0.5221548113343271,3619.7978537176778,cand_013
2014-11-18 07:00:00,0.5271758785499405,3620.325029596228,cand_014
2014-11-18 07:00:00,0.49031404625585057,3620.8153436424836,cand_014
2014-11-19 07:00:00,0.5104507579966491,3621.3257944004804,cand_003
2014-11-19 07:00:00,0.6566499231364257,3621.9824443236166,cand_007
2014-11-19 07:00:00,0.5093902926608961,3622.4918346162776,cand_009
2014-11-19 07:00:00,0.5222644599299877,3623.0140990762075,cand_011
2014-11-19 07:00:00,0.5221548113343271,3623.536253887542,cand_013
2014-11-19 07:00:00,0.5271758785499405,3624.0634297660918,cand_014
2014-11-19 07:00:00,0.49031404625585057,3624.553743812348,cand_014
2014-11-19 07:00:00,0.604366284364134,3625.1581100967123,cand_015
2014-11-20 07:00:00,0.5104507579966491,3625.6685608547086,cand_003
2014-11-20 07:00:00,0.6566499231364257,3626.3252107778453,cand_007
2014-11-20 07:00:00,0.5093902926608961,3626.8346010705063,cand_009
2014-11-20 07:00:00,0.5222644599299877,3627.356865530436,cand_011
2014-11-20 07:00:00,0.5221548113343271,3627.8790203417702,cand_013
2014-11-20 07:00:00,0.5271758785499405,3628.4061962203205,cand_014
2014-11-20 07:00:00,0.49031404625585057,3628.896510266576,cand_014
2014-11-20 07:00:00,0.604366284364134,3629.5008765509406,cand_015
2014-11-20 07:22:40,0.0,3629.5008765509406,cand_003
2014-11-20 07:22:40,0.0,3629.5008765509406,cand_007
2014-11-20 07:22:40,0.0,3629.5008765509406,cand_009
2014-11-20 07:22:40,0.0,3629.5008765509406,cand_011
2014-11-20 07:22:40,0.0,3629.5008765509406,cand_013
2014-11-20 07:22:40,0.0,3629.5008765509406,cand_014
2014-11-20 07:22:40,0.0,3629.5008765509406,cand_014
2014-11-20 07:22:40,0.0,3629.5008765509406,cand_015
2014-11-20 13:00:00,-20.10575456203272,3609.3951219889077,cand_003
2014-11-20 13:00:00,-25.8642816783618,3583.5308403105464,cand_007
2014-11-20 13:00:00,-20.063984703866826,3563.466855606679,cand_009
2014-11-20 13:00:00,-20.571075433477635,3542.8957801732013,cand_011
2014-11-20 13:00:00,-20.566756568792083,3522.3290236044095,cand_013
2014-11-20 13:00:00,-20.764527545708244,3501.564496058701,cand_014
2014-11-20 13:00:00,-19.312605021936324,3482.251891036765,cand_014
2014-11-20 13:00:00,-23.804921412366124,3458.4469696243987,cand_015
2014-11-24 07:00:00,0.5104507579966491,3458.9574203823954,cand_003
2014-11-24 07:00:00,0.6566499231364257,3459.6140703055316,cand_007
2014-11-24 07:00:00,0.5093902926608961,3460.1234605981927,cand_009
2014-11-24 07:00:00,0.5222644599299877,3460.6457250581225,cand_011
2014-11-24 07:00:00,0.5221548113343271,3461.167879869457,cand_013
2014-11-24 07:00:00,0.5271758785499405,3461.695055748007,cand_014
2014-11-24 07:00:00,0.49031404625585057,3462.185369794263,cand_014
2014-11-24 07:00:00,0.604366284364134,3462.789736078627,cand_015
2014-11-28 07:00:00,0.5104507579966491,3463.3001868366237,cand_003
2014-11-28 07:00:00,0.6566499231364257,3463.9568367597603,cand_007
2014-11-28 07:00:00,0.5093902926608961,3464.466227052421,cand_009
2014-11-28 07:00:00,0.5222644599299877,3464.988491512351,cand_011
2014-11-28 07:00:00,0.5221548113343271,3465.5106463236853,cand_013
2014-11-28 07:00:00,0.5271758785499405,3466.0378222022355,cand_014
2014-11-28 07:00:00,0.49031404625585057,3466.528136248491,cand_014
2014-11-28 07:00:00,0.604366284364134,3467.132502532855,cand_015
2014-12-01 07:00:00,0.5104507579966491,3467.642953290852,cand_003
2014-12-01 07:00:00,0.5093902926608961,3468.152343583513,cand_009
2014-12-01 07:00:00,0.5222644599299877,3468.6746080434427,cand_011
2014-12-01 07:00:00,0.5221548113343271,3469.1967628547773,cand_013
2014-12-01 07:00:00,0.5271758785499405,3469.723938733327,cand_014
2014-12-02 07:00:00,0.5104507579966491,3470.234389491324,cand_003
2014-12-02 07:00:00,0.5093902926608961,3470.743779783985,cand_009
2014-12-02 07:00:00,0.5222644599299877,3471.2660442439146,cand_011
2014-12-02 07:00:00,0.5221548113343271,3471.7881990552487,cand_013
2014-12-02 07:00:00,0.5271758785499405,3472.315374933799,cand_014
2014-12-02 09:01:40,0.0,3472.315374933799,cand_003
2014-12-02 09:01:40,0.0,3472.315374933799,cand_009
2014-12-02 09:01:40,0.0,3472.315374933799,cand_011
2014-12-02 09:01:40,0.0,3472.315374933799,cand_013
2014-12-02 09:01:40,0.0,3472.315374933799,cand_014
2014-12-02 13:00:00,10.560325387495382,3482.875700321294,cand_003
2014-12-02 13:00:00,10.53838623110807,3493.4140865524023,cand_009
2014-12-02 13:00:00,10.804730032786866,3504.2188165851894,cand_011
2014-12-02 13:00:00,10.802461596840168,3515.021278182029,cand_013
2014-12-02 13:00:00,10.906338616824359,3525.9276167988537,cand_014
2014-12-03 07:00:00,0.5104507579966491,3526.4380675568505,cand_003
2014-12-03 07:00:00,0.6566499231364257,3527.0947174799867,cand_007
2014-12-03 07:00:00,0.5093902926608961,3527.6041077726477,cand_009
2014-12-03 07:00:00,0.5222644599299877,3528.1263722325775,cand_011
2014-12-03 07:00:00,0.5221548113343271,3528.648527043912,cand_013
2014-12-03 07:00:00,0.5271758785499405,3529.175702922462,cand_014
2014-12-03 07:00:00,0.49031404625585057,3529.666016968718,cand_014
2014-12-03 07:00:00,0.604366284364134,3530.2703832530824,cand_015
2014-12-05 07:00:00,0.5104507579966491,3530.7808340110787,cand_003
2014-12-05 07:00:00,0.6566499231364257,3531.4374839342154,cand_007
2014-12-05 07:00:00,0.5093902926608961,3531.9468742268764,cand_009
2014-12-05 07:00:00,0.5222644599299877,3532.469138686806,cand_011
2014-12-05 07:00:00,0.5221548113343271,3532.9912934981403,cand_013
2014-12-05 07:00:00,0.5271758785499405,3533.5184693766905,cand_014
2014-12-05 07:00:00,0.49031404625585057,3534.008783422946,cand_014
2014-12-05 07:00:00,0.604366284364134,3534.6131497073106,cand_015
2014-12-08 07:00:00,0.5104507579966491,3535.1236004653074,cand_003
2014-12-08 07:00:00,0.5093902926608961,3535.6329907579684,cand_009
2014-12-08 07:00:00,0.5222644599299877,3536.1552552178982,cand_011
2014-12-08 07:00:00,0.5221548113343271,3536.6774100292323,cand_013
2014-12-08 07:00:00,0.5271758785499405,3537.2045859077825,cand_014
2014-12-08 07:00:00,0.49031404625585057,3537.694899954038,cand_014
2014-12-09 08:18:20,0.0,3537.694899954038,cand_003
2014-12-09 08:18:20,0.0,3537.694899954038,cand_009
2014-12-09 08:18:20,0.0,3537.694899954038,cand_011
2014-12-09 08:18:20,0.0,3537.694899954038,cand_013
2014-12-09 08:18:20,0.0,3537.694899954038,cand_014
2014-12-09 08:18:20,0.0,3537.694899954038,cand_014
2014-12-09 13:00:00,-1.1019731069692367,3536.592926847069,cand_003
2014-12-09 13:00:00,-1.0996837494502876,3535.4932430976187,cand_009
2014-12-09 13:00:00,-1.1274768046723853,3534.3657662929463,cand_011
2014-12-09 13:00:00,-1.1272400927041062,3533.2385262002426,cand_013
2014-12-09 13:00:00,-1.1380796907519306,3532.10044650949,cand_014
2014-12-09 13:00:00,-1.0585014998582185,3531.0419450096324,cand_014
2014-12-16 07:56:40,0.0,3531.0419450096324,cand_003
2014-12-16 07:56:40,0.0,3531.0419450096324,cand_007
2014-12-16 07:56:40,0.0,3531.0419450096324,cand_009
2014-12-16 07:56:40,0.0,3531.0419450096324,cand_011
2014-12-16 07:56:40,0.0,3531.0419450096324,cand_013
2014-12-16 07:56:40,0.0,3531.0419450096324,cand_014
2014-12-16 07:56:40,0.0,3531.0419450096324,cand_014
2014-12-16 07:56:40,0.0,3531.0419450096324,cand_015
2014-12-16 13:00:00,16.80884319567789,3547.85078820531,cand_003
2014-12-16 13:00:00,21.62309570422183,3569.4738839095317,cand_007
2014-12-16 13:00:00,16.773922695974687,3586.2478066055064,cand_009
2014-12-16 13:00:00,17.197861451106302,3603.4456680566127,cand_011
2014-12-16 13:00:00,17.19425078735037,3620.639918843963,cand_013
2014-12-16 13:00:00,17.359591577191573,3637.999510421155,cand_014
2014-12-16 13:00:00,16.145753123177947,3654.145263544333,cand_014
2014-12-16 13:00:00,19.901426234531893,3674.0466897788647,cand_015
2014-12-18 07:00:00,0.5104507579966491,3674.5571405368614,cand_003
2014-12-18 07:00:00,0.6566499231364257,3675.2137904599977,cand_007
2014-12-18 07:00:00,0.5093902926608961,3675.7231807526587,cand_009
2014-12-18 07:00:00,0.5222644599299877,3676.2454452125885,cand_011
2014-12-18 07:00:00,0.5221548113343271,3676.767600023923,cand_013
2014-12-18 07:00:00,0.5271758785499405,3677.294775902473,cand_014
2014-12-18 07:00:00,0.49031404625585057,3677.785089948729,cand_014
2014-12-18 07:00:00,0.604366284364134,3678.3894562330934,cand_015
2014-12-19 07:00:00,0.5104507579966491,3678.8999069910897,cand_003
2014-12-19 07:00:00,0.6566499231364257,3679.5565569142263,cand_007
2014-12-19 07:00:00,0.5093902926608961,3680.0659472068874,cand_009
2014-12-19 07:00:00,0.5222644599299877,3680.588211666817,cand_011
2014-12-19 07:00:00,0.5221548113343271,3681.1103664781513,cand_013
2014-12-19 07:00:00,0.5271758785499405,3681.6375423567015,cand_014
2014-12-19 07:00:00,0.49031404625585057,3682.127856402957,cand_014
2014-12-19 07:00:00,0.604366284364134,3682.7322226873216,cand_015
2014-12-19 08:36:40,0.0,3682.7322226873216,cand_003
2014-12-19 08:36:40,0.0,3682.7322226873216,cand_007
2014-12-19 08:36:40,0.0,3682.7322226873216,cand_009
2014-12-19 08:36:40,0.0,3682.7322226873216,cand_011
2014-12-19 08:36:40,0.0,3682.7322226873216,cand_013
2014-12-19 08:36:40,0.0,3682.7322226873216,cand_014
2014-12-19 08:36:40,0.0,3682.7322226873216,cand_014
2014-12-19 08:36:40,0.0,3682.7322226873216,cand_015
2014-12-19 13:00:00,-3.0176647752154846,3679.714557912106,cand_003
2014-12-19 13:00:00,-3.8819598397182813,3675.8325980723876,cand_007
2014-12-19 13:00:00,-3.0113955536717687,3672.821202518716,cand_009
2014-12-19 13:00:00,-3.0875046013508105,3669.733697917365,cand_011
2014-12-19 13:00:00,-3.086856384652934,3666.6468415327126,cand_013
2014-12-19 13:00:00,-3.116539752604061,3663.5303017801084,cand_014
2014-12-19 13:00:00,-2.898621273453705,3660.6316805066544,cand_014
2014-12-19 13:00:00,-3.5728712693291453,3657.0588092373255,cand_015
2014-12-22 07:00:00,0.5104507579966491,3657.569259995322,cand_003
2014-12-22 07:00:00,0.6566499231364257,3658.2259099184585,cand_007
2014-12-22 07:00:00,0.5093902926608961,3658.7353002111195,cand_009
2014-12-22 07:00:00,0.5222644599299877,3659.2575646710493,cand_011
2014-12-22 07:00:00,0.5221548113343271,3659.779719482384,cand_013
2014-12-22 07:00:00,0.5271758785499405,3660.3068953609336,cand_014
2014-12-22 07:00:00,0.49031404625585057,3660.7972094071897,cand_014
2014-12-22 07:00:00,0.604366284364134,3661.401575691554,cand_015
2014-12-24 07:00:00,0.5104507579966491,3661.9120264495505,cand_003
2014-12-24 07:00:00,0.6566499231364257,3662.568676372687,cand_007
2014-12-24 07:00:00,0.5093902926608961,3663.078066665348,cand_009
2014-12-24 07:00:00,0.5222644599299877,3663.600331125278,cand_011
2014-12-24 07:00:00,0.5221548113343271,3664.122485936612,cand_013
2014-12-24 07:00:00,0.5271758785499405,3664.6496618151623,cand_014
2014-12-24 07:00:00,0.49031404625585057,3665.139975861418,cand_014
2014-12-24 07:00:00,0.604366284364134,3665.7443421457824,cand_015
2014-12-30 09:09:40,0.0,3665.7443421457824,cand_003
2014-12-30 09:09:40,0.0,3665.7443421457824,cand_007
2014-12-30 09:09:40,0.0,3665.7443421457824,cand_009
2014-12-30 09:09:40,0.0,3665.7443421457824,cand_011
2014-12-30 09:09:40,0.0,3665.7443421457824,cand_013
2014-12-30 09:09:40,0.0,3665.7443421457824,cand_014
2014-12-30 09:09:40,0.0,3665.7443421457824,cand_014
2014-12-30 09:09:40,0.0,3665.7443421457824,cand_015
2014-12-30 10:06:40,35.81832968862487,3701.5626718344074,cand_003
2014-12-30 10:06:40,47.724143221169065,3749.286815055576,cand_003
2014-12-30 10:06:40,46.07712510648299,3795.3639401620594,cand_007
2014-12-30 10:06:40,61.392905166649115,3856.7568453287086,cand_007
2014-12-30 10:06:40,47.62499595030755,3904.381841279016,cand_009
2014-12-30 10:06:40,35.74391683601508,3940.125758115031,cand_009
2014-12-30 10:06:40,48.82865485957191,3988.9544129746027,cand_011
2014-12-30 10:06:40,36.64729715328724,4025.6017101278903,cand_011
2014-12-30 10:06:40,48.81840336086938,4074.42011348876,cand_013
2014-12-30 10:06:40,36.639603111329734,4111.05971660009,cand_013
2014-12-30 10:06:40,36.99193139784933,4148.051647997939,cand_014
2014-12-30 10:06:40,49.28784360983974,4197.339491607779,cand_014
2014-12-30 10:06:40,45.841479124649936,4243.180970732428,cand_014
2014-12-30 10:06:40,34.40533662577303,4277.586307358201,cand_014
2014-12-30 10:06:40,56.504692492256154,4334.090999850458,cand_015
2014-12-30 10:06:40,42.408382173831285,4376.499382024289,cand_015
2015-01-02 07:00:00,0.5104507579966491,4377.009832782285,cand_003
2015-01-02 07:00:00,0.6566499231364257,4377.666482705422,cand_007
2015-01-02 07:00:00,0.5093902926608961,4378.175872998083,cand_009
2015-01-02 07:00:00,0.5222644599299877,4378.698137458013,cand_011
2015-01-02 07:00:00,0.5221548113343271,4379.220292269347,cand_013
2015-01-02 07:00:00,0.5271758785499405,4379.747468147897,cand_014
2015-01-02 07:00:00,0.49031404625585057,4380.237782194154,cand_014
2015-01-02 07:00:00,0.604366284364134,4380.842148478518,cand_015
2015-01-05 07:00:00,0.5104507579966491,4381.352599236514,cand_003
2015-01-05 07:00:00,0.5093902926608961,4381.861989529175,cand_009
2015-01-05 07:00:00,0.5222644599299877,4382.384253989105,cand_011
2015-01-05 07:00:00,0.5221548113343271,4382.90640880044,cand_013
2015-01-05 07:00:00,0.5271758785499405,4383.433584678989,cand_014
2015-01-05 07:00:00,0.49031404625585057,4383.923898725245,cand_014
2015-01-05 07:00:00,0.604366284364134,4384.52826500961,cand_015
2015-01-06 07:53:40,0.0,4384.52826500961,cand_003
2015-01-06 07:53:40,0.0,4384.52826500961,cand_009
2015-01-06 07:53:40,0.0,4384.52826500961,cand_011
2015-01-06 07:53:40,0.0,4384.52826500961,cand_013
2015-01-06 07:53:40,0.0,4384.52826500961,cand_014
2015-01-06 13:00:00,-1.9667367440459127,4382.5615282655635,cand_003
2015-01-06 13:00:00,-1.9626508334875703,4380.598877432076,cand_009
2015-01-06 13:00:00,-2.0122542426714234,4378.586623189405,cand_011
2015-01-06 13:00:00,-2.0118317730822604,4376.574791416322,cand_013
2015-01-06 13:00:00,-2.031177649707124,4374.543613766615,cand_014
2015-01-08 07:00:00,0.5104507579966491,4375.054064524612,cand_003
2015-01-08 07:00:00,0.6566499231364257,4375.710714447749,cand_007
2015-01-08 07:00:00,0.5093902926608961,4376.220104740409,cand_009
2015-01-08 07:00:00,0.5222644599299877,4376.742369200339,cand_011
2015-01-08 07:00:00,0.5221548113343271,4377.2645240116735,cand_013
2015-01-08 07:00:00,0.5271758785499405,4377.791699890224,cand_014
2015-01-08 07:00:00,0.49031404625585057,4378.282013936479,cand_014
2015-01-08 07:00:00,0.604366284364134,4378.886380220843,cand_015
2015-01-08 09:00:40,0.0,4378.886380220843,cand_003
2015-01-08 09:00:40,0.0,4378.886380220843,cand_007
2015-01-08 09:00:40,0.0,4378.886380220843,cand_009
2015-01-08 09:00:40,0.0,4378.886380220843,cand_011
2015-01-08 09:00:40,0.0,4378.886380220843,cand_013
2015-01-08 09:00:40,0.0,4378.886380220843,cand_014
2015-01-08 09:00:40,0.0,4378.886380220843,cand_014
2015-01-08 09:00:40,0.0,4378.886380220843,cand_015
2015-01-08 13:00:00,-5.714045838044843,4373.172334382799,cand_003
2015-01-08 13:00:00,-7.350616492521283,4365.821717890278,cand_007
2015-01-08 13:00:00,-5.702174864315797,4360.119543025961,cand_009
2015-01-08 13:00:00,-5.846289807333922,4354.273253218627,cand_011
2015-01-08 13:00:00,-5.845062388054262,4348.428190830574,cand_013
2015-01-08 13:00:00,-5.90126880517963,4342.526922025394,cand_014
2015-01-08 13:00:00,-5.488633117793434,4337.038288907601,cand_014
2015-01-08 13:00:00,-6.7653472890879245,4330.272941618513,cand_015
2015-01-14 07:26:40,0.0,4330.272941618513,cand_003
2015-01-14 07:26:40,0.0,4330.272941618513,cand_009
2015-01-14 07:26:40,0.0,4330.272941618513,cand_011
2015-01-14 07:26:40,0.0,4330.272941618513,cand_013
2015-01-14 07:26:40,0.0,4330.272941618513,cand_014
2015-01-14 07:26:40,0.0,4330.272941618513,cand_014
2015-01-14 07:26:40,0.0,4330.272941618513,cand_015
2015-01-14 13:00:00,5.080486367825473,4335.353427986338,cand_003
2015-01-14 13:00:00,5.069931618719037,4340.423359605057,cand_009
2015-01-14 13:00:00,5.198067448244349,4345.621427053302,cand_011
2015-01-14 13:00:00,5.196976122221656,4350.818403175523,cand_013
2015-01-14 13:00:00,5.246950508861762,4356.065353684385,cand_014
2015-01-14 13:00:00,4.88006686038176,4360.945420544766,cand_014
2015-01-14 13:00:00,6.015222077318323,4366.960642622085,cand_015
2015-01-15 07:00:00,0.5104507579966491,4367.471093380082,cand_003
2015-01-15 07:00:00,0.5093902926608961,4367.980483672743,cand_009
2015-01-15 07:00:00,0.5222644599299877,4368.502748132672,cand_011
2015-01-15 07:00:00,0.5221548113343271,4369.024902944007,cand_013
2015-01-15 07:00:00,0.5271758785499405,4369.552078822557,cand_014
2015-01-15 07:00:00,0.49031404625585057,4370.042392868812,cand_014
2015-01-15 07:00:00,0.604366284364134,4370.646759153177,cand_015
2015-01-15 08:10:40,0.0,4370.646759153177,cand_003
2015-01-15 08:10:40,0.0,4370.646759153177,cand_009
2015-01-15 08:10:40,0.0,4370.646759153177,cand_011
2015-01-15 08:10:40,0.0,4370.646759153177,cand_013
2015-01-15 08:10:40,0.0,4370.646759153177,cand_014
2015-01-15 08:10:40,0.0,4370.646759153177,cand_014
2015-01-15 08:10:40,0.0,4370.646759153177,cand_015
2015-01-15 11:32:40,-34.09510798265853,4336.551651170519,cand_003
2015-01-15 11:32:40,-34.02427513626162,4302.527376034257,cand_009
2015-01-15 11:32:40,-34.88419377944124,4267.643182254816,cand_011
2015-01-15 11:32:40,-34.876869898242845,4232.766312356573,cand_013
2015-01-15 11:32:40,-35.21224765255632,4197.554064704017,cand_014
2015-01-15 11:32:40,-40.36811269973377,4157.1859520042835,cand_015
2015-01-15 11:33:40,-35.867914583751514,4121.318037420531,cand_014
2015-01-20 07:00:00,0.6566499231364257,4121.974687343668,cand_007
2015-01-20 08:15:40,0.0,4121.974687343668,cand_007
2015-01-20 13:00:00,-3.9167236591784453,4118.05796368449,cand_007
2015-01-21 08:52:40,0.0,4118.05796368449,cand_007
2015-01-21 13:00:00,-12.928278192574215,4105.129685491916,cand_007
2015-01-22 07:00:00,0.6566499231364257,4105.786335415052,cand_007
2015-01-27 07:00:00,0.6566499231364257,4106.442985338188,cand_007
2015-02-04 07:00:00,0.5104507579966491,4106.953436096185,cand_003
2015-02-04 07:00:00,0.5093902926608961,4107.462826388846,cand_009
2015-02-04 07:00:00,0.5222644599299877,4107.985090848776,cand_011
2015-02-04 07:00:00,0.5221548113343271,4108.50724566011,cand_013
2015-02-04 07:00:00,0.5271758785499405,4109.03442153866,cand_014
2015-02-04 07:00:00,0.49031404625585057,4109.524735584916,cand_014
2015-02-09 07:00:00,0.5104507579966491,4110.035186342913,cand_003
2015-02-09 07:00:00,0.5093902926608961,4110.544576635573,cand_009
2015-02-09 07:00:00,0.5222644599299877,4111.066841095504,cand_011
2015-02-09 07:00:00,0.5221548113343271,4111.588995906838,cand_013
2015-02-09 07:00:00,0.5271758785499405,4112.116171785388,cand_014
2015-02-09 07:00:00,0.49031404625585057,4112.606485831644,cand_014
2015-02-09 07:00:00,0.604366284364134,4113.210852116008,cand_015
2015-02-10 07:00:00,0.5104507579966491,4113.721302874004,cand_003
2015-02-10 07:00:00,0.5093902926608961,4114.230693166665,cand_009
2015-02-10 07:00:00,0.5222644599299877,4114.752957626595,cand_011
2015-02-10 07:00:00,0.5221548113343271,4115.27511243793,cand_013
2015-02-10 07:00:00,0.5271758785499405,4115.8022883164795,cand_014
2015-02-10 07:00:00,0.49031404625585057,4116.292602362736,cand_014
2015-02-11 07:00:00,0.5104507579966491,4116.803053120732,cand_003
2015-02-11 07:00:00,0.6566499231364257,4117.459703043869,cand_007
2015-02-11 07:00:00,0.5093902926608961,4117.96909333653,cand_009
2015-02-11 07:00:00,0.5222644599299877,4118.49135779646,cand_011
2015-02-11 07:00:00,0.5221548113343271,4119.013512607794,cand_013
2015-02-11 07:00:00,0.5271758785499405,4119.540688486344,cand_014
2015-02-11 07:00:00,0.49031404625585057,4120.0310025326,cand_014
2015-02-11 07:00:00,0.604366284364134,4120.635368816964,cand_015
2015-02-12 07:00:00,0.5104507579966491,4121.145819574961,cand_003
2015-02-12 07:00:00,0.5093902926608961,4121.655209867622,cand_009
2015-02-12 07:00:00,0.5222644599299877,4122.177474327552,cand_011
2015-02-12 07:00:00,0.5221548113343271,4122.699629138886,cand_013
2015-02-12 07:00:00,0.5271758785499405,4123.226805017436,cand_014
2015-02-12 07:00:00,0.49031404625585057,4123.717119063692,cand_014
2015-02-18 07:00:00,0.5104507579966491,4124.227569821689,cand_003
2015-02-18 07:00:00,0.6566499231364257,4124.884219744825,cand_007
2015-02-18 07:00:00,0.5093902926608961,4125.393610037486,cand_009
2015-02-18 07:00:00,0.5222644599299877,4125.915874497416,cand_011
2015-02-18 07:00:00,0.5221548113343271,4126.438029308751,cand_013
2015-02-18 07:00:00,0.5271758785499405,4126.9652051873,cand_014
2015-02-18 07:00:00,0.49031404625585057,4127.4555192335565,cand_014
2015-02-18 07:00:00,0.604366284364134,4128.0598855179205,cand_015
2015-02-24 07:00:00,0.5104507579966491,4128.570336275918,cand_003
2015-02-24 07:00:00,0.6566499231364257,4129.2269861990535,cand_007
2015-02-24 07:00:00,0.5093902926608961,4129.7363764917145,cand_009
2015-02-24 07:00:00,0.5222644599299877,4130.258640951644,cand_011
2015-02-24 07:00:00,0.5221548113343271,4130.780795762979,cand_013
2015-02-24 07:00:00,0.5271758785499405,4131.307971641529,cand_014
2015-02-24 07:00:00,0.49031404625585057,4131.798285687784,cand_014
2015-02-24 07:00:00,0.604366284364134,4132.402651972149,cand_015
2015-02-24 08:41:40,0.0,4132.402651972149,cand_003
2015-02-24 08:41:40,0.0,4132.402651972149,cand_007
2015-02-24 08:41:40,0.0,4132.402651972149,cand_009
2015-02-24 08:41:40,0.0,4132.402651972149,cand_011
2015-02-24 08:41:40,0.0,4132.402651972149,cand_013
2015-02-24 08:41:40,0.0,4132.402651972149,cand_014
2015-02-24 08:41:40,0.0,4132.402651972149,cand_014
2015-02-24 08:41:40,0.0,4132.402651972149,cand_015
2015-02-24 13:00:00,11.608250767147325,4144.010902739296,cand_003
2015-02-24 13:00:00,14.932991781443656,4158.94389452074,cand_007
2015-02-24 13:00:00,11.584134537806026,4170.528029058546,cand_009
2015-02-24 13:00:00,11.876908247584309,4182.40493730613,cand_011
2015-02-24 13:00:00,11.874414709520638,4194.279352015651,cand_013
2015-02-24 13:00:00,11.988599685141589,4206.267951700793,cand_014
2015-02-24 13:00:00,11.15031825191246,4217.418269952705,cand_014
2015-02-24 13:00:00,13.744000325598481,4231.162270278303,cand_015
2015-02-26 07:00:00,0.5104507579966491,4231.672721036301,cand_003
2015-02-26 07:00:00,0.5093902926608961,4232.182111328961,cand_009
2015-02-26 07:00:00,0.5222644599299877,4232.704375788891,cand_011
2015-02-26 07:00:00,0.5221548113343271,4233.2265306002255,cand_013
2015-02-26 07:00:00,0.5271758785499405,4233.753706478776,cand_014
2015-02-27 07:00:00,0.5104507579966491,4234.264157236772,cand_003
2015-02-27 07:00:00,0.6566499231364257,4234.920807159909,cand_007
2015-02-27 07:00:00,0.5093902926608961,4235.43019745257,cand_009
2015-02-27 07:00:00,0.5222644599299877,4235.9524619124995,cand_011
2015-02-27 07:00:00,0.5221548113343271,4236.474616723834,cand_013
2015-02-27 07:00:00,0.5271758785499405,4237.001792602384,cand_014
2015-02-27 07:00:00,0.49031404625585057,4237.4921066486395,cand_014
2015-02-27 07:00:00,0.604366284364134,4238.0964729330035,cand_015
2015-03-02 07:00:00,0.5104507579966491,4238.606923691001,cand_003
2015-03-02 07:00:00,0.5093902926608961,4239.116313983661,cand_009
2015-03-02 07:00:00,0.5222644599299877,4239.6385784435915,cand_011
2015-03-04 07:00:00,0.5104507579966491,4240.149029201588,cand_003
2015-03-04 07:00:00,0.5093902926608961,4240.658419494249,cand_009
2015-03-04 07:00:00,0.5222644599299877,4241.180683954179,cand_011
2015-03-04 07:00:00,0.5221548113343271,4241.702838765514,cand_013
2015-03-04 07:00:00,0.5271758785499405,4242.230014644063,cand_014
2015-03-04 07:00:00,0.49031404625585057,4242.720328690319,cand_014
2015-03-05 07:00:00,0.5104507579966491,4243.230779448316,cand_003
2015-03-05 07:00:00,0.5093902926608961,4243.740169740977,cand_009
2015-03-05 07:00:00,0.5222644599299877,4244.262434200907,cand_011
2015-03-05 07:00:00,0.5221548113343271,4244.784589012241,cand_013
2015-03-05 07:00:00,0.5271758785499405,4245.311764890791,cand_014
2015-03-05 07:00:00,0.49031404625585057,4245.802078937047,cand_014
2015-03-06 07:00:00,0.5104507579966491,4246.312529695044,cand_003
2015-03-06 07:00:00,0.5093902926608961,4246.821919987704,cand_009
2015-03-06 07:00:00,0.5222644599299877,4247.344184447635,cand_011
2015-03-06 07:00:00,0.5221548113343271,4247.866339258969,cand_013
2015-03-06 07:00:00,0.5271758785499405,4248.393515137519,cand_014
2015-03-09 07:00:00,0.5104507579966491,4248.903965895515,cand_003
2015-03-09 07:00:00,0.6566499231364257,4249.560615818652,cand_007
2015-03-09 07:00:00,0.5093902926608961,4250.070006111313,cand_009
2015-03-09 07:00:00,0.5222644599299877,4250.592270571243,cand_011
2015-03-09 07:00:00,0.5221548113343271,4251.114425382577,cand_013
2015-03-09 07:00:00,0.5271758785499405,4251.641601261127,cand_014
2015-03-09 07:00:00,0.49031404625585057,4252.131915307383,cand_014
2015-03-09 07:00:00,0.604366284364134,4252.736281591748,cand_015
2015-03-10 07:00:00,0.5104507579966491,4253.246732349744,cand_003
2015-03-10 07:00:00,0.6566499231364257,4253.903382272881,cand_007
2015-03-10 07:00:00,0.5093902926608961,4254.412772565542,cand_009
2015-03-10 07:00:00,0.5222644599299877,4254.9350370254715,cand_011
2015-03-10 07:00:00,0.5221548113343271,4255.457191836806,cand_013
2015-03-10 07:00:00,0.5271758785499405,4255.984367715356,cand_014
2015-03-10 07:00:00,0.49031404625585057,4256.4746817616115,cand_014
2015-03-10 07:00:00,0.604366284364134,4257.0790480459755,cand_015
2015-03-11 07:00:00,0.5104507579966491,4257.589498803973,cand_003
2015-03-11 07:00:00,0.5093902926608961,4258.098889096633,cand_009
2015-03-11 07:00:00,0.5222644599299877,4258.6211535565635,cand_011
2015-03-11 07:00:00,0.5221548113343271,4259.143308367898,cand_013
2015-03-11 07:00:00,0.5271758785499405,4259.670484246448,cand_014
2015-03-11 07:00:00,0.49031404625585057,4260.1607982927035,cand_014
2015-03-11 07:00:00,0.604366284364134,4260.7651645770675,cand_015
2015-03-12 07:00:00,0.5104507579966491,4261.275615335065,cand_003
2015-03-12 07:00:00,0.5093902926608961,4261.785005627726,cand_009
2015-03-12 07:00:00,0.5222644599299877,4262.3072700876555,cand_011
2015-03-12 07:00:00,0.5221548113343271,4262.82942489899,cand_013
2015-03-12 07:00:00,0.5271758785499405,4263.35660077754,cand_014
2015-03-26 07:10:20,0.0,4263.35660077754,cand_003
2015-03-26 07:10:20,0.0,4263.35660077754,cand_007
2015-03-26 07:10:20,0.0,4263.35660077754,cand_009
2015-03-26 07:10:20,0.0,4263.35660077754,cand_011
2015-03-26 07:10:20,0.0,4263.35660077754,cand_013
2015-03-26 07:10:20,0.0,4263.35660077754,cand_014
2015-03-26 07:10:20,0.0,4263.35660077754,cand_014
2015-03-26 07:10:20,0.0,4263.35660077754,cand_015
2015-03-26 13:00:00,32.02928373853092,4295.38588451607,cand_003
2015-03-26 13:00:00,41.20285135350737,4336.588735869578,cand_007
2015-03-26 13:00:00,31.962742657728114,4368.551478527306,cand_009
2015-03-26 13:00:00,32.77055878866576,4401.322037315972,cand_011
2015-03-26 13:00:00,32.76367866178393,4434.085715977755,cand_013
2015-03-26 13:00:00,33.07873586171892,4467.164451839475,cand_014
2015-03-26 13:00:00,30.765764302418578,4497.930216141893,cand_014
2015-03-26 13:00:00,37.922206795954224,4535.852422937847,cand_015
2015-03-27 07:00:00,0.5104507579966491,4536.362873695844,cand_003
2015-03-27 07:00:00,0.5093902926608961,4536.872263988505,cand_009
2015-03-27 07:00:00,0.5222644599299877,4537.394528448435,cand_011
2015-03-27 07:00:00,0.5221548113343271,4537.916683259769,cand_013
2015-03-27 07:00:00,0.5271758785499405,4538.44385913832,cand_014
2015-03-31 07:00:00,0.5104507579966491,4538.954309896316,cand_003
2015-03-31 07:00:00,0.5093902926608961,4539.463700188977,cand_009
2015-03-31 07:00:00,0.5222644599299877,4539.985964648907,cand_011
2015-03-31 07:00:00,0.5221548113343271,4540.508119460241,cand_013
2015-03-31 07:00:00,0.5271758785499405,4541.035295338791,cand_014
2015-03-31 07:00:00,0.49031404625585057,4541.525609385048,cand_014
2015-04-08 07:00:00,0.5104507579966491,4542.036060143044,cand_003
2015-04-08 07:00:00,0.6566499231364257,4542.692710066181,cand_007
2015-04-08 07:00:00,0.5093902926608961,4543.202100358842,cand_009
2015-04-08 07:00:00,0.5222644599299877,4543.724364818771,cand_011
2015-04-08 07:00:00,0.5221548113343271,4544.2465196301055,cand_013
2015-04-08 07:00:00,0.5271758785499405,4544.773695508656,cand_014
2015-04-08 07:00:00,0.49031404625585057,4545.264009554911,cand_014
2015-04-08 07:00:00,0.604366284364134,4545.868375839275,cand_015
2015-04-09 07:00:00,0.5104507579966491,4546.378826597273,cand_003
2015-04-09 07:00:00,0.5093902926608961,4546.888216889933,cand_009
2015-04-09 07:00:00,0.5222644599299877,4547.410481349863,cand_011
2015-04-09 07:00:00,0.5221548113343271,4547.9326361611975,cand_013
2015-04-09 07:00:00,0.5271758785499405,4548.459812039748,cand_014
2015-04-13 07:00:00,0.5104507579966491,4548.970262797744,cand_003
2015-04-13 07:00:00,0.6566499231364257,4549.62691272088,cand_007
2015-04-13 07:00:00,0.5093902926608961,4550.136303013542,cand_009
2015-04-13 07:00:00,0.5222644599299877,4550.658567473471,cand_011
2015-04-13 07:00:00,0.5221548113343271,4551.180722284806,cand_013
2015-04-13 07:00:00,0.5271758785499405,4551.707898163355,cand_014
2015-04-13 07:00:00,0.49031404625585057,4552.198212209611,cand_014
2015-04-13 07:00:00,0.604366284364134,4552.802578493975,cand_015
2015-04-20 08:29:40,0.0,4552.802578493975,cand_003
2015-04-20 08:29:40,0.0,4552.802578493975,cand_009
2015-04-20 08:29:40,0.0,4552.802578493975,cand_011
2015-04-20 08:29:40,0.0,4552.802578493975,cand_013
2015-04-20 08:29:40,0.0,4552.802578493975,cand_014
2015-04-20 13:00:00,-13.433862889864754,4539.368715604111,cand_003
2015-04-20 13:00:00,-13.405953937440291,4525.96276166667,cand_009
2015-04-20 13:00:00,-13.744771727804503,4512.217989938866,cand_011
2015-04-20 13:00:00,-13.741886034763409,4498.476103904102,cand_013
2015-04-20 13:00:00,-13.874028709602554,4484.6020751945,cand_014
2015-04-21 07:00:00,0.5104507579966491,4485.112525952496,cand_003
2015-04-21 07:00:00,0.5093902926608961,4485.621916245157,cand_009
2015-04-21 07:00:00,0.5222644599299877,4486.144180705087,cand_011
2015-04-21 07:00:00,0.5221548113343271,4486.666335516422,cand_013
2015-04-21 07:00:00,0.5271758785499405,4487.193511394971,cand_014
2015-04-21 07:00:00,0.604366284364134,4487.797877679336,cand_015
2015-04-30 07:04:40,0.0,4487.797877679336,cand_003
2015-04-30 07:04:40,0.0,4487.797877679336,cand_007
2015-04-30 07:04:40,0.0,4487.797877679336,cand_009
2015-04-30 07:04:40,0.0,4487.797877679336,cand_011
2015-04-30 07:04:40,0.0,4487.797877679336,cand_013
2015-04-30 07:04:40,0.0,4487.797877679336,cand_014
2015-04-30 07:04:40,0.0,4487.797877679336,cand_014
2015-04-30 07:04:40,0.0,4487.797877679336,cand_015
2015-04-30 13:00:00,-13.78817576894478,4474.009701910391,cand_003
2015-04-30 13:00:00,-17.737273217896863,4456.272428692494,cand_007
2015-04-30 13:00:00,-13.759530728816678,4442.5128979636775,cand_009
2015-04-30 13:00:00,-14.107284705873553,4428.405613257804,cand_011
2015-04-30 13:00:00,-14.104322903807237,4414.301290353997,cand_013
2015-04-30 13:00:00,-14.239950790007807,4400.061339563989,cand_014
2015-04-30 13:00:00,-13.244247649452152,4386.817091914537,cand_014
2015-04-30 13:00:00,-16.324999869412373,4370.492092045125,cand_015
2015-05-01 07:00:00,0.5104507579966491,4371.002542803121,cand_003
2015-05-01 07:00:00,0.5093902926608961,4371.511933095782,cand_009
2015-05-01 07:00:00,0.5222644599299877,4372.034197555712,cand_011
2015-05-01 07:00:00,0.5221548113343271,4372.556352367046,cand_013
2015-05-01 07:00:00,0.5271758785499405,4373.083528245596,cand_014
2015-05-01 07:00:00,0.604366284364134,4373.687894529961,cand_015
2015-05-08 07:00:00,0.5104507579966491,4374.198345287958,cand_003
2015-05-08 07:00:00,0.5093902926608961,4374.707735580619,cand_009
2015-05-08 07:00:00,0.5222644599299877,4375.2300000405485,cand_011
2015-05-08 07:00:00,0.5221548113343271,4375.752154851883,cand_013
2015-05-08 07:00:00,0.5271758785499405,4376.279330730433,cand_014
2015-05-11 07:00:00,0.5104507579966491,4376.789781488429,cand_003
2015-05-11 07:00:00,0.6566499231364257,4377.446431411566,cand_007
2015-05-11 07:00:00,0.5093902926608961,4377.955821704227,cand_009
2015-05-11 07:00:00,0.5222644599299877,4378.478086164157,cand_011
2015-05-11 07:00:00,0.5221548113343271,4379.000240975491,cand_013
2015-05-11 07:00:00,0.5271758785499405,4379.527416854041,cand_014
2015-05-11 07:00:00,0.49031404625585057,4380.0177309002975,cand_014
2015-05-11 07:00:00,0.604366284364134,4380.6220971846615,cand_015
2015-05-15 07:00:00,0.5104507579966491,4381.132547942658,cand_003
2015-05-15 07:00:00,0.6566499231364257,4381.789197865794,cand_007
2015-05-15 07:00:00,0.5093902926608961,4382.2985881584555,cand_009
2015-05-15 07:00:00,0.5222644599299877,4382.820852618385,cand_011
2015-05-15 07:00:00,0.5221548113343271,4383.343007429719,cand_013
2015-05-15 07:00:00,0.5271758785499405,4383.87018330827,cand_014
2015-05-15 07:00:00,0.49031404625585057,4384.360497354525,cand_014
2015-05-15 07:00:00,0.604366284364134,4384.96486363889,cand_015
2015-05-18 07:00:00,0.5104507579966491,4385.4753143968865,cand_003
2015-05-18 07:00:00,0.6566499231364257,4386.131964320023,cand_007
2015-05-18 07:00:00,0.5093902926608961,4386.641354612684,cand_009
2015-05-18 07:00:00,0.5222644599299877,4387.163619072614,cand_011
2015-05-18 07:00:00,0.5221548113343271,4387.685773883948,cand_013
2015-05-18 07:00:00,0.5271758785499405,4388.212949762498,cand_014
2015-05-18 07:00:00,0.604366284364134,4388.817316046862,cand_015
2015-05-20 07:00:00,0.5104507579966491,4389.3277668048595,cand_003
2015-05-20 07:00:00,0.5093902926608961,4389.83715709752,cand_009
2015-05-20 07:00:00,0.5222644599299877,4390.35942155745,cand_011
2015-05-20 07:00:00,0.5221548113343271,4390.881576368784,cand_013
2015-05-20 07:00:00,0.5271758785499405,4391.408752247335,cand_014
2015-05-20 09:42:40,0.0,4391.408752247335,cand_003
2015-05-20 09:42:40,0.0,4391.408752247335,cand_009
2015-05-20 09:42:40,0.0,4391.408752247335,cand_011
2015-05-20 09:42:40,0.0,4391.408752247335,cand_013
2015-05-20 09:42:40,0.0,4391.408752247335,cand_014
2015-05-20 13:00:00,-10.48225644803707,4380.926495799297,cand_003
2015-05-20 13:00:00,-10.460479480465814,4370.466016318831,cand_009
2015-05-20 13:00:00,-10.724854291856396,4359.741162026975,cand_011
2015-05-20 13:00:00,-10.722602625694917,4349.01855940128,cand_013
2015-05-20 13:00:00,-10.825711717752014,4338.192847683527,cand_014
2015-05-21 07:00:00,0.5104507579966491,4338.703298441525,cand_003
2015-05-21 07:00:00,0.5093902926608961,4339.212688734186,cand_009
2015-05-21 07:00:00,0.5222644599299877,4339.734953194115,cand_011
2015-05-21 07:00:00,0.5221548113343271,4340.2571080054495,cand_013
2015-05-21 07:00:00,0.5271758785499405,4340.784283884,cand_014
2015-05-21 07:00:00,0.49031404625585057,4341.274597930255,cand_014
2015-05-25 07:00:00,0.5104507579966491,4341.785048688253,cand_003
2015-05-25 07:00:00,0.5093902926608961,4342.294438980913,cand_009
2015-05-25 07:00:00,0.5222644599299877,4342.816703440843,cand_011
2015-05-25 07:00:00,0.49031404625585057,4343.307017487099,cand_014
2015-05-26 07:00:00,0.5104507579966491,4343.817468245095,cand_003
2015-05-26 07:00:00,0.5093902926608961,4344.326858537756,cand_009
2015-05-26 07:00:00,0.5222644599299877,4344.849122997686,cand_011
2015-05-26 07:00:00,0.5221548113343271,4345.371277809021,cand_013
2015-05-26 07:00:00,0.5271758785499405,4345.8984536875705,cand_014
2015-05-26 07:00:00,0.49031404625585057,4346.388767733827,cand_014
2015-05-26 07:00:00,0.604366284364134,4346.993134018191,cand_015
2015-05-26 09:00:40,0.0,4346.993134018191,cand_003
2015-05-26 09:00:40,0.0,4346.993134018191,cand_009
2015-05-26 09:00:40,0.0,4346.993134018191,cand_011
2015-05-26 09:00:40,0.0,4346.993134018191,cand_013
2015-05-26 09:00:40,0.0,4346.993134018191,cand_014
2015-05-26 09:00:40,0.0,4346.993134018191,cand_014
2015-05-26 09:00:40,0.0,4346.993134018191,cand_015
2015-05-26 12:01:40,36.88997601526607,4383.883110033457,cand_003
2015-05-26 12:01:40,45.313014052514305,4429.196124085971,cand_003
2015-05-26 12:01:40,36.813336809254345,4466.009460895226,cand_009
2015-05-26 12:01:40,45.21887592085638,4511.228336816082,cand_009
2015-05-26 12:01:40,37.743745304752025,4548.972082120834,cand_011
2015-05-26 12:01:40,46.36172332237321,4595.333805443208,cand_011
2015-05-26 12:01:40,46.351989752037234,4641.685795195244,cand_013
2015-05-26 12:01:40,37.7358210652428,4679.421616260488,cand_013
2015-05-26 12:01:40,46.797712842336196,4726.219329102823,cand_014
2015-05-26 12:01:40,38.09869063934624,4764.31801974217,cand_014
2015-05-26 12:01:40,35.43470770288311,4799.752727445053,cand_014
2015-05-26 12:01:40,43.52546630615906,4843.278193751213,cand_014
2015-05-26 12:01:40,53.649950572583215,4896.928144323796,cand_015
2015-05-26 12:01:40,43.67719586141693,4940.605340185213,cand_015
2015-05-27 07:00:00,0.5104507579966491,4941.1157909432095,cand_003
2015-05-27 07:00:00,0.6566499231364257,4941.772440866345,cand_007
2015-05-27 07:00:00,0.5093902926608961,4942.281831159007,cand_009
2015-05-27 07:00:00,0.5222644599299877,4942.804095618936,cand_011
2015-05-27 07:00:00,0.5221548113343271,4943.326250430271,cand_013
2015-05-27 07:00:00,0.5271758785499405,4943.85342630882,cand_014
2015-05-27 07:00:00,0.49031404625585057,4944.343740355076,cand_014
2015-05-27 07:00:00,0.604366284364134,4944.94810663944,cand_015
2015-05-28 07:00:00,0.5104507579966491,4945.458557397437,cand_003
2015-05-28 07:00:00,0.6566499231364257,4946.115207320574,cand_007
2015-05-28 07:00:00,0.5093902926608961,4946.624597613234,cand_009
2015-05-28 07:00:00,0.5222644599299877,4947.146862073165,cand_011
2015-05-28 07:00:00,0.5221548113343271,4947.669016884499,cand_013
2015-05-28 07:00:00,0.5271758785499405,4948.196192763049,cand_014
2015-05-28 07:00:00,0.49031404625585057,4948.686506809305,cand_014
2015-05-28 07:00:00,0.604366284364134,4949.290873093669,cand_015
2015-05-29 07:00:00,0.5104507579966491,4949.801323851665,cand_003
2015-05-29 07:00:00,0.5093902926608961,4950.310714144326,cand_009
2015-05-29 07:00:00,0.5222644599299877,4950.832978604256,cand_011
2015-05-29 07:00:00,0.5221548113343271,4951.355133415591,cand_013
2015-05-29 07:00:00,0.5271758785499405,4951.88230929414,cand_014
2015-05-29 07:00:00,0.49031404625585057,4952.372623340396,cand_014
2015-05-29 07:00:00,0.604366284364134,4952.97698962476,cand_015
2015-06-01 07:00:00,0.5104507579966491,4953.487440382756,cand_003
2015-06-01 07:00:00,0.5093902926608961,4953.996830675418,cand_009
2015-06-01 07:00:00,0.5222644599299877,4954.519095135347,cand_011
2015-06-01 07:00:00,0.5221548113343271,4955.041249946682,cand_013
2015-06-01 07:00:00,0.5271758785499405,4955.568425825231,cand_014
2015-06-01 07:00:00,0.49031404625585057,4956.058739871487,cand_014
2015-06-02 07:00:00,0.5104507579966491,4956.569190629484,cand_003
2015-06-02 07:00:00,0.5093902926608961,4957.078580922145,cand_009
2015-06-02 07:00:00,0.5222644599299877,4957.600845382075,cand_011
2015-06-02 07:00:00,0.5221548113343271,4958.123000193409,cand_013
2015-06-02 07:00:00,0.5271758785499405,4958.650176071959,cand_014
2015-06-04 07:00:00,0.5104507579966491,4959.1606268299565,cand_003
2015-06-04 07:00:00,0.5093902926608961,4959.670017122617,cand_009
2015-06-04 07:00:00,0.5222644599299877,4960.192281582547,cand_011
2015-06-04 07:00:00,0.5221548113343271,4960.714436393881,cand_013
2015-06-04 07:00:00,0.5271758785499405,4961.241612272432,cand_014
2015-06-08 07:00:00,0.5104507579966491,4961.752063030428,cand_003
2015-06-08 07:00:00,0.6566499231364257,4962.408712953564,cand_007
2015-06-08 07:00:00,0.5093902926608961,4962.918103246226,cand_009
2015-06-08 07:00:00,0.5222644599299877,4963.440367706155,cand_011
2015-06-08 07:00:00,0.5221548113343271,4963.96252251749,cand_013
2015-06-08 07:00:00,0.5271758785499405,4964.489698396039,cand_014
2015-06-08 07:00:00,0.604366284364134,4965.094064680403,cand_015
2015-06-09 08:57:40,0.0,4965.094064680403,cand_003
2015-06-09 08:57:40,0.0,4965.094064680403,cand_007
2015-06-09 08:57:40,0.0,4965.094064680403,cand_009
2015-06-09 08:57:40,0.0,4965.094064680403,cand_011
2015-06-09 08:57:40,0.0,4965.094064680403,cand_013
2015-06-09 08:57:40,0.0,4965.094064680403,cand_014
2015-06-09 08:57:40,0.0,4965.094064680403,cand_014
2015-06-09 08:57:40,0.0,4965.094064680403,cand_015
2015-06-09 13:00:00,5.416783337799735,4970.5108480182025,cand_003
2015-06-09 13:00:00,6.9682144784594815,4977.479062496663,cand_007
2015-06-09 13:00:00,5.40552992917798,4982.88459242584,cand_009
2015-06-09 13:00:00,5.542147563021753,4988.426739988863,cand_011
2015-06-09 13:00:00,5.540983997924271,4993.967723986787,cand_013
2015-06-09 13:00:00,5.594266381788781,4999.561990368576,cand_014
2015-06-09 13:00:00,5.203097290856202,5004.765087659432,cand_014
2015-06-09 13:00:00,6.413392805840575,5011.1784804652725,cand_015
2015-06-10 07:15:40,0.0,5011.1784804652725,cand_003
2015-06-10 07:15:40,0.0,5011.1784804652725,cand_007
2015-06-10 07:15:40,0.0,5011.1784804652725,cand_009
2015-06-10 07:15:40,0.0,5011.1784804652725,cand_011
2015-06-10 07:15:40,0.0,5011.1784804652725,cand_013
2015-06-10 07:15:40,0.0,5011.1784804652725,cand_014
2015-06-10 07:15:40,0.0,5011.1784804652725,cand_014
2015-06-10 07:15:40,0.0,5011.1784804652725,cand_015
2015-06-10 07:49:20,36.9308120759058,5048.109292541178,cand_003
2015-06-10 07:49:20,54.78337693911096,5102.8926694802885,cand_003
2015-06-10 07:49:20,47.50823567425973,5150.400905154548,cand_007
2015-06-10 07:49:20,70.47398733896522,5220.8748924935135,cand_007
2015-06-10 07:49:20,36.854088032667214,5257.728980526181,cand_009
2015-06-10 07:49:20,54.669564056459116,5312.39854458264,cand_009
2015-06-10 07:49:20,37.78552646154642,5350.184071044187,cand_011
2015-06-10 07:49:20,56.05126512601545,5406.235336170202,cand_011
2015-06-10 07:49:20,37.777593450149546,5444.012929620351,cand_013
2015-06-10 07:49:20,56.039497251734105,5500.052426872086,cand_013
2015-06-10 07:49:20,38.14086470963023,5538.193291581716,cand_014
2015-06-10 07:49:20,56.578375906727445,5594.771667488443,cand_014
2015-06-10 07:49:20,52.622233964341135,5647.393901452784,cand_014
2015-06-10 07:49:20,35.47393282658358,5682.867834279368,cand_014
2015-06-10 07:49:20,43.72554516416606,5726.593379443533,cand_015
2015-06-10 07:49:20,64.86272269543309,5791.456102138967,cand_015
2015-06-16 07:00:00,0.5104507579966491,5791.966552896964,cand_003
2015-06-16 07:00:00,0.5093902926608961,5792.475943189625,cand_009
2015-06-16 07:00:00,0.5222644599299877,5792.998207649554,cand_011
2015-06-16 07:00:00,0.5221548113343271,5793.520362460889,cand_013
2015-06-16 07:00:00,0.5271758785499405,5794.047538339439,cand_014
2015-06-18 08:25:40,0.0,5794.047538339439,cand_003
2015-06-18 08:25:40,0.0,5794.047538339439,cand_007
2015-06-18 08:25:40,0.0,5794.047538339439,cand_009
2015-06-18 08:25:40,0.0,5794.047538339439,cand_011
2015-06-18 08:25:40,0.0,5794.047538339439,cand_013
2015-06-18 08:25:40,0.0,5794.047538339439,cand_014
2015-06-18 08:25:40,0.0,5794.047538339439,cand_014
2015-06-18 08:25:40,0.0,5794.047538339439,cand_015
2015-06-18 13:00:00,16.754795468360598,5810.802333807799,cand_003
2015-06-18 13:00:00,21.5535680653015,5832.355901873101,cand_007
2015-06-18 13:00:00,16.719987253222357,5849.075889126323,cand_009
2015-06-18 13:00:00,17.14256286123136,5866.2184519875545,cand_011
2015-06-18 13:00:00,17.138963807326736,5883.3574157948815,cand_013
2015-06-18 13:00:00,17.303772954756873,5900.661188749638,cand_014
2015-06-18 13:00:00,16.09383751828027,5916.755026267919,cand_014
2015-06-18 13:00:00,19.837434510305105,5936.5924607782235,cand_015
2015-06-23 07:00:00,0.5104507579966491,5937.102911536221,cand_003
2015-06-23 07:00:00,0.6566499231364257,5937.759561459357,cand_007
2015-06-23 07:00:00,0.5093902926608961,5938.2689517520175,cand_009
2015-06-23 07:00:00,0.5222644599299877,5938.791216211948,cand_011
2015-06-23 07:00:00,0.5221548113343271,5939.313371023282,cand_013
2015-06-23 07:00:00,0.5271758785499405,5939.840546901833,cand_014
2015-06-23 07:00:00,0.49031404625585057,5940.330860948088,cand_014
2015-06-23 07:00:00,0.604366284364134,5940.935227232452,cand_015
2015-07-02 07:00:00,0.5104507579966491,5941.4456779904485,cand_003
2015-07-02 07:00:00,0.6566499231364257,5942.102327913584,cand_007
2015-07-02 07:00:00,0.5093902926608961,5942.611718206246,cand_009
2015-07-02 07:00:00,0.5222644599299877,5943.133982666175,cand_011
2015-07-02 07:00:00,0.5221548113343271,5943.65613747751,cand_013
2015-07-02 07:00:00,0.5271758785499405,5944.183313356059,cand_014
2015-07-02 07:00:00,0.49031404625585057,5944.673627402315,cand_014
2015-07-02 07:00:00,0.604366284364134,5945.277993686679,cand_015
2015-07-08 09:30:40,0.0,5945.277993686679,cand_003
2015-07-08 09:30:40,0.0,5945.277993686679,cand_009
2015-07-08 09:30:40,0.0,5945.277993686679,cand_011
2015-07-08 09:30:40,0.0,5945.277993686679,cand_013
2015-07-08 09:30:40,0.0,5945.277993686679,cand_014
2015-07-08 13:00:00,14.923178042607919,5960.201171729288,cand_003
2015-07-08 13:00:00,14.892175026615611,5975.0933467559025,cand_009
2015-07-08 13:00:00,15.26855509324729,5990.36190184915,cand_011
2015-07-08 13:00:00,15.265349484303563,6005.627251333453,cand_013
2015-07-08 13:00:00,15.412141861136499,6021.039393194591,cand_014
2015-07-10 07:00:00,0.5104507579966491,6021.549843952587,cand_003
2015-07-10 07:00:00,0.6566499231364257,6022.206493875723,cand_007
2015-07-10 07:00:00,0.5093902926608961,6022.715884168385,cand_009
2015-07-10 07:00:00,0.5222644599299877,6023.238148628314,cand_011
2015-07-10 07:00:00,0.5221548113343271,6023.760303439649,cand_013
2015-07-10 07:00:00,0.5271758785499405,6024.287479318198,cand_014
2015-07-10 07:00:00,0.49031404625585057,6024.777793364454,cand_014
2015-07-10 07:00:00,0.604366284364134,6025.382159648818,cand_015
2015-07-13 07:00:00,0.5104507579966491,6025.892610406815,cand_003
2015-07-13 07:00:00,0.5093902926608961,6026.402000699476,cand_009
2015-07-13 07:00:00,0.5222644599299877,6026.924265159406,cand_011
2015-07-13 07:00:00,0.5221548113343271,6027.44641997074,cand_013
2015-07-13 07:00:00,0.5271758785499405,6027.97359584929,cand_014
2015-07-13 07:00:00,0.49031404625585057,6028.463909895546,cand_014
2015-07-13 07:00:00,0.604366284364134,6029.06827617991,cand_015
2015-07-13 09:48:40,0.0,6029.06827617991,cand_003
2015-07-13 09:48:40,0.0,6029.06827617991,cand_009
2015-07-13 09:48:40,0.0,6029.06827617991,cand_011
2015-07-13 09:48:40,0.0,6029.06827617991,cand_013
2015-07-13 09:48:40,0.0,6029.06827617991,cand_014
2015-07-13 09:48:40,0.0,6029.06827617991,cand_014
2015-07-13 09:48:40,0.0,6029.06827617991,cand_015
2015-07-13 13:00:00,26.759630325094925,6055.827906505005,cand_003
2015-07-13 13:00:00,26.704036989375922,6082.53194349438,cand_009
2015-07-13 13:00:00,27.378946275859125,6109.910889770239,cand_011
2015-07-13 13:00:00,27.37319810947955,6137.28408787972,cand_013
2015-07-13 13:00:00,27.636420174335708,6164.920508054055,cand_014
2015-07-13 13:00:00,25.703992824894943,6190.62450087895,cand_014
2015-07-13 13:00:00,31.683013683842134,6222.307514562792,cand_015
2015-07-14 07:00:00,0.5104507579966491,6222.817965320789,cand_003
2015-07-14 07:00:00,0.6566499231364257,6223.474615243926,cand_007
2015-07-14 07:00:00,0.5093902926608961,6223.984005536586,cand_009
2015-07-14 07:00:00,0.5222644599299877,6224.5062699965165,cand_011
2015-07-14 07:00:00,0.5221548113343271,6225.028424807851,cand_013
2015-07-14 07:00:00,0.5271758785499405,6225.555600686401,cand_014
2015-07-14 07:00:00,0.49031404625585057,6226.0459147326565,cand_014
2015-07-14 07:00:00,0.604366284364134,6226.6502810170205,cand_015
2015-07-28 07:00:00,0.5104507579966491,6227.160731775017,cand_003
2015-07-28 07:00:00,0.6566499231364257,6227.8173816981525,cand_007
2015-07-28 07:00:00,0.5093902926608961,6228.326771990814,cand_009
2015-07-28 07:00:00,0.5222644599299877,6228.849036450743,cand_011
2015-07-28 07:00:00,0.5221548113343271,6229.371191262078,cand_013
2015-07-28 07:00:00,0.5271758785499405,6229.898367140628,cand_014
2015-07-28 07:00:00,0.49031404625585057,6230.388681186883,cand_014
2015-07-28 07:00:00,0.604366284364134,6230.993047471247,cand_015
2015-07-30 07:00:00,0.5104507579966491,6231.5034982292445,cand_003
2015-07-30 07:00:00,0.5093902926608961,6232.012888521906,cand_009
2015-07-30 07:00:00,0.5222644599299877,6232.535152981835,cand_011
2015-07-30 07:00:00,0.5221548113343271,6233.0573077931695,cand_013
2015-07-30 07:00:00,0.5271758785499405,6233.58448367172,cand_014
2015-08-11 07:00:00,0.5104507579966491,6234.094934429717,cand_003
2015-08-11 07:00:00,0.5093902926608961,6234.604324722377,cand_009
2015-08-11 07:00:00,0.5222644599299877,6235.126589182308,cand_011
2015-08-11 07:00:00,0.5221548113343271,6235.648743993642,cand_013
2015-08-11 07:00:00,0.5271758785499405,6236.175919872192,cand_014
2015-08-11 07:00:00,0.49031404625585057,6236.666233918448,cand_014
2015-08-27 07:00:00,0.5104507579966491,6237.176684676444,cand_003
2015-08-27 07:00:00,0.5093902926608961,6237.686074969105,cand_009
2015-08-27 07:00:00,0.5222644599299877,6238.208339429035,cand_011
2015-08-27 07:00:00,0.5221548113343271,6238.73049424037,cand_013
2015-08-27 07:00:00,0.5271758785499405,6239.257670118919,cand_014
2015-08-28 07:00:00,0.5104507579966491,6239.768120876915,cand_003
2015-08-28 07:00:00,0.5093902926608961,6240.277511169577,cand_009
2015-08-28 07:00:00,0.5222644599299877,6240.799775629506,cand_011
2015-08-28 07:00:00,0.5221548113343271,6241.321930440841,cand_013
2015-08-28 07:00:00,0.5271758785499405,6241.849106319391,cand_014
2015-08-28 07:00:00,0.49031404625585057,6242.339420365646,cand_014
2015-08-31 07:00:00,0.5104507579966491,6242.849871123643,cand_003
2015-08-31 07:00:00,0.5093902926608961,6243.359261416304,cand_009
2015-08-31 07:00:00,0.5222644599299877,6243.881525876234,cand_011
2015-08-31 07:00:00,0.5221548113343271,6244.403680687568,cand_013
2015-08-31 07:00:00,0.5271758785499405,6244.930856566119,cand_014
2015-08-31 07:00:00,0.49031404625585057,6245.421170612374,cand_014
2015-09-01 09:02:40,0.0,6245.421170612374,cand_003
2015-09-01 09:02:40,0.0,6245.421170612374,cand_009
2015-09-01 09:02:40,0.0,6245.421170612374,cand_011
2015-09-01 09:02:40,0.0,6245.421170612374,cand_013
2015-09-01 09:02:40,0.0,6245.421170612374,cand_014
2015-09-01 09:02:40,0.0,6245.421170612374,cand_014
2015-09-01 09:02:40,0.0,6245.421170612374,cand_015
2015-09-01 13:00:00,28.903523508680852,6274.324694121055,cand_003
2015-09-01 13:00:00,28.843476218551686,6303.168170339606,cand_009
2015-09-01 13:00:00,29.572457007565074,6332.7406273471715,cand_011
2015-09-01 13:00:00,29.566248317083723,6362.306875664255,cand_013
2015-09-01 13:00:00,29.85055886424546,6392.157434528501,cand_014
2015-09-01 13:00:00,27.763311819169516,6419.9207463476705,cand_014
2015-09-01 13:00:00,34.2213520781715,6454.142098425842,cand_015
2015-09-03 07:00:00,0.5104507579966491,6454.652549183838,cand_003
2015-09-03 07:00:00,0.5093902926608961,6455.161939476499,cand_009
2015-09-03 07:00:00,0.5222644599299877,6455.684203936429,cand_011
2015-09-03 07:00:00,0.5221548113343271,6456.206358747764,cand_013
2015-09-03 07:00:00,0.5271758785499405,6456.7335346263135,cand_014
2015-09-03 07:00:00,0.49031404625585057,6457.223848672569,cand_014
2015-09-03 07:00:00,0.604366284364134,6457.828214956933,cand_015
2015-09-04 07:18:40,0.0,6457.828214956933,cand_003
2015-09-04 07:18:40,0.0,6457.828214956933,cand_007
2015-09-04 07:18:40,0.0,6457.828214956933,cand_009
2015-09-04 07:18:40,0.0,6457.828214956933,cand_011
2015-09-04 07:18:40,0.0,6457.828214956933,cand_013
2015-09-04 07:18:40,0.0,6457.828214956933,cand_014
2015-09-04 07:18:40,0.0,6457.828214956933,cand_014
2015-09-04 07:18:40,0.0,6457.828214956933,cand_015
2015-09-04 13:00:00,4.035563639691155,6461.863778596624,cand_003
2015-09-04 13:00:00,5.191397039384448,6467.055175636009,cand_007
2015-09-04 13:00:00,4.02717972550732,6471.0823553615155,cand_009
2015-09-04 13:00:00,4.128961377328844,6475.211316738845,cand_011
2015-09-04 13:00:00,4.128094508431386,6479.339411247276,cand_013
2015-09-04 13:00:00,4.167790475124236,6483.5072017224,cand_014
2015-09-04 13:00:00,3.8763651656933127,6487.383566888093,cand_014
2015-09-04 13:00:00,4.7780487422670355,6492.161615630361,cand_015
2015-09-09 07:00:00,0.5104507579966491,6492.672066388357,cand_003
2015-09-09 07:00:00,0.5093902926608961,6493.181456681018,cand_009
2015-09-09 07:00:00,0.5222644599299877,6493.703721140948,cand_011
2015-09-09 07:00:00,0.5221548113343271,6494.225875952283,cand_013
2015-09-09 07:00:00,0.5271758785499405,6494.753051830832,cand_014
2015-09-09 07:00:00,0.604366284364134,6495.357418115196,cand_015
2015-09-09 09:46:40,0.0,6495.357418115196,cand_003
2015-09-09 09:46:40,0.0,6495.357418115196,cand_009
2015-09-09 09:46:40,0.0,6495.357418115196,cand_011
2015-09-09 09:46:40,0.0,6495.357418115196,cand_013
2015-09-09 09:46:40,0.0,6495.357418115196,cand_014
2015-09-09 09:46:40,0.0,6495.357418115196,cand_015
2015-09-09 13:00:00,-3.636210987846718,6491.72120712735,cand_003
2015-09-09 13:00:00,-3.628656731837325,6488.092550395511,cand_009
2015-09-09 13:00:00,-3.7203662410306775,6484.372184154481,cand_011
2015-09-09 13:00:00,-3.71958515603453,6480.652598998447,cand_013
2015-09-09 13:00:00,-3.7553528760234,6476.897246122423,cand_014
2015-09-09 13:00:00,-4.30522100214686,6472.592025120276,cand_015
2015-09-10 07:00:00,0.5104507579966491,6473.102475878273,cand_003
2015-09-10 07:00:00,0.6566499231364257,6473.759125801409,cand_007
2015-09-10 07:00:00,0.5093902926608961,6474.26851609407,cand_009
2015-09-10 07:00:00,0.5222644599299877,6474.790780554,cand_011
2015-09-10 07:00:00,0.5221548113343271,6475.312935365335,cand_013
2015-09-10 07:00:00,0.5271758785499405,6475.840111243884,cand_014
2015-09-10 07:00:00,0.49031404625585057,6476.33042529014,cand_014
2015-09-10 07:00:00,0.604366284364134,6476.934791574504,cand_015
2015-09-10 07:53:40,0.0,6476.934791574504,cand_003
2015-09-10 07:53:40,0.0,6476.934791574504,cand_007
2015-09-10 07:53:40,0.0,6476.934791574504,cand_009
2015-09-10 07:53:40,0.0,6476.934791574504,cand_011
2015-09-10 07:53:40,0.0,6476.934791574504,cand_013
2015-09-10 07:53:40,0.0,6476.934791574504,cand_014
2015-09-10 07:53:40,0.0,6476.934791574504,cand_014
2015-09-10 07:53:40,0.0,6476.934791574504,cand_015
2015-09-10 13:00:00,26.309232597450823,6503.244024171954,cand_003
2015-09-10 13:00:00,33.84450956777272,6537.088533739727,cand_007
2015-09-10 13:00:00,26.254574966439836,6563.343108706167,cand_009
2015-09-10 13:00:00,26.91812469356796,6590.261233399735,cand_011
2015-09-10 13:00:00,26.91247327594926,6617.173706675684,cand_013
2015-09-10 13:00:00,27.171264987379878,6644.344971663064,cand_014
2015-09-10 13:00:00,25.271362784080956,6669.616334447145,cand_014
2015-09-10 13:00:00,31.149749315285543,6700.766083762431,cand_015
2015-09-11 07:00:00,0.5104507579966491,6701.276534520427,cand_003
2015-09-11 07:00:00,0.5093902926608961,6701.785924813088,cand_009
2015-09-11 07:00:00,0.5222644599299877,6702.308189273018,cand_011
2015-09-11 07:00:00,0.5221548113343271,6702.830344084352,cand_013
2015-09-11 07:00:00,0.5271758785499405,6703.357519962902,cand_014
2015-09-15 09:00:40,0.0,6703.357519962902,cand_003
2015-09-15 09:00:40,0.0,6703.357519962902,cand_007
2015-09-15 09:00:40,0.0,6703.357519962902,cand_009
2015-09-15 09:00:40,0.0,6703.357519962902,cand_011
2015-09-15 09:00:40,0.0,6703.357519962902,cand_013
2015-09-15 09:00:40,0.0,6703.357519962902,cand_014
2015-09-15 09:00:40,0.0,6703.357519962902,cand_014
2015-09-15 09:00:40,0.0,6703.357519962902,cand_015
2015-09-15 13:00:00,6.122406444442162,6709.4799264073445,cand_003
2015-09-15 13:00:00,7.875936431030423,6717.355862838375,cand_007
2015-09-15 13:00:00,6.109687098444513,6723.46554993682,cand_009
2015-09-15 13:00:00,6.264101375277912,6729.729651312098,cand_011
2015-09-15 13:00:00,6.262786237121723,6735.99243754922,cand_013
2015-09-15 13:00:00,6.323009508019582,6742.31544705724,cand_014
2015-09-15 13:00:00,5.8808843547981136,6748.196331412038,cand_014
2015-09-15 13:00:00,7.248840316579232,6755.4451717286165,cand_015
2015-09-17 07:00:00,0.5104507579966491,6755.955622486613,cand_003
2015-09-17 07:00:00,0.5093902926608961,6756.465012779274,cand_009
2015-09-17 07:00:00,0.5222644599299877,6756.987277239204,cand_011
2015-09-17 07:00:00,0.5221548113343271,6757.509432050538,cand_013
2015-09-17 07:00:00,0.5271758785499405,6758.036607929088,cand_014
2015-09-17 07:00:00,0.49031404625585057,6758.526921975344,cand_014
2015-09-17 08:13:40,0.0,6758.526921975344,cand_003
2015-09-17 08:13:40,0.0,6758.526921975344,cand_009
2015-09-17 08:13:40,0.0,6758.526921975344,cand_011
2015-09-17 08:13:40,0.0,6758.526921975344,cand_013
2015-09-17 08:13:40,0.0,6758.526921975344,cand_014
2015-09-17 08:13:40,0.0,6758.526921975344,cand_014
2015-09-17 13:00:00,2.633325380959184,6761.1602473563025,cand_003
2015-09-17 13:00:00,2.627854627432976,6763.788101983736,cand_009
2015-09-17 13:00:00,2.6942701844623484,6766.482372168199,cand_011
2015-09-17 13:00:00,2.693704526707087,6769.1760766949055,cand_013
2015-09-17 13:00:00,2.719607326401752,6771.895684021308,cand_014
2015-09-17 13:00:00,2.52944363862577,6774.425127659933,cand_014
2015-09-22 07:00:00,0.5104507579966491,6774.93557841793,cand_003
2015-09-22 07:00:00,0.6566499231364257,6775.592228341066,cand_007
2015-09-22 07:00:00,0.5093902926608961,6776.101618633727,cand_009
2015-09-22 07:00:00,0.5222644599299877,6776.623883093657,cand_011
2015-09-22 07:00:00,0.5221548113343271,6777.146037904991,cand_013
2015-09-22 07:00:00,0.5271758785499405,6777.6732137835415,cand_014
2015-09-22 07:00:00,0.49031404625585057,6778.163527829797,cand_014
2015-09-22 07:00:00,0.604366284364134,6778.767894114161,cand_015
2015-09-25 07:00:00,0.5104507579966491,6779.2783448721575,cand_003
2015-09-25 07:00:00,0.5093902926608961,6779.7877351648185,cand_009
2015-09-25 07:00:00,0.5222644599299877,6780.309999624748,cand_011
2015-09-25 07:00:00,0.5221548113343271,6780.832154436082,cand_013
2015-09-25 07:00:00,0.5271758785499405,6781.359330314633,cand_014
2015-09-25 09:24:40,0.0,6781.359330314633,cand_003
2015-09-25 09:24:40,0.0,6781.359330314633,cand_009
2015-09-25 09:24:40,0.0,6781.359330314633,cand_011
2015-09-25 09:24:40,0.0,6781.359330314633,cand_013
2015-09-25 09:24:40,0.0,6781.359330314633,cand_014
2015-09-25 13:00:00,19.916587516422197,6801.275917831055,cand_003
2015-09-25 13:00:00,19.875210654233673,6821.151128485289,cand_009
2015-09-25 13:00:00,20.377530368915345,6841.528658854204,cand_011
2015-09-25 13:00:00,20.37325213870936,6861.901910992913,cand_013
2015-09-25 13:00:00,20.5691623671868,6882.4710733601,cand_014
2015-09-29 08:04:40,0.0,6882.4710733601,cand_003
2015-09-29 08:04:40,0.0,6882.4710733601,cand_009
2015-09-29 08:04:40,0.0,6882.4710733601,cand_011
2015-09-29 08:04:40,0.0,6882.4710733601,cand_013
2015-09-29 08:04:40,0.0,6882.4710733601,cand_014
2015-09-29 08:04:40,0.0,6882.4710733601,cand_014
2015-09-29 13:00:00,-22.793127670309197,6859.67794568979,cand_003
2015-09-29 13:00:00,-22.745774774052133,6836.932170915738,cand_009
2015-09-29 13:00:00,-23.320644207814922,6813.611526707923,cand_011
2015-09-29 13:00:00,-23.315748075522805,6790.2957786324005,cand_013
2015-09-29 13:00:00,-23.539953494544697,6766.755825137856,cand_014
2015-09-29 13:00:00,-21.893964265459772,6744.861860872396,cand_014
2015-10-01 07:00:00,0.5104507579966491,6745.372311630393,cand_003
2015-10-01 07:00:00,0.6566499231364257,6746.028961553529,cand_007
2015-10-01 07:00:00,0.5093902926608961,6746.53835184619,cand_009
2015-10-01 07:00:00,0.5222644599299877,6747.06061630612,cand_011
2015-10-01 07:00:00,0.5221548113343271,6747.582771117454,cand_013
2015-10-01 07:00:00,0.5271758785499405,6748.1099469960045,cand_014
2015-10-01 07:00:00,0.49031404625585057,6748.60026104226,cand_014
2015-10-01 07:00:00,0.604366284364134,6749.204627326624,cand_015
2015-10-02 07:00:00,0.5104507579966491,6749.7150780846205,cand_003
2015-10-02 07:00:00,0.5093902926608961,6750.2244683772815,cand_009
2015-10-02 07:00:00,0.5222644599299877,6750.746732837211,cand_011
2015-10-02 07:00:00,0.5221548113343271,6751.268887648545,cand_013
2015-10-02 07:00:00,0.5271758785499405,6751.796063527096,cand_014
2015-10-16 07:00:00,0.5104507579966491,6752.306514285092,cand_003
2015-10-16 07:00:00,0.5093902926608961,6752.815904577753,cand_009
2015-10-16 07:00:00,0.5222644599299877,6753.338169037683,cand_011
2015-10-16 07:00:00,0.5221548113343271,6753.860323849017,cand_013
2015-10-16 07:00:00,0.5271758785499405,6754.387499727567,cand_014
2015-10-16 07:00:00,0.604366284364134,6754.991866011931,cand_015
2015-10-19 07:00:00,0.5104507579966491,6755.502316769927,cand_003
2015-10-19 07:00:00,0.5093902926608961,6756.011707062588,cand_009
2015-10-19 07:00:00,0.5222644599299877,6756.533971522518,cand_011
2015-10-19 07:00:00,0.5221548113343271,6757.056126333852,cand_013
2015-10-19 07:00:00,0.5271758785499405,6757.5833022124025,cand_014
2015-10-19 07:00:00,0.49031404625585057,6758.073616258658,cand_014
2015-10-23 07:00:00,0.5104507579966491,6758.584067016654,cand_003
2015-10-23 07:00:00,0.5093902926608961,6759.093457309315,cand_009
2015-10-23 07:00:00,0.5222644599299877,6759.615721769245,cand_011
2015-10-23 07:00:00,0.5221548113343271,6760.137876580579,cand_013
2015-10-23 07:00:00,0.5271758785499405,6760.66505245913,cand_014
2015-10-26 07:00:00,0.5104507579966491,6761.175503217126,cand_003
2015-10-26 07:00:00,0.5093902926608961,6761.684893509787,cand_009
2015-10-26 07:00:00,0.5222644599299877,6762.207157969717,cand_011
2015-10-26 07:00:00,0.5221548113343271,6762.729312781051,cand_013
2015-10-26 07:00:00,0.5271758785499405,6763.256488659601,cand_014
2015-10-26 07:00:00,0.49031404625585057,6763.746802705857,cand_014
2015-10-29 07:00:00,0.5104507579966491,6764.257253463853,cand_003
2015-10-29 07:00:00,0.6566499231364257,6764.91390338699,cand_007
2015-10-29 07:00:00,0.5093902926608961,6765.423293679651,cand_009
2015-10-29 07:00:00,0.5222644599299877,6765.9455581395805,cand_011
2015-10-29 07:00:00,0.5221548113343271,6766.467712950915,cand_013
2015-10-29 07:00:00,0.5271758785499405,6766.994888829465,cand_014
2015-10-29 07:00:00,0.49031404625585057,6767.4852028757205,cand_014
2015-10-29 07:00:00,0.604366284364134,6768.0895691600845,cand_015
2015-11-04 07:00:00,0.5104507579966491,6768.600019918081,cand_003
2015-11-04 07:00:00,0.6566499231364257,6769.256669841217,cand_007
2015-11-04 07:00:00,0.5093902926608961,6769.766060133878,cand_009
2015-11-04 07:00:00,0.5222644599299877,6770.288324593808,cand_011
2015-11-04 07:00:00,0.5221548113343271,6770.810479405142,cand_013
2015-11-04 07:00:00,0.5271758785499405,6771.337655283693,cand_014
2015-11-04 07:00:00,0.49031404625585057,6771.827969329948,cand_014
2015-11-04 07:00:00,0.604366284364134,6772.432335614312,cand_015
2015-11-09 07:00:00,0.5104507579966491,6772.942786372309,cand_003
2015-11-09 07:00:00,0.5093902926608961,6773.45217666497,cand_009
2015-11-09 07:00:00,0.5222644599299877,6773.974441124899,cand_011
2015-11-09 07:00:00,0.5221548113343271,6774.4965959362335,cand_013
2015-11-09 07:00:00,0.5271758785499405,6775.023771814784,cand_014
2015-11-09 07:00:00,0.49031404625585057,6775.514085861039,cand_014
2015-11-23 07:00:00,0.5104507579966491,6776.024536619036,cand_003
2015-11-23 07:00:00,0.5093902926608961,6776.533926911697,cand_009
2015-11-23 07:00:00,0.5222644599299877,6777.0561913716265,cand_011
2015-11-23 07:00:00,0.5221548113343271,6777.578346182961,cand_013
2015-11-23 07:00:00,0.5271758785499405,6778.105522061511,cand_014
2015-11-23 07:00:00,0.49031404625585057,6778.595836107766,cand_014
2015-11-23 07:00:00,0.604366284364134,6779.20020239213,cand_015
2015-12-01 07:00:00,0.5104507579966491,6779.710653150127,cand_003
2015-12-01 07:00:00,0.5093902926608961,6780.220043442788,cand_009
2015-12-01 07:00:00,0.5222644599299877,6780.742307902718,cand_011
2015-12-01 07:00:00,0.5221548113343271,6781.264462714052,cand_013
2015-12-01 07:00:00,0.5271758785499405,6781.791638592602,cand_014
2015-12-01 07:00:00,0.49031404625585057,6782.281952638858,cand_014
2015-12-02 07:00:00,0.5104507579966491,6782.792403396854,cand_003
2015-12-02 07:00:00,0.5093902926608961,6783.301793689515,cand_009
2015-12-02 07:00:00,0.49031404625585057,6783.7921077357705,cand_014
2015-12-02 07:00:00,0.604366284364134,6784.3964740201345,cand_015
2015-12-11 07:00:00,0.5104507579966491,6784.906924778131,cand_003
2015-12-11 07:00:00,0.6566499231364257,6785.5635747012675,cand_007
2015-12-11 07:00:00,0.5093902926608961,6786.0729649939285,cand_009
2015-12-11 07:00:00,0.5222644599299877,6786.595229453858,cand_011
2015-12-11 07:00:00,0.5221548113343271,6787.117384265192,cand_013
2015-12-11 07:00:00,0.5271758785499405,6787.644560143743,cand_014
2015-12-11 07:00:00,0.49031404625585057,6788.134874189998,cand_014
2015-12-11 07:00:00,0.604366284364134,6788.739240474362,cand_015
2015-12-15 08:02:40,0.0,6788.739240474362,cand_003
2015-12-15 08:02:40,0.0,6788.739240474362,cand_009
2015-12-15 08:02:40,0.0,6788.739240474362,cand_011
2015-12-15 08:02:40,0.0,6788.739240474362,cand_013
2015-12-15 08:02:40,0.0,6788.739240474362,cand_014
2015-12-15 13:00:00,-15.574753421933051,6773.16448705243,cand_003
2015-12-15 13:00:00,-15.542396753129813,6757.6220902993,cand_009
2015-12-15 13:00:00,-15.935210315628508,6741.686879983671,cand_011
2015-12-15 13:00:00,-15.93186474347738,6725.755015240194,cand_013
2015-12-15 13:00:00,-16.085066364932597,6709.669948875261,cand_014
2015-12-16 07:00:00,0.5104507579966491,6710.180399633257,cand_003
2015-12-16 07:00:00,0.6566499231364257,6710.837049556394,cand_007
2015-12-16 07:00:00,0.5093902926608961,6711.346439849055,cand_009
2015-12-16 07:00:00,0.5222644599299877,6711.868704308985,cand_011
2015-12-16 07:00:00,0.5221548113343271,6712.390859120319,cand_013
2015-12-16 07:00:00,0.5271758785499405,6712.918034998869,cand_014
2015-12-16 07:00:00,0.49031404625585057,6713.408349045125,cand_014
2015-12-16 07:00:00,0.604366284364134,6714.012715329489,cand_015
2015-12-17 07:00:00,0.5104507579966491,6714.523166087485,cand_003
2015-12-17 07:00:00,0.6566499231364257,6715.179816010622,cand_007
2015-12-17 07:00:00,0.5093902926608961,6715.689206303283,cand_009
2015-12-17 07:00:00,0.5222644599299877,6716.211470763213,cand_011
2015-12-17 07:00:00,0.5221548113343271,6716.733625574547,cand_013
2015-12-17 07:00:00,0.5271758785499405,6717.260801453097,cand_014
2015-12-17 07:00:00,0.49031404625585057,6717.751115499353,cand_014
2015-12-17 07:00:00,0.604366284364134,6718.355481783717,cand_015
2015-12-18 07:00:00,0.5104507579966491,6718.865932541713,cand_003
2015-12-18 07:00:00,0.5093902926608961,6719.375322834374,cand_009
2015-12-18 07:00:00,0.5222644599299877,6719.897587294304,cand_011
2015-12-18 07:00:00,0.5221548113343271,6720.419742105638,cand_013
2015-12-18 07:00:00,0.5271758785499405,6720.946917984188,cand_014
2015-12-18 07:00:00,0.49031404625585057,6721.437232030444,cand_014
2015-12-24 09:53:40,0.0,6721.437232030444,cand_003
2015-12-24 09:53:40,0.0,6721.437232030444,cand_009
2015-12-24 09:53:40,0.0,6721.437232030444,cand_011
2015-12-24 09:53:40,0.0,6721.437232030444,cand_013
2015-12-24 09:53:40,0.0,6721.437232030444,cand_014
2015-12-24 09:53:40,0.0,6721.437232030444,cand_014
2015-12-24 09:53:40,0.0,6721.437232030444,cand_015
2015-12-24 13:00:00,5.690024625903824,6727.1272566563475,cand_003
2015-12-24 13:00:00,5.6782035564258715,6732.805460212773,cand_009
2015-12-24 13:00:00,5.821712656278393,6738.627172869052,cand_011
2015-12-24 13:00:00,5.820490396932646,6744.447663265984,cand_013
2015-12-24 13:00:00,5.876460528541984,6750.324123794527,cand_014
2015-12-24 13:00:00,5.465559515616687,6755.789683310143,cand_014
2015-12-24 13:00:00,6.736906522764905,6762.526589832908,cand_015
2016-01-04 07:39:40,0.0,6762.526589832908,cand_003
2016-01-04 07:39:40,0.0,6762.526589832908,cand_007
2016-01-04 07:39:40,0.0,6762.526589832908,cand_009
2016-01-04 07:39:40,0.0,6762.526589832908,cand_011
2016-01-04 07:39:40,0.0,6762.526589832908,cand_013
2016-01-04 07:39:40,0.0,6762.526589832908,cand_014
2016-01-04 07:39:40,0.0,6762.526589832908,cand_014
2016-01-04 07:39:40,0.0,6762.526589832908,cand_015
2016-01-04 13:00:00,15.790944331202223,6778.31753416411,cand_003
2016-01-04 13:00:00,20.313658504555665,6798.631192668666,cand_007
2016-01-04 13:00:00,15.758138524139136,6814.389331192805,cand_009
2016-01-04 13:00:00,16.156404675128268,6830.545735867933,cand_011
2016-01-04 13:00:00,16.15301266357192,6846.698748531505,cand_013
2016-01-04 13:00:00,16.308340854671396,6863.007089386177,cand_014
2016-01-04 13:00:00,15.168009230938342,6878.175098617115,cand_014
2016-01-04 13:00:00,18.696248761594006,6896.871347378708,cand_015
2016-01-08 07:00:00,0.5104507579966491,6897.381798136705,cand_003
2016-01-08 07:00:00,0.5093902926608961,6897.891188429366,cand_009
2016-01-08 07:00:00,0.5222644599299877,6898.4134528892955,cand_011
2016-01-08 07:00:00,0.5221548113343271,6898.93560770063,cand_013
2016-01-08 07:00:00,0.5271758785499405,6899.46278357918,cand_014
2016-01-08 07:00:00,0.49031404625585057,6899.9530976254355,cand_014
2016-01-08 07:00:00,0.604366284364134,6900.5574639097995,cand_015
2016-01-12 08:42:40,0.0,6900.5574639097995,cand_003
2016-01-12 08:42:40,0.0,6900.5574639097995,cand_009
2016-01-12 08:42:40,0.0,6900.5574639097995,cand_011
2016-01-12 08:42:40,0.0,6900.5574639097995,cand_013
2016-01-12 08:42:40,0.0,6900.5574639097995,cand_014
2016-01-12 08:42:40,0.0,6900.5574639097995,cand_014
2016-01-12 13:00:00,-27.876616689652298,6872.680847220147,cand_003
2016-01-12 13:00:00,-27.818702806257413,6844.86214441389,cand_009
2016-01-12 13:00:00,-28.521783799941215,6816.340360613948,cand_011
2016-01-12 13:00:00,-28.515795696634665,6787.824564917313,cand_013
2016-01-12 13:00:00,-28.790005037986166,6759.034559879327,cand_014
2016-01-12 13:00:00,-26.776915326113627,6732.257644553214,cand_014
2016-01-13 07:00:00,0.5104507579966491,6732.76809531121,cand_003
2016-01-13 07:00:00,0.5093902926608961,6733.277485603871,cand_009
2016-01-13 07:00:00,0.5222644599299877,6733.799750063801,cand_011
2016-01-13 07:00:00,0.5221548113343271,6734.321904875135,cand_013
2016-01-13 07:00:00,0.5271758785499405,6734.8490807536855,cand_014
2016-01-13 07:00:00,0.604366284364134,6735.4534470380495,cand_015
2016-01-19 07:00:00,0.5104507579966491,6735.963897796046,cand_003
2016-01-19 07:00:00,0.6566499231364257,6736.6205477191825,cand_007
2016-01-19 07:00:00,0.5093902926608961,6737.1299380118435,cand_009
2016-01-19 07:00:00,0.5222644599299877,6737.652202471773,cand_011
2016-01-19 07:00:00,0.5221548113343271,6738.174357283107,cand_013
2016-01-19 07:00:00,0.5271758785499405,6738.701533161658,cand_014
2016-01-19 07:00:00,0.49031404625585057,6739.191847207913,cand_014
2016-01-19 07:00:00,0.604366284364134,6739.796213492277,cand_015
2016-01-19 07:35:40,0.0,6739.796213492277,cand_003
2016-01-19 07:35:40,0.0,6739.796213492277,cand_007
2016-01-19 07:35:40,0.0,6739.796213492277,cand_009
2016-01-19 07:35:40,0.0,6739.796213492277,cand_011
2016-01-19 07:35:40,0.0,6739.796213492277,cand_013
2016-01-19 07:35:40,0.0,6739.796213492277,cand_014
2016-01-19 07:35:40,0.0,6739.796213492277,cand_014
2016-01-19 07:35:40,0.0,6739.796213492277,cand_015
2016-01-19 13:00:00,7.074246975530031,6746.870460467807,cand_003
2016-01-19 13:00:00,9.100395405349522,6755.970855873156,cand_007
2016-01-19 13:00:00,7.059550173582772,6763.030406046739,cand_009
2016-01-19 13:00:00,7.2379709858532415,6770.268377032592,cand_011
2016-01-19 13:00:00,7.236451385315733,6777.504828417907,cand_013
2016-01-19 13:00:00,7.306037469786235,6784.810865887694,cand_014
2016-01-19 13:00:00,6.79517584105167,6791.606041728745,cand_014
2016-01-19 13:00:00,8.375805682128822,6799.981847410874,cand_015
2016-01-20 08:07:40,0.0,6799.981847410874,cand_003
2016-01-20 08:07:40,0.0,6799.981847410874,cand_007
2016-01-20 08:07:40,0.0,6799.981847410874,cand_009
2016-01-20 08:07:40,0.0,6799.981847410874,cand_011
2016-01-20 08:07:40,0.0,6799.981847410874,cand_013
2016-01-20 08:07:40,0.0,6799.981847410874,cand_014
2016-01-20 08:07:40,0.0,6799.981847410874,cand_014
2016-01-20 08:07:40,0.0,6799.981847410874,cand_015
2016-01-20 13:00:00,15.574753421933051,6815.556600832807,cand_003
2016-01-20 13:00:00,20.035547948874353,6835.592148781681,cand_007
2016-01-20 13:00:00,15.542396753129813,6851.134545534811,cand_009
2016-01-20 13:00:00,15.935210315628508,6867.06975585044,cand_011
2016-01-20 13:00:00,15.93186474347738,6883.001620593917,cand_013
2016-01-20 13:00:00,16.085066364932597,6899.08668695885,cand_014
2016-01-20 13:00:00,14.960346811347629,6914.047033770197,cand_014
2016-01-20 13:00:00,18.440281864686842,6932.487315634884,cand_015
2016-01-21 08:01:20,0.0,6932.487315634884,cand_003
2016-01-21 08:01:20,0.0,6932.487315634884,cand_007
2016-01-21 08:01:20,0.0,6932.487315634884,cand_009
2016-01-21 08:01:20,0.0,6932.487315634884,cand_011
2016-01-21 08:01:20,0.0,6932.487315634884,cand_013
2016-01-21 08:01:20,0.0,6932.487315634884,cand_014
2016-01-21 08:01:20,0.0,6932.487315634884,cand_014
2016-01-21 08:01:20,0.0,6932.487315634884,cand_015
2016-01-21 13:00:00,-12.163741297908386,6920.323574336976,cand_003
2016-01-21 13:00:00,-15.647581403680354,6904.675992933296,cand_007
2016-01-21 13:00:00,-12.138471032760531,6892.5375219005355,cand_009
2016-01-21 13:00:00,-12.445254865743413,6880.092267034792,cand_011
2016-01-21 13:00:00,-12.442642004207993,6867.649625030584,cand_013
2016-01-21 13:00:00,-12.562291082387112,6855.087333948197,cand_014
2016-01-21 13:00:00,-11.68389530224971,6843.403438645947,cand_014
2016-01-21 13:00:00,-14.401693046818275,6829.001745599129,cand_015
2016-01-22 07:00:00,0.5104507579966491,6829.5121963571255,cand_003
2016-01-22 07:00:00,0.5093902926608961,6830.0215866497865,cand_009
2016-01-22 07:00:00,0.5222644599299877,6830.543851109716,cand_011
2016-01-22 07:00:00,0.5221548113343271,6831.06600592105,cand_013
2016-01-22 07:00:00,0.5271758785499405,6831.593181799601,cand_014
2016-01-22 07:00:00,0.49031404625585057,6832.083495845856,cand_014
2016-01-22 07:31:40,0.0,6832.083495845856,cand_003
2016-01-22 07:31:40,0.0,6832.083495845856,cand_009
2016-01-22 07:31:40,0.0,6832.083495845856,cand_011
2016-01-22 07:31:40,0.0,6832.083495845856,cand_013
2016-01-22 07:31:40,0.0,6832.083495845856,cand_014
2016-01-22 07:31:40,0.0,6832.083495845856,cand_014
2016-01-22 13:00:00,5.284666671024133,6837.36816251688,cand_003
2016-01-22 13:00:00,5.273687735783396,6842.641850252664,cand_009
2016-01-22 13:00:00,5.406973232216345,6848.04882348488,cand_011
2016-01-22 13:00:00,5.405838046755387,6853.454661531635,cand_013
2016-01-22 13:00:00,5.457820860281738,6858.9124823919165,cand_014
2016-01-22 13:00:00,5.0761924788841,6863.9886748708,cand_014
2016-01-25 07:00:00,0.5104507579966491,6864.499125628797,cand_003
2016-01-25 07:00:00,0.5093902926608961,6865.008515921458,cand_009
2016-01-25 07:00:00,0.5222644599299877,6865.530780381388,cand_011
2016-01-25 07:00:00,0.5221548113343271,6866.052935192722,cand_013
2016-01-25 07:00:00,0.5271758785499405,6866.580111071272,cand_014
2016-01-25 07:00:00,0.49031404625585057,6867.0704251175275,cand_014
2016-01-26 08:23:40,0.0,6867.0704251175275,cand_003
2016-01-26 08:23:40,0.0,6867.0704251175275,cand_009
2016-01-26 08:23:40,0.0,6867.0704251175275,cand_011
2016-01-26 08:23:40,0.0,6867.0704251175275,cand_013
2016-01-26 08:23:40,0.0,6867.0704251175275,cand_014
2016-01-26 08:23:40,0.0,6867.0704251175275,cand_014
2016-01-26 13:00:00,-26.981826537399346,6840.088598580128,cand_003
2016-01-26 13:00:00,-26.925771587357723,6813.1628269927705,cand_009
2016-01-26 13:00:00,-27.606284923122764,6785.556542069648,cand_011
2016-01-26 13:00:00,-27.60048902735449,6757.956053042293,cand_013
2016-01-26 13:00:00,-27.865896733233917,6730.090156309059,cand_014
2016-01-26 13:00:00,-25.917423645029842,6704.172732664029,cand_014
2016-01-27 07:00:00,0.5104507579966491,6704.683183422026,cand_003
2016-01-27 07:00:00,0.5093902926608961,6705.192573714687,cand_009
2016-01-27 07:00:00,0.5222644599299877,6705.7148381746165,cand_011
2016-01-27 07:00:00,0.5221548113343271,6706.236992985951,cand_013
2016-01-27 07:00:00,0.5271758785499405,6706.764168864501,cand_014
2016-01-27 07:00:00,0.49031404625585057,6707.254482910756,cand_014
2016-01-27 07:00:00,0.604366284364134,6707.8588491951205,cand_015
2016-01-28 07:00:00,0.5104507579966491,6708.369299953117,cand_003
2016-01-28 07:00:00,0.5093902926608961,6708.878690245778,cand_009
2016-01-28 07:00:00,0.5222644599299877,6709.400954705708,cand_011
2016-01-28 07:00:00,0.5221548113343271,6709.923109517042,cand_013
2016-01-28 07:00:00,0.5271758785499405,6710.450285395592,cand_014
2016-01-28 07:00:00,0.49031404625585057,6710.940599441848,cand_014
2016-01-28 07:00:00,0.604366284364134,6711.544965726212,cand_015
2016-02-01 07:00:00,0.5104507579966491,6712.055416484208,cand_003
2016-02-01 07:00:00,0.5093902926608961,6712.564806776869,cand_009
2016-02-01 07:00:00,0.5222644599299877,6713.087071236799,cand_011
2016-02-01 07:00:00,0.5221548113343271,6713.609226048133,cand_013
2016-02-01 07:00:00,0.5271758785499405,6714.136401926683,cand_014
2016-02-02 07:26:40,0.0,6714.136401926683,cand_003
2016-02-02 07:26:40,0.0,6714.136401926683,cand_009
2016-02-02 07:26:40,0.0,6714.136401926683,cand_011
2016-02-02 07:26:40,0.0,6714.136401926683,cand_013
2016-02-02 07:26:40,0.0,6714.136401926683,cand_014
2016-02-02 07:26:40,0.0,6714.136401926683,cand_014
2016-02-02 13:00:00,-20.18382350149103,6693.952578425192,cand_003
2016-02-02 13:00:00,-20.141891454509082,6673.810686970683,cand_009
2016-02-02 13:00:00,-20.650951174408103,6653.159735796275,cand_011
2016-02-02 13:00:00,-20.646615539937333,6632.513120256337,cand_013
2016-02-02 13:00:00,-20.84515444478059,6611.667965811556,cand_014
2016-02-02 13:00:00,-19.387594229010748,6592.280371582546,cand_014
2016-02-08 07:00:00,0.5104507579966491,6592.790822340543,cand_003
2016-02-08 07:00:00,0.6566499231364257,6593.447472263679,cand_007
2016-02-08 07:00:00,0.5093902926608961,6593.95686255634,cand_009
2016-02-08 07:00:00,0.5222644599299877,6594.47912701627,cand_011
2016-02-08 07:00:00,0.5221548113343271,6595.0012818276045,cand_013
2016-02-08 07:00:00,0.5271758785499405,6595.528457706154,cand_014
2016-02-08 07:00:00,0.49031404625585057,6596.0187717524095,cand_014
2016-02-08 07:00:00,0.604366284364134,6596.6231380367735,cand_015
2016-02-08 07:31:40,0.0,6596.6231380367735,cand_003
2016-02-08 07:31:40,0.0,6596.6231380367735,cand_007
2016-02-08 07:31:40,0.0,6596.6231380367735,cand_009
2016-02-08 07:31:40,0.0,6596.6231380367735,cand_011
2016-02-08 07:31:40,0.0,6596.6231380367735,cand_013
2016-02-08 07:31:40,0.0,6596.6231380367735,cand_014
2016-02-08 07:31:40,0.0,6596.6231380367735,cand_014
2016-02-08 07:31:40,0.0,6596.6231380367735,cand_015
2016-02-08 11:58:40,-39.565939047775565,6557.057198988998,cand_003
2016-02-08 11:58:40,-50.89809433628636,6506.159104652712,cand_007
2016-02-08 11:58:40,-39.483740508191936,6466.675364144519,cand_009
2016-02-08 11:58:40,-40.481639932337934,6426.193724212182,cand_011
2016-02-08 11:58:40,-40.473140876190755,6385.720583335991,cand_013
2016-02-08 11:58:40,-40.862332656779806,6344.858250679211,cand_014
2016-02-08 12:14:40,33.650252994539024,6378.50850367375,cand_014
2016-02-08 12:14:40,-40.19709919216347,6338.311404481587,cand_014
2016-02-08 12:14:40,41.47765809591052,6379.789062577497,cand_015
2016-02-08 12:14:40,-49.54737003048786,6330.24169254701,cand_015
2016-03-02 07:00:00,0.5104507579966491,6330.752143305006,cand_003
2016-03-02 07:00:00,0.5093902926608961,6331.261533597667,cand_009
2016-03-02 07:00:00,0.5222644599299877,6331.783798057597,cand_011
2016-03-02 07:00:00,0.5221548113343271,6332.305952868932,cand_013
2016-03-02 07:00:00,0.5271758785499405,6332.833128747481,cand_014
2016-03-02 07:00:00,0.49031404625585057,6333.323442793737,cand_014
2016-03-02 08:45:40,0.0,6333.323442793737,cand_003
2016-03-02 08:45:40,0.0,6333.323442793737,cand_009
2016-03-02 08:45:40,0.0,6333.323442793737,cand_011
2016-03-02 08:45:40,0.0,6333.323442793737,cand_013
2016-03-02 08:45:40,0.0,6333.323442793737,cand_014
2016-03-02 08:45:40,0.0,6333.323442793737,cand_014
2016-03-02 13:00:00,2.5732723506066373,6335.896715144343,cand_003
2016-03-02 13:00:00,2.567926357708165,6338.464641502052,cand_009
2016-03-02 13:00:00,2.632827306823527,6341.097468808875,cand_011
2016-03-02 13:00:00,2.632274548903049,6343.729743357778,cand_013
2016-03-02 13:00:00,2.657586634807642,6346.387329992585,cand_014
2016-03-02 13:00:00,2.4717596331839053,6348.859089625769,cand_014
2016-03-03 07:00:00,0.5104507579966491,6349.369540383766,cand_003
2016-03-03 07:00:00,0.6566499231364257,6350.026190306902,cand_007
2016-03-03 07:00:00,0.5093902926608961,6350.535580599563,cand_009
2016-03-03 07:00:00,0.5222644599299877,6351.057845059493,cand_011
2016-03-03 07:00:00,0.5221548113343271,6351.579999870828,cand_013
2016-03-03 07:00:00,0.5271758785499405,6352.107175749377,cand_014
2016-03-03 07:00:00,0.49031404625585057,6352.597489795633,cand_014
2016-03-03 07:00:00,0.604366284364134,6353.201856079997,cand_015
2016-03-03 07:06:40,0.0,6353.201856079997,cand_003
2016-03-03 07:06:40,0.0,6353.201856079997,cand_007
2016-03-03 07:06:40,0.0,6353.201856079997,cand_009
2016-03-03 07:06:40,0.0,6353.201856079997,cand_011
2016-03-03 07:06:40,0.0,6353.201856079997,cand_013
2016-03-03 07:06:40,0.0,6353.201856079997,cand_014
2016-03-03 07:06:40,0.0,6353.201856079997,cand_014
2016-03-03 07:06:40,0.0,6353.201856079997,cand_015
2016-03-03 13:00:00,-17.130126908064017,6336.071729171933,cand_003
2016-03-03 13:00:00,-22.036398891137107,6314.035330280796,cand_007
2016-03-03 13:00:00,-17.094538939002426,6296.940791341793,cand_009
2016-03-03 13:00:00,-17.526580846474,6279.414210495319,cand_011
2016-03-03 13:00:00,-17.522901168601976,6261.8913093267165,cand_013
2016-03-03 13:00:00,-17.691402277220064,6244.199907049497,cand_014
2016-03-03 13:00:00,-16.454362552291926,6227.745544497205,cand_014
2016-03-03 13:00:00,-20.281821484102263,6207.463723013103,cand_015
2016-03-04 07:00:00,0.5104507579966491,6207.974173771099,cand_003
2016-03-04 07:00:00,0.5093902926608961,6208.48356406376,cand_009
2016-03-04 07:00:00,0.5222644599299877,6209.00582852369,cand_011
2016-03-04 07:00:00,0.5221548113343271,6209.527983335025,cand_013
2016-03-04 07:00:00,0.5271758785499405,6210.055159213574,cand_014
2016-03-04 07:53:40,0.0,6210.055159213574,cand_003
2016-03-04 07:53:40,0.0,6210.055159213574,cand_009
2016-03-04 07:53:40,0.0,6210.055159213574,cand_011
2016-03-04 07:53:40,0.0,6210.055159213574,cand_013
2016-03-04 07:53:40,0.0,6210.055159213574,cand_014
2016-03-04 13:00:00,-9.665535235242432,6200.389623978332,cand_003
2016-03-04 13:00:00,-9.64545501220838,6190.744168966124,cand_009
2016-03-04 13:00:00,-9.889231155968416,6180.854937810155,cand_011
2016-03-04 13:00:00,-9.887154927559994,6170.967782882595,cand_013
2016-03-04 13:00:00,-9.98223031207211,6160.9855525705225,cand_014
2016-03-10 07:00:00,0.5104507579966491,6161.49600332852,cand_003
2016-03-10 07:00:00,0.6566499231364257,6162.152653251656,cand_007
2016-03-10 07:00:00,0.5093902926608961,6162.6620435443165,cand_009
2016-03-10 07:00:00,0.5222644599299877,6163.184308004247,cand_011
2016-03-10 07:00:00,0.5221548113343271,6163.706462815581,cand_013
2016-03-10 07:00:00,0.5271758785499405,6164.2336386941315,cand_014
2016-03-10 07:00:00,0.49031404625585057,6164.723952740387,cand_014
2016-03-10 07:00:00,0.604366284364134,6165.328319024751,cand_015
2016-03-11 07:00:00,0.5104507579966491,6165.8387697827475,cand_003
2016-03-11 07:00:00,0.5093902926608961,6166.3481600754085,cand_009
2016-03-11 07:00:00,0.5222644599299877,6166.870424535338,cand_011
2016-03-11 07:00:00,0.5221548113343271,6167.392579346673,cand_013
2016-03-11 07:00:00,0.5271758785499405,6167.919755225223,cand_014
2016-03-11 07:00:00,0.49031404625585057,6168.410069271478,cand_014
2016-03-11 09:16:40,0.0,6168.410069271478,cand_003
2016-03-11 09:16:40,0.0,6168.410069271478,cand_009
2016-03-11 09:16:40,0.0,6168.410069271478,cand_011
2016-03-11 09:16:40,0.0,6168.410069271478,cand_013
2016-03-11 09:16:40,0.0,6168.410069271478,cand_014
2016-03-11 09:16:40,0.0,6168.410069271478,cand_014
2016-03-11 13:00:00,3.957494700232844,6172.367563971711,cand_003
2016-03-11 13:00:00,3.9492729748650652,6176.316836946577,cand_009
2016-03-11 13:00:00,4.049085636398376,6180.365922582974,cand_011
2016-03-11 13:00:00,4.048235537286136,6184.41415812026,cand_013
2016-03-11 13:00:00,4.087163576051892,6188.5013216963125,cand_014
2016-03-11 13:00:00,3.8013759586188884,6192.302697654932,cand_014
2016-03-14 07:00:00,0.5104507579966491,6192.813148412928,cand_003
2016-03-14 07:00:00,0.5093902926608961,6193.322538705589,cand_009
2016-03-14 07:00:00,0.5222644599299877,6193.844803165519,cand_011
2016-03-14 07:00:00,0.5221548113343271,6194.366957976854,cand_013
2016-03-14 07:00:00,0.5271758785499405,6194.894133855403,cand_014
2016-03-14 07:00:00,0.49031404625585057,6195.384447901659,cand_014
2016-03-14 07:00:00,0.604366284364134,6195.988814186023,cand_015
2016-03-15 07:53:40,0.0,6195.988814186023,cand_003
2016-03-15 07:53:40,0.0,6195.988814186023,cand_009
2016-03-15 07:53:40,0.0,6195.988814186023,cand_011
2016-03-15 07:53:40,0.0,6195.988814186023,cand_013
2016-03-15 07:53:40,0.0,6195.988814186023,cand_014
2016-03-15 13:00:00,0.9007954552882043,6196.889609641311,cand_003
2016-03-15 13:00:00,0.8989240458721697,6197.788533687183,cand_009
2016-03-15 13:00:00,0.9216431645823313,6198.710176851766,cand_011
2016-03-15 13:00:00,0.9214496670605772,6199.631626518826,cand_013
2016-03-15 13:00:00,0.9303103739116598,6200.561936892738,cand_014
2016-03-16 07:00:00,0.5104507579966491,6201.0723876507345,cand_003
2016-03-16 07:00:00,0.5093902926608961,6201.5817779433955,cand_009
2016-03-16 07:00:00,0.5222644599299877,6202.104042403325,cand_011
2016-03-16 07:00:00,0.5221548113343271,6202.62619721466,cand_013
2016-03-16 07:00:00,0.5271758785499405,6203.15337309321,cand_014
2016-03-17 07:21:40,0.0,6203.15337309321,cand_003
2016-03-17 07:21:40,0.0,6203.15337309321,cand_009
2016-03-17 07:21:40,0.0,6203.15337309321,cand_011
2016-03-17 07:21:40,0.0,6203.15337309321,cand_013
2016-03-17 07:21:40,0.0,6203.15337309321,cand_014
2016-03-17 07:21:40,0.0,6203.15337309321,cand_014
2016-03-17 13:00:00,48.05443488810807,6251.207807981318,cand_003
2016-03-17 13:00:00,47.95460143379401,6299.162409415112,cand_009
2016-03-17 13:00:00,49.16659068658544,6348.329000101698,cand_011
2016-03-17 13:00:00,49.15626823879159,6397.485268340489,cand_013
2016-03-17 13:00:00,49.628957413607345,6447.114225754096,cand_014
2016-03-17 13:00:00,46.15874115458019,6493.272966908677,cand_014
2016-03-22 07:00:00,0.5104507579966491,6493.783417666673,cand_003
2016-03-22 07:00:00,0.6566499231364257,6494.440067589809,cand_007
2016-03-22 07:00:00,0.5093902926608961,6494.949457882471,cand_009
2016-03-22 07:00:00,0.5222644599299877,6495.4717223423995,cand_011
2016-03-22 07:00:00,0.5221548113343271,6495.9938771537345,cand_013
2016-03-22 07:00:00,0.5271758785499405,6496.521053032284,cand_014
2016-03-22 07:00:00,0.49031404625585057,6497.0113670785395,cand_014
2016-03-22 07:00:00,0.604366284364134,6497.6157333629035,cand_015
2016-03-23 07:00:00,0.5104507579966491,6498.126184120901,cand_003
2016-03-23 07:00:00,0.5093902926608961,6498.635574413562,cand_009
2016-03-23 07:00:00,0.5222644599299877,6499.1578388734915,cand_011
2016-03-23 07:00:00,0.5221548113343271,6499.679993684826,cand_013
2016-03-23 07:00:00,0.5271758785499405,6500.207169563376,cand_014
2016-03-23 07:00:00,0.49031404625585057,6500.6974836096315,cand_014
2016-03-24 07:00:00,0.5104507579966491,6501.207934367629,cand_003
2016-03-24 07:00:00,0.5093902926608961,6501.717324660289,cand_009
2016-03-24 07:00:00,0.5222644599299877,6502.2395891202195,cand_011
2016-03-24 07:00:00,0.5221548113343271,6502.761743931554,cand_013
2016-03-24 07:00:00,0.5271758785499405,6503.288919810104,cand_014
2016-03-24 07:00:00,0.49031404625585057,6503.7792338563595,cand_014
2016-03-25 07:00:00,0.5104507579966491,6504.289684614356,cand_003
2016-03-25 07:00:00,0.6566499231364257,6504.946334537492,cand_007
2016-03-25 07:00:00,0.5093902926608961,6505.4557248301535,cand_009
2016-03-25 07:00:00,0.5222644599299877,6505.977989290082,cand_011
2016-03-25 07:00:00,0.5221548113343271,6506.500144101417,cand_013
2016-03-25 07:00:00,0.5271758785499405,6507.027319979967,cand_014
2016-03-25 07:00:00,0.49031404625585057,6507.517634026222,cand_014
2016-03-25 07:00:00,0.604366284364134,6508.122000310586,cand_015
2016-03-28 07:00:00,0.5104507579966491,6508.632451068584,cand_003
2016-03-28 07:00:00,0.6566499231364257,6509.28910099172,cand_007
2016-03-28 07:00:00,0.5093902926608961,6509.79849128438,cand_009
2016-03-28 07:00:00,0.5222644599299877,6510.320755744311,cand_011
2016-03-28 07:00:00,0.5221548113343271,6510.842910555645,cand_013
2016-03-28 07:00:00,0.5271758785499405,6511.370086434195,cand_014
2016-03-28 07:00:00,0.49031404625585057,6511.860400480451,cand_014
2016-03-28 07:00:00,0.604366284364134,6512.464766764815,cand_015
2016-03-29 07:00:00,0.5104507579966491,6512.975217522811,cand_003
2016-03-29 07:00:00,0.5093902926608961,6513.484607815472,cand_009
2016-03-29 07:00:00,0.5222644599299877,6514.006872275402,cand_011
2016-03-29 07:00:00,0.5221548113343271,6514.529027086737,cand_013
2016-03-29 07:00:00,0.5271758785499405,6515.0562029652865,cand_014
2016-03-29 07:00:00,0.49031404625585057,6515.546517011542,cand_014
2016-03-30 08:14:40,0.0,6515.546517011542,cand_003
2016-03-30 08:14:40,0.0,6515.546517011542,cand_009
2016-03-30 08:14:40,0.0,6515.546517011542,cand_011
2016-03-30 08:14:40,0.0,6515.546517011542,cand_013
2016-03-30 08:14:40,0.0,6515.546517011542,cand_014
2016-03-30 13:00:00,-3.3149272754605916,6512.231589736082,cand_003
2016-03-30 13:00:00,-3.308040488809584,6508.923549247273,cand_009
2016-03-30 13:00:00,-3.3916468456629794,6505.53190240161,cand_011
2016-03-30 13:00:00,-3.390934774782924,6502.140967626827,cand_013
2016-03-30 13:00:00,-3.423542175994908,6498.717425450832,cand_014
2016-04-05 09:27:40,0.0,6498.717425450832,cand_003
2016-04-05 09:27:40,0.0,6498.717425450832,cand_007
2016-04-05 09:27:40,0.0,6498.717425450832,cand_009
2016-04-05 09:27:40,0.0,6498.717425450832,cand_011
2016-04-05 09:27:40,0.0,6498.717425450832,cand_013
2016-04-05 09:27:40,0.0,6498.717425450832,cand_014
2016-04-05 09:27:40,0.0,6498.717425450832,cand_014
2016-04-05 09:27:40,0.0,6498.717425450832,cand_015
2016-04-05 13:00:00,12.671189404387409,6511.388614855219,cand_003
2016-04-05 13:00:00,16.3003686802101,6527.688983535429,cand_007
2016-04-05 13:00:00,12.644864911935187,6540.333848447364,cand_009
2016-04-05 13:00:00,12.964447181791462,6553.298295629155,cand_011
2016-04-05 13:00:00,12.961725316652121,6566.260020945807,cand_013
2016-04-05 13:00:00,13.086365926357349,6579.346386872165,cand_014
2016-04-05 13:00:00,12.171325148233468,6591.517712020398,cand_014
2016-04-05 13:00:00,15.002504235392033,6606.52021625579,cand_015
2016-04-07 08:18:40,0.0,6606.52021625579,cand_003
2016-04-07 08:18:40,0.0,6606.52021625579,cand_007
2016-04-07 08:18:40,0.0,6606.52021625579,cand_009
2016-04-07 08:18:40,0.0,6606.52021625579,cand_011
2016-04-07 08:18:40,0.0,6606.52021625579,cand_013
2016-04-07 08:18:40,0.0,6606.52021625579,cand_014
2016-04-07 08:18:40,0.0,6606.52021625579,cand_014
2016-04-07 08:18:40,0.0,6606.52021625579,cand_015
2016-04-07 13:00:00,36.09187124188072,6642.6120874976705,cand_003
2016-04-07 13:00:00,46.42901221235198,6689.0410997100225,cand_007
2016-04-07 13:00:00,36.0168901046116,6725.057989814634,cand_009
2016-04-07 13:00:00,36.92716946093208,6761.985159275567,cand_011
2016-04-07 13:00:00,36.91941666022713,6798.904575935794,cand_013
2016-04-07 13:00:00,37.2744356480605,6836.179011583855,cand_014
2016-04-07 13:00:00,34.668087270560726,6870.847098854416,cand_014
2016-04-07 13:00:00,42.732251400334654,6913.57935025475,cand_015
2016-04-13 07:00:00,0.5104507579966491,6914.089801012747,cand_003
2016-04-13 07:00:00,0.6566499231364257,6914.746450935883,cand_007
2016-04-13 07:00:00,0.5093902926608961,6915.255841228544,cand_009
2016-04-13 07:00:00,0.5222644599299877,6915.778105688474,cand_011
2016-04-13 07:00:00,0.5221548113343271,6916.300260499808,cand_013
2016-04-13 07:00:00,0.5271758785499405,6916.8274363783585,cand_014
2016-04-13 07:00:00,0.49031404625585057,6917.317750424614,cand_014
2016-04-13 07:00:00,0.604366284364134,6917.922116708978,cand_015
2016-04-13 09:37:40,0.0,6917.922116708978,cand_003
2016-04-13 09:37:40,0.0,6917.922116708978,cand_007
2016-04-13 09:37:40,0.0,6917.922116708978,cand_009
2016-04-13 09:37:40,0.0,6917.922116708978,cand_011
2016-04-13 09:37:40,0.0,6917.922116708978,cand_013
2016-04-13 09:37:40,0.0,6917.922116708978,cand_014
2016-04-13 09:37:40,0.0,6917.922116708978,cand_014
2016-04-13 09:37:40,0.0,6917.922116708978,cand_015
2016-04-13 13:00:00,7.866946976183651,6925.789063685162,cand_003
2016-04-13 13:00:00,10.120134109514325,6935.909197794676,cand_007
2016-04-13 13:00:00,7.850603333950281,6943.759801128626,cand_009
2016-04-13 13:00:00,8.049016970685694,6951.808818099312,cand_011
2016-04-13 13:00:00,8.047327092329041,6959.856145191641,cand_013
2016-04-13 13:00:00,8.124710598828496,6967.98085579047,cand_014
2016-04-13 13:00:00,7.556604712884285,6975.537460503354,cand_014
2016-04-13 13:00:00,9.314350970788418,6984.851811474143,cand_015
2016-04-14 07:00:00,0.5104507579966491,6985.362262232139,cand_003
2016-04-14 07:00:00,0.5093902926608961,6985.8716525248,cand_009
2016-04-14 07:00:00,0.5222644599299877,6986.39391698473,cand_011
2016-04-14 07:00:00,0.5221548113343271,6986.916071796064,cand_013
2016-04-14 07:00:00,0.5271758785499405,6987.443247674614,cand_014
2016-04-15 07:00:00,0.5104507579966491,6987.9536984326105,cand_003
2016-04-15 07:00:00,0.6566499231364257,6988.610348355747,cand_007
2016-04-15 07:00:00,0.5093902926608961,6989.119738648408,cand_009
2016-04-15 07:00:00,0.5222644599299877,6989.642003108338,cand_011
2016-04-15 07:00:00,0.5221548113343271,6990.164157919672,cand_013
2016-04-15 07:00:00,0.5271758785499405,6990.691333798222,cand_014
2016-04-15 07:00:00,0.49031404625585057,6991.181647844478,cand_014
2016-04-15 07:00:00,0.604366284364134,6991.786014128842,cand_015
2016-04-19 07:00:00,0.5104507579966491,6992.296464886838,cand_003
2016-04-19 07:00:00,0.5093902926608961,6992.805855179499,cand_009
2016-04-19 07:00:00,0.5222644599299877,6993.328119639429,cand_011
2016-04-19 07:00:00,0.5221548113343271,6993.850274450763,cand_013
2016-04-19 07:00:00,0.5271758785499405,6994.377450329313,cand_014
2016-04-21 07:00:00,0.5104507579966491,6994.88790108731,cand_003
2016-04-21 07:00:00,0.5093902926608961,6995.397291379971,cand_009
2016-04-21 07:00:00,0.5222644599299877,6995.919555839901,cand_011
2016-04-21 07:00:00,0.5221548113343271,6996.441710651235,cand_013
2016-04-21 07:00:00,0.5271758785499405,6996.968886529785,cand_014
2016-04-21 07:00:00,0.49031404625585057,6997.4592005760405,cand_014
2016-04-25 07:00:00,0.5104507579966491,6997.969651334037,cand_003
2016-04-25 07:00:00,0.6566499231364257,6998.6263012571735,cand_007
2016-04-25 07:00:00,0.5093902926608961,6999.1356915498345,cand_009
2016-04-25 07:00:00,0.5222644599299877,6999.657956009764,cand_011
2016-04-25 07:00:00,0.5221548113343271,7000.180110821098,cand_013
2016-04-25 07:00:00,0.5271758785499405,7000.707286699649,cand_014
2016-04-25 07:00:00,0.49031404625585057,7001.197600745904,cand_014
2016-04-25 07:00:00,0.604366284364134,7001.801967030268,cand_015
2016-04-26 07:00:00,0.5104507579966491,7002.312417788265,cand_003
2016-04-26 07:00:00,0.6566499231364257,7002.969067711401,cand_007
2016-04-26 07:00:00,0.5093902926608961,7003.478458004062,cand_009
2016-04-26 07:00:00,0.5222644599299877,7004.000722463992,cand_011
2016-04-26 07:00:00,0.5221548113343271,7004.522877275326,cand_013
2016-04-26 07:00:00,0.5271758785499405,7005.050053153876,cand_014
2016-04-26 07:00:00,0.49031404625585057,7005.540367200132,cand_014
2016-04-26 07:00:00,0.604366284364134,7006.144733484496,cand_015
2016-04-27 07:00:00,0.5104507579966491,7006.655184242492,cand_003
2016-04-27 07:00:00,0.5093902926608961,7007.164574535153,cand_009
2016-04-27 07:00:00,0.5222644599299877,7007.686838995083,cand_011
2016-04-27 07:00:00,0.5221548113343271,7008.208993806417,cand_013
2016-04-27 07:00:00,0.5271758785499405,7008.7361696849675,cand_014
2016-04-27 07:00:00,0.49031404625585057,7009.226483731223,cand_014
2016-05-03 07:36:40,0.0,7009.226483731223,cand_003
2016-05-03 07:36:40,0.0,7009.226483731223,cand_009
2016-05-03 07:36:40,0.0,7009.226483731223,cand_011
2016-05-03 07:36:40,0.0,7009.226483731223,cand_013
2016-05-03 07:36:40,0.0,7009.226483731223,cand_014
2016-05-03 13:00:00,7.3805174303280205,7016.607001161551,cand_003
2016-05-03 13:00:00,7.36518434917931,7023.97218551073,cand_009
2016-05-03 13:00:00,7.551329661811234,7031.523515172541,cand_011
2016-05-03 13:00:00,7.549744272116329,7039.073259444657,cand_013
2016-05-03 13:00:00,7.622342996916199,7046.695602441573,cand_014
2016-05-04 07:00:00,0.5104507579966491,7047.206053199569,cand_003
2016-05-04 07:00:00,0.6566499231364257,7047.862703122706,cand_007
2016-05-04 07:00:00,0.5093902926608961,7048.372093415367,cand_009
2016-05-04 07:00:00,0.5222644599299877,7048.894357875297,cand_011
2016-05-04 07:00:00,0.5221548113343271,7049.416512686631,cand_013
2016-05-04 07:00:00,0.5271758785499405,7049.943688565181,cand_014
2016-05-04 07:00:00,0.49031404625585057,7050.434002611437,cand_014
2016-05-04 07:00:00,0.604366284364134,7051.038368895801,cand_015
2016-05-05 07:00:00,0.5104507579966491,7051.548819653797,cand_003
2016-05-05 07:00:00,0.5093902926608961,7052.058209946458,cand_009
2016-05-05 07:00:00,0.5222644599299877,7052.580474406388,cand_011
2016-05-05 07:00:00,0.5221548113343271,7053.102629217722,cand_013
2016-05-05 07:00:00,0.5271758785499405,7053.629805096272,cand_014
2016-05-05 07:00:00,0.49031404625585057,7054.120119142528,cand_014
2016-05-06 07:00:00,0.5104507579966491,7054.630569900524,cand_003
2016-05-06 07:00:00,0.5093902926608961,7055.139960193185,cand_009
2016-05-06 07:00:00,0.5222644599299877,7055.662224653115,cand_011
2016-05-06 07:00:00,0.5221548113343271,7056.184379464449,cand_013
2016-05-06 07:00:00,0.5271758785499405,7056.711555342999,cand_014
2016-05-06 07:00:00,0.49031404625585057,7057.201869389255,cand_014
2016-05-09 07:00:00,0.5104507579966491,7057.712320147251,cand_003
2016-05-09 07:00:00,0.5093902926608961,7058.221710439912,cand_009
2016-05-09 07:00:00,0.5222644599299877,7058.743974899842,cand_011
2016-05-09 07:00:00,0.5221548113343271,7059.266129711176,cand_013
2016-05-09 07:00:00,0.5271758785499405,7059.7933055897265,cand_014
2016-05-09 07:00:00,0.49031404625585057,7060.283619635982,cand_014
2016-05-09 07:00:00,0.604366284364134,7060.887985920346,cand_015
2016-05-10 07:00:00,0.5104507579966491,7061.3984366783425,cand_003
2016-05-10 07:00:00,0.5093902926608961,7061.9078269710035,cand_009
2016-05-10 07:00:00,0.5222644599299877,7062.430091430933,cand_011
2016-05-10 07:00:00,0.5221548113343271,7062.952246242267,cand_013
2016-05-10 07:00:00,0.5271758785499405,7063.479422120818,cand_014
2016-05-10 07:00:00,0.49031404625585057,7063.969736167073,cand_014
2016-05-11 07:00:00,0.5104507579966491,7064.48018692507,cand_003
2016-05-11 07:00:00,0.5093902926608961,7064.989577217731,cand_009
2016-05-11 07:00:00,0.5222644599299877,7065.51184167766,cand_011
2016-05-11 07:00:00,0.5221548113343271,7066.0339964889945,cand_013
2016-05-11 07:00:00,0.5271758785499405,7066.561172367545,cand_014
2016-05-11 07:00:00,0.49031404625585057,7067.0514864138,cand_014
2016-05-11 07:00:00,0.604366284364134,7067.655852698164,cand_015
2016-05-12 07:00:00,0.5104507579966491,7068.166303456161,cand_003
2016-05-12 07:00:00,0.6566499231364257,7068.822953379297,cand_007
2016-05-12 07:00:00,0.5093902926608961,7069.332343671958,cand_009
2016-05-12 07:00:00,0.5222644599299877,7069.854608131888,cand_011
2016-05-12 07:00:00,0.5221548113343271,7070.376762943222,cand_013
2016-05-12 07:00:00,0.5271758785499405,7070.9039388217725,cand_014
2016-05-12 07:00:00,0.49031404625585057,7071.394252868028,cand_014
2016-05-12 07:00:00,0.604366284364134,7071.998619152392,cand_015
2016-05-12 07:37:40,0.0,7071.998619152392,cand_003
2016-05-12 07:37:40,0.0,7071.998619152392,cand_007
2016-05-12 07:37:40,0.0,7071.998619152392,cand_009
2016-05-12 07:37:40,0.0,7071.998619152392,cand_011
2016-05-12 07:37:40,0.0,7071.998619152392,cand_013
2016-05-12 07:37:40,0.0,7071.998619152392,cand_014
2016-05-12 07:37:40,0.0,7071.998619152392,cand_014
2016-05-12 07:37:40,0.0,7071.998619152392,cand_015
2016-05-12 13:00:00,21.670136002716568,7093.668755155109,cand_003
2016-05-12 13:00:00,27.876720560444614,7121.545475715553,cand_007
2016-05-12 13:00:00,21.625116130198162,7143.170591845751,cand_009
2016-05-12 13:00:00,22.17166239596895,7165.34225424172,cand_011
2016-05-12 13:00:00,22.167007490587288,7187.509261732307,cand_013
2016-05-12 13:00:00,22.380166561734832,7209.889428294042,cand_014
2016-05-12 13:00:00,20.815273363696903,7230.704701657739,cand_014
2016-05-12 13:00:00,25.657126319152677,7256.361827976892,cand_015
2016-05-13 09:22:40,0.0,7256.361827976892,cand_003
2016-05-13 09:22:40,0.0,7256.361827976892,cand_007
2016-05-13 09:22:40,0.0,7256.361827976892,cand_009
2016-05-13 09:22:40,0.0,7256.361827976892,cand_011
2016-05-13 09:22:40,0.0,7256.361827976892,cand_013
2016-05-13 09:22:40,0.0,7256.361827976892,cand_014
2016-05-13 09:22:40,0.0,7256.361827976892,cand_014
2016-05-13 09:22:40,0.0,7256.361827976892,cand_015
2016-05-13 13:00:00,-12.968451904632515,7243.393376072259,cand_003
2016-05-13 13:00:00,-16.682770694271895,7226.710605377987,cand_007
2016-05-13 13:00:00,-12.941509847073002,7213.7690955309145,cand_009
2016-05-13 13:00:00,-13.26858942610363,7200.5005061048105,cand_011
2016-05-13 13:00:00,-13.26580370678211,7187.234702398028,cand_013
2016-05-13 13:00:00,-13.393368349748195,7173.84133404828,cand_014
2016-05-13 13:00:00,-12.456860975170697,7161.38447307311,cand_014
2016-05-13 13:00:00,-15.35445871863938,7146.03001435447,cand_015
2016-05-16 07:00:00,0.5104507579966491,7146.540465112466,cand_003
2016-05-16 07:00:00,0.6566499231364257,7147.197115035603,cand_007
2016-05-16 07:00:00,0.5093902926608961,7147.706505328264,cand_009
2016-05-16 07:00:00,0.5222644599299877,7148.228769788194,cand_011
2016-05-16 07:00:00,0.5221548113343271,7148.750924599528,cand_013
2016-05-16 07:00:00,0.5271758785499405,7149.278100478078,cand_014
2016-05-16 07:00:00,0.49031404625585057,7149.768414524334,cand_014
2016-05-16 07:00:00,0.604366284364134,7150.372780808698,cand_015
2016-05-18 07:00:00,0.5104507579966491,7150.883231566694,cand_003
2016-05-18 07:00:00,0.5093902926608961,7151.392621859355,cand_009
2016-05-18 07:00:00,0.5222644599299877,7151.914886319285,cand_011
2016-05-18 07:00:00,0.5221548113343271,7152.437041130619,cand_013
2016-05-18 07:00:00,0.5271758785499405,7152.964217009169,cand_014
2016-05-18 07:00:00,0.49031404625585057,7153.454531055425,cand_014
2016-05-18 09:59:40,0.0,7153.454531055425,cand_003
2016-05-18 09:59:40,0.0,7153.454531055425,cand_009
2016-05-18 09:59:40,0.0,7153.454531055425,cand_011
2016-05-18 09:59:40,0.0,7153.454531055425,cand_013
2016-05-18 09:59:40,0.0,7153.454531055425,cand_014
2016-05-18 09:59:40,0.0,7153.454531055425,cand_014
2016-05-18 13:00:00,-5.212603034601075,7148.241928020824,cand_003
2016-05-18 13:00:00,-5.201773812113622,7143.04015420871,cand_009
2016-05-18 13:00:00,-5.333241779049757,7137.70691242966,cand_011
2016-05-18 13:00:00,-5.33212207339054,7132.37479035627,cand_013
2016-05-18 13:00:00,-5.383396030368805,7126.991394325901,cand_014
2016-05-18 13:00:00,-5.006971672353862,7121.984422653547,cand_014
2016-05-19 07:00:00,0.5104507579966491,7122.494873411543,cand_003
2016-05-19 07:00:00,0.5093902926608961,7123.004263704204,cand_009
2016-05-19 07:00:00,0.5222644599299877,7123.526528164134,cand_011
2016-05-19 07:00:00,0.5221548113343271,7124.048682975468,cand_013
2016-05-19 07:00:00,0.5271758785499405,7124.575858854018,cand_014
2016-05-19 08:51:40,0.0,7124.575858854018,cand_003
2016-05-19 08:51:40,0.0,7124.575858854018,cand_009
2016-05-19 08:51:40,0.0,7124.575858854018,cand_011
2016-05-19 08:51:40,0.0,7124.575858854018,cand_013
2016-05-19 08:51:40,0.0,7124.575858854018,cand_014
2016-05-19 13:00:00,-24.576702671779838,7099.999156182239,cand_003
2016-05-19 13:00:00,-24.525644384879026,7075.47351179736,cand_009
2016-05-19 13:00:00,-25.145497673687938,7050.328014123672,cand_011
2016-05-19 13:00:00,-25.140218416302748,7025.187795707369,cand_013
2016-05-19 13:00:00,-25.381968034889784,6999.80582767248,cand_014
2016-05-25 07:00:00,0.5104507579966491,7000.316278430476,cand_003
2016-05-25 07:00:00,0.6566499231364257,7000.972928353613,cand_007
2016-05-25 07:00:00,0.5093902926608961,7001.482318646274,cand_009
2016-05-25 07:00:00,0.5222644599299877,7002.004583106203,cand_011
2016-05-25 07:00:00,0.5221548113343271,7002.5267379175375,cand_013
2016-05-25 07:00:00,0.5271758785499405,7003.053913796088,cand_014
2016-05-25 07:00:00,0.49031404625585057,7003.544227842343,cand_014
2016-05-25 07:00:00,0.604366284364134,7004.148594126707,cand_015
2016-05-27 07:00:00,0.5104507579966491,7004.659044884704,cand_003
2016-05-27 07:00:00,0.6566499231364257,7005.31569480784,cand_007
2016-05-27 07:00:00,0.5093902926608961,7005.825085100501,cand_009
2016-05-27 07:00:00,0.5222644599299877,7006.347349560431,cand_011
2016-05-27 07:00:00,0.5221548113343271,7006.869504371765,cand_013
2016-05-27 07:00:00,0.5271758785499405,7007.3966802503155,cand_014
2016-05-27 07:00:00,0.49031404625585057,7007.886994296571,cand_014
2016-05-27 07:00:00,0.604366284364134,7008.491360580935,cand_015
2016-05-30 07:00:00,0.5104507579966491,7009.0018113389315,cand_003
2016-05-30 07:00:00,0.6566499231364257,7009.658461262068,cand_007
2016-05-30 07:00:00,0.5093902926608961,7010.167851554729,cand_009
2016-05-30 07:00:00,0.5222644599299877,7010.690116014659,cand_011
2016-05-30 07:00:00,0.5221548113343271,7011.212270825993,cand_013
2016-05-30 07:00:00,0.5271758785499405,7011.739446704543,cand_014
2016-05-30 07:00:00,0.49031404625585057,7012.229760750799,cand_014
2016-05-30 07:00:00,0.604366284364134,7012.834127035163,cand_015
2016-05-30 07:26:40,0.0,7012.834127035163,cand_003
2016-05-30 07:26:40,0.0,7012.834127035163,cand_007
2016-05-30 07:26:40,0.0,7012.834127035163,cand_009
2016-05-30 07:26:40,0.0,7012.834127035163,cand_011
2016-05-30 07:26:40,0.0,7012.834127035163,cand_013
2016-05-30 07:26:40,0.0,7012.834127035163,cand_014
2016-05-30 07:26:40,0.0,7012.834127035163,cand_014
2016-05-30 07:26:40,0.0,7012.834127035163,cand_015
2016-05-30 13:00:00,-0.3242863639037536,7012.50984067126,cand_003
2016-05-30 13:00:00,-0.41716583352196457,7012.092674837738,cand_007
2016-05-30 13:00:00,-0.3236126565139811,7011.7690621812235,cand_009
2016-05-30 13:00:00,-0.33179153924963933,7011.437270641974,cand_011
2016-05-30 13:00:00,-0.3317218801418078,7011.105548761831,cand_013
2016-05-30 13:00:00,-0.33491173460819756,7010.7706370272235,cand_014
2016-05-30 13:00:00,-0.3114936293860698,7010.459143397838,cand_014
2016-05-30 13:00:00,-0.383950345360744,7010.075193052477,cand_015
2016-05-31 07:00:00,0.5104507579966491,7010.585643810473,cand_003
2016-05-31 07:00:00,0.6566499231364257,7011.24229373361,cand_007
2016-05-31 07:00:00,0.5093902926608961,7011.751684026271,cand_009
2016-05-31 07:00:00,0.5222644599299877,7012.2739484862,cand_011
2016-05-31 07:00:00,0.5221548113343271,7012.7961032975345,cand_013
2016-05-31 07:00:00,0.5271758785499405,7013.323279176085,cand_014
2016-05-31 07:00:00,0.49031404625585057,7013.81359322234,cand_014
2016-05-31 07:00:00,0.604366284364134,7014.417959506704,cand_015
2016-06-01 08:02:40,0.0,7014.417959506704,cand_003
2016-06-01 08:02:40,0.0,7014.417959506704,cand_009
2016-06-01 08:02:40,0.0,7014.417959506704,cand_011
2016-06-01 08:02:40,0.0,7014.417959506704,cand_013
2016-06-01 08:02:40,0.0,7014.417959506704,cand_014
2016-06-01 13:00:00,34.00502843712971,7048.422987943834,cand_003
2016-06-01 13:00:00,33.934382731674404,7082.357370675509,cand_009
2016-06-01 13:00:00,34.79202946298301,7117.149400138492,cand_011
2016-06-01 13:00:00,34.78472493153679,7151.934125070028,cand_013
2016-06-01 13:00:00,35.11921661516516,7187.053341685193,cand_014
2016-06-03 07:19:40,0.0,7187.053341685193,cand_003
2016-06-03 07:19:40,0.0,7187.053341685193,cand_009
2016-06-03 07:19:40,0.0,7187.053341685193,cand_011
2016-06-03 07:19:40,0.0,7187.053341685193,cand_013
2016-06-03 07:19:40,0.0,7187.053341685193,cand_014
2016-06-03 13:00:00,-22.417796230605777,7164.635545454587,cand_003
2016-06-03 13:00:00,-22.37122308827206,7142.264322366315,cand_009
2016-06-03 13:00:00,-22.936626222572286,7119.327696143743,cand_011
2016-06-03 13:00:00,-22.931810714247565,7096.395885429496,cand_013
2016-06-03 13:00:00,-23.152324172081507,7073.2435612574145,cand_014
2016-06-07 07:00:00,0.5104507579966491,7073.754012015411,cand_003
2016-06-07 07:00:00,0.6566499231364257,7074.4106619385475,cand_007
2016-06-07 07:00:00,0.5093902926608961,7074.9200522312085,cand_009
2016-06-07 07:00:00,0.5222644599299877,7075.442316691138,cand_011
2016-06-07 07:00:00,0.5221548113343271,7075.964471502472,cand_013
2016-06-07 07:00:00,0.5271758785499405,7076.491647381023,cand_014
2016-06-07 07:00:00,0.49031404625585057,7076.981961427278,cand_014
2016-06-07 07:00:00,0.604366284364134,7077.586327711642,cand_015
2016-06-10 07:00:00,0.5104507579966491,7078.096778469639,cand_003
2016-06-10 07:00:00,0.6566499231364257,7078.753428392775,cand_007
2016-06-10 07:00:00,0.5093902926608961,7079.262818685436,cand_009
2016-06-10 07:00:00,0.5222644599299877,7079.785083145366,cand_011
2016-06-10 07:00:00,0.5221548113343271,7080.3072379567,cand_013
2016-06-10 07:00:00,0.5271758785499405,7080.83441383525,cand_014
2016-06-10 07:00:00,0.49031404625585057,7081.324727881506,cand_014
2016-06-10 07:00:00,0.604366284364134,7081.92909416587,cand_015
2016-06-13 07:55:40,0.0,7081.92909416587,cand_003
2016-06-13 07:55:40,0.0,7081.92909416587,cand_007
2016-06-13 07:55:40,0.0,7081.92909416587,cand_009
2016-06-13 07:55:40,0.0,7081.92909416587,cand_011
2016-06-13 07:55:40,0.0,7081.92909416587,cand_013
2016-06-13 07:55:40,0.0,7081.92909416587,cand_014
2016-06-13 07:55:40,0.0,7081.92909416587,cand_014
2016-06-13 07:55:40,0.0,7081.92909416587,cand_015
2016-06-13 13:00:00,-1.8706518954818379,7080.058442270389,cand_003
2016-06-13 13:00:00,-2.406428835964666,7077.652013434424,cand_007
2016-06-13 13:00:00,-1.8667656019278724,7075.785247832496,cand_009
2016-06-13 13:00:00,-1.9139456384493083,7073.871302194047,cand_011
2016-06-13 13:00:00,-1.9135438085957988,7071.957758385451,cand_013
2016-06-13 13:00:00,-1.931944543156547,7070.025813842294,cand_014
2016-06-13 13:00:00,-1.7968567695140878,7068.22895707278,cand_014
2016-06-13 13:00:00,-2.2148246774050326,7066.014132395375,cand_015
2016-06-14 09:16:40,0.0,7066.014132395375,cand_003
2016-06-14 09:16:40,0.0,7066.014132395375,cand_009
2016-06-14 09:16:40,0.0,7066.014132395375,cand_011
2016-06-14 09:16:40,0.0,7066.014132395375,cand_013
2016-06-14 09:16:40,0.0,7066.014132395375,cand_014
2016-06-14 13:00:00,-4.422905685465083,7061.59122670991,cand_003
2016-06-14 13:00:00,-4.413717065232353,7057.177509644678,cand_009
2016-06-14 13:00:00,-4.5252679380992475,7052.652241706579,cand_011
2016-06-14 13:00:00,-4.5243178652674345,7048.127923841312,cand_013
2016-06-14 13:00:00,-4.56782393590625,7043.560099905406,cand_014
2016-06-15 07:00:00,0.5104507579966491,7044.070550663402,cand_003
2016-06-15 07:00:00,0.5093902926608961,7044.579940956063,cand_009
2016-06-15 07:00:00,0.5222644599299877,7045.102205415993,cand_011
2016-06-15 07:00:00,0.5221548113343271,7045.624360227327,cand_013
2016-06-15 07:00:00,0.5271758785499405,7046.151536105877,cand_014
2016-06-15 07:00:00,0.49031404625585057,7046.641850152133,cand_014
2016-06-16 07:30:40,0.0,7046.641850152133,cand_003
2016-06-16 07:30:40,0.0,7046.641850152133,cand_007
2016-06-16 07:30:40,0.0,7046.641850152133,cand_009
2016-06-16 07:30:40,0.0,7046.641850152133,cand_011
2016-06-16 07:30:40,0.0,7046.641850152133,cand_013
2016-06-16 07:30:40,0.0,7046.641850152133,cand_014
2016-06-16 07:30:40,0.0,7046.641850152133,cand_014
2016-06-16 07:30:40,0.0,7046.641850152133,cand_015
2016-06-16 13:00:00,0.11410075766983921,7046.755950909803,cand_003
2016-06-16 13:00:00,0.14678057105402456,7046.902731480857,cand_007
2016-06-16 13:00:00,0.1138637124771415,7047.016595193334,cand_009
2016-06-16 13:00:00,0.11674146751376198,7047.133336660848,cand_011
2016-06-16 13:00:00,0.11671695782767312,7047.250053618675,cand_013
2016-06-16 13:00:00,0.11783931402881025,7047.367892932704,cand_014
2016-06-16 13:00:00,0.10959961033954307,7047.477492543044,cand_014
2016-06-16 13:00:00,0.13509364003433585,7047.612586183078,cand_015
2016-06-23 07:00:00,0.5104507579966491,7048.123036941074,cand_003
2016-06-23 07:00:00,0.5093902926608961,7048.632427233735,cand_009
2016-06-23 07:00:00,0.5222644599299877,7049.154691693665,cand_011
2016-06-23 07:00:00,0.5221548113343271,7049.676846504999,cand_013
2016-06-23 07:00:00,0.5271758785499405,7050.204022383549,cand_014
2016-06-23 07:00:00,0.49031404625585057,7050.694336429805,cand_014
2016-06-30 07:00:00,0.5104507579966491,7051.204787187801,cand_003
2016-06-30 07:00:00,0.5093902926608961,7051.714177480462,cand_009
2016-06-30 07:00:00,0.5222644599299877,7052.236441940392,cand_011
2016-06-30 07:00:00,0.5221548113343271,7052.758596751726,cand_013
2016-06-30 07:00:00,0.5271758785499405,7053.285772630276,cand_014
2016-07-01 07:00:00,0.5104507579966491,7053.796223388273,cand_003
2016-07-01 07:00:00,0.6566499231364257,7054.452873311409,cand_007
2016-07-01 07:00:00,0.5093902926608961,7054.96226360407,cand_009
2016-07-01 07:00:00,0.5222644599299877,7055.484528064,cand_011
2016-07-01 07:00:00,0.5221548113343271,7056.006682875334,cand_013
2016-07-01 07:00:00,0.5271758785499405,7056.5338587538845,cand_014
2016-07-01 07:00:00,0.49031404625585057,7057.02417280014,cand_014
2016-07-01 07:00:00,0.604366284364134,7057.628539084504,cand_015
2016-07-04 07:00:00,0.5104507579966491,7058.1389898425,cand_003
2016-07-04 07:00:00,0.6566499231364257,7058.795639765637,cand_007
2016-07-04 07:00:00,0.5093902926608961,7059.305030058298,cand_009
2016-07-04 07:00:00,0.5222644599299877,7059.827294518228,cand_011
2016-07-04 07:00:00,0.5221548113343271,7060.349449329562,cand_013
2016-07-04 07:00:00,0.5271758785499405,7060.876625208112,cand_014
2016-07-04 07:00:00,0.49031404625585057,7061.366939254368,cand_014
2016-07-04 07:00:00,0.604366284364134,7061.971305538732,cand_015
2016-07-05 09:51:20,0.0,7061.971305538732,cand_003
2016-07-05 09:51:20,0.0,7061.971305538732,cand_009
2016-07-05 09:51:20,0.0,7061.971305538732,cand_011
2016-07-05 09:51:20,0.0,7061.971305538732,cand_013
2016-07-05 09:51:20,0.0,7061.971305538732,cand_014
2016-07-05 13:00:00,9.446341674455637,7071.417647213188,cand_003
2016-07-05 13:00:00,9.42671682771282,7080.8443640409005,cand_009
2016-07-05 13:00:00,9.664964652586715,7090.509328693487,cand_011
2016-07-05 13:00:00,9.662935508575254,7100.172264202062,cand_013
2016-07-05 13:00:00,9.755854787753606,7109.928118989816,cand_014
2016-07-12 07:00:00,0.5104507579966491,7110.438569747812,cand_003
2016-07-12 07:00:00,0.5093902926608961,7110.947960040473,cand_009
2016-07-12 07:00:00,0.5222644599299877,7111.470224500403,cand_011
2016-07-12 07:00:00,0.5221548113343271,7111.992379311737,cand_013
2016-07-12 07:00:00,0.5271758785499405,7112.519555190287,cand_014
2016-07-12 07:00:00,0.49031404625585057,7113.009869236543,cand_014
2016-07-12 09:39:40,0.0,7113.009869236543,cand_003
2016-07-12 09:39:40,0.0,7113.009869236543,cand_009
2016-07-12 09:39:40,0.0,7113.009869236543,cand_011
2016-07-12 09:39:40,0.0,7113.009869236543,cand_013
2016-07-12 09:39:40,0.0,7113.009869236543,cand_014
2016-07-12 09:39:40,0.0,7113.009869236543,cand_014
2016-07-12 13:00:00,25.44146630885652,7138.451335545399,cand_003
2016-07-12 13:00:00,25.388611468916313,7163.839947014316,cand_009
2016-07-12 13:00:00,26.03027511168698,7189.870222126003,cand_011
2016-07-12 13:00:00,26.024810096680906,7215.895032222684,cand_013
2016-07-12 13:00:00,26.27506599384498,7242.1700982165285,cand_014
2016-07-12 13:00:00,24.43782890544601,7266.607927121974,cand_014
2016-07-13 07:00:00,0.5104507579966491,7267.1183778799705,cand_003
2016-07-13 07:00:00,0.5093902926608961,7267.6277681726315,cand_009
2016-07-13 07:00:00,0.5222644599299877,7268.150032632561,cand_011
2016-07-13 07:00:00,0.5221548113343271,7268.672187443895,cand_013
2016-07-13 07:00:00,0.5271758785499405,7269.199363322446,cand_014
2016-07-13 07:00:00,0.49031404625585057,7269.689677368701,cand_014
2016-07-14 07:00:00,0.5104507579966491,7270.200128126698,cand_003
2016-07-14 07:00:00,0.6566499231364257,7270.856778049834,cand_007
2016-07-14 07:00:00,0.5093902926608961,7271.366168342495,cand_009
2016-07-14 07:00:00,0.5222644599299877,7271.888432802425,cand_011
2016-07-14 07:00:00,0.5221548113343271,7272.410587613759,cand_013
2016-07-14 07:00:00,0.5271758785499405,7272.937763492309,cand_014
2016-07-14 07:00:00,0.49031404625585057,7273.428077538565,cand_014
2016-07-14 07:00:00,0.604366284364134,7274.032443822929,cand_015
2016-07-14 08:45:40,0.0,7274.032443822929,cand_003
2016-07-14 08:45:40,0.0,7274.032443822929,cand_007
2016-07-14 08:45:40,0.0,7274.032443822929,cand_009
2016-07-14 08:45:40,0.0,7274.032443822929,cand_011
2016-07-14 08:45:40,0.0,7274.032443822929,cand_013
2016-07-14 08:45:40,0.0,7274.032443822929,cand_014
2016-07-14 08:45:40,0.0,7274.032443822929,cand_014
2016-07-14 08:45:40,0.0,7274.032443822929,cand_015
2016-07-14 13:00:00,54.05673527184514,7328.089179094774,cand_003
2016-07-14 13:00:00,69.53922686014748,7397.628405954922,cand_007
2016-07-14 13:00:00,53.9444319927889,7451.5728379477105,cand_009
2016-07-14 13:00:00,55.307806306585704,7506.880644254296,cand_011
2016-07-14 13:00:00,55.29619452030524,7562.1768387746015,cand_013
2016-07-14 13:00:00,55.827925538438706,7618.00476431304,cand_014
2016-07-14 13:00:00,51.924257498494576,7669.929021811535,cand_014
2016-07-14 13:00:00,64.00238951416179,7733.931411325697,cand_015
2016-07-15 07:00:00,0.5104507579966491,7734.441862083693,cand_003
2016-07-15 07:00:00,0.6566499231364257,7735.09851200683,cand_007
2016-07-15 07:00:00,0.5093902926608961,7735.607902299491,cand_009
2016-07-15 07:00:00,0.5222644599299877,7736.130166759421,cand_011
2016-07-15 07:00:00,0.5221548113343271,7736.652321570755,cand_013
2016-07-15 07:00:00,0.5271758785499405,7737.179497449305,cand_014
2016-07-15 07:00:00,0.49031404625585057,7737.669811495561,cand_014
2016-07-15 07:00:00,0.604366284364134,7738.274177779925,cand_015
2016-07-18 07:00:00,0.5104507579966491,7738.784628537921,cand_003
2016-07-18 07:00:00,0.5093902926608961,7739.294018830582,cand_009
2016-07-18 07:00:00,0.5222644599299877,7739.816283290512,cand_011
2016-07-18 07:00:00,0.5221548113343271,7740.338438101846,cand_013
2016-07-18 07:00:00,0.5271758785499405,7740.865613980396,cand_014
2016-07-19 07:00:00,0.5104507579966491,7741.376064738392,cand_003
2016-07-19 07:00:00,0.5093902926608961,7741.885455031053,cand_009
2016-07-19 07:00:00,0.5222644599299877,7742.407719490983,cand_011
2016-07-19 07:00:00,0.5221548113343271,7742.929874302317,cand_013
2016-07-19 07:00:00,0.5271758785499405,7743.457050180868,cand_014
2016-07-19 07:00:00,0.49031404625585057,7743.947364227123,cand_014
2016-07-19 07:00:00,0.604366284364134,7744.551730511487,cand_015
2016-07-20 07:00:00,0.5104507579966491,7745.0621812694835,cand_003
2016-07-20 07:00:00,0.5093902926608961,7745.5715715621445,cand_009
2016-07-20 07:00:00,0.5222644599299877,7746.093836022074,cand_011
2016-07-20 07:00:00,0.5221548113343271,7746.615990833408,cand_013
2016-07-20 07:00:00,0.5271758785499405,7747.143166711959,cand_014
2016-07-20 07:00:00,0.49031404625585057,7747.633480758214,cand_014
2016-07-21 07:00:00,0.5104507579966491,7748.143931516211,cand_003
2016-07-21 07:00:00,0.5093902926608961,7748.653321808872,cand_009
2016-07-21 07:00:00,0.5222644599299877,7749.175586268801,cand_011
2016-07-21 07:00:00,0.5221548113343271,7749.6977410801355,cand_013
2016-07-21 07:00:00,0.5271758785499405,7750.224916958686,cand_014
2016-07-21 07:00:00,0.49031404625585057,7750.715231004941,cand_014
2016-07-25 07:00:00,0.5104507579966491,7751.225681762938,cand_003
2016-07-25 07:00:00,0.6566499231364257,7751.882331686074,cand_007
2016-07-25 07:00:00,0.5093902926608961,7752.391721978735,cand_009
2016-07-25 07:00:00,0.5222644599299877,7752.913986438665,cand_011
2016-07-25 07:00:00,0.5221548113343271,7753.436141249999,cand_013
2016-07-25 07:00:00,0.5271758785499405,7753.9633171285495,cand_014
2016-07-25 07:00:00,0.49031404625585057,7754.453631174805,cand_014
2016-07-25 07:00:00,0.604366284364134,7755.057997459169,cand_015
2016-07-26 07:28:40,0.0,7755.057997459169,cand_003
2016-07-26 07:28:40,0.0,7755.057997459169,cand_007
2016-07-26 07:28:40,0.0,7755.057997459169,cand_009
2016-07-26 07:28:40,0.0,7755.057997459169,cand_011
2016-07-26 07:28:40,0.0,7755.057997459169,cand_013
2016-07-26 07:28:40,0.0,7755.057997459169,cand_014
2016-07-26 07:28:40,0.0,7755.057997459169,cand_015
2016-07-26 13:00:00,12.382934858695183,7767.440932317864,cand_003
2016-07-26 13:00:00,15.92955460596835,7783.370486923833,cand_007
2016-07-26 13:00:00,12.357209217256093,7795.727696141089,cand_009
2016-07-26 13:00:00,12.669521369125116,7808.397217510214,cand_011
2016-07-26 13:00:00,12.666861423192735,7821.0640789334075,cand_013
2016-07-26 13:00:00,12.788666606705618,7833.852745540113,cand_014
2016-07-26 13:00:00,14.661215039515817,7848.5139605796285,cand_015
2016-07-28 09:10:40,0.0,7848.5139605796285,cand_003
2016-07-28 09:10:40,0.0,7848.5139605796285,cand_007
2016-07-28 09:10:40,0.0,7848.5139605796285,cand_009
2016-07-28 09:10:40,0.0,7848.5139605796285,cand_011
2016-07-28 09:10:40,0.0,7848.5139605796285,cand_013
2016-07-28 09:10:40,0.0,7848.5139605796285,cand_014
2016-07-28 09:10:40,0.0,7848.5139605796285,cand_014
2016-07-28 09:10:40,0.0,7848.5139605796285,cand_015
2016-07-28 13:00:00,-14.845109103149607,7833.668851476479,cand_003
2016-07-28 13:00:00,-19.096924823449932,7814.57192665303,cand_007
2016-07-28 13:00:00,-14.814268275973356,7799.757658377056,cand_009
2016-07-28 13:00:00,-15.18867935231682,7784.568979024739,cand_011
2016-07-28 13:00:00,-15.185490513158312,7769.38348851158,cand_013
2016-07-28 13:00:00,-15.331514962064153,7754.051973549516,cand_014
2016-07-28 13:00:00,-14.259486145228971,7739.792487404287,cand_014
2016-07-28 13:00:00,-17.57639358762517,7722.216093816663,cand_015
2016-08-02 09:06:40,0.0,7722.216093816663,cand_003
2016-08-02 09:06:40,0.0,7722.216093816663,cand_009
2016-08-02 09:06:40,0.0,7722.216093816663,cand_011
2016-08-02 09:06:40,0.0,7722.216093816663,cand_013
2016-08-02 09:06:40,0.0,7722.216093816663,cand_014
2016-08-02 09:06:40,0.0,7722.216093816663,cand_014
2016-08-02 13:00:00,22.078496609113888,7744.294590425777,cand_003
2016-08-02 13:00:00,22.03262836432688,7766.327218790104,cand_009
2016-08-02 13:00:00,22.58947396391294,7788.916692754016,cand_011
2016-08-02 13:00:00,22.58473133965475,7811.501424093671,cand_013
2016-08-02 13:00:00,22.801907264574783,7834.3033313582455,cand_014
2016-08-02 13:00:00,21.207524600701582,7855.510855958947,cand_014
2016-08-08 07:00:00,0.5104507579966491,7856.021306716943,cand_003
2016-08-08 07:00:00,0.6566499231364257,7856.67795664008,cand_007
2016-08-08 07:00:00,0.5093902926608961,7857.187346932741,cand_009
2016-08-08 07:00:00,0.5222644599299877,7857.709611392671,cand_011
2016-08-08 07:00:00,0.5221548113343271,7858.231766204005,cand_013
2016-08-08 07:00:00,0.5271758785499405,7858.758942082555,cand_014
2016-08-08 07:00:00,0.49031404625585057,7859.249256128811,cand_014
2016-08-08 07:00:00,0.604366284364134,7859.853622413175,cand_015
2016-08-09 07:00:00,0.5104507579966491,7860.364073171171,cand_003
2016-08-09 07:00:00,0.5093902926608961,7860.873463463832,cand_009
2016-08-09 07:00:00,0.5222644599299877,7861.395727923762,cand_011
2016-08-09 07:00:00,0.5221548113343271,7861.917882735096,cand_013
2016-08-09 07:00:00,0.5271758785499405,7862.445058613646,cand_014
2016-08-12 07:00:00,0.5104507579966491,7862.955509371643,cand_003
2016-08-12 07:00:00,0.5093902926608961,7863.464899664304,cand_009
2016-08-12 07:00:00,0.5222644599299877,7863.9871641242335,cand_011
2016-08-12 07:00:00,0.5221548113343271,7864.5093189355675,cand_013
2016-08-12 07:00:00,0.5271758785499405,7865.036494814118,cand_014
2016-08-16 09:06:40,0.0,7865.036494814118,cand_003
2016-08-16 09:06:40,0.0,7865.036494814118,cand_007
2016-08-16 09:06:40,0.0,7865.036494814118,cand_009
2016-08-16 09:06:40,0.0,7865.036494814118,cand_011
2016-08-16 09:06:40,0.0,7865.036494814118,cand_013
2016-08-16 09:06:40,0.0,7865.036494814118,cand_014
2016-08-16 09:06:40,0.0,7865.036494814118,cand_014
2016-08-16 09:06:40,0.0,7865.036494814118,cand_015
2016-08-16 13:00:00,6.4196689446872695,7871.456163758805,cand_003
2016-08-16 13:00:00,8.258338445092225,7879.714502203897,cand_007
2016-08-16 13:00:00,6.406332033582329,7886.120834237479,cand_009
2016-08-16 13:00:00,6.568243619590081,7892.68907785707,cand_011
2016-08-16 13:00:00,6.5668646272517135,7899.255942484321,cand_013
2016-08-16 13:00:00,6.630011931410428,7905.885954415731,cand_014
2016-08-16 13:00:00,6.166420181735344,7912.052374597467,cand_014
2016-08-16 13:00:00,7.60079479982658,7919.653169397294,cand_015
2016-08-19 07:00:00,0.5104507579966491,7920.16362015529,cand_003
2016-08-19 07:00:00,0.6566499231364257,7920.820270078427,cand_007
2016-08-19 07:00:00,0.5093902926608961,7921.329660371088,cand_009
2016-08-19 07:00:00,0.5222644599299877,7921.851924831018,cand_011
2016-08-19 07:00:00,0.5221548113343271,7922.374079642352,cand_013
2016-08-19 07:00:00,0.5271758785499405,7922.901255520902,cand_014
2016-08-19 07:00:00,0.49031404625585057,7923.391569567158,cand_014
2016-08-19 07:00:00,0.604366284364134,7923.995935851522,cand_015
2016-08-22 07:00:00,0.5104507579966491,7924.506386609518,cand_003
2016-08-22 07:00:00,0.6566499231364257,7925.163036532655,cand_007
2016-08-22 07:00:00,0.5093902926608961,7925.672426825316,cand_009
2016-08-22 07:00:00,0.5222644599299877,7926.194691285245,cand_011
2016-08-22 07:00:00,0.5221548113343271,7926.7168460965795,cand_013
2016-08-22 07:00:00,0.5271758785499405,7927.24402197513,cand_014
2016-08-22 07:00:00,0.49031404625585057,7927.734336021385,cand_014
2016-08-22 07:00:00,0.604366284364134,7928.338702305749,cand_015
2016-08-24 07:00:00,0.5104507579966491,7928.849153063746,cand_003
2016-08-24 07:00:00,0.5093902926608961,7929.358543356407,cand_009
2016-08-24 07:00:00,0.5222644599299877,7929.8808078163365,cand_011
2016-08-24 07:00:00,0.5221548113343271,7930.402962627671,cand_013
2016-08-24 07:00:00,0.5271758785499405,7930.930138506221,cand_014
2016-08-24 07:00:00,0.49031404625585057,7931.4204525524765,cand_014
2016-08-29 07:00:00,0.5104507579966491,7931.930903310473,cand_003
2016-08-29 07:00:00,0.5093902926608961,7932.440293603134,cand_009
2016-08-29 07:00:00,0.5222644599299877,7932.962558063064,cand_011
2016-08-29 07:00:00,0.5221548113343271,7933.484712874398,cand_013
2016-08-29 07:00:00,0.5271758785499405,7934.011888752948,cand_014
2016-08-29 08:39:40,0.0,7934.011888752948,cand_003
2016-08-29 08:39:40,0.0,7934.011888752948,cand_009
2016-08-29 08:39:40,0.0,7934.011888752948,cand_011
2016-08-29 08:39:40,0.0,7934.011888752948,cand_013
2016-08-29 08:39:40,0.0,7934.011888752948,cand_014
2016-08-29 13:00:00,-12.761268949916229,7921.250619803031,cand_003
2016-08-29 13:00:00,-12.734757316522403,7908.515862486509,cand_009
2016-08-29 13:00:00,-13.056611498249694,7895.45925098826,cand_011
2016-08-29 13:00:00,-13.053870283358178,7882.405380704901,cand_013
2016-08-29 13:00:00,-13.179396963748514,7869.225983741153,cand_014
2016-08-30 07:00:00,0.5104507579966491,7869.736434499149,cand_003
2016-08-30 07:00:00,0.5093902926608961,7870.24582479181,cand_009
2016-08-30 07:00:00,0.5222644599299877,7870.76808925174,cand_011
2016-08-30 07:00:00,0.5221548113343271,7871.290244063074,cand_013
2016-08-30 07:00:00,0.5271758785499405,7871.817419941624,cand_014
2016-08-31 07:00:00,0.5104507579966491,7872.327870699621,cand_003
2016-08-31 07:00:00,0.5093902926608961,7872.837260992282,cand_009
2016-08-31 07:00:00,0.5222644599299877,7873.3595254522115,cand_011
2016-08-31 07:00:00,0.5221548113343271,7873.881680263546,cand_013
2016-08-31 07:00:00,0.5271758785499405,7874.408856142096,cand_014
2016-08-31 07:00:00,0.49031404625585057,7874.8991701883515,cand_014
2016-09-01 07:00:00,0.5104507579966491,7875.409620946348,cand_003
2016-09-01 07:00:00,0.6566499231364257,7876.0662708694845,cand_007
2016-09-01 07:00:00,0.5093902926608961,7876.5756611621455,cand_009
2016-09-01 07:00:00,0.5222644599299877,7877.097925622075,cand_011
2016-09-01 07:00:00,0.5221548113343271,7877.620080433409,cand_013
2016-09-01 07:00:00,0.5271758785499405,7878.14725631196,cand_014
2016-09-01 07:00:00,0.49031404625585057,7878.637570358215,cand_014
2016-09-01 07:00:00,0.604366284364134,7879.241936642579,cand_015
2016-09-02 07:00:00,0.5104507579966491,7879.752387400576,cand_003
2016-09-02 07:00:00,0.5093902926608961,7880.261777693237,cand_009
2016-09-02 07:00:00,0.5222644599299877,7880.784042153166,cand_011
2016-09-02 07:00:00,0.5221548113343271,7881.3061969645005,cand_013
2016-09-02 07:00:00,0.5271758785499405,7881.833372843051,cand_014
2016-09-02 09:32:40,0.0,7881.833372843051,cand_003
2016-09-02 09:32:40,0.0,7881.833372843051,cand_009
2016-09-02 09:32:40,0.0,7881.833372843051,cand_011
2016-09-02 09:32:40,0.0,7881.833372843051,cand_013
2016-09-02 09:32:40,0.0,7881.833372843051,cand_014
2016-09-02 13:00:00,0.6365621217369978,7882.469934964788,cand_003
2016-09-02 13:00:00,0.635239659083,7883.105174623871,cand_009
2016-09-02 13:00:00,0.6512945029715141,7883.756469126843,cand_011
2016-09-02 13:00:00,0.651157764722808,7884.407626891565,cand_013
2016-09-02 13:00:00,0.657419330897573,7885.065046222463,cand_014
2016-09-05 07:00:00,0.5104507579966491,7885.575496980459,cand_003
2016-09-05 07:00:00,0.5093902926608961,7886.08488727312,cand_009
2016-09-05 07:00:00,0.5222644599299877,7886.60715173305,cand_011
2016-09-05 07:00:00,0.5221548113343271,7887.129306544384,cand_013
2016-09-05 07:00:00,0.5271758785499405,7887.6564824229345,cand_014
2016-09-05 07:00:00,0.49031404625585057,7888.14679646919,cand_014
2016-09-06 07:00:00,0.5104507579966491,7888.657247227186,cand_003
2016-09-06 07:00:00,0.5093902926608961,7889.166637519847,cand_009
2016-09-06 07:00:00,0.5222644599299877,7889.688901979777,cand_011
2016-09-06 07:00:00,0.5221548113343271,7890.211056791111,cand_013
2016-09-06 07:00:00,0.5271758785499405,7890.738232669662,cand_014
2016-09-06 07:00:00,0.604366284364134,7891.342598954026,cand_015
2016-09-08 07:29:40,0.0,7891.342598954026,cand_003
2016-09-08 07:29:40,0.0,7891.342598954026,cand_009
2016-09-08 07:29:40,0.0,7891.342598954026,cand_011
2016-09-08 07:29:40,0.0,7891.342598954026,cand_013
2016-09-08 07:29:40,0.0,7891.342598954026,cand_014
2016-09-08 13:00:00,-11.226914024408654,7880.115684929617,cand_003
2016-09-08 13:00:00,-11.203590025053474,7868.912094904563,cand_009
2016-09-08 13:00:00,-11.48674597457779,7857.425348929985,cand_011
2016-09-08 13:00:00,-11.484334350464994,7845.94101457952,cand_013
2016-09-08 13:00:00,-11.594768293518987,7834.346246286001,cand_014
2016-09-09 07:00:00,0.5104507579966491,7834.856697043997,cand_003
2016-09-09 07:00:00,0.6566499231364257,7835.513346967134,cand_007
2016-09-09 07:00:00,0.5093902926608961,7836.022737259795,cand_009
2016-09-09 07:00:00,0.5222644599299877,7836.5450017197245,cand_011
2016-09-09 07:00:00,0.5221548113343271,7837.067156531059,cand_013
2016-09-09 07:00:00,0.5271758785499405,7837.594332409609,cand_014
2016-09-09 07:00:00,0.49031404625585057,7838.0846464558645,cand_014
2016-09-09 07:00:00,0.604366284364134,7838.6890127402285,cand_015
2016-09-12 07:00:00,0.5104507579966491,7839.199463498225,cand_003
2016-09-12 07:00:00,0.5093902926608961,7839.708853790886,cand_009
2016-09-12 07:00:00,0.5222644599299877,7840.231118250816,cand_011
2016-09-12 07:00:00,0.5221548113343271,7840.75327306215,cand_013
2016-09-12 07:00:00,0.5271758785499405,7841.2804489407,cand_014
2016-09-12 07:00:00,0.49031404625585057,7841.770762986956,cand_014
2016-09-14 07:00:00,0.5104507579966491,7842.281213744952,cand_003
2016-09-14 07:00:00,0.5093902926608961,7842.790604037613,cand_009
2016-09-14 07:00:00,0.5222644599299877,7843.312868497543,cand_011
2016-09-14 07:00:00,0.5221548113343271,7843.835023308877,cand_013
2016-09-14 07:00:00,0.5271758785499405,7844.362199187427,cand_014
2016-09-14 09:27:40,0.0,7844.362199187427,cand_003
2016-09-14 09:27:40,0.0,7844.362199187427,cand_009
2016-09-14 09:27:40,0.0,7844.362199187427,cand_011
2016-09-14 09:27:40,0.0,7844.362199187427,cand_013
2016-09-14 09:27:40,0.0,7844.362199187427,cand_014
2016-09-14 12:19:40,-44.08793223332235,7800.274266954105,cand_003
2016-09-14 12:19:40,-43.996339218470226,7756.277927735635,cand_009
2016-09-14 12:19:40,-45.108288618541245,7711.1696391170935,cand_011
2016-09-14 12:19:40,-45.098818204834856,7666.070820912259,cand_013
2016-09-14 12:19:40,-45.53249073381634,7620.538330178442,cand_014
2016-09-20 09:55:40,0.0,7620.538330178442,cand_014
2016-09-20 13:00:00,-7.141279873702859,7613.397050304739,cand_014
2016-09-21 07:00:00,0.49031404625585057,7613.887364350995,cand_014
2016-09-21 07:00:00,0.604366284364134,7614.491730635359,cand_015
2016-09-21 07:18:20,0.0,7614.491730635359,cand_014
2016-09-21 07:18:20,0.0,7614.491730635359,cand_015
2016-09-21 07:18:40,-60.957572750690595,7553.534157884668,cand_014
2016-09-21 07:18:40,29.149170049910314,7582.683327934578,cand_014
2016-09-21 07:18:40,-75.13694952962337,7507.546378404955,cand_015
2016-09-21 07:18:40,35.929575605447766,7543.475954010403,cand_015
2016-09-27 07:00:00,0.6566499231364257,7544.13260393354,cand_007
2016-09-29 07:00:00,0.6566499231364257,7544.789253856677,cand_007
2016-09-29 08:12:40,0.0,7544.789253856677,cand_007
2016-09-29 13:00:00,-10.896526077457981,7533.892727779219,cand_007
2016-10-03 07:00:00,0.5104507579966491,7534.403178537215,cand_003
2016-10-03 07:00:00,0.5093902926608961,7534.912568829876,cand_009
2016-10-03 07:00:00,0.5222644599299877,7535.434833289806,cand_011
2016-10-03 07:00:00,0.5221548113343271,7535.95698810114,cand_013
2016-10-03 07:00:00,0.5271758785499405,7536.4841639796905,cand_014
2016-10-04 07:00:00,0.5104507579966491,7536.994614737687,cand_003
2016-10-04 07:00:00,0.6566499231364257,7537.6512646608235,cand_007
2016-10-04 07:00:00,0.5093902926608961,7538.1606549534845,cand_009
2016-10-04 07:00:00,0.5222644599299877,7538.682919413414,cand_011
2016-10-04 07:00:00,0.5221548113343271,7539.205074224748,cand_013
2016-10-04 07:00:00,0.5271758785499405,7539.732250103299,cand_014
2016-10-04 07:00:00,0.49031404625585057,7540.222564149554,cand_014
2016-10-04 07:00:00,0.604366284364134,7540.826930433918,cand_015
2016-10-05 07:00:00,0.5104507579966491,7541.337381191915,cand_003
2016-10-05 07:00:00,0.5093902926608961,7541.846771484576,cand_009
2016-10-05 07:00:00,0.5222644599299877,7542.369035944505,cand_011
2016-10-05 07:00:00,0.5221548113343271,7542.8911907558395,cand_013
2016-10-05 07:00:00,0.5271758785499405,7543.41836663439,cand_014
2016-10-05 07:00:00,0.49031404625585057,7543.908680680645,cand_014
2016-10-06 07:00:00,0.5104507579966491,7544.419131438642,cand_003
2016-10-06 07:00:00,0.5093902926608961,7544.928521731303,cand_009
2016-10-06 07:00:00,0.5222644599299877,7545.4507861912325,cand_011
2016-10-06 07:00:00,0.5221548113343271,7545.972941002567,cand_013
2016-10-06 07:00:00,0.5271758785499405,7546.500116881117,cand_014
2016-10-06 07:00:00,0.49031404625585057,7546.9904309273725,cand_014
2016-10-07 07:00:00,0.5104507579966491,7547.500881685369,cand_003
2016-10-07 07:00:00,0.6566499231364257,7548.157531608505,cand_007
2016-10-07 07:00:00,0.5093902926608961,7548.6669219011665,cand_009
2016-10-07 07:00:00,0.5222644599299877,7549.189186361096,cand_011
2016-10-07 07:00:00,0.5221548113343271,7549.71134117243,cand_013
2016-10-07 07:00:00,0.5271758785499405,7550.238517050981,cand_014
2016-10-07 07:00:00,0.49031404625585057,7550.728831097236,cand_014
2016-10-07 07:00:00,0.604366284364134,7551.3331973816,cand_015
2016-10-11 07:00:00,0.5104507579966491,7551.843648139597,cand_003
2016-10-11 07:00:00,0.5093902926608961,7552.353038432258,cand_009
2016-10-11 07:00:00,0.5222644599299877,7552.875302892187,cand_011
2016-10-11 07:00:00,0.5221548113343271,7553.3974577035215,cand_013
2016-10-11 07:00:00,0.5271758785499405,7553.924633582072,cand_014
2016-10-14 07:00:00,0.5104507579966491,7554.435084340068,cand_003
2016-10-14 07:00:00,0.6566499231364257,7555.091734263205,cand_007
2016-10-14 07:00:00,0.5093902926608961,7555.601124555866,cand_009
2016-10-14 07:00:00,0.5222644599299877,7556.1233890157955,cand_011
2016-10-14 07:00:00,0.5221548113343271,7556.64554382713,cand_013
2016-10-14 07:00:00,0.5271758785499405,7557.17271970568,cand_014
2016-10-14 07:00:00,0.49031404625585057,7557.6630337519355,cand_014
2016-10-14 07:00:00,0.604366284364134,7558.2674000362995,cand_015
2016-10-14 07:13:40,0.0,7558.2674000362995,cand_003
2016-10-14 07:13:40,0.0,7558.2674000362995,cand_007
2016-10-14 07:13:40,0.0,7558.2674000362995,cand_009
2016-10-14 07:13:40,0.0,7558.2674000362995,cand_011
2016-10-14 07:13:40,0.0,7558.2674000362995,cand_013
2016-10-14 07:13:40,0.0,7558.2674000362995,cand_014
2016-10-14 07:13:40,0.0,7558.2674000362995,cand_014
2016-10-14 07:13:40,0.0,7558.2674000362995,cand_015
2016-10-14 13:00:00,11.68331705508801,7569.950717091388,cand_003
2016-10-14 13:00:00,15.029557946610778,7584.980275037999,cand_007
2016-10-14 13:00:00,11.65904487496204,7596.639319912961,cand_009
2016-10-14 13:00:00,11.953711844632837,7608.593031757594,cand_011
2016-10-14 13:00:00,11.951202181775686,7620.544233939369,cand_013
2016-10-14 13:00:00,12.066125549634227,7632.610359489004,cand_014
2016-10-14 13:00:00,11.222423258714791,7643.832782747719,cand_014
2016-10-14 13:00:00,13.832877720357914,7657.665660468077,cand_015
2016-10-17 07:00:00,0.5104507579966491,7658.176111226073,cand_003
2016-10-17 07:00:00,0.5093902926608961,7658.685501518734,cand_009
2016-10-17 07:00:00,0.5222644599299877,7659.207765978664,cand_011
2016-10-17 07:00:00,0.5221548113343271,7659.729920789998,cand_013
2016-10-17 07:00:00,0.5271758785499405,7660.257096668548,cand_014
2016-10-17 07:00:00,0.49031404625585057,7660.747410714804,cand_014
2016-10-21 07:00:00,0.5104507579966491,7661.2578614728,cand_003
2016-10-21 07:00:00,0.5093902926608961,7661.767251765461,cand_009
2016-10-21 07:00:00,0.5222644599299877,7662.289516225391,cand_011
2016-10-21 07:00:00,0.5221548113343271,7662.811671036725,cand_013
2016-10-21 07:00:00,0.5271758785499405,7663.338846915275,cand_014
2016-10-25 07:00:00,0.5104507579966491,7663.849297673271,cand_003
2016-10-25 07:00:00,0.5093902926608961,7664.358687965932,cand_009
2016-10-25 07:00:00,0.5222644599299877,7664.880952425862,cand_011
2016-10-25 07:00:00,0.5221548113343271,7665.403107237196,cand_013
2016-10-25 07:00:00,0.5271758785499405,7665.9302831157465,cand_014
2016-10-25 07:00:00,0.49031404625585057,7666.420597162002,cand_014
2016-10-25 07:00:00,0.604366284364134,7667.024963446366,cand_015
2016-10-26 07:00:00,0.5104507579966491,7667.5354142043625,cand_003
2016-10-26 07:00:00,0.5093902926608961,7668.0448044970235,cand_009
2016-10-26 07:00:00,0.5222644599299877,7668.567068956953,cand_011
2016-10-26 07:00:00,0.5221548113343271,7669.089223768287,cand_013
2016-10-26 07:00:00,0.5271758785499405,7669.616399646838,cand_014
2016-10-27 07:00:00,0.5104507579966491,7670.126850404834,cand_003
2016-10-27 07:00:00,0.5093902926608961,7670.636240697495,cand_009
2016-10-27 07:00:00,0.5222644599299877,7671.158505157425,cand_011
2016-10-27 07:00:00,0.5221548113343271,7671.680659968759,cand_013
2016-10-27 07:00:00,0.5271758785499405,7672.207835847309,cand_014
2016-10-27 07:00:00,0.49031404625585057,7672.698149893565,cand_014
2016-10-28 07:00:00,0.5104507579966491,7673.208600651561,cand_003
2016-10-28 07:00:00,0.5093902926608961,7673.717990944222,cand_009
2016-10-28 07:00:00,0.5222644599299877,7674.240255404152,cand_011
2016-10-28 07:00:00,0.5221548113343271,7674.762410215486,cand_013
2016-10-28 07:00:00,0.5271758785499405,7675.289586094036,cand_014
2016-10-28 07:00:00,0.49031404625585057,7675.779900140292,cand_014
2016-10-28 09:17:40,0.0,7675.779900140292,cand_003
2016-10-28 09:17:40,0.0,7675.779900140292,cand_009
2016-10-28 09:17:40,0.0,7675.779900140292,cand_011
2016-10-28 09:17:40,0.0,7675.779900140292,cand_013
2016-10-28 09:17:40,0.0,7675.779900140292,cand_014
2016-10-28 09:17:40,0.0,7675.779900140292,cand_014
2016-10-28 13:00:00,-10.668420842129967,7665.111479298162,cand_003
2016-10-28 13:00:00,-10.64625711661273,7654.465222181549,cand_009
2016-10-28 13:00:00,-10.915327212536745,7643.549894969012,cand_011
2016-10-28 13:00:00,-10.913035556887436,7632.636859412124,cand_013
2016-10-28 13:00:00,-11.017975861693758,7621.61888355043,cand_014
2016-10-28 13:00:00,-10.247563566747276,7611.371319983683,cand_014
2016-11-07 07:00:00,0.5104507579966491,7611.881770741679,cand_003
2016-11-07 07:00:00,0.6566499231364257,7612.538420664816,cand_007
2016-11-07 07:00:00,0.5093902926608961,7613.047810957477,cand_009
2016-11-07 07:00:00,0.5222644599299877,7613.570075417407,cand_011
2016-11-07 07:00:00,0.5221548113343271,7614.092230228741,cand_013
2016-11-07 07:00:00,0.5271758785499405,7614.619406107291,cand_014
2016-11-07 07:00:00,0.49031404625585057,7615.109720153547,cand_014
2016-11-07 07:00:00,0.604366284364134,7615.714086437911,cand_015
2016-11-08 07:00:00,0.5104507579966491,7616.224537195907,cand_003
2016-11-08 07:00:00,0.5093902926608961,7616.733927488568,cand_009
2016-11-08 07:00:00,0.5222644599299877,7617.256191948498,cand_011
2016-11-08 07:00:00,0.5221548113343271,7617.778346759832,cand_013
2016-11-08 07:00:00,0.5271758785499405,7618.305522638382,cand_014
2016-11-10 07:00:00,0.5104507579966491,7618.8159733963785,cand_003
2016-11-10 07:00:00,0.5093902926608961,7619.3253636890395,cand_009
2016-11-10 07:00:00,0.5222644599299877,7619.847628148969,cand_011
2016-11-10 07:00:00,0.5221548113343271,7620.369782960303,cand_013
2016-11-10 07:00:00,0.5271758785499405,7620.896958838854,cand_014
2016-11-10 07:00:00,0.49031404625585057,7621.387272885109,cand_014
2016-11-10 07:00:00,0.604366284364134,7621.991639169473,cand_015
2016-11-11 07:00:00,0.5104507579966491,7622.50208992747,cand_003
2016-11-11 07:00:00,0.5093902926608961,7623.011480220131,cand_009
2016-11-11 07:00:00,0.5222644599299877,7623.53374468006,cand_011
2016-11-11 07:00:00,0.5221548113343271,7624.0558994913945,cand_013
2016-11-11 07:00:00,0.5271758785499405,7624.583075369945,cand_014
2016-11-14 07:00:00,0.5104507579966491,7625.093526127941,cand_003
2016-11-14 07:00:00,0.6566499231364257,7625.750176051078,cand_007
2016-11-14 07:00:00,0.5093902926608961,7626.259566343739,cand_009
2016-11-14 07:00:00,0.5222644599299877,7626.7818308036685,cand_011
2016-11-14 07:00:00,0.5221548113343271,7627.303985615003,cand_013
2016-11-14 07:00:00,0.5271758785499405,7627.831161493553,cand_014
2016-11-14 07:00:00,0.49031404625585057,7628.3214755398085,cand_014
2016-11-14 07:00:00,0.604366284364134,7628.9258418241725,cand_015
2016-11-15 07:00:00,0.5104507579966491,7629.436292582169,cand_003
2016-11-15 07:00:00,0.5093902926608961,7629.94568287483,cand_009
2016-11-15 07:00:00,0.5222644599299877,7630.46794733476,cand_011
2016-11-15 07:00:00,0.5221548113343271,7630.990102146094,cand_013
2016-11-15 07:00:00,0.5271758785499405,7631.517278024644,cand_014
2016-11-15 07:00:00,0.49031404625585057,7632.0075920709,cand_014
2016-11-15 07:00:00,0.604366284364134,7632.611958355264,cand_015
2016-11-16 07:00:00,0.5104507579966491,7633.12240911326,cand_003
2016-11-16 07:00:00,0.5093902926608961,7633.631799405921,cand_009
2016-11-16 07:00:00,0.5222644599299877,7634.154063865851,cand_011
2016-11-16 07:00:00,0.5221548113343271,7634.676218677185,cand_013
2016-11-16 07:00:00,0.5271758785499405,7635.203394555735,cand_014
2016-11-16 09:24:40,0.0,7635.203394555735,cand_003
2016-11-16 09:24:40,0.0,7635.203394555735,cand_009
2016-11-16 09:24:40,0.0,7635.203394555735,cand_011
2016-11-16 09:24:40,0.0,7635.203394555735,cand_013
2016-11-16 09:24:40,0.0,7635.203394555735,cand_014
2016-11-16 13:00:00,16.760800771395854,7651.964195327131,cand_003
2016-11-16 13:00:00,16.725980080194837,7668.690175407326,cand_009
2016-11-16 13:00:00,17.148707148995246,7685.838882556322,cand_011
2016-11-16 13:00:00,17.14510680510714,7702.983989361429,cand_013
2016-11-16 13:00:00,17.309975023916284,7720.293964385345,cand_014
2016-11-17 07:00:00,0.5104507579966491,7720.804415143341,cand_003
2016-11-17 07:00:00,0.5093902926608961,7721.313805436002,cand_009
2016-11-17 07:00:00,0.5222644599299877,7721.836069895932,cand_011
2016-11-17 07:00:00,0.5221548113343271,7722.358224707266,cand_013
2016-11-17 07:00:00,0.5271758785499405,7722.885400585817,cand_014
2016-11-17 08:37:40,0.0,7722.885400585817,cand_003
2016-11-17 08:37:40,0.0,7722.885400585817,cand_009
2016-11-17 08:37:40,0.0,7722.885400585817,cand_011
2016-11-17 08:37:40,0.0,7722.885400585817,cand_013
2016-11-17 08:37:40,0.0,7722.885400585817,cand_014
2016-11-17 13:00:00,-22.258655700171527,7700.626744885645,cand_003
2016-11-17 13:00:00,-22.21241317350131,7678.414331712144,cand_009
2016-11-17 13:00:00,-22.773802596829405,7655.640529115315,cand_011
2016-11-17 13:00:00,-22.769021273066862,7632.871507842248,cand_013
2016-11-17 13:00:00,-22.987969339357115,7609.8835385028915,cand_014
2016-11-18 07:00:00,0.5104507579966491,7610.393989260888,cand_003
2016-11-18 07:00:00,0.5093902926608961,7610.903379553549,cand_009
2016-11-18 07:00:00,0.5222644599299877,7611.425644013479,cand_011
2016-11-18 07:00:00,0.5221548113343271,7611.947798824813,cand_013
2016-11-18 07:00:00,0.5271758785499405,7612.474974703363,cand_014
2016-11-18 09:29:40,0.0,7612.474974703363,cand_003
2016-11-18 09:29:40,0.0,7612.474974703363,cand_009
2016-11-18 09:29:40,0.0,7612.474974703363,cand_011
2016-11-18 09:29:40,0.0,7612.474974703363,cand_013
2016-11-18 09:29:40,0.0,7612.474974703363,cand_014
2016-11-18 13:00:00,-30.47691290391758,7581.998061799445,cand_003
2016-11-18 13:00:00,-30.41359688534174,7551.584464914104,cand_009
2016-11-18 13:00:00,-31.182260401702212,7520.402204512401,cand_011
2016-11-18 13:00:00,-31.17571373554953,7489.226490776851,cand_013
2016-11-18 13:00:00,-31.47550098401116,7457.75098979284,cand_014
2016-11-21 07:00:00,0.6566499231364257,7458.407639715977,cand_007
2016-11-21 07:00:00,0.49031404625585057,7458.897953762233,cand_014
2016-11-21 07:00:00,0.604366284364134,7459.502320046597,cand_015
2016-11-22 07:00:00,0.6566499231364257,7460.158969969733,cand_007
2016-11-22 07:00:00,0.49031404625585057,7460.649284015989,cand_014
2016-11-22 07:00:00,0.604366284364134,7461.253650300353,cand_015
2016-11-22 08:40:40,0.0,7461.253650300353,cand_007
2016-11-22 08:40:40,0.0,7461.253650300353,cand_014
2016-11-22 08:40:40,0.0,7461.253650300353,cand_015
2016-11-22 13:00:00,-18.131263171778716,7443.122387128575,cand_007
2016-11-22 13:00:00,-13.538436077205661,7429.583951051369,cand_014
2016-11-22 13:00:00,-16.687619640030853,7412.896331411338,cand_015
2016-11-25 07:00:00,0.49031404625585057,7413.386645457594,cand_014
2016-11-25 07:00:00,0.604366284364134,7413.991011741958,cand_015
2016-11-30 07:00:00,0.6566499231364257,7414.647661665094,cand_007
2016-11-30 07:00:00,0.49031404625585057,7415.13797571135,cand_014
2016-11-30 07:00:00,0.604366284364134,7415.742341995714,cand_015
2016-12-01 07:00:00,0.5104507579966491,7416.25279275371,cand_003
2016-12-01 07:00:00,0.5093902926608961,7416.762183046371,cand_009
2016-12-01 07:00:00,0.5222644599299877,7417.284447506301,cand_011
2016-12-01 07:00:00,0.5221548113343271,7417.806602317635,cand_013
2016-12-01 07:00:00,0.5271758785499405,7418.333778196185,cand_014
2016-12-01 07:00:00,0.49031404625585057,7418.824092242441,cand_014
2016-12-02 07:00:00,0.5104507579966491,7419.334543000437,cand_003
2016-12-02 07:00:00,0.5093902926608961,7419.843933293098,cand_009
2016-12-02 07:00:00,0.5222644599299877,7420.366197753028,cand_011
2016-12-02 07:00:00,0.5221548113343271,7420.888352564362,cand_013
2016-12-02 07:00:00,0.5271758785499405,7421.415528442913,cand_014
2016-12-02 07:00:00,0.49031404625585057,7421.905842489168,cand_014
2016-12-07 07:00:00,0.5104507579966491,7422.4162932471645,cand_003
2016-12-07 07:00:00,0.5093902926608961,7422.9256835398255,cand_009
2016-12-07 07:00:00,0.5222644599299877,7423.447947999755,cand_011
2016-12-07 07:00:00,0.5221548113343271,7423.970102811089,cand_013
2016-12-07 07:00:00,0.5271758785499405,7424.49727868964,cand_014
2016-12-07 07:00:00,0.49031404625585057,7424.987592735895,cand_014
2016-12-09 07:00:00,0.5104507579966491,7425.498043493892,cand_003
2016-12-09 07:00:00,0.6566499231364257,7426.154693417028,cand_007
2016-12-09 07:00:00,0.5093902926608961,7426.664083709689,cand_009
2016-12-09 07:00:00,0.5222644599299877,7427.186348169619,cand_011
2016-12-09 07:00:00,0.5221548113343271,7427.708502980953,cand_013
2016-12-09 07:00:00,0.5271758785499405,7428.235678859503,cand_014
2016-12-09 07:00:00,0.49031404625585057,7428.725992905759,cand_014
2016-12-09 07:00:00,0.604366284364134,7429.330359190123,cand_015
2016-12-12 07:00:00,0.5104507579966491,7429.840809948119,cand_003
2016-12-12 07:00:00,0.6566499231364257,7430.497459871256,cand_007
2016-12-12 07:00:00,0.5093902926608961,7431.006850163917,cand_009
2016-12-12 07:00:00,0.5222644599299877,7431.529114623847,cand_011
2016-12-12 07:00:00,0.5221548113343271,7432.051269435181,cand_013
2016-12-12 07:00:00,0.5271758785499405,7432.578445313731,cand_014
2016-12-12 07:00:00,0.49031404625585057,7433.068759359987,cand_014
2016-12-12 07:00:00,0.604366284364134,7433.673125644351,cand_015
2016-12-12 08:20:40,0.0,7433.673125644351,cand_003
2016-12-12 08:20:40,0.0,7433.673125644351,cand_007
2016-12-12 08:20:40,0.0,7433.673125644351,cand_009
2016-12-12 08:20:40,0.0,7433.673125644351,cand_011
2016-12-12 08:20:40,0.0,7433.673125644351,cand_013
2016-12-12 08:20:40,0.0,7433.673125644351,cand_014
2016-12-12 08:20:40,0.0,7433.673125644351,cand_014
2016-12-12 08:20:40,0.0,7433.673125644351,cand_015
2016-12-12 13:00:00,4.353844700559654,7438.02697034491,cand_003
2016-12-12 13:00:00,5.600837579693042,7443.627807924603,cand_007
2016-12-12 13:00:00,4.34479955504882,7447.972607479652,cand_009
2016-12-12 13:00:00,4.454608628814602,7452.427216108466,cand_011
2016-12-12 13:00:00,4.45367339079279,7456.880889499259,cand_013
2016-12-12 13:00:00,4.496500140573023,7461.377389639832,cand_014
2016-12-12 13:00:00,4.182090394535196,7465.559480034367,cand_014
2016-12-12 13:00:00,5.154888896047026,7470.714368930414,cand_015
2016-12-13 07:00:00,0.5104507579966491,7471.22481968841,cand_003
2016-12-13 07:00:00,0.5093902926608961,7471.734209981071,cand_009
2016-12-13 07:00:00,0.5222644599299877,7472.256474441001,cand_011
2016-12-13 07:00:00,0.5221548113343271,7472.778629252335,cand_013
2016-12-13 07:00:00,0.5271758785499405,7473.305805130885,cand_014
2016-12-13 07:00:00,0.49031404625585057,7473.796119177141,cand_014
2016-12-13 07:48:40,0.0,7473.796119177141,cand_003
2016-12-13 07:48:40,0.0,7473.796119177141,cand_009
2016-12-13 07:48:40,0.0,7473.796119177141,cand_011
2016-12-13 07:48:40,0.0,7473.796119177141,cand_013
2016-12-13 07:48:40,0.0,7473.796119177141,cand_014
2016-12-13 07:48:40,0.0,7473.796119177141,cand_014
2016-12-13 13:00:00,3.0176647752154846,7476.813783952356,cand_003
2016-12-13 13:00:00,3.0113955536717687,7479.825179506028,cand_009
2016-12-13 13:00:00,3.0875046013508105,7482.9126841073785,cand_011
2016-12-13 13:00:00,3.086856384652934,7485.999540492031,cand_013
2016-12-13 13:00:00,3.116539752604061,7489.116080244635,cand_014
2016-12-13 13:00:00,2.898621273453705,7492.014701518088,cand_014
2016-12-14 07:00:00,0.5104507579966491,7492.525152276085,cand_003
2016-12-14 07:00:00,0.5093902926608961,7493.034542568746,cand_009
2016-12-14 07:00:00,0.5222644599299877,7493.556807028675,cand_011
2016-12-14 07:00:00,0.5221548113343271,7494.0789618400095,cand_013
2016-12-14 07:00:00,0.5271758785499405,7494.60613771856,cand_014
2016-12-15 07:00:00,0.5104507579966491,7495.116588476556,cand_003
2016-12-15 07:00:00,0.5093902926608961,7495.625978769217,cand_009
2016-12-15 07:00:00,0.5222644599299877,7496.148243229147,cand_011
2016-12-15 07:00:00,0.5221548113343271,7496.670398040481,cand_013
2016-12-15 07:00:00,0.5271758785499405,7497.197573919031,cand_014
2016-12-16 07:00:00,0.5104507579966491,7497.708024677027,cand_003
2016-12-16 07:00:00,0.5093902926608961,7498.217414969688,cand_009
2016-12-16 07:00:00,0.5222644599299877,7498.739679429618,cand_011
2016-12-16 07:00:00,0.5221548113343271,7499.261834240952,cand_013
2016-12-16 07:00:00,0.5271758785499405,7499.789010119503,cand_014
2016-12-16 07:00:00,0.49031404625585057,7500.279324165758,cand_014
2016-12-19 08:53:20,0.0,7500.279324165758,cand_003
2016-12-19 08:53:20,0.0,7500.279324165758,cand_007
2016-12-19 08:53:20,0.0,7500.279324165758,cand_009
2016-12-19 08:53:20,0.0,7500.279324165758,cand_011
2016-12-19 08:53:20,0.0,7500.279324165758,cand_013
2016-12-19 08:53:20,0.0,7500.279324165758,cand_014
2016-12-19 08:53:20,0.0,7500.279324165758,cand_014
2016-12-19 08:53:20,0.0,7500.279324165758,cand_015
2016-12-19 13:00:00,-15.496684482474741,7484.782639683283,cand_003
2016-12-19 13:00:00,-19.935119137100546,7464.847520546183,cand_007
2016-12-19 13:00:00,-15.464490002487558,7449.383030543695,cand_009
2016-12-19 13:00:00,-15.855334574698041,7433.527695968997,cand_011
2016-12-19 13:00:00,-15.85200577233213,7417.6756901966655,cand_013
2016-12-19 13:00:00,-16.004439465860255,7401.671250730806,cand_014
2016-12-19 13:00:00,-14.885357604273205,7386.785893126533,cand_014
2016-12-19 13:00:00,-18.347849374137034,7368.438043752396,cand_015
2016-12-20 07:00:00,0.5104507579966491,7368.948494510392,cand_003
2016-12-20 07:00:00,0.5093902926608961,7369.457884803053,cand_009
2016-12-20 07:00:00,0.5222644599299877,7369.980149262983,cand_011
2016-12-20 07:00:00,0.5221548113343271,7370.502304074317,cand_013
2016-12-20 07:00:00,0.5271758785499405,7371.029479952867,cand_014
2016-12-20 07:00:00,0.49031404625585057,7371.519793999123,cand_014
2016-12-20 07:14:40,0.0,7371.519793999123,cand_003
2016-12-20 07:14:40,0.0,7371.519793999123,cand_009
2016-12-20 07:14:40,0.0,7371.519793999123,cand_011
2016-12-20 07:14:40,0.0,7371.519793999123,cand_013
2016-12-20 07:14:40,0.0,7371.519793999123,cand_014
2016-12-20 07:14:40,0.0,7371.519793999123,cand_014
2016-12-20 13:00:00,8.608601901037606,7380.12839590016,cand_003
2016-12-20 13:00:00,8.590717465051702,7388.719113365212,cand_009
2016-12-20 13:00:00,8.807836509525147,7397.5269498747375,cand_011
2016-12-20 13:00:00,8.805987318208917,7406.332937192947,cand_013
2016-12-20 13:00:00,8.890666140015764,7415.223603332963,cand_014
2016-12-20 13:00:00,8.269002180091315,7423.492605513054,cand_014
2016-12-22 07:00:00,0.5104507579966491,7424.00305627105,cand_003
2016-12-22 07:00:00,0.5093902926608961,7424.512446563711,cand_009
2016-12-22 07:00:00,0.5222644599299877,7425.034711023641,cand_011
2016-12-22 07:00:00,0.5221548113343271,7425.556865834975,cand_013
2016-12-22 07:00:00,0.5271758785499405,7426.084041713525,cand_014
2016-12-27 07:00:00,0.5104507579966491,7426.594492471521,cand_003
2016-12-27 07:00:00,0.5093902926608961,7427.103882764182,cand_009
2016-12-27 07:00:00,0.5222644599299877,7427.626147224112,cand_011
2016-12-27 07:00:00,0.5221548113343271,7428.148302035446,cand_013
2016-12-27 07:00:00,0.5271758785499405,7428.6754779139965,cand_014
2016-12-27 07:00:00,0.49031404625585057,7429.165791960252,cand_014
2016-12-27 07:00:00,0.604366284364134,7429.770158244616,cand_015
2016-12-28 07:00:00,0.5104507579966491,7430.280609002612,cand_003
2016-12-28 07:00:00,0.5093902926608961,7430.789999295273,cand_009
2016-12-28 07:00:00,0.5222644599299877,7431.312263755203,cand_011
2016-12-28 07:00:00,0.5221548113343271,7431.834418566537,cand_013
2016-12-28 07:00:00,0.5271758785499405,7432.361594445088,cand_014
2016-12-29 08:43:40,0.0,7432.361594445088,cand_003
2016-12-29 08:43:40,0.0,7432.361594445088,cand_007
2016-12-29 08:43:40,0.0,7432.361594445088,cand_009
2016-12-29 08:43:40,0.0,7432.361594445088,cand_011
2016-12-29 08:43:40,0.0,7432.361594445088,cand_013
2016-12-29 08:43:40,0.0,7432.361594445088,cand_014
2016-12-29 08:43:40,0.0,7432.361594445088,cand_014
2016-12-29 08:43:40,0.0,7432.361594445088,cand_015
2016-12-29 13:00:00,0.1561378789166221,7432.517732324004,cand_003
2016-12-29 13:00:00,0.20085762354761258,7432.718589947552,cand_007
2016-12-29 13:00:00,0.1558135012845094,7432.874403448836,cand_009
2016-12-29 13:00:00,0.15975148186093743,7433.034154930698,cand_011
2016-12-29 13:00:00,0.15971794229050007,7433.193872872988,cand_013
2016-12-29 13:00:00,0.1612537981446877,7433.355126671133,cand_014
2016-12-29 13:00:00,0.1499784141488484,7433.505105085282,cand_014
2016-12-29 13:00:00,0.18486498109961746,7433.689970066382,cand_015
2017-01-03 07:00:00,0.5104507579966491,7434.200420824378,cand_003
2017-01-03 07:00:00,0.5093902926608961,7434.709811117039,cand_009
2017-01-03 07:00:00,0.5222644599299877,7435.232075576969,cand_011
2017-01-03 07:00:00,0.5221548113343271,7435.754230388303,cand_013
2017-01-03 07:00:00,0.5271758785499405,7436.281406266853,cand_014
2017-01-03 09:10:40,0.0,7436.281406266853,cand_003
2017-01-03 09:10:40,0.0,7436.281406266853,cand_009
2017-01-03 09:10:40,0.0,7436.281406266853,cand_011
2017-01-03 09:10:40,0.0,7436.281406266853,cand_013
2017-01-03 09:10:40,0.0,7436.281406266853,cand_014
2017-01-03 13:00:00,29.960456842885677,7466.241863109739,cand_003
2017-01-03 13:00:00,29.898213765708363,7496.140076875447,cand_009
2017-01-03 13:00:00,30.653851654008342,7526.793928529456,cand_011
2017-01-03 13:00:00,30.6474159264348,7557.44134445589,cand_013
2017-01-03 13:00:00,30.942123036301805,7588.383467492192,cand_014
2017-01-04 07:00:00,0.5104507579966491,7588.893918250188,cand_003
2017-01-04 07:00:00,0.5093902926608961,7589.403308542849,cand_009
2017-01-04 07:00:00,0.5222644599299877,7589.925573002779,cand_011
2017-01-04 07:00:00,0.5221548113343271,7590.447727814113,cand_013
2017-01-04 07:00:00,0.5271758785499405,7590.974903692663,cand_014
2017-01-05 07:19:40,0.0,7590.974903692663,cand_003
2017-01-05 07:19:40,0.0,7590.974903692663,cand_009
2017-01-05 07:19:40,0.0,7590.974903692663,cand_011
2017-01-05 07:19:40,0.0,7590.974903692663,cand_013
2017-01-05 07:19:40,0.0,7590.974903692663,cand_014
2017-01-05 13:00:00,-32.34456214788179,7558.630341544782,cand_003
2017-01-05 13:00:00,-32.27736607378337,7526.352975470999,cand_009
2017-01-05 13:00:00,-33.09313389626958,7493.25984157473,cand_011
2017-01-05 13:00:00,-33.086186045255126,7460.173655529475,cand_013
2017-01-05 13:00:00,-33.404344492587995,7426.769311036886,cand_014
2017-01-09 07:00:00,0.5104507579966491,7427.279761794883,cand_003
2017-01-09 07:00:00,0.6566499231364257,7427.936411718019,cand_007
2017-01-09 07:00:00,0.5093902926608961,7428.44580201068,cand_009
2017-01-09 07:00:00,0.5222644599299877,7428.96806647061,cand_011
2017-01-09 07:00:00,0.5221548113343271,7429.490221281944,cand_013
2017-01-09 07:00:00,0.5271758785499405,7430.0173971604945,cand_014
2017-01-09 07:00:00,0.49031404625585057,7430.50771120675,cand_014
2017-01-09 07:00:00,0.604366284364134,7431.112077491114,cand_015
2017-01-12 08:48:40,0.0,7431.112077491114,cand_003
2017-01-12 08:48:40,0.0,7431.112077491114,cand_007
2017-01-12 08:48:40,0.0,7431.112077491114,cand_009
2017-01-12 08:48:40,0.0,7431.112077491114,cand_011
2017-01-12 08:48:40,0.0,7431.112077491114,cand_013
2017-01-12 08:48:40,0.0,7431.112077491114,cand_014
2017-01-12 08:48:40,0.0,7431.112077491114,cand_014
2017-01-12 08:48:40,0.0,7431.112077491114,cand_015
2017-01-12 13:00:00,1.1560208342865288,7432.2680983254,cand_003
2017-01-12 13:00:00,1.48711894357367,7433.755217268974,cand_007
2017-01-12 13:00:00,1.1536191922026178,7434.908836461176,cand_009
2017-01-12 13:00:00,1.1827753945473254,7436.091611855723,cand_011
2017-01-12 13:00:00,1.1825270727277408,7437.274138928451,cand_013
2017-01-12 13:00:00,1.19389831318663,7438.468037241638,cand_014
2017-01-12 13:00:00,1.1104171047558968,7439.578454346393,cand_014
2017-01-12 13:00:00,1.3687118792952448,7440.947166225688,cand_015
2017-01-16 08:38:40,0.0,7440.947166225688,cand_003
2017-01-16 08:38:40,0.0,7440.947166225688,cand_009
2017-01-16 08:38:40,0.0,7440.947166225688,cand_011
2017-01-16 08:38:40,0.0,7440.947166225688,cand_013
2017-01-16 08:38:40,0.0,7440.947166225688,cand_014
2017-01-16 08:38:40,0.0,7440.947166225688,cand_014
2017-01-16 13:00:00,-23.958156459148608,7416.989009766539,cand_003
2017-01-16 13:00:00,-23.908383206713474,7393.080626559826,cand_009
2017-01-16 13:00:00,-24.512636034008075,7368.567990525818,cand_011
2017-01-16 13:00:00,-24.507489644921154,7344.060500880896,cand_013
2017-01-16 13:00:00,-24.743154911470448,7319.317345969425,cand_014
2017-01-16 13:00:00,-23.013033971031952,7296.304311998393,cand_014
2017-01-17 07:21:40,0.0,7296.304311998393,cand_003
2017-01-17 07:21:40,0.0,7296.304311998393,cand_007
2017-01-17 07:21:40,0.0,7296.304311998393,cand_009
2017-01-17 07:21:40,0.0,7296.304311998393,cand_011
2017-01-17 07:21:40,0.0,7296.304311998393,cand_013
2017-01-17 07:21:40,0.0,7296.304311998393,cand_014
2017-01-17 07:21:40,0.0,7296.304311998393,cand_014
2017-01-17 07:21:40,0.0,7296.304311998393,cand_015
2017-01-17 13:00:00,28.831459872257792,7325.135771870651,cand_003
2017-01-17 13:00:00,37.089132717388,7362.224904588039,cand_007
2017-01-17 13:00:00,28.77156229488191,7390.996466882921,cand_009
2017-01-17 13:00:00,29.498725554398483,7420.495192437319,cand_011
2017-01-17 13:00:00,29.492532343718874,7449.987724781038,cand_013
2017-01-17 13:00:00,29.776134034332525,7479.76385881537,cand_014
2017-01-17 13:00:00,27.694091012639277,7507.45794982801,cand_014
2017-01-17 13:00:00,34.13602977920244,7541.5939796072125,cand_015
2017-01-19 07:00:00,0.5104507579966491,7542.104430365209,cand_003
2017-01-19 07:00:00,0.5093902926608961,7542.61382065787,cand_009
2017-01-19 07:00:00,0.5222644599299877,7543.1360851178,cand_011
2017-01-19 07:00:00,0.5221548113343271,7543.658239929134,cand_013
2017-01-19 07:00:00,0.5271758785499405,7544.185415807684,cand_014
2017-01-19 07:00:00,0.49031404625585057,7544.67572985394,cand_014
2017-01-19 07:00:00,0.604366284364134,7545.280096138304,cand_015
2017-01-20 07:00:00,0.5104507579966491,7545.7905468963,cand_003
2017-01-20 07:00:00,0.5093902926608961,7546.299937188961,cand_009
2017-01-20 07:00:00,0.5222644599299877,7546.822201648891,cand_011
2017-01-20 07:00:00,0.5221548113343271,7547.344356460225,cand_013
2017-01-20 07:00:00,0.5271758785499405,7547.871532338775,cand_014
2017-01-23 08:06:40,0.0,7547.871532338775,cand_003
2017-01-23 08:06:40,0.0,7547.871532338775,cand_007
2017-01-23 08:06:40,0.0,7547.871532338775,cand_009
2017-01-23 08:06:40,0.0,7547.871532338775,cand_011
2017-01-23 08:06:40,0.0,7547.871532338775,cand_013
2017-01-23 08:06:40,0.0,7547.871532338775,cand_014
2017-01-23 08:06:40,0.0,7547.871532338775,cand_015
2017-01-23 13:00:00,-14.27460531480041,7533.596927023975,cand_003
2017-01-23 13:00:00,-18.363021968179808,7515.233905055795,cand_007
2017-01-23 13:00:00,-14.244949713587648,7500.988955342207,cand_009
2017-01-23 13:00:00,-14.60497201474801,7486.383983327459,cand_011
2017-01-23 13:00:00,-14.601905724019947,7471.782077603439,cand_013
2017-01-23 13:00:00,-14.742318391920103,7457.039759211519,cand_014
2017-01-23 13:00:00,-16.90092538745349,7440.138833824065,cand_015
2017-01-25 07:00:00,0.5104507579966491,7440.649284582061,cand_003
2017-01-25 07:00:00,0.5093902926608961,7441.158674874722,cand_009
2017-01-25 07:00:00,0.5222644599299877,7441.680939334652,cand_011
2017-01-25 07:00:00,0.5221548113343271,7442.203094145986,cand_013
2017-01-25 07:00:00,0.5271758785499405,7442.730270024536,cand_014
2017-01-25 07:00:00,0.49031404625585057,7443.220584070792,cand_014
2017-01-25 07:00:00,0.604366284364134,7443.824950355156,cand_015
2017-01-27 07:00:00,0.5104507579966491,7444.335401113152,cand_003
2017-01-27 07:00:00,0.5093902926608961,7444.844791405813,cand_009
2017-01-27 07:00:00,0.5222644599299877,7445.367055865743,cand_011
2017-01-27 07:00:00,0.5221548113343271,7445.889210677077,cand_013
2017-01-27 07:00:00,0.5271758785499405,7446.4163865556275,cand_014
2017-01-27 08:02:40,0.0,7446.4163865556275,cand_003
2017-01-27 08:02:40,0.0,7446.4163865556275,cand_009
2017-01-27 08:02:40,0.0,7446.4163865556275,cand_011
2017-01-27 08:02:40,0.0,7446.4163865556275,cand_013
2017-01-27 08:02:40,0.0,7446.4163865556275,cand_014
2017-01-27 13:00:00,-4.852284852485794,7441.564101703142,cand_003
2017-01-27 13:00:00,-4.842204193764754,7436.721897509377,cand_009
2017-01-27 13:00:00,-4.964584513216825,7431.75731299616,cand_011
2017-01-27 13:00:00,-4.963542206566309,7426.7937707895935,cand_013
2017-01-27 13:00:00,-5.0112718808041405,7421.782498908789,cand_014
2017-02-02 07:47:40,0.0,7421.782498908789,cand_003
2017-02-02 07:47:40,0.0,7421.782498908789,cand_007
2017-02-02 07:47:40,0.0,7421.782498908789,cand_009
2017-02-02 07:47:40,0.0,7421.782498908789,cand_011
2017-02-02 07:47:40,0.0,7421.782498908789,cand_013
2017-02-02 07:47:40,0.0,7421.782498908789,cand_014
2017-02-02 07:47:40,0.0,7421.782498908789,cand_014
2017-02-02 07:47:40,0.0,7421.782498908789,cand_015
2017-02-02 13:00:00,5.930236747314011,7427.712735656103,cand_003
2017-02-02 13:00:00,7.628727048202593,7435.341462704306,cand_007
2017-02-02 13:00:00,5.917916635325117,7441.259379339631,cand_009
2017-02-02 13:00:00,6.067484166833681,7447.326863506464,cand_011
2017-02-02 13:00:00,6.066210308148801,7453.393073814613,cand_013
2017-02-02 13:00:00,6.1245432949184275,7459.517617109531,cand_014
2017-02-02 13:00:00,5.696295537384146,7465.213912646915,cand_014
2017-02-02 13:00:00,7.021314185995086,7472.23522683291,cand_015
2017-02-03 07:00:00,0.5104507579966491,7472.745677590906,cand_003
2017-02-03 07:00:00,0.6566499231364257,7473.402327514043,cand_007
2017-02-03 07:00:00,0.5093902926608961,7473.911717806704,cand_009
2017-02-03 07:00:00,0.5222644599299877,7474.433982266633,cand_011
2017-02-03 07:00:00,0.5221548113343271,7474.9561370779675,cand_013
2017-02-03 07:00:00,0.5271758785499405,7475.483312956518,cand_014
2017-02-03 07:00:00,0.49031404625585057,7475.973627002773,cand_014
2017-02-03 07:00:00,0.604366284364134,7476.577993287137,cand_015
2017-02-08 07:00:00,0.5104507579966491,7477.088444045134,cand_003
2017-02-08 07:00:00,0.5093902926608961,7477.597834337795,cand_009
2017-02-08 07:00:00,0.5222644599299877,7478.1200987977245,cand_011
2017-02-08 07:00:00,0.5221548113343271,7478.642253609059,cand_013
2017-02-08 07:00:00,0.5271758785499405,7479.169429487609,cand_014
2017-02-08 07:00:00,0.49031404625585057,7479.6597435338645,cand_014
2017-02-09 07:00:00,0.5104507579966491,7480.170194291861,cand_003
2017-02-09 07:00:00,0.5093902926608961,7480.679584584522,cand_009
2017-02-09 07:00:00,0.5222644599299877,7481.201849044452,cand_011
2017-02-09 07:00:00,0.5221548113343271,7481.724003855786,cand_013
2017-02-09 07:00:00,0.5271758785499405,7482.251179734336,cand_014
2017-02-10 07:00:00,0.5104507579966491,7482.761630492332,cand_003
2017-02-10 07:00:00,0.5093902926608961,7483.271020784993,cand_009
2017-02-10 07:00:00,0.5222644599299877,7483.793285244923,cand_011
2017-02-10 07:00:00,0.5221548113343271,7484.315440056257,cand_013
2017-02-10 07:00:00,0.5271758785499405,7484.842615934807,cand_014
2017-02-10 07:00:00,0.604366284364134,7485.446982219171,cand_015
2017-02-13 07:00:00,0.5104507579966491,7485.957432977168,cand_003
2017-02-13 07:00:00,0.5093902926608961,7486.466823269829,cand_009
2017-02-13 07:00:00,0.5222644599299877,7486.9890877297585,cand_011
2017-02-13 07:00:00,0.5221548113343271,7487.5112425410925,cand_013
2017-02-13 07:00:00,0.5271758785499405,7488.038418419643,cand_014
2017-02-13 07:00:00,0.49031404625585057,7488.528732465898,cand_014
2017-02-15 07:00:00,0.5104507579966491,7489.039183223895,cand_003
2017-02-15 07:00:00,0.5093902926608961,7489.548573516556,cand_009
2017-02-15 07:00:00,0.5222644599299877,7490.070837976486,cand_011
2017-02-15 07:00:00,0.5221548113343271,7490.59299278782,cand_013
2017-02-15 07:00:00,0.5271758785499405,7491.12016866637,cand_014
2017-02-15 07:00:00,0.49031404625585057,7491.6104827126255,cand_014
2017-02-21 07:00:00,0.5104507579966491,7492.120933470622,cand_003
2017-02-21 07:00:00,0.6566499231364257,7492.7775833937585,cand_007
2017-02-21 07:00:00,0.5093902926608961,7493.2869736864195,cand_009
2017-02-21 07:00:00,0.5222644599299877,7493.809238146349,cand_011
2017-02-21 07:00:00,0.5221548113343271,7494.331392957683,cand_013
2017-02-21 07:00:00,0.5271758785499405,7494.858568836234,cand_014
2017-02-21 07:00:00,0.49031404625585057,7495.348882882489,cand_014
2017-02-21 07:00:00,0.604366284364134,7495.953249166853,cand_015
2017-02-28 07:00:00,0.5104507579966491,7496.46369992485,cand_003
2017-02-28 07:00:00,0.5093902926608961,7496.973090217511,cand_009
2017-02-28 07:00:00,0.5222644599299877,7497.49535467744,cand_011
2017-02-28 07:00:00,0.5221548113343271,7498.0175094887745,cand_013
2017-02-28 07:00:00,0.5271758785499405,7498.544685367325,cand_014
2017-02-28 07:00:00,0.49031404625585057,7499.03499941358,cand_014
2017-02-28 07:00:00,0.604366284364134,7499.639365697944,cand_015
2017-03-01 07:00:00,0.5104507579966491,7500.149816455941,cand_003
2017-03-01 07:00:00,0.6566499231364257,7500.806466379077,cand_007
2017-03-01 07:00:00,0.5093902926608961,7501.315856671738,cand_009
2017-03-01 07:00:00,0.5222644599299877,7501.838121131668,cand_011
2017-03-01 07:00:00,0.5221548113343271,7502.360275943002,cand_013
2017-03-01 07:00:00,0.5271758785499405,7502.8874518215525,cand_014
2017-03-01 07:00:00,0.49031404625585057,7503.377765867808,cand_014
2017-03-01 07:00:00,0.604366284364134,7503.982132152172,cand_015
2017-03-02 07:00:00,0.5104507579966491,7504.4925829101685,cand_003
2017-03-02 07:00:00,0.5093902926608961,7505.0019732028295,cand_009
2017-03-02 07:00:00,0.5222644599299877,7505.524237662759,cand_011
2017-03-02 07:00:00,0.5221548113343271,7506.046392474093,cand_013
2017-03-02 07:00:00,0.5271758785499405,7506.573568352644,cand_014
2017-03-03 07:00:00,0.5104507579966491,7507.08401911064,cand_003
2017-03-03 07:00:00,0.6566499231364257,7507.740669033777,cand_007
2017-03-03 07:00:00,0.5093902926608961,7508.250059326438,cand_009
2017-03-03 07:00:00,0.5222644599299877,7508.772323786367,cand_011
2017-03-03 07:00:00,0.5221548113343271,7509.2944785977015,cand_013
2017-03-03 07:00:00,0.5271758785499405,7509.821654476252,cand_014
2017-03-03 07:00:00,0.49031404625585057,7510.311968522507,cand_014
2017-03-03 07:00:00,0.604366284364134,7510.916334806871,cand_015
2017-03-09 07:00:00,0.5104507579966491,7511.426785564868,cand_003
2017-03-09 07:00:00,0.5093902926608961,7511.936175857529,cand_009
2017-03-09 07:00:00,0.5222644599299877,7512.458440317459,cand_011
2017-03-09 07:00:00,0.5221548113343271,7512.980595128793,cand_013
2017-03-09 07:00:00,0.5271758785499405,7513.507771007343,cand_014
2017-03-09 07:00:00,0.49031404625585057,7513.9980850535985,cand_014
2017-03-10 07:00:00,0.5104507579966491,7514.508535811595,cand_003
2017-03-10 07:00:00,0.5093902926608961,7515.017926104256,cand_009
2017-03-10 07:00:00,0.5222644599299877,7515.540190564186,cand_011
2017-03-10 07:00:00,0.5221548113343271,7516.06234537552,cand_013
2017-03-10 07:00:00,0.5271758785499405,7516.58952125407,cand_014
2017-03-10 07:00:00,0.49031404625585057,7517.079835300326,cand_014
2017-03-10 07:00:00,0.604366284364134,7517.68420158469,cand_015
2017-03-10 08:22:40,0.0,7517.68420158469,cand_003
2017-03-10 08:22:40,0.0,7517.68420158469,cand_009
2017-03-10 08:22:40,0.0,7517.68420158469,cand_011
2017-03-10 08:22:40,0.0,7517.68420158469,cand_013
2017-03-10 08:22:40,0.0,7517.68420158469,cand_014
2017-03-10 08:22:40,0.0,7517.68420158469,cand_014
2017-03-10 08:22:40,0.0,7517.68420158469,cand_015
2017-03-10 13:00:00,-5.882194323031974,7511.802007261657,cand_003
2017-03-10 13:00:00,-5.869974019545268,7505.932033242112,cand_009
2017-03-10 13:00:00,-6.018329864722624,7499.9137033773895,cand_011
2017-03-10 13:00:00,-6.017066325905569,7493.896637051484,cand_013
2017-03-10 13:00:00,-6.0749267416431385,7487.8217103098405,cand_014
2017-03-10 13:00:00,-5.650148333030654,7482.17156197681,cand_014
2017-03-10 13:00:00,-6.96443265334905,7475.207129323461,cand_015
2017-03-15 07:00:00,0.5104507579966491,7475.7175800814575,cand_003
2017-03-15 07:00:00,0.5093902926608961,7476.2269703741185,cand_009
2017-03-15 07:00:00,0.5222644599299877,7476.749234834048,cand_011
2017-03-15 07:00:00,0.5221548113343271,7477.271389645382,cand_013
2017-03-15 07:00:00,0.49031404625585057,7477.761703691638,cand_014
2017-03-15 07:00:00,0.604366284364134,7478.366069976002,cand_015
2017-03-29 07:00:00,0.5104507579966491,7478.876520733998,cand_003
2017-03-29 07:00:00,0.5093902926608961,7479.385911026659,cand_009
2017-03-29 07:00:00,0.5222644599299877,7479.908175486589,cand_011
2017-03-29 07:00:00,0.5221548113343271,7480.430330297923,cand_013
2017-03-29 07:00:00,0.5271758785499405,7480.9575061764735,cand_014
2017-03-29 07:00:00,0.49031404625585057,7481.447820222729,cand_014
2017-03-29 07:00:00,0.604366284364134,7482.052186507093,cand_015
2017-03-30 07:00:00,0.5104507579966491,7482.5626372650895,cand_003
2017-03-30 07:00:00,0.5093902926608961,7483.0720275577505,cand_009
2017-03-30 07:00:00,0.5222644599299877,7483.59429201768,cand_011
2017-03-30 07:00:00,0.5221548113343271,7484.116446829014,cand_013
2017-03-30 07:00:00,0.5271758785499405,7484.643622707565,cand_014
2017-03-30 07:00:00,0.49031404625585057,7485.13393675382,cand_014
2017-03-30 07:00:00,0.604366284364134,7485.738303038184,cand_015
2017-03-31 07:00:00,0.5104507579966491,7486.248753796181,cand_003
2017-03-31 07:00:00,0.6566499231364257,7486.905403719317,cand_007
2017-03-31 07:00:00,0.5093902926608961,7487.414794011978,cand_009
2017-03-31 07:00:00,0.5222644599299877,7487.937058471908,cand_011
2017-03-31 07:00:00,0.5221548113343271,7488.459213283242,cand_013
2017-03-31 07:00:00,0.5271758785499405,7488.986389161792,cand_014
2017-03-31 07:00:00,0.49031404625585057,7489.476703208048,cand_014
2017-03-31 07:00:00,0.604366284364134,7490.081069492412,cand_015
2017-04-04 09:46:40,0.0,7490.081069492412,cand_003
2017-04-04 09:46:40,0.0,7490.081069492412,cand_007
2017-04-04 09:46:40,0.0,7490.081069492412,cand_009
2017-04-04 09:46:40,0.0,7490.081069492412,cand_011
2017-04-04 09:46:40,0.0,7490.081069492412,cand_013
2017-04-04 09:46:40,0.0,7490.081069492412,cand_014
2017-04-04 09:46:40,0.0,7490.081069492412,cand_014
2017-04-04 09:46:40,0.0,7490.081069492412,cand_015
2017-04-04 13:00:00,-9.455349629008518,7480.625719863404,cand_003
2017-04-04 13:00:00,-12.163474164450614,7468.462245698954,cand_007
2017-04-04 13:00:00,-9.435706068171541,7459.026539630782,cand_009
2017-04-04 13:00:00,-9.674181084232538,7449.35235854655,cand_011
2017-04-04 13:00:00,-9.672150005245859,7439.680208541304,cand_013
2017-04-04 13:00:00,-9.765157891492722,7429.915050649811,cand_014
2017-04-04 13:00:00,-9.082346656821608,7420.832703992989,cand_014
2017-04-04 13:00:00,-11.194996643897987,7409.637707349091,cand_015
2017-04-10 07:00:00,0.5104507579966491,7410.1481581070875,cand_003
2017-04-10 07:00:00,0.5093902926608961,7410.6575483997485,cand_009
2017-04-10 07:00:00,0.5222644599299877,7411.179812859678,cand_011
2017-04-10 07:00:00,0.5221548113343271,7411.701967671012,cand_013
2017-04-10 07:00:00,0.5271758785499405,7412.229143549563,cand_014
2017-04-10 07:00:00,0.49031404625585057,7412.719457595818,cand_014
2017-04-18 07:00:00,0.5104507579966491,7413.229908353815,cand_003
2017-04-18 07:00:00,0.6566499231364257,7413.886558276951,cand_007
2017-04-18 07:00:00,0.5093902926608961,7414.395948569612,cand_009
2017-04-18 07:00:00,0.5222644599299877,7414.918213029542,cand_011
2017-04-18 07:00:00,0.5221548113343271,7415.440367840876,cand_013
2017-04-18 07:00:00,0.5271758785499405,7415.967543719426,cand_014
2017-04-18 07:00:00,0.49031404625585057,7416.457857765682,cand_014
2017-04-18 07:00:00,0.604366284364134,7417.062224050046,cand_015
2017-04-20 07:00:00,0.5104507579966491,7417.572674808042,cand_003
2017-04-20 07:00:00,0.5093902926608961,7418.082065100703,cand_009
2017-04-20 07:00:00,0.5222644599299877,7418.604329560633,cand_011
2017-04-20 07:00:00,0.5221548113343271,7419.126484371967,cand_013
2017-04-20 07:00:00,0.5271758785499405,7419.6536602505175,cand_014
2017-04-20 07:00:00,0.49031404625585057,7420.143974296773,cand_014
2017-04-24 07:00:00,0.5104507579966491,7420.6544250547695,cand_003
2017-04-24 07:00:00,0.5093902926608961,7421.1638153474305,cand_009
2017-04-24 07:00:00,0.5222644599299877,7421.68607980736,cand_011
2017-04-24 07:00:00,0.5221548113343271,7422.208234618694,cand_013
2017-04-24 07:00:00,0.5271758785499405,7422.735410497245,cand_014
2017-04-25 07:00:00,0.5104507579966491,7423.245861255241,cand_003
2017-04-25 07:00:00,0.6566499231364257,7423.902511178378,cand_007
2017-04-25 07:00:00,0.5093902926608961,7424.411901471039,cand_009
2017-04-25 07:00:00,0.5222644599299877,7424.934165930968,cand_011
2017-04-25 07:00:00,0.5221548113343271,7425.4563207423025,cand_013
2017-04-25 07:00:00,0.5271758785499405,7425.983496620853,cand_014
2017-04-25 07:00:00,0.49031404625585057,7426.473810667108,cand_014
2017-04-25 07:00:00,0.604366284364134,7427.078176951472,cand_015
2017-04-25 09:45:40,0.0,7427.078176951472,cand_003
2017-04-25 09:45:40,0.0,7427.078176951472,cand_007
2017-04-25 09:45:40,0.0,7427.078176951472,cand_009
2017-04-25 09:45:40,0.0,7427.078176951472,cand_011
2017-04-25 09:45:40,0.0,7427.078176951472,cand_013
2017-04-25 09:45:40,0.0,7427.078176951472,cand_014
2017-04-25 09:45:40,0.0,7427.078176951472,cand_014
2017-04-25 09:45:40,0.0,7427.078176951472,cand_015
2017-04-25 13:00:00,4.080603412455566,7431.158780363928,cand_003
2017-04-25 13:00:00,5.249336738484721,7436.408117102413,cand_007
2017-04-25 13:00:00,4.072125927800928,7440.480243030213,cand_009
2017-04-25 13:00:00,4.175043535557961,7444.655286565771,cand_011
2017-04-25 13:00:00,4.174166991784415,7448.829453557556,cand_013
2017-04-25 13:00:00,4.214305993819819,7453.043759551376,cand_014
2017-04-25 13:00:00,3.919628169774711,7456.963387721151,cand_014
2017-04-25 13:00:00,4.831375179122695,7461.794762900274,cand_015
2017-04-26 07:00:00,0.5104507579966491,7462.30521365827,cand_003
2017-04-26 07:00:00,0.5093902926608961,7462.814603950931,cand_009
2017-04-26 07:00:00,0.5222644599299877,7463.336868410861,cand_011
2017-04-26 07:00:00,0.5221548113343271,7463.859023222195,cand_013
2017-04-26 07:00:00,0.5271758785499405,7464.386199100745,cand_014
2017-04-26 07:00:00,0.49031404625585057,7464.876513147001,cand_014
2017-04-26 09:34:20,0.0,7464.876513147001,cand_003
2017-04-26 09:34:20,0.0,7464.876513147001,cand_009
2017-04-26 09:34:20,0.0,7464.876513147001,cand_011
2017-04-26 09:34:20,0.0,7464.876513147001,cand_013
2017-04-26 09:34:20,0.0,7464.876513147001,cand_014
2017-04-26 09:34:20,0.0,7464.876513147001,cand_014
2017-04-26 13:00:00,-12.085672358450074,7452.790840788551,cand_003
2017-04-26 13:00:00,-12.060564282118277,7440.730276506432,cand_009
2017-04-26 13:00:00,-12.365379124812947,7428.36489738162,cand_011
2017-04-26 13:00:00,-12.362783033062744,7416.002114348557,cand_013
2017-04-26 13:00:00,-12.48166418331477,7403.520450165242,cand_014
2017-04-26 13:00:00,-11.608906095175286,7391.911544070067,cand_014
2017-04-27 07:00:00,0.5104507579966491,7392.421994828063,cand_003
2017-04-27 07:00:00,0.5093902926608961,7392.931385120724,cand_009
2017-04-27 07:00:00,0.5222644599299877,7393.453649580654,cand_011
2017-04-27 07:00:00,0.5221548113343271,7393.975804391988,cand_013
2017-04-27 07:00:00,0.5271758785499405,7394.5029802705385,cand_014
2017-04-27 07:00:00,0.49031404625585057,7394.993294316794,cand_014
2017-05-01 07:00:00,0.5104507579966491,7395.5037450747905,cand_003
2017-05-01 07:00:00,0.6566499231364257,7396.160394997927,cand_007
2017-05-01 07:00:00,0.5093902926608961,7396.669785290588,cand_009
2017-05-01 07:00:00,0.5222644599299877,7397.192049750518,cand_011
2017-05-01 07:00:00,0.5221548113343271,7397.714204561852,cand_013
2017-05-01 07:00:00,0.5271758785499405,7398.241380440402,cand_014
2017-05-01 07:00:00,0.49031404625585057,7398.731694486658,cand_014
2017-05-01 07:00:00,0.604366284364134,7399.336060771022,cand_015
2017-05-01 09:26:40,0.0,7399.336060771022,cand_003
2017-05-01 09:26:40,0.0,7399.336060771022,cand_007
2017-05-01 09:26:40,0.0,7399.336060771022,cand_009
2017-05-01 09:26:40,0.0,7399.336060771022,cand_011
2017-05-01 09:26:40,0.0,7399.336060771022,cand_013
2017-05-01 09:26:40,0.0,7399.336060771022,cand_014
2017-05-01 09:26:40,0.0,7399.336060771022,cand_014
2017-05-01 09:26:40,0.0,7399.336060771022,cand_015
2017-05-01 13:00:00,-6.987170081518838,7392.348890689503,cand_003
2017-05-01 13:00:00,-8.988378653755662,7383.360512035747,cand_007
2017-05-01 13:00:00,-6.972654182481796,7376.387857853265,cand_009
2017-05-01 13:00:00,-7.1488788132769505,7369.238979039988,cand_011
2017-05-01 13:00:00,-7.1473779174998775,7362.091601122488,cand_013
2017-05-01 13:00:00,-7.2161074669747745,7354.875493655513,cand_014
2017-05-01 13:00:00,-6.711534033160966,7348.163959622352,cand_014
2017-05-01 13:00:00,-8.272707904207882,7339.891251718144,cand_015
2017-05-04 07:00:00,0.5104507579966491,7340.401702476141,cand_003
2017-05-04 07:00:00,0.5093902926608961,7340.911092768802,cand_009
2017-05-04 07:00:00,0.49031404625585057,7341.401406815057,cand_014
2017-05-04 07:00:00,0.604366284364134,7342.005773099421,cand_015
2017-05-08 07:00:00,0.5104507579966491,7342.516223857418,cand_003
2017-05-08 07:00:00,0.5093902926608961,7343.025614150079,cand_009
2017-05-08 07:00:00,0.5222644599299877,7343.547878610008,cand_011
2017-05-08 07:00:00,0.5221548113343271,7344.0700334213425,cand_013
2017-05-08 07:00:00,0.5271758785499405,7344.597209299893,cand_014
2017-05-10 07:00:00,0.5104507579966491,7345.107660057889,cand_003
2017-05-10 07:00:00,0.6566499231364257,7345.764309981026,cand_007
2017-05-10 07:00:00,0.5093902926608961,7346.273700273687,cand_009
2017-05-10 07:00:00,0.5222644599299877,7346.7959647336165,cand_011
2017-05-10 07:00:00,0.5221548113343271,7347.318119544951,cand_013
2017-05-10 07:00:00,0.5271758785499405,7347.845295423501,cand_014
2017-05-10 07:00:00,0.49031404625585057,7348.3356094697565,cand_014
2017-05-10 07:00:00,0.604366284364134,7348.9399757541205,cand_015
2017-05-11 07:00:00,0.5104507579966491,7349.450426512117,cand_003
2017-05-11 07:00:00,0.5093902926608961,7349.959816804778,cand_009
2017-05-11 07:00:00,0.5222644599299877,7350.482081264708,cand_011
2017-05-11 07:00:00,0.5221548113343271,7351.004236076042,cand_013
2017-05-11 07:00:00,0.5271758785499405,7351.531411954592,cand_014
2017-05-11 07:00:00,0.49031404625585057,7352.021726000848,cand_014
2017-05-16 09:13:40,0.0,7352.021726000848,cand_003
2017-05-16 09:13:40,0.0,7352.021726000848,cand_007
2017-05-16 09:13:40,0.0,7352.021726000848,cand_009
2017-05-16 09:13:40,0.0,7352.021726000848,cand_011
2017-05-16 09:13:40,0.0,7352.021726000848,cand_013
2017-05-16 09:13:40,0.0,7352.021726000848,cand_014
2017-05-16 09:13:40,0.0,7352.021726000848,cand_014
2017-05-16 09:13:40,0.0,7352.021726000848,cand_015
2017-05-16 13:00:00,-15.38558637632253,7336.636139624525,cand_003
2017-05-16 13:00:00,-19.792201212653207,7316.843938411872,cand_007
2017-05-16 13:00:00,-15.353622703496658,7301.490315708375,cand_009
2017-05-16 13:00:00,-15.74166525106622,7285.748650457309,cand_011
2017-05-16 13:00:00,-15.73836031339466,7270.010290143914,cand_013
2017-05-16 13:00:00,-15.88970118641115,7254.120588957503,cand_014
2017-05-16 13:00:00,-14.778642194205755,7239.3419467632975,cand_014
2017-05-16 13:00:00,-18.216310829893075,7221.125635933405,cand_015
2017-05-22 07:00:00,0.5104507579966491,7221.636086691401,cand_003
2017-05-22 07:00:00,0.5093902926608961,7222.145476984062,cand_009
2017-05-22 07:00:00,0.5222644599299877,7222.667741443992,cand_011
2017-05-22 07:00:00,0.5221548113343271,7223.189896255326,cand_013
2017-05-22 07:00:00,0.5271758785499405,7223.717072133876,cand_014
2017-05-22 07:00:00,0.49031404625585057,7224.207386180132,cand_014
2017-05-24 07:00:00,0.5104507579966491,7224.717836938128,cand_003
2017-05-24 07:00:00,0.5093902926608961,7225.227227230789,cand_009
2017-05-24 07:00:00,0.5222644599299877,7225.749491690719,cand_011
2017-05-24 07:00:00,0.5221548113343271,7226.271646502053,cand_013
2017-05-24 07:00:00,0.5271758785499405,7226.798822380603,cand_014
2017-05-24 07:00:00,0.49031404625585057,7227.289136426859,cand_014
2017-05-26 08:02:40,0.0,7227.289136426859,cand_003
2017-05-26 08:02:40,0.0,7227.289136426859,cand_007
2017-05-26 08:02:40,0.0,7227.289136426859,cand_009
2017-05-26 08:02:40,0.0,7227.289136426859,cand_011
2017-05-26 08:02:40,0.0,7227.289136426859,cand_013
2017-05-26 08:02:40,0.0,7227.289136426859,cand_014
2017-05-26 08:02:40,0.0,7227.289136426859,cand_014
2017-05-26 08:02:40,0.0,7227.289136426859,cand_015
2017-05-26 13:00:00,23.865074262102162,7251.154210688961,cand_003
2017-05-26 13:00:00,30.700315229931245,7281.854525918892,cand_007
2017-05-26 13:00:00,23.815494388640015,7305.6700203075325,cand_009
2017-05-26 13:00:00,24.4173995736679,7330.087419881201,cand_011
2017-05-26 13:00:00,24.412273179324895,7354.499693060526,cand_013
2017-05-26 13:00:00,24.647022839499577,7379.146715900025,cand_014
2017-05-26 13:00:00,22.92362376259706,7402.070339662622,cand_014
2017-05-26 13:00:00,28.255901341918456,7430.326241004541,cand_015
2017-05-31 07:00:00,0.5104507579966491,7430.836691762537,cand_003
2017-05-31 07:00:00,0.6566499231364257,7431.493341685674,cand_007
2017-05-31 07:00:00,0.5093902926608961,7432.002731978335,cand_009
2017-05-31 07:00:00,0.5222644599299877,7432.524996438265,cand_011
2017-05-31 07:00:00,0.5221548113343271,7433.047151249599,cand_013
2017-05-31 07:00:00,0.5271758785499405,7433.574327128149,cand_014
2017-05-31 07:00:00,0.49031404625585057,7434.064641174405,cand_014
2017-05-31 07:00:00,0.604366284364134,7434.669007458769,cand_015
2017-06-01 07:00:00,0.5104507579966491,7435.179458216765,cand_003
2017-06-01 07:00:00,0.5093902926608961,7435.688848509426,cand_009
2017-06-01 07:00:00,0.5222644599299877,7436.211112969356,cand_011
2017-06-01 07:00:00,0.5221548113343271,7436.73326778069,cand_013
2017-06-01 07:00:00,0.5271758785499405,7437.26044365924,cand_014
2017-06-02 07:00:00,0.5104507579966491,7437.770894417236,cand_003
2017-06-02 07:00:00,0.5093902926608961,7438.280284709897,cand_009
2017-06-02 07:00:00,0.5222644599299877,7438.802549169827,cand_011
2017-06-02 07:00:00,0.5221548113343271,7439.324703981161,cand_013
2017-06-02 07:00:00,0.5271758785499405,7439.8518798597115,cand_014
2017-06-06 09:50:40,0.0,7439.8518798597115,cand_003
2017-06-06 09:50:40,0.0,7439.8518798597115,cand_007
2017-06-06 09:50:40,0.0,7439.8518798597115,cand_009
2017-06-06 09:50:40,0.0,7439.8518798597115,cand_011
2017-06-06 09:50:40,0.0,7439.8518798597115,cand_013
2017-06-06 09:50:40,0.0,7439.8518798597115,cand_014
2017-06-06 09:50:40,0.0,7439.8518798597115,cand_014
2017-06-06 09:50:40,0.0,7439.8518798597115,cand_015
2017-06-06 13:00:00,-6.840040157155099,7433.011839702556,cand_003
2017-06-06 13:00:00,-8.799108970028104,7424.212730732528,cand_007
2017-06-06 13:00:00,-6.825829921656009,7417.386900810872,cand_009
2017-06-06 13:00:00,-6.998343763061836,7410.3885570478105,cand_011
2017-06-06 13:00:00,-6.996874471879983,7403.391682575931,cand_013
2017-06-06 13:00:00,-7.064156772569204,7396.327525803362,cand_014
2017-06-06 13:00:00,-6.570208219828398,7389.757317583533,cand_014
2017-06-06 13:00:00,-8.098508210479396,7381.658809373053,cand_015
2017-06-08 07:00:00,0.5104507579966491,7382.16926013105,cand_003
2017-06-08 07:00:00,0.5093902926608961,7382.678650423711,cand_009
2017-06-08 07:00:00,0.5222644599299877,7383.2009148836405,cand_011
2017-06-08 07:00:00,0.5221548113343271,7383.723069694975,cand_013
2017-06-08 07:00:00,0.5271758785499405,7384.250245573525,cand_014
2017-06-09 07:00:00,0.5104507579966491,7384.760696331521,cand_003
2017-06-09 07:00:00,0.5093902926608961,7385.270086624182,cand_009
2017-06-09 07:00:00,0.5222644599299877,7385.792351084112,cand_011
2017-06-09 07:00:00,0.5221548113343271,7386.314505895446,cand_013
2017-06-09 07:00:00,0.5271758785499405,7386.841681773996,cand_014
2017-06-09 09:52:40,0.0,7386.841681773996,cand_003
2017-06-09 09:52:40,0.0,7386.841681773996,cand_009
2017-06-09 09:52:40,0.0,7386.841681773996,cand_011
2017-06-09 09:52:40,0.0,7386.841681773996,cand_013
2017-06-09 09:52:40,0.0,7386.841681773996,cand_014
2017-06-09 13:00:00,-4.840274246415285,7382.001407527581,cand_003
2017-06-09 13:00:00,-4.830218539819792,7377.1711889877615,cand_009
2017-06-09 13:00:00,-4.952295937689061,7372.218893050072,cand_011
2017-06-09 13:00:00,-4.951256211005502,7367.267636839067,cand_013
2017-06-09 13:00:00,-4.998867742485319,7362.268769096581,cand_014
2017-06-12 07:00:00,0.5104507579966491,7362.779219854578,cand_003
2017-06-12 07:00:00,0.5093902926608961,7363.288610147239,cand_009
2017-06-12 07:00:00,0.5222644599299877,7363.810874607168,cand_011
2017-06-12 07:00:00,0.5221548113343271,7364.3330294185025,cand_013
2017-06-12 07:00:00,0.5271758785499405,7364.860205297053,cand_014
2017-06-12 07:00:00,0.49031404625585057,7365.350519343308,cand_014
2017-06-16 07:00:00,0.5104507579966491,7365.860970101305,cand_003
2017-06-16 07:00:00,0.5093902926608961,7366.370360393966,cand_009
2017-06-16 07:00:00,0.5222644599299877,7366.8926248538955,cand_011
2017-06-16 07:00:00,0.5221548113343271,7367.41477966523,cand_013
2017-06-16 07:00:00,0.5271758785499405,7367.94195554378,cand_014
2017-06-16 09:42:40,0.0,7367.94195554378,cand_003
2017-06-16 09:42:40,0.0,7367.94195554378,cand_009
2017-06-16 09:42:40,0.0,7367.94195554378,cand_011
2017-06-16 09:42:40,0.0,7367.94195554378,cand_013
2017-06-16 09:42:40,0.0,7367.94195554378,cand_014
2017-06-16 13:00:00,-4.260762503513206,7363.681193040266,cand_003
2017-06-16 13:00:00,-4.251910736975362,7359.429282303291,cand_009
2017-06-16 13:00:00,-4.359372168474427,7355.069910134816,cand_011
2017-06-16 13:00:00,-4.35845692519653,7350.71145320962,cand_013
2017-06-16 13:00:00,-4.400368068602151,7346.311085141018,cand_014
2017-06-19 07:00:00,0.5104507579966491,7346.821535899015,cand_003
2017-06-19 07:00:00,0.6566499231364257,7347.478185822151,cand_007
2017-06-19 07:00:00,0.5093902926608961,7347.987576114812,cand_009
2017-06-19 07:00:00,0.5222644599299877,7348.509840574742,cand_011
2017-06-19 07:00:00,0.5221548113343271,7349.031995386076,cand_013
2017-06-19 07:00:00,0.5271758785499405,7349.5591712646265,cand_014
2017-06-19 07:00:00,0.49031404625585057,7350.049485310882,cand_014
2017-06-19 07:00:00,0.604366284364134,7350.653851595246,cand_015
2017-06-20 07:00:00,0.5104507579966491,7351.164302353242,cand_003
2017-06-20 07:00:00,0.5093902926608961,7351.673692645903,cand_009
2017-06-20 07:00:00,0.5222644599299877,7352.195957105833,cand_011
2017-06-20 07:00:00,0.5221548113343271,7352.718111917167,cand_013
2017-06-20 07:00:00,0.5271758785499405,7353.245287795718,cand_014
2017-06-20 07:00:00,0.604366284364134,7353.849654080082,cand_015
2017-06-27 07:00:00,0.5104507579966491,7354.360104838078,cand_003
2017-06-27 07:00:00,0.5093902926608961,7354.869495130739,cand_009
2017-06-27 07:00:00,0.5222644599299877,7355.391759590669,cand_011
2017-06-27 07:00:00,0.5221548113343271,7355.913914402003,cand_013
2017-06-27 07:00:00,0.5271758785499405,7356.441090280553,cand_014
2017-06-28 07:00:00,0.5104507579966491,7356.951541038549,cand_003
2017-06-28 07:00:00,0.6566499231364257,7357.608190961686,cand_007
2017-06-28 07:00:00,0.5093902926608961,7358.117581254347,cand_009
2017-06-28 07:00:00,0.5222644599299877,7358.639845714277,cand_011
2017-06-28 07:00:00,0.5221548113343271,7359.162000525611,cand_013
2017-06-28 07:00:00,0.5271758785499405,7359.689176404161,cand_014
2017-06-28 07:00:00,0.604366284364134,7360.293542688525,cand_015
2017-07-03 07:00:00,0.5104507579966491,7360.803993446521,cand_003
2017-07-03 07:00:00,0.6566499231364257,7361.460643369658,cand_007
2017-07-03 07:00:00,0.5093902926608961,7361.970033662319,cand_009
2017-07-03 07:00:00,0.5222644599299877,7362.492298122249,cand_011
2017-07-03 07:00:00,0.5221548113343271,7363.014452933583,cand_013
2017-07-03 07:00:00,0.5271758785499405,7363.541628812133,cand_014
2017-07-03 07:00:00,0.49031404625585057,7364.031942858389,cand_014
2017-07-03 07:00:00,0.604366284364134,7364.636309142753,cand_015
2017-07-04 07:00:00,0.5104507579966491,7365.146759900749,cand_003
2017-07-04 07:00:00,0.6566499231364257,7365.803409823886,cand_007
2017-07-04 07:00:00,0.5093902926608961,7366.312800116547,cand_009
2017-07-04 07:00:00,0.5222644599299877,7366.835064576477,cand_011
2017-07-04 07:00:00,0.5221548113343271,7367.357219387811,cand_013
2017-07-04 07:00:00,0.5271758785499405,7367.884395266361,cand_014
2017-07-04 07:00:00,0.49031404625585057,7368.374709312617,cand_014
2017-07-04 07:00:00,0.604366284364134,7368.979075596981,cand_015
2017-07-05 07:00:00,0.5104507579966491,7369.489526354977,cand_003
2017-07-05 07:00:00,0.6566499231364257,7370.146176278114,cand_007
2017-07-05 07:00:00,0.5093902926608961,7370.655566570775,cand_009
2017-07-05 07:00:00,0.5222644599299877,7371.1778310307045,cand_011
2017-07-05 07:00:00,0.5221548113343271,7371.699985842039,cand_013
2017-07-05 07:00:00,0.5271758785499405,7372.227161720589,cand_014
2017-07-05 07:00:00,0.49031404625585057,7372.7174757668445,cand_014
2017-07-05 07:00:00,0.604366284364134,7373.3218420512085,cand_015
2017-07-07 07:00:00,0.5104507579966491,7373.832292809205,cand_003
2017-07-07 07:00:00,0.5093902926608961,7374.341683101866,cand_009
2017-07-07 07:00:00,0.5222644599299877,7374.863947561796,cand_011
2017-07-07 07:00:00,0.5221548113343271,7375.38610237313,cand_013
2017-07-07 07:00:00,0.5271758785499405,7375.91327825168,cand_014
2017-07-07 07:00:00,0.49031404625585057,7376.403592297936,cand_014
2017-07-10 07:00:00,0.5104507579966491,7376.914043055932,cand_003
2017-07-10 07:00:00,0.5093902926608961,7377.423433348593,cand_009
2017-07-10 07:00:00,0.5222644599299877,7377.945697808523,cand_011
2017-07-10 07:00:00,0.5221548113343271,7378.467852619857,cand_013
2017-07-10 07:00:00,0.5271758785499405,7378.995028498407,cand_014
2017-07-10 07:00:00,0.49031404625585057,7379.485342544663,cand_014
2017-07-14 07:00:00,0.5104507579966491,7379.995793302659,cand_003
2017-07-14 07:00:00,0.6566499231364257,7380.652443225796,cand_007
2017-07-14 07:00:00,0.5093902926608961,7381.161833518457,cand_009
2017-07-14 07:00:00,0.5222644599299877,7381.6840979783865,cand_011
2017-07-14 07:00:00,0.5221548113343271,7382.206252789721,cand_013
2017-07-14 07:00:00,0.5271758785499405,7382.733428668271,cand_014
2017-07-14 07:00:00,0.49031404625585057,7383.223742714526,cand_014
2017-07-14 07:00:00,0.604366284364134,7383.8281089988905,cand_015
2017-07-20 07:00:00,0.5104507579966491,7384.338559756887,cand_003
2017-07-20 07:00:00,0.5093902926608961,7384.847950049548,cand_009
2017-07-20 07:00:00,0.5222644599299877,7385.370214509478,cand_011
2017-07-20 07:00:00,0.5221548113343271,7385.892369320812,cand_013
2017-07-20 07:00:00,0.5271758785499405,7386.419545199362,cand_014
2017-07-20 07:00:00,0.49031404625585057,7386.909859245618,cand_014
2017-07-25 09:06:40,0.0,7386.909859245618,cand_003
2017-07-25 09:06:40,0.0,7386.909859245618,cand_007
2017-07-25 09:06:40,0.0,7386.909859245618,cand_009
2017-07-25 09:06:40,0.0,7386.909859245618,cand_011
2017-07-25 09:06:40,0.0,7386.909859245618,cand_013
2017-07-25 09:06:40,0.0,7386.909859245618,cand_014
2017-07-25 09:06:40,0.0,7386.909859245618,cand_014
2017-07-25 09:06:40,0.0,7386.909859245618,cand_015
2017-07-25 12:59:40,33.471156997295566,7420.381016242913,cand_003
2017-07-25 12:59:40,-31.407734874382054,7388.9732813685305,cand_003
2017-07-25 12:59:40,43.057694254037436,7432.030975622568,cand_007
2017-07-25 12:59:40,-40.4032835059236,7391.6276921166445,cand_007
2017-07-25 12:59:40,-31.342485066076314,7360.285207050568,cand_009
2017-07-25 12:59:40,33.40162041382083,7393.686827464388,cand_009
2017-07-25 12:59:40,-32.13462500510395,7361.552202459285,cand_011
2017-07-25 12:59:40,34.24580228077388,7395.798004740059,cand_011
2017-07-25 12:59:40,34.238612428858886,7430.0366171689175,cand_013
2017-07-25 12:59:40,-32.12787839151213,7397.908738777405,cand_013
2017-07-25 12:59:40,34.567852666893515,7432.476591444299,cand_014
2017-07-25 12:59:40,-32.43682170371987,7400.039769740579,cand_014
2017-07-25 12:59:40,32.15075727307775,7432.190527013657,cand_014
2017-07-25 12:59:40,-30.168734846095273,7402.021792167561,cand_014
2017-07-25 12:59:40,-37.186301967346125,7364.835490200215,cand_015
2017-07-25 12:59:40,39.62936379449338,7404.464853994708,cand_015
2017-08-02 07:00:00,0.5104507579966491,7404.975304752705,cand_003
2017-08-02 07:00:00,0.6566499231364257,7405.631954675841,cand_007
2017-08-02 07:00:00,0.5093902926608961,7406.141344968502,cand_009
2017-08-02 07:00:00,0.5222644599299877,7406.663609428432,cand_011
2017-08-02 07:00:00,0.5221548113343271,7407.185764239766,cand_013
2017-08-02 07:00:00,0.5271758785499405,7407.7129401183165,cand_014
2017-08-02 07:00:00,0.49031404625585057,7408.203254164572,cand_014
2017-08-02 07:00:00,0.604366284364134,7408.807620448936,cand_015
2017-08-02 07:00:40,0.0,7408.807620448936,cand_003
2017-08-02 07:00:40,0.0,7408.807620448936,cand_007
2017-08-02 07:00:40,0.0,7408.807620448936,cand_009
2017-08-02 07:00:40,0.0,7408.807620448936,cand_011
2017-08-02 07:00:40,0.0,7408.807620448936,cand_013
2017-08-02 07:00:40,0.0,7408.807620448936,cand_014
2017-08-02 07:00:40,0.0,7408.807620448936,cand_014
2017-08-02 07:00:40,0.0,7408.807620448936,cand_015
2017-08-02 13:00:00,-3.0356806843212483,7405.771939764615,cand_003
2017-08-02 13:00:00,-3.90513571935839,7401.866804045257,cand_007
2017-08-02 13:00:00,-3.0293740345892117,7398.837430010667,cand_009
2017-08-02 13:00:00,-3.1059374646424565,7395.731492546025,cand_011
2017-08-02 13:00:00,-3.105285377994145,7392.626207168031,cand_013
2017-08-02 13:00:00,-3.1351459600822933,7389.491061207949,cand_014
2017-08-02 13:00:00,-2.915926475086264,7386.575134732863,cand_014
2017-08-02 13:00:00,-3.5942018440714087,7382.980932888792,cand_015
2017-08-03 07:00:00,0.5104507579966491,7383.491383646789,cand_003
2017-08-03 07:00:00,0.5093902926608961,7384.00077393945,cand_009
2017-08-03 07:00:00,0.5222644599299877,7384.523038399379,cand_011
2017-08-03 07:00:00,0.5221548113343271,7385.0451932107135,cand_013
2017-08-03 07:00:00,0.5271758785499405,7385.572369089264,cand_014
2017-08-03 07:00:00,0.49031404625585057,7386.062683135519,cand_014
2017-08-14 07:00:00,0.5104507579966491,7386.573133893516,cand_003
2017-08-14 07:00:00,0.6566499231364257,7387.229783816652,cand_007
2017-08-14 07:00:00,0.5093902926608961,7387.739174109313,cand_009
2017-08-14 07:00:00,0.5222644599299877,7388.261438569243,cand_011
2017-08-14 07:00:00,0.5221548113343271,7388.783593380577,cand_013
2017-08-14 07:00:00,0.5271758785499405,7389.3107692591275,cand_014
2017-08-14 07:00:00,0.49031404625585057,7389.801083305383,cand_014
2017-08-14 07:00:00,0.604366284364134,7390.405449589747,cand_015
2017-08-14 07:10:40,0.0,7390.405449589747,cand_003
2017-08-14 07:10:40,0.0,7390.405449589747,cand_007
2017-08-14 07:10:40,0.0,7390.405449589747,cand_009
2017-08-14 07:10:40,0.0,7390.405449589747,cand_011
2017-08-14 07:10:40,0.0,7390.405449589747,cand_013
2017-08-14 07:10:40,0.0,7390.405449589747,cand_014
2017-08-14 07:10:40,0.0,7390.405449589747,cand_014
2017-08-14 07:10:40,0.0,7390.405449589747,cand_015
2017-08-14 13:00:00,2.080837501715752,7392.486287091463,cand_003
2017-08-14 13:00:00,2.676814098432606,7395.163101189895,cand_007
2017-08-14 13:00:00,2.076514545964712,7397.23961573586,cand_009
2017-08-14 13:00:00,2.1289957101851855,7399.368611446045,cand_011
2017-08-14 13:00:00,2.1285487309099334,7401.497160176955,cand_013
2017-08-14 13:00:00,2.149016963735934,7403.646177140691,cand_014
2017-08-14 13:00:00,1.9987507885606142,7405.644927929252,cand_014
2017-08-14 13:00:00,2.4636813827314406,7408.108609311983,cand_015
2017-08-15 07:00:00,0.5104507579966491,7408.619060069979,cand_003
2017-08-15 07:00:00,0.6566499231364257,7409.275709993116,cand_007
2017-08-15 07:00:00,0.5093902926608961,7409.785100285777,cand_009
2017-08-15 07:00:00,0.5222644599299877,7410.307364745707,cand_011
2017-08-15 07:00:00,0.5221548113343271,7410.829519557041,cand_013
2017-08-15 07:00:00,0.5271758785499405,7411.356695435591,cand_014
2017-08-15 07:00:00,0.49031404625585057,7411.847009481847,cand_014
2017-08-15 07:00:00,0.604366284364134,7412.451375766211,cand_015
2017-08-15 08:30:40,0.0,7412.451375766211,cand_003
2017-08-15 08:30:40,0.0,7412.451375766211,cand_007
2017-08-15 08:30:40,0.0,7412.451375766211,cand_009
2017-08-15 08:30:40,0.0,7412.451375766211,cand_011
2017-08-15 08:30:40,0.0,7412.451375766211,cand_013
2017-08-15 08:30:40,0.0,7412.451375766211,cand_014
2017-08-15 08:30:40,0.0,7412.451375766211,cand_014
2017-08-15 08:30:40,0.0,7412.451375766211,cand_015
2017-08-15 13:00:00,1.0329121220638076,7413.484287888275,cand_003
2017-08-15 13:00:00,1.3287504326995907,7414.813038320975,cand_007
2017-08-15 13:00:00,1.0307662392667545,7415.843804560242,cand_009
2017-08-15 13:00:00,1.05681749538774,7416.900622055629,cand_011
2017-08-15 13:00:00,1.0565956182294618,7417.957217673858,cand_013
2017-08-15 13:00:00,1.0667558954187033,7419.023973569277,cand_014
2017-08-15 13:00:00,0.9921648936000741,7420.016138462876,cand_014
2017-08-15 13:00:00,1.222952951889777,7421.239091414766,cand_015
2017-08-18 09:51:40,0.0,7421.239091414766,cand_003
2017-08-18 09:51:40,0.0,7421.239091414766,cand_009
2017-08-18 09:51:40,0.0,7421.239091414766,cand_011
2017-08-18 09:51:40,0.0,7421.239091414766,cand_013
2017-08-18 09:51:40,0.0,7421.239091414766,cand_014
2017-08-18 09:51:40,0.0,7421.239091414766,cand_014
2017-08-18 13:00:00,0.11109810615221187,7421.350189520918,cand_003
2017-08-18 13:00:00,0.11086729899090092,7421.46105681991,cand_009
2017-08-18 13:00:00,0.11366932363182086,7421.574726143542,cand_011
2017-08-18 13:00:00,0.11364545893747119,7421.6883716024795,cand_013
2017-08-18 13:00:00,0.11473827944910471,7421.803109881928,cand_014
2017-08-18 13:00:00,0.10671541006744982,7421.909825291996,cand_014
2017-08-22 07:00:00,0.5104507579966491,7422.420276049992,cand_003
2017-08-22 07:00:00,0.6566499231364257,7423.076925973129,cand_007
2017-08-22 07:00:00,0.5093902926608961,7423.58631626579,cand_009
2017-08-22 07:00:00,0.5222644599299877,7424.10858072572,cand_011
2017-08-22 07:00:00,0.5221548113343271,7424.630735537054,cand_013
2017-08-22 07:00:00,0.5271758785499405,7425.157911415604,cand_014
2017-08-22 07:00:00,0.49031404625585057,7425.6482254618595,cand_014
2017-08-22 07:00:00,0.604366284364134,7426.2525917462235,cand_015
2017-08-23 07:00:00,0.5104507579966491,7426.76304250422,cand_003
2017-08-23 07:00:00,0.6566499231364257,7427.4196924273565,cand_007
2017-08-23 07:00:00,0.5093902926608961,7427.9290827200175,cand_009
2017-08-23 07:00:00,0.5222644599299877,7428.451347179947,cand_011
2017-08-23 07:00:00,0.5221548113343271,7428.973501991281,cand_013
2017-08-23 07:00:00,0.5271758785499405,7429.500677869832,cand_014
2017-08-23 07:00:00,0.49031404625585057,7429.990991916087,cand_014
2017-08-23 07:00:00,0.604366284364134,7430.595358200451,cand_015
2017-08-25 07:00:00,0.5104507579966491,7431.105808958448,cand_003
2017-08-25 07:00:00,0.5093902926608961,7431.615199251109,cand_009
2017-08-25 07:00:00,0.5222644599299877,7432.137463711038,cand_011
2017-08-25 07:00:00,0.5221548113343271,7432.6596185223725,cand_013
2017-08-25 07:00:00,0.5271758785499405,7433.186794400923,cand_014
2017-08-30 07:00:00,0.5104507579966491,7433.697245158919,cand_003
2017-08-30 07:00:00,0.5093902926608961,7434.20663545158,cand_009
2017-08-30 07:00:00,0.5222644599299877,7434.72889991151,cand_011
2017-08-30 07:00:00,0.5221548113343271,7435.251054722844,cand_013
2017-08-30 07:00:00,0.5271758785499405,7435.778230601394,cand_014
2017-08-30 07:00:00,0.49031404625585057,7436.26854464765,cand_014
2017-08-30 09:16:40,0.0,7436.26854464765,cand_003
2017-08-30 09:16:40,0.0,7436.26854464765,cand_009
2017-08-30 09:16:40,0.0,7436.26854464765,cand_011
2017-08-30 09:16:40,0.0,7436.26854464765,cand_013
2017-08-30 09:16:40,0.0,7436.26854464765,cand_014
2017-08-30 09:16:40,0.0,7436.26854464765,cand_014
2017-08-30 13:00:00,-8.90886705280034,7427.35967759485,cand_003
2017-08-30 13:00:00,-8.890358813675759,7418.4693187811745,cand_009
2017-08-30 13:00:00,-9.115050897719257,7409.354267883456,cand_011
2017-08-30 13:00:00,-9.113137207229109,7400.241130676226,cand_013
2017-08-30 13:00:00,-9.200769597986316,7391.04036107824,cand_014
2017-08-30 13:00:00,-8.55742220730064,7382.482938870939,cand_014
2017-08-31 07:00:00,0.5104507579966491,7382.993389628935,cand_003
2017-08-31 07:00:00,0.5093902926608961,7383.502779921596,cand_009
2017-08-31 07:00:00,0.5222644599299877,7384.025044381526,cand_011
2017-08-31 07:00:00,0.5221548113343271,7384.54719919286,cand_013
2017-08-31 07:00:00,0.5271758785499405,7385.07437507141,cand_014
2017-09-08 08:00:40,0.0,7385.07437507141,cand_003
2017-09-08 08:00:40,0.0,7385.07437507141,cand_007
2017-09-08 08:00:40,0.0,7385.07437507141,cand_009
2017-09-08 08:00:40,0.0,7385.07437507141,cand_011
2017-09-08 08:00:40,0.0,7385.07437507141,cand_013
2017-09-08 08:00:40,0.0,7385.07437507141,cand_014
2017-09-08 08:00:40,0.0,7385.07437507141,cand_014
2017-09-08 08:00:40,0.0,7385.07437507141,cand_015
2017-09-08 13:00:00,11.09479735763305,7396.169172429043,cand_003
2017-09-08 13:00:00,14.272479211700547,7410.441651640744,cand_007
2017-09-08 13:00:00,11.071747831658891,7421.513399472403,cand_009
2017-09-08 13:00:00,11.351571643772383,7432.864971116175,cand_011
2017-09-08 13:00:00,11.34918839929611,7444.214159515472,cand_013
2017-09-08 13:00:00,11.458322772011945,7455.672482287484,cand_014
2017-09-08 13:00:00,10.657120005384517,7466.329602292869,cand_014
2017-09-08 13:00:00,13.136078945443973,7479.465681238313,cand_015
2017-09-11 07:00:00,0.5104507579966491,7479.976131996309,cand_003
2017-09-11 07:00:00,0.5093902926608961,7480.48552228897,cand_009
2017-09-11 07:00:00,0.5222644599299877,7481.0077867489,cand_011
2017-09-11 07:00:00,0.5221548113343271,7481.529941560234,cand_013
2017-09-11 07:00:00,0.5271758785499405,7482.057117438784,cand_014
2017-09-11 07:00:00,0.49031404625585057,7482.54743148504,cand_014
2017-09-12 07:00:00,0.5104507579966491,7483.057882243036,cand_003
2017-09-12 07:00:00,0.5093902926608961,7483.567272535697,cand_009
2017-09-12 07:00:00,0.5222644599299877,7484.089536995627,cand_011
2017-09-12 07:00:00,0.5221548113343271,7484.611691806961,cand_013
2017-09-12 07:00:00,0.5271758785499405,7485.138867685511,cand_014
2017-09-12 07:00:00,0.49031404625585057,7485.629181731767,cand_014
2017-09-13 07:00:00,0.5104507579966491,7486.139632489763,cand_003
2017-09-13 07:00:00,0.5093902926608961,7486.649022782424,cand_009
2017-09-13 07:00:00,0.5222644599299877,7487.171287242354,cand_011
2017-09-13 07:00:00,0.5221548113343271,7487.693442053688,cand_013
2017-09-13 07:00:00,0.5271758785499405,7488.220617932238,cand_014
2017-09-13 07:00:00,0.49031404625585057,7488.710931978494,cand_014
2017-09-14 07:00:00,0.5104507579966491,7489.22138273649,cand_003
2017-09-14 07:00:00,0.5093902926608961,7489.730773029151,cand_009
2017-09-14 07:00:00,0.5222644599299877,7490.253037489081,cand_011
2017-09-14 07:00:00,0.5221548113343271,7490.775192300415,cand_013
2017-09-14 07:00:00,0.5271758785499405,7491.3023681789655,cand_014
2017-09-14 07:00:00,0.49031404625585057,7491.792682225221,cand_014
2017-09-15 07:00:00,0.5104507579966491,7492.303132983217,cand_003
2017-09-15 07:00:00,0.5093902926608961,7492.812523275878,cand_009
2017-09-15 07:00:00,0.5222644599299877,7493.334787735808,cand_011
2017-09-15 07:00:00,0.5221548113343271,7493.856942547142,cand_013
2017-09-15 07:00:00,0.5271758785499405,7494.384118425693,cand_014
2017-09-15 07:00:00,0.49031404625585057,7494.874432471948,cand_014
2017-09-15 09:13:40,0.0,7494.874432471948,cand_003
2017-09-15 09:13:40,0.0,7494.874432471948,cand_009
2017-09-15 09:13:40,0.0,7494.874432471948,cand_011
2017-09-15 09:13:40,0.0,7494.874432471948,cand_013
2017-09-15 09:13:40,0.0,7494.874432471948,cand_014
2017-09-15 09:13:40,0.0,7494.874432471948,cand_014
2017-09-15 13:00:00,35.581420483884074,7530.455852955833,cand_003
2017-09-15 13:00:00,35.5074998119507,7565.963352767783,cand_009
2017-09-15 13:00:00,36.40490500100209,7602.368257768785,cand_011
2017-09-15 13:00:00,36.3972618488928,7638.7655196176775,cand_013
2017-09-15 13:00:00,36.74725976951056,7675.512779387188,cand_014
2017-09-15 13:00:00,34.17777322430488,7709.690552611492,cand_014
2017-09-18 07:00:00,0.5104507579966491,7710.201003369489,cand_003
2017-09-18 07:00:00,0.5093902926608961,7710.71039366215,cand_009
2017-09-18 07:00:00,0.5222644599299877,7711.23265812208,cand_011
2017-09-18 07:00:00,0.5221548113343271,7711.754812933414,cand_013
2017-09-18 07:00:00,0.5271758785499405,7712.281988811964,cand_014
2017-09-18 09:43:40,0.0,7712.281988811964,cand_003
2017-09-18 09:43:40,0.0,7712.281988811964,cand_009
2017-09-18 09:43:40,0.0,7712.281988811964,cand_011
2017-09-18 09:43:40,0.0,7712.281988811964,cand_013
2017-09-18 09:43:40,0.0,7712.281988811964,cand_014
2017-09-18 13:00:00,-5.77409886839739,7706.507889943567,cand_003
2017-09-18 13:00:00,-5.762103134040608,7700.745786809526,cand_009
2017-09-18 13:00:00,-5.9077326849727445,7694.838054124553,cand_011
2017-09-18 13:00:00,-5.9064923658583,7688.931561758695,cand_013
2017-09-18 13:00:00,-5.96328949677374,7682.968272261922,cand_014
2017-09-21 07:00:00,0.5104507579966491,7683.478723019918,cand_003
2017-09-21 07:00:00,0.5093902926608961,7683.988113312579,cand_009
2017-09-21 07:00:00,0.5222644599299877,7684.510377772509,cand_011
2017-09-21 07:00:00,0.5221548113343271,7685.032532583843,cand_013
2017-09-21 07:00:00,0.5271758785499405,7685.559708462393,cand_014
2017-09-25 07:00:00,0.5104507579966491,7686.0701592203895,cand_003
2017-09-25 07:00:00,0.6566499231364257,7686.726809143526,cand_007
2017-09-25 07:00:00,0.5093902926608961,7687.236199436187,cand_009
2017-09-25 07:00:00,0.5222644599299877,7687.758463896117,cand_011
2017-09-25 07:00:00,0.5221548113343271,7688.280618707451,cand_013
2017-09-25 07:00:00,0.5271758785499405,7688.807794586001,cand_014
2017-09-25 07:00:00,0.49031404625585057,7689.298108632257,cand_014
2017-09-25 07:00:00,0.604366284364134,7689.902474916621,cand_015
2017-09-27 07:00:00,0.5104507579966491,7690.412925674617,cand_003
2017-09-27 07:00:00,0.5093902926608961,7690.922315967278,cand_009
2017-09-27 07:00:00,0.5222644599299877,7691.444580427208,cand_011
2017-09-27 07:00:00,0.5221548113343271,7691.966735238542,cand_013
2017-09-27 07:00:00,0.5271758785499405,7692.4939111170925,cand_014
2017-09-27 09:57:40,0.0,7692.4939111170925,cand_003
2017-09-27 09:57:40,0.0,7692.4939111170925,cand_009
2017-09-27 09:57:40,0.0,7692.4939111170925,cand_011
2017-09-27 09:57:40,0.0,7692.4939111170925,cand_013
2017-09-27 09:57:40,0.0,7692.4939111170925,cand_014
2017-09-27 13:00:00,8.674660234425408,7701.168571351518,cand_003
2017-09-27 13:00:00,8.656638561748995,7709.825209913267,cand_009
2017-09-27 13:00:00,8.875423674927852,7718.700633588195,cand_011
2017-09-27 13:00:00,8.873560293793359,7727.574193881988,cand_013
2017-09-27 13:00:00,8.958888900769285,7736.533082782757,cand_014
2017-09-28 07:00:00,0.5104507579966491,7737.043533540754,cand_003
2017-09-28 07:00:00,0.6566499231364257,7737.70018346389,cand_007
2017-09-28 07:00:00,0.5093902926608961,7738.209573756551,cand_009
2017-09-28 07:00:00,0.5222644599299877,7738.731838216481,cand_011
2017-09-28 07:00:00,0.5221548113343271,7739.253993027815,cand_013
2017-09-28 07:00:00,0.5271758785499405,7739.781168906366,cand_014
2017-09-28 07:00:00,0.49031404625585057,7740.271482952621,cand_014
2017-09-28 07:00:00,0.604366284364134,7740.875849236985,cand_015
2017-09-28 09:03:40,0.0,7740.875849236985,cand_003
2017-09-28 09:03:40,0.0,7740.875849236985,cand_007
2017-09-28 09:03:40,0.0,7740.875849236985,cand_009
2017-09-28 09:03:40,0.0,7740.875849236985,cand_011
2017-09-28 09:03:40,0.0,7740.875849236985,cand_013
2017-09-28 09:03:40,0.0,7740.875849236985,cand_014
2017-09-28 09:03:40,0.0,7740.875849236985,cand_014
2017-09-28 09:03:40,0.0,7740.875849236985,cand_015
2017-09-28 13:00:00,-25.62162539991416,7715.254223837071,cand_003
2017-09-28 13:00:00,-32.95996349484189,7682.294260342229,cand_007
2017-09-28 13:00:00,-25.568396278090745,7656.7258640641385,cand_009
2017-09-28 13:00:00,-26.214603744603444,7630.511260319535,cand_011
2017-09-28 13:00:00,-26.20910003009302,7604.302160289441,cand_013
2017-09-28 13:00:00,-26.46112806862731,7577.841032220814,cand_014
2017-09-28 13:00:00,-24.610880921771603,7553.2301512990425,cand_014
2017-09-28 13:00:00,-30.33563237928915,7522.894518919753,cand_015
2017-09-29 07:00:00,0.5104507579966491,7523.404969677749,cand_003
2017-09-29 07:00:00,0.6566499231364257,7524.061619600886,cand_007
2017-09-29 07:00:00,0.5093902926608961,7524.571009893547,cand_009
2017-09-29 07:00:00,0.5222644599299877,7525.093274353477,cand_011
2017-09-29 07:00:00,0.5221548113343271,7525.615429164811,cand_013
2017-09-29 07:00:00,0.5271758785499405,7526.142605043361,cand_014
2017-09-29 07:00:00,0.49031404625585057,7526.632919089617,cand_014
2017-09-29 07:00:00,0.604366284364134,7527.237285373981,cand_015
2017-10-02 07:00:00,0.5104507579966491,7527.747736131977,cand_003
2017-10-02 07:00:00,0.5093902926608961,7528.257126424638,cand_009
2017-10-02 07:00:00,0.5222644599299877,7528.779390884568,cand_011
2017-10-02 07:00:00,0.5221548113343271,7529.301545695902,cand_013
2017-10-02 07:00:00,0.5271758785499405,7529.828721574452,cand_014
2017-10-02 07:00:00,0.604366284364134,7530.433087858816,cand_015
2017-10-03 07:00:00,0.5104507579966491,7530.9435386168125,cand_003
2017-10-03 07:00:00,0.6566499231364257,7531.600188539949,cand_007
2017-10-03 07:00:00,0.5093902926608961,7532.10957883261,cand_009
2017-10-03 07:00:00,0.5222644599299877,7532.63184329254,cand_011
2017-10-03 07:00:00,0.5221548113343271,7533.153998103874,cand_013
2017-10-03 07:00:00,0.5271758785499405,7533.681173982424,cand_014
2017-10-03 07:00:00,0.49031404625585057,7534.17148802868,cand_014
2017-10-03 07:00:00,0.604366284364134,7534.775854313044,cand_015
2017-10-17 07:00:00,0.5104507579966491,7535.28630507104,cand_003
2017-10-17 07:00:00,0.6566499231364257,7535.942954994177,cand_007
2017-10-17 07:00:00,0.5093902926608961,7536.452345286838,cand_009
2017-10-17 07:00:00,0.5222644599299877,7536.974609746768,cand_011
2017-10-17 07:00:00,0.5221548113343271,7537.496764558102,cand_013
2017-10-17 07:00:00,0.5271758785499405,7538.023940436652,cand_014
2017-10-17 07:00:00,0.49031404625585057,7538.514254482908,cand_014
2017-10-17 07:00:00,0.604366284364134,7539.118620767272,cand_015
2017-10-20 07:00:00,0.5104507579966491,7539.629071525268,cand_003
2017-10-20 07:00:00,0.6566499231364257,7540.285721448405,cand_007
2017-10-20 07:00:00,0.5093902926608961,7540.795111741066,cand_009
2017-10-20 07:00:00,0.5222644599299877,7541.317376200996,cand_011
2017-10-20 07:00:00,0.5221548113343271,7541.83953101233,cand_013
2017-10-20 07:00:00,0.5271758785499405,7542.36670689088,cand_014
2017-10-20 07:00:00,0.49031404625585057,7542.8570209371355,cand_014
2017-10-20 07:00:00,0.604366284364134,7543.4613872214995,cand_015
2017-10-23 07:00:00,0.5104507579966491,7543.971837979496,cand_003
2017-10-23 07:00:00,0.6566499231364257,7544.6284879026325,cand_007
2017-10-23 07:00:00,0.5093902926608961,7545.1378781952935,cand_009
2017-10-23 07:00:00,0.5222644599299877,7545.660142655223,cand_011
2017-10-23 07:00:00,0.5221548113343271,7546.182297466557,cand_013
2017-10-23 07:00:00,0.5271758785499405,7546.709473345108,cand_014
2017-10-23 07:00:00,0.49031404625585057,7547.199787391363,cand_014
2017-10-23 07:00:00,0.604366284364134,7547.804153675727,cand_015
2017-10-27 07:00:00,0.5104507579966491,7548.314604433724,cand_003
2017-10-27 07:00:00,0.5093902926608961,7548.823994726385,cand_009
2017-10-27 07:00:00,0.5222644599299877,7549.3462591863145,cand_011
2017-10-27 07:00:00,0.5221548113343271,7549.8684139976485,cand_013
2017-10-27 07:00:00,0.5271758785499405,7550.395589876199,cand_014
2017-11-01 07:00:00,0.5104507579966491,7550.906040634195,cand_003
2017-11-01 07:00:00,0.6566499231364257,7551.562690557332,cand_007
2017-11-01 07:00:00,0.5093902926608961,7552.072080849993,cand_009
2017-11-01 07:00:00,0.5222644599299877,7552.594345309923,cand_011
2017-11-01 07:00:00,0.5221548113343271,7553.116500121257,cand_013
2017-11-01 07:00:00,0.5271758785499405,7553.643675999807,cand_014
2017-11-01 07:00:00,0.49031404625585057,7554.1339900460625,cand_014
2017-11-01 07:00:00,0.604366284364134,7554.7383563304265,cand_015
2017-11-02 07:00:00,0.5104507579966491,7555.248807088423,cand_003
2017-11-02 07:00:00,0.5093902926608961,7555.758197381084,cand_009
2017-11-02 07:00:00,0.5222644599299877,7556.280461841014,cand_011
2017-11-02 07:00:00,0.5221548113343271,7556.802616652348,cand_013
2017-11-02 07:00:00,0.5271758785499405,7557.329792530898,cand_014
2017-11-06 07:00:00,0.5104507579966491,7557.840243288894,cand_003
2017-11-06 07:00:00,0.6566499231364257,7558.496893212031,cand_007
2017-11-06 07:00:00,0.5093902926608961,7559.006283504692,cand_009
2017-11-06 07:00:00,0.5222644599299877,7559.528547964622,cand_011
2017-11-06 07:00:00,0.5221548113343271,7560.050702775956,cand_013
2017-11-06 07:00:00,0.5271758785499405,7560.577878654506,cand_014
2017-11-06 07:00:00,0.49031404625585057,7561.068192700762,cand_014
2017-11-06 07:00:00,0.604366284364134,7561.672558985126,cand_015
2017-11-09 07:23:40,0.0,7561.672558985126,cand_003
2017-11-09 07:23:40,0.0,7561.672558985126,cand_007
2017-11-09 07:23:40,0.0,7561.672558985126,cand_009
2017-11-09 07:23:40,0.0,7561.672558985126,cand_011
2017-11-09 07:23:40,0.0,7561.672558985126,cand_013
2017-11-09 07:23:40,0.0,7561.672558985126,cand_014
2017-11-09 07:23:40,0.0,7561.672558985126,cand_014
2017-11-09 07:23:40,0.0,7561.672558985126,cand_015
2017-11-09 13:00:00,8.995943946811535,7570.668502931937,cand_003
2017-11-09 13:00:00,11.57248923362783,7582.240992165564,cand_007
2017-11-09 13:00:00,8.977254804776734,7591.218246970341,cand_009
2017-11-09 13:00:00,9.20414307029555,7600.422390040637,cand_011
2017-11-09 13:00:00,9.202210675044965,7609.6246007156815,cand_013
2017-11-09 13:00:00,9.290699600797776,7618.915300316479,cand_014
2017-11-09 13:00:00,8.641064015191343,7627.556364331671,cand_014
2017-11-09 13:00:00,10.651066987970268,7638.207431319641,cand_015
2017-11-13 07:00:00,0.5104507579966491,7638.717882077637,cand_003
2017-11-13 07:00:00,0.5093902926608961,7639.227272370298,cand_009
2017-11-22 09:46:40,0.0,7639.227272370298,cand_003
2017-11-22 09:46:40,0.0,7639.227272370298,cand_009
2017-11-22 09:46:40,0.0,7639.227272370298,cand_011
2017-11-22 09:46:40,0.0,7639.227272370298,cand_013
2017-11-22 09:46:40,0.0,7639.227272370298,cand_014
2017-11-22 13:00:00,-3.4830757604477234,7635.74419660985,cand_003
2017-11-22 13:00:00,-3.475839644039056,7632.268356965811,cand_009
2017-11-22 13:00:00,-3.563686903051681,7628.70467006276,cand_011
2017-11-22 13:00:00,-3.562938712634232,7625.141731350125,cand_013
2017-11-22 13:00:00,-3.597200112458418,7621.544531237667,cand_014
2017-11-29 07:00:00,0.5104507579966491,7622.054981995663,cand_003
2017-11-29 07:00:00,0.5093902926608961,7622.564372288324,cand_009
2017-11-29 07:00:00,0.5222644599299877,7623.086636748254,cand_011
2017-11-29 07:00:00,0.5221548113343271,7623.608791559588,cand_013
2017-11-29 07:00:00,0.5271758785499405,7624.135967438138,cand_014
2017-11-29 07:00:00,0.49031404625585057,7624.626281484394,cand_014
2017-11-29 07:00:00,0.604366284364134,7625.230647768758,cand_015
2017-11-30 07:00:00,0.5104507579966491,7625.741098526754,cand_003
2017-11-30 07:00:00,0.5093902926608961,7626.250488819415,cand_009
2017-11-30 07:00:00,0.5222644599299877,7626.772753279345,cand_011
2017-11-30 07:00:00,0.5221548113343271,7627.294908090679,cand_013
2017-11-30 07:00:00,0.5271758785499405,7627.822083969229,cand_014
2017-11-30 09:03:40,0.0,7627.822083969229,cand_003
2017-11-30 09:03:40,0.0,7627.822083969229,cand_009
2017-11-30 09:03:40,0.0,7627.822083969229,cand_011
2017-11-30 09:03:40,0.0,7627.822083969229,cand_013
2017-11-30 09:03:40,0.0,7627.822083969229,cand_014
2017-11-30 13:00:00,7.161323869541225,7634.98340783877,cand_003
2017-11-30 13:00:00,7.146446164683749,7642.129854003454,cand_009
2017-11-30 13:00:00,7.327063158429535,7649.456917161883,cand_011
2017-11-30 13:00:00,7.325524853131589,7656.782442015015,cand_013
2017-11-30 13:00:00,7.395967472597696,7664.178409487612,cand_014
2017-12-01 07:00:00,0.5104507579966491,7664.688860245608,cand_003
2017-12-01 07:00:00,0.5093902926608961,7665.198250538269,cand_009
2017-12-01 07:00:00,0.5222644599299877,7665.720514998199,cand_011
2017-12-01 07:00:00,0.5221548113343271,7666.242669809533,cand_013
2017-12-01 07:00:00,0.5271758785499405,7666.7698456880835,cand_014
2017-12-01 07:00:00,0.49031404625585057,7667.260159734339,cand_014
2017-12-07 07:00:00,0.5104507579966491,7667.770610492335,cand_003
2017-12-07 07:00:00,0.5093902926608961,7668.280000784996,cand_009
2017-12-07 08:37:40,0.0,7668.280000784996,cand_003
2017-12-07 08:37:40,0.0,7668.280000784996,cand_009
2017-12-07 13:00:00,4.050576897279292,7672.330577682275,cand_003
2017-12-07 13:00:00,4.042161792938523,7676.372739475214,cand_009
2017-12-08 07:00:00,0.5104507579966491,7676.88319023321,cand_003
2017-12-08 07:00:00,0.5093902926608961,7677.392580525871,cand_009
2017-12-08 07:00:00,0.49031404625585057,7677.882894572127,cand_014
2017-12-08 07:00:00,0.604366284364134,7678.487260856491,cand_015
2017-12-18 07:00:00,0.5104507579966491,7678.997711614487,cand_003
2017-12-18 07:00:00,0.5093902926608961,7679.507101907148,cand_009
2017-12-18 07:00:00,0.5222644599299877,7680.029366367078,cand_011
2017-12-18 07:00:00,0.5221548113343271,7680.551521178412,cand_013
2017-12-18 07:00:00,0.5271758785499405,7681.0786970569625,cand_014
2017-12-21 07:00:00,0.5104507579966491,7681.589147814959,cand_003
2017-12-21 07:00:00,0.5093902926608961,7682.09853810762,cand_009
2017-12-21 07:00:00,0.5222644599299877,7682.62080256755,cand_011
2017-12-21 07:00:00,0.5221548113343271,7683.142957378884,cand_013
2017-12-21 07:00:00,0.5271758785499405,7683.670133257434,cand_014
2017-12-21 07:00:00,0.49031404625585057,7684.16044730369,cand_014
2017-12-21 09:35:40,0.0,7684.16044730369,cand_003
2017-12-21 09:35:40,0.0,7684.16044730369,cand_009
2017-12-21 09:35:40,0.0,7684.16044730369,cand_011
2017-12-21 09:35:40,0.0,7684.16044730369,cand_013
2017-12-21 09:35:40,0.0,7684.16044730369,cand_014
2017-12-21 09:35:40,0.0,7684.16044730369,cand_014
2017-12-21 13:00:00,-5.449812504493636,7678.710634799196,cand_003
2017-12-21 13:00:00,-5.438490477526626,7673.272144321669,cand_009
2017-12-21 13:00:00,-5.575941145723104,7667.696203175946,cand_011
2017-12-21 13:00:00,-5.574770485716492,7662.121432690229,cand_013
2017-12-21 13:00:00,-5.628377762165542,7656.493054928063,cand_014
2017-12-21 13:00:00,-5.234823493849228,7651.258231434214,cand_014
2017-12-28 07:52:40,0.0,7651.258231434214,cand_007
2017-12-28 07:52:40,0.0,7651.258231434214,cand_015
2017-12-28 13:00:00,-4.241185974139973,7647.017045460075,cand_007
2017-12-28 13:00:00,-3.9034951778342304,7643.113550282241,cand_015
2018-01-04 07:00:00,0.5093902926608961,7643.622940574902,cand_009
2018-01-10 09:03:40,0.0,7643.622940574902,cand_003
2018-01-10 09:03:40,0.0,7643.622940574902,cand_009
2018-01-10 09:03:40,0.0,7643.622940574902,cand_011
2018-01-10 09:03:40,0.0,7643.622940574902,cand_013
2018-01-10 09:03:40,0.0,7643.622940574902,cand_014
2018-01-10 13:00:00,33.740795103578506,7677.36373567848,cand_003
2018-01-10 13:00:00,33.67069834488524,7711.034434023365,cand_009
2018-01-10 13:00:00,34.52168080137219,7745.556114824737,cand_011
2018-01-10 13:00:00,34.514433029199026,7780.070547853936,cand_013
2018-01-10 13:00:00,34.84632557215107,7814.916873426087,cand_014
2018-01-17 07:00:00,0.5104507579966491,7815.427324184083,cand_003
2018-01-17 07:00:00,0.5093902926608961,7815.936714476744,cand_009
2018-01-17 07:00:00,0.5222644599299877,7816.458978936674,cand_011
2018-01-17 07:00:00,0.5221548113343271,7816.981133748008,cand_013
2018-01-17 07:00:00,0.5271758785499405,7817.508309626558,cand_014
2018-01-17 07:00:00,0.49031404625585057,7817.998623672814,cand_014
2018-01-18 07:00:00,0.5104507579966491,7818.50907443081,cand_003
2018-01-18 07:00:00,0.6566499231364257,7819.165724353947,cand_007
2018-01-18 07:00:00,0.5093902926608961,7819.675114646608,cand_009
2018-01-18 07:00:00,0.5222644599299877,7820.1973791065375,cand_011
2018-01-18 07:00:00,0.5221548113343271,7820.719533917872,cand_013
2018-01-18 07:00:00,0.5271758785499405,7821.246709796422,cand_014
2018-01-18 07:00:00,0.49031404625585057,7821.737023842677,cand_014
2018-01-18 07:00:00,0.604366284364134,7822.341390127041,cand_015
2018-01-25 08:27:40,0.0,7822.341390127041,cand_003
2018-01-25 08:27:40,0.0,7822.341390127041,cand_007
2018-01-25 08:27:40,0.0,7822.341390127041,cand_009
2018-01-25 08:27:40,0.0,7822.341390127041,cand_011
2018-01-25 08:27:40,0.0,7822.341390127041,cand_013
2018-01-25 08:27:40,0.0,7822.341390127041,cand_014
2018-01-25 08:27:40,0.0,7822.341390127041,cand_014
2018-01-25 08:27:40,0.0,7822.341390127041,cand_015
2018-01-25 13:00:00,-16.241342058846325,7806.100048068195,cand_003
2018-01-25 13:00:00,-20.893055495558393,7785.206992572636,cand_007
2018-01-25 13:00:00,-16.20760054707522,7768.999392025561,cand_009
2018-01-25 13:00:00,-16.617226257419436,7752.382165768142,cand_011
2018-01-25 13:00:00,-16.613737497102207,7735.76842827104,cand_013
2018-01-25 13:00:00,-16.77349604162723,7718.994932229412,cand_014
2018-01-25 13:00:00,-15.600639271752328,7703.39429295766,cand_014
2018-01-25 13:00:00,-19.229513130150593,7684.164779827509,cand_015
2018-01-26 08:24:40,0.0,7684.164779827509,cand_003
2018-01-26 08:24:40,0.0,7684.164779827509,cand_009
2018-01-26 08:24:40,0.0,7684.164779827509,cand_011
2018-01-26 08:24:40,0.0,7684.164779827509,cand_013
2018-01-26 08:24:40,0.0,7684.164779827509,cand_014
2018-01-26 13:00:00,3.5761579574941713,7687.740937785004,cand_003
2018-01-26 13:00:00,3.5687284621125137,7691.309666247116,cand_009
2018-01-26 13:00:00,3.6589233633918554,7694.968589610508,cand_011
2018-01-26 13:00:00,3.6581551782304915,7698.6267447887385,cand_013
2018-01-26 13:00:00,3.6933321844292895,7702.3200769731675,cand_014
2018-01-31 07:00:00,0.5104507579966491,7702.830527731164,cand_003
2018-01-31 07:00:00,0.5093902926608961,7703.339918023825,cand_009
2018-01-31 07:00:00,0.5222644599299877,7703.862182483755,cand_011
2018-01-31 07:00:00,0.5221548113343271,7704.384337295089,cand_013
2018-01-31 07:00:00,0.5271758785499405,7704.911513173639,cand_014
2018-01-31 07:00:00,0.49031404625585057,7705.401827219895,cand_014
2018-02-01 07:00:00,0.5104507579966491,7705.912277977891,cand_003
2018-02-01 07:00:00,0.5093902926608961,7706.421668270552,cand_009
2018-02-01 07:00:00,0.5222644599299877,7706.943932730482,cand_011
2018-02-01 07:00:00,0.5221548113343271,7707.466087541816,cand_013
2018-02-01 07:00:00,0.5271758785499405,7707.993263420366,cand_014
2018-02-01 08:36:40,0.0,7707.993263420366,cand_003
2018-02-01 08:36:40,0.0,7707.993263420366,cand_009
2018-02-01 08:36:40,0.0,7707.993263420366,cand_011
2018-02-01 08:36:40,0.0,7707.993263420366,cand_013
2018-02-01 08:36:40,0.0,7707.993263420366,cand_014
2018-02-01 13:00:00,6.353610611299468,7714.346874031666,cand_003
2018-02-01 13:00:00,6.3404109368850365,7720.687284968551,cand_009
2018-02-01 13:00:00,6.500656454187378,7727.187941422738,cand_011
2018-02-01 13:00:00,6.499291651667272,7733.687233074405,cand_013
2018-02-01 13:00:00,6.561789170656907,7740.249022245062,cand_014
2018-02-02 07:00:00,0.5104507579966491,7740.759473003059,cand_003
2018-02-02 07:00:00,0.5093902926608961,7741.26886329572,cand_009
2018-02-02 07:00:00,0.5222644599299877,7741.7911277556495,cand_011
2018-02-02 07:00:00,0.5221548113343271,7742.313282566984,cand_013
2018-02-02 07:00:00,0.5271758785499405,7742.840458445534,cand_014
2018-02-02 07:00:00,0.49031404625585057,7743.3307724917895,cand_014
2018-02-02 07:00:00,0.604366284364134,7743.9351387761535,cand_015
2018-02-02 08:38:40,0.0,7743.9351387761535,cand_003
2018-02-02 08:38:40,0.0,7743.9351387761535,cand_009
2018-02-02 08:38:40,0.0,7743.9351387761535,cand_011
2018-02-02 08:38:40,0.0,7743.9351387761535,cand_013
2018-02-02 08:38:40,0.0,7743.9351387761535,cand_014
2018-02-02 08:38:40,0.0,7743.9351387761535,cand_014
2018-02-02 08:38:40,0.0,7743.9351387761535,cand_015
2018-02-02 13:00:00,2.8975587145103905,7746.832697490664,cand_003
2018-02-02 13:00:00,2.891539014222146,7749.724236504886,cand_009
2018-02-02 13:00:00,2.964618846073166,7752.688855350959,cand_011
2018-02-02 13:00:00,2.963996429044857,7755.652851780003,cand_013
2018-02-02 13:00:00,2.992498369415839,7758.645350149419,cand_014
2018-02-02 13:00:00,2.7832532625699753,7761.428603411989,cand_014
2018-02-02 13:00:00,3.430667437714055,7764.859270849703,cand_015
2018-02-05 07:00:00,0.5104507579966491,7765.369721607699,cand_003
2018-02-05 07:00:00,0.5093902926608961,7765.87911190036,cand_009
2018-02-05 07:00:00,0.5222644599299877,7766.40137636029,cand_011
2018-02-05 07:00:00,0.5221548113343271,7766.923531171624,cand_013
2018-02-05 07:00:00,0.5271758785499405,7767.450707050174,cand_014
2018-02-05 07:00:00,0.49031404625585057,7767.94102109643,cand_014
2018-02-07 09:30:40,0.0,7767.94102109643,cand_003
2018-02-07 09:30:40,0.0,7767.94102109643,cand_007
2018-02-07 09:30:40,0.0,7767.94102109643,cand_009
2018-02-07 09:30:40,0.0,7767.94102109643,cand_011
2018-02-07 09:30:40,0.0,7767.94102109643,cand_013
2018-02-07 09:30:40,0.0,7767.94102109643,cand_014
2018-02-07 09:30:40,0.0,7767.94102109643,cand_014
2018-02-07 09:30:40,0.0,7767.94102109643,cand_015
2018-02-07 13:00:00,-1.5944079558601216,7766.346613140569,cand_003
2018-02-07 13:00:00,-2.051065348149659,7764.29554779242,cand_007
2018-02-07 13:00:00,-1.5910955611937403,7762.704452231226,cand_009
2018-02-07 13:00:00,-1.6313084013107264,7761.073143829915,cand_011
2018-02-07 13:00:00,-1.6309659106972216,7759.442177919218,cand_013
2018-02-07 13:00:00,-1.6466493618236377,7757.795528557394,cand_014
2018-02-07 13:00:00,-1.5315103444815097,7756.264018212913,cand_014
2018-02-07 13:00:00,-1.8877558646903243,7754.376262348223,cand_015
2018-02-08 07:00:00,0.5104507579966491,7754.886713106219,cand_003
2018-02-08 07:00:00,0.5093902926608961,7755.39610339888,cand_009
2018-02-08 07:00:00,0.5222644599299877,7755.91836785881,cand_011
2018-02-08 07:00:00,0.5221548113343271,7756.440522670144,cand_013
2018-02-08 07:00:00,0.5271758785499405,7756.967698548694,cand_014
2018-02-08 07:00:00,0.49031404625585057,7757.45801259495,cand_014
2018-02-08 08:00:40,0.0,7757.45801259495,cand_003
2018-02-08 08:00:40,0.0,7757.45801259495,cand_009
2018-02-08 08:00:40,0.0,7757.45801259495,cand_011
2018-02-08 08:00:40,0.0,7757.45801259495,cand_013
2018-02-08 08:00:40,0.0,7757.45801259495,cand_014
2018-02-08 08:00:40,0.0,7757.45801259495,cand_014
2018-02-08 13:00:00,-6.740952657073396,7750.717059937876,cand_003
2018-02-08 13:00:00,-6.726948276610069,7743.990111661266,cand_009
2018-02-08 13:00:00,-6.896963014957779,7737.093148646309,cand_011
2018-02-08 13:00:00,-6.895515008503319,7730.197633637806,cand_013
2018-02-08 13:00:00,-6.96182263143892,7723.235811006367,cand_014
2018-02-08 13:00:00,-6.475029610849321,7716.760781395517,cand_014
2018-02-13 08:10:20,0.0,7716.760781395517,cand_003
2018-02-13 08:10:20,0.0,7716.760781395517,cand_007
2018-02-13 08:10:20,0.0,7716.760781395517,cand_009
2018-02-13 08:10:20,0.0,7716.760781395517,cand_011
2018-02-13 08:10:20,0.0,7716.760781395517,cand_013
2018-02-13 08:10:20,0.0,7716.760781395517,cand_014
2018-02-13 08:10:20,0.0,7716.760781395517,cand_014
2018-02-13 08:10:20,0.0,7716.760781395517,cand_015
2018-02-13 13:00:00,31.242589040912552,7748.00337043643,cand_003
2018-02-13 13:00:00,40.19083794255594,7788.194208378985,cand_007
2018-02-13 13:00:00,31.177682324333084,7819.371890703318,cand_009
2018-02-13 13:00:00,31.96565709159719,7851.337547794915,cand_011
2018-02-13 13:00:00,31.95894595255102,7883.296493747466,cand_013
2018-02-13 13:00:00,32.266264801836066,7915.562758549302,cand_014
2018-02-13 13:00:00,30.010103831130145,7945.5728623804325,cand_014
2018-02-13 13:00:00,36.99077169887538,7982.563634079308,cand_015
2018-02-19 07:00:00,0.5104507579966491,7983.074084837304,cand_003
2018-02-19 07:00:00,0.6566499231364257,7983.730734760441,cand_007
2018-02-19 07:00:00,0.5093902926608961,7984.240125053102,cand_009
2018-02-19 07:00:00,0.5222644599299877,7984.762389513032,cand_011
2018-02-19 07:00:00,0.5221548113343271,7985.284544324366,cand_013
2018-02-19 07:00:00,0.5271758785499405,7985.811720202916,cand_014
2018-02-19 07:00:00,0.49031404625585057,7986.302034249172,cand_014
2018-02-19 07:00:00,0.604366284364134,7986.906400533536,cand_015
2018-02-19 08:21:40,0.0,7986.906400533536,cand_003
2018-02-19 08:21:40,0.0,7986.906400533536,cand_007
2018-02-19 08:21:40,0.0,7986.906400533536,cand_009
2018-02-19 08:21:40,0.0,7986.906400533536,cand_011
2018-02-19 08:21:40,0.0,7986.906400533536,cand_013
2018-02-19 08:21:40,0.0,7986.906400533536,cand_014
2018-02-19 08:21:40,0.0,7986.906400533536,cand_014
2018-02-19 08:21:40,0.0,7986.906400533536,cand_015
2018-02-19 13:00:00,-3.8343859880101228,7983.072014545526,cand_003
2018-02-19 13:00:00,-4.932599716736562,7978.13941482879,cand_007
2018-02-19 13:00:00,-3.826420021929202,7974.312994806861,cand_009
2018-02-19 13:00:00,-3.9231277372387905,7970.389867069622,cand_011
2018-02-19 13:00:00,-3.922304082787857,7966.467562986833,cand_013
2018-02-19 13:00:00,-3.9600211582839653,7962.50754182855,cand_014
2018-02-19 13:00:00,-3.6831237474630654,7958.824418081086,cand_014
2018-02-19 13:00:00,-4.539857324311759,7954.284560756774,cand_015
2018-02-20 07:00:00,0.5104507579966491,7954.7950115147705,cand_003
2018-02-20 07:00:00,0.5093902926608961,7955.3044018074315,cand_009
2018-02-20 07:00:00,0.5222644599299877,7955.826666267361,cand_011
2018-02-20 07:00:00,0.5221548113343271,7956.348821078695,cand_013
2018-02-20 07:00:00,0.5271758785499405,7956.875996957246,cand_014
2018-02-20 09:35:40,0.0,7956.875996957246,cand_003
2018-02-20 09:35:40,0.0,7956.875996957246,cand_009
2018-02-20 09:35:40,0.0,7956.875996957246,cand_011
2018-02-20 09:35:40,0.0,7956.875996957246,cand_013
2018-02-20 09:35:40,0.0,7956.875996957246,cand_014
2018-02-20 13:00:00,9.24816667429223,7966.124163631538,cand_003
2018-02-20 13:00:00,9.228953537620942,7975.353117169159,cand_009
2018-02-20 13:00:00,9.462203156378603,7984.815320325538,cand_011
2018-02-20 13:00:00,9.460216581821927,7994.27553690736,cand_013
2018-02-20 13:00:00,9.55118650549304,8003.826723412853,cand_014
2018-02-21 07:00:00,0.5104507579966491,8004.33717417085,cand_003
2018-02-21 07:00:00,0.6566499231364257,8004.993824093986,cand_007
2018-02-21 07:00:00,0.5093902926608961,8005.503214386647,cand_009
2018-02-21 07:00:00,0.5222644599299877,8006.025478846577,cand_011
2018-02-21 07:00:00,0.5221548113343271,8006.547633657911,cand_013
2018-02-21 07:00:00,0.5271758785499405,8007.0748095364615,cand_014
2018-02-21 07:00:00,0.49031404625585057,8007.565123582717,cand_014
2018-02-21 07:00:00,0.604366284364134,8008.169489867081,cand_015
2018-02-22 07:00:00,0.5104507579966491,8008.6799406250775,cand_003
2018-02-22 07:00:00,0.5093902926608961,8009.1893309177385,cand_009
2018-02-22 07:00:00,0.5222644599299877,8009.711595377668,cand_011
2018-02-22 07:00:00,0.5221548113343271,8010.233750189002,cand_013
2018-02-22 07:00:00,0.5271758785499405,8010.760926067553,cand_014
2018-02-27 07:00:00,0.5104507579966491,8011.271376825549,cand_003
2018-02-27 07:00:00,0.5093902926608961,8011.78076711821,cand_009
2018-02-27 07:00:00,0.5222644599299877,8012.30303157814,cand_011
2018-02-27 07:00:00,0.5221548113343271,8012.825186389474,cand_013
2018-02-27 07:00:00,0.5271758785499405,8013.352362268024,cand_014
2018-02-28 07:00:00,0.5104507579966491,8013.86281302602,cand_003
2018-02-28 07:00:00,0.5093902926608961,8014.372203318681,cand_009
2018-02-28 07:00:00,0.5222644599299877,8014.894467778611,cand_011
2018-02-28 07:00:00,0.5221548113343271,8015.416622589945,cand_013
2018-02-28 07:00:00,0.5271758785499405,8015.9437984684955,cand_014
2018-03-02 07:58:40,0.0,8015.9437984684955,cand_003
2018-03-02 07:58:40,0.0,8015.9437984684955,cand_009
2018-03-02 07:58:40,0.0,8015.9437984684955,cand_011
2018-03-02 07:58:40,0.0,8015.9437984684955,cand_013
2018-03-02 07:58:40,0.0,8015.9437984684955,cand_014
2018-03-02 07:58:40,0.0,8015.9437984684955,cand_015
2018-03-02 13:00:00,13.481905314146791,8029.425703782642,cand_003
2018-03-02 13:00:00,13.453896553220138,8042.879600335862,cand_009
2018-03-02 13:00:00,13.793926029915559,8056.673526365777,cand_011
2018-03-02 13:00:00,13.791030017006639,8070.464556382784,cand_013
2018-03-02 13:00:00,13.92364526287784,8084.388201645662,cand_014
2018-03-02 13:00:00,15.962380098793892,8100.350581744456,cand_015
2018-03-06 07:00:00,0.5104507579966491,8100.861032502452,cand_003
2018-03-06 07:00:00,0.6566499231364257,8101.517682425589,cand_007
2018-03-06 07:00:00,0.5093902926608961,8102.02707271825,cand_009
2018-03-06 07:00:00,0.5222644599299877,8102.5493371781795,cand_011
2018-03-06 07:00:00,0.5221548113343271,8103.071491989514,cand_013
2018-03-06 07:00:00,0.5271758785499405,8103.598667868064,cand_014
2018-03-06 07:00:00,0.49031404625585057,8104.088981914319,cand_014
2018-03-06 07:00:00,0.604366284364134,8104.693348198683,cand_015
2018-03-09 07:00:00,0.5104507579966491,8105.20379895668,cand_003
2018-03-09 07:00:00,0.5093902926608961,8105.713189249341,cand_009
2018-03-09 07:00:00,0.5222644599299877,8106.235453709271,cand_011
2018-03-09 07:00:00,0.5221548113343271,8106.757608520605,cand_013
2018-03-09 07:00:00,0.5271758785499405,8107.284784399155,cand_014
2018-03-12 07:00:00,0.5104507579966491,8107.795235157151,cand_003
2018-03-12 07:00:00,0.5093902926608961,8108.304625449812,cand_009
2018-03-12 07:00:00,0.5222644599299877,8108.826889909742,cand_011
2018-03-12 07:00:00,0.5221548113343271,8109.349044721076,cand_013
2018-03-12 07:00:00,0.5271758785499405,8109.876220599626,cand_014
2018-03-13 07:00:00,0.5104507579966491,8110.386671357623,cand_003
2018-03-13 07:00:00,0.6566499231364257,8111.043321280759,cand_007
2018-03-13 07:00:00,0.5093902926608961,8111.55271157342,cand_009
2018-03-13 07:00:00,0.5222644599299877,8112.07497603335,cand_011
2018-03-13 07:00:00,0.5221548113343271,8112.597130844684,cand_013
2018-03-13 07:00:00,0.5271758785499405,8113.124306723234,cand_014
2018-03-13 07:00:00,0.49031404625585057,8113.61462076949,cand_014
2018-03-13 07:00:00,0.604366284364134,8114.218987053854,cand_015
2018-03-13 07:18:40,0.0,8114.218987053854,cand_003
2018-03-13 07:18:40,0.0,8114.218987053854,cand_007
2018-03-13 07:18:40,0.0,8114.218987053854,cand_009
2018-03-13 07:18:40,0.0,8114.218987053854,cand_011
2018-03-13 07:18:40,0.0,8114.218987053854,cand_013
2018-03-13 07:18:40,0.0,8114.218987053854,cand_014
2018-03-13 07:18:40,0.0,8114.218987053854,cand_014
2018-03-13 07:18:40,0.0,8114.218987053854,cand_015
2018-03-13 13:00:00,24.492628429286274,8138.71161548314,cand_003
2018-03-13 13:00:00,31.507608370728374,8170.219223853868,cand_007
2018-03-13 13:00:00,24.441744807264293,8194.660968661134,cand_009
2018-03-13 13:00:00,25.05947764499359,8219.720446306126,cand_011
2018-03-13 13:00:00,25.054216447377094,8244.774662753503,cand_013
2018-03-13 13:00:00,25.295139066658027,8270.069801820162,cand_014
2018-03-13 13:00:00,23.526421619464546,8293.596223439625,cand_014
2018-03-13 13:00:00,28.9989163621073,8322.595139801733,cand_015
2018-03-20 07:00:00,0.5104507579966491,8323.10559055973,cand_003
2018-03-20 07:00:00,0.5093902926608961,8323.614980852391,cand_009
2018-03-20 07:00:00,0.5222644599299877,8324.13724531232,cand_011
2018-03-20 07:00:00,0.5221548113343271,8324.659400123655,cand_013
2018-03-20 07:00:00,0.5271758785499405,8325.186576002205,cand_014
2018-03-20 07:00:00,0.49031404625585057,8325.67689004846,cand_014
2018-03-27 07:00:00,0.5104507579966491,8326.187340806457,cand_003
2018-03-27 07:00:00,0.5093902926608961,8326.696731099117,cand_009
2018-03-27 07:00:00,0.5222644599299877,8327.218995559047,cand_011
2018-03-27 07:00:00,0.5221548113343271,8327.74115037038,cand_013
2018-03-27 07:00:00,0.5271758785499405,8328.268326248932,cand_014
2018-03-28 07:00:00,0.5104507579966491,8328.778777006928,cand_003
2018-03-28 07:00:00,0.5093902926608961,8329.28816729959,cand_009
2018-03-28 07:00:00,0.5222644599299877,8329.810431759519,cand_011
2018-03-28 07:00:00,0.5221548113343271,8330.332586570854,cand_013
2018-03-28 07:00:00,0.5271758785499405,8330.859762449403,cand_014
2018-03-28 07:00:00,0.49031404625585057,8331.350076495659,cand_014
2018-03-28 07:00:00,0.604366284364134,8331.954442780023,cand_015
2018-03-29 07:00:00,0.5104507579966491,8332.46489353802,cand_003
2018-03-29 07:00:00,0.6566499231364257,8333.121543461155,cand_007
2018-03-29 07:00:00,0.5093902926608961,8333.630933753817,cand_009
2018-03-29 07:00:00,0.5222644599299877,8334.153198213746,cand_011
2018-03-29 07:00:00,0.5221548113343271,8334.67535302508,cand_013
2018-03-29 07:00:00,0.5271758785499405,8335.202528903632,cand_014
2018-03-29 07:00:00,0.49031404625585057,8335.692842949888,cand_014
2018-03-29 07:00:00,0.604366284364134,8336.29720923425,cand_015
2018-03-30 07:00:00,0.5104507579966491,8336.807659992246,cand_003
2018-03-30 07:00:00,0.5093902926608961,8337.317050284908,cand_009
2018-03-30 07:00:00,0.5222644599299877,8337.839314744837,cand_011
2018-03-30 07:00:00,0.5221548113343271,8338.361469556172,cand_013
2018-03-30 07:00:00,0.5271758785499405,8338.888645434723,cand_014
2018-03-30 07:00:00,0.49031404625585057,8339.378959480979,cand_014
2018-04-05 07:00:00,0.5104507579966491,8339.889410238975,cand_003
2018-04-05 07:00:00,0.5093902926608961,8340.398800531635,cand_009
2018-04-05 07:00:00,0.5222644599299877,8340.921064991566,cand_011
2018-04-05 07:00:00,0.5221548113343271,8341.443219802899,cand_013
2018-04-05 07:00:00,0.5271758785499405,8341.970395681448,cand_014
2018-04-05 07:00:00,0.49031404625585057,8342.460709727704,cand_014
2018-04-05 07:00:00,0.604366284364134,8343.06507601207,cand_015
2018-04-06 07:00:00,0.5104507579966491,8343.575526770066,cand_003
2018-04-06 07:00:00,0.6566499231364257,8344.232176693202,cand_007
2018-04-06 07:00:00,0.5093902926608961,8344.741566985864,cand_009
2018-04-06 07:00:00,0.5222644599299877,8345.263831445793,cand_011
2018-04-06 07:00:00,0.5221548113343271,8345.785986257128,cand_013
2018-04-06 07:00:00,0.5271758785499405,8346.313162135677,cand_014
2018-04-06 07:00:00,0.49031404625585057,8346.803476181933,cand_014
2018-04-06 07:00:00,0.604366284364134,8347.407842466297,cand_015
2018-04-09 07:00:00,0.5104507579966491,8347.918293224293,cand_003
2018-04-09 07:00:00,0.6566499231364257,8348.574943147429,cand_007
2018-04-09 07:00:00,0.5093902926608961,8349.08433344009,cand_009
2018-04-09 07:00:00,0.5222644599299877,8349.60659790002,cand_011
2018-04-09 07:00:00,0.5221548113343271,8350.128752711355,cand_013
2018-04-09 07:00:00,0.5271758785499405,8350.655928589906,cand_014
2018-04-09 07:00:00,0.49031404625585057,8351.146242636161,cand_014
2018-04-09 07:00:00,0.604366284364134,8351.750608920524,cand_015
2018-04-10 07:00:00,0.5104507579966491,8352.26105967852,cand_003
2018-04-10 07:00:00,0.6566499231364257,8352.917709601657,cand_007
2018-04-10 07:00:00,0.5093902926608961,8353.427099894318,cand_009
2018-04-10 07:00:00,0.5222644599299877,8353.949364354248,cand_011
2018-04-10 07:00:00,0.5221548113343271,8354.471519165581,cand_013
2018-04-10 07:00:00,0.5271758785499405,8354.998695044133,cand_014
2018-04-10 07:00:00,0.49031404625585057,8355.489009090388,cand_014
2018-04-10 07:00:00,0.604366284364134,8356.093375374752,cand_015
2018-04-13 07:00:00,0.5104507579966491,8356.603826132749,cand_003
2018-04-13 07:00:00,0.5093902926608961,8357.113216425409,cand_009
2018-04-13 07:00:00,0.5222644599299877,8357.63548088534,cand_011
2018-04-13 07:00:00,0.5221548113343271,8358.157635696673,cand_013
2018-04-13 07:00:00,0.5271758785499405,8358.684811575224,cand_014
2018-04-13 07:00:00,0.49031404625585057,8359.17512562148,cand_014
2018-04-13 07:00:00,0.604366284364134,8359.779491905843,cand_015
2018-04-13 09:03:20,0.0,8359.779491905843,cand_003
2018-04-13 09:03:20,0.0,8359.779491905843,cand_009
2018-04-13 09:03:20,0.0,8359.779491905843,cand_011
2018-04-13 09:03:20,0.0,8359.779491905843,cand_013
2018-04-13 09:03:20,0.0,8359.779491905843,cand_014
2018-04-13 09:03:20,0.0,8359.779491905843,cand_014
2018-04-13 09:03:20,0.0,8359.779491905843,cand_015
2018-04-13 13:00:00,-0.9488378795702419,8358.830654026273,cand_003
2018-04-13 13:00:00,-0.9468666616520187,8357.88378736462,cand_009
2018-04-13 13:00:00,-0.9707974666933891,8356.912989897926,cand_011
2018-04-13 13:00:00,-0.9705936493038081,8355.942396248623,cand_013
2018-04-13 13:00:00,-0.9799269271869484,8354.962469321435,cand_014
2018-04-13 13:00:00,-0.9114072859814635,8354.051062035454,cand_014
2018-04-13 13:00:00,-1.1234102697592139,8352.927651765696,cand_015
2018-04-18 07:00:00,0.5104507579966491,8353.438102523693,cand_003
2018-04-18 07:00:00,0.5093902926608961,8353.947492816354,cand_009
2018-04-18 07:00:00,0.5222644599299877,8354.469757276283,cand_011
2018-04-18 07:00:00,0.5221548113343271,8354.991912087618,cand_013
2018-04-18 07:00:00,0.5271758785499405,8355.519087966168,cand_014
2018-04-18 07:00:00,0.49031404625585057,8356.009402012423,cand_014
2018-04-18 07:00:00,0.604366284364134,8356.613768296787,cand_015
2018-04-19 07:00:00,0.5104507579966491,8357.124219054784,cand_003
2018-04-19 07:00:00,0.6566499231364257,8357.78086897792,cand_007
2018-04-19 07:00:00,0.5093902926608961,8358.290259270581,cand_009
2018-04-19 07:00:00,0.5222644599299877,8358.81252373051,cand_011
2018-04-19 07:00:00,0.5221548113343271,8359.334678541845,cand_013
2018-04-19 07:00:00,0.5271758785499405,8359.861854420396,cand_014
2018-04-19 07:00:00,0.49031404625585057,8360.352168466652,cand_014
2018-04-19 07:00:00,0.604366284364134,8360.956534751014,cand_015
2018-04-20 07:00:00,0.5104507579966491,8361.46698550901,cand_003
2018-04-20 07:00:00,0.5093902926608961,8361.976375801672,cand_009
2018-04-20 07:00:00,0.5222644599299877,8362.498640261601,cand_011
2018-04-20 07:00:00,0.5221548113343271,8363.020795072936,cand_013
2018-04-20 07:00:00,0.5271758785499405,8363.547970951488,cand_014
2018-04-25 07:00:00,0.5104507579966491,8364.058421709484,cand_003
2018-04-25 07:00:00,0.5093902926608961,8364.567812002144,cand_009
2018-04-25 07:00:00,0.5222644599299877,8365.090076462075,cand_011
2018-04-25 07:00:00,0.5221548113343271,8365.612231273408,cand_013
2018-04-25 07:00:00,0.5271758785499405,8366.139407151957,cand_014
2018-04-25 07:00:00,0.49031404625585057,8366.629721198213,cand_014
2018-04-25 07:00:00,0.604366284364134,8367.234087482579,cand_015
2018-04-25 09:57:40,0.0,8367.234087482579,cand_003
2018-04-25 09:57:40,0.0,8367.234087482579,cand_009
2018-04-25 09:57:40,0.0,8367.234087482579,cand_011
2018-04-25 09:57:40,0.0,8367.234087482579,cand_013
2018-04-25 09:57:40,0.0,8367.234087482579,cand_014
2018-04-25 09:57:40,0.0,8367.234087482579,cand_014
2018-04-25 09:57:40,0.0,8367.234087482579,cand_015
2018-04-25 13:00:00,-5.834151898749936,8361.399935583828,cand_003
2018-04-25 13:00:00,-5.822031403765419,8355.577904180063,cand_009
2018-04-25 13:00:00,-5.969175562611566,8349.608728617452,cand_011
2018-04-25 13:00:00,-5.967922343662338,8343.640806273788,cand_013
2018-04-25 13:00:00,-6.02531018836785,8337.61549608542,cand_014
2018-04-25 13:00:00,-5.6040011286771625,8332.011494956743,cand_014
2018-04-25 13:00:00,-6.9075511207030145,8325.10394383604,cand_015
2018-05-02 07:00:00,0.5104507579966491,8325.614394594037,cand_003
2018-05-02 07:00:00,0.6566499231364257,8326.271044517172,cand_007
2018-05-02 07:00:00,0.5093902926608961,8326.780434809834,cand_009
2018-05-02 07:00:00,0.5222644599299877,8327.302699269763,cand_011
2018-05-02 07:00:00,0.5221548113343271,8327.824854081098,cand_013
2018-05-02 07:00:00,0.5271758785499405,8328.35202995965,cand_014
2018-05-02 07:00:00,0.49031404625585057,8328.842344005905,cand_014
2018-05-02 07:00:00,0.604366284364134,8329.446710290267,cand_015
2018-05-09 07:00:00,0.5104507579966491,8329.957161048264,cand_003
2018-05-09 07:00:00,0.5093902926608961,8330.466551340925,cand_009
2018-05-09 07:00:00,0.5222644599299877,8330.988815800854,cand_011
2018-05-09 07:00:00,0.5221548113343271,8331.51097061219,cand_013
2018-05-09 07:00:00,0.5271758785499405,8332.03814649074,cand_014
2018-05-10 07:00:00,0.5104507579966491,8332.548597248737,cand_003
2018-05-10 07:00:00,0.5093902926608961,8333.057987541397,cand_009
2018-05-10 07:00:00,0.5222644599299877,8333.580252001328,cand_011
2018-05-10 07:00:00,0.5221548113343271,8334.10240681266,cand_013
2018-05-10 07:00:00,0.5271758785499405,8334.62958269121,cand_014
2018-05-17 07:00:00,0.5104507579966491,8335.140033449206,cand_003
2018-05-17 07:00:00,0.6566499231364257,8335.796683372344,cand_007
2018-05-17 07:00:00,0.5093902926608961,8336.306073665004,cand_009
2018-05-17 07:00:00,0.5222644599299877,8336.828338124935,cand_011
2018-05-17 07:00:00,0.5221548113343271,8337.350492936268,cand_013
2018-05-17 07:00:00,0.5271758785499405,8337.87766881482,cand_014
2018-05-17 07:00:00,0.49031404625585057,8338.367982861075,cand_014
2018-05-17 07:00:00,0.604366284364134,8338.972349145439,cand_015
2018-05-17 09:19:40,0.0,8338.972349145439,cand_003
2018-05-17 09:19:40,0.0,8338.972349145439,cand_007
2018-05-17 09:19:40,0.0,8338.972349145439,cand_009
2018-05-17 09:19:40,0.0,8338.972349145439,cand_011
2018-05-17 09:19:40,0.0,8338.972349145439,cand_013
2018-05-17 09:19:40,0.0,8338.972349145439,cand_014
2018-05-17 09:19:40,0.0,8338.972349145439,cand_014
2018-05-17 09:19:40,0.0,8338.972349145439,cand_015
2018-05-17 13:00:00,8.680665537460662,8347.653014682899,cand_003
2018-05-17 13:00:00,11.166911339925921,8358.819926022825,cand_007
2018-05-17 13:00:00,8.662631388721476,8367.482557411546,cand_009
2018-05-17 13:00:00,8.881567962691733,8376.364125374239,cand_011
2018-05-17 13:00:00,8.879703291573763,8385.24382866581,cand_013
2018-05-17 13:00:00,8.965090969928696,8394.208919635741,cand_014
2018-05-17 13:00:00,8.338222986621552,8402.547142622363,cand_014
2018-05-17 13:00:00,10.277781929980655,8412.824924552344,cand_015
2018-05-18 07:00:00,0.5104507579966491,8413.33537531034,cand_003
2018-05-18 07:00:00,0.6566499231364257,8413.992025233476,cand_007
2018-05-18 07:00:00,0.5093902926608961,8414.501415526138,cand_009
2018-05-18 07:00:00,0.5222644599299877,8415.023679986067,cand_011
2018-05-18 07:00:00,0.5221548113343271,8415.545834797402,cand_013
2018-05-18 07:00:00,0.5271758785499405,8416.073010675951,cand_014
2018-05-18 07:00:00,0.49031404625585057,8416.563324722207,cand_014
2018-05-18 07:00:00,0.604366284364134,8417.16769100657,cand_015
2018-05-21 07:00:00,0.5104507579966491,8417.678141764567,cand_003
2018-05-21 07:00:00,0.6566499231364257,8418.334791687703,cand_007
2018-05-21 07:00:00,0.5093902926608961,8418.844181980365,cand_009
2018-05-21 07:00:00,0.5222644599299877,8419.366446440294,cand_011
2018-05-21 07:00:00,0.5221548113343271,8419.888601251629,cand_013
2018-05-21 07:00:00,0.5271758785499405,8420.41577713018,cand_014
2018-05-21 07:00:00,0.49031404625585057,8420.906091176435,cand_014
2018-05-21 07:00:00,0.604366284364134,8421.510457460798,cand_015
2018-05-21 07:14:40,0.0,8421.510457460798,cand_003
2018-05-21 07:14:40,0.0,8421.510457460798,cand_007
2018-05-21 07:14:40,0.0,8421.510457460798,cand_009
2018-05-21 07:14:40,0.0,8421.510457460798,cand_011
2018-05-21 07:14:40,0.0,8421.510457460798,cand_013
2018-05-21 07:14:40,0.0,8421.510457460798,cand_014
2018-05-21 07:14:40,0.0,8421.510457460798,cand_014
2018-05-21 07:14:40,0.0,8421.510457460798,cand_015
2018-05-21 13:00:00,0.2702386365864613,8421.780696097385,cand_003
2018-05-21 13:00:00,0.34763819460163714,8422.128334291987,cand_007
2018-05-21 13:00:00,0.26967721376165094,8422.39801150575,cand_009
2018-05-21 13:00:00,0.2764929493746994,8422.674504455124,cand_011
2018-05-21 13:00:00,0.2764349001181732,8422.950939355242,cand_013
2018-05-21 13:00:00,0.27909311217349797,8423.230032467414,cand_014
2018-05-21 13:00:00,0.25957802448839146,8423.489610491903,cand_014
2018-05-21 13:00:00,0.3199586211339533,8423.809569113037,cand_015
2018-06-01 07:00:00,0.5104507579966491,8424.320019871033,cand_003
2018-06-01 07:00:00,0.6566499231364257,8424.97666979417,cand_007
2018-06-01 07:00:00,0.5093902926608961,8425.48606008683,cand_009
2018-06-01 07:00:00,0.5222644599299877,8426.008324546761,cand_011
2018-06-01 07:00:00,0.5221548113343271,8426.530479358094,cand_013
2018-06-01 07:00:00,0.5271758785499405,8427.057655236646,cand_014
2018-06-01 07:00:00,0.49031404625585057,8427.547969282901,cand_014
2018-06-01 07:00:00,0.604366284364134,8428.152335567265,cand_015
2018-06-04 07:00:00,0.5104507579966491,8428.662786325262,cand_003
2018-06-04 07:00:00,0.5093902926608961,8429.172176617922,cand_009
2018-06-04 07:00:00,0.5222644599299877,8429.694441077852,cand_011
2018-06-04 07:00:00,0.5221548113343271,8430.216595889186,cand_013
2018-06-04 07:00:00,0.5271758785499405,8430.743771767737,cand_014
2018-06-07 07:00:00,0.5104507579966491,8431.254222525733,cand_003
2018-06-07 07:00:00,0.6566499231364257,8431.910872448869,cand_007
2018-06-07 07:00:00,0.5093902926608961,8432.42026274153,cand_009
2018-06-07 07:00:00,0.5222644599299877,8432.94252720146,cand_011
2018-06-07 07:00:00,0.5221548113343271,8433.464682012795,cand_013
2018-06-07 07:00:00,0.5271758785499405,8433.991857891346,cand_014
2018-06-07 07:00:00,0.49031404625585057,8434.482171937601,cand_014
2018-06-07 07:00:00,0.604366284364134,8435.086538221964,cand_015
2018-06-11 07:00:00,0.5104507579966491,8435.59698897996,cand_003
2018-06-11 07:00:00,0.5093902926608961,8436.106379272622,cand_009
2018-06-11 07:00:00,0.5222644599299877,8436.62864373255,cand_011
2018-06-11 07:00:00,0.5221548113343271,8437.150798543886,cand_013
2018-06-11 07:00:00,0.5271758785499405,8437.677974422437,cand_014
2018-06-11 07:00:00,0.49031404625585057,8438.168288468692,cand_014
2018-06-11 07:00:00,0.604366284364134,8438.772654753055,cand_015
2018-06-11 09:07:40,0.0,8438.772654753055,cand_003
2018-06-11 09:07:40,0.0,8438.772654753055,cand_009
2018-06-11 09:07:40,0.0,8438.772654753055,cand_011
2018-06-11 09:07:40,0.0,8438.772654753055,cand_013
2018-06-11 09:07:40,0.0,8438.772654753055,cand_014
2018-06-11 09:07:40,0.0,8438.772654753055,cand_014
2018-06-11 09:07:40,0.0,8438.772654753055,cand_015
2018-06-11 13:00:00,7.803891294313476,8446.57654604737,cand_003
2018-06-11 13:00:00,7.787678650739229,8454.364224698109,cand_009
2018-06-11 13:00:00,7.9845019491649305,8462.348726647273,cand_011
2018-06-11 13:00:00,7.9828256156348,8470.33155226291,cand_013
2018-06-11 13:00:00,8.059588872654679,8478.391141135564,cand_014
2018-06-11 13:00:00,7.496036507170326,8485.887177642733,cand_014
2018-06-11 13:00:00,9.239693959190495,8495.126871601926,cand_015
2018-06-12 07:00:00,0.5104507579966491,8495.637322359922,cand_003
2018-06-12 07:00:00,0.5093902926608961,8496.146712652582,cand_009
2018-06-12 07:00:00,0.5222644599299877,8496.668977112513,cand_011
2018-06-12 07:00:00,0.5221548113343271,8497.191131923846,cand_013
2018-06-12 07:00:00,0.5271758785499405,8497.718307802395,cand_014
2018-06-12 07:00:00,0.49031404625585057,8498.208621848651,cand_014
2018-06-13 07:00:00,0.5104507579966491,8498.719072606647,cand_003
2018-06-13 07:00:00,0.5093902926608961,8499.22846289931,cand_009
2018-06-13 07:00:00,0.5222644599299877,8499.750727359238,cand_011
2018-06-13 07:00:00,0.5221548113343271,8500.272882170573,cand_013
2018-06-13 07:00:00,0.5271758785499405,8500.800058049124,cand_014
2018-06-13 07:00:00,0.49031404625585057,8501.29037209538,cand_014
2018-06-13 07:00:00,0.604366284364134,8501.894738379742,cand_015
2018-06-15 07:00:00,0.5104507579966491,8502.405189137738,cand_003
2018-06-15 07:00:00,0.6566499231364257,8503.061839060876,cand_007
2018-06-15 07:00:00,0.5093902926608961,8503.571229353536,cand_009
2018-06-15 07:00:00,0.5222644599299877,8504.093493813467,cand_011
2018-06-15 07:00:00,0.5221548113343271,8504.6156486248,cand_013
2018-06-15 07:00:00,0.5271758785499405,8505.142824503351,cand_014
2018-06-15 07:00:00,0.49031404625585057,8505.633138549607,cand_014
2018-06-15 07:00:00,0.604366284364134,8506.23750483397,cand_015
2018-06-15 09:00:40,0.0,8506.23750483397,cand_003
2018-06-15 09:00:40,0.0,8506.23750483397,cand_007
2018-06-15 09:00:40,0.0,8506.23750483397,cand_009
2018-06-15 09:00:40,0.0,8506.23750483397,cand_011
2018-06-15 09:00:40,0.0,8506.23750483397,cand_013
2018-06-15 09:00:40,0.0,8506.23750483397,cand_014
2018-06-15 09:00:40,0.0,8506.23750483397,cand_014
2018-06-15 09:00:40,0.0,8506.23750483397,cand_015
2018-06-15 13:00:00,-20.478083350218512,8485.759421483752,cand_003
2018-06-15 13:00:00,-26.343249857590724,8459.416171626162,cand_007
2018-06-15 13:00:00,-20.43553997616066,8438.980631650002,cand_009
2018-06-15 13:00:00,-20.952021274838334,8418.028610375164,cand_011
2018-06-15 13:00:00,-20.947622431177123,8397.080987943986,cand_013
2018-06-15 13:00:00,-21.149055833591735,8375.931932110394,cand_014
2018-06-15 13:00:00,-19.670245855675887,8356.261686254718,cand_014
2018-06-15 13:00:00,-24.245753290372907,8332.015932964347,cand_015
2018-06-19 08:53:20,0.0,8332.015932964347,cand_003
2018-06-19 08:53:20,0.0,8332.015932964347,cand_007
2018-06-19 08:53:20,0.0,8332.015932964347,cand_009
2018-06-19 08:53:20,0.0,8332.015932964347,cand_011
2018-06-19 08:53:20,0.0,8332.015932964347,cand_013
2018-06-19 08:53:20,0.0,8332.015932964347,cand_014
2018-06-19 08:53:20,0.0,8332.015932964347,cand_014
2018-06-19 08:53:20,0.0,8332.015932964347,cand_015
2018-06-19 13:00:00,-12.845343192409794,8319.170589771937,cand_003
2018-06-19 13:00:00,-16.524402183397818,8302.646187588538,cand_007
2018-06-19 13:00:00,-12.81865689413714,8289.827530694402,cand_009
2018-06-19 13:00:00,-13.142631526944045,8276.684899167456,cand_011
2018-06-19 13:00:00,-13.139872252283832,8263.545026915173,cand_013
2018-06-19 13:00:00,-13.26622593198027,8250.278800983193,cand_014
2018-06-19 13:00:00,-12.338608764014875,8237.94019221918,cand_014
2018-06-19 13:00:00,-15.208699791233915,8222.731492427945,cand_015
2018-06-21 07:00:00,0.5104507579966491,8223.241943185942,cand_003
2018-06-21 07:00:00,0.5093902926608961,8223.751333478602,cand_009
2018-06-21 07:00:00,0.5222644599299877,8224.273597938532,cand_011
2018-06-21 07:00:00,0.5221548113343271,8224.795752749866,cand_013
2018-06-21 07:00:00,0.5271758785499405,8225.322928628415,cand_014
2018-06-21 08:14:40,0.0,8225.322928628415,cand_003
2018-06-21 08:14:40,0.0,8225.322928628415,cand_009
2018-06-21 08:14:40,0.0,8225.322928628415,cand_011
2018-06-21 08:14:40,0.0,8225.322928628415,cand_013
2018-06-21 08:14:40,0.0,8225.322928628415,cand_014
2018-06-21 13:00:00,-19.907579561869316,8205.415349066547,cand_003
2018-06-21 13:00:00,-19.866221413774948,8185.549127652772,cand_009
2018-06-21 13:00:00,-20.368313937269523,8165.180813715502,cand_011
2018-06-21 13:00:00,-20.364037642038756,8144.816776073463,cand_013
2018-06-21 13:00:00,-20.55985926344768,8124.256916810015,cand_014
2018-06-28 07:00:00,0.49031404625585057,8124.747230856271,cand_014
2018-06-28 09:43:40,0.0,8124.747230856271,cand_014
2018-06-28 13:00:00,-10.466762787426363,8114.280468068845,cand_014
2018-07-02 07:00:00,0.5104507579966491,8114.790918826841,cand_003
2018-07-02 07:00:00,0.6566499231364257,8115.447568749978,cand_007
2018-07-02 07:00:00,0.5093902926608961,8115.956959042639,cand_009
2018-07-02 07:00:00,0.5222644599299877,8116.479223502569,cand_011
2018-07-02 07:00:00,0.5221548113343271,8117.001378313903,cand_013
2018-07-02 07:00:00,0.5271758785499405,8117.528554192453,cand_014
2018-07-02 07:00:00,0.49031404625585057,8118.018868238709,cand_014
2018-07-02 07:00:00,0.604366284364134,8118.623234523073,cand_015
2018-07-03 07:00:00,0.5104507579966491,8119.133685281069,cand_003
2018-07-03 07:00:00,0.5093902926608961,8119.64307557373,cand_009
2018-07-03 07:00:00,0.5222644599299877,8120.16534003366,cand_011
2018-07-03 07:00:00,0.5221548113343271,8120.687494844994,cand_013
2018-07-03 07:00:00,0.5271758785499405,8121.214670723544,cand_014
2018-07-03 07:00:00,0.49031404625585057,8121.7049847698,cand_014
2018-07-10 07:00:00,0.5104507579966491,8122.215435527796,cand_003
2018-07-10 07:00:00,0.5093902926608961,8122.724825820457,cand_009
2018-07-10 07:00:00,0.5222644599299877,8123.247090280387,cand_011
2018-07-10 07:00:00,0.49031404625585057,8123.737404326643,cand_014
2018-07-10 07:00:00,0.604366284364134,8124.341770611007,cand_015
2018-07-10 08:09:40,0.0,8124.341770611007,cand_003
2018-07-10 08:09:40,0.0,8124.341770611007,cand_009
2018-07-10 08:09:40,0.0,8124.341770611007,cand_011
2018-07-10 08:09:40,0.0,8124.341770611007,cand_014
2018-07-10 08:09:40,0.0,8124.341770611007,cand_015
2018-07-10 13:00:00,1.9427155319048939,8126.284486142911,cand_003
2018-07-10 13:00:00,1.938679525597646,8128.223165668509,cand_009
2018-07-10 13:00:00,1.9876770916158946,8130.210842760125,cand_011
2018-07-10 13:00:00,1.8660775760443253,8132.07692033617,cand_014
2018-07-10 13:00:00,2.3001469763740863,8134.377067312544,cand_015
2018-07-11 07:00:00,0.5104507579966491,8134.88751807054,cand_003
2018-07-11 07:00:00,0.6566499231364257,8135.544167993677,cand_007
2018-07-11 07:00:00,0.5093902926608961,8136.053558286338,cand_009
2018-07-11 07:00:00,0.5222644599299877,8136.5758227462675,cand_011
2018-07-11 07:00:00,0.5221548113343271,8137.097977557602,cand_013
2018-07-11 07:00:00,0.5271758785499405,8137.625153436152,cand_014
2018-07-11 07:00:00,0.49031404625585057,8138.115467482407,cand_014
2018-07-11 07:00:00,0.604366284364134,8138.719833766771,cand_015
2018-07-12 07:00:00,0.5104507579966491,8139.230284524768,cand_003
2018-07-12 07:00:00,0.6566499231364257,8139.886934447904,cand_007
2018-07-12 07:00:00,0.5093902926608961,8140.396324740565,cand_009
2018-07-12 07:00:00,0.5222644599299877,8140.918589200495,cand_011
2018-07-12 07:00:00,0.5221548113343271,8141.440744011829,cand_013
2018-07-12 07:00:00,0.5271758785499405,8141.96791989038,cand_014
2018-07-12 07:00:00,0.49031404625585057,8142.458233936635,cand_014
2018-07-12 07:00:00,0.604366284364134,8143.062600220999,cand_015
2018-07-13 07:00:00,0.5104507579966491,8143.5730509789955,cand_003
2018-07-13 07:00:00,0.5093902926608961,8144.0824412716565,cand_009
2018-07-13 07:00:00,0.5222644599299877,8144.604705731586,cand_011
2018-07-13 07:00:00,0.5221548113343271,8145.12686054292,cand_013
2018-07-13 07:00:00,0.5271758785499405,8145.654036421471,cand_014
2018-07-13 07:00:00,0.49031404625585057,8146.144350467726,cand_014
2018-07-16 07:00:00,0.5093902926608961,8146.653740760387,cand_009
2018-07-16 07:00:00,0.604366284364134,8147.258107044751,cand_015
2018-07-30 07:00:00,0.5104507579966491,8147.768557802748,cand_003
2018-07-30 07:00:00,0.6566499231364257,8148.425207725884,cand_007
2018-07-30 07:00:00,0.5093902926608961,8148.934598018545,cand_009
2018-07-30 07:00:00,0.5222644599299877,8149.456862478475,cand_011
2018-07-30 07:00:00,0.5221548113343271,8149.979017289809,cand_013
2018-07-30 07:00:00,0.5271758785499405,8150.5061931683595,cand_014
2018-07-30 07:00:00,0.49031404625585057,8150.996507214615,cand_014
2018-07-30 07:00:00,0.604366284364134,8151.600873498979,cand_015
2018-08-01 07:00:00,0.5104507579966491,8152.111324256975,cand_003
2018-08-01 07:00:00,0.6566499231364257,8152.767974180112,cand_007
2018-08-01 07:00:00,0.5093902926608961,8153.277364472773,cand_009
2018-08-01 07:00:00,0.5222644599299877,8153.799628932703,cand_011
2018-08-01 07:00:00,0.5221548113343271,8154.321783744037,cand_013
2018-08-01 07:00:00,0.5271758785499405,8154.848959622587,cand_014
2018-08-01 07:00:00,0.49031404625585057,8155.339273668843,cand_014
2018-08-01 07:00:00,0.604366284364134,8155.943639953207,cand_015
2018-08-01 09:19:40,0.0,8155.943639953207,cand_003
2018-08-01 09:19:40,0.0,8155.943639953207,cand_007
2018-08-01 09:19:40,0.0,8155.943639953207,cand_009
2018-08-01 09:19:40,0.0,8155.943639953207,cand_011
2018-08-01 09:19:40,0.0,8155.943639953207,cand_013
2018-08-01 09:19:40,0.0,8155.943639953207,cand_014
2018-08-01 09:19:40,0.0,8155.943639953207,cand_014
2018-08-01 09:19:40,0.0,8155.943639953207,cand_015
2018-08-01 13:00:00,-5.146544701213275,8150.797095251994,cand_003
2018-08-01 13:00:00,-6.620576283857845,8144.1765189681355,cand_007
2018-08-01 13:00:00,-5.13585271541633,8139.040666252719,cand_009
2018-08-01 13:00:00,-5.265654613647054,8133.7750116390725,cand_011
2018-08-01 13:00:00,-5.264549097806098,8128.510462541267,cand_013
2018-08-01 13:00:00,-5.315173269615284,8123.195289271652,cand_014
2018-08-01 13:00:00,-4.943519266367811,8118.251770005284,cand_014
2018-08-01 13:00:00,-6.093434184706622,8112.158335820577,cand_015
2018-08-10 07:22:40,0.0,8112.158335820577,cand_003
2018-08-10 07:22:40,0.0,8112.158335820577,cand_009
2018-08-10 07:22:40,0.0,8112.158335820577,cand_011
2018-08-10 07:22:40,0.0,8112.158335820577,cand_013
2018-08-10 07:22:40,0.0,8112.158335820577,cand_014
2018-08-10 07:22:40,0.0,8112.158335820577,cand_014
2018-08-10 13:00:00,-13.421852283794244,8098.7364835367825,cand_003
2018-08-10 13:00:00,-13.39396828349533,8085.342515253287,cand_009
2018-08-10 13:00:00,-13.732483152276739,8071.610032101011,cand_011
2018-08-10 13:00:00,-13.729600039202602,8057.880432061808,cand_013
2018-08-10 13:00:00,-13.861624571283732,8044.0188074905245,cand_014
2018-08-10 13:00:00,-12.892375216256777,8031.126432274268,cand_014
2018-08-14 07:00:00,0.5104507579966491,8031.636883032264,cand_003
2018-08-14 07:00:00,0.5093902926608961,8032.1462733249255,cand_009
2018-08-14 07:00:00,0.5222644599299877,8032.668537784855,cand_011
2018-08-14 07:00:00,0.5221548113343271,8033.190692596189,cand_013
2018-08-14 07:00:00,0.5271758785499405,8033.71786847474,cand_014
2018-08-14 09:18:40,0.0,8033.71786847474,cand_003
2018-08-14 09:18:40,0.0,8033.71786847474,cand_009
2018-08-14 09:18:40,0.0,8033.71786847474,cand_011
2018-08-14 09:18:40,0.0,8033.71786847474,cand_013
2018-08-14 09:18:40,0.0,8033.71786847474,cand_014
2018-08-14 13:00:00,-5.197589777012938,8028.520278697727,cand_003
2018-08-14 13:00:00,-5.186791744682418,8023.3334869530445,cand_009
2018-08-14 13:00:00,-5.317881059640052,8018.015605893404,cand_011
2018-08-14 13:00:00,-5.31676457893953,8012.6988413144645,cand_013
2018-08-14 13:00:00,-5.367890857470277,8007.330950456994,cand_014
2018-08-15 07:00:00,0.5104507579966491,8007.841401214991,cand_003
2018-08-15 07:00:00,0.6566499231364257,8008.498051138127,cand_007
2018-08-15 07:00:00,0.5093902926608961,8009.007441430788,cand_009
2018-08-15 07:00:00,0.5222644599299877,8009.529705890718,cand_011
2018-08-15 07:00:00,0.5221548113343271,8010.051860702052,cand_013
2018-08-15 07:00:00,0.5271758785499405,8010.579036580602,cand_014
2018-08-15 07:00:00,0.49031404625585057,8011.069350626858,cand_014
2018-08-15 07:00:00,0.604366284364134,8011.673716911222,cand_015
2018-08-22 07:00:00,0.5104507579966491,8012.184167669218,cand_003
2018-08-22 07:00:00,0.6566499231364257,8012.840817592355,cand_007
2018-08-22 07:00:00,0.5093902926608961,8013.350207885016,cand_009
2018-08-22 07:00:00,0.5222644599299877,8013.872472344946,cand_011
2018-08-22 07:00:00,0.5221548113343271,8014.39462715628,cand_013
2018-08-22 07:00:00,0.5271758785499405,8014.92180303483,cand_014
2018-08-22 07:00:00,0.49031404625585057,8015.412117081086,cand_014
2018-08-22 07:00:00,0.604366284364134,8016.01648336545,cand_015
2018-08-23 07:00:00,0.5104507579966491,8016.526934123446,cand_003
2018-08-23 07:00:00,0.6566499231364257,8017.183584046583,cand_007
2018-08-23 07:00:00,0.5093902926608961,8017.692974339244,cand_009
2018-08-23 07:00:00,0.5222644599299877,8018.215238799174,cand_011
2018-08-23 07:00:00,0.5221548113343271,8018.737393610508,cand_013
2018-08-23 07:00:00,0.5271758785499405,8019.264569489058,cand_014
2018-08-23 07:00:00,0.49031404625585057,8019.754883535314,cand_014
2018-08-23 07:00:00,0.604366284364134,8020.359249819678,cand_015
2018-08-24 07:00:00,0.5104507579966491,8020.869700577674,cand_003
2018-08-24 07:00:00,0.5093902926608961,8021.379090870335,cand_009
2018-08-24 07:00:00,0.5222644599299877,8021.901355330265,cand_011
2018-08-24 07:00:00,0.5221548113343271,8022.423510141599,cand_013
2018-08-24 07:00:00,0.5271758785499405,8022.950686020149,cand_014
2018-08-24 07:00:00,0.49031404625585057,8023.441000066405,cand_014
2018-08-28 07:00:00,0.5104507579966491,8023.951450824401,cand_003
2018-08-28 07:00:00,0.5093902926608961,8024.460841117062,cand_009
2018-08-28 07:00:00,0.5222644599299877,8024.983105576992,cand_011
2018-08-28 07:00:00,0.5221548113343271,8025.505260388326,cand_013
2018-08-28 07:00:00,0.5271758785499405,8026.032436266876,cand_014
2018-08-28 07:00:00,0.49031404625585057,8026.522750313132,cand_014
2018-08-28 07:00:00,0.604366284364134,8027.127116597496,cand_015
2018-09-04 07:00:00,0.5104507579966491,8027.637567355492,cand_003
2018-09-04 07:00:00,0.5093902926608961,8028.146957648153,cand_009
2018-09-04 07:00:00,0.5222644599299877,8028.669222108083,cand_011
2018-09-04 07:00:00,0.5221548113343271,8029.191376919417,cand_013
2018-09-04 07:00:00,0.5271758785499405,8029.718552797967,cand_014
2018-09-04 09:02:40,0.0,8029.718552797967,cand_003
2018-09-04 09:02:40,0.0,8029.718552797967,cand_009
2018-09-04 09:02:40,0.0,8029.718552797967,cand_011
2018-09-04 09:02:40,0.0,8029.718552797967,cand_013
2018-09-04 09:02:40,0.0,8029.718552797967,cand_014
2018-09-04 13:00:00,5.338714398341424,8035.057267196309,cand_003
2018-09-04 13:00:00,5.327623178535726,8040.384890374845,cand_009
2018-09-04 13:00:00,5.462271822091284,8045.847162196937,cand_011
2018-09-04 13:00:00,5.461125026779022,8051.3082872237155,cand_013
2018-09-04 13:00:00,5.513639482716438,8056.821926706432,cand_014
2018-09-05 07:00:00,0.5104507579966491,8057.332377464429,cand_003
2018-09-05 07:00:00,0.5093902926608961,8057.84176775709,cand_009
2018-09-05 07:00:00,0.5222644599299877,8058.3640322170195,cand_011
2018-09-05 07:00:00,0.5221548113343271,8058.886187028354,cand_013
2018-09-05 07:00:00,0.5271758785499405,8059.413362906904,cand_014
2018-09-11 07:00:00,0.5104507579966491,8059.9238136649,cand_003
2018-09-11 07:00:00,0.5093902926608961,8060.433203957561,cand_009
2018-09-11 07:00:00,0.5222644599299877,8060.955468417491,cand_011
2018-09-11 07:00:00,0.5221548113343271,8061.477623228825,cand_013
2018-09-11 07:00:00,0.5271758785499405,8062.004799107375,cand_014
2018-09-13 07:00:00,0.5104507579966491,8062.5152498653715,cand_003
2018-09-13 07:00:00,0.5093902926608961,8063.0246401580325,cand_009
2018-09-13 07:00:00,0.5222644599299877,8063.546904617962,cand_011
2018-09-13 07:00:00,0.5221548113343271,8064.069059429296,cand_013
2018-09-13 07:00:00,0.5271758785499405,8064.596235307847,cand_014
2018-09-13 07:00:00,0.49031404625585057,8065.086549354102,cand_014
2018-09-13 07:00:00,0.604366284364134,8065.690915638466,cand_015
2018-09-14 07:00:00,0.5104507579966491,8066.201366396463,cand_003
2018-09-14 07:00:00,0.6566499231364257,8066.858016319599,cand_007
2018-09-14 07:00:00,0.5093902926608961,8067.36740661226,cand_009
2018-09-14 07:00:00,0.5222644599299877,8067.88967107219,cand_011
2018-09-14 07:00:00,0.5221548113343271,8068.411825883524,cand_013
2018-09-14 07:00:00,0.5271758785499405,8068.939001762074,cand_014
2018-09-14 07:00:00,0.49031404625585057,8069.42931580833,cand_014
2018-09-14 07:00:00,0.604366284364134,8070.033682092694,cand_015
2018-09-18 07:00:00,0.5104507579966491,8070.54413285069,cand_003
2018-09-18 07:00:00,0.6566499231364257,8071.200782773827,cand_007
2018-09-18 07:00:00,0.5093902926608961,8071.710173066488,cand_009
2018-09-18 07:00:00,0.5222644599299877,8072.232437526418,cand_011
2018-09-18 07:00:00,0.5221548113343271,8072.754592337752,cand_013
2018-09-18 07:00:00,0.5271758785499405,8073.281768216302,cand_014
2018-09-18 07:00:00,0.49031404625585057,8073.772082262558,cand_014
2018-09-18 07:00:00,0.604366284364134,8074.376448546922,cand_015
2018-09-18 09:17:40,0.0,8074.376448546922,cand_003
2018-09-18 09:17:40,0.0,8074.376448546922,cand_007
2018-09-18 09:17:40,0.0,8074.376448546922,cand_009
2018-09-18 09:17:40,0.0,8074.376448546922,cand_011
2018-09-18 09:17:40,0.0,8074.376448546922,cand_013
2018-09-18 09:17:40,0.0,8074.376448546922,cand_014
2018-09-18 09:17:40,0.0,8074.376448546922,cand_014
2018-09-18 09:17:40,0.0,8074.376448546922,cand_015
2018-09-18 13:00:00,-7.293440536316828,8067.083008010605,cand_003
2018-09-18 13:00:00,-9.382368607637517,8057.700639402968,cand_007
2018-09-18 13:00:00,-7.278288358078334,8050.422351044889,cand_009
2018-09-18 13:00:00,-7.462237489234942,8042.960113555654,cand_011
2018-09-18 13:00:00,-7.460670804300474,8035.499442751354,cand_013
2018-09-18 13:00:00,-7.532412994104739,8027.967029757249,cand_014
2018-09-18 13:00:00,-7.005722460914476,8020.961307296335,cand_014
2018-09-18 13:00:00,-8.635327674826362,8012.325979621509,cand_015
2018-09-21 07:00:00,0.5104507579966491,8012.836430379505,cand_003
2018-09-21 07:00:00,0.6566499231364257,8013.493080302642,cand_007
2018-09-21 07:00:00,0.5093902926608961,8014.002470595303,cand_009
2018-09-21 07:00:00,0.5222644599299877,8014.524735055233,cand_011
2018-09-21 07:00:00,0.5221548113343271,8015.046889866567,cand_013
2018-09-21 07:00:00,0.5271758785499405,8015.574065745117,cand_014
2018-09-21 07:00:00,0.49031404625585057,8016.064379791373,cand_014
2018-09-21 07:00:00,0.604366284364134,8016.668746075737,cand_015
2018-09-21 09:47:40,0.0,8016.668746075737,cand_003
2018-09-21 09:47:40,0.0,8016.668746075737,cand_007
2018-09-21 09:47:40,0.0,8016.668746075737,cand_009
2018-09-21 09:47:40,0.0,8016.668746075737,cand_011
2018-09-21 09:47:40,0.0,8016.668746075737,cand_013
2018-09-21 09:47:40,0.0,8016.668746075737,cand_014
2018-09-21 09:47:40,0.0,8016.668746075737,cand_014
2018-09-21 09:47:40,0.0,8016.668746075737,cand_015
2018-09-21 13:00:00,-7.881960233771788,8008.786785841965,cand_003
2018-09-21 13:00:00,-10.139447342547749,7998.647338499417,cand_007
2018-09-21 13:00:00,-7.865585401381485,7990.781753098036,cand_009
2018-09-21 13:00:00,-8.0643776900954,7982.71737540794,cand_011
2018-09-21 13:00:00,-8.062684586780051,7974.65469082116,cand_013
2018-09-21 13:00:00,-8.140215771727023,7966.514475049434,cand_014
2018-09-21 13:00:00,-7.571025714244751,7958.943449335189,cand_014
2018-09-21 13:00:00,-9.332126449740304,7949.611322885449,cand_015
2018-09-28 07:00:00,0.5104507579966491,7950.1217736434455,cand_003
2018-09-28 07:00:00,0.5093902926608961,7950.6311639361065,cand_009
2018-09-28 07:00:00,0.5222644599299877,7951.153428396036,cand_011
2018-09-28 07:00:00,0.5221548113343271,7951.67558320737,cand_013
2018-09-28 07:00:00,0.5271758785499405,7952.202759085921,cand_014
2018-09-28 07:00:00,0.49031404625585057,7952.693073132176,cand_014
2018-10-01 07:00:00,0.5104507579966491,7953.203523890173,cand_003
2018-10-01 07:00:00,0.5093902926608961,7953.712914182834,cand_009
2018-10-01 07:00:00,0.5222644599299877,7954.2351786427635,cand_011
2018-10-01 07:00:00,0.5221548113343271,7954.7573334540975,cand_013
2018-10-01 07:00:00,0.49031404625585057,7955.247647500353,cand_014
2018-10-04 07:00:00,0.5104507579966491,7955.7580982583495,cand_003
2018-10-04 07:00:00,0.5093902926608961,7956.2674885510105,cand_009
2018-10-04 07:00:00,0.5222644599299877,7956.78975301094,cand_011
2018-10-04 07:00:00,0.5221548113343271,7957.311907822274,cand_013
2018-10-04 07:00:00,0.5271758785499405,7957.839083700825,cand_014
2018-10-04 07:00:00,0.49031404625585057,7958.32939774708,cand_014
2018-10-19 07:00:00,0.5104507579966491,7958.839848505077,cand_003
2018-10-19 07:00:00,0.5093902926608961,7959.349238797738,cand_009
2018-10-19 07:00:00,0.5222644599299877,7959.871503257667,cand_011
2018-10-19 07:00:00,0.5221548113343271,7960.3936580690015,cand_013
2018-10-19 07:00:00,0.5271758785499405,7960.920833947552,cand_014
2018-10-22 07:00:00,0.5104507579966491,7961.431284705548,cand_003
2018-10-22 07:00:00,0.6566499231364257,7962.087934628685,cand_007
2018-10-22 07:00:00,0.5093902926608961,7962.597324921346,cand_009
2018-10-22 07:00:00,0.5222644599299877,7963.119589381276,cand_011
2018-10-22 07:00:00,0.5221548113343271,7963.64174419261,cand_013
2018-10-22 07:00:00,0.5271758785499405,7964.16892007116,cand_014
2018-10-22 07:00:00,0.49031404625585057,7964.6592341174155,cand_014
2018-10-22 07:00:00,0.604366284364134,7965.2636004017795,cand_015
2018-10-22 09:33:20,0.0,7965.2636004017795,cand_003
2018-10-22 09:33:20,0.0,7965.2636004017795,cand_007
2018-10-22 09:33:20,0.0,7965.2636004017795,cand_009
2018-10-22 09:33:20,0.0,7965.2636004017795,cand_011
2018-10-22 09:33:20,0.0,7965.2636004017795,cand_013
2018-10-22 09:33:20,0.0,7965.2636004017795,cand_014
2018-10-22 09:33:20,0.0,7965.2636004017795,cand_014
2018-10-22 09:33:20,0.0,7965.2636004017795,cand_015
2018-10-22 13:00:00,2.9816329570039564,7968.2452333587835,cand_003
2018-10-22 13:00:00,3.835608080438063,7972.080841439221,cand_007
2018-10-22 13:00:00,2.9754385918368818,7975.056280031058,cand_009
2018-10-22 13:00:00,3.050638874767517,7978.106918905825,cand_011
2018-10-22 13:00:00,3.0499983979705108,7981.156917303796,cand_013
2018-10-22 13:00:00,3.079327337647594,7984.236244641444,cand_014
2018-10-22 13:00:00,2.864010870188586,7987.100255511632,cand_014
2018-10-22 13:00:00,3.530210119844618,7990.630465631477,cand_015
2018-10-23 09:43:40,0.0,7990.630465631477,cand_003
2018-10-23 09:43:40,0.0,7990.630465631477,cand_007
2018-10-23 09:43:40,0.0,7990.630465631477,cand_009
2018-10-23 09:43:40,0.0,7990.630465631477,cand_011
2018-10-23 09:43:40,0.0,7990.630465631477,cand_013
2018-10-23 09:43:40,0.0,7990.630465631477,cand_014
2018-10-23 09:43:40,0.0,7990.630465631477,cand_014
2018-10-23 09:43:40,0.0,7990.630465631477,cand_015
2018-10-23 13:00:00,2.6723598506883395,7993.302825482166,cand_003
2018-10-23 13:00:00,3.437755479949523,7996.740580962115,cand_007
2018-10-23 13:00:00,2.6668080027541037,7999.407388964869,cand_009
2018-10-23 13:00:00,2.734208054927583,8002.141597019797,cand_011
2018-10-23 13:00:00,2.7336340122797127,8004.875231032077,cand_013
2018-10-23 13:00:00,2.7599207759379243,8007.635151808015,cand_014
2018-10-23 13:00:00,2.5669382421629825,8010.2020900501775,cand_014
2018-10-23 13:00:00,3.1640352534357605,8013.366125303613,cand_015
2018-10-24 07:00:00,0.5104507579966491,8013.87657606161,cand_003
2018-10-24 07:00:00,0.5093902926608961,8014.385966354271,cand_009
2018-10-24 07:00:00,0.5222644599299877,8014.908230814201,cand_011
2018-10-24 07:00:00,0.5221548113343271,8015.430385625535,cand_013
2018-10-24 07:00:00,0.5271758785499405,8015.957561504085,cand_014
2018-10-24 07:00:00,0.49031404625585057,8016.4478755503405,cand_014
2018-10-30 07:00:00,0.5104507579966491,8016.958326308337,cand_003
2018-10-30 07:00:00,0.6566499231364257,8017.6149762314735,cand_007
2018-10-30 07:00:00,0.5093902926608961,8018.1243665241345,cand_009
2018-10-30 07:00:00,0.5222644599299877,8018.646630984064,cand_011
2018-10-30 07:00:00,0.5221548113343271,8019.168785795398,cand_013
2018-10-30 07:00:00,0.5271758785499405,8019.695961673949,cand_014
2018-10-30 07:00:00,0.49031404625585057,8020.186275720204,cand_014
2018-10-30 07:00:00,0.604366284364134,8020.790642004568,cand_015
2018-10-31 07:00:00,0.5104507579966491,8021.301092762565,cand_003
2018-10-31 07:00:00,0.5093902926608961,8021.810483055226,cand_009
2018-10-31 07:00:00,0.5222644599299877,8022.3327475151555,cand_011
2018-10-31 07:00:00,0.5221548113343271,8022.8549023264895,cand_013
2018-10-31 07:00:00,0.5271758785499405,8023.38207820504,cand_014
2018-11-08 07:00:00,0.604366284364134,8023.986444489404,cand_015
2018-11-09 07:00:00,0.5104507579966491,8024.4968952474,cand_003
2018-11-09 07:00:00,0.5093902926608961,8025.006285540061,cand_009
2018-11-09 07:00:00,0.5222644599299877,8025.528549999991,cand_011
2018-11-09 07:00:00,0.5221548113343271,8026.050704811325,cand_013
2018-11-09 07:00:00,0.5271758785499405,8026.577880689875,cand_014
2018-11-12 07:00:00,0.604366284364134,8027.182246974239,cand_015
2018-11-12 08:41:40,0.0,8027.182246974239,cand_015
2018-11-12 13:00:00,-14.977618564859393,8012.204628409379,cand_015
2018-11-13 07:00:00,0.5104507579966491,8012.715079167376,cand_003
2018-11-13 07:00:00,0.6566499231364257,8013.371729090512,cand_007
2018-11-13 07:00:00,0.5093902926608961,8013.881119383173,cand_009
2018-11-13 07:00:00,0.5222644599299877,8014.403383843103,cand_011
2018-11-13 07:00:00,0.5221548113343271,8014.925538654437,cand_013
2018-11-13 07:00:00,0.5271758785499405,8015.452714532988,cand_014
2018-11-13 07:00:00,0.49031404625585057,8015.943028579243,cand_014
2018-11-13 07:00:00,0.604366284364134,8016.547394863607,cand_015
2018-11-21 07:00:00,0.5104507579966491,8017.0578456216035,cand_003
2018-11-21 07:00:00,0.5093902926608961,8017.5672359142645,cand_009
2018-11-26 07:00:00,0.5104507579966491,8018.077686672261,cand_003
2018-11-26 07:00:00,0.5093902926608961,8018.587076964922,cand_009
2018-11-26 07:00:00,0.5222644599299877,8019.109341424852,cand_011
2018-11-26 07:00:00,0.49031404625585057,8019.599655471107,cand_014
2018-11-26 07:00:00,0.604366284364134,8020.204021755471,cand_015
2018-12-07 07:00:00,0.5104507579966491,8020.714472513468,cand_003
2018-12-07 07:00:00,0.6566499231364257,8021.371122436604,cand_007
2018-12-07 07:00:00,0.5093902926608961,8021.880512729265,cand_009
2018-12-07 07:00:00,0.5222644599299877,8022.402777189195,cand_011
2018-12-07 07:00:00,0.5221548113343271,8022.924932000529,cand_013
2018-12-07 07:00:00,0.5271758785499405,8023.452107879079,cand_014
2018-12-07 07:00:00,0.49031404625585057,8023.942421925335,cand_014
2018-12-07 07:00:00,0.604366284364134,8024.546788209699,cand_015
2018-12-11 07:00:00,0.5104507579966491,8025.057238967695,cand_003
2018-12-11 07:00:00,0.5093902926608961,8025.566629260356,cand_009
2018-12-11 07:00:00,0.5222644599299877,8026.088893720286,cand_011
2018-12-11 07:00:00,0.5271758785499405,8026.6160695988365,cand_014
2018-12-13 07:00:00,0.604366284364134,8027.2204358832005,cand_015
2018-12-20 07:43:40,0.0,8027.2204358832005,cand_003
2018-12-20 07:43:40,0.0,8027.2204358832005,cand_007
2018-12-20 07:43:40,0.0,8027.2204358832005,cand_009
2018-12-20 07:43:40,0.0,8027.2204358832005,cand_011
2018-12-20 07:43:40,0.0,8027.2204358832005,cand_013
2018-12-20 07:43:40,0.0,8027.2204358832005,cand_014
2018-12-20 07:43:40,0.0,8027.2204358832005,cand_014
2018-12-20 07:43:40,0.0,8027.2204358832005,cand_015
2018-12-20 13:00:00,18.592418197148536,8045.812854080349,cand_003
2018-12-20 13:00:00,23.917507788592633,8069.730361868942,cand_007
2018-12-20 13:00:00,18.553792306801583,8088.284154175743,cand_009
2018-12-20 13:00:00,19.02271491697932,8107.306869092723,cand_011
2018-12-20 13:00:00,19.018721128130316,8126.325590220853,cand_013
2018-12-20 13:00:00,19.20160611753666,8145.527196338389,cand_014
2018-12-20 13:00:00,17.858968084801333,8163.386164423191,cand_014
2018-12-20 13:00:00,22.013153134015987,8185.399317557207,cand_015
2018-12-27 07:00:00,0.5104507579966491,8185.909768315203,cand_003
2018-12-27 07:00:00,0.6566499231364257,8186.56641823834,cand_007
2018-12-27 07:00:00,0.5093902926608961,8187.075808531001,cand_009
2018-12-27 07:00:00,0.5222644599299877,8187.598072990931,cand_011
2018-12-27 07:00:00,0.5221548113343271,8188.120227802265,cand_013
2018-12-27 07:00:00,0.5271758785499405,8188.647403680815,cand_014
2018-12-27 07:00:00,0.49031404625585057,8189.137717727071,cand_014
2018-12-27 07:00:00,0.604366284364134,8189.742084011435,cand_015
2018-12-28 09:56:40,0.0,8189.742084011435,cand_003
2018-12-28 09:56:40,0.0,8189.742084011435,cand_007
2018-12-28 09:56:40,0.0,8189.742084011435,cand_009
2018-12-28 09:56:40,0.0,8189.742084011435,cand_011
2018-12-28 09:56:40,0.0,8189.742084011435,cand_013
2018-12-28 09:56:40,0.0,8189.742084011435,cand_014
2018-12-28 09:56:40,0.0,8189.742084011435,cand_014
2018-12-28 09:56:40,0.0,8189.742084011435,cand_015
2018-12-28 13:00:00,3.7022693212345197,8193.44435333267,cand_003
2018-12-28 13:00:00,4.762643266042429,8198.206996598712,cand_007
2018-12-28 13:00:00,3.6945778285346176,8201.901574427247,cand_009
2018-12-28 13:00:00,3.787953406433382,8205.68952783368,cand_011
2018-12-28 13:00:00,3.7871581316189724,8209.4766859653,cand_013
2018-12-28 13:00:00,3.823575636776922,8213.300261602075,cand_014
2018-12-28 13:00:00,3.5562189354909632,8216.856480537566,cand_014
2018-12-28 13:00:00,4.383433109535161,8221.239913647101,cand_015
2019-01-02 08:10:40,0.0,8221.239913647101,cand_003
2019-01-02 08:10:40,0.0,8221.239913647101,cand_007
2019-01-02 08:10:40,0.0,8221.239913647101,cand_009
2019-01-02 08:10:40,0.0,8221.239913647101,cand_011
2019-01-02 08:10:40,0.0,8221.239913647101,cand_013
2019-01-02 08:10:40,0.0,8221.239913647101,cand_014
2019-01-02 08:10:40,0.0,8221.239913647101,cand_014
2019-01-02 08:10:40,0.0,8221.239913647101,cand_015
2019-01-02 13:00:00,7.212368945340889,8228.452282592443,cand_003
2019-01-02 13:00:00,9.278077149257026,8237.7303597417,cand_007
2019-01-02 13:00:00,7.197385193949838,8244.927744935649,cand_009
2019-01-02 13:00:00,7.379289604422533,8252.307034540072,cand_011
2019-01-02 13:00:00,7.377740334265021,8259.684774874337,cand_013
2019-01-02 13:00:00,7.448685060452689,8267.13345993479,cand_014
2019-01-02 13:00:00,6.927849053567959,8274.061308988357,cand_014
2019-01-02 13:00:00,8.539340088486176,8282.600649076843,cand_015
2019-01-04 07:00:00,0.5104507579966491,8283.11109983484,cand_003
2019-01-04 07:00:00,0.6566499231364257,8283.767749757975,cand_007
2019-01-04 07:00:00,0.5093902926608961,8284.277140050637,cand_009
2019-01-04 07:00:00,0.5222644599299877,8284.799404510566,cand_011
2019-01-04 07:00:00,0.5221548113343271,8285.321559321901,cand_013
2019-01-04 07:00:00,0.5271758785499405,8285.848735200452,cand_014
2019-01-04 07:00:00,0.49031404625585057,8286.339049246708,cand_014
2019-01-04 07:00:00,0.604366284364134,8286.94341553107,cand_015
2019-01-07 07:00:00,0.5104507579966491,8287.453866289066,cand_003
2019-01-07 07:00:00,0.6566499231364257,8288.110516212204,cand_007
2019-01-07 07:00:00,0.5093902926608961,8288.619906504864,cand_009
2019-01-07 07:00:00,0.5222644599299877,8289.142170964795,cand_011
2019-01-07 07:00:00,0.5221548113343271,8289.664325776128,cand_013
2019-01-07 07:00:00,0.5271758785499405,8290.191501654679,cand_014
2019-01-07 07:00:00,0.49031404625585057,8290.681815700935,cand_014
2019-01-07 07:00:00,0.604366284364134,8291.286181985299,cand_015
2019-01-08 07:00:00,0.5104507579966491,8291.796632743295,cand_003
2019-01-08 07:00:00,0.6566499231364257,8292.453282666433,cand_007
2019-01-08 07:00:00,0.5093902926608961,8292.962672959093,cand_009
2019-01-08 07:00:00,0.5222644599299877,8293.484937419023,cand_011
2019-01-08 07:00:00,0.5221548113343271,8294.007092230357,cand_013
2019-01-08 07:00:00,0.5271758785499405,8294.534268108906,cand_014
2019-01-08 07:00:00,0.49031404625585057,8295.024582155162,cand_014
2019-01-08 07:00:00,0.604366284364134,8295.628948439527,cand_015
2019-01-09 07:00:00,0.5104507579966491,8296.139399197524,cand_003
2019-01-09 07:00:00,0.5093902926608961,8296.648789490184,cand_009
2019-01-09 07:00:00,0.5222644599299877,8297.171053950115,cand_011
2019-01-09 07:00:00,0.5221548113343271,8297.693208761448,cand_013
2019-01-09 07:00:00,0.5271758785499405,8298.220384639997,cand_014
2019-01-09 07:00:00,0.49031404625585057,8298.710698686253,cand_014
2019-01-15 07:00:00,0.5104507579966491,8299.221149444249,cand_003
2019-01-15 07:00:00,0.6566499231364257,8299.877799367387,cand_007
2019-01-15 07:00:00,0.5093902926608961,8300.387189660047,cand_009
2019-01-15 07:00:00,0.5222644599299877,8300.909454119977,cand_011
2019-01-15 07:00:00,0.5221548113343271,8301.43160893131,cand_013
2019-01-15 07:00:00,0.5271758785499405,8301.958784809862,cand_014
2019-01-15 07:00:00,0.49031404625585057,8302.449098856117,cand_014
2019-01-15 07:00:00,0.604366284364134,8303.053465140481,cand_015
2019-01-15 07:16:40,0.0,8303.053465140481,cand_003
2019-01-15 07:16:40,0.0,8303.053465140481,cand_007
2019-01-15 07:16:40,0.0,8303.053465140481,cand_009
2019-01-15 07:16:40,0.0,8303.053465140481,cand_011
2019-01-15 07:16:40,0.0,8303.053465140481,cand_013
2019-01-15 07:16:40,0.0,8303.053465140481,cand_014
2019-01-15 07:16:40,0.0,8303.053465140481,cand_014
2019-01-15 07:16:40,0.0,8303.053465140481,cand_015
2019-01-15 13:00:00,-11.289969706278828,8291.763495434203,cand_003
2019-01-15 13:00:00,-14.523551241135063,8277.239944193068,cand_007
2019-01-15 13:00:00,-11.266514708264527,8265.973429484802,cand_009
2019-01-15 13:00:00,-11.551260996098554,8254.422168488705,cand_011
2019-01-15 13:00:00,-11.548835827159236,8242.873332661544,cand_013
2019-01-15 13:00:00,-11.659890019692803,8231.213442641852,cand_014
2019-01-15 13:00:00,-10.844593023070578,8220.36884961878,cand_014
2019-01-15 13:00:00,-13.367160171818494,8207.001689446963,cand_015
2019-01-16 07:00:00,0.5104507579966491,8207.512140204959,cand_003
2019-01-16 07:00:00,0.5093902926608961,8208.02153049762,cand_009
2019-01-16 07:00:00,0.5222644599299877,8208.54379495755,cand_011
2019-01-16 07:00:00,0.5221548113343271,8209.065949768883,cand_013
2019-01-16 07:00:00,0.5271758785499405,8209.593125647432,cand_014
2019-01-17 07:00:00,0.5104507579966491,8210.103576405429,cand_003
2019-01-17 07:00:00,0.5093902926608961,8210.61296669809,cand_009
2019-01-17 07:00:00,0.5222644599299877,8211.13523115802,cand_011
2019-01-17 07:00:00,0.5221548113343271,8211.657385969354,cand_013
2019-01-17 07:00:00,0.5271758785499405,8212.184561847906,cand_014
2019-01-17 07:00:00,0.49031404625585057,8212.674875894161,cand_014
2019-01-18 07:00:00,0.5104507579966491,8213.185326652158,cand_003
2019-01-18 07:00:00,0.6566499231364257,8213.841976575293,cand_007
2019-01-18 07:00:00,0.5093902926608961,8214.351366867955,cand_009
2019-01-18 07:00:00,0.5222644599299877,8214.873631327884,cand_011
2019-01-18 07:00:00,0.5221548113343271,8215.39578613922,cand_013
2019-01-18 07:00:00,0.5271758785499405,8215.922962017768,cand_014
2019-01-18 07:00:00,0.49031404625585057,8216.413276064024,cand_014
2019-01-18 07:00:00,0.604366284364134,8217.017642348388,cand_015
2019-01-21 07:00:00,0.5104507579966491,8217.528093106384,cand_003
2019-01-21 07:00:00,0.5093902926608961,8218.037483399046,cand_009
2019-01-21 07:00:00,0.5222644599299877,8218.559747858975,cand_011
2019-01-21 07:00:00,0.5221548113343271,8219.08190267031,cand_013
2019-01-21 07:00:00,0.5271758785499405,8219.60907854886,cand_014
2019-01-21 07:00:00,0.49031404625585057,8220.099392595115,cand_014
2019-01-23 07:00:00,0.5104507579966491,8220.609843353112,cand_003
2019-01-23 07:00:00,0.6566499231364257,8221.26649327625,cand_007
2019-01-23 07:00:00,0.5093902926608961,8221.77588356891,cand_009
2019-01-23 07:00:00,0.5222644599299877,8222.29814802884,cand_011
2019-01-23 07:00:00,0.5221548113343271,8222.820302840173,cand_013
2019-01-23 07:00:00,0.5271758785499405,8223.347478718722,cand_014
2019-01-23 07:00:00,0.49031404625585057,8223.837792764978,cand_014
2019-01-23 07:00:00,0.604366284364134,8224.442159049344,cand_015
2019-01-25 07:00:00,0.5104507579966491,8224.95260980734,cand_003
2019-01-25 07:00:00,0.5093902926608961,8225.4620001,cand_009
2019-01-25 07:00:00,0.5222644599299877,8225.984264559931,cand_011
2019-01-25 07:00:00,0.5221548113343271,8226.506419371264,cand_013
2019-01-25 07:00:00,0.5271758785499405,8227.033595249814,cand_014
2019-02-04 07:00:00,0.5104507579966491,8227.54404600781,cand_003
2019-02-04 07:00:00,0.6566499231364257,8228.200695930947,cand_007
2019-02-04 07:00:00,0.5093902926608961,8228.710086223608,cand_009
2019-02-04 07:00:00,0.5222644599299877,8229.232350683538,cand_011
2019-02-04 07:00:00,0.5221548113343271,8229.754505494871,cand_013
2019-02-04 07:00:00,0.5271758785499405,8230.281681373423,cand_014
2019-02-04 07:00:00,0.49031404625585057,8230.771995419678,cand_014
2019-02-04 07:00:00,0.604366284364134,8231.376361704042,cand_015
2019-02-07 07:00:00,0.5104507579966491,8231.886812462039,cand_003
2019-02-07 07:00:00,0.5093902926608961,8232.396202754699,cand_009
2019-02-07 07:00:00,0.5222644599299877,8232.91846721463,cand_011
2019-02-07 07:00:00,0.5221548113343271,8233.440622025963,cand_013
2019-02-07 07:00:00,0.49031404625585057,8233.930936072218,cand_014
2019-02-07 07:00:00,0.604366284364134,8234.535302356584,cand_015
2019-02-11 07:00:00,0.6566499231364257,8235.19195227972,cand_007
2019-02-11 07:00:00,0.5222644599299877,8235.714216739649,cand_011
2019-02-11 07:00:00,0.5221548113343271,8236.236371550984,cand_013
2019-02-11 07:00:00,0.5271758785499405,8236.763547429535,cand_014
2019-02-11 07:00:00,0.604366284364134,8237.367913713897,cand_015
2019-02-12 07:00:00,0.5104507579966491,8237.878364471893,cand_003
2019-02-12 07:00:00,0.5093902926608961,8238.387754764555,cand_009
2019-02-12 07:00:00,0.5222644599299877,8238.910019224484,cand_011
2019-02-12 07:00:00,0.5221548113343271,8239.43217403582,cand_013
2019-02-12 07:00:00,0.5271758785499405,8239.95934991437,cand_014
2019-02-13 07:00:00,0.5104507579966491,8240.469800672367,cand_003
2019-02-13 07:00:00,0.5093902926608961,8240.979190965027,cand_009
2019-02-13 07:00:00,0.49031404625585057,8241.469505011282,cand_014
2019-02-13 07:00:00,0.604366284364134,8242.073871295646,cand_015
2019-02-14 07:00:01,0.5104507579966491,8242.584322053643,cand_003
2019-02-14 07:00:01,0.5093902926608961,8243.093712346305,cand_009
2019-02-14 07:00:01,0.5222644599299877,8243.615976806233,cand_011
2019-02-14 07:00:01,0.5221548113343271,8244.138131617568,cand_013
2019-02-14 07:00:01,0.5271758785499405,8244.665307496118,cand_014
2019-02-20 07:00:00,0.5104507579966491,8245.175758254114,cand_003
2019-02-20 07:00:00,0.5093902926608961,8245.685148546774,cand_009
2019-02-20 07:00:00,0.5222644599299877,8246.207413006705,cand_011
2019-02-20 07:00:00,0.5221548113343271,8246.729567818038,cand_013
2019-02-20 07:00:00,0.5271758785499405,8247.25674369659,cand_014
2019-02-20 07:00:00,0.49031404625585057,8247.747057742845,cand_014
2019-02-20 07:00:00,0.604366284364134,8248.351424027209,cand_015
2019-02-21 07:00:00,0.5104507579966491,8248.861874785205,cand_003
2019-02-21 07:00:00,0.5093902926608961,8249.371265077865,cand_009
2019-02-21 07:00:00,0.5222644599299877,8249.893529537796,cand_011
2019-02-21 07:00:00,0.5221548113343271,8250.41568434913,cand_013
2019-02-21 07:00:00,0.5271758785499405,8250.94286022768,cand_014
2019-03-01 07:00:00,0.5104507579966491,8251.453310985677,cand_003
2019-03-01 07:00:00,0.5093902926608961,8251.962701278338,cand_009
2019-03-01 07:00:00,0.49031404625585057,8252.453015324594,cand_014
2019-03-01 07:00:00,0.604366284364134,8253.057381608956,cand_015
2019-03-08 07:52:40,0.0,8253.057381608956,cand_003
2019-03-08 07:52:40,0.0,8253.057381608956,cand_007
2019-03-08 07:52:40,0.0,8253.057381608956,cand_009
2019-03-08 07:52:40,0.0,8253.057381608956,cand_011
2019-03-08 07:52:40,0.0,8253.057381608956,cand_013
2019-03-08 07:52:40,0.0,8253.057381608956,cand_014
2019-03-08 07:52:40,0.0,8253.057381608956,cand_014
2019-03-08 07:52:40,0.0,8253.057381608956,cand_015
2019-03-08 13:00:00,-5.83114924723231,8247.226232361725,cand_003
2019-03-08 13:00:00,-7.5012597101819924,8239.724972651544,cand_007
2019-03-08 13:00:00,-5.819034990279179,8233.905937661264,cand_009
2019-03-08 13:00:00,-5.966103418729626,8227.939834242534,cand_011
2019-03-08 13:00:00,-5.964850844772137,8221.974983397762,cand_013
2019-03-08 13:00:00,-6.022209153788145,8215.952774243975,cand_014
2019-03-08 13:00:00,-5.6011169284050695,8210.35165731557,cand_014
2019-03-08 13:00:00,-6.9039960249126375,8203.447661290658,cand_015
2019-03-12 07:00:00,0.5093902926608961,8203.957051583318,cand_009
2019-03-12 07:00:00,0.604366284364134,8204.561417867682,cand_015
2019-03-14 07:00:00,0.5104507579966491,8205.071868625679,cand_003
2019-03-14 07:00:00,0.6566499231364257,8205.728518548814,cand_007
2019-03-14 07:00:00,0.5093902926608961,8206.237908841476,cand_009
2019-03-14 07:00:00,0.5222644599299877,8206.760173301405,cand_011
2019-03-14 07:00:00,0.5221548113343271,8207.28232811274,cand_013
2019-03-14 07:00:00,0.5271758785499405,8207.809503991291,cand_014
2019-03-14 07:00:00,0.49031404625585057,8208.299818037547,cand_014
2019-03-14 07:00:00,0.604366284364134,8208.90418432191,cand_015
2019-03-15 07:00:00,0.5104507579966491,8209.414635079906,cand_003
2019-03-15 07:00:00,0.6566499231364257,8210.071285003043,cand_007
2019-03-15 07:00:00,0.5093902926608961,8210.580675295703,cand_009
2019-03-15 07:00:00,0.5222644599299877,8211.102939755634,cand_011
2019-03-15 07:00:00,0.5221548113343271,8211.625094566967,cand_013
2019-03-15 07:00:00,0.5271758785499405,8212.152270445518,cand_014
2019-03-15 07:00:00,0.49031404625585057,8212.642584491774,cand_014
2019-03-15 07:00:00,0.604366284364134,8213.246950776138,cand_015
2019-03-20 07:00:00,0.5104507579966491,8213.757401534134,cand_003
2019-03-20 07:00:00,0.5093902926608961,8214.266791826794,cand_009
2019-03-20 07:00:00,0.5222644599299877,8214.789056286725,cand_011
2019-03-20 07:00:00,0.49031404625585057,8215.27937033298,cand_014
2019-03-20 07:00:00,0.604366284364134,8215.883736617345,cand_015
2019-03-27 07:00:00,0.5104507579966491,8216.394187375341,cand_003
2019-03-27 07:00:00,0.5093902926608961,8216.903577668003,cand_009
2019-03-27 07:00:00,0.5222644599299877,8217.425842127932,cand_011
2019-03-27 07:00:00,0.5221548113343271,8217.947996939267,cand_013
2019-03-27 07:00:00,0.5271758785499405,8218.475172817816,cand_014
2019-03-27 07:00:00,0.49031404625585057,8218.965486864072,cand_014
2019-03-29 07:00:00,0.5104507579966491,8219.475937622068,cand_003
2019-03-29 07:00:00,0.5093902926608961,8219.985327914728,cand_009
2019-03-29 07:00:00,0.5222644599299877,8220.507592374659,cand_011
2019-03-29 07:00:00,0.5221548113343271,8221.029747185992,cand_013
2019-03-29 07:00:00,0.5271758785499405,8221.556923064543,cand_014
2019-03-29 07:00:00,0.49031404625585057,8222.047237110799,cand_014
2019-03-29 07:00:00,0.604366284364134,8222.651603395163,cand_015
2019-04-01 07:00:00,0.5104507579966491,8223.16205415316,cand_003
2019-04-01 07:00:00,0.5093902926608961,8223.67144444582,cand_009
2019-04-01 07:00:00,0.5222644599299877,8224.19370890575,cand_011
2019-04-01 07:00:00,0.5221548113343271,8224.715863717083,cand_013
2019-04-01 07:00:00,0.5271758785499405,8225.243039595634,cand_014
2019-04-01 07:00:00,0.49031404625585057,8225.73335364189,cand_014
2019-04-01 07:00:00,0.604366284364134,8226.337719926254,cand_015
2019-04-03 07:00:00,0.5104507579966491,8226.84817068425,cand_003
2019-04-03 07:00:00,0.5093902926608961,8227.35756097691,cand_009
2019-04-03 07:00:00,0.5222644599299877,8227.879825436841,cand_011
2019-04-03 07:00:00,0.5221548113343271,8228.401980248174,cand_013
2019-04-25 07:00:00,0.5104507579966491,8228.91243100617,cand_003
2019-04-25 07:00:00,0.6566499231364257,8229.569080929308,cand_007
2019-04-25 07:00:00,0.5093902926608961,8230.078471221968,cand_009
2019-04-25 07:00:00,0.5222644599299877,8230.6007356819,cand_011
2019-04-25 07:00:00,0.5221548113343271,8231.122890493232,cand_013
2019-04-25 07:00:00,0.5271758785499405,8231.650066371783,cand_014
2019-04-25 07:00:00,0.49031404625585057,8232.140380418039,cand_014
2019-04-25 07:00:00,0.604366284364134,8232.744746702403,cand_015
2019-05-02 07:00:00,0.5104507579966491,8233.2551974604,cand_003
2019-05-02 07:00:00,0.6566499231364257,8233.911847383537,cand_007
2019-05-02 07:00:00,0.5093902926608961,8234.421237676197,cand_009
2019-05-02 07:00:00,0.5222644599299877,8234.943502136128,cand_011
2019-05-02 07:00:00,0.5221548113343271,8235.465656947461,cand_013
2019-05-02 07:00:00,0.5271758785499405,8235.99283282601,cand_014
2019-05-02 07:00:00,0.49031404625585057,8236.483146872266,cand_014
2019-05-02 07:00:00,0.604366284364134,8237.087513156632,cand_015
2019-05-14 07:00:00,0.5104507579966491,8237.597963914628,cand_003
2019-05-14 07:00:00,0.6566499231364257,8238.254613837764,cand_007
2019-05-14 07:00:00,0.5093902926608961,8238.764004130426,cand_009
2019-05-14 07:00:00,0.5222644599299877,8239.286268590355,cand_011
2019-05-14 07:00:00,0.5221548113343271,8239.80842340169,cand_013
2019-05-14 07:00:00,0.5271758785499405,8240.335599280239,cand_014
2019-05-14 07:00:00,0.49031404625585057,8240.825913326495,cand_014
2019-05-14 07:00:00,0.604366284364134,8241.430279610859,cand_015
2019-05-17 09:29:40,0.0,8241.430279610859,cand_003
2019-05-17 09:29:40,0.0,8241.430279610859,cand_007
2019-05-17 09:29:40,0.0,8241.430279610859,cand_009
2019-05-17 09:29:40,0.0,8241.430279610859,cand_011
2019-05-17 09:29:40,0.0,8241.430279610859,cand_013
2019-05-17 09:29:40,0.0,8241.430279610859,cand_014
2019-05-17 09:29:40,0.0,8241.430279610859,cand_014
2019-05-17 09:29:40,0.0,8241.430279610859,cand_015
2019-05-17 13:00:00,-9.686553795865823,8231.743725814993,cand_003
2019-05-17 13:00:00,-12.460897953165349,8219.282827861829,cand_007
2019-05-17 13:00:00,-9.666429906612064,8209.616397955215,cand_009
2019-05-17 13:00:00,-9.910736163142003,8199.705661792073,cand_011
2019-05-17 13:00:00,-9.908655419791407,8189.797006372282,cand_013
2019-05-17 13:00:00,-10.003937554130047,8179.793068818152,cand_014
2019-05-17 13:00:00,-9.304430077772787,8170.488638740379,cand_014
2019-05-17 13:00:00,-11.468739019757036,8159.019899720623,cand_015
2019-05-20 07:00:00,0.5104507579966491,8159.530350478619,cand_003
2019-05-20 07:00:00,0.5093902926608961,8160.03974077128,cand_009
2019-05-20 07:00:00,0.5222644599299877,8160.56200523121,cand_011
2019-05-20 07:00:00,0.5221548113343271,8161.084160042544,cand_013
2019-05-20 07:00:00,0.5271758785499405,8161.611335921094,cand_014
2019-05-20 07:00:00,0.604366284364134,8162.215702205458,cand_015
2019-05-31 07:55:20,0.0,8162.215702205458,cand_003
2019-05-31 07:55:20,0.0,8162.215702205458,cand_007
2019-05-31 07:55:20,0.0,8162.215702205458,cand_009
2019-05-31 07:55:20,0.0,8162.215702205458,cand_011
2019-05-31 07:55:20,0.0,8162.215702205458,cand_013
2019-05-31 07:55:20,0.0,8162.215702205458,cand_014
2019-05-31 07:55:20,0.0,8162.215702205458,cand_014
2019-05-31 07:55:20,0.0,8162.215702205458,cand_015
2019-05-31 13:00:00,11.040749630315759,8173.256451835774,cand_003
2019-05-31 13:00:00,14.20295157278022,8187.459403408554,cand_007
2019-05-31 13:00:00,11.017812388906561,8198.47721579746,cand_009
2019-05-31 13:00:00,11.296273053897442,8209.773488851359,cand_011
2019-05-31 13:00:00,11.293901419272476,8221.06739027063,cand_013
2019-05-31 13:00:00,11.402504149577245,8232.469894420206,cand_014
2019-05-31 13:00:00,10.605204400486839,8243.075098820693,cand_014
2019-05-31 13:00:00,13.072087221217183,8256.147186041911,cand_015
2019-06-11 07:00:00,0.5104507579966491,8256.657636799908,cand_003
2019-06-11 07:00:00,0.5222644599299877,8257.179901259837,cand_011
2019-06-25 07:38:40,0.0,8257.179901259837,cand_003
2019-06-25 07:38:40,0.0,8257.179901259837,cand_007
2019-06-25 07:38:40,0.0,8257.179901259837,cand_009
2019-06-25 07:38:40,0.0,8257.179901259837,cand_011
2019-06-25 07:38:40,0.0,8257.179901259837,cand_013
2019-06-25 07:38:40,0.0,8257.179901259837,cand_014
2019-06-25 07:38:40,0.0,8257.179901259837,cand_014
2019-06-25 07:38:40,0.0,8257.179901259837,cand_015
2019-06-25 13:00:00,-18.220089408962746,8238.959811850873,cand_003
2019-06-25 13:00:00,-23.438539609363712,8215.521272241509,cand_007
2019-06-25 13:00:00,-18.18223703450775,8197.339035207002,cand_009
2019-06-25 13:00:00,-18.641769075618623,8178.697266131383,cand_011
2019-06-25 13:00:00,-18.637855265745277,8160.059410865638,cand_013
2019-06-25 13:00:00,-18.817077829653172,8141.242333035984,cand_014
2019-06-25 13:00:00,-17.50132725106177,8123.741005784923,cand_014
2019-06-25 13:00:00,-21.572321256009207,8102.168684528914,cand_015
2019-06-26 07:00:00,0.5104507579966491,8102.67913528691,cand_003
2019-06-26 07:00:00,0.5093902926608961,8103.188525579571,cand_009
2019-06-26 07:00:00,0.5222644599299877,8103.710790039501,cand_011
2019-06-26 07:00:00,0.5221548113343271,8104.232944850835,cand_013
2019-06-26 07:00:00,0.5271758785499405,8104.760120729386,cand_014
2019-06-26 07:00:00,0.49031404625585057,8105.250434775641,cand_014
2019-06-27 07:00:00,0.5104507579966491,8105.7608855336375,cand_003
2019-06-27 07:00:00,0.6566499231364257,8106.417535456774,cand_007
2019-06-27 07:00:00,0.5093902926608961,8106.926925749435,cand_009
2019-06-27 07:00:00,0.5222644599299877,8107.449190209365,cand_011
2019-06-27 07:00:00,0.5221548113343271,8107.971345020699,cand_013
2019-06-27 07:00:00,0.5271758785499405,8108.498520899249,cand_014
2019-06-27 07:00:00,0.49031404625585057,8108.988834945505,cand_014
2019-06-27 07:00:00,0.604366284364134,8109.593201229869,cand_015
2019-07-01 07:00:00,0.5104507579966491,8110.103651987865,cand_003
2019-07-01 07:00:00,0.5093902926608961,8110.613042280526,cand_009
2019-07-01 07:00:00,0.5222644599299877,8111.135306740456,cand_011
2019-07-01 07:00:00,0.5221548113343271,8111.65746155179,cand_013
2019-07-01 07:00:00,0.5271758785499405,8112.18463743034,cand_014
2019-07-01 07:00:00,0.49031404625585057,8112.674951476596,cand_014
2019-07-01 07:00:00,0.604366284364134,8113.27931776096,cand_015
2019-07-22 07:00:00,0.5104507579966491,8113.789768518956,cand_003
2019-07-22 07:00:00,0.5093902926608961,8114.299158811617,cand_009
2019-07-22 07:00:00,0.5222644599299877,8114.821423271547,cand_011
2019-07-22 07:00:00,0.5221548113343271,8115.343578082881,cand_013
2019-07-22 07:00:00,0.5271758785499405,8115.870753961432,cand_014
2019-07-22 07:00:00,0.49031404625585057,8116.361068007687,cand_014
2019-07-22 07:00:00,0.604366284364134,8116.965434292051,cand_015
2019-07-23 07:00:00,0.5104507579966491,8117.4758850500475,cand_003
2019-07-23 07:00:00,0.5093902926608961,8117.9852753427085,cand_009
2019-07-23 07:00:00,0.5222644599299877,8118.507539802638,cand_011
2019-07-23 07:39:40,0.0,8118.507539802638,cand_003
2019-07-23 07:39:40,0.0,8118.507539802638,cand_009
2019-07-23 07:39:40,0.0,8118.507539802638,cand_011
2019-07-23 13:00:00,-0.9428325765349872,8117.564707226104,cand_003
2019-07-23 13:00:00,-0.9408738346795377,8116.623833391424,cand_009
2019-07-23 13:00:00,-0.9646531789295069,8115.659180212495,cand_011
2019-07-29 07:00:00,0.604366284364134,8116.263546496859,cand_015
2019-08-01 07:00:00,0.5104507579966491,8116.773997254855,cand_003
2019-08-01 07:00:00,0.6566499231364257,8117.430647177992,cand_007
2019-08-01 07:00:00,0.5093902926608961,8117.940037470653,cand_009
2019-08-01 07:00:00,0.5222644599299877,8118.462301930583,cand_011
2019-08-01 07:00:00,0.5221548113343271,8118.984456741917,cand_013
2019-08-01 07:00:00,0.5271758785499405,8119.511632620467,cand_014
2019-08-01 07:00:00,0.49031404625585057,8120.001946666723,cand_014
2019-08-01 07:00:00,0.604366284364134,8120.606312951087,cand_015
2019-08-06 07:00:00,0.5104507579966491,8121.116763709083,cand_003
2019-08-06 07:00:00,0.6566499231364257,8121.77341363222,cand_007
2019-08-06 07:00:00,0.5093902926608961,8122.282803924881,cand_009
2019-08-06 07:00:00,0.5222644599299877,8122.8050683848105,cand_011
2019-08-06 07:00:00,0.5221548113343271,8123.327223196145,cand_013
2019-08-06 07:00:00,0.5271758785499405,8123.854399074695,cand_014
2019-08-06 07:00:00,0.49031404625585057,8124.3447131209505,cand_014
2019-08-06 07:00:00,0.604366284364134,8124.9490794053145,cand_015
2019-08-06 07:01:40,0.0,8124.9490794053145,cand_003
2019-08-06 07:01:40,0.0,8124.9490794053145,cand_007
2019-08-06 07:01:40,0.0,8124.9490794053145,cand_009
2019-08-06 07:01:40,0.0,8124.9490794053145,cand_011
2019-08-06 07:01:40,0.0,8124.9490794053145,cand_013
2019-08-06 07:01:40,0.0,8124.9490794053145,cand_014
2019-08-06 07:01:40,0.0,8124.9490794053145,cand_014
2019-08-06 07:01:40,0.0,8124.9490794053145,cand_015
2019-08-06 13:00:00,-14.337660996670586,8110.611418408644,cand_003
2019-08-06 13:00:00,-18.444137546920192,8092.167280861723,cand_007
2019-08-06 13:00:00,-14.3078743967987,8077.859406464924,cand_009
2019-08-06 13:00:00,-14.669487036268775,8063.189919428655,cand_011
2019-08-06 13:00:00,-14.666407200714188,8048.523512227941,cand_013
2019-08-06 13:00:00,-14.807440118093918,8033.716072109847,cand_014
2019-08-06 13:00:00,-13.772056299245214,8019.944015810602,cand_014
2019-08-06 13:00:00,-16.97558239905141,8002.96843341155,cand_015
2019-08-08 07:00:00,0.5104507579966491,8003.478884169546,cand_003
2019-08-08 07:00:00,0.5093902926608961,8003.988274462207,cand_009
2019-08-08 07:00:00,0.5222644599299877,8004.510538922137,cand_011
2019-08-08 07:00:00,0.5221548113343271,8005.032693733471,cand_013
2019-08-08 07:00:00,0.5271758785499405,8005.559869612021,cand_014
2019-08-14 07:00:00,0.5104507579966491,8006.070320370018,cand_003
2019-08-14 07:00:00,0.5093902926608961,8006.579710662679,cand_009
2019-08-14 07:00:00,0.5222644599299877,8007.101975122609,cand_011
2019-08-14 07:00:00,0.5221548113343271,8007.624129933943,cand_013
2019-08-14 07:00:00,0.5271758785499405,8008.151305812493,cand_014
2019-08-14 07:00:00,0.49031404625585057,8008.6416198587485,cand_014
2019-08-14 07:00:00,0.604366284364134,8009.2459861431125,cand_015
2019-08-16 07:00:00,0.5104507579966491,8009.756436901109,cand_003
2019-08-16 07:00:00,0.5093902926608961,8010.26582719377,cand_009
2019-08-16 07:00:00,0.5222644599299877,8010.7880916537,cand_011
2019-08-16 07:00:00,0.5221548113343271,8011.310246465034,cand_013
2019-08-16 07:00:00,0.5271758785499405,8011.837422343584,cand_014
2019-08-16 07:00:00,0.49031404625585057,8012.32773638984,cand_014
2019-08-21 07:00:00,0.5104507579966491,8012.838187147836,cand_003
2019-08-21 07:00:00,0.6566499231364257,8013.494837070973,cand_007
2019-08-21 07:00:00,0.5093902926608961,8014.004227363634,cand_009
2019-08-21 07:00:00,0.5222644599299877,8014.526491823563,cand_011
2019-08-21 07:00:00,0.5221548113343271,8015.0486466348975,cand_013
2019-08-21 07:00:00,0.5271758785499405,8015.575822513448,cand_014
2019-08-21 07:00:00,0.49031404625585057,8016.066136559703,cand_014
2019-08-21 07:00:00,0.604366284364134,8016.670502844067,cand_015
2019-08-29 07:00:00,0.5104507579966491,8017.180953602064,cand_003
2019-08-29 07:00:00,0.6566499231364257,8017.8376035252,cand_007
2019-08-29 07:00:00,0.5093902926608961,8018.346993817861,cand_009
2019-08-29 07:00:00,0.5222644599299877,8018.869258277791,cand_011
2019-08-29 07:00:00,0.5221548113343271,8019.391413089125,cand_013
2019-08-29 07:00:00,0.5271758785499405,8019.9185889676755,cand_014
2019-08-29 07:00:00,0.49031404625585057,8020.408903013931,cand_014
2019-08-29 07:00:00,0.604366284364134,8021.013269298295,cand_015
2019-09-05 07:00:00,0.5104507579966491,8021.5237200562915,cand_003
2019-09-05 07:00:00,0.5093902926608961,8022.0331103489525,cand_009
2019-09-05 07:00:00,0.5222644599299877,8022.555374808882,cand_011
2019-09-05 07:00:00,0.5221548113343271,8023.077529620216,cand_013
2019-09-05 07:00:00,0.5271758785499405,8023.604705498767,cand_014
2019-09-05 07:00:00,0.604366284364134,8024.209071783131,cand_015
2019-09-09 07:00:00,0.5104507579966491,8024.719522541127,cand_003
2019-09-09 07:00:00,0.5093902926608961,8025.228912833788,cand_009
2019-09-09 07:00:00,0.5222644599299877,8025.751177293718,cand_011
2019-09-09 07:00:00,0.5221548113343271,8026.273332105052,cand_013
2019-09-09 07:00:00,0.5271758785499405,8026.800507983602,cand_014
2019-09-09 07:00:00,0.49031404625585057,8027.290822029858,cand_014
2019-09-09 07:00:00,0.604366284364134,8027.895188314222,cand_015
2019-09-10 07:00:00,0.5104507579966491,8028.405639072218,cand_003
2019-09-10 07:00:00,0.6566499231364257,8029.062288995355,cand_007
2019-09-10 07:00:00,0.5093902926608961,8029.571679288016,cand_009
2019-09-10 07:00:00,0.5222644599299877,8030.093943747946,cand_011
2019-09-10 07:00:00,0.5221548113343271,8030.61609855928,cand_013
2019-09-10 07:00:00,0.5271758785499405,8031.14327443783,cand_014
2019-09-10 07:00:00,0.49031404625585057,8031.6335884840855,cand_014
2019-09-10 07:00:00,0.604366284364134,8032.2379547684495,cand_015
2019-09-12 07:00:00,0.5104507579966491,8032.748405526446,cand_003
2019-09-12 07:00:00,0.6566499231364257,8033.4050554495825,cand_007
2019-09-12 07:00:00,0.5093902926608961,8033.9144457422435,cand_009
2019-09-12 07:00:00,0.5222644599299877,8034.436710202173,cand_011
2019-09-12 07:00:00,0.5221548113343271,8034.958865013507,cand_013
2019-09-12 07:00:00,0.5271758785499405,8035.486040892058,cand_014
2019-09-12 07:00:00,0.49031404625585057,8035.976354938313,cand_014
2019-09-12 07:00:00,0.604366284364134,8036.580721222677,cand_015
2019-09-17 07:00:00,0.5104507579966491,8037.091171980674,cand_003
2019-09-17 07:00:00,0.5093902926608961,8037.600562273335,cand_009
2019-09-17 07:00:00,0.5222644599299877,8038.122826733264,cand_011
2019-09-17 07:00:00,0.5221548113343271,8038.6449815445985,cand_013
2019-09-17 07:00:00,0.5271758785499405,8039.172157423149,cand_014
2019-10-09 07:00:00,0.5104507579966491,8039.682608181145,cand_003
2019-10-09 07:00:00,0.5093902926608961,8040.191998473806,cand_009
2019-10-09 07:00:00,0.49031404625585057,8040.682312520062,cand_014
2019-10-10 07:00:00,0.5104507579966491,8041.192763278058,cand_003
2019-10-10 07:00:00,0.5093902926608961,8041.702153570719,cand_009
2019-10-10 07:00:00,0.5222644599299877,8042.224418030649,cand_011
2019-10-10 07:00:00,0.5221548113343271,8042.746572841983,cand_013
2019-10-10 07:00:00,0.5271758785499405,8043.273748720533,cand_014
2019-10-10 07:00:00,0.49031404625585057,8043.764062766789,cand_014
2019-10-10 07:00:00,0.604366284364134,8044.368429051153,cand_015
2019-10-11 07:00:00,0.5104507579966491,8044.878879809149,cand_003
2019-10-11 07:00:00,0.5093902926608961,8045.38827010181,cand_009
2019-10-11 07:00:00,0.5222644599299877,8045.91053456174,cand_011
2019-10-14 07:00:00,0.5104507579966491,8046.420985319736,cand_003
2019-10-14 07:00:00,0.5093902926608961,8046.930375612397,cand_009
2019-10-14 07:00:00,0.5222644599299877,8047.452640072327,cand_011
2019-10-14 07:00:00,0.5221548113343271,8047.974794883661,cand_013
2019-10-14 07:00:00,0.5271758785499405,8048.501970762211,cand_014
2019-10-16 07:00:00,0.5104507579966491,8049.012421520208,cand_003
2019-10-16 07:00:00,0.5093902926608961,8049.521811812869,cand_009
2019-10-16 07:00:00,0.5222644599299877,8050.0440762727985,cand_011
2019-10-16 07:00:00,0.5221548113343271,8050.566231084133,cand_013
2019-10-16 07:00:00,0.5271758785499405,8051.093406962683,cand_014
2019-10-16 07:00:00,0.49031404625585057,8051.5837210089385,cand_014
2019-10-16 07:00:00,0.604366284364134,8052.1880872933025,cand_015
2019-11-05 07:00:00,0.604366284364134,8052.7924535776665,cand_015
2019-11-08 07:00:00,0.5104507579966491,8053.302904335663,cand_003
2019-11-08 07:00:00,0.5093902926608961,8053.812294628324,cand_009
2019-11-26 07:00:00,0.5104507579966491,8054.32274538632,cand_003
2019-11-26 07:00:00,0.5093902926608961,8054.832135678981,cand_009
2019-11-26 07:00:00,0.5222644599299877,8055.354400138911,cand_011
2019-12-02 07:00:00,0.604366284364134,8055.958766423275,cand_015
2019-12-13 07:00:00,0.5104507579966491,8056.469217181271,cand_003
2019-12-13 07:00:00,0.5093902926608961,8056.978607473932,cand_009
2019-12-13 07:00:00,0.49031404625585057,8057.468921520188,cand_014
2019-12-13 07:00:00,0.604366284364134,8058.073287804552,cand_015
2020-01-07 07:00:00,0.604366284364134,8058.677654088916,cand_015
2020-01-14 07:00:00,0.5104507579966491,8059.188104846912,cand_003
2020-01-14 07:00:00,0.5093902926608961,8059.697495139573,cand_009
2020-01-31 07:00:00,0.5104507579966491,8060.2079458975695,cand_003
2020-01-31 07:00:00,0.5093902926608961,8060.7173361902305,cand_009
2020-02-06 07:00:00,0.604366284364134,8061.3217024745945,cand_015
2020-02-19 07:00:00,0.604366284364134,8061.9260687589585,cand_015
2020-02-20 07:00:00,0.5104507579966491,8062.436519516955,cand_003
2020-02-20 07:00:00,0.6566499231364257,8063.0931694400915,cand_007
2020-02-20 07:00:00,0.5093902926608961,8063.6025597327525,cand_009
2020-02-20 07:00:00,0.5222644599299877,8064.124824192682,cand_011
2020-02-20 07:00:00,0.5221548113343271,8064.646979004016,cand_013
2020-02-20 07:00:00,0.5271758785499405,8065.174154882567,cand_014
2020-02-20 07:00:00,0.49031404625585057,8065.664468928822,cand_014
2020-02-20 07:00:00,0.604366284364134,8066.268835213186,cand_015
2020-02-20 09:17:40,0.0,8066.268835213186,cand_003
2020-02-20 09:17:40,0.0,8066.268835213186,cand_007
2020-02-20 09:17:40,0.0,8066.268835213186,cand_009
2020-02-20 09:17:40,0.0,8066.268835213186,cand_011
2020-02-20 09:17:40,0.0,8066.268835213186,cand_013
2020-02-20 09:17:40,0.0,8066.268835213186,cand_014
2020-02-20 09:17:40,0.0,8066.268835213186,cand_014
2020-02-20 09:17:40,0.0,8066.268835213186,cand_015
2020-02-20 13:00:00,28.591247750847604,8094.860082964034,cand_003
2020-02-20 13:00:00,36.780120988853206,8131.640203952887,cand_007
2020-02-20 13:00:00,28.531849215982664,8160.172053168869,cand_009
2020-02-20 13:00:00,29.252954043843197,8189.425007212712,cand_011
2020-02-20 13:00:00,29.246812432502722,8218.671819645215,cand_013
2020-02-20 13:00:00,29.528051267956084,8248.199870913171,cand_014
2020-02-20 13:00:00,27.463354990871817,8275.663225904043,cand_014
2020-02-20 13:00:00,33.85162211597226,8309.514848020015,cand_015
2020-02-21 07:00:00,0.5104507579966491,8310.025298778011,cand_003
2020-02-21 07:00:00,0.5093902926608961,8310.534689070673,cand_009
2020-02-21 07:00:00,0.5222644599299877,8311.056953530602,cand_011
2020-02-21 07:00:00,0.5221548113343271,8311.579108341937,cand_013
2020-02-21 07:00:00,0.5271758785499405,8312.106284220488,cand_014
2020-03-11 07:00:00,0.5104507579966491,8312.616734978485,cand_003
2020-03-11 07:00:00,0.5093902926608961,8313.126125271145,cand_009
2020-03-11 07:00:00,0.5222644599299877,8313.648389731075,cand_011
2020-03-11 07:00:00,0.5221548113343271,8314.170544542409,cand_013
2020-03-11 07:00:00,0.5271758785499405,8314.697720420958,cand_014
2020-03-13 07:00:00,0.5104507579966491,8315.208171178954,cand_003
2020-03-13 07:00:00,0.5093902926608961,8315.717561471616,cand_009
2020-03-13 07:00:00,0.5222644599299877,8316.239825931545,cand_011
2020-03-13 07:00:00,0.5221548113343271,8316.76198074288,cand_013
2020-03-13 07:00:00,0.5271758785499405,8317.289156621431,cand_014
2020-03-13 07:42:40,0.0,8317.289156621431,cand_003
2020-03-13 07:42:40,0.0,8317.289156621431,cand_009
2020-03-13 07:42:40,0.0,8317.289156621431,cand_011
2020-03-13 07:42:40,0.0,8317.289156621431,cand_013
2020-03-13 07:42:40,0.0,8317.289156621431,cand_014
2020-03-13 13:00:00,48.26462049434199,8365.553777115772,cand_003
2020-03-13 13:00:00,48.16435037783086,8413.718127493603,cand_009
2020-03-13 13:00:00,49.38164075832132,8463.099768251925,cand_011
2020-03-13 13:00:00,49.371273161105734,8512.471041413031,cand_013
2020-03-13 13:00:00,49.84602983418674,8562.317071247217,cand_014
2020-03-17 07:00:00,0.5104507579966491,8562.827522005213,cand_003
2020-03-17 07:00:00,0.5093902926608961,8563.336912297875,cand_009
2020-03-17 07:00:00,0.5222644599299877,8563.859176757804,cand_011
2020-03-17 07:00:00,0.5221548113343271,8564.381331569139,cand_013
2020-03-17 07:00:00,0.5271758785499405,8564.90850744769,cand_014
2020-03-17 07:00:00,0.49031404625585057,8565.398821493945,cand_014
2020-03-18 07:00:00,0.5104507579966491,8565.909272251942,cand_003
2020-03-18 07:00:00,0.5093902926608961,8566.418662544602,cand_009
2020-03-18 07:00:00,0.5222644599299877,8566.940927004533,cand_011
2020-03-18 07:00:00,0.5221548113343271,8567.463081815866,cand_013
2020-03-18 07:00:00,0.5271758785499405,8567.990257694415,cand_014
2020-03-18 07:00:00,0.49031404625585057,8568.48057174067,cand_014
2020-03-19 07:00:00,0.5104507579966491,8568.991022498667,cand_003
2020-03-19 07:00:00,0.6566499231364257,8569.647672421805,cand_007
2020-03-19 07:00:00,0.5093902926608961,8570.157062714465,cand_009
2020-03-19 07:00:00,0.5222644599299877,8570.679327174395,cand_011
2020-03-19 07:00:00,0.5221548113343271,8571.201481985729,cand_013
2020-03-19 07:00:00,0.5271758785499405,8571.72865786428,cand_014
2020-03-19 07:00:00,0.49031404625585057,8572.218971910535,cand_014
2020-03-19 07:00:00,0.604366284364134,8572.8233381949,cand_015
2020-03-20 07:00:00,0.5104507579966491,8573.333788952896,cand_003
2020-03-20 07:00:00,0.6566499231364257,8573.990438876033,cand_007
2020-03-20 07:00:00,0.5093902926608961,8574.499829168693,cand_009
2020-03-20 07:00:00,0.5222644599299877,8575.022093628624,cand_011
2020-03-20 07:00:00,0.5221548113343271,8575.544248439957,cand_013
2020-03-20 07:00:00,0.5271758785499405,8576.071424318507,cand_014
2020-03-20 07:00:00,0.49031404625585057,8576.561738364762,cand_014
2020-03-20 07:00:00,0.604366284364134,8577.166104649128,cand_015
2020-03-23 07:00:00,0.5104507579966491,8577.676555407124,cand_003
2020-03-23 07:00:00,0.6566499231364257,8578.33320533026,cand_007
2020-03-23 07:00:00,0.5093902926608961,8578.842595622922,cand_009
2020-03-23 07:00:00,0.5222644599299877,8579.364860082851,cand_011
2020-03-23 07:00:00,0.5221548113343271,8579.887014894186,cand_013
2020-03-23 07:00:00,0.5271758785499405,8580.414190772735,cand_014
2020-03-23 07:00:00,0.49031404625585057,8580.904504818991,cand_014
2020-03-23 07:00:00,0.604366284364134,8581.508871103355,cand_015
2020-03-25 07:00:00,0.5104507579966491,8582.019321861351,cand_003
2020-03-25 07:00:00,0.5093902926608961,8582.528712154013,cand_009
2020-03-25 07:00:00,0.5222644599299877,8583.050976613942,cand_011
2020-03-25 07:00:00,0.5221548113343271,8583.573131425277,cand_013
2020-03-25 07:00:00,0.5271758785499405,8584.100307303826,cand_014
2020-03-25 07:00:00,0.49031404625585057,8584.590621350082,cand_014
2020-03-31 07:00:00,0.5104507579966491,8585.101072108078,cand_003
2020-03-31 07:00:00,0.5093902926608961,8585.610462400738,cand_009
2020-03-31 07:00:00,0.5222644599299877,8586.13272686067,cand_011
2020-03-31 07:00:00,0.5221548113343271,8586.654881672002,cand_013
2020-03-31 07:00:00,0.5271758785499405,8587.182057550554,cand_014
2020-04-03 07:00:00,0.5104507579966491,8587.69250830855,cand_003
2020-04-03 07:00:00,0.5093902926608961,8588.201898601212,cand_009
2020-04-03 07:00:00,0.5222644599299877,8588.72416306114,cand_011
2020-04-03 07:00:00,0.5221548113343271,8589.246317872476,cand_013
2020-04-03 07:00:00,0.5271758785499405,8589.773493751025,cand_014
2020-04-06 07:00:00,0.5104507579966491,8590.283944509021,cand_003
2020-04-06 07:00:00,0.6566499231364257,8590.940594432159,cand_007
2020-04-06 07:00:00,0.5093902926608961,8591.449984724819,cand_009
2020-04-06 07:00:00,0.5222644599299877,8591.97224918475,cand_011
2020-04-06 07:00:00,0.5221548113343271,8592.494403996083,cand_013
2020-04-06 07:00:00,0.5271758785499405,8593.021579874632,cand_014
2020-04-06 07:00:00,0.604366284364134,8593.625946158998,cand_015
2020-04-06 09:59:40,0.0,8593.625946158998,cand_003
2020-04-06 09:59:40,0.0,8593.625946158998,cand_007
2020-04-06 09:59:40,0.0,8593.625946158998,cand_009
2020-04-06 09:59:40,0.0,8593.625946158998,cand_011
2020-04-06 09:59:40,0.0,8593.625946158998,cand_013
2020-04-06 09:59:40,0.0,8593.625946158998,cand_014
2020-04-06 09:59:40,0.0,8593.625946158998,cand_015
2020-04-06 13:00:00,-0.16514583346950415,8593.460800325527,cand_003
2020-04-06 13:00:00,-0.21244556336766715,8593.24835476216,cand_007
2020-04-06 13:00:00,-0.16480274174323112,8593.083552020416,cand_009
2020-04-06 13:00:00,-0.16896791350676077,8592.914584106911,cand_011
2020-04-06 13:00:00,-0.16893243896110585,8592.745651667949,cand_013
2020-04-06 13:00:00,-0.17055690188380432,8592.575094766065,cand_014
2020-04-06 13:00:00,-0.19553026847074925,8592.379564497594,cand_015
2020-04-07 07:00:00,0.5104507579966491,8592.89001525559,cand_003
2020-04-07 07:00:00,0.6566499231364257,8593.546665178728,cand_007
2020-04-07 07:00:00,0.5093902926608961,8594.056055471388,cand_009
2020-04-07 07:00:00,0.5222644599299877,8594.57831993132,cand_011
2020-04-07 07:00:00,0.5221548113343271,8595.100474742652,cand_013
2020-04-07 07:00:00,0.5271758785499405,8595.627650621202,cand_014
2020-04-07 07:00:00,0.49031404625585057,8596.117964667457,cand_014
2020-04-07 07:00:00,0.604366284364134,8596.722330951823,cand_015
2020-04-08 07:00:00,0.5104507579966491,8597.23278170982,cand_003
2020-04-08 07:00:00,0.5093902926608961,8597.74217200248,cand_009
2020-04-08 07:00:00,0.5222644599299877,8598.26443646241,cand_011
2020-04-08 07:00:00,0.5221548113343271,8598.786591273743,cand_013
2020-04-08 07:00:00,0.5271758785499405,8599.313767152293,cand_014
2020-04-08 07:00:00,0.49031404625585057,8599.804081198548,cand_014
2020-04-08 08:19:20,0.0,8599.804081198548,cand_003
2020-04-08 08:19:20,0.0,8599.804081198548,cand_009
2020-04-08 08:19:20,0.0,8599.804081198548,cand_011
2020-04-08 08:19:20,0.0,8599.804081198548,cand_013
2020-04-08 08:19:20,0.0,8599.804081198548,cand_014
2020-04-08 08:19:20,0.0,8599.804081198548,cand_014
2020-04-08 13:00:00,-9.049991674128826,8590.75408952442,cand_003
2020-04-08 13:00:00,-9.031190247529064,8581.72289927689,cand_009
2020-04-08 13:00:00,-9.25944166017049,8572.463457616721,cand_011
2020-04-08 13:00:00,-9.2574976550686,8563.205959961651,cand_013
2020-04-08 13:00:00,-9.346518223232476,8553.85944173842,cand_014
2020-04-08 13:00:00,-8.692979620089021,8545.16646211833,cand_014
2020-04-09 07:00:00,0.5104507579966491,8545.676912876326,cand_003
2020-04-09 07:00:00,0.5093902926608961,8546.186303168988,cand_009
2020-04-09 07:00:00,0.5222644599299877,8546.708567628917,cand_011
2020-04-09 07:00:00,0.5221548113343271,8547.230722440252,cand_013
2020-04-09 07:00:00,0.5271758785499405,8547.757898318803,cand_014
2020-04-13 07:50:40,0.0,8547.757898318803,cand_003
2020-04-13 07:50:40,0.0,8547.757898318803,cand_009
2020-04-13 07:50:40,0.0,8547.757898318803,cand_011
2020-04-13 07:50:40,0.0,8547.757898318803,cand_013
2020-04-13 07:50:40,0.0,8547.757898318803,cand_014
2020-04-13 07:50:40,0.0,8547.757898318803,cand_014
2020-04-13 13:00:00,-6.506745838698463,8541.251152480105,cand_003
2020-04-13 13:00:00,-6.493228024683306,8534.757924455422,cand_009
2020-04-13 13:00:00,-6.657335792166374,8528.100588663256,cand_011
2020-04-13 13:00:00,-6.65593809506757,8521.444650568188,cand_013
2020-04-13 13:00:00,-6.7199419342218905,8514.724708633965,cand_014
2020-04-13 13:00:00,-6.250061989626048,8508.47464664434,cand_014
2020-04-16 07:00:00,0.5104507579966491,8508.985097402336,cand_003
2020-04-16 07:00:00,0.6566499231364257,8509.641747325471,cand_007
2020-04-16 07:00:00,0.5093902926608961,8510.151137618133,cand_009
2020-04-16 07:00:00,0.5222644599299877,8510.673402078062,cand_011
2020-04-16 07:00:00,0.5221548113343271,8511.195556889397,cand_013
2020-04-16 07:00:00,0.5271758785499405,8511.722732767947,cand_014
2020-04-16 07:00:00,0.49031404625585057,8512.213046814202,cand_014
2020-04-16 07:00:00,0.604366284364134,8512.817413098566,cand_015
2020-04-17 07:00:00,0.5104507579966491,8513.327863856563,cand_003
2020-04-17 07:00:00,0.5093902926608961,8513.837254149224,cand_009
2020-04-17 07:00:00,0.5222644599299877,8514.359518609153,cand_011
2020-04-17 07:00:00,0.5221548113343271,8514.881673420488,cand_013
2020-04-17 07:00:00,0.5271758785499405,8515.408849299038,cand_014
2020-04-17 07:00:00,0.49031404625585057,8515.899163345293,cand_014
2020-04-20 07:00:00,0.5104507579966491,8516.40961410329,cand_003
2020-04-20 07:00:00,0.5093902926608961,8516.91900439595,cand_009
2020-04-20 07:00:00,0.5222644599299877,8517.44126885588,cand_011
2020-04-20 07:00:00,0.5221548113343271,8517.963423667214,cand_013
2020-04-20 07:00:00,0.5271758785499405,8518.490599545765,cand_014
2020-04-20 07:00:00,0.604366284364134,8519.094965830129,cand_015
2020-04-27 09:17:40,0.0,8519.094965830129,cand_003
2020-04-27 09:17:40,0.0,8519.094965830129,cand_007
2020-04-27 09:17:40,0.0,8519.094965830129,cand_009
2020-04-27 09:17:40,0.0,8519.094965830129,cand_011
2020-04-27 09:17:40,0.0,8519.094965830129,cand_013
2020-04-27 09:17:40,0.0,8519.094965830129,cand_014
2020-04-27 09:17:40,0.0,8519.094965830129,cand_014
2020-04-27 09:17:40,0.0,8519.094965830129,cand_015
2020-04-27 13:00:00,-2.1859303048327092,8516.909035525296,cand_003
2020-04-27 13:00:00,-2.812006729666576,8514.09702879563,cand_007
2020-04-27 13:00:00,-2.1813890179831317,8511.915639777646,cand_009
2020-04-27 13:00:00,-2.2365207460531242,8509.679119031593,cand_011
2020-04-27 13:00:00,-2.2360511920670008,8507.443067839526,cand_013
2020-04-27 13:00:00,-2.257553174025628,8505.1855146655,cand_014
2020-04-27 13:00:00,-2.0996977980838776,8503.085816867417,cand_014
2020-04-27 13:00:00,-2.5881097353946445,8500.49770713202,cand_015
2020-05-01 07:00:00,0.5104507579966491,8501.008157890017,cand_003
2020-05-01 07:00:00,0.5093902926608961,8501.517548182677,cand_009
2020-05-01 07:00:00,0.5222644599299877,8502.039812642608,cand_011
2020-05-01 07:00:00,0.5221548113343271,8502.561967453941,cand_013
2020-05-01 07:00:00,0.5271758785499405,8503.089143332492,cand_014
2020-05-11 07:00:00,0.5104507579966491,8503.599594090489,cand_003
2020-05-11 07:00:00,0.5093902926608961,8504.10898438315,cand_009
2020-05-11 07:00:00,0.5222644599299877,8504.63124884308,cand_011
2020-05-11 07:00:00,0.5221548113343271,8505.153403654414,cand_013
2020-05-11 07:00:00,0.5271758785499405,8505.680579532964,cand_014
2020-05-11 07:00:00,0.49031404625585057,8506.17089357922,cand_014
2020-05-11 07:00:00,0.604366284364134,8506.775259863583,cand_015
2020-05-11 09:37:40,0.0,8506.775259863583,cand_003
2020-05-11 09:37:40,0.0,8506.775259863583,cand_009
2020-05-11 09:37:40,0.0,8506.775259863583,cand_011
2020-05-11 09:37:40,0.0,8506.775259863583,cand_013
2020-05-11 09:37:40,0.0,8506.775259863583,cand_014
2020-05-11 09:37:40,0.0,8506.775259863583,cand_014
2020-05-11 09:37:40,0.0,8506.775259863583,cand_015
2020-05-11 13:00:00,4.20070947316066,8510.975969336745,cand_003
2020-05-11 13:00:00,4.1919824672505515,8515.167951803995,cand_009
2020-05-11 13:00:00,4.297929290835605,8519.465881094831,cand_011
2020-05-11 13:00:00,4.297026947392492,8523.762908042223,cand_013
2020-05-11 13:00:00,4.3383473770080405,8528.101255419231,cand_014
2020-05-11 13:00:00,4.034996180658441,8532.13625159989,cand_014
2020-05-11 13:00:00,4.973579010737786,8537.109830610629,cand_015
2020-05-12 07:00:00,0.5104507579966491,8537.620281368625,cand_003
2020-05-12 07:00:00,0.6566499231364257,8538.27693129176,cand_007
2020-05-12 07:00:00,0.5093902926608961,8538.786321584423,cand_009
2020-05-12 07:00:00,0.5222644599299877,8539.308586044352,cand_011
2020-05-12 07:00:00,0.5221548113343271,8539.830740855687,cand_013
2020-05-12 07:00:00,0.5271758785499405,8540.357916734236,cand_014
2020-05-12 07:00:00,0.49031404625585057,8540.848230780492,cand_014
2020-05-12 07:00:00,0.604366284364134,8541.452597064856,cand_015
2020-05-20 07:00:00,0.5104507579966491,8541.963047822852,cand_003
2020-05-20 07:00:00,0.5093902926608961,8542.472438115514,cand_009
2020-05-20 07:00:00,0.5222644599299877,8542.994702575443,cand_011
2020-05-20 07:00:00,0.5221548113343271,8543.516857386778,cand_013
2020-05-20 07:00:00,0.5271758785499405,8544.044033265327,cand_014
2020-05-20 07:00:00,0.49031404625585057,8544.534347311583,cand_014
2020-05-20 07:00:00,0.604366284364134,8545.138713595947,cand_015
2020-05-21 07:00:00,0.5104507579966491,8545.649164353943,cand_003
2020-05-21 07:00:00,0.5093902926608961,8546.158554646605,cand_009
2020-05-21 07:00:00,0.5222644599299877,8546.680819106534,cand_011
2020-05-21 07:00:00,0.5221548113343271,8547.202973917869,cand_013
2020-05-26 07:00:00,0.5104507579966491,8547.713424675865,cand_003
2020-05-26 07:00:00,0.5093902926608961,8548.222814968525,cand_009
2020-05-26 07:00:00,0.5222644599299877,8548.745079428456,cand_011
2020-05-26 07:00:00,0.5221548113343271,8549.26723423979,cand_013
2020-05-26 07:00:00,0.5271758785499405,8549.794410118338,cand_014
2020-05-29 07:47:40,0.0,8549.794410118338,cand_003
2020-05-29 07:47:40,0.0,8549.794410118338,cand_009
2020-05-29 07:47:40,0.0,8549.794410118338,cand_011
2020-05-29 07:47:40,0.0,8549.794410118338,cand_014
2020-05-29 07:47:40,0.0,8549.794410118338,cand_015
2020-05-29 13:00:00,0.8947901522529497,8550.689200270594,cand_003
2020-05-29 13:00:00,0.8929312188996885,8551.582131489493,cand_009
2020-05-29 13:00:00,0.9154988768184491,8552.49763036631,cand_011
2020-05-29 13:00:00,0.859491681083785,8553.357122047393,cand_014
2020-05-29 13:00:00,1.0594185455324232,8554.416540592927,cand_015
2020-06-03 07:00:00,0.5104507579966491,8554.926991350923,cand_003
2020-06-03 07:00:00,0.5093902926608961,8555.436381643583,cand_009
2020-06-03 07:00:00,0.5222644599299877,8555.958646103514,cand_011
2020-06-03 07:00:00,0.5221548113343271,8556.480800914847,cand_013
2020-06-03 07:00:00,0.5271758785499405,8557.007976793397,cand_014
2020-06-03 07:00:00,0.49031404625585057,8557.498290839652,cand_014
2020-06-03 07:00:00,0.604366284364134,8558.102657124018,cand_015
2020-06-08 07:00:00,0.5104507579966491,8558.613107882014,cand_003
2020-06-08 07:00:00,0.5093902926608961,8559.122498174675,cand_009
2020-06-08 07:00:00,0.5222644599299877,8559.644762634605,cand_011
2020-06-08 07:00:00,0.5221548113343271,8560.166917445938,cand_013
2020-06-08 07:00:00,0.5271758785499405,8560.694093324488,cand_014
2020-06-10 08:45:40,0.0,8560.694093324488,cand_003
2020-06-10 08:45:40,0.0,8560.694093324488,cand_009
2020-06-10 08:45:40,0.0,8560.694093324488,cand_011
2020-06-10 08:45:40,0.0,8560.694093324488,cand_013
2020-06-10 08:45:40,0.0,8560.694093324488,cand_014
2020-06-10 08:45:40,0.0,8560.694093324488,cand_014
2020-06-10 13:00:00,5.089494322378354,8565.783587646867,cand_003
2020-06-10 13:00:00,5.078920859177758,8570.862508506045,cand_009
2020-06-10 13:00:00,5.207283879890172,8576.069792385935,cand_011
2020-06-10 13:00:00,5.206190618892261,8581.275983004827,cand_013
2020-06-10 13:00:00,5.256253612600878,8586.532236617428,cand_014
2020-06-10 13:00:00,4.888719461198039,8591.420956078626,cand_014
2020-06-15 08:03:40,0.0,8591.420956078626,cand_003
2020-06-15 08:03:40,0.0,8591.420956078626,cand_009
2020-06-15 08:03:40,0.0,8591.420956078626,cand_011
2020-06-15 08:03:40,0.0,8591.420956078626,cand_013
2020-06-15 08:03:40,0.0,8591.420956078626,cand_014
2020-06-15 13:00:00,-18.127007211916297,8573.29394886671,cand_003
2020-06-15 13:00:00,-18.089348216434292,8555.204600650275,cand_009
2020-06-15 13:00:00,-18.546532615278448,8536.658068034998,cand_011
2020-06-15 13:00:00,-18.542638800149014,8518.115429234847,cand_013
2020-06-15 13:00:00,-18.7209457576823,8499.394483477166,cand_014
2020-06-16 07:00:00,0.5104507579966491,8499.904934235163,cand_003
2020-06-16 07:00:00,0.5093902926608961,8500.414324527825,cand_009
2020-06-16 07:00:00,0.5222644599299877,8500.936588987754,cand_011
2020-06-16 07:00:00,0.5221548113343271,8501.458743799089,cand_013
2020-06-16 07:00:00,0.5271758785499405,8501.985919677638,cand_014
2020-06-23 07:00:00,0.5104507579966491,8502.496370435634,cand_003
2020-06-23 07:00:00,0.6566499231364257,8503.153020358772,cand_007
2020-06-23 07:00:00,0.5093902926608961,8503.662410651432,cand_009
2020-06-23 07:00:00,0.5222644599299877,8504.184675111363,cand_011
2020-06-23 07:00:00,0.5221548113343271,8504.706829922696,cand_013
2020-06-23 07:00:00,0.5271758785499405,8505.234005801245,cand_014
2020-06-23 07:00:00,0.49031404625585057,8505.7243198475,cand_014
2020-06-23 07:00:00,0.604366284364134,8506.328686131867,cand_015
2020-06-25 07:00:00,0.5104507579966491,8506.839136889863,cand_003
2020-06-25 07:00:00,0.6566499231364257,8507.495786812999,cand_007
2020-06-25 07:00:00,0.5093902926608961,8508.00517710566,cand_009
2020-06-25 07:00:00,0.5222644599299877,8508.52744156559,cand_011
2020-06-25 07:00:00,0.5221548113343271,8509.049596376924,cand_013
2020-06-25 07:00:00,0.5271758785499405,8509.576772255474,cand_014
2020-06-25 07:00:00,0.49031404625585057,8510.06708630173,cand_014
2020-06-25 07:00:00,0.604366284364134,8510.671452586093,cand_015
2020-06-29 07:00:00,0.5104507579966491,8511.18190334409,cand_003
2020-06-29 07:00:00,0.5093902926608961,8511.691293636752,cand_009
2020-06-29 07:00:00,0.5222644599299877,8512.21355809668,cand_011
2020-06-29 07:00:00,0.5221548113343271,8512.735712908016,cand_013
2020-06-29 07:00:00,0.5271758785499405,8513.262888786565,cand_014
2020-06-29 07:00:00,0.49031404625585057,8513.75320283282,cand_014
2020-06-29 07:00:00,0.604366284364134,8514.357569117185,cand_015
2020-06-30 07:00:00,0.5104507579966491,8514.86801987518,cand_003
2020-06-30 07:00:00,0.5093902926608961,8515.377410167843,cand_009
2020-06-30 07:00:00,0.5222644599299877,8515.899674627772,cand_011
2020-06-30 07:00:00,0.5221548113343271,8516.421829439107,cand_013
2020-06-30 07:00:00,0.5271758785499405,8516.949005317656,cand_014
2020-07-01 07:00:00,0.5104507579966491,8517.459456075652,cand_003
2020-07-01 07:00:00,0.6566499231364257,8518.11610599879,cand_007
2020-07-01 07:00:00,0.5093902926608961,8518.62549629145,cand_009
2020-07-01 07:00:00,0.5222644599299877,8519.14776075138,cand_011
2020-07-01 07:00:00,0.5221548113343271,8519.669915562714,cand_013
2020-07-01 07:00:00,0.5271758785499405,8520.197091441263,cand_014
2020-07-01 07:00:00,0.49031404625585057,8520.687405487519,cand_014
2020-07-01 07:00:00,0.604366284364134,8521.291771771885,cand_015
2020-07-06 07:00:00,0.5104507579966491,8521.802222529881,cand_003
2020-07-06 07:00:00,0.49031404625585057,8522.292536576137,cand_014
2020-07-06 07:00:00,0.604366284364134,8522.896902860499,cand_015
2020-07-10 09:33:40,0.0,8522.896902860499,cand_003
2020-07-10 09:33:40,0.0,8522.896902860499,cand_011
2020-07-10 09:33:40,0.0,8522.896902860499,cand_014
2020-07-10 09:33:40,0.0,8522.896902860499,cand_015
2020-07-10 13:00:00,2.8104818204991973,8525.707384680998,cand_003
2020-07-10 13:00:00,2.8755266734968736,8528.582911354497,cand_011
2020-07-10 13:00:00,2.699611454679271,8531.282522809175,cand_014
2020-07-10 13:00:00,3.3275696597931144,8534.610092468967,cand_015
2020-07-20 07:00:00,0.5104507579966491,8535.120543226963,cand_003
2020-07-20 07:00:00,0.5093902926608961,8535.629933519625,cand_009
2020-07-20 07:00:00,0.5222644599299877,8536.152197979554,cand_011
2020-07-20 07:00:00,0.5221548113343271,8536.67435279089,cand_013
2020-07-20 07:00:00,0.5271758785499405,8537.20152866944,cand_014
2020-07-20 07:00:00,0.49031404625585057,8537.691842715696,cand_014
2020-07-20 07:00:00,0.604366284364134,8538.296209000058,cand_015
2020-08-03 07:00:00,0.5104507579966491,8538.806659758055,cand_003
2020-08-03 07:00:00,0.5093902926608961,8539.316050050717,cand_009
2020-08-03 07:00:00,0.5222644599299877,8539.838314510645,cand_011
2020-08-03 07:00:00,0.5221548113343271,8540.36046932198,cand_013
2020-08-03 07:00:00,0.5271758785499405,8540.887645200532,cand_014
2020-08-03 07:00:00,0.49031404625585057,8541.377959246787,cand_014
2020-08-04 07:00:00,0.5104507579966491,8541.888410004784,cand_003
2020-08-04 07:00:00,0.6566499231364257,8542.54505992792,cand_007
2020-08-04 07:00:00,0.5093902926608961,8543.054450220581,cand_009
2020-08-04 07:00:00,0.5222644599299877,8543.57671468051,cand_011
2020-08-04 07:00:00,0.5221548113343271,8544.098869491845,cand_013
2020-08-04 07:00:00,0.5271758785499405,8544.626045370394,cand_014
2020-08-04 07:00:00,0.49031404625585057,8545.11635941665,cand_014
2020-08-04 07:00:00,0.604366284364134,8545.720725701014,cand_015
2020-08-11 07:00:00,0.5104507579966491,8546.23117645901,cand_003
2020-08-11 07:00:00,0.5093902926608961,8546.740566751672,cand_009
2020-08-11 07:00:00,0.5222644599299877,8547.262831211601,cand_011
2020-08-11 07:00:00,0.5221548113343271,8547.784986022936,cand_013
2020-08-11 07:00:00,0.5271758785499405,8548.312161901486,cand_014
2020-08-12 07:00:00,0.5104507579966491,8548.822612659482,cand_003
2020-08-12 07:00:00,0.6566499231364257,8549.47926258262,cand_007
2020-08-12 07:00:00,0.5093902926608961,8549.98865287528,cand_009
2020-08-12 07:00:00,0.5222644599299877,8550.51091733521,cand_011
2020-08-12 07:00:00,0.5221548113343271,8551.033072146543,cand_013
2020-08-12 07:00:00,0.5271758785499405,8551.560248025093,cand_014
2020-08-12 07:00:00,0.49031404625585057,8552.050562071348,cand_014
2020-08-12 07:00:00,0.604366284364134,8552.654928355714,cand_015
2020-08-13 07:00:00,0.5104507579966491,8553.16537911371,cand_003
2020-08-13 07:00:00,0.6566499231364257,8553.822029036846,cand_007
2020-08-13 07:00:00,0.5093902926608961,8554.331419329508,cand_009
2020-08-13 07:00:00,0.5222644599299877,8554.853683789437,cand_011
2020-08-13 07:00:00,0.5221548113343271,8555.375838600772,cand_013
2020-08-13 07:00:00,0.5271758785499405,8555.903014479321,cand_014
2020-08-13 07:00:00,0.49031404625585057,8556.393328525577,cand_014
2020-08-13 07:00:00,0.604366284364134,8556.997694809941,cand_015
2020-08-24 07:00:00,0.5104507579966491,8557.508145567937,cand_003
2020-08-24 07:00:00,0.5093902926608961,8558.0175358606,cand_009
2020-08-24 07:00:00,0.5222644599299877,8558.539800320528,cand_011
2020-08-24 07:00:00,0.5221548113343271,8559.061955131863,cand_013
2020-08-24 07:00:00,0.49031404625585057,8559.552269178119,cand_014
2020-08-24 07:00:00,0.604366284364134,8560.156635462481,cand_015
2020-08-28 07:00:00,0.5104507579966491,8560.667086220477,cand_003
2020-08-28 07:00:00,0.6566499231364257,8561.323736143615,cand_007
2020-08-28 07:00:00,0.5093902926608961,8561.833126436275,cand_009
2020-08-28 07:00:00,0.5222644599299877,8562.355390896206,cand_011
2020-08-28 07:00:00,0.5221548113343271,8562.877545707539,cand_013
2020-08-28 07:00:00,0.5271758785499405,8563.40472158609,cand_014
2020-08-28 07:00:00,0.49031404625585057,8563.895035632346,cand_014
2020-08-28 07:00:00,0.604366284364134,8564.49940191671,cand_015
2020-09-02 07:00:00,0.5104507579966491,8565.009852674706,cand_003
2020-09-02 07:00:00,0.5093902926608961,8565.519242967366,cand_009
2020-09-02 07:00:00,0.5222644599299877,8566.041507427297,cand_011
2020-09-02 07:00:00,0.5221548113343271,8566.56366223863,cand_013
2020-09-02 07:00:00,0.5271758785499405,8567.090838117181,cand_014
2020-09-02 07:00:00,0.49031404625585057,8567.581152163437,cand_014
2020-09-23 07:00:00,0.5104507579966491,8568.091602921433,cand_003
2020-09-23 07:00:00,0.5093902926608961,8568.600993214095,cand_009
2020-09-23 07:00:00,0.5222644599299877,8569.123257674024,cand_011
2020-09-23 07:00:00,0.5221548113343271,8569.645412485359,cand_013
2020-09-23 07:00:00,0.5271758785499405,8570.172588363908,cand_014
2020-09-23 07:00:00,0.49031404625585057,8570.662902410164,cand_014
2020-09-23 07:00:00,0.604366284364134,8571.267268694528,cand_015
2020-10-05 07:00:00,0.5104507579966491,8571.777719452524,cand_003
2020-10-05 07:00:00,0.5093902926608961,8572.287109745186,cand_009
2020-10-05 07:00:00,0.49031404625585057,8572.777423791442,cand_014
2020-10-05 07:00:00,0.604366284364134,8573.381790075804,cand_015
2020-11-02 07:00:00,0.5104507579966491,8573.8922408338,cand_003
2020-11-02 07:00:00,0.5093902926608961,8574.401631126462,cand_009
2020-11-02 07:00:00,0.49031404625585057,8574.891945172718,cand_014
2020-11-02 07:00:00,0.604366284364134,8575.496311457082,cand_015
2020-11-04 07:00:00,0.5104507579966491,8576.006762215078,cand_003
2020-11-04 07:00:00,0.5093902926608961,8576.516152507738,cand_009
2020-11-04 07:00:00,0.5222644599299877,8577.038416967669,cand_011
2020-11-04 07:00:00,0.5221548113343271,8577.560571779002,cand_013
2020-11-04 07:00:00,0.5271758785499405,8578.087747657553,cand_014
2020-11-10 07:00:00,0.5104507579966491,8578.59819841555,cand_003
2020-11-10 07:00:00,0.6566499231364257,8579.254848338685,cand_007
2020-11-10 07:00:00,0.5093902926608961,8579.764238631347,cand_009
2020-11-10 07:00:00,0.5222644599299877,8580.286503091276,cand_011
2020-11-10 07:00:00,0.5221548113343271,8580.808657902611,cand_013
2020-11-10 07:00:00,0.5271758785499405,8581.335833781162,cand_014
2020-11-10 07:00:00,0.49031404625585057,8581.826147827418,cand_014
2020-11-10 07:00:00,0.604366284364134,8582.43051411178,cand_015
2020-11-11 07:00:00,0.5104507579966491,8582.940964869777,cand_003
2020-11-11 07:00:00,0.5093902926608961,8583.450355162438,cand_009
2020-11-11 07:00:00,0.5222644599299877,8583.972619622367,cand_011
2020-11-11 07:00:00,0.5221548113343271,8584.494774433702,cand_013
2020-11-11 07:00:00,0.5271758785499405,8585.021950312253,cand_014
2020-11-11 07:00:00,0.49031404625585057,8585.51226435851,cand_014
2020-11-11 09:14:40,0.0,8585.51226435851,cand_003
2020-11-11 09:14:40,0.0,8585.51226435851,cand_009
2020-11-11 09:14:40,0.0,8585.51226435851,cand_011
2020-11-11 09:14:40,0.0,8585.51226435851,cand_013
2020-11-11 09:14:40,0.0,8585.51226435851,cand_014
2020-11-11 09:14:40,0.0,8585.51226435851,cand_014
2020-11-11 13:00:00,1.0239041675109257,8586.53616852602,cand_003
2020-11-11 13:00:00,1.021776998808033,8587.557945524826,cand_009
2020-11-11 13:00:00,1.0476010637419166,8588.60554658857,cand_011
2020-11-11 13:00:00,1.0473811215588562,8589.652927710129,cand_013
2020-11-11 13:00:00,1.0574527916795866,8590.710380501809,cand_014
2020-11-11 13:00:00,0.9835122927837944,8591.693892794592,cand_014
2020-11-12 07:00:00,0.5104507579966491,8592.204343552588,cand_003
2020-11-12 07:00:00,0.5093902926608961,8592.713733845248,cand_009
2020-11-12 07:00:00,0.5222644599299877,8593.23599830518,cand_011
2020-11-12 07:00:00,0.49031404625585057,8593.726312351435,cand_014
2020-11-12 07:00:00,0.604366284364134,8594.330678635797,cand_015
2020-12-10 07:00:00,0.5104507579966491,8594.841129393793,cand_003
2020-12-10 07:00:00,0.5093902926608961,8595.350519686455,cand_009
2020-12-10 07:00:00,0.5222644599299877,8595.872784146384,cand_011
2020-12-10 07:00:00,0.5221548113343271,8596.39493895772,cand_013
2020-12-10 07:00:00,0.5271758785499405,8596.92211483627,cand_014
2020-12-10 07:00:00,0.49031404625585057,8597.412428882526,cand_014
2020-12-18 07:00:00,0.5104507579966491,8597.922879640522,cand_003
2020-12-18 07:00:00,0.6566499231364257,8598.579529563658,cand_007
2020-12-18 07:00:00,0.5093902926608961,8599.08891985632,cand_009
2020-12-18 07:00:00,0.5222644599299877,8599.611184316249,cand_011
2020-12-18 07:00:00,0.5221548113343271,8600.133339127584,cand_013
2020-12-18 07:00:00,0.5271758785499405,8600.660515006133,cand_014
2020-12-18 07:00:00,0.49031404625585057,8601.150829052389,cand_014
2020-12-18 07:00:00,0.604366284364134,8601.755195336753,cand_015
2020-12-21 07:00:00,0.5104507579966491,8602.26564609475,cand_003
2020-12-21 07:00:00,0.5093902926608961,8602.775036387411,cand_009
2020-12-21 07:00:00,0.5222644599299877,8603.29730084734,cand_011
2020-12-21 07:00:00,0.5221548113343271,8603.819455658675,cand_013
2020-12-21 07:00:00,0.5271758785499405,8604.346631537224,cand_014
2021-01-07 07:00:00,0.5104507579966491,8604.85708229522,cand_003
2021-01-07 07:00:00,0.5093902926608961,8605.36647258788,cand_009
2021-01-07 07:00:00,0.5222644599299877,8605.888737047811,cand_011
2021-01-07 07:00:00,0.5221548113343271,8606.410891859145,cand_013
2021-01-07 09:34:40,0.0,8606.410891859145,cand_003
2021-01-07 09:34:40,0.0,8606.410891859145,cand_009
2021-01-07 09:34:40,0.0,8606.410891859145,cand_011
2021-01-07 09:34:40,0.0,8606.410891859145,cand_013
2021-01-07 13:00:00,17.031039407982316,8623.441931267127,cand_003
2021-01-07 13:00:00,16.995657293956487,8640.437588561084,cand_009
2021-01-07 13:00:00,17.425200098369945,8657.862788659455,cand_011
2021-01-07 13:00:00,17.421541705225312,8675.28433036468,cand_013
2021-01-11 07:00:00,0.5104507579966491,8675.794781122677,cand_003
2021-01-11 07:00:00,0.5093902926608961,8676.304171415337,cand_009
2021-01-11 07:00:00,0.5222644599299877,8676.826435875268,cand_011
2021-01-11 07:00:00,0.5221548113343271,8677.3485906866,cand_013
2021-01-11 07:00:00,0.5271758785499405,8677.87576656515,cand_014
2021-01-11 07:00:00,0.49031404625585057,8678.366080611406,cand_014
2021-01-11 07:00:00,0.604366284364134,8678.970446895772,cand_015
2021-01-14 07:00:00,0.5104507579966491,8679.480897653768,cand_003
2021-01-14 07:00:00,0.5093902926608961,8679.990287946428,cand_009
2021-01-14 07:00:00,0.5222644599299877,8680.512552406359,cand_011
2021-01-14 07:00:00,0.5221548113343271,8681.034707217692,cand_013
2021-01-14 07:00:00,0.5271758785499405,8681.561883096241,cand_014
2021-01-19 07:00:00,0.5104507579966491,8682.072333854238,cand_003
2021-01-19 07:00:00,0.6566499231364257,8682.728983777375,cand_007
2021-01-19 07:00:00,0.5093902926608961,8683.238374070035,cand_009
2021-01-19 07:00:00,0.5222644599299877,8683.760638529966,cand_011
2021-01-19 07:00:00,0.5221548113343271,8684.2827933413,cand_013
2021-01-19 07:00:00,0.5271758785499405,8684.80996921985,cand_014
2021-01-19 07:00:00,0.49031404625585057,8685.300283266106,cand_014
2021-01-19 07:00:00,0.604366284364134,8685.90464955047,cand_015
2021-01-28 07:00:00,0.5093902926608961,8686.41403984313,cand_009
2021-01-28 07:00:00,0.604366284364134,8687.018406127496,cand_015
2021-01-29 07:00:00,0.5104507579966491,8687.528856885492,cand_003
2021-01-29 07:00:00,0.5093902926608961,8688.038247178152,cand_009
2021-01-29 07:00:00,0.604366284364134,8688.642613462516,cand_015
2021-02-16 07:00:00,0.5104507579966491,8689.153064220513,cand_003
2021-02-16 07:00:00,0.5093902926608961,8689.662454513174,cand_009
2021-02-16 07:00:00,0.5222644599299877,8690.184718973103,cand_011
2021-02-16 07:00:00,0.49031404625585057,8690.675033019359,cand_014
2021-02-16 07:00:00,0.604366284364134,8691.279399303723,cand_015
2021-02-17 07:00:00,0.5104507579966491,8691.78985006172,cand_003
2021-02-17 07:00:00,0.6566499231364257,8692.446499984857,cand_007
2021-02-17 07:00:00,0.5093902926608961,8692.955890277517,cand_009
2021-02-17 07:00:00,0.5222644599299877,8693.478154737448,cand_011
2021-02-17 07:00:00,0.5221548113343271,8694.000309548781,cand_013
2021-02-17 07:00:00,0.5271758785499405,8694.52748542733,cand_014
2021-02-17 07:00:00,0.49031404625585057,8695.017799473586,cand_014
2021-02-17 07:00:00,0.604366284364134,8695.622165757952,cand_015
2021-02-22 07:00:00,0.5104507579966491,8696.132616515948,cand_003
2021-02-22 07:00:00,0.5093902926608961,8696.642006808608,cand_009
2021-02-22 07:00:00,0.5222644599299877,8697.164271268539,cand_011
2021-02-22 07:00:00,0.5221548113343271,8697.686426079872,cand_013
2021-02-22 07:00:00,0.5271758785499405,8698.213601958421,cand_014
2021-02-24 07:00:00,0.5104507579966491,8698.724052716418,cand_003
2021-02-24 07:00:00,0.6566499231364257,8699.380702639555,cand_007
2021-02-24 07:00:00,0.5093902926608961,8699.890092932215,cand_009
2021-02-24 07:00:00,0.5222644599299877,8700.412357392146,cand_011
2021-02-24 07:00:00,0.5221548113343271,8700.93451220348,cand_013
2021-02-24 07:00:00,0.5271758785499405,8701.46168808203,cand_014
2021-02-24 07:00:00,0.49031404625585057,8701.952002128286,cand_014
2021-02-24 07:00:00,0.604366284364134,8702.55636841265,cand_015
2021-02-25 07:00:00,0.5104507579966491,8703.066819170646,cand_003
2021-02-25 07:00:00,0.6566499231364257,8703.723469093784,cand_007
2021-02-25 07:00:00,0.5093902926608961,8704.232859386444,cand_009
2021-02-25 07:00:00,0.5222644599299877,8704.755123846375,cand_011
2021-02-25 07:00:00,0.5221548113343271,8705.277278657708,cand_013
2021-02-25 07:00:00,0.5271758785499405,8705.804454536257,cand_014
2021-02-25 07:00:00,0.49031404625585057,8706.294768582513,cand_014
2021-02-25 07:00:00,0.604366284364134,8706.899134866879,cand_015
2021-02-26 07:00:00,0.5104507579966491,8707.409585624875,cand_003
2021-02-26 07:00:00,0.5093902926608961,8707.918975917535,cand_009
2021-02-26 07:00:00,0.5222644599299877,8708.441240377466,cand_011
2021-02-26 07:00:00,0.5221548113343271,8708.963395188799,cand_013
2021-02-26 07:00:00,0.5271758785499405,8709.490571067348,cand_014
2021-02-26 07:00:00,0.49031404625585057,8709.980885113604,cand_014
2021-03-01 07:00:00,0.5104507579966491,8710.4913358716,cand_003
2021-03-01 07:00:00,0.6566499231364257,8711.147985794738,cand_007
2021-03-01 07:00:00,0.5093902926608961,8711.657376087398,cand_009
2021-03-01 07:00:00,0.5222644599299877,8712.179640547329,cand_011
2021-03-01 07:00:00,0.5221548113343271,8712.701795358662,cand_013
2021-03-01 07:00:00,0.5271758785499405,8713.228971237213,cand_014
2021-03-01 07:00:00,0.49031404625585057,8713.719285283469,cand_014
2021-03-01 07:00:00,0.604366284364134,8714.323651567833,cand_015
2021-03-05 07:00:00,0.5104507579966491,8714.834102325829,cand_003
2021-03-05 07:00:00,0.6566499231364257,8715.490752248967,cand_007
2021-03-05 07:00:00,0.5093902926608961,8716.000142541627,cand_009
2021-03-05 07:00:00,0.5222644599299877,8716.522407001557,cand_011
2021-03-05 07:00:00,0.5221548113343271,8717.04456181289,cand_013
2021-03-05 07:00:00,0.5271758785499405,8717.57173769144,cand_014
2021-03-05 07:00:00,0.49031404625585057,8718.062051737696,cand_014
2021-03-05 07:00:00,0.604366284364134,8718.666418022061,cand_015
2021-03-05 08:12:40,0.0,8718.666418022061,cand_003
2021-03-05 08:12:40,0.0,8718.666418022061,cand_007
2021-03-05 08:12:40,0.0,8718.666418022061,cand_009
2021-03-05 08:12:40,0.0,8718.666418022061,cand_011
2021-03-05 08:12:40,0.0,8718.666418022061,cand_013
2021-03-05 08:12:40,0.0,8718.666418022061,cand_014
2021-03-05 08:12:40,0.0,8718.666418022061,cand_014
2021-03-05 08:12:40,0.0,8718.666418022061,cand_015
2021-03-05 13:00:00,17.15114546868741,8735.817563490747,cand_003
2021-03-05 13:00:00,22.063437417383902,8757.881000908132,cand_007
2021-03-05 13:00:00,17.11551383340611,8774.996514741539,cand_009
2021-03-05 13:00:00,17.54808585364759,8792.544600595185,cand_011
2021-03-05 13:00:00,17.54440166083339,8810.08900225602,cand_013
2021-03-05 13:00:00,17.713109519278003,8827.802111775298,cand_014
2021-03-05 13:00:00,16.474551954196578,8844.276663729494,cand_014
2021-03-05 13:00:00,20.306707154634903,8864.583370884127,cand_015
2021-03-09 07:00:00,0.5104507579966491,8865.093821642124,cand_003
2021-03-09 07:00:00,0.5093902926608961,8865.603211934786,cand_009
2021-03-09 07:00:00,0.5222644599299877,8866.125476394714,cand_011
2021-03-09 07:00:00,0.5221548113343271,8866.64763120605,cand_013
2021-03-09 07:00:00,0.5271758785499405,8867.1748070846,cand_014
2021-03-09 07:00:00,0.49031404625585057,8867.665121130856,cand_014
2021-03-10 07:00:00,0.5104507579966491,8868.175571888853,cand_003
2021-03-10 07:00:00,0.5093902926608961,8868.684962181513,cand_009
2021-03-10 07:00:00,0.5222644599299877,8869.207226641443,cand_011
2021-03-10 07:00:00,0.5221548113343271,8869.729381452777,cand_013
2021-03-10 07:00:00,0.5271758785499405,8870.256557331326,cand_014
2021-03-10 07:00:00,0.49031404625585057,8870.746871377582,cand_014
2021-03-10 07:00:00,0.604366284364134,8871.351237661947,cand_015
2021-03-11 07:00:00,0.5104507579966491,8871.861688419944,cand_003
2021-03-11 07:00:00,0.5093902926608961,8872.371078712604,cand_009
2021-03-11 07:00:00,0.49031404625585057,8872.86139275886,cand_014
2021-03-11 07:00:00,0.604366284364134,8873.465759043223,cand_015
2021-03-11 07:53:40,0.0,8873.465759043223,cand_003
2021-03-11 07:53:40,0.0,8873.465759043223,cand_009
2021-03-11 07:53:40,0.0,8873.465759043223,cand_014
2021-03-11 07:53:40,0.0,8873.465759043223,cand_015
2021-03-11 13:00:00,-16.613670847032115,8856.852088196192,cand_003
2021-03-11 13:00:00,-16.57915581936905,8840.272932376822,cand_009
2021-03-11 13:00:00,-15.95828010549189,8824.31465227133,cand_014
2021-03-11 13:00:00,-19.670345008157373,8804.644307263174,cand_015
2021-03-12 07:00:00,0.5104507579966491,8805.15475802117,cand_003
2021-03-12 07:00:00,0.6566499231364257,8805.811407944306,cand_007
2021-03-12 07:00:00,0.5093902926608961,8806.320798236968,cand_009
2021-03-12 07:00:00,0.5222644599299877,8806.843062696897,cand_011
2021-03-12 07:00:00,0.5221548113343271,8807.365217508232,cand_013
2021-03-12 07:00:00,0.5271758785499405,8807.89239338678,cand_014
2021-03-12 07:00:00,0.49031404625585057,8808.382707433037,cand_014
2021-03-12 07:00:00,0.604366284364134,8808.9870737174,cand_015
2021-03-12 08:12:40,0.0,8808.9870737174,cand_003
2021-03-12 08:12:40,0.0,8808.9870737174,cand_007
2021-03-12 08:12:40,0.0,8808.9870737174,cand_009
2021-03-12 08:12:40,0.0,8808.9870737174,cand_011
2021-03-12 08:12:40,0.0,8808.9870737174,cand_013
2021-03-12 08:12:40,0.0,8808.9870737174,cand_014
2021-03-12 08:12:40,0.0,8808.9870737174,cand_014
2021-03-12 08:12:40,0.0,8808.9870737174,cand_015
2021-03-12 13:00:00,6.5007405356632075,8815.487814253063,cand_003
2021-03-12 13:00:00,8.362629903472715,8823.850444156536,cand_007
2021-03-12 13:00:00,6.487235197710824,8830.337679354248,cand_009
2021-03-12 13:00:00,6.651191504402491,8836.98887085865,cand_011
2021-03-12 13:00:00,6.649795097287165,8843.638665955936,cand_013
2021-03-12 13:00:00,6.713739865062478,8850.352405820999,cand_014
2021-03-12 13:00:00,6.244293589081861,8856.596699410082,cand_014
2021-03-12 13:00:00,7.696782386166765,8864.293481796249,cand_015
2021-03-15 07:00:00,0.5104507579966491,8864.803932554245,cand_003
2021-03-15 07:00:00,0.5093902926608961,8865.313322846905,cand_009
2021-03-15 07:00:00,0.5222644599299877,8865.835587306836,cand_011
2021-03-15 07:00:00,0.5221548113343271,8866.357742118169,cand_013
2021-03-15 07:00:00,0.5271758785499405,8866.884917996718,cand_014
2021-03-15 09:01:40,0.0,8866.884917996718,cand_003
2021-03-15 09:01:40,0.0,8866.884917996718,cand_009
2021-03-15 09:01:40,0.0,8866.884917996718,cand_011
2021-03-15 09:01:40,0.0,8866.884917996718,cand_013
2021-03-15 09:01:40,0.0,8866.884917996718,cand_014
2021-03-15 13:00:00,-12.217789025225677,8854.667128971494,cand_003
2021-03-15 13:00:00,-12.192406475512861,8842.47472249598,cand_009
2021-03-15 13:00:00,-12.500553455618354,8829.97416904036,cand_011
2021-03-15 13:00:00,-12.49792898423163,8817.47624005613,cand_013
2021-03-15 13:00:00,-12.618109704821812,8804.85813035131,cand_014
2021-03-25 07:00:00,0.5104507579966491,8805.368581109306,cand_003
2021-03-25 07:00:00,0.6566499231364257,8806.025231032441,cand_007
2021-03-25 07:00:00,0.5093902926608961,8806.534621325103,cand_009
2021-03-25 07:00:00,0.5222644599299877,8807.056885785032,cand_011
2021-03-25 07:00:00,0.5221548113343271,8807.579040596367,cand_013
2021-03-25 07:00:00,0.5271758785499405,8808.106216474916,cand_014
2021-03-25 07:00:00,0.49031404625585057,8808.596530521172,cand_014
2021-03-25 07:00:00,0.604366284364134,8809.200896805536,cand_015
2021-03-29 07:00:00,0.5104507579966491,8809.711347563532,cand_003
2021-03-29 07:00:00,0.6566499231364257,8810.367997486668,cand_007
2021-03-29 07:00:00,0.5093902926608961,8810.87738777933,cand_009
2021-03-29 07:00:00,0.5222644599299877,8811.399652239259,cand_011
2021-03-29 07:00:00,0.5221548113343271,8811.921807050594,cand_013
2021-03-29 07:00:00,0.5271758785499405,8812.448982929145,cand_014
2021-03-29 07:00:00,0.49031404625585057,8812.9392969754,cand_014
2021-03-29 07:00:00,0.604366284364134,8813.543663259763,cand_015
2021-03-31 07:00:00,0.5104507579966491,8814.05411401776,cand_003
2021-03-31 07:00:00,0.6566499231364257,8814.710763940897,cand_007
2021-03-31 07:00:00,0.5093902926608961,8815.220154233557,cand_009
2021-03-31 07:00:00,0.5222644599299877,8815.742418693488,cand_011
2021-03-31 07:00:00,0.5221548113343271,8816.26457350482,cand_013
2021-03-31 07:00:00,0.5271758785499405,8816.791749383372,cand_014
2021-03-31 07:00:00,0.49031404625585057,8817.282063429628,cand_014
2021-03-31 07:00:00,0.604366284364134,8817.886429713992,cand_015
2021-04-01 07:00:00,0.5104507579966491,8818.396880471988,cand_003
2021-04-01 07:00:00,0.6566499231364257,8819.053530395126,cand_007
2021-04-01 07:00:00,0.5093902926608961,8819.562920687786,cand_009
2021-04-01 07:00:00,0.5222644599299877,8820.085185147716,cand_011
2021-04-01 07:00:00,0.5221548113343271,8820.60733995905,cand_013
2021-04-01 07:00:00,0.5271758785499405,8821.134515837599,cand_014
2021-04-01 07:00:00,0.49031404625585057,8821.624829883855,cand_014
2021-04-01 07:00:00,0.604366284364134,8822.22919616822,cand_015
2021-04-13 07:00:00,0.5104507579966491,8822.739646926217,cand_003
2021-04-13 07:00:00,0.6566499231364257,8823.396296849352,cand_007
2021-04-13 07:00:00,0.5093902926608961,8823.905687142014,cand_009
2021-04-13 07:00:00,0.5222644599299877,8824.427951601943,cand_011
2021-04-13 07:00:00,0.5221548113343271,8824.950106413278,cand_013
2021-04-13 07:00:00,0.5271758785499405,8825.477282291828,cand_014
2021-04-13 07:00:00,0.49031404625585057,8825.967596338083,cand_014
2021-04-13 07:00:00,0.604366284364134,8826.571962622447,cand_015
2021-04-27 07:00:00,0.5104507579966491,8827.082413380444,cand_003
2021-04-27 07:00:00,0.5093902926608961,8827.591803673105,cand_009
2021-04-27 07:00:00,0.5222644599299877,8828.114068133034,cand_011
2021-04-27 07:00:00,0.5221548113343271,8828.63622294437,cand_013
2021-04-27 07:00:00,0.5271758785499405,8829.163398822919,cand_014
2021-04-27 07:00:00,0.49031404625585057,8829.653712869174,cand_014
2021-04-27 07:00:00,0.604366284364134,8830.258079153538,cand_015
2021-04-28 07:00:00,0.5104507579966491,8830.768529911535,cand_003
2021-04-28 07:00:00,0.5093902926608961,8831.277920204197,cand_009
2021-04-28 07:00:00,0.5222644599299877,8831.800184664125,cand_011
2021-04-28 07:00:00,0.5221548113343271,8832.32233947546,cand_013
2021-04-28 09:58:40,0.0,8832.32233947546,cand_003
2021-04-28 09:58:40,0.0,8832.32233947546,cand_009
2021-04-28 09:58:40,0.0,8832.32233947546,cand_011
2021-04-28 09:58:40,0.0,8832.32233947546,cand_013
2021-04-28 13:00:00,-9.428325765349872,8822.894013710109,cand_003
2021-04-28 13:00:00,-9.408738346795376,8813.485275363315,cand_009
2021-04-28 13:00:00,-9.646531789295068,8803.838743574019,cand_011
2021-04-28 13:00:00,-9.644506515234042,8794.194237058786,cand_013
2021-04-30 07:00:00,0.5104507579966491,8794.704687816782,cand_003
2021-04-30 07:00:00,0.5093902926608961,8795.214078109442,cand_009
2021-04-30 07:00:00,0.5222644599299877,8795.736342569373,cand_011
2021-04-30 07:00:00,0.5221548113343271,8796.258497380706,cand_013
2021-04-30 07:00:00,0.5271758785499405,8796.785673259257,cand_014
2021-04-30 07:00:00,0.49031404625585057,8797.275987305513,cand_014
2021-05-03 07:00:00,0.5104507579966491,8797.78643806351,cand_003
2021-05-03 07:00:00,0.5222644599299877,8798.308702523438,cand_011
2021-05-03 07:00:00,0.49031404625585057,8798.799016569694,cand_014
2021-05-03 07:00:00,0.604366284364134,8799.40338285406,cand_015
2021-05-06 07:00:00,0.5104507579966491,8799.913833612056,cand_003
2021-05-06 07:00:00,0.6566499231364257,8800.570483535192,cand_007
2021-05-06 07:00:00,0.5093902926608961,8801.079873827854,cand_009
2021-05-06 07:00:00,0.5222644599299877,8801.602138287783,cand_011
2021-05-06 07:00:00,0.5221548113343271,8802.124293099117,cand_013
2021-05-06 07:00:00,0.5271758785499405,8802.651468977667,cand_014
2021-05-06 07:00:00,0.49031404625585057,8803.141783023922,cand_014
2021-05-06 07:00:00,0.604366284364134,8803.746149308286,cand_015
2021-05-12 07:00:00,0.5104507579966491,8804.256600066283,cand_003
2021-05-12 07:00:00,0.5222644599299877,8804.778864526212,cand_011
2021-05-12 07:00:00,0.49031404625585057,8805.269178572467,cand_014
2021-05-12 07:00:00,0.604366284364134,8805.873544856833,cand_015
2021-05-13 07:00:00,0.5104507579966491,8806.38399561483,cand_003
2021-05-13 07:00:00,0.6566499231364257,8807.040645537965,cand_007
2021-05-13 07:00:00,0.5093902926608961,8807.550035830627,cand_009
2021-05-13 07:00:00,0.5222644599299877,8808.072300290556,cand_011
2021-05-13 07:00:00,0.5221548113343271,8808.594455101891,cand_013
2021-05-13 07:00:00,0.5271758785499405,8809.12163098044,cand_014
2021-05-13 07:00:00,0.49031404625585057,8809.611945026696,cand_014
2021-05-13 07:00:00,0.604366284364134,8810.21631131106,cand_015
2021-05-31 07:00:00,0.5104507579966491,8810.726762069056,cand_003
2021-05-31 07:00:00,0.5093902926608961,8811.236152361718,cand_009
2021-05-31 07:00:00,0.5222644599299877,8811.758416821647,cand_011
2021-05-31 07:00:00,0.5221548113343271,8812.280571632982,cand_013
2021-05-31 07:00:00,0.49031404625585057,8812.770885679238,cand_014
2021-05-31 07:00:00,0.604366284364134,8813.3752519636,cand_015
2021-06-22 07:00:00,0.5104507579966491,8813.885702721596,cand_003
2021-06-22 07:00:00,0.6566499231364257,8814.542352644734,cand_007
2021-06-22 07:00:00,0.5093902926608961,8815.051742937394,cand_009
2021-06-22 07:00:00,0.5222644599299877,8815.574007397325,cand_011
2021-06-22 07:00:00,0.5221548113343271,8816.096162208658,cand_013
2021-06-22 07:00:00,0.5271758785499405,8816.623338087209,cand_014
2021-06-22 07:00:00,0.49031404625585057,8817.113652133465,cand_014
2021-06-22 07:00:00,0.604366284364134,8817.718018417829,cand_015
2021-07-08 08:35:40,0.0,8817.718018417829,cand_003
2021-07-08 08:35:40,0.0,8817.718018417829,cand_009
2021-07-08 08:35:40,0.0,8817.718018417829,cand_011
2021-07-08 08:35:40,0.0,8817.718018417829,cand_013
2021-07-08 08:35:40,0.0,8817.718018417829,cand_014
2021-07-08 08:35:40,0.0,8817.718018417829,cand_014
2021-07-08 13:00:00,19.445171228154706,8837.163189645984,cand_003
2021-07-08 13:00:00,19.404773736893905,8856.567963382877,cand_009
2021-07-08 13:00:00,19.895203779450593,8876.463167162328,cand_011
2021-07-08 13:00:00,19.89102681294766,8896.354193975276,cand_013
2021-07-08 13:00:00,20.082299938173033,8916.436493913447,cand_014
2021-07-08 13:00:00,18.678080962075814,8935.114574875523,cand_014
2021-08-05 07:00:00,0.5104507579966491,8935.625025633519,cand_003
2021-08-05 07:00:00,0.5222644599299877,8936.14729009345,cand_011
2021-08-05 07:00:00,0.49031404625585057,8936.637604139705,cand_014
2021-08-05 07:00:00,0.604366284364134,8937.24197042407,cand_015
2021-08-19 07:00:00,0.5104507579966491,8937.752421182066,cand_003
2021-08-19 07:00:00,0.6566499231364257,8938.409071105201,cand_007
2021-08-19 07:00:00,0.5093902926608961,8938.918461397863,cand_009
2021-08-19 07:00:00,0.5222644599299877,8939.440725857792,cand_011
2021-08-19 07:00:00,0.5221548113343271,8939.962880669127,cand_013
2021-08-19 07:00:00,0.5271758785499405,8940.490056547678,cand_014
2021-08-19 07:00:00,0.49031404625585057,8940.980370593934,cand_014
2021-08-19 07:00:00,0.604366284364134,8941.584736878296,cand_015
2021-08-25 07:00:00,0.604366284364134,8942.189103162662,cand_015
2021-09-01 07:00:00,0.604366284364134,8942.793469447024,cand_015
2021-09-03 07:00:00,0.5104507579966491,8943.30392020502,cand_003
2021-09-03 07:00:00,0.5093902926608961,8943.813310497682,cand_009
2021-09-03 07:00:00,0.5222644599299877,8944.335574957611,cand_011
2021-09-03 07:00:00,0.5221548113343271,8944.857729768946,cand_013
2021-09-03 07:00:00,0.5271758785499405,8945.384905647497,cand_014
2021-09-03 07:00:00,0.49031404625585057,8945.875219693753,cand_014
2021-09-03 07:00:00,0.604366284364134,8946.479585978115,cand_015
2021-09-22 07:00:00,0.5104507579966491,8946.990036736112,cand_003
2021-09-22 07:00:00,0.6566499231364257,8947.64668665925,cand_007
2021-09-22 07:00:00,0.5093902926608961,8948.15607695191,cand_009
2021-09-22 07:00:00,0.5222644599299877,8948.67834141184,cand_011
2021-09-22 07:00:00,0.5221548113343271,8949.200496223173,cand_013
2021-09-22 07:00:00,0.5271758785499405,8949.727672101724,cand_014
2021-09-22 07:00:00,0.49031404625585057,8950.21798614798,cand_014
2021-09-22 07:00:00,0.604366284364134,8950.822352432344,cand_015
2021-09-22 09:37:40,0.0,8950.822352432344,cand_003
2021-09-22 09:37:40,0.0,8950.822352432344,cand_007
2021-09-22 09:37:40,0.0,8950.822352432344,cand_009
2021-09-22 09:37:40,0.0,8950.822352432344,cand_011
2021-09-22 09:37:40,0.0,8950.822352432344,cand_013
2021-09-22 09:37:40,0.0,8950.822352432344,cand_014
2021-09-22 09:37:40,0.0,8950.822352432344,cand_014
2021-09-22 09:37:40,0.0,8950.822352432344,cand_015
2021-09-22 13:00:00,-5.978279171596049,8944.844073260749,cand_003
2021-09-22 13:00:00,-7.69052939390955,8937.153543866838,cand_007
2021-09-22 13:00:00,-5.965859251104966,8931.187684615732,cand_009
2021-09-22 13:00:00,-6.116638468944739,8925.071046146788,cand_011
2021-09-22 13:00:00,-6.115354290392031,8918.955691856396,cand_013
2021-09-22 13:00:00,-6.174159848193716,8912.7815320082,cand_014
2021-09-22 13:00:00,-5.742442741737638,8907.039089266465,cand_014
2021-09-22 13:00:00,-7.078195718641123,8899.960893547825,cand_015
2021-09-27 07:00:00,0.5104507579966491,8900.47134430582,cand_003
2021-09-27 07:00:00,0.5093902926608961,8900.980734598481,cand_009
2021-09-27 07:00:00,0.5222644599299877,8901.502999058412,cand_011
2021-09-27 07:00:00,0.49031404625585057,8901.993313104667,cand_014
2021-09-27 07:00:00,0.604366284364134,8902.59767938903,cand_015
2021-09-28 07:00:00,0.5104507579966491,8903.108130147026,cand_003
2021-09-28 07:00:00,0.6566499231364257,8903.764780070163,cand_007
2021-09-28 07:00:00,0.5093902926608961,8904.274170362823,cand_009
2021-09-28 07:00:00,0.5222644599299877,8904.796434822754,cand_011
2021-09-28 07:00:00,0.5221548113343271,8905.318589634087,cand_013
2021-09-28 07:00:00,0.5271758785499405,8905.845765512639,cand_014
2021-09-28 07:00:00,0.49031404625585057,8906.336079558894,cand_014
2021-09-28 07:00:00,0.604366284364134,8906.940445843258,cand_015
2021-09-28 09:37:40,0.0,8906.940445843258,cand_003
2021-09-28 09:37:40,0.0,8906.940445843258,cand_007
2021-09-28 09:37:40,0.0,8906.940445843258,cand_009
2021-09-28 09:37:40,0.0,8906.940445843258,cand_011
2021-09-28 09:37:40,0.0,8906.940445843258,cand_013
2021-09-28 09:37:40,0.0,8906.940445843258,cand_014
2021-09-28 09:37:40,0.0,8906.940445843258,cand_014
2021-09-28 09:37:40,0.0,8906.940445843258,cand_015
2021-09-28 13:00:00,-3.45304924527145,8903.487396597986,cand_003
2021-09-28 13:00:00,-4.442043597687586,8899.0453530003,cand_007
2021-09-28 13:00:00,-3.44587550917665,8895.599477491123,cand_009
2021-09-28 13:00:00,-3.5329654642322703,8892.066512026891,cand_011
2021-09-28 13:00:00,-3.532223723732213,8888.534288303159,cand_013
2021-09-28 13:00:00,-3.5661897666613624,8884.968098536498,cand_014
2021-09-28 13:00:00,-3.3168303129072245,8881.651268223592,cand_014
2021-09-28 13:00:00,-4.088360158933848,8877.562908064658,cand_015
2021-09-29 07:00:00,0.5104507579966491,8878.073358822654,cand_003
2021-09-29 07:00:00,0.6566499231364257,8878.73000874579,cand_007
2021-09-29 07:00:00,0.5093902926608961,8879.239399038452,cand_009
2021-09-29 07:00:00,0.5222644599299877,8879.76166349838,cand_011
2021-09-29 07:00:00,0.5221548113343271,8880.283818309716,cand_013
2021-09-29 07:00:00,0.5271758785499405,8880.810994188265,cand_014
2021-09-29 07:00:00,0.49031404625585057,8881.30130823452,cand_014
2021-09-29 07:00:00,0.604366284364134,8881.905674518885,cand_015
2021-10-05 07:00:00,0.5104507579966491,8882.41612527688,cand_003
2021-10-05 07:00:00,0.6566499231364257,8883.072775200017,cand_007
2021-10-05 07:00:00,0.5093902926608961,8883.582165492679,cand_009
2021-10-05 07:00:00,0.5222644599299877,8884.104429952607,cand_011
2021-10-05 07:00:00,0.5221548113343271,8884.626584763942,cand_013
2021-10-05 07:00:00,0.5271758785499405,8885.153760642494,cand_014
2021-10-05 07:00:00,0.49031404625585057,8885.64407468875,cand_014
2021-10-05 07:00:00,0.604366284364134,8886.248440973111,cand_015
2021-10-08 07:00:00,0.5104507579966491,8886.758891731108,cand_003
2021-10-08 07:00:00,0.5222644599299877,8887.281156191038,cand_011
2021-10-08 07:00:00,0.5221548113343271,8887.803311002372,cand_013
2021-10-08 07:00:00,0.5271758785499405,8888.330486880923,cand_014
2021-10-08 07:00:00,0.49031404625585057,8888.820800927178,cand_014
2021-10-08 07:00:00,0.604366284364134,8889.425167211542,cand_015
2021-10-11 07:00:00,0.5104507579966491,8889.935617969539,cand_003
2021-10-11 07:00:00,0.6566499231364257,8890.592267892676,cand_007
2021-10-11 07:00:00,0.5093902926608961,8891.101658185336,cand_009
2021-10-11 07:00:00,0.5222644599299877,8891.623922645267,cand_011
2021-10-11 07:00:00,0.5221548113343271,8892.1460774566,cand_013
2021-10-11 07:00:00,0.5271758785499405,8892.67325333515,cand_014
2021-10-11 07:00:00,0.49031404625585057,8893.163567381405,cand_014
2021-10-11 07:00:00,0.604366284364134,8893.767933665771,cand_015
2021-10-12 07:00:00,0.5104507579966491,8894.278384423767,cand_003
2021-10-12 07:00:00,0.5093902926608961,8894.787774716428,cand_009
2021-10-12 07:00:00,0.5222644599299877,8895.310039176358,cand_011
2021-10-12 07:00:00,0.5221548113343271,8895.832193987691,cand_013
2021-10-12 07:00:00,0.5271758785499405,8896.35936986624,cand_014
2021-10-12 07:00:00,0.49031404625585057,8896.849683912496,cand_014
2021-10-13 07:00:00,0.5104507579966491,8897.360134670493,cand_003
2021-10-13 07:00:00,0.6566499231364257,8898.01678459363,cand_007
2021-10-13 07:00:00,0.5093902926608961,8898.52617488629,cand_009
2021-10-13 07:00:00,0.5222644599299877,8899.048439346221,cand_011
2021-10-13 07:00:00,0.5221548113343271,8899.570594157554,cand_013
2021-10-13 07:00:00,0.5271758785499405,8900.097770036105,cand_014
2021-10-13 07:00:00,0.49031404625585057,8900.588084082361,cand_014
2021-10-13 07:00:00,0.604366284364134,8901.192450366725,cand_015
2021-10-14 07:00:00,0.5104507579966491,8901.702901124721,cand_003
2021-10-14 07:00:00,0.6566499231364257,8902.359551047859,cand_007
2021-10-14 07:00:00,0.5093902926608961,8902.868941340519,cand_009
2021-10-14 07:00:00,0.5222644599299877,8903.39120580045,cand_011
2021-10-14 07:00:00,0.5221548113343271,8903.913360611783,cand_013
2021-10-14 07:00:00,0.5271758785499405,8904.440536490332,cand_014
2021-10-14 07:00:00,0.49031404625585057,8904.930850536588,cand_014
2021-10-14 07:00:00,0.604366284364134,8905.535216820954,cand_015
2021-10-15 07:00:00,0.5104507579966491,8906.04566757895,cand_003
2021-10-15 07:00:00,0.6566499231364257,8906.702317502086,cand_007
2021-10-15 07:00:00,0.5093902926608961,8907.211707794748,cand_009
2021-10-15 07:00:00,0.5222644599299877,8907.733972254677,cand_011
2021-10-15 07:00:00,0.5221548113343271,8908.256127066012,cand_013
2021-10-15 07:00:00,0.5271758785499405,8908.783302944561,cand_014
2021-10-15 07:00:00,0.49031404625585057,8909.273616990817,cand_014
2021-10-15 07:00:00,0.604366284364134,8909.87798327518,cand_015
2021-10-15 08:19:40,0.0,8909.87798327518,cand_003
2021-10-15 08:19:40,0.0,8909.87798327518,cand_007
2021-10-15 08:19:40,0.0,8909.87798327518,cand_009
2021-10-15 08:19:40,0.0,8909.87798327518,cand_011
2021-10-15 08:19:40,0.0,8909.87798327518,cand_013
2021-10-15 08:19:40,0.0,8909.87798327518,cand_014
2021-10-15 08:19:40,0.0,8909.87798327518,cand_014
2021-10-15 08:19:40,0.0,8909.87798327518,cand_015
2021-10-15 13:00:00,14.914170088055037,8924.792153363236,cand_003
2021-10-15 13:00:00,19.185765695403685,8943.97791905864,cand_007
2021-10-15 13:00:00,14.88318578615689,8958.861104844797,cand_009
2021-10-15 13:00:00,15.259338661601467,8974.1204435064,cand_011
2021-10-15 13:00:00,15.256134987632958,8989.376578494031,cand_013
2021-10-15 13:00:00,15.402838757397381,9004.77941725143,cand_014
2021-10-15 13:00:00,14.325822751487117,9019.105240002915,cand_014
2021-10-15 13:00:00,17.658160790803844,9036.76340079372,cand_015
2021-10-18 07:00:00,0.5104507579966491,9037.273851551716,cand_003
2021-10-18 07:00:00,0.6566499231364257,9037.930501474853,cand_007
2021-10-18 07:00:00,0.5093902926608961,9038.439891767513,cand_009
2021-10-18 07:00:00,0.5222644599299877,9038.962156227444,cand_011
2021-10-18 07:00:00,0.5221548113343271,9039.484311038777,cand_013
2021-10-18 07:00:00,0.5271758785499405,9040.011486917327,cand_014
2021-10-18 07:00:00,0.49031404625585057,9040.501800963582,cand_014
2021-10-18 07:00:00,0.604366284364134,9041.106167247948,cand_015
2021-10-20 07:00:00,0.5104507579966491,9041.616618005944,cand_003
2021-10-20 07:00:00,0.5093902926608961,9042.126008298605,cand_009
2021-10-20 07:00:00,0.5222644599299877,9042.648272758535,cand_011
2021-10-20 07:00:00,0.5221548113343271,9043.170427569868,cand_013
2021-10-20 07:00:00,0.5271758785499405,9043.697603448418,cand_014
2021-10-26 07:00:00,0.5104507579966491,9044.208054206414,cand_003
2021-10-26 07:00:00,0.5093902926608961,9044.717444499076,cand_009
2021-10-26 07:00:00,0.5222644599299877,9045.239708959005,cand_011
2021-10-26 07:00:00,0.5221548113343271,9045.76186377034,cand_013
2021-10-26 07:00:00,0.49031404625585057,9046.252177816596,cand_014
2021-10-26 07:00:00,0.604366284364134,9046.85654410096,cand_015
2021-10-27 07:00:00,0.5104507579966491,9047.366994858956,cand_003
2021-10-27 07:00:00,0.5093902926608961,9047.876385151616,cand_009
2021-10-27 07:00:00,0.5222644599299877,9048.398649611547,cand_011
2021-10-27 07:00:00,0.5221548113343271,9048.92080442288,cand_013
2021-10-27 07:00:00,0.5271758785499405,9049.447980301431,cand_014
2021-10-27 07:00:00,0.49031404625585057,9049.938294347687,cand_014
2021-10-27 07:00:00,0.604366284364134,9050.54266063205,cand_015
2021-11-02 07:34:40,0.0,9050.54266063205,cand_003
2021-11-02 07:34:40,0.0,9050.54266063205,cand_009
2021-11-02 07:34:40,0.0,9050.54266063205,cand_011
2021-11-02 07:34:40,0.0,9050.54266063205,cand_013
2021-11-02 07:34:40,0.0,9050.54266063205,cand_014
2021-11-02 07:34:40,0.0,9050.54266063205,cand_014
2021-11-02 13:00:00,9.83668637174719,9060.379347003798,cand_003
2021-11-02 13:00:00,9.816250580924093,9070.195597584723,cand_009
2021-11-02 13:00:00,10.064343357239057,9080.25994094196,cand_011
2021-11-02 13:00:00,10.062230364301502,9090.322171306263,cand_013
2021-11-02 13:00:00,10.158989283115325,9100.481160589377,cand_014
2021-11-02 13:00:00,9.448640091377449,9109.929800680755,cand_014
2021-11-04 07:00:00,0.5104507579966491,9110.440251438751,cand_003
2021-11-04 07:00:00,0.6566499231364257,9111.096901361889,cand_007
2021-11-04 07:00:00,0.5093902926608961,9111.606291654549,cand_009
2021-11-04 07:00:00,0.5222644599299877,9112.12855611448,cand_011
2021-11-04 07:00:00,0.5221548113343271,9112.650710925813,cand_013
2021-11-04 07:00:00,0.49031404625585057,9113.141024972068,cand_014
2021-11-04 07:00:00,0.604366284364134,9113.745391256432,cand_015
2021-11-11 07:00:00,0.5104507579966491,9114.255842014429,cand_003
2021-11-11 07:00:00,0.6566499231364257,9114.912491937564,cand_007
2021-11-11 07:00:00,0.5093902926608961,9115.421882230226,cand_009
2021-11-11 07:00:00,0.5222644599299877,9115.944146690155,cand_011
2021-11-11 07:00:00,0.5221548113343271,9116.46630150149,cand_013
2021-11-11 07:00:00,0.5271758785499405,9116.993477380041,cand_014
2021-11-11 07:00:00,0.49031404625585057,9117.483791426297,cand_014
2021-11-11 07:00:00,0.604366284364134,9118.08815771066,cand_015
2021-11-12 07:00:00,0.5104507579966491,9118.598608468656,cand_003
2021-11-12 07:00:00,0.5093902926608961,9119.107998761318,cand_009
2021-11-17 07:00:00,0.5104507579966491,9119.618449519314,cand_003
2021-11-17 07:00:00,0.5093902926608961,9120.127839811976,cand_009
2021-11-17 07:00:00,0.5222644599299877,9120.650104271905,cand_011
2021-11-17 07:00:00,0.5221548113343271,9121.17225908324,cand_013
2021-11-17 07:00:00,0.5271758785499405,9121.699434961789,cand_014
2021-11-17 07:00:00,0.49031404625585057,9122.189749008045,cand_014
2021-11-17 07:00:00,0.604366284364134,9122.794115292409,cand_015
2021-11-22 07:00:00,0.5104507579966491,9123.304566050405,cand_003
2021-11-22 07:00:00,0.5093902926608961,9123.813956343067,cand_009
2021-11-22 07:00:00,0.604366284364134,9124.418322627429,cand_015
2021-11-23 07:00:00,0.5104507579966491,9124.928773385425,cand_003
2021-11-23 07:00:00,0.6566499231364257,9125.585423308563,cand_007
2021-11-23 07:00:00,0.5093902926608961,9126.094813601223,cand_009
2021-11-23 07:00:00,0.5222644599299877,9126.617078061154,cand_011
2021-11-23 07:00:00,0.5221548113343271,9127.139232872487,cand_013
2021-11-23 07:00:00,0.5271758785499405,9127.666408751038,cand_014
2021-11-23 07:00:00,0.49031404625585057,9128.156722797294,cand_014
2021-11-23 07:00:00,0.604366284364134,9128.761089081658,cand_015
2021-11-24 07:00:00,0.5104507579966491,9129.271539839654,cand_003
2021-11-24 07:00:00,0.6566499231364257,9129.928189762792,cand_007
2021-11-24 07:00:00,0.5093902926608961,9130.437580055452,cand_009
2021-11-24 07:00:00,0.5222644599299877,9130.959844515382,cand_011
2021-11-24 07:00:00,0.5221548113343271,9131.481999326716,cand_013
2021-11-24 07:00:00,0.5271758785499405,9132.009175205265,cand_014
2021-11-24 07:00:00,0.49031404625585057,9132.49948925152,cand_014
2021-11-24 07:00:00,0.604366284364134,9133.103855535886,cand_015
2021-11-26 08:31:40,0.0,9133.103855535886,cand_003
2021-11-26 08:31:40,0.0,9133.103855535886,cand_007
2021-11-26 08:31:40,0.0,9133.103855535886,cand_009
2021-11-26 08:31:40,0.0,9133.103855535886,cand_011
2021-11-26 08:31:40,0.0,9133.103855535886,cand_013
2021-11-26 08:31:40,0.0,9133.103855535886,cand_014
2021-11-26 08:31:40,0.0,9133.103855535886,cand_014
2021-11-26 08:31:40,0.0,9133.103855535886,cand_015
2021-11-26 13:00:00,23.12041668573058,9156.224272221616,cand_003
2021-11-26 13:00:00,29.7423788714734,9185.96665109309,cand_007
2021-11-26 13:00:00,23.072383844052354,9209.039034937141,cand_009
2021-11-26 13:00:00,23.655507890946506,9232.694542828089,cand_011
2021-11-26 13:00:00,23.650541454554816,9256.345084282642,cand_013
2021-11-26 13:00:00,23.877966263732603,9280.223050546376,cand_014
2021-11-26 13:00:00,22.20834209511794,9302.431392641494,cand_014
2021-11-26 13:00:00,27.374237585904893,9329.805630227398,cand_015
2021-11-29 08:04:40,0.0,9329.805630227398,cand_003
2021-11-29 08:04:40,0.0,9329.805630227398,cand_009
2021-11-29 08:04:40,0.0,9329.805630227398,cand_011
2021-11-29 08:04:40,0.0,9329.805630227398,cand_013
2021-11-29 08:04:40,0.0,9329.805630227398,cand_014
2021-11-29 08:04:40,0.0,9329.805630227398,cand_014
2021-11-29 13:00:00,-14.97722576992521,9314.828404457472,cand_003
2021-11-29 13:00:00,-14.946110469367943,9299.882293988105,cand_009
2021-11-29 13:00:00,-15.32385368312223,9284.558440304983,cand_011
2021-11-29 13:00:00,-15.320636464327198,9269.237803840655,cand_013
2021-11-29 13:00:00,-15.467960483571199,9253.769843357084,cand_014
2021-11-29 13:00:00,-14.386390957201074,9239.383452399883,cand_014
2021-11-30 07:10:40,0.0,9239.383452399883,cand_003
2021-11-30 07:10:40,0.0,9239.383452399883,cand_007
2021-11-30 07:10:40,0.0,9239.383452399883,cand_009
2021-11-30 07:10:40,0.0,9239.383452399883,cand_011
2021-11-30 07:10:40,0.0,9239.383452399883,cand_013
2021-11-30 07:10:40,0.0,9239.383452399883,cand_014
2021-11-30 07:10:40,0.0,9239.383452399883,cand_014
2021-11-30 07:10:40,0.0,9239.383452399883,cand_015
2021-11-30 13:00:00,27.134961764798344,9266.518414164682,cand_003
2021-11-30 13:00:00,34.906737384611056,9301.425151549292,cand_007
2021-11-30 13:00:00,27.07858867515599,9328.503740224449,cand_009
2021-11-30 13:00:00,27.762964261101764,9356.266704485552,cand_011
2021-11-30 13:00:00,27.75713547075479,9384.023839956306,cand_013
2021-11-30 13:00:00,28.024049496798902,9412.047889453104,cand_014
2021-11-30 13:00:00,26.064517858906598,9438.112407312012,cand_014
2021-11-30 13:00:00,32.12740065763929,9470.23980796965,cand_015
2021-12-01 07:00:00,0.5104507579966491,9470.750258727647,cand_003
2021-12-01 07:00:00,0.5093902926608961,9471.259649020309,cand_009
2021-12-01 07:00:00,0.5222644599299877,9471.781913480238,cand_011
2021-12-01 07:00:00,0.5221548113343271,9472.304068291573,cand_013
2021-12-01 07:00:00,0.5271758785499405,9472.831244170124,cand_014
2021-12-01 07:00:00,0.49031404625585057,9473.32155821638,cand_014
2021-12-03 07:00:00,0.5104507579966491,9473.832008974376,cand_003
2021-12-03 07:00:00,0.5093902926608961,9474.341399267036,cand_009
2021-12-03 07:00:00,0.5222644599299877,9474.863663726966,cand_011
2021-12-03 07:00:00,0.5221548113343271,9475.3858185383,cand_013
2021-12-03 07:00:00,0.5271758785499405,9475.912994416849,cand_014
2021-12-03 07:00:00,0.49031404625585057,9476.403308463105,cand_014
2021-12-03 07:00:00,0.604366284364134,9477.00767474747,cand_015
2021-12-03 08:58:40,0.0,9477.00767474747,cand_003
2021-12-03 08:58:40,0.0,9477.00767474747,cand_009
2021-12-03 08:58:40,0.0,9477.00767474747,cand_011
2021-12-03 08:58:40,0.0,9477.00767474747,cand_013
2021-12-03 08:58:40,0.0,9477.00767474747,cand_014
2021-12-03 08:58:40,0.0,9477.00767474747,cand_014
2021-12-03 08:58:40,0.0,9477.00767474747,cand_015
2021-12-03 13:00:00,-6.152432959618435,9470.85524178785,cand_003
2021-12-03 13:00:00,-6.139651233306918,9464.715590554544,cand_009
2021-12-03 13:00:00,-6.294822814097323,9458.420767740447,cand_011
2021-12-03 13:00:00,-6.293501226023742,9452.127266514422,cand_013
2021-12-03 13:00:00,-6.354019853816636,9445.773246660607,cand_014
2021-12-03 13:00:00,-5.9097263575190455,9439.863520303086,cand_014
2021-12-03 13:00:00,-7.284391274483003,9432.579129028603,cand_015
2021-12-07 07:00:00,0.5104507579966491,9433.0895797866,cand_003
2021-12-07 07:00:00,0.6566499231364257,9433.746229709737,cand_007
2021-12-07 07:00:00,0.5093902926608961,9434.255620002397,cand_009
2021-12-07 07:00:00,0.5222644599299877,9434.777884462328,cand_011
2021-12-07 07:00:00,0.5221548113343271,9435.300039273661,cand_013
2021-12-07 07:00:00,0.5271758785499405,9435.827215152212,cand_014
2021-12-07 07:00:00,0.49031404625585057,9436.317529198468,cand_014
2021-12-07 07:00:00,0.604366284364134,9436.921895482832,cand_015
2022-01-03 07:00:00,0.604366284364134,9437.526261767196,cand_015
2022-01-04 07:00:00,0.5104507579966491,9438.036712525192,cand_003
2022-01-04 07:00:00,0.6566499231364257,9438.693362448328,cand_007
2022-01-04 07:00:00,0.5093902926608961,9439.20275274099,cand_009
2022-01-04 07:00:00,0.5222644599299877,9439.725017200919,cand_011
2022-01-04 07:00:00,0.5221548113343271,9440.247172012254,cand_013
2022-01-04 07:00:00,0.5271758785499405,9440.774347890805,cand_014
2022-01-04 07:00:00,0.49031404625585057,9441.26466193706,cand_014
2022-01-04 07:00:00,0.604366284364134,9441.869028221423,cand_015
2022-01-05 07:00:00,0.5104507579966491,9442.37947897942,cand_003
2022-01-05 07:00:00,0.6566499231364257,9443.036128902557,cand_007
2022-01-05 07:00:00,0.5093902926608961,9443.545519195217,cand_009
2022-01-05 07:00:00,0.5222644599299877,9444.067783655148,cand_011
2022-01-05 07:00:00,0.5221548113343271,9444.58993846648,cand_013
2022-01-05 07:00:00,0.5271758785499405,9445.117114345032,cand_014
2022-01-05 07:00:00,0.49031404625585057,9445.607428391288,cand_014
2022-01-05 07:00:00,0.604366284364134,9446.211794675652,cand_015
2022-01-06 07:00:00,0.5104507579966491,9446.722245433648,cand_003
2022-01-06 07:00:00,0.5093902926608961,9447.231635726308,cand_009
2022-01-06 07:00:00,0.5222644599299877,9447.753900186239,cand_011
2022-01-06 07:00:00,0.5221548113343271,9448.276054997572,cand_013
2022-01-06 07:00:00,0.5271758785499405,9448.803230876123,cand_014
2022-01-06 07:00:00,0.49031404625585057,9449.293544922379,cand_014
2022-01-10 07:00:00,0.5104507579966491,9449.803995680375,cand_003
2022-01-10 07:00:00,0.6566499231364257,9450.46064560351,cand_007
2022-01-10 07:00:00,0.5093902926608961,9450.970035896173,cand_009
2022-01-10 07:00:00,0.5222644599299877,9451.492300356102,cand_011
2022-01-10 07:00:00,0.5221548113343271,9452.014455167437,cand_013
2022-01-10 07:00:00,0.5271758785499405,9452.541631045988,cand_014
2022-01-10 07:00:00,0.49031404625585057,9453.031945092243,cand_014
2022-01-10 07:00:00,0.604366284364134,9453.636311376606,cand_015
2022-01-17 07:00:00,0.5104507579966491,9454.146762134602,cand_003
2022-01-17 07:00:00,0.5093902926608961,9454.656152427264,cand_009
2022-01-18 07:00:00,0.5104507579966491,9455.16660318526,cand_003
2022-01-18 07:00:00,0.6566499231364257,9455.823253108396,cand_007
2022-01-18 07:00:00,0.5093902926608961,9456.332643401058,cand_009
2022-01-18 07:00:00,0.5222644599299877,9456.854907860987,cand_011
2022-01-18 07:00:00,0.5221548113343271,9457.377062672322,cand_013
2022-01-18 07:00:00,0.5271758785499405,9457.904238550873,cand_014
2022-01-18 07:00:00,0.49031404625585057,9458.394552597128,cand_014
2022-01-18 07:00:00,0.604366284364134,9458.99891888149,cand_015
2022-01-19 07:48:40,0.0,9458.99891888149,cand_003
2022-01-19 07:48:40,0.0,9458.99891888149,cand_007
2022-01-19 07:48:40,0.0,9458.99891888149,cand_009
2022-01-19 07:48:40,0.0,9458.99891888149,cand_011
2022-01-19 07:48:40,0.0,9458.99891888149,cand_013
2022-01-19 07:48:40,0.0,9458.99891888149,cand_014
2022-01-19 07:48:40,0.0,9458.99891888149,cand_014
2022-01-19 07:48:40,0.0,9458.99891888149,cand_015
2022-01-19 13:00:00,-14.631920845398065,9444.366998036094,cand_003
2022-01-19 13:00:00,-18.822676914375307,9425.544321121717,cand_007
2022-01-19 13:00:00,-14.601522918450275,9410.942798203268,cand_009
2022-01-19 13:00:00,-14.970557136699002,9395.972241066567,cand_011
2022-01-19 13:00:00,-14.967414091953975,9381.004826974615,cand_013
2022-01-19 13:00:00,-15.11134150690506,9365.89348546771,cand_014
2022-01-19 13:00:00,-14.054707925910352,9351.838777541798,cand_014
2022-01-19 13:00:00,-17.323981786508384,9334.51479575529,cand_015
2022-01-27 07:00:00,0.5104507579966491,9335.025246513287,cand_003
2022-01-27 07:00:00,0.5093902926608961,9335.534636805947,cand_009
2022-01-27 07:00:00,0.5222644599299877,9336.056901265878,cand_011
2022-01-27 07:00:00,0.5221548113343271,9336.579056077211,cand_013
2022-01-27 07:00:00,0.5271758785499405,9337.10623195576,cand_014
2022-01-31 07:00:00,0.5104507579966491,9337.616682713757,cand_003
2022-01-31 07:00:00,0.5093902926608961,9338.126073006419,cand_009
2022-01-31 07:00:00,0.5222644599299877,9338.648337466348,cand_011
2022-01-31 07:00:00,0.5221548113343271,9339.170492277683,cand_013
2022-01-31 07:00:00,0.5271758785499405,9339.697668156234,cand_014
2022-01-31 07:00:00,0.49031404625585057,9340.18798220249,cand_014
2022-02-08 07:00:00,0.5104507579966491,9340.698432960486,cand_003
2022-02-08 07:00:00,0.5093902926608961,9341.207823253146,cand_009
2022-02-08 07:00:00,0.5222644599299877,9341.730087713077,cand_011
2022-02-08 07:00:00,0.5221548113343271,9342.25224252441,cand_013
2022-02-08 07:00:00,0.49031404625585057,9342.742556570665,cand_014
2022-02-08 07:00:00,0.604366284364134,9343.34692285503,cand_015
2022-02-08 08:25:40,0.0,9343.34692285503,cand_003
2022-02-08 08:25:40,0.0,9343.34692285503,cand_009
2022-02-08 08:25:40,0.0,9343.34692285503,cand_011
2022-02-08 08:25:40,0.0,9343.34692285503,cand_013
2022-02-08 08:25:40,0.0,9343.34692285503,cand_014
2022-02-08 08:25:40,0.0,9343.34692285503,cand_015
2022-02-08 13:00:00,-15.580758724968307,9327.766164130062,cand_003
2022-02-08 13:00:00,-15.548389580102295,9312.217774549958,cand_009
2022-02-08 13:00:00,-15.941354603392393,9296.276419946567,cand_011
2022-02-08 13:00:00,-15.938007741257785,9280.338412205308,cand_013
2022-02-08 13:00:00,-14.966115211891815,9265.372296993417,cand_014
2022-02-08 13:00:00,-18.447392056267596,9246.92490493715,cand_015
2022-02-09 07:00:00,0.5104507579966491,9247.435355695146,cand_003
2022-02-09 07:00:00,0.5093902926608961,9247.944745987807,cand_009
2022-02-09 07:00:00,0.5222644599299877,9248.467010447737,cand_011
2022-02-09 07:00:00,0.5221548113343271,9248.98916525907,cand_013
2022-02-09 07:00:00,0.5271758785499405,9249.51634113762,cand_014
2022-02-09 07:00:00,0.49031404625585057,9250.006655183875,cand_014
2022-02-25 07:00:00,0.5104507579966491,9250.517105941872,cand_003
2022-02-25 07:00:00,0.6566499231364257,9251.17375586501,cand_007
2022-02-25 07:00:00,0.5093902926608961,9251.68314615767,cand_009
2022-02-25 07:00:00,0.5222644599299877,9252.2054106176,cand_011
2022-02-25 07:00:00,0.5221548113343271,9252.727565428933,cand_013
2022-02-25 07:00:00,0.5271758785499405,9253.254741307484,cand_014
2022-02-25 07:00:00,0.49031404625585057,9253.74505535374,cand_014
2022-02-25 07:00:00,0.604366284364134,9254.349421638104,cand_015
2022-02-28 07:00:00,0.5104507579966491,9254.8598723961,cand_003
2022-02-28 07:00:00,0.5093902926608961,9255.36926268876,cand_009
2022-02-28 07:00:00,0.5222644599299877,9255.891527148691,cand_011
2022-02-28 07:00:00,0.5221548113343271,9256.413681960024,cand_013
2022-02-28 07:00:00,0.5271758785499405,9256.940857838576,cand_014
2022-02-28 07:00:00,0.49031404625585057,9257.431171884831,cand_014
2022-02-28 07:00:00,0.604366284364134,9258.035538169195,cand_015
2022-03-03 07:00:00,0.5104507579966491,9258.545988927192,cand_003
2022-03-03 07:00:00,0.5093902926608961,9259.055379219852,cand_009
2022-03-03 07:00:00,0.5222644599299877,9259.577643679782,cand_011
2022-03-03 07:00:00,0.5221548113343271,9260.099798491116,cand_013
2022-03-03 07:00:00,0.49031404625585057,9260.590112537371,cand_014
2022-03-03 07:00:00,0.604366284364134,9261.194478821737,cand_015
2022-03-08 07:00:00,0.5104507579966491,9261.704929579733,cand_003
2022-03-08 07:00:00,0.5093902926608961,9262.214319872393,cand_009
2022-03-08 07:00:00,0.5222644599299877,9262.736584332324,cand_011
2022-03-08 07:00:00,0.5221548113343271,9263.258739143657,cand_013
2022-03-08 07:00:00,0.5271758785499405,9263.785915022207,cand_014
2022-03-08 07:00:00,0.49031404625585057,9264.276229068462,cand_014
2022-03-08 07:00:00,0.604366284364134,9264.880595352828,cand_015
2022-03-09 07:00:00,0.5104507579966491,9265.391046110824,cand_003
2022-03-09 07:00:00,0.5093902926608961,9265.900436403484,cand_009
2022-03-10 07:00:00,0.5104507579966491,9266.41088716148,cand_003
2022-03-10 07:00:00,0.6566499231364257,9267.067537084618,cand_007
2022-03-10 07:00:00,0.5093902926608961,9267.576927377278,cand_009
2022-03-10 07:00:00,0.5222644599299877,9268.09919183721,cand_011
2022-03-10 07:00:00,0.5221548113343271,9268.621346648542,cand_013
2022-03-10 07:00:00,0.5271758785499405,9269.148522527092,cand_014
2022-03-10 07:00:00,0.49031404625585057,9269.638836573347,cand_014
2022-03-10 07:00:00,0.604366284364134,9270.243202857713,cand_015
2022-03-11 07:00:00,0.5104507579966491,9270.75365361571,cand_003
2022-03-11 07:00:00,0.6566499231364257,9271.410303538845,cand_007
2022-03-11 07:00:00,0.5093902926608961,9271.919693831507,cand_009
2022-03-11 07:00:00,0.5222644599299877,9272.441958291436,cand_011
2022-03-11 07:00:00,0.5221548113343271,9272.964113102771,cand_013
2022-03-11 07:00:00,0.5271758785499405,9273.49128898132,cand_014
2022-03-11 07:00:00,0.49031404625585057,9273.981603027576,cand_014
2022-03-11 07:00:00,0.604366284364134,9274.58596931194,cand_015
2022-03-11 07:15:40,0.0,9274.58596931194,cand_003
2022-03-11 07:15:40,0.0,9274.58596931194,cand_007
2022-03-11 07:15:40,0.0,9274.58596931194,cand_009
2022-03-11 07:15:40,0.0,9274.58596931194,cand_011
2022-03-11 07:15:40,0.0,9274.58596931194,cand_013
2022-03-11 07:15:40,0.0,9274.58596931194,cand_014
2022-03-11 07:15:40,0.0,9274.58596931194,cand_014
2022-03-11 07:15:40,0.0,9274.58596931194,cand_015
2022-03-11 13:00:00,10.016845462804833,9284.602814774746,cand_003
2022-03-11 13:00:00,12.885789079900682,9297.488603854646,cand_007
2022-03-11 13:00:00,9.996035390098527,9307.484639244743,cand_009
2022-03-11 13:00:00,10.248671990155525,9317.7333112349,cand_011
2022-03-11 13:00:00,10.24652029771362,9327.979831532613,cand_013
2022-03-11 13:00:00,10.345051357897658,9338.32488289051,cand_014
2022-03-11 13:00:00,9.621692107703044,9347.946574998214,cand_014
2022-03-11 13:00:00,11.859799556698535,9359.806374554912,cand_015
2022-03-14 07:00:00,0.5104507579966491,9360.316825312908,cand_003
2022-03-14 07:00:00,0.6566499231364257,9360.973475236045,cand_007
2022-03-14 07:00:00,0.5093902926608961,9361.482865528706,cand_009
2022-03-14 07:00:00,0.5222644599299877,9362.005129988636,cand_011
2022-03-14 07:00:00,0.5221548113343271,9362.52728479997,cand_013
2022-03-14 07:00:00,0.5271758785499405,9363.05446067852,cand_014
2022-03-14 07:00:00,0.49031404625585057,9363.544774724776,cand_014
2022-03-14 07:00:00,0.604366284364134,9364.14914100914,cand_015
2022-03-15 07:00:00,0.5104507579966491,9364.659591767137,cand_003
2022-03-15 07:00:00,0.5093902926608961,9365.168982059797,cand_009
2022-03-15 07:00:00,0.5222644599299877,9365.691246519727,cand_011
2022-03-15 07:00:00,0.5221548113343271,9366.21340133106,cand_013
2022-03-15 07:00:00,0.5271758785499405,9366.740577209612,cand_014
2022-03-17 07:00:00,0.5104507579966491,9367.251027967608,cand_003
2022-03-17 07:00:00,0.5093902926608961,9367.76041826027,cand_009
2022-03-17 07:00:00,0.5222644599299877,9368.282682720199,cand_011
2022-03-17 07:00:00,0.5221548113343271,9368.804837531534,cand_013
2022-03-17 07:00:00,0.5271758785499405,9369.332013410083,cand_014
2022-03-17 07:00:00,0.49031404625585057,9369.822327456339,cand_014
2022-03-18 07:00:00,0.5104507579966491,9370.332778214335,cand_003
2022-03-18 07:00:00,0.6566499231364257,9370.989428137473,cand_007
2022-03-18 07:00:00,0.5093902926608961,9371.498818430133,cand_009
2022-03-18 07:00:00,0.5222644599299877,9372.021082890064,cand_011
2022-03-18 07:00:00,0.5221548113343271,9372.543237701397,cand_013
2022-03-18 07:00:00,0.5271758785499405,9373.070413579946,cand_014
2022-03-18 07:00:00,0.49031404625585057,9373.560727626202,cand_014
2022-03-18 07:00:00,0.604366284364134,9374.165093910568,cand_015
2022-03-21 07:00:00,0.5104507579966491,9374.675544668564,cand_003
2022-03-21 07:00:00,0.5093902926608961,9375.184934961224,cand_009
2022-03-21 07:00:00,0.49031404625585057,9375.67524900748,cand_014
2022-03-21 07:00:00,0.604366284364134,9376.279615291844,cand_015
2022-03-22 07:00:00,0.5104507579966491,9376.79006604984,cand_003
2022-03-22 07:00:00,0.5093902926608961,9377.299456342502,cand_009
2022-03-22 07:00:00,0.5222644599299877,9377.82172080243,cand_011
2022-03-22 07:00:00,0.5221548113343271,9378.343875613766,cand_013
2022-03-22 07:00:00,0.5271758785499405,9378.871051492315,cand_014
2022-03-22 07:00:00,0.604366284364134,9379.475417776679,cand_015
2022-03-22 07:16:40,0.0,9379.475417776679,cand_003
2022-03-22 07:16:40,0.0,9379.475417776679,cand_009
2022-03-22 07:16:40,0.0,9379.475417776679,cand_011
2022-03-22 07:16:40,0.0,9379.475417776679,cand_013
2022-03-22 07:16:40,0.0,9379.475417776679,cand_014
2022-03-22 07:16:40,0.0,9379.475417776679,cand_015
2022-03-22 13:00:00,31.407734874382054,9410.883152651062,cand_003
2022-03-22 13:00:00,31.342485066076314,9442.225637717138,cand_009
2022-03-22 13:00:00,32.13462500510395,9474.360262722243,cand_011
2022-03-22 13:00:00,32.12787839151213,9506.488141113754,cand_013
2022-03-22 13:00:00,32.43682170371987,9538.924962817473,cand_014
2022-03-22 13:00:00,37.186301967346125,9576.11126478482,cand_015
2022-03-23 07:00:00,0.5104507579966491,9576.621715542817,cand_003
2022-03-23 07:00:00,0.5093902926608961,9577.131105835477,cand_009
2022-03-23 07:00:00,0.5222644599299877,9577.653370295408,cand_011
2022-03-23 07:00:00,0.5221548113343271,9578.17552510674,cand_013
2022-03-23 07:00:00,0.5271758785499405,9578.702700985292,cand_014
2022-03-23 07:00:00,0.49031404625585057,9579.193015031547,cand_014
2022-03-23 07:00:00,0.604366284364134,9579.797381315911,cand_015
2022-03-24 07:00:00,0.5104507579966491,9580.307832073908,cand_003
2022-03-24 07:00:00,0.5093902926608961,9580.817222366568,cand_009
2022-03-24 07:00:00,0.5222644599299877,9581.339486826499,cand_011
2022-03-24 07:00:00,0.5221548113343271,9581.861641637832,cand_013
2022-03-24 07:00:00,0.5271758785499405,9582.388817516383,cand_014
2022-03-24 08:36:40,0.0,9582.388817516383,cand_003
2022-03-24 08:36:40,0.0,9582.388817516383,cand_009
2022-03-24 08:36:40,0.0,9582.388817516383,cand_011
2022-03-24 08:36:40,0.0,9582.388817516383,cand_013
2022-03-24 08:36:40,0.0,9582.388817516383,cand_014
2022-03-24 13:00:00,11.893502661321925,9594.282320177705,cand_003
2022-03-24 13:00:00,11.86879381899888,9606.151113996704,cand_009
2022-03-24 13:00:00,12.168761916368714,9618.319875913072,cand_011
2022-03-24 13:00:00,12.166207104089821,9630.486083017162,cand_013
2022-03-24 13:00:00,12.283197970213616,9642.769280987375,cand_014
2022-03-25 07:00:00,0.5104507579966491,9643.279731745371,cand_003
2022-03-25 07:00:00,0.6566499231364257,9643.936381668507,cand_007
2022-03-25 07:00:00,0.5093902926608961,9644.44577196117,cand_009
2022-03-25 07:00:00,0.5222644599299877,9644.968036421098,cand_011
2022-03-25 07:00:00,0.5221548113343271,9645.490191232433,cand_013
2022-03-25 07:00:00,0.5271758785499405,9646.017367110984,cand_014
2022-03-25 07:00:00,0.49031404625585057,9646.50768115724,cand_014
2022-03-25 07:00:00,0.604366284364134,9647.112047441602,cand_015
2022-03-28 07:00:00,0.5104507579966491,9647.622498199598,cand_003
2022-03-28 07:00:00,0.6566499231364257,9648.279148122736,cand_007
2022-03-28 07:00:00,0.5093902926608961,9648.788538415396,cand_009
2022-03-28 07:00:00,0.5222644599299877,9649.310802875327,cand_011
2022-03-28 07:00:00,0.5221548113343271,9649.83295768666,cand_013
2022-03-28 07:00:00,0.5271758785499405,9650.360133565211,cand_014
2022-03-28 07:00:00,0.49031404625585057,9650.850447611467,cand_014
2022-03-28 07:00:00,0.604366284364134,9651.45481389583,cand_015
2022-03-28 09:57:40,0.0,9651.45481389583,cand_003
2022-03-28 09:57:40,0.0,9651.45481389583,cand_007
2022-03-28 09:57:40,0.0,9651.45481389583,cand_009
2022-03-28 09:57:40,0.0,9651.45481389583,cand_011
2022-03-28 09:57:40,0.0,9651.45481389583,cand_013
2022-03-28 09:57:40,0.0,9651.45481389583,cand_014
2022-03-28 09:57:40,0.0,9651.45481389583,cand_014
2022-03-28 09:57:40,0.0,9651.45481389583,cand_015
2022-03-28 13:00:00,48.363707994423685,9699.818521890254,cand_003
2022-03-28 13:00:00,62.21564889387299,9762.034170784127,cand_007
2022-03-28 13:00:00,48.263232022876785,9810.297402807004,cand_009
2022-03-28 13:00:00,49.48302150642537,9859.78042431343,cand_011
2022-03-28 13:00:00,49.47263262448239,9909.253056937912,cand_013
2022-03-28 13:00:00,49.948363975317015,9959.201420913229,cand_014
2022-03-28 13:00:00,46.455813782605794,10005.657234695835,cand_014
2022-03-28 13:00:00,57.261927895606505,10062.919162591443,cand_015
2022-03-29 07:00:00,0.5104507579966491,10063.429613349439,cand_003
2022-03-29 07:00:00,0.5093902926608961,10063.9390036421,cand_009
2022-03-29 07:00:00,0.5222644599299877,10064.46126810203,cand_011
2022-03-29 07:00:00,0.5221548113343271,10064.983422913363,cand_013
2022-03-29 07:00:00,0.5271758785499405,10065.510598791912,cand_014
2022-03-29 07:00:00,0.49031404625585057,10066.000912838168,cand_014
2022-03-31 07:00:00,0.5104507579966491,10066.511363596164,cand_003
2022-03-31 07:00:00,0.5093902926608961,10067.020753888826,cand_009
2022-03-31 07:00:00,0.5222644599299877,10067.543018348755,cand_011
2022-03-31 07:00:00,0.5221548113343271,10068.06517316009,cand_013
2022-03-31 07:00:00,0.5271758785499405,10068.592349038641,cand_014
2022-03-31 07:00:00,0.49031404625585057,10069.082663084897,cand_014
2022-03-31 07:00:00,0.604366284364134,10069.68702936926,cand_015
2022-04-01 07:00:00,0.5104507579966491,10070.197480127255,cand_003
2022-04-01 07:00:00,0.6566499231364257,10070.854130050393,cand_007
2022-04-01 07:00:00,0.5093902926608961,10071.363520343053,cand_009
2022-04-01 07:00:00,0.5222644599299877,10071.885784802984,cand_011
2022-04-01 07:00:00,0.5221548113343271,10072.407939614317,cand_013
2022-04-01 07:00:00,0.5271758785499405,10072.935115492868,cand_014
2022-04-01 07:00:00,0.49031404625585057,10073.425429539124,cand_014
2022-04-01 07:00:00,0.604366284364134,10074.029795823488,cand_015
2022-04-04 07:00:00,0.5104507579966491,10074.540246581484,cand_003
2022-04-04 07:00:00,0.6566499231364257,10075.196896504622,cand_007
2022-04-04 07:00:00,0.5093902926608961,10075.706286797282,cand_009
2022-04-04 07:00:00,0.5222644599299877,10076.228551257213,cand_011
2022-04-04 07:00:00,0.5221548113343271,10076.750706068546,cand_013
2022-04-04 07:00:00,0.5271758785499405,10077.277881947095,cand_014
2022-04-04 07:00:00,0.49031404625585057,10077.76819599335,cand_014
2022-04-04 07:00:00,0.604366284364134,10078.372562277716,cand_015
2022-04-06 07:00:00,0.5104507579966491,10078.883013035713,cand_003
2022-04-06 07:00:00,0.6566499231364257,10079.539662958849,cand_007
2022-04-06 07:00:00,0.5093902926608961,10080.04905325151,cand_009
2022-04-06 07:00:00,0.5222644599299877,10080.57131771144,cand_011
2022-04-06 07:00:00,0.5221548113343271,10081.093472522774,cand_013
2022-04-06 07:00:00,0.5271758785499405,10081.620648401324,cand_014
2022-04-06 07:00:00,0.49031404625585057,10082.11096244758,cand_014
2022-04-06 07:00:00,0.604366284364134,10082.715328731943,cand_015
2022-04-07 07:00:00,0.5104507579966491,10083.22577948994,cand_003
2022-04-07 07:00:00,0.5093902926608961,10083.735169782602,cand_009
2022-04-07 07:00:00,0.5222644599299877,10084.25743424253,cand_011
2022-04-07 07:00:00,0.5221548113343271,10084.779589053865,cand_013
2022-04-07 07:00:00,0.5271758785499405,10085.306764932415,cand_014
2022-04-08 07:00:00,0.5104507579966491,10085.817215690411,cand_003
2022-04-08 07:00:00,0.6566499231364257,10086.473865613549,cand_007
2022-04-08 07:00:00,0.5093902926608961,10086.983255906209,cand_009
2022-04-08 07:00:00,0.5222644599299877,10087.50552036614,cand_011
2022-04-08 07:00:00,0.5221548113343271,10088.027675177473,cand_013
2022-04-08 07:00:00,0.5271758785499405,10088.554851056022,cand_014
2022-04-08 07:00:00,0.49031404625585057,10089.045165102278,cand_014
2022-04-08 07:00:00,0.604366284364134,10089.649531386644,cand_015
2022-04-11 07:00:00,0.5104507579966491,10090.15998214464,cand_003
2022-04-11 07:00:00,0.6566499231364257,10090.816632067776,cand_007
2022-04-11 07:00:00,0.5093902926608961,10091.326022360437,cand_009
2022-04-11 07:00:00,0.5222644599299877,10091.848286820366,cand_011
2022-04-11 07:00:00,0.5221548113343271,10092.370441631701,cand_013
2022-04-11 07:00:00,0.5271758785499405,10092.89761751025,cand_014
2022-04-11 07:00:00,0.49031404625585057,10093.387931556506,cand_014
2022-04-11 07:00:00,0.604366284364134,10093.99229784087,cand_015
2022-04-11 09:16:40,0.0,10093.99229784087,cand_003
2022-04-11 09:16:40,0.0,10093.99229784087,cand_007
2022-04-11 09:16:40,0.0,10093.99229784087,cand_009
2022-04-11 09:16:40,0.0,10093.99229784087,cand_011
2022-04-11 09:16:40,0.0,10093.99229784087,cand_013
2022-04-11 09:16:40,0.0,10093.99229784087,cand_014
2022-04-11 09:16:40,0.0,10093.99229784087,cand_014
2022-04-11 09:16:40,0.0,10093.99229784087,cand_015
2022-04-11 13:00:00,10.254054932697391,10104.246352773567,cand_003
2022-04-11 13:00:00,13.190938161828786,10117.437290935397,cand_007
2022-04-11 13:00:00,10.232752055511531,10127.670042990909,cand_009
2022-04-11 13:00:00,10.491371356828871,10138.161414347738,cand_011
2022-04-11 13:00:00,10.48916871003957,10148.650583057777,cand_013
2022-04-11 13:00:00,10.590033089694394,10159.240616147472,cand_014
2022-04-11 13:00:00,9.84954392919841,10169.09016007667,cand_014
2022-04-11 13:00:00,12.140652124138338,10181.230812200807,cand_015
2022-04-12 07:00:00,0.5104507579966491,10181.741262958803,cand_003
2022-04-12 07:00:00,0.5093902926608961,10182.250653251465,cand_009
2022-04-12 07:00:00,0.5222644599299877,10182.772917711394,cand_011
2022-04-12 07:00:00,0.5221548113343271,10183.29507252273,cand_013
2022-04-12 07:00:00,0.5271758785499405,10183.82224840128,cand_014
2022-04-12 07:00:00,0.49031404625585057,10184.312562447536,cand_014
2022-04-12 09:25:40,0.0,10184.312562447536,cand_003
2022-04-12 09:25:40,0.0,10184.312562447536,cand_009
2022-04-12 09:25:40,0.0,10184.312562447536,cand_011
2022-04-12 09:25:40,0.0,10184.312562447536,cand_013
2022-04-12 09:25:40,0.0,10184.312562447536,cand_014
2022-04-12 09:25:40,0.0,10184.312562447536,cand_014
2022-04-12 13:00:00,-3.6332083363290906,10180.679354111206,cand_003
2022-04-12 13:00:00,-3.625660318351084,10177.053693792855,cand_009
2022-04-12 13:00:00,-3.7172940971487365,10173.336399695705,cand_011
2022-04-12 13:00:00,-3.7165136571443282,10169.619886038563,cand_013
2022-04-12 13:00:00,-3.7522518414436945,10165.867634197119,cand_014
2022-04-12 13:00:00,-3.4898823292328185,10162.377751867887,cand_014
2022-04-13 07:00:00,0.5104507579966491,10162.888202625883,cand_003
2022-04-13 07:00:00,0.5093902926608961,10163.397592918544,cand_009
2022-04-13 07:00:00,0.5222644599299877,10163.919857378474,cand_011
2022-04-13 07:00:00,0.5221548113343271,10164.442012189807,cand_013
2022-04-13 07:00:00,0.5271758785499405,10164.969188068357,cand_014
2022-04-13 09:20:40,0.0,10164.969188068357,cand_003
2022-04-13 09:20:40,0.0,10164.969188068357,cand_009
2022-04-13 09:20:40,0.0,10164.969188068357,cand_011
2022-04-13 09:20:40,0.0,10164.969188068357,cand_013
2022-04-13 09:20:40,0.0,10164.969188068357,cand_014
2022-04-13 13:00:00,12.959443950079631,10177.928632018436,cand_003
2022-04-13 13:00:00,12.93252060661428,10190.861152625052,cand_009
2022-04-13 13:00:00,13.259372994457806,10204.12052561951,cand_011
2022-04-13 13:00:00,13.256589210111503,10217.37711482962,cand_013
2022-04-13 13:00:00,13.384065246009078,10230.76118007563,cand_014
2022-04-15 07:00:00,0.5104507579966491,10231.271630833626,cand_003
2022-04-15 07:00:00,0.6566499231364257,10231.928280756762,cand_007
2022-04-15 07:00:00,0.5093902926608961,10232.437671049423,cand_009
2022-04-15 07:00:00,0.5222644599299877,10232.959935509352,cand_011
2022-04-15 07:00:00,0.5221548113343271,10233.482090320687,cand_013
2022-04-15 07:00:00,0.5271758785499405,10234.009266199238,cand_014
2022-04-15 07:00:00,0.49031404625585057,10234.499580245494,cand_014
2022-04-15 07:00:00,0.604366284364134,10235.103946529856,cand_015
2022-04-15 09:19:40,0.0,10235.103946529856,cand_003
2022-04-15 09:19:40,0.0,10235.103946529856,cand_007
2022-04-15 09:19:40,0.0,10235.103946529856,cand_009
2022-04-15 09:19:40,0.0,10235.103946529856,cand_011
2022-04-15 09:19:40,0.0,10235.103946529856,cand_013
2022-04-15 09:19:40,0.0,10235.103946529856,cand_014
2022-04-15 09:19:40,0.0,10235.103946529856,cand_014
2022-04-15 09:19:40,0.0,10235.103946529856,cand_015
2022-04-15 13:00:00,-9.827678417194308,10225.276268112662,cand_003
2022-04-15 13:00:00,-12.642442343679535,10212.633825768984,cand_007
2022-04-15 13:00:00,-9.80726134046537,10202.826564428518,cand_009
2022-04-15 13:00:00,-10.055126925593234,10192.771437502925,cand_011
2022-04-15 13:00:00,-10.053015867630897,10182.718421635294,cand_013
2022-04-15 13:00:00,-10.149686179376207,10172.568735455918,cand_014
2022-04-15 13:00:00,-9.439987490561169,10163.128747965357,cand_014
2022-04-15 13:00:00,-11.635828521904768,10151.492919443452,cand_015
2022-04-18 07:00:00,0.5104507579966491,10152.003370201448,cand_003
2022-04-18 07:00:00,0.5093902926608961,10152.512760494108,cand_009
2022-04-18 07:00:00,0.5222644599299877,10153.035024954039,cand_011
2022-04-18 07:00:00,0.5221548113343271,10153.557179765372,cand_013
2022-04-18 07:00:00,0.5271758785499405,10154.084355643923,cand_014
2022-04-18 07:00:00,0.49031404625585057,10154.574669690179,cand_014
2022-04-19 07:00:00,0.5104507579966491,10155.085120448175,cand_003
2022-04-19 07:00:00,0.6566499231364257,10155.74177037131,cand_007
2022-04-19 07:00:00,0.5093902926608961,10156.251160663973,cand_009
2022-04-19 07:00:00,0.5222644599299877,10156.773425123902,cand_011
2022-04-19 07:00:00,0.5221548113343271,10157.295579935237,cand_013
2022-04-19 07:00:00,0.5271758785499405,10157.822755813788,cand_014
2022-04-19 07:00:00,0.49031404625585057,10158.313069860043,cand_014
2022-04-19 07:00:00,0.604366284364134,10158.917436144406,cand_015
2022-04-19 07:40:40,0.0,10158.917436144406,cand_003
2022-04-19 07:40:40,0.0,10158.917436144406,cand_007
2022-04-19 07:40:40,0.0,10158.917436144406,cand_009
2022-04-19 07:40:40,0.0,10158.917436144406,cand_011
2022-04-19 07:40:40,0.0,10158.917436144406,cand_013
2022-04-19 07:40:40,0.0,10158.917436144406,cand_014
2022-04-19 07:40:40,0.0,10158.917436144406,cand_014
2022-04-19 07:40:40,0.0,10158.917436144406,cand_015
2022-04-19 13:00:00,11.322998872972729,10170.240435017378,cand_003
2022-04-19 13:00:00,14.566040353808596,10184.806475371188,cand_007
2022-04-19 13:00:00,11.299475256613173,10196.1059506278,cand_009
2022-04-19 13:00:00,11.585054578799905,10207.691005206601,cand_011
2022-04-19 13:00:00,11.582622314951456,10219.273627521552,cand_013
2022-04-19 13:00:00,11.694001400069565,10230.967628921622,cand_014
2022-04-19 13:00:00,10.876319226063602,10241.843948147685,cand_014
2022-04-19 13:00:00,13.406266225512644,10255.250214373198,cand_015
2022-04-20 07:00:00,0.5104507579966491,10255.760665131194,cand_003
2022-04-20 07:00:00,0.6566499231364257,10256.417315054332,cand_007
2022-04-20 07:00:00,0.5093902926608961,10256.926705346992,cand_009
2022-04-20 07:00:00,0.5222644599299877,10257.448969806923,cand_011
2022-04-20 07:00:00,0.5221548113343271,10257.971124618256,cand_013
2022-04-20 07:00:00,0.5271758785499405,10258.498300496805,cand_014
2022-04-20 07:00:00,0.49031404625585057,10258.988614543061,cand_014
2022-04-20 07:00:00,0.604366284364134,10259.592980827427,cand_015
2022-04-21 07:00:00,0.5104507579966491,10260.103431585423,cand_003
2022-04-21 07:00:00,0.6566499231364257,10260.760081508559,cand_007
2022-04-21 07:00:00,0.5093902926608961,10261.26947180122,cand_009
2022-04-21 07:00:00,0.5222644599299877,10261.79173626115,cand_011
2022-04-21 07:00:00,0.5221548113343271,10262.313891072485,cand_013
2022-04-21 07:00:00,0.5271758785499405,10262.841066951034,cand_014
2022-04-21 07:00:00,0.49031404625585057,10263.33138099729,cand_014
2022-04-21 07:00:00,0.604366284364134,10263.935747281654,cand_015
2022-04-22 07:00:00,0.5104507579966491,10264.44619803965,cand_003
2022-04-22 07:00:00,0.5093902926608961,10264.955588332312,cand_009
2022-04-22 07:00:00,0.5222644599299877,10265.47785279224,cand_011
2022-04-22 07:00:00,0.5221548113343271,10266.000007603576,cand_013
2022-04-22 07:00:00,0.5271758785499405,10266.527183482125,cand_014
2022-04-25 09:48:40,0.0,10266.527183482125,cand_003
2022-04-25 09:48:40,0.0,10266.527183482125,cand_007
2022-04-25 09:48:40,0.0,10266.527183482125,cand_009
2022-04-25 09:48:40,0.0,10266.527183482125,cand_011
2022-04-25 09:48:40,0.0,10266.527183482125,cand_013
2022-04-25 09:48:40,0.0,10266.527183482125,cand_014
2022-04-25 09:48:40,0.0,10266.527183482125,cand_014
2022-04-25 09:48:40,0.0,10266.527183482125,cand_015
2022-04-25 13:00:00,-6.227499247559119,10260.299684234566,cand_003
2022-04-25 13:00:00,-8.011129062264393,10252.288555172301,cand_007
2022-04-25 13:00:00,-6.214561570462933,10246.073993601838,cand_009
2022-04-25 13:00:00,-6.371626411145851,10239.702367190692,cand_011
2022-04-25 13:00:00,-6.37028869827879,10233.332078492413,cand_013
2022-04-25 13:00:00,-6.431545718309274,10226.900532774103,cand_014
2022-04-25 13:00:00,-5.981831364321376,10220.91870140978,cand_014
2022-04-25 13:00:00,-7.373268669242434,10213.545432740539,cand_015
2022-04-28 07:00:00,0.5104507579966491,10214.055883498535,cand_003
2022-04-28 07:00:00,0.6566499231364257,10214.712533421673,cand_007
2022-04-28 07:00:00,0.5093902926608961,10215.221923714333,cand_009
2022-04-28 07:00:00,0.5222644599299877,10215.744188174263,cand_011
2022-04-28 07:00:00,0.5221548113343271,10216.266342985597,cand_013
2022-04-28 07:00:00,0.5271758785499405,10216.793518864146,cand_014
2022-04-28 07:00:00,0.49031404625585057,10217.283832910402,cand_014
2022-04-28 07:00:00,0.604366284364134,10217.888199194767,cand_015
2022-04-28 08:36:40,0.0,10217.888199194767,cand_003
2022-04-28 08:36:40,0.0,10217.888199194767,cand_007
2022-04-28 08:36:40,0.0,10217.888199194767,cand_009
2022-04-28 08:36:40,0.0,10217.888199194767,cand_011
2022-04-28 08:36:40,0.0,10217.888199194767,cand_013
2022-04-28 08:36:40,0.0,10217.888199194767,cand_014
2022-04-28 08:36:40,0.0,10217.888199194767,cand_014
2022-04-28 08:36:40,0.0,10217.888199194767,cand_015
2022-04-28 13:00:00,27.222038658809534,10245.110237853576,cand_003
2022-04-28 13:00:00,35.01875413620491,10280.12899198978,cand_007
2022-04-28 13:00:00,27.165484666256965,10307.294476656038,cand_009
2022-04-28 13:00:00,27.852056433678055,10335.146533089715,cand_011
2022-04-28 13:00:00,27.846208938570644,10362.992742028286,cand_013
2022-04-28 13:00:00,28.11397949961036,10391.106721527896,cand_014
2022-04-28 13:00:00,26.1481596667973,10417.254881194694,cand_014
2022-04-28 13:00:00,32.23049843556023,10449.485379630254,cand_015
2022-04-29 07:00:00,0.5104507579966491,10449.99583038825,cand_003
2022-04-29 07:00:00,0.5093902926608961,10450.505220680912,cand_009
2022-04-29 07:00:00,0.5222644599299877,10451.027485140841,cand_011
2022-04-29 07:00:00,0.5221548113343271,10451.549639952176,cand_013
2022-04-29 07:00:00,0.5271758785499405,10452.076815830726,cand_014
2022-04-29 07:00:00,0.49031404625585057,10452.567129876981,cand_014
2022-04-29 07:00:00,0.604366284364134,10453.171496161345,cand_015
2022-05-02 07:00:00,0.5104507579966491,10453.681946919341,cand_003
2022-05-02 07:00:00,0.5093902926608961,10454.191337212003,cand_009
2022-05-02 07:00:00,0.5222644599299877,10454.713601671932,cand_011
2022-05-02 07:00:00,0.5221548113343271,10455.235756483267,cand_013
2022-05-02 07:00:00,0.5271758785499405,10455.762932361817,cand_014
2022-05-02 07:00:00,0.49031404625585057,10456.253246408072,cand_014
2022-05-02 07:00:00,0.604366284364134,10456.857612692436,cand_015
2022-05-02 09:06:40,0.0,10456.857612692436,cand_003
2022-05-02 09:06:40,0.0,10456.857612692436,cand_009
2022-05-02 09:06:40,0.0,10456.857612692436,cand_011
2022-05-02 09:06:40,0.0,10456.857612692436,cand_013
2022-05-02 09:06:40,0.0,10456.857612692436,cand_014
2022-05-02 09:06:40,0.0,10456.857612692436,cand_014
2022-05-02 09:06:40,0.0,10456.857612692436,cand_015
2022-05-02 13:00:00,-29.224807221066975,10427.63280547137,cand_003
2022-05-02 13:00:00,-29.164092461579425,10398.46871300979,cand_009
2022-05-02 13:00:00,-29.90117640293277,10368.567536606857,cand_011
2022-05-02 13:00:00,-29.89489869833533,10338.672637908523,cand_013
2022-05-02 13:00:00,-30.182369564273948,10308.490268344249,cand_014
2022-05-02 13:00:00,-28.07192124828349,10280.418347095965,cand_014
2022-05-02 13:00:00,-34.60174732774186,10245.816599768223,cand_015
2022-05-06 07:00:00,0.5104507579966491,10246.327050526219,cand_003
2022-05-06 07:00:00,0.6566499231364257,10246.983700449357,cand_007
2022-05-06 07:00:00,0.5093902926608961,10247.493090742017,cand_009
2022-05-06 07:00:00,0.5222644599299877,10248.015355201947,cand_011
2022-05-06 07:00:00,0.5221548113343271,10248.53751001328,cand_013
2022-05-06 07:00:00,0.5271758785499405,10249.06468589183,cand_014
2022-05-06 07:00:00,0.49031404625585057,10249.554999938086,cand_014
2022-05-06 07:00:00,0.604366284364134,10250.159366222451,cand_015
2022-05-09 07:00:00,0.5104507579966491,10250.669816980448,cand_003
2022-05-09 07:00:00,0.5093902926608961,10251.179207273108,cand_009
2022-05-09 07:00:00,0.5222644599299877,10251.701471733038,cand_011
2022-05-09 07:00:00,0.5221548113343271,10252.223626544372,cand_013
2022-05-09 07:00:00,0.5271758785499405,10252.750802422921,cand_014
2022-05-09 07:00:00,0.49031404625585057,10253.241116469177,cand_014
2022-05-09 09:41:20,0.0,10253.241116469177,cand_003
2022-05-09 09:41:20,0.0,10253.241116469177,cand_009
2022-05-09 09:41:20,0.0,10253.241116469177,cand_011
2022-05-09 09:41:20,0.0,10253.241116469177,cand_013
2022-05-09 09:41:20,0.0,10253.241116469177,cand_014
2022-05-09 09:41:20,0.0,10253.241116469177,cand_014
2022-05-09 13:00:00,-0.9608484856407513,10252.280267983537,cand_003
2022-05-09 13:00:00,-0.958852315596981,10251.321415667939,cand_009
2022-05-09 13:00:00,-0.9830860422211535,10250.33832962572,cand_011
2022-05-09 13:00:00,-0.9828796448646158,10249.355449980854,cand_013
2022-05-09 13:00:00,-0.9923310655057705,10248.36311891535,cand_014
2022-05-09 13:00:00,-0.9229440870698364,10247.44017482828,cand_014
2022-05-12 09:22:40,0.0,10247.44017482828,cand_003
2022-05-12 09:22:40,0.0,10247.44017482828,cand_009
2022-05-12 09:22:40,0.0,10247.44017482828,cand_011
2022-05-12 09:22:40,0.0,10247.44017482828,cand_013
2022-05-12 09:22:40,0.0,10247.44017482828,cand_014
2022-05-12 13:00:00,28.636287523612015,10276.076462351892,cand_003
2022-05-12 13:00:00,28.576795418276276,10304.653257770167,cand_009
2022-05-12 13:00:00,29.299036202072315,10333.95229397224,cand_011
2022-05-12 13:00:00,29.29288491585575,10363.245178888095,cand_013
2022-05-12 13:00:00,29.57456678665167,10392.819745674748,cand_014
2022-05-17 07:00:00,0.5104507579966491,10393.330196432744,cand_003
2022-05-17 07:00:00,0.6566499231364257,10393.98684635588,cand_007
2022-05-17 07:00:00,0.5093902926608961,10394.496236648542,cand_009
2022-05-17 07:00:00,0.5222644599299877,10395.01850110847,cand_011
2022-05-17 07:00:00,0.5221548113343271,10395.540655919805,cand_013
2022-05-17 07:00:00,0.5271758785499405,10396.067831798355,cand_014
2022-05-17 07:00:00,0.49031404625585057,10396.55814584461,cand_014
2022-05-17 07:00:00,0.604366284364134,10397.162512128974,cand_015
2022-05-18 07:20:20,0.0,10397.162512128974,cand_003
2022-05-18 07:20:20,0.0,10397.162512128974,cand_009
2022-05-18 07:20:20,0.0,10397.162512128974,cand_011
2022-05-18 07:20:20,0.0,10397.162512128974,cand_013
2022-05-18 07:20:20,0.0,10397.162512128974,cand_014
2022-05-18 07:20:20,0.0,10397.162512128974,cand_014
2022-05-18 13:00:00,-11.341014782078494,10385.821497346897,cand_003
2022-05-18 13:00:00,-11.317453737530617,10374.504043609366,cand_009
2022-05-18 13:00:00,-11.603487442091552,10362.900556167275,cand_011
2022-05-18 13:00:00,-11.601051308292668,10351.29950485898,cand_013
2022-05-18 13:00:00,-11.712607607547799,10339.586897251433,cand_014
2022-05-18 13:00:00,-10.893624427696164,10328.693272823737,cand_014
2022-05-24 09:48:40,0.0,10328.693272823737,cand_003
2022-05-24 09:48:40,0.0,10328.693272823737,cand_009
2022-05-24 09:48:40,0.0,10328.693272823737,cand_011
2022-05-24 09:48:40,0.0,10328.693272823737,cand_013
2022-05-24 09:48:40,0.0,10328.693272823737,cand_014
2022-05-24 09:48:40,0.0,10328.693272823737,cand_015
2022-05-24 13:00:00,5.326703792270914,10334.019976616008,cand_003
2022-05-24 13:00:00,5.3156375245907626,10339.335614140598,cand_009
2022-05-24 13:00:00,5.449983246563519,10344.785597387163,cand_011
2022-05-24 13:00:00,5.448839031218213,10350.234436418381,cand_013
2022-05-24 13:00:00,5.501235344397615,10355.735671762777,cand_014
2022-05-24 13:00:00,6.306739932129257,10362.042411694907,cand_015
2022-05-26 07:00:00,0.5104507579966491,10362.552862452903,cand_003
2022-05-26 07:00:00,0.5093902926608961,10363.062252745563,cand_009
2022-05-26 07:00:00,0.5222644599299877,10363.584517205494,cand_011
2022-05-26 07:00:00,0.5221548113343271,10364.106672016827,cand_013
2022-05-26 07:00:00,0.5271758785499405,10364.633847895377,cand_014
2022-05-31 07:00:00,0.5104507579966491,10365.144298653373,cand_003
2022-05-31 07:00:00,0.6566499231364257,10365.80094857651,cand_007
2022-05-31 07:00:00,0.5093902926608961,10366.31033886917,cand_009
2022-05-31 07:00:00,0.5222644599299877,10366.832603329101,cand_011
2022-05-31 07:00:00,0.5221548113343271,10367.354758140435,cand_013
2022-05-31 07:00:00,0.5271758785499405,10367.881934018986,cand_014
2022-05-31 07:00:00,0.604366284364134,10368.48630030335,cand_015
2022-06-01 07:00:00,0.5104507579966491,10368.996751061346,cand_003
2022-06-01 07:00:00,0.6566499231364257,10369.653400984484,cand_007
2022-06-01 07:00:00,0.5093902926608961,10370.162791277144,cand_009
2022-06-01 07:00:00,0.5222644599299877,10370.685055737074,cand_011
2022-06-01 07:00:00,0.5221548113343271,10371.207210548408,cand_013
2022-06-01 07:00:00,0.5271758785499405,10371.734386426957,cand_014
2022-06-01 07:00:00,0.49031404625585057,10372.224700473213,cand_014
2022-06-01 07:00:00,0.604366284364134,10372.829066757578,cand_015
2022-06-01 08:09:20,0.0,10372.829066757578,cand_003
2022-06-01 08:09:20,0.0,10372.829066757578,cand_007
2022-06-01 08:09:20,0.0,10372.829066757578,cand_009
2022-06-01 08:09:20,0.0,10372.829066757578,cand_011
2022-06-01 08:09:20,0.0,10372.829066757578,cand_013
2022-06-01 08:09:20,0.0,10372.829066757578,cand_014
2022-06-01 08:09:20,0.0,10372.829066757578,cand_014
2022-06-01 08:09:20,0.0,10372.829066757578,cand_015
2022-06-01 13:00:00,1.1620261373217835,10373.9910928949,cand_003
2022-06-01 13:00:00,1.4948442367870396,10375.485937131685,cand_007
2022-06-01 13:00:00,1.159612019175099,10376.64554915086,cand_009
2022-06-01 13:00:00,1.1889196823112076,10377.834468833173,cand_011
2022-06-01 13:00:00,1.1886700705081448,10379.023138903682,cand_013
2022-06-01 13:00:00,1.2001003823460412,10380.223239286028,cand_014
2022-06-01 13:00:00,1.1161855053000833,10381.339424791327,cand_014
2022-06-01 13:00:00,1.3758220708759992,10382.715246862203,cand_015
2022-06-02 07:00:00,0.5104507579966491,10383.225697620199,cand_003
2022-06-02 07:00:00,0.5093902926608961,10383.73508791286,cand_009
2022-06-02 07:00:00,0.5222644599299877,10384.25735237279,cand_011
2022-06-02 07:00:00,0.5221548113343271,10384.779507184125,cand_013
2022-06-02 07:00:00,0.5271758785499405,10385.306683062674,cand_014
2022-06-03 07:00:00,0.5104507579966491,10385.81713382067,cand_003
2022-06-03 07:00:00,0.5093902926608961,10386.32652411333,cand_009
2022-06-03 07:00:00,0.5222644599299877,10386.848788573261,cand_011
2022-06-03 07:00:00,0.5221548113343271,10387.370943384594,cand_013
2022-06-03 07:00:00,0.5271758785499405,10387.898119263145,cand_014
2022-06-06 07:00:00,0.5104507579966491,10388.408570021142,cand_003
2022-06-06 07:00:00,0.6566499231364257,10389.065219944277,cand_007
2022-06-06 07:00:00,0.5093902926608961,10389.57461023694,cand_009
2022-06-06 07:00:00,0.5222644599299877,10390.096874696868,cand_011
2022-06-06 07:00:00,0.5221548113343271,10390.619029508203,cand_013
2022-06-06 07:00:00,0.5271758785499405,10391.146205386754,cand_014
2022-06-06 07:00:00,0.49031404625585057,10391.63651943301,cand_014
2022-06-06 07:00:00,0.604366284364134,10392.240885717372,cand_015
2022-06-07 07:00:00,0.5104507579966491,10392.751336475369,cand_003
2022-06-07 07:00:00,0.6566499231364257,10393.407986398506,cand_007
2022-06-07 07:00:00,0.5093902926608961,10393.917376691166,cand_009
2022-06-07 07:00:00,0.5222644599299877,10394.439641151097,cand_011
2022-06-07 07:00:00,0.5221548113343271,10394.96179596243,cand_013
2022-06-07 07:00:00,0.5271758785499405,10395.488971840981,cand_014
2022-06-07 07:00:00,0.604366284364134,10396.093338125345,cand_015
2022-06-07 07:44:40,0.0,10396.093338125345,cand_003
2022-06-07 07:44:40,0.0,10396.093338125345,cand_007
2022-06-07 07:44:40,0.0,10396.093338125345,cand_009
2022-06-07 07:44:40,0.0,10396.093338125345,cand_011
2022-06-07 07:44:40,0.0,10396.093338125345,cand_013
2022-06-07 07:44:40,0.0,10396.093338125345,cand_014
2022-06-07 07:44:40,0.0,10396.093338125345,cand_015
2022-06-07 13:00:00,-9.506394704808184,10386.586943420538,cand_003
2022-06-07 13:00:00,-12.229139156764257,10374.357804263773,cand_007
2022-06-07 13:00:00,-9.48664509743763,10364.871159166334,cand_009
2022-06-07 13:00:00,-9.726407530225536,10355.14475163611,cand_011
2022-06-07 13:00:00,-9.724365486379291,10345.42038614973,cand_013
2022-06-07 13:00:00,-9.817875479347716,10335.602510670382,cand_014
2022-06-07 13:00:00,-11.255433272334402,10324.347077398048,cand_015
2022-06-08 07:00:00,0.5104507579966491,10324.857528156044,cand_003
2022-06-08 07:00:00,0.6566499231364257,10325.51417807918,cand_007
2022-06-08 07:00:00,0.5093902926608961,10326.023568371842,cand_009
2022-06-08 07:00:00,0.5222644599299877,10326.54583283177,cand_011
2022-06-08 07:00:00,0.5221548113343271,10327.067987643106,cand_013
2022-06-08 07:00:00,0.5271758785499405,10327.595163521655,cand_014
2022-06-08 07:00:00,0.604366284364134,10328.19952980602,cand_015
2022-06-08 09:51:40,0.0,10328.19952980602,cand_003
2022-06-08 09:51:40,0.0,10328.19952980602,cand_007
2022-06-08 09:51:40,0.0,10328.19952980602,cand_009
2022-06-08 09:51:40,0.0,10328.19952980602,cand_011
2022-06-08 09:51:40,0.0,10328.19952980602,cand_013
2022-06-08 09:51:40,0.0,10328.19952980602,cand_014
2022-06-08 09:51:40,0.0,10328.19952980602,cand_015
2022-06-08 13:00:00,19.661362137423875,10347.860891943443,cand_003
2022-06-08 13:00:00,25.292609980572443,10373.153501924015,cand_007
2022-06-08 13:00:00,19.620515507903225,10392.774017431919,cand_009
2022-06-08 13:00:00,20.116398138950355,10412.89041557087,cand_011
2022-06-08 13:00:00,20.1121747330422,10433.002590303911,cand_013
2022-06-08 13:00:00,20.30557442791183,10453.308164731823,cand_014
2022-06-08 13:00:00,23.278767235390294,10476.586931967213,cand_015
2022-06-09 07:00:00,0.5104507579966491,10477.09738272521,cand_003
2022-06-09 07:00:00,0.5093902926608961,10477.606773017871,cand_009
2022-06-09 07:00:00,0.5222644599299877,10478.1290374778,cand_011
2022-06-09 07:00:00,0.5221548113343271,10478.651192289135,cand_013
2022-06-09 07:00:00,0.5271758785499405,10479.178368167686,cand_014
2022-06-09 07:00:00,0.49031404625585057,10479.668682213942,cand_014
2022-06-09 07:00:00,0.604366284364134,10480.273048498304,cand_015
2022-06-10 07:00:00,0.5104507579966491,10480.7834992563,cand_003
2022-06-10 07:00:00,0.5093902926608961,10481.292889548962,cand_009
2022-06-10 07:00:00,0.5222644599299877,10481.815154008891,cand_011
2022-06-10 07:00:00,0.5221548113343271,10482.337308820226,cand_013
2022-06-10 07:00:00,0.5271758785499405,10482.864484698777,cand_014
2022-06-13 07:00:00,0.5104507579966491,10483.374935456774,cand_003
2022-06-13 07:00:00,0.5093902926608961,10483.884325749434,cand_009
2022-06-13 07:00:00,0.5222644599299877,10484.406590209364,cand_011
2022-06-13 07:00:00,0.5221548113343271,10484.928745020698,cand_013
2022-06-13 07:00:00,0.5271758785499405,10485.455920899247,cand_014
2022-06-13 07:00:00,0.49031404625585057,10485.946234945503,cand_014
2022-06-13 07:00:00,0.604366284364134,10486.550601229868,cand_015
2022-06-13 07:09:40,0.0,10486.550601229868,cand_003
2022-06-13 07:09:40,0.0,10486.550601229868,cand_009
2022-06-13 07:09:40,0.0,10486.550601229868,cand_011
2022-06-13 07:09:40,0.0,10486.550601229868,cand_013
2022-06-13 07:09:40,0.0,10486.550601229868,cand_014
2022-06-13 07:09:40,0.0,10486.550601229868,cand_014
2022-06-13 07:09:40,0.0,10486.550601229868,cand_015
2022-06-13 11:46:40,-43.05802276277617,10443.492578467092,cand_003
2022-06-13 11:46:40,40.28537435139907,10483.777952818491,cand_003
2022-06-13 11:46:40,40.20168117949517,10523.979633997986,cand_009
2022-06-13 11:46:40,-42.96856939268971,10481.011064605296,cand_009
2022-06-13 11:46:40,41.21772560645102,10522.228790211746,cand_011
2022-06-13 11:46:40,-44.05454326703544,10478.174246944713,cand_011
2022-06-13 11:46:40,-44.04529408549559,10434.128952859217,cand_013
2022-06-13 11:46:40,41.20907201028314,10475.3380248695,cand_013
2022-06-13 11:46:40,-44.468835872977344,10430.869188996523,cand_014
2022-06-13 11:46:40,41.60534054207725,10472.474529538598,cand_014
2022-06-13 11:46:40,-41.35943190181704,10431.115097636783,cand_014
2022-06-13 11:46:40,38.696161370566145,10469.811259007349,cand_014
2022-06-13 11:46:40,-50.9800736340099,10418.83118537334,cand_015
2022-06-13 11:46:40,47.69729818117553,10466.528483554514,cand_015
2022-06-14 07:00:00,0.5104507579966491,10467.03893431251,cand_003
2022-06-14 07:00:00,0.5093902926608961,10467.548324605172,cand_009
2022-06-14 07:00:00,0.5222644599299877,10468.0705890651,cand_011
2022-06-14 07:00:00,0.5221548113343271,10468.592743876436,cand_013
2022-06-14 07:00:00,0.5271758785499405,10469.119919754987,cand_014
2022-06-15 07:00:00,0.5104507579966491,10469.630370512983,cand_003
2022-06-15 07:00:00,0.5093902926608961,10470.139760805643,cand_009
2022-06-15 07:00:00,0.5222644599299877,10470.662025265574,cand_011
2022-06-15 07:00:00,0.5221548113343271,10471.184180076907,cand_013
2022-06-15 07:00:00,0.5271758785499405,10471.711355955456,cand_014
2022-06-20 07:00:00,0.5104507579966491,10472.221806713453,cand_003
2022-06-20 07:00:00,0.6566499231364257,10472.87845663659,cand_007
2022-06-20 07:00:00,0.5093902926608961,10473.38784692925,cand_009
2022-06-20 07:00:00,0.5222644599299877,10473.910111389181,cand_011
2022-06-20 07:00:00,0.5221548113343271,10474.432266200514,cand_013
2022-06-20 07:00:00,0.5271758785499405,10474.959442079065,cand_014
2022-06-20 07:00:00,0.604366284364134,10475.56380836343,cand_015
2022-06-21 07:00:00,0.5104507579966491,10476.074259121426,cand_003
2022-06-21 07:00:00,0.5093902926608961,10476.583649414086,cand_009
2022-06-21 07:00:00,0.5222644599299877,10477.105913874017,cand_011
2022-06-21 07:00:00,0.5221548113343271,10477.62806868535,cand_013
2022-06-21 07:00:00,0.5271758785499405,10478.1552445639,cand_014
2022-06-22 07:00:00,0.5104507579966491,10478.665695321897,cand_003
2022-06-22 07:00:00,0.6566499231364257,10479.322345245033,cand_007
2022-06-22 07:00:00,0.5093902926608961,10479.831735537695,cand_009
2022-06-22 07:00:00,0.5222644599299877,10480.353999997624,cand_011
2022-06-22 07:00:00,0.5221548113343271,10480.876154808959,cand_013
2022-06-22 07:00:00,0.5271758785499405,10481.40333068751,cand_014
2022-06-22 07:00:00,0.604366284364134,10482.007696971872,cand_015
2022-06-28 07:00:00,0.5104507579966491,10482.518147729868,cand_003
2022-06-28 07:00:00,0.5093902926608961,10483.02753802253,cand_009
2022-06-28 07:00:00,0.5222644599299877,10483.54980248246,cand_011
2022-06-28 07:00:00,0.5221548113343271,10484.071957293794,cand_013
2022-06-28 07:00:00,0.5271758785499405,10484.599133172345,cand_014
2022-06-29 07:00:00,0.5104507579966491,10485.109583930342,cand_003
2022-06-29 07:00:00,0.5093902926608961,10485.618974223002,cand_009
2022-06-29 07:00:00,0.5222644599299877,10486.141238682932,cand_011
2022-06-29 07:00:00,0.5221548113343271,10486.663393494266,cand_013
2022-06-29 07:00:00,0.5271758785499405,10487.190569372815,cand_014
2022-06-30 07:00:00,0.5104507579966491,10487.701020130811,cand_003
2022-06-30 07:00:00,0.5093902926608961,10488.210410423473,cand_009
2022-06-30 07:00:00,0.5222644599299877,10488.732674883402,cand_011
2022-06-30 07:00:00,0.5221548113343271,10489.254829694737,cand_013
2022-06-30 07:00:00,0.5271758785499405,10489.782005573288,cand_014
2022-07-01 08:05:40,0.0,10489.782005573288,cand_003
2022-07-01 08:05:40,0.0,10489.782005573288,cand_007
2022-07-01 08:05:40,0.0,10489.782005573288,cand_009
2022-07-01 08:05:40,0.0,10489.782005573288,cand_011
2022-07-01 08:05:40,0.0,10489.782005573288,cand_013
2022-07-01 08:05:40,0.0,10489.782005573288,cand_014
2022-07-01 08:05:40,0.0,10489.782005573288,cand_014
2022-07-01 08:05:40,0.0,10489.782005573288,cand_015
2022-07-01 13:00:00,-36.737441318170596,10453.044564255117,cand_003
2022-07-01 13:00:00,-47.25948123278922,10405.785083022329,cand_007
2022-07-01 13:00:00,-36.66111900415332,10369.123964018174,cand_009
2022-07-01 13:00:00,-37.58768039554941,10331.536283622625,cand_011
2022-07-01 13:00:00,-37.57978892162054,10293.956494701004,cand_013
2022-07-01 13:00:00,-37.94115808269719,10256.015336618308,cand_014
2022-07-01 13:00:00,-35.288190329060775,10220.727146289246,cand_014
2022-07-01 13:00:00,-43.49659699526576,10177.230549293981,cand_015
2022-08-03 07:00:00,0.5104507579966491,10177.741000051978,cand_003
2022-08-03 07:00:00,0.6566499231364257,10178.397649975115,cand_007
2022-08-03 07:00:00,0.5093902926608961,10178.907040267775,cand_009
2022-08-03 07:00:00,0.5222644599299877,10179.429304727706,cand_011
2022-08-03 07:00:00,0.5221548113343271,10179.95145953904,cand_013
2022-08-03 07:00:00,0.5271758785499405,10180.478635417589,cand_014
2022-08-03 07:00:00,0.49031404625585057,10180.968949463844,cand_014
2022-08-03 07:00:00,0.604366284364134,10181.57331574821,cand_015
2022-08-04 07:00:00,0.5104507579966491,10182.083766506206,cand_003
2022-08-04 07:00:00,0.5093902926608961,10182.593156798866,cand_009
2022-08-04 07:00:00,0.5222644599299877,10183.115421258797,cand_011
2022-08-04 07:00:00,0.5221548113343271,10183.63757607013,cand_013
2022-08-04 07:00:00,0.5271758785499405,10184.16475194868,cand_014
2022-08-04 09:17:40,0.0,10184.16475194868,cand_003
2022-08-04 09:17:40,0.0,10184.16475194868,cand_009
2022-08-04 09:17:40,0.0,10184.16475194868,cand_011
2022-08-04 09:17:40,0.0,10184.16475194868,cand_013
2022-08-04 09:17:40,0.0,10184.16475194868,cand_014
2022-08-04 13:00:00,-7.119286748294441,10177.045465200386,cand_003
2022-08-04 13:00:00,-7.104496375876381,10169.94096882451,cand_009
2022-08-04 13:00:00,-7.2840531440823595,10162.656915680427,cand_011
2022-08-04 13:00:00,-7.282523868668762,10155.374391811758,cand_013
2022-08-04 13:00:00,-7.352552988481818,10148.021838823275,cand_014
2022-08-08 07:00:00,0.5104507579966491,10148.532289581271,cand_003
2022-08-08 07:00:00,0.5093902926608961,10149.041679873933,cand_009
2022-08-08 07:00:00,0.5222644599299877,10149.563944333862,cand_011
2022-08-08 07:00:00,0.5221548113343271,10150.086099145197,cand_013
2022-08-08 07:00:00,0.5271758785499405,10150.613275023748,cand_014
2022-08-08 07:00:00,0.49031404625585057,10151.103589070004,cand_014
2022-08-09 07:00:00,0.5104507579966491,10151.614039828,cand_003
2022-08-09 07:00:00,0.5093902926608961,10152.12343012066,cand_009
2022-08-09 07:00:00,0.5222644599299877,10152.645694580591,cand_011
2022-08-09 07:00:00,0.5221548113343271,10153.167849391924,cand_013
2022-08-09 07:00:00,0.5271758785499405,10153.695025270474,cand_014
2022-08-09 07:00:00,0.49031404625585057,10154.18533931673,cand_014
2022-08-09 09:22:40,0.0,10154.18533931673,cand_003
2022-08-09 09:22:40,0.0,10154.18533931673,cand_009
2022-08-09 09:22:40,0.0,10154.18533931673,cand_011
2022-08-09 09:22:40,0.0,10154.18533931673,cand_013
2022-08-09 09:22:40,0.0,10154.18533931673,cand_014
2022-08-09 09:22:40,0.0,10154.18533931673,cand_014
2022-08-09 13:00:00,-15.187411376159124,10138.99792794057,cand_003
2022-08-09 13:00:00,-15.15585941340478,10123.842068527167,cand_009
2022-08-09 13:00:00,-15.538903754858106,10108.303164772307,cand_011
2022-08-09 13:00:00,-15.535641386641332,10092.767523385668,cand_013
2022-08-09 13:00:00,-15.685032904150583,10077.082490481516,cand_014
2022-08-09 13:00:00,-14.5882849762476,10062.494205505269,cand_014
2022-08-10 07:00:00,0.5104507579966491,10063.004656263265,cand_003
2022-08-10 07:00:00,0.6566499231364257,10063.6613061864,cand_007
2022-08-10 07:00:00,0.5093902926608961,10064.170696479063,cand_009
2022-08-10 07:00:00,0.5222644599299877,10064.692960938992,cand_011
2022-08-10 07:00:00,0.5221548113343271,10065.215115750327,cand_013
2022-08-10 07:00:00,0.5271758785499405,10065.742291628878,cand_014
2022-08-10 07:00:00,0.49031404625585057,10066.232605675134,cand_014
2022-08-10 07:00:00,0.604366284364134,10066.836971959496,cand_015
2022-08-16 07:00:00,0.5104507579966491,10067.347422717492,cand_003
2022-08-16 07:00:00,0.5093902926608961,10067.856813010154,cand_009
2022-08-16 07:00:00,0.5222644599299877,10068.379077470083,cand_011
2022-08-16 07:00:00,0.5221548113343271,10068.901232281418,cand_013
2022-08-16 07:00:00,0.5271758785499405,10069.428408159969,cand_014
2022-08-16 07:00:00,0.49031404625585057,10069.918722206225,cand_014
2022-08-17 07:00:00,0.5104507579966491,10070.429172964221,cand_003
2022-08-17 07:00:00,0.5093902926608961,10070.938563256881,cand_009
2022-08-17 07:00:00,0.5222644599299877,10071.460827716812,cand_011
2022-08-17 07:00:00,0.5221548113343271,10071.982982528145,cand_013
2022-08-17 07:00:00,0.5271758785499405,10072.510158406694,cand_014
2022-08-17 07:00:00,0.49031404625585057,10073.00047245295,cand_014
2022-08-17 09:21:40,0.0,10073.00047245295,cand_003
2022-08-17 09:21:40,0.0,10073.00047245295,cand_009
2022-08-17 09:21:40,0.0,10073.00047245295,cand_011
2022-08-17 09:21:40,0.0,10073.00047245295,cand_013
2022-08-17 09:21:40,0.0,10073.00047245295,cand_014
2022-08-17 09:21:40,0.0,10073.00047245295,cand_014
2022-08-17 13:00:00,10.29308940242655,10083.293561855378,cand_003
2022-08-17 13:00:00,10.27170543083266,10093.565267286209,cand_009
2022-08-17 13:00:00,10.531309227294107,10104.096576513504,cand_011
2022-08-17 13:00:00,10.529098195612196,10114.625674709117,cand_013
2022-08-17 13:00:00,10.630346539230567,10125.256021248348,cand_014
2022-08-17 13:00:00,9.887038532735621,10135.143059781083,cand_014
2022-08-18 07:00:00,0.5104507579966491,10135.65351053908,cand_003
2022-08-18 07:00:00,0.5093902926608961,10136.16290083174,cand_009
2022-08-18 07:00:00,0.5222644599299877,10136.68516529167,cand_011
2022-08-18 07:00:00,0.5221548113343271,10137.207320103003,cand_013
2022-08-18 07:00:00,0.5271758785499405,10137.734495981553,cand_014
2022-08-18 09:04:40,0.0,10137.734495981553,cand_003
2022-08-18 09:04:40,0.0,10137.734495981553,cand_009
2022-08-18 09:04:40,0.0,10137.734495981553,cand_011
2022-08-18 09:04:40,0.0,10137.734495981553,cand_013
2022-08-18 09:04:40,0.0,10137.734495981553,cand_014
2022-08-18 13:00:00,-5.020433337472925,10132.714062644081,cand_003
2022-08-18 13:00:00,-5.010003348994226,10127.704059295087,cand_009
2022-08-18 13:00:00,-5.136624570605527,10122.56743472448,cand_011
2022-08-18 13:00:00,-5.135546144417617,10117.431888580064,cand_013
2022-08-18 13:00:00,-5.18492981726765,10112.246958762797,cand_014
2022-08-19 07:00:00,0.5104507579966491,10112.757409520793,cand_003
2022-08-19 07:00:00,0.5093902926608961,10113.266799813453,cand_009
2022-08-19 07:00:00,0.5222644599299877,10113.789064273384,cand_011
2022-08-19 07:00:00,0.5221548113343271,10114.311219084717,cand_013
2022-08-19 07:00:00,0.5271758785499405,10114.838394963266,cand_014
2022-08-19 07:00:00,0.49031404625585057,10115.328709009522,cand_014
2022-08-19 09:54:40,0.0,10115.328709009522,cand_003
2022-08-19 09:54:40,0.0,10115.328709009522,cand_009
2022-08-19 09:54:40,0.0,10115.328709009522,cand_011
2022-08-19 09:54:40,0.0,10115.328709009522,cand_013
2022-08-19 09:54:40,0.0,10115.328709009522,cand_014
2022-08-19 09:54:40,0.0,10115.328709009522,cand_014
2022-08-19 13:00:00,3.296911366354828,10118.625620375878,cand_003
2022-08-19 13:00:00,3.290062007892141,10121.91568238377,cand_009
2022-08-19 13:00:00,3.373213982371333,10125.28889636614,cand_011
2022-08-19 13:00:00,3.372505781441713,10128.661402147583,cand_013
2022-08-19 13:00:00,3.404935968516675,10132.0663381161,cand_014
2022-08-19 13:00:00,3.166851898758376,10135.233190014857,cand_014
2022-08-22 07:00:00,0.5104507579966491,10135.743640772853,cand_003
2022-08-22 07:00:00,0.5093902926608961,10136.253031065515,cand_009
2022-08-22 07:00:00,0.5222644599299877,10136.775295525444,cand_011
2022-08-22 07:00:00,0.5221548113343271,10137.297450336779,cand_013
2022-08-22 07:00:00,0.5271758785499405,10137.82462621533,cand_014
2022-08-23 07:00:00,0.5104507579966491,10138.335076973326,cand_003
2022-08-23 07:00:00,0.5093902926608961,10138.844467265986,cand_009
2022-08-23 07:00:00,0.5222644599299877,10139.366731725917,cand_011
2022-08-23 07:00:00,0.5221548113343271,10139.88888653725,cand_013
2022-08-23 07:00:00,0.5271758785499405,10140.4160624158,cand_014
2022-08-24 07:42:40,0.0,10140.4160624158,cand_003
2022-08-24 07:42:40,0.0,10140.4160624158,cand_009
2022-08-24 07:42:40,0.0,10140.4160624158,cand_011
2022-08-24 07:42:40,0.0,10140.4160624158,cand_013
2022-08-24 07:42:40,0.0,10140.4160624158,cand_014
2022-08-24 13:00:00,-0.7927000006536198,10139.623362415146,cand_003
2022-08-24 13:00:00,-0.7910531603675094,10138.83230925478,cand_009
2022-08-24 13:00:00,-0.8110459848324516,10138.021263269948,cand_011
2022-08-24 13:00:00,-0.810875707013308,10137.210387562933,cand_013
2022-08-24 13:00:00,-0.8186731290422606,10136.391714433892,cand_014
2022-08-25 09:35:40,0.0,10136.391714433892,cand_003
2022-08-25 09:35:40,0.0,10136.391714433892,cand_009
2022-08-25 09:35:40,0.0,10136.391714433892,cand_011
2022-08-25 09:35:40,0.0,10136.391714433892,cand_013
2022-08-25 09:35:40,0.0,10136.391714433892,cand_014
2022-08-25 09:35:40,0.0,10136.391714433892,cand_014
2022-08-25 13:00:00,-1.4082435617672262,10134.983470872125,cand_003
2022-08-25 13:00:00,-1.4053179250468253,10133.578152947077,cand_009
2022-08-25 13:00:00,-1.4408354806303783,10132.137317466448,cand_011
2022-08-25 13:00:00,-1.4405329795047026,10130.696784486943,cand_013
2022-08-25 13:00:00,-1.454385217881895,10129.24239926906,cand_014
2022-08-25 13:00:00,-1.352689927611729,10127.889709341449,cand_014
2022-08-29 07:00:00,0.5104507579966491,10128.400160099445,cand_003
2022-08-29 07:00:00,0.6566499231364257,10129.056810022581,cand_007
2022-08-29 07:00:00,0.5093902926608961,10129.566200315243,cand_009
2022-08-29 07:00:00,0.5222644599299877,10130.088464775172,cand_011
2022-08-29 07:00:00,0.5221548113343271,10130.610619586507,cand_013
2022-08-29 07:00:00,0.5271758785499405,10131.137795465056,cand_014
2022-08-29 07:00:00,0.49031404625585057,10131.628109511312,cand_014
2022-08-29 07:00:00,0.604366284364134,10132.232475795676,cand_015
2022-08-29 07:32:40,0.0,10132.232475795676,cand_003
2022-08-29 07:32:40,0.0,10132.232475795676,cand_007
2022-08-29 07:32:40,0.0,10132.232475795676,cand_009
2022-08-29 07:32:40,0.0,10132.232475795676,cand_011
2022-08-29 07:32:40,0.0,10132.232475795676,cand_013
2022-08-29 07:32:40,0.0,10132.232475795676,cand_014
2022-08-29 07:32:40,0.0,10132.232475795676,cand_014
2022-08-29 07:32:40,0.0,10132.232475795676,cand_015
2022-08-29 13:00:00,-8.881843189141694,10123.350632606534,cand_003
2022-08-29 13:00:00,-11.425708662573806,10111.92492394396,cand_007
2022-08-29 13:00:00,-8.863391092299592,10103.061532851661,cand_009
2022-08-29 13:00:00,-9.087401602781787,10093.974131248879,cand_011
2022-08-29 13:00:00,-9.085493717217291,10084.888637531662,cand_013
2022-08-29 13:00:00,-9.172860286768966,10075.715777244892,cand_014
2022-08-29 13:00:00,-8.5314644048518,10067.18431284004,cand_014
2022-08-29 13:00:00,-10.515973347935931,10056.668339492106,cand_015
2022-08-30 07:00:00,0.5104507579966491,10057.178790250102,cand_003
2022-08-30 07:00:00,0.5093902926608961,10057.688180542762,cand_009
2022-08-30 07:00:00,0.5222644599299877,10058.210445002693,cand_011
2022-08-30 07:00:00,0.5221548113343271,10058.732599814026,cand_013
2022-08-30 07:00:00,0.5271758785499405,10059.259775692575,cand_014
2022-08-31 07:00:00,0.5104507579966491,10059.770226450571,cand_003
2022-08-31 07:00:00,0.5093902926608961,10060.279616743233,cand_009
2022-08-31 07:00:00,0.5222644599299877,10060.801881203162,cand_011
2022-08-31 07:00:00,0.5221548113343271,10061.324036014497,cand_013
2022-08-31 07:00:00,0.5271758785499405,10061.851211893048,cand_014
2022-08-31 07:00:00,0.49031404625585057,10062.341525939304,cand_014
2022-08-31 07:00:00,0.604366284364134,10062.945892223666,cand_015
2022-09-01 07:00:00,0.5104507579966491,10063.456342981663,cand_003
2022-09-01 07:00:00,0.6566499231364257,10064.1129929048,cand_007
2022-09-01 07:00:00,0.5093902926608961,10064.62238319746,cand_009
2022-09-01 07:00:00,0.5222644599299877,10065.144647657391,cand_011
2022-09-01 07:00:00,0.5221548113343271,10065.666802468724,cand_013
2022-09-01 07:00:00,0.5271758785499405,10066.193978347275,cand_014
2022-09-01 07:00:00,0.49031404625585057,10066.684292393531,cand_014
2022-09-01 07:00:00,0.604366284364134,10067.288658677895,cand_015
2022-09-02 07:00:00,0.5104507579966491,10067.799109435891,cand_003
2022-09-02 07:00:00,0.5093902926608961,10068.308499728551,cand_009
2022-09-02 07:00:00,0.5222644599299877,10068.830764188482,cand_011
2022-09-02 07:00:00,0.5221548113343271,10069.352918999815,cand_013
2022-09-02 07:00:00,0.5271758785499405,10069.880094878366,cand_014
2022-09-02 07:00:00,0.49031404625585057,10070.370408924622,cand_014
2022-09-02 07:49:40,0.0,10070.370408924622,cand_003
2022-09-02 07:49:40,0.0,10070.370408924622,cand_009
2022-09-02 07:49:40,0.0,10070.370408924622,cand_011
2022-09-02 07:49:40,0.0,10070.370408924622,cand_013
2022-09-02 07:49:40,0.0,10070.370408924622,cand_014
2022-09-02 07:49:40,0.0,10070.370408924622,cand_014
2022-09-02 13:00:00,-1.1560208342865288,10069.214388090335,cand_003
2022-09-02 13:00:00,-1.1536191922026178,10068.060768898133,cand_009
2022-09-02 13:00:00,-1.1827753945473254,10066.877993503585,cand_011
2022-09-02 13:00:00,-1.1825270727277408,10065.695466430858,cand_013
2022-09-02 13:00:00,-1.19389831318663,10064.501568117672,cand_014
2022-09-02 13:00:00,-1.1104171047558968,10063.391151012916,cand_014
2022-09-05 07:00:00,0.5104507579966491,10063.901601770913,cand_003
2022-09-05 07:00:00,0.5093902926608961,10064.410992063575,cand_009
2022-09-05 07:00:00,0.5222644599299877,10064.933256523504,cand_011
2022-09-05 07:00:00,0.5221548113343271,10065.455411334839,cand_013
2022-09-05 07:00:00,0.5271758785499405,10065.982587213388,cand_014
2022-09-06 07:00:00,0.5104507579966491,10066.493037971384,cand_003
2022-09-06 07:00:00,0.6566499231364257,10067.149687894522,cand_007
2022-09-06 07:00:00,0.5093902926608961,10067.659078187182,cand_009
2022-09-06 07:00:00,0.5222644599299877,10068.181342647113,cand_011
2022-09-06 07:00:00,0.5221548113343271,10068.703497458446,cand_013
2022-09-06 07:00:00,0.5271758785499405,10069.230673336995,cand_014
2022-09-06 07:00:00,0.49031404625585057,10069.72098738325,cand_014
2022-09-06 07:00:00,0.604366284364134,10070.325353667617,cand_015
2022-09-06 07:52:40,0.0,10070.325353667617,cand_003
2022-09-06 07:52:40,0.0,10070.325353667617,cand_007
2022-09-06 07:52:40,0.0,10070.325353667617,cand_009
2022-09-06 07:52:40,0.0,10070.325353667617,cand_011
2022-09-06 07:52:40,0.0,10070.325353667617,cand_013
2022-09-06 07:52:40,0.0,10070.325353667617,cand_014
2022-09-06 07:52:40,0.0,10070.325353667617,cand_014
2022-09-06 07:52:40,0.0,10070.325353667617,cand_015
2022-09-06 11:43:40,42.58210249723223,10112.907456164849,cand_003
2022-09-06 11:43:40,45.73338526498213,10158.64084142983,cand_003
2022-09-06 11:43:40,58.831970466417054,10217.472811896247,cand_007
2022-09-06 11:43:40,54.778122852701294,10272.250934748947,cand_007
2022-09-06 11:43:40,45.638373808930055,10317.889308557878,cand_009
2022-09-06 11:43:40,42.49363785512058,10360.382946412998,cand_009
2022-09-06 11:43:40,43.567608461747774,10403.950554874746,cand_011
2022-09-06 11:43:40,46.79182346584496,10450.74237834059,cand_011
2022-09-06 11:43:40,46.78199959666551,10497.524377937256,cand_013
2022-09-06 11:43:40,43.55846151139858,10541.082839448654,cand_013
2022-09-06 11:43:40,43.97732189209401,10585.060161340749,cand_014
2022-09-06 11:43:40,47.23185768349497,10632.292019024244,cand_014
2022-09-06 11:43:40,43.929254344252115,10676.221273368496,cand_014
2022-09-06 11:43:40,40.90228615869026,10717.123559527186,cand_014
2022-09-06 11:43:40,50.4165909512351,10767.540150478422,cand_015
2022-09-06 11:43:40,54.14766398323603,10821.687814461658,cand_015
2022-09-07 07:00:00,0.5104507579966491,10822.198265219655,cand_003
2022-09-07 07:00:00,0.6566499231364257,10822.85491514279,cand_007
2022-09-07 07:00:00,0.5093902926608961,10823.36430543545,cand_009
2022-09-07 07:00:00,0.5222644599299877,10823.886569895381,cand_011
2022-09-07 07:00:00,0.5221548113343271,10824.408724706716,cand_013
2022-09-07 07:00:00,0.5271758785499405,10824.935900585266,cand_014
2022-09-07 07:00:00,0.49031404625585057,10825.426214631521,cand_014
2022-09-07 07:00:00,0.604366284364134,10826.030580915885,cand_015
2022-09-07 07:01:40,0.0,10826.030580915885,cand_003
2022-09-07 07:01:40,0.0,10826.030580915885,cand_007
2022-09-07 07:01:40,0.0,10826.030580915885,cand_009
2022-09-07 07:01:40,0.0,10826.030580915885,cand_011
2022-09-07 07:01:40,0.0,10826.030580915885,cand_013
2022-09-07 07:01:40,0.0,10826.030580915885,cand_014
2022-09-07 07:01:40,0.0,10826.030580915885,cand_014
2022-09-07 07:01:40,0.0,10826.030580915885,cand_015
2022-09-07 13:00:00,-4.416900382429829,10821.613680533455,cand_003
2022-09-07 13:00:00,-5.681953158433425,10815.931727375022,cand_007
2022-09-07 13:00:00,-4.407724238259872,10811.524003136763,cand_009
2022-09-07 13:00:00,-4.519123650335365,10807.004879486427,cand_011
2022-09-07 13:00:00,-4.518174867487031,10802.48670461894,cand_013
2022-09-07 13:00:00,-4.561621866746839,10797.925082752192,cand_014
2022-09-07 13:00:00,-4.242658600249154,10793.682424151943,cand_014
2022-09-07 13:00:00,-5.229545907644948,10788.452878244298,cand_015
2022-09-08 07:00:00,0.5104507579966491,10788.963329002294,cand_003
2022-09-08 07:00:00,0.5093902926608961,10789.472719294954,cand_009
2022-09-08 07:00:00,0.5222644599299877,10789.994983754885,cand_011
2022-09-08 07:00:00,0.5221548113343271,10790.51713856622,cand_013
2022-09-08 07:00:00,0.5271758785499405,10791.044314444769,cand_014
2022-09-09 07:07:40,0.0,10791.044314444769,cand_003
2022-09-09 07:07:40,0.0,10791.044314444769,cand_007
2022-09-09 07:07:40,0.0,10791.044314444769,cand_009
2022-09-09 07:07:40,0.0,10791.044314444769,cand_011
2022-09-09 07:07:40,0.0,10791.044314444769,cand_013
2022-09-09 07:07:40,0.0,10791.044314444769,cand_014
2022-09-09 07:07:40,0.0,10791.044314444769,cand_014
2022-09-09 07:07:40,0.0,10791.044314444769,cand_015
2022-09-09 13:00:00,37.54515457641236,10828.58946902118,cand_003
2022-09-09 13:00:00,48.29853316998745,10876.888002191168,cand_007
2022-09-09 13:00:00,37.46715423195204,10914.35515642312,cand_009
2022-09-09 13:00:00,38.41408709979157,10952.769243522911,cand_011
2022-09-09 13:00:00,38.40602212308486,10991.175265645996,cand_013
2022-09-09 13:00:00,38.77533638463798,11029.950602030634,cand_014
2022-09-09 13:00:00,36.06404020225386,11066.014642232889,cand_014
2022-09-09 13:00:00,44.45291776287725,11110.467559995766,cand_015
2022-09-13 09:10:40,0.0,11110.467559995766,cand_003
2022-09-13 09:10:40,0.0,11110.467559995766,cand_009
2022-09-13 09:10:40,0.0,11110.467559995766,cand_011
2022-09-13 09:10:40,0.0,11110.467559995766,cand_013
2022-09-13 09:10:40,0.0,11110.467559995766,cand_014
2022-09-13 13:00:00,-2.66034924461783,11107.807210751149,cand_003
2022-09-13 13:00:00,-2.654822348809141,11105.152388402339,cand_009
2022-09-13 13:00:00,-2.7219194793998183,11102.43046892294,cand_011
2022-09-13 13:00:00,-2.721348016718905,11099.70912090622,cand_013
2022-09-13 13:00:00,-2.747516637619102,11096.961604268601,cand_014
2022-09-14 07:00:00,0.5104507579966491,11097.472055026597,cand_003
2022-09-14 07:00:00,0.5093902926608961,11097.981445319258,cand_009
2022-09-14 07:00:00,0.5222644599299877,11098.503709779188,cand_011
2022-09-14 07:00:00,0.5221548113343271,11099.025864590523,cand_013
2022-09-14 07:00:00,0.5271758785499405,11099.553040469073,cand_014
2022-09-15 07:00:00,0.5104507579966491,11100.063491227069,cand_003
2022-09-15 07:00:00,0.6566499231364257,11100.720141150205,cand_007
2022-09-15 07:00:00,0.5093902926608961,11101.229531442865,cand_009
2022-09-15 07:00:00,0.5222644599299877,11101.751795902795,cand_011
2022-09-15 07:00:00,0.5221548113343271,11102.27395071413,cand_013
2022-09-15 07:00:00,0.5271758785499405,11102.80112659268,cand_014
2022-09-15 07:00:00,0.49031404625585057,11103.291440638935,cand_014
2022-09-15 07:00:00,0.604366284364134,11103.8958069233,cand_015
2022-09-15 08:26:40,0.0,11103.8958069233,cand_003
2022-09-15 08:26:40,0.0,11103.8958069233,cand_007
2022-09-15 08:26:40,0.0,11103.8958069233,cand_009
2022-09-15 08:26:40,0.0,11103.8958069233,cand_011
2022-09-15 08:26:40,0.0,11103.8958069233,cand_013
2022-09-15 08:26:40,0.0,11103.8958069233,cand_014
2022-09-15 08:26:40,0.0,11103.8958069233,cand_014
2022-09-15 08:26:40,0.0,11103.8958069233,cand_015
2022-09-15 13:00:00,-13.32576743523017,11090.57003948807,cand_003
2022-09-15 13:00:00,-17.142425640467398,11073.427613847602,cand_007
2022-09-15 13:00:00,-13.298083051935631,11060.129530795666,cand_009
2022-09-15 13:00:00,-13.634174548054622,11046.495356247611,cand_011
2022-09-15 13:00:00,-13.63131207471614,11032.864044172895,cand_013
2022-09-15 13:00:00,-13.762391464733156,11019.101652708161,cand_014
2022-09-15 13:00:00,-12.800080807549794,11006.30157190061,cand_014
2022-09-15 13:00:00,-15.777515117694277,10990.524056782917,cand_015
2022-09-16 07:00:00,0.5104507579966491,10991.034507540913,cand_003
2022-09-16 07:00:00,0.6566499231364257,10991.691157464049,cand_007
2022-09-16 07:00:00,0.5093902926608961,10992.200547756709,cand_009
2022-09-16 07:00:00,0.5222644599299877,10992.72281221664,cand_011
2022-09-16 07:00:00,0.5221548113343271,10993.244967027975,cand_013
2022-09-16 07:00:00,0.5271758785499405,10993.772142906524,cand_014
2022-09-16 07:00:00,0.49031404625585057,10994.26245695278,cand_014
2022-09-16 07:00:00,0.604366284364134,10994.866823237144,cand_015
2022-09-16 09:05:40,0.0,10994.866823237144,cand_003
2022-09-16 09:05:40,0.0,10994.866823237144,cand_007
2022-09-16 09:05:40,0.0,10994.866823237144,cand_009
2022-09-16 09:05:40,0.0,10994.866823237144,cand_011
2022-09-16 09:05:40,0.0,10994.866823237144,cand_013
2022-09-16 09:05:40,0.0,10994.866823237144,cand_014
2022-09-16 09:05:40,0.0,10994.866823237144,cand_014
2022-09-16 09:05:40,0.0,10994.866823237144,cand_015
2022-09-16 13:00:00,-14.499804178622462,10980.367019058522,cand_003
2022-09-16 13:00:00,-18.652720463681174,10961.714298594841,cand_007
2022-09-16 13:00:00,-14.46968072505569,10947.244617869786,cand_009
2022-09-16 13:00:00,-14.835382805893593,10932.409235063893,cand_011
2022-09-16 13:00:00,-14.832268140785091,10917.576966923109,cand_013
2022-09-16 13:00:00,-14.974895985398017,10902.60207093771,cand_014
2022-09-16 13:00:00,-13.927803113938248,10888.674267823772,cand_014
2022-09-16 13:00:00,-17.167557571731784,10871.506710252039,cand_015
2022-09-21 07:00:00,0.5104507579966491,10872.017161010035,cand_003
2022-09-21 07:00:00,0.6566499231364257,10872.67381093317,cand_007
2022-09-21 07:00:00,0.5093902926608961,10873.183201225831,cand_009
2022-09-21 07:00:00,0.5222644599299877,10873.705465685762,cand_011
2022-09-21 07:00:00,0.5221548113343271,10874.227620497097,cand_013
2022-09-21 07:00:00,0.5271758785499405,10874.754796375646,cand_014
2022-09-21 07:00:00,0.49031404625585057,10875.245110421902,cand_014
2022-09-21 07:00:00,0.604366284364134,10875.849476706266,cand_015
2022-09-21 07:41:20,0.0,10875.849476706266,cand_003
2022-09-21 07:41:20,0.0,10875.849476706266,cand_007
2022-09-21 07:41:20,0.0,10875.849476706266,cand_009
2022-09-21 07:41:20,0.0,10875.849476706266,cand_011
2022-09-21 07:41:20,0.0,10875.849476706266,cand_013
2022-09-21 07:41:20,0.0,10875.849476706266,cand_014
2022-09-21 07:41:20,0.0,10875.849476706266,cand_014
2022-09-21 07:41:20,0.0,10875.849476706266,cand_015
2022-09-21 10:11:20,-27.525306462089898,10848.324170244176,cand_003
2022-09-21 10:11:20,43.041508179429215,10891.365678423605,cand_003
2022-09-21 10:11:20,55.36910778352408,10946.73478620713,cand_007
2022-09-21 10:11:20,-35.408881443480084,10911.32590476365,cand_007
2022-09-21 10:11:20,42.95208911851539,10954.277993882164,cand_009
2022-09-21 10:11:20,-27.468122428367266,10926.809871453797,cand_009
2022-09-21 10:11:20,-28.162342965754107,10898.647528488043,cand_011
2022-09-21 10:11:20,44.03764647568476,10942.685174963728,cand_011
2022-09-21 10:11:20,-28.15643032648104,10914.528744637248,cand_013
2022-09-21 10:11:20,44.02840084159948,10958.557145478848,cand_013
2022-09-21 10:11:20,44.45178018278896,11003.008925661637,cand_014
2022-09-21 10:11:20,-28.427183992160618,10974.581741669477,cand_014
2022-09-21 10:11:20,41.343568800320526,11015.925310469798,cand_014
2022-09-21 10:11:20,-26.43946389427872,10989.485846575519,cand_014
2022-09-21 10:11:20,-32.58956311038833,10956.89628346513,cand_015
2022-09-21 10:11:20,50.96052060716282,11007.856804072293,cand_015
2022-09-26 07:00:00,0.5104507579966491,11008.36725483029,cand_003
2022-09-26 07:00:00,0.6566499231364257,11009.023904753425,cand_007
2022-09-26 07:00:00,0.5093902926608961,11009.533295046085,cand_009
2022-09-26 07:00:00,0.5222644599299877,11010.055559506016,cand_011
2022-09-26 07:00:00,0.5221548113343271,11010.577714317351,cand_013
2022-09-26 07:00:00,0.5271758785499405,11011.1048901959,cand_014
2022-09-26 07:00:00,0.49031404625585057,11011.595204242156,cand_014
2022-09-26 07:00:00,0.604366284364134,11012.19957052652,cand_015
2022-09-26 08:30:20,0.0,11012.19957052652,cand_003
2022-09-26 08:30:20,0.0,11012.19957052652,cand_007
2022-09-26 08:30:20,0.0,11012.19957052652,cand_009
2022-09-26 08:30:20,0.0,11012.19957052652,cand_011
2022-09-26 08:30:20,0.0,11012.19957052652,cand_013
2022-09-26 08:30:20,0.0,11012.19957052652,cand_014
2022-09-26 08:30:20,0.0,11012.19957052652,cand_014
2022-09-26 08:30:20,0.0,11012.19957052652,cand_015
2022-09-26 13:00:00,-9.296209098574268,11002.903361427945,cand_003
2022-09-26 13:00:00,-11.958753894296317,10990.94460753365,cand_007
2022-09-26 13:00:00,-9.276896153400791,10981.667711380249,cand_009
2022-09-26 13:00:00,-9.51135745848966,10972.156353921759,cand_011
2022-09-26 13:00:00,-9.509360564065158,10962.646993357694,cand_013
2022-09-26 13:00:00,-9.60080305876833,10953.046190298925,cand_014
2022-09-26 13:00:00,-8.929484042400667,10944.116706256524,cand_014
2022-09-26 13:00:00,-11.006576567007993,10933.110129689516,cand_015
2022-09-27 07:00:00,0.5104507579966491,10933.620580447512,cand_003
2022-09-27 07:00:00,0.5093902926608961,10934.129970740172,cand_009
2022-09-27 07:00:00,0.5222644599299877,10934.652235200103,cand_011
2022-09-27 07:00:00,0.5221548113343271,10935.174390011438,cand_013
2022-09-27 07:00:00,0.5271758785499405,10935.701565889987,cand_014
2022-09-27 07:00:00,0.49031404625585057,10936.191879936243,cand_014
2022-09-27 07:00:00,0.604366284364134,10936.796246220607,cand_015
2022-09-28 07:00:00,0.5104507579966491,10937.306696978603,cand_003
2022-09-28 07:00:00,0.5093902926608961,10937.816087271263,cand_009
2022-09-28 07:00:00,0.5222644599299877,10938.338351731194,cand_011
2022-09-28 07:00:00,0.5221548113343271,10938.860506542529,cand_013
2022-09-28 07:00:00,0.5271758785499405,10939.387682421078,cand_014
2022-09-29 07:00:00,0.5104507579966491,10939.898133179075,cand_003
2022-09-29 07:00:00,0.6566499231364257,10940.55478310221,cand_007
2022-09-29 07:00:00,0.5093902926608961,10941.06417339487,cand_009
2022-09-29 07:00:00,0.5222644599299877,10941.586437854801,cand_011
2022-09-29 07:00:00,0.5221548113343271,10942.108592666136,cand_013
2022-09-29 07:00:00,0.5271758785499405,10942.635768544686,cand_014
2022-09-29 07:00:00,0.49031404625585057,10943.126082590941,cand_014
2022-09-29 07:00:00,0.604366284364134,10943.730448875305,cand_015
2022-09-29 08:34:40,0.0,10943.730448875305,cand_003
2022-09-29 08:34:40,0.0,10943.730448875305,cand_007
2022-09-29 08:34:40,0.0,10943.730448875305,cand_009
2022-09-29 08:34:40,0.0,10943.730448875305,cand_011
2022-09-29 08:34:40,0.0,10943.730448875305,cand_013
2022-09-29 08:34:40,0.0,10943.730448875305,cand_014
2022-09-29 08:34:40,0.0,10943.730448875305,cand_014
2022-09-29 08:34:40,0.0,10943.730448875305,cand_015
2022-09-29 13:00:00,4.690141670533917,10948.420590545838,cand_003
2022-09-29 13:00:00,6.033453999641746,10954.45404454548,cand_007
2022-09-29 13:00:00,4.680397865507763,10959.134442410988,cand_009
2022-09-29 13:00:00,4.798688743592005,10963.933131154581,cand_011
2022-09-29 13:00:00,4.797681266495405,10968.730812421076,cand_013
2022-09-29 13:00:00,4.843816013500042,10973.574628434575,cand_014
2022-09-29 13:00:00,4.505120825009638,10978.079749259585,cand_014
2022-09-29 13:00:00,5.553059624569278,10983.632808884155,cand_015
2022-09-30 07:00:00,0.5104507579966491,10984.143259642151,cand_003
2022-09-30 07:00:00,0.6566499231364257,10984.799909565287,cand_007
2022-09-30 07:00:00,0.5093902926608961,10985.309299857947,cand_009
2022-09-30 07:00:00,0.5222644599299877,10985.831564317878,cand_011
2022-09-30 07:00:00,0.5221548113343271,10986.353719129213,cand_013
2022-09-30 07:00:00,0.5271758785499405,10986.880895007762,cand_014
2022-09-30 07:00:00,0.49031404625585057,10987.371209054018,cand_014
2022-09-30 07:00:00,0.604366284364134,10987.975575338382,cand_015
2022-10-03 07:00:00,0.5104507579966491,10988.486026096378,cand_003
2022-10-03 07:00:00,0.5093902926608961,10988.995416389038,cand_009
2022-10-03 07:00:00,0.5222644599299877,10989.517680848969,cand_011
2022-10-03 07:00:00,0.5221548113343271,10990.039835660304,cand_013
2022-10-03 07:00:00,0.5271758785499405,10990.567011538853,cand_014
2022-10-03 07:00:00,0.49031404625585057,10991.057325585109,cand_014
2022-10-03 07:00:00,0.604366284364134,10991.661691869473,cand_015
2022-10-03 07:05:40,0.0,10991.661691869473,cand_003
2022-10-03 07:05:40,0.0,10991.661691869473,cand_009
2022-10-03 07:05:40,0.0,10991.661691869473,cand_011
2022-10-03 07:05:40,0.0,10991.661691869473,cand_013
2022-10-03 07:05:40,0.0,10991.661691869473,cand_014
2022-10-03 07:05:40,0.0,10991.661691869473,cand_014
2022-10-03 07:05:40,0.0,10991.661691869473,cand_015
2022-10-03 13:00:00,4.92434848890885,10996.586040358381,cand_003
2022-10-03 13:00:00,4.914118117434527,11001.500158475816,cand_009
2022-10-03 13:00:00,5.038315966383411,11006.538474442199,cand_011
2022-10-03 13:00:00,5.037258179931155,11011.57573262213,cand_013
2022-10-03 13:00:00,5.085696710717073,11016.661429332848,cand_014
2022-10-03 13:00:00,4.7300884462329105,11021.39151777908,cand_014
2022-10-03 13:00:00,5.830357096218704,11027.221874875298,cand_015
2022-10-04 07:00:00,0.5104507579966491,11027.732325633295,cand_003
2022-10-04 07:00:00,0.6566499231364257,11028.38897555643,cand_007
2022-10-04 07:00:00,0.5093902926608961,11028.89836584909,cand_009
2022-10-04 07:00:00,0.5222644599299877,11029.420630309021,cand_011
2022-10-04 07:00:00,0.5221548113343271,11029.942785120356,cand_013
2022-10-04 07:00:00,0.5271758785499405,11030.469960998906,cand_014
2022-10-04 07:00:00,0.49031404625585057,11030.960275045161,cand_014
2022-10-04 07:00:00,0.604366284364134,11031.564641329525,cand_015
2022-10-06 07:00:00,0.5104507579966491,11032.075092087522,cand_003
2022-10-06 07:00:00,0.5093902926608961,11032.584482380182,cand_009
2022-10-06 07:00:00,0.5222644599299877,11033.106746840112,cand_011
2022-10-06 07:00:00,0.5221548113343271,11033.628901651447,cand_013
2022-10-06 07:00:00,0.5271758785499405,11034.156077529997,cand_014
2022-10-06 07:00:00,0.49031404625585057,11034.646391576252,cand_014
2022-10-07 07:00:00,0.5104507579966491,11035.156842334249,cand_003
2022-10-07 07:00:00,0.5093902926608961,11035.666232626909,cand_009
2022-10-07 07:00:00,0.5222644599299877,11036.18849708684,cand_011
2022-10-07 07:00:00,0.5221548113343271,11036.710651898175,cand_013
2022-10-07 07:00:00,0.5271758785499405,11037.237827776724,cand_014
2022-10-10 07:00:00,0.5104507579966491,11037.74827853472,cand_003
2022-10-10 07:00:00,0.5093902926608961,11038.25766882738,cand_009
2022-10-10 07:00:00,0.5222644599299877,11038.779933287311,cand_011
2022-10-10 07:00:00,0.5221548113343271,11039.302088098646,cand_013
2022-10-10 07:00:00,0.5271758785499405,11039.829263977195,cand_014
2022-10-10 07:00:00,0.49031404625585057,11040.319578023451,cand_014
2022-10-10 07:00:00,0.604366284364134,11040.923944307815,cand_015
2022-10-12 07:00:00,0.5104507579966491,11041.434395065811,cand_003
2022-10-12 07:00:00,0.5093902926608961,11041.943785358471,cand_009
2022-10-12 07:00:00,0.5222644599299877,11042.466049818402,cand_011
2022-10-12 07:00:00,0.5221548113343271,11042.988204629737,cand_013
2022-10-12 07:00:00,0.5271758785499405,11043.515380508286,cand_014
2022-10-12 07:00:00,0.49031404625585057,11044.005694554542,cand_014
2022-10-14 07:00:00,0.5104507579966491,11044.516145312538,cand_003
2022-10-14 07:00:00,0.6566499231364257,11045.172795235674,cand_007
2022-10-14 07:00:00,0.5093902926608961,11045.682185528334,cand_009
2022-10-14 07:00:00,0.5222644599299877,11046.204449988265,cand_011
2022-10-14 07:00:00,0.5221548113343271,11046.7266047996,cand_013
2022-10-14 07:00:00,0.5271758785499405,11047.25378067815,cand_014
2022-10-14 07:00:00,0.49031404625585057,11047.744094724405,cand_014
2022-10-14 07:00:00,0.604366284364134,11048.348461008769,cand_015
2022-10-17 07:00:00,0.5104507579966491,11048.858911766765,cand_003
2022-10-17 07:00:00,0.5093902926608961,11049.368302059425,cand_009
2022-10-17 07:00:00,0.5222644599299877,11049.890566519356,cand_011
2022-10-17 07:00:00,0.5221548113343271,11050.412721330691,cand_013
2022-10-17 07:00:00,0.5271758785499405,11050.93989720924,cand_014
2022-10-18 07:00:00,0.5104507579966491,11051.450347967237,cand_003
2022-10-18 07:00:00,0.5093902926608961,11051.959738259897,cand_009
2022-10-18 07:00:00,0.5222644599299877,11052.482002719828,cand_011
2022-10-18 07:00:00,0.5221548113343271,11053.004157531162,cand_013
2022-10-18 07:00:00,0.5271758785499405,11053.531333409712,cand_014
2022-10-20 07:00:00,0.5104507579966491,11054.041784167708,cand_003
2022-10-20 07:00:00,0.5093902926608961,11054.551174460368,cand_009
2022-10-21 07:00:00,0.5104507579966491,11055.061625218364,cand_003
2022-10-21 07:00:00,0.6566499231364257,11055.7182751415,cand_007
2022-10-21 07:00:00,0.5093902926608961,11056.22766543416,cand_009
2022-10-21 07:00:00,0.5222644599299877,11056.749929894091,cand_011
2022-10-21 07:00:00,0.5221548113343271,11057.272084705426,cand_013
2022-10-21 07:00:00,0.5271758785499405,11057.799260583975,cand_014
2022-10-21 07:00:00,0.49031404625585057,11058.289574630231,cand_014
2022-10-21 07:00:00,0.604366284364134,11058.893940914595,cand_015
2022-10-26 09:53:20,0.0,11058.893940914595,cand_003
2022-10-26 09:53:20,0.0,11058.893940914595,cand_009
2022-10-26 09:53:20,0.0,11058.893940914595,cand_011
2022-10-26 09:53:20,0.0,11058.893940914595,cand_013
2022-10-26 09:53:20,0.0,11058.893940914595,cand_014
2022-10-26 09:53:20,0.0,11058.893940914595,cand_014
2022-10-26 09:53:20,0.0,11058.893940914595,cand_015
2022-10-26 13:00:00,23.585827670962814,11082.479768585557,cand_003
2022-10-26 13:00:00,23.53682793441964,11106.016596519978,cand_009
2022-10-26 13:00:00,24.131690192647376,11130.148286712625,cand_011
2022-10-26 13:00:00,24.126623782536115,11154.274910495162,cand_013
2022-10-26 13:00:00,24.358626623586957,11178.633537118749,cand_014
2022-10-26 13:00:00,22.65539313729239,11201.288930256042,cand_014
2022-10-26 13:00:00,27.925277433413367,11229.214207689454,cand_015
2022-10-27 07:57:40,0.0,11229.214207689454,cand_003
2022-10-27 07:57:40,0.0,11229.214207689454,cand_009
2022-10-27 07:57:40,0.0,11229.214207689454,cand_011
2022-10-27 07:57:40,0.0,11229.214207689454,cand_013
2022-10-27 07:57:40,0.0,11229.214207689454,cand_014
2022-10-27 13:00:00,-27.717476159218048,11201.496731530237,cand_003
2022-10-27 13:00:00,-27.659892891486663,11173.83683863875,cand_009
2022-10-27 13:00:00,-28.358960174198337,11145.477878464551,cand_011
2022-10-27 13:00:00,-28.353006255453963,11117.124872209097,cand_013
2022-10-27 13:00:00,-28.625650205261774,11088.499222003835,cand_014
2022-10-31 07:00:00,0.5104507579966491,11089.009672761831,cand_003
2022-10-31 07:00:00,0.5093902926608961,11089.519063054491,cand_009
2022-10-31 07:00:00,0.5222644599299877,11090.041327514422,cand_011
2022-10-31 07:00:00,0.5221548113343271,11090.563482325757,cand_013
2022-10-31 07:00:00,0.5271758785499405,11091.090658204306,cand_014
2022-10-31 07:00:00,0.49031404625585057,11091.580972250562,cand_014
2022-11-01 07:00:00,0.5104507579966491,11092.091423008558,cand_003
2022-11-01 07:00:00,0.5093902926608961,11092.600813301218,cand_009
2022-11-01 07:00:00,0.5222644599299877,11093.123077761149,cand_011
2022-11-01 07:00:00,0.5221548113343271,11093.645232572484,cand_013
2022-11-01 07:00:00,0.5271758785499405,11094.172408451033,cand_014
2022-11-04 07:00:00,0.5104507579966491,11094.68285920903,cand_003
2022-11-04 07:00:00,0.5093902926608961,11095.19224950169,cand_009
2022-11-04 07:00:00,0.5222644599299877,11095.71451396162,cand_011
2022-11-04 07:00:00,0.5221548113343271,11096.236668772955,cand_013
2022-11-04 07:00:00,0.5271758785499405,11096.763844651505,cand_014
2022-11-04 07:00:00,0.49031404625585057,11097.25415869776,cand_014
2022-11-15 09:24:40,0.0,11097.25415869776,cand_003
2022-11-15 09:24:40,0.0,11097.25415869776,cand_009
2022-11-15 09:24:40,0.0,11097.25415869776,cand_011
2022-11-15 09:24:40,0.0,11097.25415869776,cand_013
2022-11-15 09:24:40,0.0,11097.25415869776,cand_014
2022-11-15 09:24:40,0.0,11097.25415869776,cand_015
2022-11-15 13:00:00,20.57116554726496,11117.825324245025,cand_003
2022-11-15 13:00:00,20.528428794234117,11138.353753039259,cand_009
2022-11-15 13:00:00,21.04725773517851,11159.401010774438,cand_011
2022-11-15 13:00:00,21.042838896773382,11180.443849671212,cand_013
2022-11-15 13:00:00,21.245187905562606,11201.689037576774,cand_014
2022-11-15 13:00:00,24.355961259874604,11226.044998836649,cand_015
2022-11-16 07:00:00,0.5104507579966491,11226.555449594645,cand_003
2022-11-16 07:00:00,0.6566499231364257,11227.212099517781,cand_007
2022-11-16 07:00:00,0.5093902926608961,11227.721489810441,cand_009
2022-11-16 07:00:00,0.5222644599299877,11228.243754270372,cand_011
2022-11-16 07:00:00,0.5221548113343271,11228.765909081707,cand_013
2022-11-16 07:00:00,0.5271758785499405,11229.293084960256,cand_014
2022-11-16 07:00:00,0.49031404625585057,11229.783399006512,cand_014
2022-11-16 07:00:00,0.604366284364134,11230.387765290876,cand_015
2022-11-21 07:00:00,0.5104507579966491,11230.898216048872,cand_003
2022-11-21 07:00:00,0.5093902926608961,11231.407606341532,cand_009
2022-11-21 07:00:00,0.5222644599299877,11231.929870801463,cand_011
2022-11-21 07:00:00,0.5221548113343271,11232.452025612798,cand_013
2022-11-21 07:00:00,0.5271758785499405,11232.979201491347,cand_014
2022-11-21 07:00:00,0.49031404625585057,11233.469515537603,cand_014
2022-11-21 08:29:40,0.0,11233.469515537603,cand_003
2022-11-21 08:29:40,0.0,11233.469515537603,cand_009
2022-11-21 08:29:40,0.0,11233.469515537603,cand_011
2022-11-21 08:29:40,0.0,11233.469515537603,cand_013
2022-11-21 08:29:40,0.0,11233.469515537603,cand_014
2022-11-21 08:29:40,0.0,11233.469515537603,cand_014
2022-11-21 13:00:00,40.23252768468883,11273.702043222293,cand_003
2022-11-21 13:00:00,40.14894430213734,11313.850987524429,cand_009
2022-11-21 13:00:00,41.163655874128864,11355.014643398557,cand_011
2022-11-21 13:00:00,41.155013629815585,11396.169657028373,cand_013
2022-11-21 13:00:00,41.55076233347444,11437.720419361847,cand_014
2022-11-21 13:00:00,38.64539944577731,11476.365818807624,cand_014
2022-11-22 07:00:00,0.5104507579966491,11476.87626956562,cand_003
2022-11-22 07:00:00,0.6566499231364257,11477.532919488756,cand_007
2022-11-22 07:00:00,0.5093902926608961,11478.042309781416,cand_009
2022-11-22 07:00:00,0.5222644599299877,11478.564574241347,cand_011
2022-11-22 07:00:00,0.5221548113343271,11479.086729052682,cand_013
2022-11-22 07:00:00,0.5271758785499405,11479.613904931231,cand_014
2022-11-22 07:00:00,0.49031404625585057,11480.104218977487,cand_014
2022-11-22 07:00:00,0.604366284364134,11480.708585261851,cand_015
2022-11-23 07:00:00,0.5104507579966491,11481.219036019847,cand_003
2022-11-23 07:00:00,0.6566499231364257,11481.875685942983,cand_007
2022-11-23 07:00:00,0.5093902926608961,11482.385076235643,cand_009
2022-11-23 07:00:00,0.5222644599299877,11482.907340695574,cand_011
2022-11-23 07:00:00,0.5221548113343271,11483.429495506909,cand_013
2022-11-23 07:00:00,0.5271758785499405,11483.956671385458,cand_014
2022-11-23 07:00:00,0.49031404625585057,11484.446985431714,cand_014
2022-11-23 07:00:00,0.604366284364134,11485.051351716078,cand_015
2022-11-28 08:02:40,0.0,11485.051351716078,cand_003
2022-11-28 08:02:40,0.0,11485.051351716078,cand_009
2022-11-28 08:02:40,0.0,11485.051351716078,cand_011
2022-11-28 08:02:40,0.0,11485.051351716078,cand_013
2022-11-28 08:02:40,0.0,11485.051351716078,cand_014
2022-11-28 08:02:40,0.0,11485.051351716078,cand_015
2022-11-28 13:00:00,16.250350013399206,11501.301701729477,cand_003
2022-11-28 13:00:00,16.21658978753394,11517.518291517012,cand_009
2022-11-28 13:00:00,16.626442689065257,11534.144734206076,cand_011
2022-11-28 13:00:00,16.622951993772812,11550.76768619985,cand_013
2022-11-28 13:00:00,16.782799145366344,11567.550485345217,cand_014
2022-11-28 13:00:00,19.240178417521726,11586.790663762738,cand_015
2022-11-29 09:20:40,0.0,11586.790663762738,cand_003
2022-11-29 09:20:40,0.0,11586.790663762738,cand_009
2022-11-29 09:20:40,0.0,11586.790663762738,cand_011
2022-11-29 09:20:40,0.0,11586.790663762738,cand_013
2022-11-29 09:20:40,0.0,11586.790663762738,cand_014
2022-11-29 13:00:00,12.358913646554162,11599.149577409293,cand_003
2022-11-29 13:00:00,12.333237909366167,11611.482815318659,cand_009
2022-11-29 13:00:00,12.644944218069586,11624.127759536728,cand_011
2022-11-29 13:00:00,12.642289432071118,11636.7700489688,cand_013
2022-11-29 13:00:00,12.763858330067972,11649.533907298868,cand_014
2022-12-01 07:17:40,0.0,11649.533907298868,cand_003
2022-12-01 07:17:40,0.0,11649.533907298868,cand_007
2022-12-01 07:17:40,0.0,11649.533907298868,cand_009
2022-12-01 07:17:40,0.0,11649.533907298868,cand_011
2022-12-01 07:17:40,0.0,11649.533907298868,cand_013
2022-12-01 07:17:40,0.0,11649.533907298868,cand_014
2022-12-01 07:17:40,0.0,11649.533907298868,cand_014
2022-12-01 07:17:40,0.0,11649.533907298868,cand_015
2022-12-01 13:00:00,-4.927351140426477,11644.606556158442,cand_003
2022-12-01 13:00:00,-6.33860308156985,11638.267953076873,cand_007
2022-12-01 13:00:00,-4.9171145309207684,11633.350838545952,cand_009
2022-12-01 13:00:00,-5.041388110265353,11628.309450435687,cand_011
2022-12-01 13:00:00,-5.040329678821357,11623.269120756866,cand_013
2022-12-01 13:00:00,-5.088797745296779,11618.18032301157,cand_014
2022-12-01 13:00:00,-4.732972646505004,11613.447350365064,cand_014
2022-12-01 13:00:00,-5.833912192009082,11607.613438173055,cand_015
2022-12-02 09:08:40,0.0,11607.613438173055,cand_003
2022-12-02 09:08:40,0.0,11607.613438173055,cand_009
2022-12-02 09:08:40,0.0,11607.613438173055,cand_011
2022-12-02 09:08:40,0.0,11607.613438173055,cand_013
2022-12-02 09:08:40,0.0,11607.613438173055,cand_014
2022-12-02 13:00:00,36.28103828749124,11643.894476460546,cand_003
2022-12-02 13:00:00,36.20566415424475,11680.10014061479,cand_009
2022-12-02 13:00:00,37.120714525494364,11717.220855140284,cand_011
2022-12-02 13:00:00,37.11292109030985,11754.333776230593,cand_013
2022-12-02 13:00:00,37.46980082658195,11791.803577057175,cand_014
2022-12-06 07:00:00,0.5104507579966491,11792.314027815171,cand_003
2022-12-06 07:00:00,0.5093902926608961,11792.823418107831,cand_009
2022-12-06 07:00:00,0.5222644599299877,11793.345682567762,cand_011
2022-12-06 07:00:00,0.5221548113343271,11793.867837379097,cand_013
2022-12-06 07:00:00,0.5271758785499405,11794.395013257646,cand_014
2022-12-06 08:22:20,0.0,11794.395013257646,cand_003
2022-12-06 08:22:20,0.0,11794.395013257646,cand_009
2022-12-06 08:22:20,0.0,11794.395013257646,cand_011
2022-12-06 08:22:20,0.0,11794.395013257646,cand_013
2022-12-06 08:22:20,0.0,11794.395013257646,cand_014
2022-12-06 13:00:00,-28.299990553637752,11766.095022704008,cand_003
2022-12-06 13:00:00,-28.24119710781733,11737.85382559619,cand_009
2022-12-06 13:00:00,-28.95495608729491,11708.898869508896,cand_011
2022-12-06 13:00:00,-28.948877040153135,11679.949992468742,cand_013
2022-12-06 13:00:00,-29.227250913724646,11650.722741555019,cand_014
2022-12-07 07:00:00,0.5104507579966491,11651.233192313015,cand_003
2022-12-07 07:00:00,0.6566499231364257,11651.88984223615,cand_007
2022-12-07 07:00:00,0.5093902926608961,11652.39923252881,cand_009
2022-12-07 07:00:00,0.5222644599299877,11652.921496988742,cand_011
2022-12-07 07:00:00,0.5221548113343271,11653.443651800077,cand_013
2022-12-07 07:00:00,0.5271758785499405,11653.970827678626,cand_014
2022-12-07 07:00:00,0.49031404625585057,11654.461141724882,cand_014
2022-12-07 07:00:00,0.604366284364134,11655.065508009246,cand_015
2022-12-07 08:12:20,0.0,11655.065508009246,cand_003
2022-12-07 08:12:20,0.0,11655.065508009246,cand_007
2022-12-07 08:12:20,0.0,11655.065508009246,cand_009
2022-12-07 08:12:20,0.0,11655.065508009246,cand_011
2022-12-07 08:12:20,0.0,11655.065508009246,cand_013
2022-12-07 08:12:20,0.0,11655.065508009246,cand_014
2022-12-07 08:12:20,0.0,11655.065508009246,cand_014
2022-12-07 08:12:20,0.0,11655.065508009246,cand_015
2022-12-07 13:00:00,-8.476485234262002,11646.589022774984,cand_003
2022-12-07 13:00:00,-10.904251370671352,11635.684771404312,cand_007
2022-12-07 13:00:00,-8.458875271657117,11627.225896132655,cand_009
2022-12-07 13:00:00,-8.672662178719738,11618.553233953935,cand_011
2022-12-07 13:00:00,-8.670841367040031,11609.882392586895,cand_013
2022-12-07 13:00:00,-8.75422061850872,11601.128171968387,cand_014
2022-12-07 13:00:00,-8.142097368119213,11592.986074600267,cand_014
2022-12-07 13:00:00,-10.036035416235002,11582.950039184032,cand_015
2022-12-08 07:00:00,0.5104507579966491,11583.460489942028,cand_003
2022-12-08 07:00:00,0.5093902926608961,11583.969880234688,cand_009
2022-12-08 07:00:00,0.5222644599299877,11584.49214469462,cand_011
2022-12-08 07:00:00,0.5221548113343271,11585.014299505954,cand_013
2022-12-08 07:00:00,0.5271758785499405,11585.541475384503,cand_014
2022-12-08 07:00:00,0.49031404625585057,11586.031789430759,cand_014
2022-12-08 07:00:00,0.604366284364134,11586.636155715123,cand_015
2022-12-12 07:00:00,0.5104507579966491,11587.14660647312,cand_003
2022-12-12 07:00:00,0.5093902926608961,11587.65599676578,cand_009
2022-12-12 07:00:00,0.5222644599299877,11588.17826122571,cand_011
2022-12-12 07:00:00,0.5221548113343271,11588.700416037045,cand_013
2022-12-12 07:00:00,0.5271758785499405,11589.227591915595,cand_014
2022-12-13 07:00:00,0.5104507579966491,11589.73804267359,cand_003
2022-12-13 07:00:00,0.5093902926608961,11590.247432966251,cand_009
2022-12-13 07:00:00,0.5222644599299877,11590.769697426182,cand_011
2022-12-13 07:00:00,0.5221548113343271,11591.291852237517,cand_013
2022-12-13 07:00:00,0.5271758785499405,11591.819028116066,cand_014
2022-12-13 07:00:00,0.49031404625585057,11592.309342162322,cand_014
2022-12-15 07:00:00,0.5104507579966491,11592.819792920318,cand_003
2022-12-15 07:00:00,0.6566499231364257,11593.476442843454,cand_007
2022-12-15 07:00:00,0.5093902926608961,11593.985833136114,cand_009
2022-12-15 07:00:00,0.5222644599299877,11594.508097596045,cand_011
2022-12-15 07:00:00,0.5221548113343271,11595.03025240738,cand_013
2022-12-15 07:00:00,0.5271758785499405,11595.557428285929,cand_014
2022-12-15 07:00:00,0.49031404625585057,11596.047742332184,cand_014
2022-12-15 07:00:00,0.604366284364134,11596.652108616549,cand_015
2022-12-15 07:06:40,0.0,11596.652108616549,cand_003
2022-12-15 07:06:40,0.0,11596.652108616549,cand_007
2022-12-15 07:06:40,0.0,11596.652108616549,cand_009
2022-12-15 07:06:40,0.0,11596.652108616549,cand_011
2022-12-15 07:06:40,0.0,11596.652108616549,cand_013
2022-12-15 07:06:40,0.0,11596.652108616549,cand_014
2022-12-15 07:06:40,0.0,11596.652108616549,cand_014
2022-12-15 07:06:40,0.0,11596.652108616549,cand_015
2022-12-15 13:00:00,38.418926168041914,11635.07103478459,cand_003
2022-12-15 13:00:00,49.42256333253275,11684.493598117124,cand_007
2022-12-15 13:00:00,38.339110556448034,11722.832708673572,cand_009
2022-12-15 13:00:00,39.30808096943643,11762.140789643008,cand_011
2022-12-15 13:00:00,39.29982830013362,11801.440617943143,cand_013
2022-12-15 13:00:00,39.67773744733229,11841.118355390476,cand_014
2022-12-15 13:00:00,36.903342481432986,11878.021697871909,cand_014
2022-12-15 13:00:00,45.48745063787703,11923.509148509786,cand_015
2022-12-16 07:00:00,0.5104507579966491,11924.019599267782,cand_003
2022-12-16 07:00:00,0.5093902926608961,11924.528989560442,cand_009
2022-12-16 07:00:00,0.5222644599299877,11925.051254020373,cand_011
2022-12-16 07:00:00,0.5221548113343271,11925.573408831708,cand_013
2022-12-16 07:00:00,0.5271758785499405,11926.100584710257,cand_014
2022-12-16 07:00:00,0.604366284364134,11926.704950994621,cand_015
2022-12-23 07:00:00,0.5104507579966491,11927.215401752617,cand_003
2022-12-23 07:00:00,0.5093902926608961,11927.724792045277,cand_009
2022-12-23 07:00:00,0.5222644599299877,11928.247056505208,cand_011
2022-12-23 07:00:00,0.5221548113343271,11928.769211316543,cand_013
2022-12-23 07:00:00,0.5271758785499405,11929.296387195092,cand_014
2022-12-27 07:00:00,0.5104507579966491,11929.806837953089,cand_003
2022-12-27 07:00:00,0.5093902926608961,11930.316228245749,cand_009
2022-12-27 07:00:00,0.5222644599299877,11930.83849270568,cand_011
2022-12-27 07:00:00,0.5221548113343271,11931.360647517015,cand_013
2022-12-27 07:00:00,0.5271758785499405,11931.887823395564,cand_014
2022-12-28 07:00:00,0.5104507579966491,11932.39827415356,cand_003
2022-12-28 07:00:00,0.6566499231364257,11933.054924076696,cand_007
2022-12-28 07:00:00,0.5093902926608961,11933.564314369356,cand_009
2022-12-28 07:00:00,0.5222644599299877,11934.086578829287,cand_011
2022-12-28 07:00:00,0.5221548113343271,11934.608733640622,cand_013
2022-12-28 07:00:00,0.5271758785499405,11935.135909519171,cand_014
2022-12-28 07:00:00,0.49031404625585057,11935.626223565427,cand_014
2022-12-28 07:00:00,0.604366284364134,11936.23058984979,cand_015
2022-12-30 09:48:40,0.0,11936.23058984979,cand_003
2022-12-30 09:48:40,0.0,11936.23058984979,cand_009
2022-12-30 09:48:40,0.0,11936.23058984979,cand_011
2022-12-30 09:48:40,0.0,11936.23058984979,cand_013
2022-12-30 09:48:40,0.0,11936.23058984979,cand_014
2022-12-30 09:48:40,0.0,11936.23058984979,cand_014
2022-12-30 09:48:40,0.0,11936.23058984979,cand_015
2022-12-30 13:00:00,15.661830315944245,11951.892420165736,cand_003
2022-12-30 13:00:00,15.629292744230789,11967.521712909966,cand_009
2022-12-30 13:00:00,16.0243024882048,11983.546015398171,cand_011
2022-12-30 13:00:00,16.020938211293235,11999.566953609465,cand_013
2022-12-30 13:00:00,16.174996367744058,12015.74194997721,cand_014
2022-12-30 13:00:00,15.043988619238332,12030.785938596448,cand_014
2022-12-30 13:00:00,18.543379642607782,12049.329318239055,cand_015
2023-01-04 09:11:40,0.0,12049.329318239055,cand_003
2023-01-04 09:11:40,0.0,12049.329318239055,cand_009
2023-01-04 09:11:40,0.0,12049.329318239055,cand_011
2023-01-04 09:11:40,0.0,12049.329318239055,cand_013
2023-01-04 09:11:40,0.0,12049.329318239055,cand_014
2023-01-04 09:11:40,0.0,12049.329318239055,cand_014
2023-01-04 13:00:00,-0.552487879243432,12048.776830359811,cand_003
2023-01-04 13:00:00,-0.5513400814682641,12048.225490278342,cand_009
2023-01-04 13:00:00,-0.5652744742771633,12047.660215804066,cand_011
2023-01-04 13:00:00,-0.565155795797154,12047.095060008269,cand_013
2023-01-04 13:00:00,-0.5705903626658181,12046.524469645603,cand_014
2023-01-04 13:00:00,-0.5306928500651559,12045.993776795538,cand_014
2023-01-05 07:00:00,0.5104507579966491,12046.504227553534,cand_003
2023-01-05 07:00:00,0.6566499231364257,12047.16087747667,cand_007
2023-01-05 07:00:00,0.5093902926608961,12047.67026776933,cand_009
2023-01-05 07:00:00,0.5222644599299877,12048.19253222926,cand_011
2023-01-05 07:00:00,0.5221548113343271,12048.714687040596,cand_013
2023-01-05 07:00:00,0.5271758785499405,12049.241862919145,cand_014
2023-01-05 07:00:00,0.49031404625585057,12049.7321769654,cand_014
2023-01-05 07:00:00,0.604366284364134,12050.336543249765,cand_015
2023-01-06 07:00:00,0.5104507579966491,12050.846994007761,cand_003
2023-01-06 07:00:00,0.5093902926608961,12051.356384300421,cand_009
2023-01-06 07:00:00,0.5222644599299877,12051.878648760352,cand_011
2023-01-06 07:00:00,0.5221548113343271,12052.400803571687,cand_013
2023-01-06 07:00:00,0.5271758785499405,12052.927979450236,cand_014
2023-01-06 07:45:40,0.0,12052.927979450236,cand_003
2023-01-06 07:45:40,0.0,12052.927979450236,cand_009
2023-01-06 07:45:40,0.0,12052.927979450236,cand_011
2023-01-06 07:45:40,0.0,12052.927979450236,cand_013
2023-01-06 07:45:40,0.0,12052.927979450236,cand_014
2023-01-06 13:00:00,12.73724773777521,12065.665227188012,cand_003
2023-01-06 13:00:00,12.71078600863248,12078.376013196645,cand_009
2023-01-06 13:00:00,13.032034347194166,12091.408047543839,cand_011
2023-01-06 13:00:00,13.029298292236563,12104.437345836075,cand_013
2023-01-06 13:00:00,13.15458868711087,12117.591934523187,cand_014
2023-01-11 07:00:00,0.5104507579966491,12118.102385281183,cand_003
2023-01-11 07:00:00,0.6566499231364257,12118.759035204319,cand_007
2023-01-11 07:00:00,0.5093902926608961,12119.268425496979,cand_009
2023-01-11 07:00:00,0.5222644599299877,12119.79068995691,cand_011
2023-01-11 07:00:00,0.5221548113343271,12120.312844768245,cand_013
2023-01-11 07:00:00,0.5271758785499405,12120.840020646794,cand_014
2023-01-11 07:00:00,0.49031404625585057,12121.33033469305,cand_014
2023-01-11 07:00:00,0.604366284364134,12121.934700977414,cand_015
2023-01-13 08:55:40,0.0,12121.934700977414,cand_003
2023-01-13 08:55:40,0.0,12121.934700977414,cand_009
2023-01-13 08:55:40,0.0,12121.934700977414,cand_011
2023-01-13 08:55:40,0.0,12121.934700977414,cand_013
2023-01-13 08:55:40,0.0,12121.934700977414,cand_014
2023-01-13 13:00:00,4.771213261509856,12126.705914238924,cand_003
2023-01-13 13:00:00,4.761301029636259,12131.46721526856,cand_009
2023-01-13 13:00:00,4.881636628404415,12136.348851896964,cand_011
2023-01-13 13:00:00,4.880611736530858,12141.229463633495,cand_013
2023-01-13 13:00:00,4.927543947152092,12146.157007580647,cand_014
2023-01-19 07:36:40,0.0,12146.157007580647,cand_003
2023-01-19 07:36:40,0.0,12146.157007580647,cand_007
2023-01-19 07:36:40,0.0,12146.157007580647,cand_009
2023-01-19 07:36:40,0.0,12146.157007580647,cand_011
2023-01-19 07:36:40,0.0,12146.157007580647,cand_013
2023-01-19 07:36:40,0.0,12146.157007580647,cand_014
2023-01-19 07:36:40,0.0,12146.157007580647,cand_014
2023-01-19 07:36:40,0.0,12146.157007580647,cand_015
2023-01-19 13:00:00,-35.509356847461014,12110.647650733186,cand_003
2023-01-19 13:00:00,-45.679658770655124,12064.96799196253,cand_007
2023-01-19 13:00:00,-35.43558588828093,12029.53240607425,cand_009
2023-01-19 13:00:00,-36.331173547835505,11993.201232526415,cand_011
2023-01-19 13:00:00,-36.323545875527955,11956.877686650887,cand_013
2023-01-19 13:00:00,-36.672834939597635,11920.204851711289,cand_014
2023-01-19 13:00:00,-34.10855241777464,11886.096299293515,cand_014
2023-01-19 13:00:00,-42.04256281700147,11844.053736476513,cand_015
2023-01-20 07:00:00,0.5104507579966491,11844.56418723451,cand_003
2023-01-20 07:00:00,0.5093902926608961,11845.07357752717,cand_009
2023-01-20 07:00:00,0.5222644599299877,11845.5958419871,cand_011
2023-01-20 07:00:00,0.5221548113343271,11846.117996798435,cand_013
2023-01-20 07:00:00,0.5271758785499405,11846.645172676985,cand_014
2023-01-20 07:00:00,0.604366284364134,11847.249538961349,cand_015
2023-01-20 07:20:40,0.0,11847.249538961349,cand_003
2023-01-20 07:20:40,0.0,11847.249538961349,cand_009
2023-01-20 07:20:40,0.0,11847.249538961349,cand_011
2023-01-20 07:20:40,0.0,11847.249538961349,cand_013
2023-01-20 07:20:40,0.0,11847.249538961349,cand_014
2023-01-20 07:20:40,0.0,11847.249538961349,cand_015
2023-01-20 13:00:00,18.715526909371256,11865.96506587072,cand_003
2023-01-20 13:00:00,18.676645259737445,11884.641711130456,cand_009
2023-01-20 13:00:00,19.148672816138905,11903.790383946594,cand_011
2023-01-20 13:00:00,19.14465258262859,11922.935036529223,cand_013
2023-01-20 13:00:00,19.328748535304584,11942.263785064528,cand_014
2023-01-20 13:00:00,22.158912061421454,11964.422697125949,cand_015
2023-01-23 07:00:00,0.5104507579966491,11964.933147883945,cand_003
2023-01-23 07:00:00,0.5093902926608961,11965.442538176605,cand_009
2023-01-23 07:00:00,0.5222644599299877,11965.964802636536,cand_011
2023-01-23 07:00:00,0.5221548113343271,11966.48695744787,cand_013
2023-01-23 07:00:00,0.5271758785499405,11967.01413332642,cand_014
2023-01-23 07:00:00,0.604366284364134,11967.618499610784,cand_015
2023-01-23 07:54:40,0.0,11967.618499610784,cand_003
2023-01-23 07:54:40,0.0,11967.618499610784,cand_009
2023-01-23 07:54:40,0.0,11967.618499610784,cand_011
2023-01-23 07:54:40,0.0,11967.618499610784,cand_013
2023-01-23 07:54:40,0.0,11967.618499610784,cand_014
2023-01-23 07:54:40,0.0,11967.618499610784,cand_015
2023-01-23 13:00:00,7.296443187834456,11974.914942798618,cand_003
2023-01-23 13:00:00,7.281284771564574,11982.196227570183,cand_009
2023-01-23 13:00:00,7.465309633116885,11989.6615372033,cand_011
2023-01-23 13:00:00,7.463742303190676,11997.12527950649,cand_013
2023-01-23 13:00:00,7.535514028684445,12004.660793535175,cand_014
2023-01-23 13:00:00,8.638882770616739,12013.29967630579,cand_015
2023-01-24 07:00:00,0.5104507579966491,12013.810127063787,cand_003
2023-01-24 07:00:00,0.5093902926608961,12014.319517356447,cand_009
2023-01-24 07:00:00,0.5222644599299877,12014.841781816378,cand_011
2023-01-24 07:00:00,0.5221548113343271,12015.363936627713,cand_013
2023-01-24 07:00:00,0.5271758785499405,12015.891112506262,cand_014
2023-01-25 07:00:00,0.5104507579966491,12016.401563264259,cand_003
2023-01-25 07:00:00,0.5093902926608961,12016.910953556919,cand_009
2023-01-25 07:00:00,0.5222644599299877,12017.43321801685,cand_011
2023-01-25 07:00:00,0.5221548113343271,12017.955372828184,cand_013
2023-01-25 07:00:00,0.5271758785499405,12018.482548706734,cand_014
2023-01-25 07:00:00,0.604366284364134,12019.086914991098,cand_015
2023-01-27 07:00:00,0.5104507579966491,12019.597365749094,cand_003
2023-01-27 07:00:00,0.5093902926608961,12020.106756041754,cand_009
2023-01-27 07:00:00,0.5222644599299877,12020.629020501685,cand_011
2023-01-27 07:00:00,0.5221548113343271,12021.15117531302,cand_013
2023-01-27 07:00:00,0.5271758785499405,12021.67835119157,cand_014
2023-01-27 07:00:00,0.604366284364134,12022.282717475933,cand_015
2023-01-31 07:00:00,0.5104507579966491,12022.79316823393,cand_003
2023-01-31 07:00:00,0.5093902926608961,12023.30255852659,cand_009
2023-01-31 07:00:00,0.5222644599299877,12023.82482298652,cand_011
2023-01-31 07:00:00,0.5221548113343271,12024.346977797855,cand_013
2023-01-31 07:00:00,0.5271758785499405,12024.874153676405,cand_014
2023-02-01 07:00:00,0.5104507579966491,12025.3846044344,cand_003
2023-02-01 07:00:00,0.5093902926608961,12025.893994727061,cand_009
2023-02-01 07:00:00,0.5222644599299877,12026.416259186992,cand_011
2023-02-01 07:00:00,0.5221548113343271,12026.938413998327,cand_013
2023-02-01 07:00:00,0.5271758785499405,12027.465589876876,cand_014
2023-02-01 07:00:00,0.49031404625585057,12027.955903923132,cand_014
2023-02-01 09:22:40,0.0,12027.955903923132,cand_003
2023-02-01 09:22:40,0.0,12027.955903923132,cand_009
2023-02-01 09:22:40,0.0,12027.955903923132,cand_011
2023-02-01 09:22:40,0.0,12027.955903923132,cand_013
2023-02-01 09:22:40,0.0,12027.955903923132,cand_014
2023-02-01 09:22:40,0.0,12027.955903923132,cand_014
2023-02-01 13:00:00,-26.597487143143045,12001.358416779989,cand_003
2023-02-01 13:00:00,-26.54223066111893,11974.816186118871,cand_009
2023-02-01 13:00:00,-27.213050506234303,11947.603135612637,cand_011
2023-02-01 13:00:00,-27.207337169408643,11920.395798443229,cand_013
2023-02-01 13:00:00,-27.46896430703161,11892.926834136197,cand_014
2023-02-01 13:00:00,-25.548246010201908,11867.378588125996,cand_014
2023-02-06 07:00:00,0.5104507579966491,11867.889038883992,cand_003
2023-02-06 07:00:00,0.5093902926608961,11868.398429176652,cand_009
2023-02-06 07:00:00,0.5222644599299877,11868.920693636583,cand_011
2023-02-06 07:00:00,0.5221548113343271,11869.442848447918,cand_013
2023-02-06 07:00:00,0.5271758785499405,11869.970024326467,cand_014
2023-02-07 07:00:00,0.5104507579966491,11870.480475084463,cand_003
2023-02-07 07:00:00,0.5093902926608961,11870.989865377123,cand_009
2023-02-07 07:00:00,0.5222644599299877,11871.512129837054,cand_011
2023-02-07 07:00:00,0.5221548113343271,11872.034284648389,cand_013
2023-02-07 07:00:00,0.5271758785499405,11872.561460526938,cand_014
2023-02-07 07:00:00,0.49031404625585057,11873.051774573194,cand_014
2023-02-07 07:00:00,0.604366284364134,11873.656140857558,cand_015
2023-02-09 07:00:00,0.5104507579966491,11874.166591615554,cand_003
2023-02-09 07:00:00,0.5093902926608961,11874.675981908214,cand_009
2023-02-09 07:00:00,0.5222644599299877,11875.198246368145,cand_011
2023-02-09 07:00:00,0.5221548113343271,11875.72040117948,cand_013
2023-02-09 07:00:00,0.5271758785499405,11876.24757705803,cand_014
2023-02-09 07:00:00,0.49031404625585057,11876.737891104285,cand_014
2023-02-10 07:00:00,0.5104507579966491,11877.248341862281,cand_003
2023-02-10 07:00:00,0.5093902926608961,11877.757732154942,cand_009
2023-02-10 07:00:00,0.5222644599299877,11878.279996614872,cand_011
2023-02-10 07:00:00,0.5221548113343271,11878.802151426207,cand_013
2023-02-10 07:00:00,0.5271758785499405,11879.329327304757,cand_014
2023-02-10 07:00:00,0.49031404625585057,11879.819641351012,cand_014
2023-02-10 07:00:00,0.604366284364134,11880.424007635376,cand_015
2023-02-13 07:00:00,0.5104507579966491,11880.934458393373,cand_003
2023-02-13 07:00:00,0.6566499231364257,11881.591108316508,cand_007
2023-02-13 07:00:00,0.5093902926608961,11882.100498609168,cand_009
2023-02-13 07:00:00,0.5222644599299877,11882.6227630691,cand_011
2023-02-13 07:00:00,0.5221548113343271,11883.144917880434,cand_013
2023-02-13 07:00:00,0.5271758785499405,11883.672093758983,cand_014
2023-02-13 07:00:00,0.49031404625585057,11884.16240780524,cand_014
2023-02-13 07:00:00,0.604366284364134,11884.766774089603,cand_015
2023-02-13 08:14:20,0.0,11884.766774089603,cand_003
2023-02-13 08:14:20,0.0,11884.766774089603,cand_007
2023-02-13 08:14:20,0.0,11884.766774089603,cand_009
2023-02-13 08:14:20,0.0,11884.766774089603,cand_011
2023-02-13 08:14:20,0.0,11884.766774089603,cand_013
2023-02-13 08:14:20,0.0,11884.766774089603,cand_014
2023-02-13 08:14:20,0.0,11884.766774089603,cand_014
2023-02-13 08:14:20,0.0,11884.766774089603,cand_015
2023-02-13 13:00:00,11.641279933841227,11896.408054023444,cand_003
2023-02-13 13:00:00,14.975480894117192,11911.383534917562,cand_007
2023-02-13 13:00:00,11.617095086154674,11923.000630003717,cand_009
2023-02-13 13:00:00,11.910701830285664,11934.911331834002,cand_011
2023-02-13 13:00:00,11.908201197312861,11946.819533031316,cand_013
2023-02-13 13:00:00,12.022711065518351,11958.842244096833,cand_014
2023-02-13 13:00:00,11.182044454905487,11970.024288551738,cand_014
2023-02-13 13:00:00,13.783106379292635,11983.807394931031,cand_015
2023-02-15 07:00:00,0.5104507579966491,11984.317845689027,cand_003
2023-02-15 07:00:00,0.6566499231364257,11984.974495612163,cand_007
2023-02-15 07:00:00,0.5093902926608961,11985.483885904823,cand_009
2023-02-15 07:00:00,0.5222644599299877,11986.006150364754,cand_011
2023-02-15 07:00:00,0.5221548113343271,11986.528305176089,cand_013
2023-02-15 07:00:00,0.5271758785499405,11987.055481054638,cand_014
2023-02-15 07:00:00,0.49031404625585057,11987.545795100894,cand_014
2023-02-15 07:00:00,0.604366284364134,11988.150161385258,cand_015
2023-02-15 08:44:40,0.0,11988.150161385258,cand_003
2023-02-15 08:44:40,0.0,11988.150161385258,cand_007
2023-02-15 08:44:40,0.0,11988.150161385258,cand_009
2023-02-15 08:44:40,0.0,11988.150161385258,cand_011
2023-02-15 08:44:40,0.0,11988.150161385258,cand_013
2023-02-15 08:44:40,0.0,11988.150161385258,cand_014
2023-02-15 08:44:40,0.0,11988.150161385258,cand_014
2023-02-15 08:44:40,0.0,11988.150161385258,cand_015
2023-02-15 13:00:00,3.377982957330766,11991.528144342588,cand_003
2023-02-15 13:00:00,4.345477432520464,11995.873621775108,cand_007
2023-02-15 13:00:00,3.3709651720206364,11999.244586947128,cand_009
2023-02-15 13:00:00,3.4561618671837424,12002.700748814312,cand_011
2023-02-15 13:00:00,3.4554362514771646,12006.156185065789,cand_013
2023-02-15 13:00:00,3.4886639021687245,12009.644848967957,cand_014
2023-02-15 13:00:00,3.2447253061048933,12012.889574274062,cand_014
2023-02-15 13:00:00,3.999482764174416,12016.889057038237,cand_015
2023-02-16 07:00:00,0.5104507579966491,12017.399507796234,cand_003
2023-02-16 07:00:00,0.6566499231364257,12018.05615771937,cand_007
2023-02-16 07:00:00,0.5093902926608961,12018.56554801203,cand_009
2023-02-16 07:00:00,0.5222644599299877,12019.08781247196,cand_011
2023-02-16 07:00:00,0.5221548113343271,12019.609967283295,cand_013
2023-02-16 07:00:00,0.5271758785499405,12020.137143161845,cand_014
2023-02-16 07:00:00,0.49031404625585057,12020.6274572081,cand_014
2023-02-16 07:00:00,0.604366284364134,12021.231823492464,cand_015
2023-02-17 07:00:00,0.5104507579966491,12021.74227425046,cand_003
2023-02-17 07:00:00,0.6566499231364257,12022.398924173596,cand_007
2023-02-17 07:00:00,0.5093902926608961,12022.908314466256,cand_009
2023-02-17 07:00:00,0.5222644599299877,12023.430578926187,cand_011
2023-02-17 07:00:00,0.5221548113343271,12023.952733737522,cand_013
2023-02-17 07:00:00,0.5271758785499405,12024.479909616071,cand_014
2023-02-17 07:00:00,0.49031404625585057,12024.970223662327,cand_014
2023-02-17 07:00:00,0.604366284364134,12025.574589946691,cand_015
2023-02-21 07:00:00,0.5104507579966491,12026.085040704687,cand_003
2023-02-21 07:00:00,0.5093902926608961,12026.594430997347,cand_009
2023-02-21 07:00:00,0.5222644599299877,12027.116695457278,cand_011
2023-02-21 07:00:00,0.5221548113343271,12027.638850268613,cand_013
2023-02-21 07:00:00,0.5271758785499405,12028.166026147162,cand_014
2023-02-21 07:00:00,0.49031404625585057,12028.656340193418,cand_014
2023-02-21 09:04:40,0.0,12028.656340193418,cand_003
2023-02-21 09:04:40,0.0,12028.656340193418,cand_009
2023-02-21 09:04:40,0.0,12028.656340193418,cand_011
2023-02-21 09:04:40,0.0,12028.656340193418,cand_013
2023-02-21 09:04:40,0.0,12028.656340193418,cand_014
2023-02-21 09:04:40,0.0,12028.656340193418,cand_014
2023-02-21 13:00:00,1.0689439402753358,12029.725284133694,cand_003
2023-02-21 13:00:00,1.0667232011016414,12030.792007334796,cand_009
2023-02-21 13:00:00,1.0936832219710333,12031.885690556766,cand_011
2023-02-21 13:00:00,1.093453604911885,12032.979144161678,cand_013
2023-02-21 13:00:00,1.1039683103751696,12034.083112472053,cand_014
2023-02-21 13:00:00,1.0267752968651929,12035.109887768918,cand_014
2023-02-22 07:00:00,0.5104507579966491,12035.620338526915,cand_003
2023-02-22 07:00:00,0.5093902926608961,12036.129728819575,cand_009
2023-02-22 07:00:00,0.5222644599299877,12036.651993279505,cand_011
2023-02-22 07:00:00,0.5221548113343271,12037.17414809084,cand_013
2023-02-22 07:00:00,0.5271758785499405,12037.70132396939,cand_014
2023-02-22 07:00:00,0.49031404625585057,12038.191638015645,cand_014
2023-02-22 07:00:00,0.604366284364134,12038.79600430001,cand_015
2023-02-23 07:00:00,0.5104507579966491,12039.306455058006,cand_003
2023-02-23 07:00:00,0.5093902926608961,12039.815845350666,cand_009
2023-02-23 07:00:00,0.5222644599299877,12040.338109810597,cand_011
2023-02-23 07:00:00,0.5221548113343271,12040.860264621931,cand_013
2023-02-23 07:00:00,0.5271758785499405,12041.38744050048,cand_014
2023-02-23 07:00:00,0.49031404625585057,12041.877754546736,cand_014
2023-02-27 07:00:00,0.5104507579966491,12042.388205304733,cand_003
2023-02-27 07:00:00,0.5093902926608961,12042.897595597393,cand_009
2023-02-27 07:00:00,0.5222644599299877,12043.419860057324,cand_011
2023-02-27 07:00:00,0.5221548113343271,12043.942014868659,cand_013
2023-02-27 07:00:00,0.5271758785499405,12044.469190747208,cand_014
2023-03-01 07:00:00,0.5104507579966491,12044.979641505204,cand_003
2023-03-01 07:00:00,0.5093902926608961,12045.489031797864,cand_009
2023-03-01 07:00:00,0.5222644599299877,12046.011296257795,cand_011
2023-03-01 07:00:00,0.5221548113343271,12046.53345106913,cand_013
2023-03-01 07:00:00,0.5271758785499405,12047.06062694768,cand_014
2023-03-01 07:00:00,0.604366284364134,12047.664993232043,cand_015
2023-03-02 07:00:00,0.5104507579966491,12048.17544399004,cand_003
2023-03-02 07:00:00,0.6566499231364257,12048.832093913175,cand_007
2023-03-02 07:00:00,0.5093902926608961,12049.341484205836,cand_009
2023-03-02 07:00:00,0.5222644599299877,12049.863748665766,cand_011
2023-03-02 07:00:00,0.5221548113343271,12050.385903477101,cand_013
2023-03-02 07:00:00,0.5271758785499405,12050.91307935565,cand_014
2023-03-02 07:00:00,0.49031404625585057,12051.403393401906,cand_014
2023-03-02 07:00:00,0.604366284364134,12052.00775968627,cand_015
2023-03-02 07:38:40,0.0,12052.00775968627,cand_003
2023-03-02 07:38:40,0.0,12052.00775968627,cand_007
2023-03-02 07:38:40,0.0,12052.00775968627,cand_009
2023-03-02 07:38:40,0.0,12052.00775968627,cand_011
2023-03-02 07:38:40,0.0,12052.00775968627,cand_013
2023-03-02 07:38:40,0.0,12052.00775968627,cand_014
2023-03-02 07:38:40,0.0,12052.00775968627,cand_014
2023-03-02 07:38:40,0.0,12052.00775968627,cand_015
2023-03-02 13:00:00,5.533886746987202,12057.541646433257,cand_003
2023-03-02 13:00:00,7.118857696120191,12064.660504129377,cand_007
2023-03-02 13:00:00,5.522390055141362,12070.182894184518,cand_009
2023-03-02 13:00:00,5.661961174417455,12075.844855358935,cand_011
2023-03-02 13:00:00,5.660772454642146,12081.505627813578,cand_013
2023-03-02 13:00:00,5.715206730397297,12087.220834543976,cand_014
2023-03-02 13:00:00,5.3155811014678385,12092.536415645443,cand_014
2023-03-02 13:00:00,6.552041541665289,12099.088457187108,cand_015
2023-03-03 07:00:00,0.5104507579966491,12099.598907945105,cand_003
2023-03-03 07:00:00,0.5093902926608961,12100.108298237765,cand_009
2023-03-03 07:00:00,0.5222644599299877,12100.630562697695,cand_011
2023-03-03 07:00:00,0.5221548113343271,12101.15271750903,cand_013
2023-03-03 07:00:00,0.5271758785499405,12101.67989338758,cand_014
2023-03-07 09:29:40,0.0,12101.67989338758,cand_003
2023-03-07 09:29:40,0.0,12101.67989338758,cand_009
2023-03-07 09:29:40,0.0,12101.67989338758,cand_011
2023-03-07 09:29:40,0.0,12101.67989338758,cand_013
2023-03-07 09:29:40,0.0,12101.67989338758,cand_014
2023-03-07 13:00:00,-13.953321602414285,12087.726571785166,cand_003
2023-03-07 13:00:00,-13.924333470559908,12073.802238314605,cand_009
2023-03-07 13:00:00,-14.276252619380312,12059.525985695225,cand_011
2023-03-07 13:00:00,-14.27325534276834,12045.252730352457,cand_013
2023-03-07 13:00:00,-14.41050769189161,12030.842222660565,cand_014
2023-03-08 07:00:00,0.5104507579966491,12031.352673418562,cand_003
2023-03-08 07:00:00,0.6566499231364257,12032.009323341697,cand_007
2023-03-08 07:00:00,0.5093902926608961,12032.518713634357,cand_009
2023-03-08 07:00:00,0.5222644599299877,12033.040978094288,cand_011
2023-03-08 07:00:00,0.5221548113343271,12033.563132905623,cand_013
2023-03-08 07:00:00,0.5271758785499405,12034.090308784173,cand_014
2023-03-08 07:00:00,0.49031404625585057,12034.580622830428,cand_014
2023-03-08 07:00:00,0.604366284364134,12035.184989114792,cand_015
2023-03-09 08:47:40,0.0,12035.184989114792,cand_003
2023-03-09 08:47:40,0.0,12035.184989114792,cand_009
2023-03-09 08:47:40,0.0,12035.184989114792,cand_011
2023-03-09 08:47:40,0.0,12035.184989114792,cand_013
2023-03-09 08:47:40,0.0,12035.184989114792,cand_014
2023-03-09 08:47:40,0.0,12035.184989114792,cand_014
2023-03-09 13:00:00,20.68826895645243,12055.873258071244,cand_003
2023-03-09 13:00:00,20.645288920197498,12076.518546991441,cand_009
2023-03-09 13:00:00,21.16707134657421,12097.685618338015,cand_011
2023-03-09 13:00:00,21.16262735349126,12118.848245691506,cand_013
2023-03-09 13:00:00,21.366128254171123,12140.214373945677,cand_014
2023-03-09 13:00:00,19.872139874722414,12160.086513820399,cand_014
2023-03-10 07:00:00,0.5104507579966491,12160.596964578395,cand_003
2023-03-10 07:00:00,0.5093902926608961,12161.106354871055,cand_009
2023-03-10 07:00:00,0.5222644599299877,12161.628619330986,cand_011
2023-03-10 07:00:00,0.5221548113343271,12162.150774142321,cand_013
2023-03-10 07:00:00,0.5271758785499405,12162.67795002087,cand_014
2023-03-10 07:00:00,0.49031404625585057,12163.168264067126,cand_014
2023-03-10 07:00:00,0.604366284364134,12163.77263035149,cand_015
2023-03-15 07:00:00,0.5104507579966491,12164.283081109486,cand_003
2023-03-15 07:00:00,0.5093902926608961,12164.792471402146,cand_009
2023-03-15 07:00:00,0.5222644599299877,12165.314735862077,cand_011
2023-03-15 07:00:00,0.5221548113343271,12165.836890673412,cand_013
2023-03-15 07:00:00,0.5271758785499405,12166.364066551962,cand_014
2023-03-15 07:00:00,0.49031404625585057,12166.854380598217,cand_014
2023-03-15 09:10:40,0.0,12166.854380598217,cand_003
2023-03-15 09:10:40,0.0,12166.854380598217,cand_009
2023-03-15 09:10:40,0.0,12166.854380598217,cand_011
2023-03-15 09:10:40,0.0,12166.854380598217,cand_013
2023-03-15 09:10:40,0.0,12166.854380598217,cand_014
2023-03-15 09:10:40,0.0,12166.854380598217,cand_014
2023-03-15 13:00:00,-23.582825019445192,12143.271555578773,cand_003
2023-03-15 13:00:00,-23.533831520933404,12119.737724057839,cand_009
2023-03-15 13:00:00,-24.128618048765436,12095.609106009073,cand_011
2023-03-15 13:00:00,-24.123552283645914,12071.485553725428,cand_013
2023-03-15 13:00:00,-24.355525589007257,12047.13002813642,cand_014
2023-03-15 13:00:00,-22.652508937020297,12024.4775191994,cand_014
2023-03-17 08:33:40,0.0,12024.4775191994,cand_003
2023-03-17 08:33:40,0.0,12024.4775191994,cand_007
2023-03-17 08:33:40,0.0,12024.4775191994,cand_009
2023-03-17 08:33:40,0.0,12024.4775191994,cand_011
2023-03-17 08:33:40,0.0,12024.4775191994,cand_013
2023-03-17 08:33:40,0.0,12024.4775191994,cand_014
2023-03-17 08:33:40,0.0,12024.4775191994,cand_014
2023-03-17 08:33:40,0.0,12024.4775191994,cand_015
2023-03-17 13:00:00,-11.18487690316187,12013.292642296237,cand_003
2023-03-17 13:00:00,-14.388358609901092,11998.904283686335,cand_007
2023-03-17 13:00:00,-11.161640236246107,11987.742643450089,cand_009
2023-03-17 13:00:00,-11.443735960230615,11976.298907489858,cand_011
2023-03-17 13:00:00,-11.441333366002167,11964.857574123856,cand_013
2023-03-17 13:00:00,-11.551353809403109,11953.306220314453,cand_014
2023-03-17 13:00:00,-10.743646013547314,11942.562574300906,cand_014
2023-03-17 13:00:00,-13.24273181915529,11929.319842481751,cand_015
2023-03-20 09:28:40,0.0,11929.319842481751,cand_003
2023-03-20 09:28:40,0.0,11929.319842481751,cand_009
2023-03-20 09:28:40,0.0,11929.319842481751,cand_011
2023-03-20 09:28:40,0.0,11929.319842481751,cand_013
2023-03-20 09:28:40,0.0,11929.319842481751,cand_014
2023-03-20 09:28:40,0.0,11929.319842481751,cand_014
2023-03-20 09:28:40,0.0,11929.319842481751,cand_015
2023-03-20 13:00:00,12.629152283140625,11941.94899476489,cand_003
2023-03-20 13:00:00,12.60291512312782,11954.55190988802,cand_009
2023-03-20 13:00:00,12.921437167444287,11967.473347055464,cand_011
2023-03-20 13:00:00,12.918724332189294,11980.392071387652,cand_013
2023-03-20 13:00:00,13.042951442241472,11993.435022829894,cand_014
2023-03-20 13:00:00,12.130946344424162,12005.565969174319,cand_014
2023-03-20 13:00:00,14.952732894326752,12020.518702068644,cand_015
2023-03-22 07:00:00,0.5104507579966491,12021.02915282664,cand_003
2023-03-22 07:00:00,0.5093902926608961,12021.5385431193,cand_009
2023-03-22 07:00:00,0.5222644599299877,12022.060807579232,cand_011
2023-03-22 07:00:00,0.5221548113343271,12022.582962390567,cand_013
2023-03-22 07:00:00,0.5271758785499405,12023.110138269116,cand_014
2023-03-29 07:00:00,0.5104507579966491,12023.620589027112,cand_003
2023-03-29 07:00:00,0.6566499231364257,12024.277238950248,cand_007
2023-03-29 07:00:00,0.5093902926608961,12024.786629242908,cand_009
2023-03-29 07:00:00,0.5222644599299877,12025.308893702839,cand_011
2023-03-29 07:00:00,0.5221548113343271,12025.831048514174,cand_013
2023-03-29 07:00:00,0.5271758785499405,12026.358224392723,cand_014
2023-03-29 07:00:00,0.49031404625585057,12026.848538438979,cand_014
2023-03-29 07:00:00,0.604366284364134,12027.452904723343,cand_015
2023-03-29 08:58:40,0.0,12027.452904723343,cand_003
2023-03-29 08:58:40,0.0,12027.452904723343,cand_007
2023-03-29 08:58:40,0.0,12027.452904723343,cand_009
2023-03-29 08:58:40,0.0,12027.452904723343,cand_011
2023-03-29 08:58:40,0.0,12027.452904723343,cand_013
2023-03-29 08:58:40,0.0,12027.452904723343,cand_014
2023-03-29 08:58:40,0.0,12027.452904723343,cand_014
2023-03-29 08:58:40,0.0,12027.452904723343,cand_015
2023-03-29 13:00:00,-12.908398874279968,12014.544505849062,cand_003
2023-03-29 13:00:00,-16.605517762138202,11997.938988086924,cand_007
2023-03-29 13:00:00,-12.881581577348191,11985.057406509575,cand_009
2023-03-29 13:00:00,-13.20714654846481,11971.850259961111,cand_011
2023-03-29 13:00:00,-13.204373728978073,11958.645886232132,cand_013
2023-03-29 13:00:00,-13.331347658154085,11945.314538573979,cand_014
2023-03-29 13:00:00,-12.399176969728833,11932.91536160425,cand_014
2023-03-29 13:00:00,-15.283356802831838,11917.632004801417,cand_015
2023-03-30 07:00:00,0.5104507579966491,11918.142455559413,cand_003
2023-03-30 07:00:00,0.5093902926608961,11918.651845852073,cand_009
2023-03-30 07:00:00,0.5222644599299877,11919.174110312004,cand_011
2023-03-30 07:00:00,0.5221548113343271,11919.696265123339,cand_013
2023-03-30 07:00:00,0.5271758785499405,11920.223441001888,cand_014
2023-03-31 07:00:00,0.5104507579966491,11920.733891759885,cand_003
2023-03-31 07:00:00,0.5093902926608961,11921.243282052545,cand_009
2023-03-31 07:00:00,0.5222644599299877,11921.765546512475,cand_011
2023-03-31 07:00:00,0.5221548113343271,11922.28770132381,cand_013
2023-03-31 07:00:00,0.5271758785499405,11922.81487720236,cand_014
2023-03-31 07:00:00,0.49031404625585057,11923.305191248615,cand_014
2023-04-03 07:00:00,0.5104507579966491,11923.815642006612,cand_003
2023-04-03 07:00:00,0.5093902926608961,11924.325032299272,cand_009
2023-04-03 07:00:00,0.5222644599299877,11924.847296759202,cand_011
2023-04-03 07:00:00,0.5221548113343271,11925.369451570537,cand_013
2023-04-03 07:00:00,0.5271758785499405,11925.896627449087,cand_014
2023-04-03 07:00:00,0.49031404625585057,11926.386941495342,cand_014
2023-04-03 08:15:40,0.0,11926.386941495342,cand_003
2023-04-03 08:15:40,0.0,11926.386941495342,cand_009
2023-04-03 08:15:40,0.0,11926.386941495342,cand_011
2023-04-03 08:15:40,0.0,11926.386941495342,cand_013
2023-04-03 08:15:40,0.0,11926.386941495342,cand_014
2023-04-03 08:15:40,0.0,11926.386941495342,cand_014
2023-04-03 13:00:00,-10.806542811940824,11915.580398683402,cand_003
2023-04-03 13:00:00,-10.784092136979796,11904.796306546421,cand_009
2023-04-03 13:00:00,-11.056645831106035,11893.739660715315,cand_011
2023-04-03 13:00:00,-11.054324505836725,11882.685336209479,cand_013
2023-04-03 13:00:00,-11.160623452360213,11871.524712757118,cand_014
2023-04-03 13:00:00,-10.380236779263566,11861.144475977855,cand_014
2023-04-04 07:00:00,0.5104507579966491,11861.654926735851,cand_003
2023-04-04 07:00:00,0.6566499231364257,11862.311576658987,cand_007
2023-04-04 07:00:00,0.5093902926608961,11862.820966951647,cand_009
2023-04-04 07:00:00,0.5222644599299877,11863.343231411578,cand_011
2023-04-04 07:00:00,0.5221548113343271,11863.865386222913,cand_013
2023-04-04 07:00:00,0.5271758785499405,11864.392562101462,cand_014
2023-04-04 07:00:00,0.49031404625585057,11864.882876147718,cand_014
2023-04-04 07:00:00,0.604366284364134,11865.487242432082,cand_015
2023-04-07 07:00:00,0.5104507579966491,11865.997693190078,cand_003
2023-04-07 07:00:00,0.6566499231364257,11866.654343113214,cand_007
2023-04-07 07:00:00,0.5093902926608961,11867.163733405874,cand_009
2023-04-07 07:00:00,0.5222644599299877,11867.685997865805,cand_011
2023-04-07 07:00:00,0.5221548113343271,11868.20815267714,cand_013
2023-04-07 07:00:00,0.5271758785499405,11868.73532855569,cand_014
2023-04-07 07:00:00,0.49031404625585057,11869.225642601945,cand_014
2023-04-07 07:00:00,0.604366284364134,11869.830008886309,cand_015
2023-04-10 07:00:00,0.5104507579966491,11870.340459644305,cand_003
2023-04-10 07:00:00,0.6566499231364257,11870.997109567441,cand_007
2023-04-10 07:00:00,0.5093902926608961,11871.506499860101,cand_009
2023-04-10 07:00:00,0.5222644599299877,11872.028764320032,cand_011
2023-04-10 07:00:00,0.5221548113343271,11872.550919131367,cand_013
2023-04-10 07:00:00,0.5271758785499405,11873.078095009916,cand_014
2023-04-10 07:00:00,0.49031404625585057,11873.568409056172,cand_014
2023-04-10 07:00:00,0.604366284364134,11874.172775340536,cand_015
2023-04-11 07:00:00,0.5104507579966491,11874.683226098532,cand_003
2023-04-11 07:00:00,0.5093902926608961,11875.192616391192,cand_009
2023-04-11 07:00:00,0.5222644599299877,11875.714880851123,cand_011
2023-04-11 07:00:00,0.5221548113343271,11876.237035662458,cand_013
2023-04-11 07:00:00,0.5271758785499405,11876.764211541007,cand_014
2023-04-12 07:00:00,0.5104507579966491,11877.274662299003,cand_003
2023-04-12 07:00:00,0.5093902926608961,11877.784052591664,cand_009
2023-04-12 07:00:00,0.5222644599299877,11878.306317051594,cand_011
2023-04-12 07:00:00,0.5221548113343271,11878.82847186293,cand_013
2023-04-12 07:00:00,0.5271758785499405,11879.355647741479,cand_014
2023-04-12 07:00:00,0.49031404625585057,11879.845961787734,cand_014
2023-04-17 07:00:00,0.5104507579966491,11880.35641254573,cand_003
2023-04-17 07:00:00,0.5093902926608961,11880.86580283839,cand_009
2023-04-17 07:00:00,0.5222644599299877,11881.388067298321,cand_011
2023-04-17 07:00:00,0.5221548113343271,11881.910222109656,cand_013
2023-04-17 07:00:00,0.5271758785499405,11882.437397988206,cand_014
2023-04-17 07:00:00,0.49031404625585057,11882.927712034461,cand_014
2023-04-17 08:14:40,0.0,11882.927712034461,cand_003
2023-04-17 08:14:40,0.0,11882.927712034461,cand_009
2023-04-17 08:14:40,0.0,11882.927712034461,cand_011
2023-04-17 08:14:40,0.0,11882.927712034461,cand_013
2023-04-17 08:14:40,0.0,11882.927712034461,cand_014
2023-04-17 08:14:40,0.0,11882.927712034461,cand_014
2023-04-17 13:00:00,-7.930002658053826,11874.997709376408,cand_003
2023-04-17 13:00:00,-7.913528017161334,11867.084181359247,cand_009
2023-04-17 13:00:00,-8.113531992206457,11858.97064936704,cand_011
2023-04-17 13:00:00,-8.111828569023281,11850.858820798017,cand_013
2023-04-17 13:00:00,-8.189832325002312,11842.668988473015,cand_014
2023-04-17 13:00:00,-7.617172918598243,11835.051815554416,cand_014
2023-04-18 07:00:00,0.5104507579966491,11835.562266312412,cand_003
2023-04-18 07:00:00,0.5093902926608961,11836.071656605072,cand_009
2023-04-18 07:00:00,0.5222644599299877,11836.593921065003,cand_011
2023-04-18 07:00:00,0.5221548113343271,11837.116075876338,cand_013
2023-04-18 07:00:00,0.5271758785499405,11837.643251754887,cand_014
2023-04-19 07:00:00,0.5104507579966491,11838.153702512884,cand_003
2023-04-19 07:00:00,0.6566499231364257,11838.81035243602,cand_007
2023-04-19 07:00:00,0.5093902926608961,11839.31974272868,cand_009
2023-04-19 07:00:00,0.5222644599299877,11839.84200718861,cand_011
2023-04-19 07:00:00,0.5221548113343271,11840.364161999945,cand_013
2023-04-19 07:00:00,0.5271758785499405,11840.891337878495,cand_014
2023-04-19 07:00:00,0.49031404625585057,11841.38165192475,cand_014
2023-04-19 07:00:00,0.604366284364134,11841.986018209114,cand_015
2023-04-19 09:00:40,0.0,11841.986018209114,cand_003
2023-04-19 09:00:40,0.0,11841.986018209114,cand_007
2023-04-19 09:00:40,0.0,11841.986018209114,cand_009
2023-04-19 09:00:40,0.0,11841.986018209114,cand_011
2023-04-19 09:00:40,0.0,11841.986018209114,cand_013
2023-04-19 09:00:40,0.0,11841.986018209114,cand_014
2023-04-19 09:00:40,0.0,11841.986018209114,cand_014
2023-04-19 09:00:40,0.0,11841.986018209114,cand_015
2023-04-19 13:00:00,12.163741297908386,11854.149759507023,cand_003
2023-04-19 13:00:00,15.647581403680354,11869.797340910703,cand_007
2023-04-19 13:00:00,12.138471032760531,11881.935811943464,cand_009
2023-04-19 13:00:00,12.445254865743413,11894.381066809206,cand_011
2023-04-19 13:00:00,12.442642004207993,11906.823708813414,cand_013
2023-04-19 13:00:00,12.562291082387112,11919.385999895801,cand_014
2023-04-19 13:00:00,11.68389530224971,11931.06989519805,cand_014
2023-04-19 13:00:00,14.401693046818275,11945.471588244869,cand_015
2023-04-20 07:00:00,0.5104507579966491,11945.982039002865,cand_003
2023-04-20 07:00:00,0.5093902926608961,11946.491429295525,cand_009
2023-04-20 07:00:00,0.5222644599299877,11947.013693755456,cand_011
2023-04-20 07:00:00,0.5221548113343271,11947.535848566791,cand_013
2023-04-20 07:00:00,0.5271758785499405,11948.06302444534,cand_014
2023-04-24 07:00:00,0.5104507579966491,11948.573475203337,cand_003
2023-04-24 07:00:00,0.6566499231364257,11949.230125126473,cand_007
2023-04-24 07:00:00,0.5093902926608961,11949.739515419133,cand_009
2023-04-24 07:00:00,0.5222644599299877,11950.261779879063,cand_011
2023-04-24 07:00:00,0.5221548113343271,11950.783934690398,cand_013
2023-04-24 07:00:00,0.5271758785499405,11951.311110568948,cand_014
2023-04-24 07:00:00,0.49031404625585057,11951.801424615203,cand_014
2023-04-24 07:00:00,0.604366284364134,11952.405790899567,cand_015
2023-04-25 07:00:00,0.5104507579966491,11952.916241657564,cand_003
2023-04-25 07:00:00,0.6566499231364257,11953.5728915807,cand_007
2023-04-25 07:00:00,0.5093902926608961,11954.08228187336,cand_009
2023-04-25 07:00:00,0.5222644599299877,11954.60454633329,cand_011
2023-04-25 07:00:00,0.5221548113343271,11955.126701144625,cand_013
2023-04-25 07:00:00,0.5271758785499405,11955.653877023175,cand_014
2023-04-25 07:00:00,0.49031404625585057,11956.14419106943,cand_014
2023-04-25 07:00:00,0.604366284364134,11956.748557353794,cand_015
2023-05-01 07:00:00,0.5104507579966491,11957.25900811179,cand_003
2023-05-01 07:00:00,0.6566499231364257,11957.915658034926,cand_007
2023-05-01 07:00:00,0.5093902926608961,11958.425048327586,cand_009
2023-05-01 07:00:00,0.5222644599299877,11958.947312787517,cand_011
2023-05-01 07:00:00,0.5221548113343271,11959.469467598852,cand_013
2023-05-01 07:00:00,0.5271758785499405,11959.996643477401,cand_014
2023-05-01 07:00:00,0.49031404625585057,11960.486957523657,cand_014
2023-05-01 07:00:00,0.604366284364134,11961.091323808021,cand_015
2023-05-02 07:00:00,0.5104507579966491,11961.601774566017,cand_003
2023-05-02 07:00:00,0.5093902926608961,11962.111164858678,cand_009
2023-05-02 07:00:00,0.5222644599299877,11962.633429318608,cand_011
2023-05-02 07:00:00,0.5221548113343271,11963.155584129943,cand_013
2023-05-02 07:00:00,0.5271758785499405,11963.682760008493,cand_014
2023-05-02 07:30:20,0.0,11963.682760008493,cand_003
2023-05-02 07:30:20,0.0,11963.682760008493,cand_009
2023-05-02 07:30:20,0.0,11963.682760008493,cand_011
2023-05-02 07:30:20,0.0,11963.682760008493,cand_013
2023-05-02 07:30:20,0.0,11963.682760008493,cand_014
2023-05-02 13:00:00,-13.460886753523399,11950.22187325497,cand_003
2023-05-02 13:00:00,-13.432921658816454,11936.788951596154,cand_009
2023-05-02 13:00:00,-13.772421022741971,11923.016530573412,cand_011
2023-05-02 13:00:00,-13.769529524775225,11909.247001048636,cand_013
2023-05-02 13:00:00,-13.901938020819903,11895.345063027817,cand_014
2023-05-04 09:36:40,0.0,11895.345063027817,cand_003
2023-05-04 09:36:40,0.0,11895.345063027817,cand_009
2023-05-04 09:36:40,0.0,11895.345063027817,cand_011
2023-05-04 09:36:40,0.0,11895.345063027817,cand_013
2023-05-04 09:36:40,0.0,11895.345063027817,cand_014
2023-05-04 13:00:00,-18.77858259124143,11876.566480436575,cand_003
2023-05-04 13:00:00,-18.739569942948496,11857.826910493626,cand_009
2023-05-04 13:00:00,-19.213187837659667,11838.613722655966,cand_011
2023-05-04 13:00:00,-19.209154059322834,11819.404568596643,cand_013
2023-05-04 13:00:00,-19.3938702614784,11800.010698335165,cand_014
2023-05-08 07:00:00,0.5104507579966491,11800.521149093162,cand_003
2023-05-08 07:00:00,0.5093902926608961,11801.030539385822,cand_009
2023-05-08 07:00:00,0.5222644599299877,11801.552803845752,cand_011
2023-05-08 07:00:00,0.5221548113343271,11802.074958657087,cand_013
2023-05-08 07:00:00,0.5271758785499405,11802.602134535637,cand_014
2023-05-09 07:00:00,0.5104507579966491,11803.112585293633,cand_003
2023-05-09 07:00:00,0.6566499231364257,11803.769235216769,cand_007
2023-05-09 07:00:00,0.5093902926608961,11804.278625509429,cand_009
2023-05-09 07:00:00,0.5222644599299877,11804.80088996936,cand_011
2023-05-09 07:00:00,0.5221548113343271,11805.323044780695,cand_013
2023-05-09 07:00:00,0.5271758785499405,11805.850220659244,cand_014
2023-05-09 07:00:00,0.49031404625585057,11806.3405347055,cand_014
2023-05-09 07:00:00,0.604366284364134,11806.944900989864,cand_015
2023-05-10 07:00:00,0.5104507579966491,11807.45535174786,cand_003
2023-05-10 07:00:00,0.5093902926608961,11807.96474204052,cand_009
2023-05-10 07:00:00,0.5222644599299877,11808.48700650045,cand_011
2023-05-10 07:00:00,0.5221548113343271,11809.009161311786,cand_013
2023-05-10 07:00:00,0.5271758785499405,11809.536337190335,cand_014
2023-05-10 09:20:40,0.0,11809.536337190335,cand_003
2023-05-10 09:20:40,0.0,11809.536337190335,cand_009
2023-05-10 09:20:40,0.0,11809.536337190335,cand_011
2023-05-10 09:20:40,0.0,11809.536337190335,cand_013
2023-05-10 09:20:40,0.0,11809.536337190335,cand_014
2023-05-10 13:00:00,-12.214786373708051,11797.321550816627,cand_003
2023-05-10 13:00:00,-12.18941006202662,11785.1321407546,cand_009
2023-05-10 13:00:00,-12.497481311736413,11772.634659442863,cand_011
2023-05-10 13:00:00,-12.494857485341427,11760.139801957523,cand_013
2023-05-10 13:00:00,-12.615008670242107,11747.52479328728,cand_014
2023-05-15 07:00:00,0.6566499231364257,11748.181443210417,cand_007
2023-05-15 07:00:00,0.49031404625585057,11748.671757256672,cand_014
2023-05-15 07:00:00,0.604366284364134,11749.276123541036,cand_015
2023-05-15 09:02:40,0.0,11749.276123541036,cand_007
2023-05-15 09:02:40,0.0,11749.276123541036,cand_014
2023-05-15 09:02:40,0.0,11749.276123541036,cand_015
2023-05-15 13:00:00,-5.558348467019509,11743.717775074017,cand_007
2023-05-15 13:00:00,-4.15036419154217,11739.567410882475,cand_014
2023-05-15 13:00:00,-5.115782842352876,11734.451628040122,cand_015
2023-05-18 07:00:00,0.6566499231364257,11735.108277963258,cand_007
2023-05-18 07:00:00,0.49031404625585057,11735.598592009514,cand_014
2023-05-18 07:00:00,0.604366284364134,11736.202958293878,cand_015
2023-05-19 07:00:00,0.49031404625585057,11736.693272340133,cand_014
2023-05-24 07:00:00,0.6566499231364257,11737.349922263269,cand_007
2023-05-24 07:00:00,0.49031404625585057,11737.840236309525,cand_014
2023-05-24 07:00:00,0.604366284364134,11738.444602593889,cand_015
2023-05-25 07:00:00,0.6566499231364257,11739.101252517024,cand_007
2023-05-25 07:00:00,0.49031404625585057,11739.59156656328,cand_014
2023-05-25 07:00:00,0.604366284364134,11740.195932847644,cand_015
2023-05-26 07:00:00,0.49031404625585057,11740.6862468939,cand_014
2023-05-29 07:00:00,0.49031404625585057,11741.176560940155,cand_014
2023-05-29 07:00:00,0.604366284364134,11741.78092722452,cand_015
2023-05-30 07:00:00,0.6566499231364257,11742.437577147655,cand_007
2023-05-30 07:00:00,0.49031404625585057,11742.92789119391,cand_014
2023-05-30 07:00:00,0.604366284364134,11743.532257478275,cand_015
2023-05-30 08:45:40,0.0,11743.532257478275,cand_007
2023-05-30 08:45:40,0.0,11743.532257478275,cand_014
2023-05-30 08:45:40,0.0,11743.532257478275,cand_015
2023-05-30 13:00:00,-25.014499424891135,11718.517758053384,cand_007
2023-05-30 13:00:00,-18.678080962075814,11699.839677091308,cand_014
2023-05-30 13:00:00,-23.02280033848313,11676.816876752824,cand_015
2023-06-05 07:00:00,0.5104507579966491,11677.32732751082,cand_003
2023-06-05 07:00:00,0.5093902926608961,11677.83671780348,cand_009
2023-06-05 07:00:00,0.5222644599299877,11678.358982263411,cand_011
2023-06-05 07:00:00,0.5221548113343271,11678.881137074746,cand_013
2023-06-05 07:00:00,0.5271758785499405,11679.408312953296,cand_014
2023-06-08 07:00:00,0.5104507579966491,11679.918763711292,cand_003
2023-06-08 07:00:00,0.6566499231364257,11680.575413634428,cand_007
2023-06-08 07:00:00,0.5093902926608961,11681.084803927088,cand_009
2023-06-08 07:00:00,0.5222644599299877,11681.607068387018,cand_011
2023-06-08 07:00:00,0.5221548113343271,11682.129223198353,cand_013
2023-06-08 07:00:00,0.5271758785499405,11682.656399076903,cand_014
2023-06-08 07:00:00,0.49031404625585057,11683.146713123158,cand_014
2023-06-08 07:00:00,0.604366284364134,11683.751079407522,cand_015
2023-06-12 07:00:00,0.5104507579966491,11684.261530165519,cand_003
2023-06-12 07:00:00,0.5093902926608961,11684.770920458179,cand_009
2023-06-12 07:00:00,0.5222644599299877,11685.29318491811,cand_011
2023-06-12 07:00:00,0.5221548113343271,11685.815339729445,cand_013
2023-06-12 07:00:00,0.5271758785499405,11686.342515607994,cand_014
2023-06-12 07:00:00,0.49031404625585057,11686.83282965425,cand_014
2023-06-14 07:00:00,0.5104507579966491,11687.343280412246,cand_003
2023-06-14 07:00:00,0.5093902926608961,11687.852670704906,cand_009
2023-06-14 07:00:00,0.5222644599299877,11688.374935164837,cand_011
2023-06-14 07:00:00,0.5221548113343271,11688.897089976172,cand_013
2023-06-14 07:00:00,0.5271758785499405,11689.424265854721,cand_014
2023-06-14 07:00:00,0.49031404625585057,11689.914579900977,cand_014
2023-06-15 07:00:00,0.5104507579966491,11690.425030658973,cand_003
2023-06-15 07:00:00,0.6566499231364257,11691.081680582109,cand_007
2023-06-15 07:00:00,0.5093902926608961,11691.591070874769,cand_009
2023-06-15 07:00:00,0.5222644599299877,11692.1133353347,cand_011
2023-06-15 07:00:00,0.5221548113343271,11692.635490146034,cand_013
2023-06-15 07:00:00,0.5271758785499405,11693.162666024584,cand_014
2023-06-15 07:00:00,0.49031404625585057,11693.65298007084,cand_014
2023-06-15 07:00:00,0.604366284364134,11694.257346355203,cand_015
2023-06-15 07:02:40,0.0,11694.257346355203,cand_003
2023-06-15 07:02:40,0.0,11694.257346355203,cand_007
2023-06-15 07:02:40,0.0,11694.257346355203,cand_009
2023-06-15 07:02:40,0.0,11694.257346355203,cand_011
2023-06-15 07:02:40,0.0,11694.257346355203,cand_013
2023-06-15 07:02:40,0.0,11694.257346355203,cand_014
2023-06-15 07:02:40,0.0,11694.257346355203,cand_014
2023-06-15 07:02:40,0.0,11694.257346355203,cand_015
2023-06-15 13:00:00,-8.644633719249134,11685.612712635955,cand_003
2023-06-15 13:00:00,-11.120559580645702,11674.49215305531,cand_007
2023-06-15 13:00:00,-8.626674426886588,11665.865478628422,cand_009
2023-06-15 13:00:00,-8.84470223610844,11657.020776392314,cand_011
2023-06-15 13:00:00,-8.84284530489134,11648.177931087423,cand_013
2023-06-15 13:00:00,-8.927878554972228,11639.25005253245,cand_014
2023-06-15 13:00:00,-8.303612583356434,11630.946439949093,cand_014
2023-06-15 13:00:00,-10.235120780496128,11620.711319168597,cand_015
2023-06-16 07:00:00,0.5104507579966491,11621.221769926593,cand_003
2023-06-16 07:00:00,0.5093902926608961,11621.731160219253,cand_009
2023-06-16 07:00:00,0.5222644599299877,11622.253424679184,cand_011
2023-06-16 07:00:00,0.5221548113343271,11622.775579490519,cand_013
2023-06-16 07:00:00,0.5271758785499405,11623.302755369068,cand_014
2023-06-16 07:00:00,0.49031404625585057,11623.793069415324,cand_014
2023-06-16 09:38:40,0.0,11623.793069415324,cand_003
2023-06-16 09:38:40,0.0,11623.793069415324,cand_009
2023-06-16 09:38:40,0.0,11623.793069415324,cand_011
2023-06-16 09:38:40,0.0,11623.793069415324,cand_013
2023-06-16 09:38:40,0.0,11623.793069415324,cand_014
2023-06-16 09:38:40,0.0,11623.793069415324,cand_014
2023-06-16 13:00:00,2.1739196987622,11625.966989114086,cand_003
2023-06-16 13:00:00,2.1694033640381694,11628.136392478124,cand_009
2023-06-16 13:00:00,2.22423217052536,11630.360624648649,cand_011
2023-06-16 13:00:00,2.2237651965061933,11632.584389845155,cand_013
2023-06-16 13:00:00,2.2451490357068056,11634.829538880862,cand_014
2023-06-16 13:00:00,2.0881609969955046,11636.917699877857,cand_014
2023-06-19 07:00:00,0.5104507579966491,11637.428150635853,cand_003
2023-06-19 07:00:00,0.6566499231364257,11638.084800558989,cand_007
2023-06-19 07:00:00,0.5093902926608961,11638.594190851649,cand_009
2023-06-19 07:00:00,0.5222644599299877,11639.11645531158,cand_011
2023-06-19 07:00:00,0.5221548113343271,11639.638610122915,cand_013
2023-06-19 07:00:00,0.5271758785499405,11640.165786001464,cand_014
2023-06-19 07:00:00,0.49031404625585057,11640.65610004772,cand_014
2023-06-19 07:00:00,0.604366284364134,11641.260466332084,cand_015
2023-06-20 07:00:00,0.5104507579966491,11641.77091709008,cand_003
2023-06-20 07:00:00,0.5093902926608961,11642.28030738274,cand_009
2023-06-20 07:00:00,0.5222644599299877,11642.80257184267,cand_011
2023-06-20 07:00:00,0.5221548113343271,11643.324726654006,cand_013
2023-06-20 07:00:00,0.5271758785499405,11643.851902532555,cand_014
2023-06-21 07:00:00,0.5104507579966491,11644.362353290551,cand_003
2023-06-21 07:00:00,0.5093902926608961,11644.871743583211,cand_009
2023-06-21 07:00:00,0.5222644599299877,11645.394008043142,cand_011
2023-06-21 07:00:00,0.5221548113343271,11645.916162854477,cand_013
2023-06-21 07:00:00,0.5271758785499405,11646.443338733026,cand_014
2023-06-21 07:00:00,0.49031404625585057,11646.933652779282,cand_014
2023-06-21 08:07:40,0.0,11646.933652779282,cand_003
2023-06-21 08:07:40,0.0,11646.933652779282,cand_009
2023-06-21 08:07:40,0.0,11646.933652779282,cand_011
2023-06-21 08:07:40,0.0,11646.933652779282,cand_013
2023-06-21 08:07:40,0.0,11646.933652779282,cand_014
2023-06-21 08:07:40,0.0,11646.933652779282,cand_014
2023-06-21 13:00:00,2.495203411148326,11649.42885619043,cand_003
2023-06-21 13:00:00,2.49001960706591,11651.918875797497,cand_009
2023-06-21 13:00:00,2.552951565893058,11654.47182736339,cand_011
2023-06-21 13:00:00,2.5524155777577993,11657.024242941148,cand_013
2023-06-21 13:00:00,2.576959735735298,11659.601202676884,cand_014
2023-06-21 13:00:00,2.3967704261094815,11661.997973102994,cand_014
2023-06-22 07:00:00,0.5104507579966491,11662.50842386099,cand_003
2023-06-22 07:00:00,0.5093902926608961,11663.01781415365,cand_009
2023-06-22 07:00:00,0.5222644599299877,11663.540078613581,cand_011
2023-06-22 07:00:00,0.5221548113343271,11664.062233424916,cand_013
2023-06-22 07:00:00,0.5271758785499405,11664.589409303466,cand_014
2023-06-22 07:00:00,0.49031404625585057,11665.079723349721,cand_014
2023-06-23 07:00:00,0.5104507579966491,11665.590174107718,cand_003
2023-06-23 07:00:00,0.5093902926608961,11666.099564400378,cand_009
2023-06-23 07:00:00,0.5222644599299877,11666.621828860309,cand_011
2023-06-23 07:00:00,0.5221548113343271,11667.143983671644,cand_013
2023-06-23 07:00:00,0.5271758785499405,11667.671159550193,cand_014
2023-06-23 07:00:00,0.49031404625585057,11668.161473596449,cand_014
2023-06-23 08:37:40,0.0,11668.161473596449,cand_003
2023-06-23 08:37:40,0.0,11668.161473596449,cand_009
2023-06-23 08:37:40,0.0,11668.161473596449,cand_011
2023-06-23 08:37:40,0.0,11668.161473596449,cand_013
2023-06-23 08:37:40,0.0,11668.161473596449,cand_014
2023-06-23 08:37:40,0.0,11668.161473596449,cand_014
2023-06-23 13:00:00,-3.5641473514236615,11664.597326245024,cand_003
2023-06-23 13:00:00,-3.556742808167551,11661.040583436858,cand_009
2023-06-23 13:00:00,-3.646634787864091,11657.393948648993,cand_011
2023-06-23 13:00:00,-3.6458691826696836,11653.748079466322,cand_013
2023-06-23 13:00:00,-3.680928046110467,11650.067151420211,cand_014
2023-06-23 13:00:00,-3.423545722974674,11646.643605697236,cand_014
2023-06-26 07:00:00,0.5104507579966491,11647.154056455232,cand_003
2023-06-26 07:00:00,0.5093902926608961,11647.663446747893,cand_009
2023-06-26 07:00:00,0.5222644599299877,11648.185711207823,cand_011
2023-06-26 07:00:00,0.5221548113343271,11648.707866019158,cand_013
2023-06-26 07:00:00,0.5271758785499405,11649.235041897708,cand_014
2023-06-27 07:00:00,0.5104507579966491,11649.745492655704,cand_003
2023-06-27 07:00:00,0.5093902926608961,11650.254882948364,cand_009
2023-06-27 07:00:00,0.5222644599299877,11650.777147408295,cand_011
2023-06-27 07:00:00,0.5221548113343271,11651.29930221963,cand_013
2023-06-27 07:00:00,0.5271758785499405,11651.826478098179,cand_014
2023-06-28 07:00:00,0.5104507579966491,11652.336928856175,cand_003
2023-06-28 07:00:00,0.5093902926608961,11652.846319148835,cand_009
2023-06-28 07:00:00,0.5222644599299877,11653.368583608766,cand_011
2023-06-28 07:00:00,0.5221548113343271,11653.890738420101,cand_013
2023-06-28 07:00:00,0.5271758785499405,11654.41791429865,cand_014
2023-06-29 07:00:00,0.5104507579966491,11654.928365056647,cand_003
2023-06-29 07:00:00,0.6566499231364257,11655.585014979782,cand_007
2023-06-29 07:00:00,0.5093902926608961,11656.094405272443,cand_009
2023-06-29 07:00:00,0.5222644599299877,11656.616669732373,cand_011
2023-06-29 07:00:00,0.5221548113343271,11657.138824543708,cand_013
2023-06-29 07:00:00,0.5271758785499405,11657.666000422258,cand_014
2023-06-29 07:00:00,0.49031404625585057,11658.156314468513,cand_014
2023-06-29 07:00:00,0.604366284364134,11658.760680752877,cand_015
2023-06-29 07:56:40,0.0,11658.760680752877,cand_003
2023-06-29 07:56:40,0.0,11658.760680752877,cand_007
2023-06-29 07:56:40,0.0,11658.760680752877,cand_009
2023-06-29 07:56:40,0.0,11658.760680752877,cand_011
2023-06-29 07:56:40,0.0,11658.760680752877,cand_013
2023-06-29 07:56:40,0.0,11658.760680752877,cand_014
2023-06-29 07:56:40,0.0,11658.760680752877,cand_014
2023-06-29 07:56:40,0.0,11658.760680752877,cand_015
2023-06-29 13:00:00,-10.356145084296722,11648.40453566858,cand_003
2023-06-29 13:00:00,-13.322268146456071,11635.082267522124,cand_007
2023-06-29 13:00:00,-10.334630114043712,11624.74763740808,cand_009
2023-06-29 13:00:00,-10.59582424881487,11614.151813159266,cand_011
2023-06-29 13:00:00,-10.593599672306437,11603.55821348696,cand_013
2023-06-29 13:00:00,-10.695468265404383,11592.862745221555,cand_014
2023-06-29 13:00:00,-9.947606738449581,11582.915138483106,cand_014
2023-06-29 13:00:00,-12.261525381011166,11570.653613102095,cand_015
2023-06-30 07:00:00,0.5104507579966491,11571.164063860091,cand_003
2023-06-30 07:00:00,0.5093902926608961,11571.673454152751,cand_009
2023-06-30 07:00:00,0.5222644599299877,11572.195718612682,cand_011
2023-06-30 07:00:00,0.5221548113343271,11572.717873424017,cand_013
2023-06-30 07:00:00,0.5271758785499405,11573.245049302566,cand_014
2023-07-03 07:00:00,0.5104507579966491,11573.755500060563,cand_003
2023-07-03 07:00:00,0.6566499231364257,11574.412149983698,cand_007
2023-07-03 07:00:00,0.5093902926608961,11574.921540276358,cand_009
2023-07-03 07:00:00,0.5222644599299877,11575.44380473629,cand_011
2023-07-03 07:00:00,0.5221548113343271,11575.965959547624,cand_013
2023-07-03 07:00:00,0.5271758785499405,11576.493135426173,cand_014
2023-07-03 07:00:00,0.49031404625585057,11576.98344947243,cand_014
2023-07-03 07:00:00,0.604366284364134,11577.587815756793,cand_015
2023-07-04 07:00:00,0.5104507579966491,11578.09826651479,cand_003
2023-07-04 07:00:00,0.5093902926608961,11578.60765680745,cand_009
2023-07-04 07:00:00,0.5222644599299877,11579.12992126738,cand_011
2023-07-04 07:00:00,0.5221548113343271,11579.652076078715,cand_013
2023-07-04 07:00:00,0.5271758785499405,11580.179251957265,cand_014
2023-07-04 07:00:00,0.49031404625585057,11580.66956600352,cand_014
2023-07-05 07:00:00,0.5104507579966491,11581.180016761517,cand_003
2023-07-05 07:00:00,0.5093902926608961,11581.689407054177,cand_009
2023-07-05 07:00:00,0.5222644599299877,11582.211671514107,cand_011
2023-07-05 07:00:00,0.5221548113343271,11582.733826325442,cand_013
2023-07-05 07:00:00,0.5271758785499405,11583.261002203992,cand_014
2023-07-05 07:00:00,0.49031404625585057,11583.751316250247,cand_014
2023-07-06 07:30:40,0.0,11583.751316250247,cand_003
2023-07-06 07:30:40,0.0,11583.751316250247,cand_007
2023-07-06 07:30:40,0.0,11583.751316250247,cand_009
2023-07-06 07:30:40,0.0,11583.751316250247,cand_011
2023-07-06 07:30:40,0.0,11583.751316250247,cand_013
2023-07-06 07:30:40,0.0,11583.751316250247,cand_014
2023-07-06 07:30:40,0.0,11583.751316250247,cand_014
2023-07-06 07:30:40,0.0,11583.751316250247,cand_015
2023-07-06 13:00:00,-4.374863261183045,11579.376452989065,cand_003
2023-07-06 13:00:00,-5.627876105939837,11573.748576883125,cand_007
2023-07-06 13:00:00,-4.365774449452504,11569.382802433673,cand_009
2023-07-06 13:00:00,-4.476113635988189,11564.906688797684,cand_011
2023-07-06 13:00:00,-4.475173883024204,11560.43151491466,cand_013
2023-07-06 13:00:00,-4.518207382630961,11555.91330753203,cand_014
2023-07-06 13:00:00,-4.202279796439849,11551.71102773559,cand_014
2023-07-06 13:00:00,-5.179774566579667,11546.53125316901,cand_015
2023-07-07 08:38:40,0.0,11546.53125316901,cand_003
2023-07-07 08:38:40,0.0,11546.53125316901,cand_009
2023-07-07 08:38:40,0.0,11546.53125316901,cand_011
2023-07-07 08:38:40,0.0,11546.53125316901,cand_013
2023-07-07 08:38:40,0.0,11546.53125316901,cand_014
2023-07-07 08:38:40,0.0,11546.53125316901,cand_014
2023-07-07 08:38:40,0.0,11546.53125316901,cand_015
2023-07-07 13:00:00,22.066486003043376,11568.597739172053,cand_003
2023-07-07 13:00:00,22.020642710381914,11590.618381882436,cand_009
2023-07-07 13:00:00,22.577185388385175,11613.19556727082,cand_011
2023-07-07 13:00:00,22.57244534409394,11635.768012614915,cand_013
2023-07-07 13:00:00,22.78950312625596,11658.557515741171,cand_014
2023-07-07 13:00:00,21.19598779961321,11679.753503540784,cand_014
2023-07-07 13:00:00,26.126398963482476,11705.879902504266,cand_015
2023-07-17 07:00:00,0.5104507579966491,11706.390353262263,cand_003
2023-07-17 07:00:00,0.5093902926608961,11706.899743554923,cand_009
2023-07-17 07:00:00,0.5222644599299877,11707.422008014853,cand_011
2023-07-17 07:00:00,0.5221548113343271,11707.944162826188,cand_013
2023-07-17 07:00:00,0.5271758785499405,11708.471338704738,cand_014
2023-07-17 07:00:00,0.604366284364134,11709.075704989102,cand_015
2023-07-18 07:38:40,0.0,11709.075704989102,cand_003
2023-07-18 07:38:40,0.0,11709.075704989102,cand_009
2023-07-18 07:38:40,0.0,11709.075704989102,cand_011
2023-07-18 07:38:40,0.0,11709.075704989102,cand_013
2023-07-18 07:38:40,0.0,11709.075704989102,cand_014
2023-07-18 07:38:40,0.0,11709.075704989102,cand_014
2023-07-18 13:00:00,7.038215157318503,11716.11392014642,cand_003
2023-07-18 13:00:00,7.023593211747886,11723.137513358168,cand_009
2023-07-18 13:00:00,7.20110525926995,11730.338618617438,cand_011
2023-07-18 13:00:00,7.1995933986333105,11737.53821201607,cand_013
2023-07-18 13:00:00,7.268825054829769,11744.8070370709,cand_014
2023-07-18 13:00:00,6.760565437786552,11751.567602508685,cand_014
2023-07-19 07:00:00,0.5104507579966491,11752.078053266681,cand_003
2023-07-19 07:00:00,0.5093902926608961,11752.587443559341,cand_009
2023-07-19 07:00:00,0.5222644599299877,11753.109708019272,cand_011
2023-07-19 07:00:00,0.5221548113343271,11753.631862830607,cand_013
2023-07-19 07:00:00,0.5271758785499405,11754.159038709156,cand_014
2023-07-19 07:00:00,0.49031404625585057,11754.649352755412,cand_014
2023-07-19 07:00:00,0.604366284364134,11755.253719039776,cand_015
2023-07-19 08:50:40,0.0,11755.253719039776,cand_003
2023-07-19 08:50:40,0.0,11755.253719039776,cand_009
2023-07-19 08:50:40,0.0,11755.253719039776,cand_011
2023-07-19 08:50:40,0.0,11755.253719039776,cand_013
2023-07-19 08:50:40,0.0,11755.253719039776,cand_014
2023-07-19 08:50:40,0.0,11755.253719039776,cand_014
2023-07-19 08:50:40,0.0,11755.253719039776,cand_015
2023-07-19 13:00:00,15.505692437027625,11770.759411476804,cand_003
2023-07-19 13:00:00,15.473479242946281,11786.23289071975,cand_009
2023-07-19 13:00:00,15.864551006343865,11802.097441726093,cand_011
2023-07-19 13:00:00,15.861220269002736,11817.958661995095,cand_013
2023-07-19 13:00:00,16.013742569599373,11833.972404564694,cand_014
2023-07-19 13:00:00,14.894010205089485,11848.866414769784,cand_014
2023-07-19 13:00:00,18.358514661508167,11867.224929431291,cand_015
2023-07-21 07:00:00,0.5104507579966491,11867.735380189288,cand_003
2023-07-21 07:00:00,0.6566499231364257,11868.392030112424,cand_007
2023-07-21 07:00:00,0.5093902926608961,11868.901420405084,cand_009
2023-07-21 07:00:00,0.5222644599299877,11869.423684865014,cand_011
2023-07-21 07:00:00,0.5221548113343271,11869.94583967635,cand_013
2023-07-21 07:00:00,0.5271758785499405,11870.473015554899,cand_014
2023-07-21 07:00:00,0.49031404625585057,11870.963329601154,cand_014
2023-07-21 07:00:00,0.604366284364134,11871.567695885518,cand_015
2023-07-24 07:00:00,0.5104507579966491,11872.078146643515,cand_003
2023-07-24 07:00:00,0.5093902926608961,11872.587536936175,cand_009
2023-07-24 07:00:00,0.5222644599299877,11873.109801396105,cand_011
2023-07-24 07:00:00,0.5221548113343271,11873.63195620744,cand_013
2023-07-24 07:00:00,0.5271758785499405,11874.15913208599,cand_014
2023-07-25 07:00:00,0.5104507579966491,11874.669582843986,cand_003
2023-07-25 07:00:00,0.5093902926608961,11875.178973136646,cand_009
2023-07-25 07:00:00,0.5222644599299877,11875.701237596577,cand_011
2023-07-25 07:00:00,0.5221548113343271,11876.223392407912,cand_013
2023-07-25 07:00:00,0.5271758785499405,11876.750568286461,cand_014
2023-07-25 07:00:00,0.49031404625585057,11877.240882332717,cand_014
2023-07-26 09:28:40,0.0,11877.240882332717,cand_003
2023-07-26 09:28:40,0.0,11877.240882332717,cand_009
2023-07-26 09:28:40,0.0,11877.240882332717,cand_011
2023-07-26 09:28:40,0.0,11877.240882332717,cand_013
2023-07-26 09:28:40,0.0,11877.240882332717,cand_014
2023-07-26 09:28:40,0.0,11877.240882332717,cand_014
2023-07-26 13:00:00,15.14537425491234,11892.38625658763,cand_003
2023-07-26 13:00:00,15.113909624597412,11907.500166212227,cand_009
2023-07-26 13:00:00,15.495893740510931,11922.996059952739,cand_011
2023-07-26 13:00:00,15.492640402178505,11938.488700354917,cand_013
2023-07-26 13:00:00,15.641618420034707,11954.130318774953,cand_014
2023-07-26 13:00:00,14.547906172438294,11968.67822494739,cand_014
2023-07-31 07:00:00,0.5104507579966491,11969.188675705387,cand_003
2023-07-31 07:00:00,0.6566499231364257,11969.845325628523,cand_007
2023-07-31 07:00:00,0.5093902926608961,11970.354715921183,cand_009
2023-07-31 07:00:00,0.5222644599299877,11970.876980381114,cand_011
2023-07-31 07:00:00,0.5221548113343271,11971.399135192449,cand_013
2023-07-31 07:00:00,0.5271758785499405,11971.926311070998,cand_014
2023-07-31 07:00:00,0.49031404625585057,11972.416625117254,cand_014
2023-07-31 07:00:00,0.604366284364134,11973.020991401618,cand_015
2023-07-31 09:48:40,0.0,11973.020991401618,cand_003
2023-07-31 09:48:40,0.0,11973.020991401618,cand_007
2023-07-31 09:48:40,0.0,11973.020991401618,cand_009
2023-07-31 09:48:40,0.0,11973.020991401618,cand_011
2023-07-31 09:48:40,0.0,11973.020991401618,cand_013
2023-07-31 09:48:40,0.0,11973.020991401618,cand_014
2023-07-31 09:48:40,0.0,11973.020991401618,cand_014
2023-07-31 09:48:40,0.0,11973.020991401618,cand_015
2023-07-31 13:00:00,11.521173873136133,11984.542165274754,cand_003
2023-07-31 13:00:00,14.820975029849794,11999.363140304604,cand_007
2023-07-31 13:00:00,11.497238546705049,12010.860378851308,cand_009
2023-07-31 13:00:00,11.787816075008017,12022.648194926316,cand_011
2023-07-31 13:00:00,11.785341241704781,12034.43353616802,cand_013
2023-07-31 13:00:00,11.898669682330128,12046.33220585035,cand_014
2023-07-31 13:00:00,11.066676444021756,12057.398882294372,cand_014
2023-07-31 13:00:00,13.640902547677541,12071.039784842049,cand_015
2023-08-01 07:00:00,0.5104507579966491,12071.550235600045,cand_003
2023-08-01 07:00:00,0.6566499231364257,12072.206885523181,cand_007
2023-08-01 07:00:00,0.5093902926608961,12072.716275815841,cand_009
2023-08-01 07:00:00,0.5222644599299877,12073.238540275772,cand_011
2023-08-01 07:00:00,0.5221548113343271,12073.760695087107,cand_013
2023-08-01 07:00:00,0.5271758785499405,12074.287870965656,cand_014
2023-08-01 07:00:00,0.49031404625585057,12074.778185011912,cand_014
2023-08-01 07:00:00,0.604366284364134,12075.382551296276,cand_015
2023-08-02 07:00:00,0.5104507579966491,12075.893002054272,cand_003
2023-08-02 07:00:00,0.5093902926608961,12076.402392346932,cand_009
2023-08-02 07:00:00,0.5222644599299877,12076.924656806863,cand_011
2023-08-02 07:00:00,0.5221548113343271,12077.446811618198,cand_013
2023-08-02 07:00:00,0.5271758785499405,12077.973987496747,cand_014
2023-08-02 07:00:00,0.49031404625585057,12078.464301543003,cand_014
2023-08-02 07:00:00,0.604366284364134,12079.068667827367,cand_015
2023-08-03 07:00:00,0.5104507579966491,12079.579118585363,cand_003
2023-08-03 07:00:00,0.5093902926608961,12080.088508878023,cand_009
2023-08-03 07:00:00,0.5222644599299877,12080.610773337954,cand_011
2023-08-03 07:00:00,0.5221548113343271,12081.132928149289,cand_013
2023-08-03 07:00:00,0.5271758785499405,12081.660104027838,cand_014
2023-08-03 07:04:40,0.0,12081.660104027838,cand_003
2023-08-03 07:04:40,0.0,12081.660104027838,cand_009
2023-08-03 07:04:40,0.0,12081.660104027838,cand_011
2023-08-03 07:04:40,0.0,12081.660104027838,cand_013
2023-08-03 07:04:40,0.0,12081.660104027838,cand_014
2023-08-03 10:31:40,42.94722492177572,12124.607328949614,cand_003
2023-08-03 10:31:40,-23.973169716736745,12100.634159232877,cand_003
2023-08-03 10:31:40,42.85800173504744,12143.492160967924,cand_009
2023-08-03 10:31:40,-23.923365274144675,12119.56879569378,cand_009
2023-08-03 10:31:40,-24.52799675341778,12095.040798940363,cand_011
2023-08-03 10:31:40,43.94118115779182,12138.981980098155,cand_011
2023-08-03 10:31:40,-24.522847139372164,12114.459132958782,cand_013
2023-08-03 10:31:40,43.93195577644714,12158.391088735229,cand_013
2023-08-03 10:31:40,44.35440769698621,12202.745496432215,cand_014
2023-08-03 10:31:40,-24.758660084368973,12177.986836347845,cand_014
2023-08-08 07:00:00,0.5104507579966491,12178.497287105842,cand_003
2023-08-08 07:00:00,0.6566499231364257,12179.153937028977,cand_007
2023-08-08 07:00:00,0.5093902926608961,12179.663327321638,cand_009
2023-08-08 07:00:00,0.5222644599299877,12180.185591781568,cand_011
2023-08-08 07:00:00,0.5221548113343271,12180.707746592903,cand_013
2023-08-08 07:00:00,0.5271758785499405,12181.234922471453,cand_014
2023-08-08 07:00:00,0.49031404625585057,12181.725236517708,cand_014
2023-08-08 07:00:00,0.604366284364134,12182.329602802072,cand_015
2023-08-09 07:00:00,0.5104507579966491,12182.840053560069,cand_003
2023-08-09 07:00:00,0.5093902926608961,12183.349443852729,cand_009
2023-08-09 07:00:00,0.5222644599299877,12183.87170831266,cand_011
2023-08-09 07:00:00,0.5221548113343271,12184.393863123994,cand_013
2023-08-09 07:00:00,0.5271758785499405,12184.921039002544,cand_014
2023-08-09 07:00:00,0.49031404625585057,12185.4113530488,cand_014
2023-08-10 07:00:00,0.5104507579966491,12185.921803806796,cand_003
2023-08-10 07:00:00,0.6566499231364257,12186.578453729931,cand_007
2023-08-10 07:00:00,0.5093902926608961,12187.087844022592,cand_009
2023-08-10 07:00:00,0.5222644599299877,12187.610108482522,cand_011
2023-08-10 07:00:00,0.5221548113343271,12188.132263293857,cand_013
2023-08-10 07:00:00,0.5271758785499405,12188.659439172407,cand_014
2023-08-10 07:00:00,0.49031404625585057,12189.149753218662,cand_014
2023-08-10 07:00:00,0.604366284364134,12189.754119503026,cand_015
2023-08-10 07:14:20,0.0,12189.754119503026,cand_003
2023-08-10 07:14:20,0.0,12189.754119503026,cand_007
2023-08-10 07:14:20,0.0,12189.754119503026,cand_009
2023-08-10 07:14:20,0.0,12189.754119503026,cand_011
2023-08-10 07:14:20,0.0,12189.754119503026,cand_013
2023-08-10 07:14:20,0.0,12189.754119503026,cand_014
2023-08-10 07:14:20,0.0,12189.754119503026,cand_014
2023-08-10 07:14:20,0.0,12189.754119503026,cand_015
2023-08-10 13:00:00,-6.5547882629805,12183.199331240046,cand_003
2023-08-10 13:00:00,-8.432157542393043,12174.767173697654,cand_007
2023-08-10 13:00:00,-6.541170640463154,12168.22600305719,cand_009
2023-08-10 13:00:00,-6.706490094277431,12161.519512962914,cand_011
2023-08-10 13:00:00,-6.7050820773107995,12154.814430885603,cand_013
2023-08-10 13:00:00,-6.769558487497178,12148.044872398106,cand_014
2023-08-10 13:00:00,-6.296209193979539,12141.748663204127,cand_014
2023-08-10 13:00:00,-7.760774110393556,12133.987889093734,cand_015
2023-08-11 07:00:00,0.5104507579966491,12134.49833985173,cand_003
2023-08-11 07:00:00,0.5093902926608961,12135.00773014439,cand_009
2023-08-11 07:00:00,0.5222644599299877,12135.529994604321,cand_011
2023-08-11 07:00:00,0.5221548113343271,12136.052149415656,cand_013
2023-08-11 07:00:00,0.5271758785499405,12136.579325294206,cand_014
2023-08-11 07:00:00,0.49031404625585057,12137.069639340461,cand_014
2023-08-14 07:00:00,0.5104507579966491,12137.580090098458,cand_003
2023-08-14 07:00:00,0.5093902926608961,12138.089480391118,cand_009
2023-08-14 07:00:00,0.5222644599299877,12138.611744851049,cand_011
2023-08-14 07:00:00,0.5221548113343271,12139.133899662384,cand_013
2023-08-14 07:00:00,0.5271758785499405,12139.661075540933,cand_014
2023-08-14 07:00:00,0.49031404625585057,12140.151389587189,cand_014
2023-08-14 07:00:00,0.604366284364134,12140.755755871553,cand_015
2023-08-15 07:00:00,0.5104507579966491,12141.266206629549,cand_003
2023-08-15 07:00:00,0.5093902926608961,12141.775596922209,cand_009
2023-08-15 07:00:00,0.5222644599299877,12142.29786138214,cand_011
2023-08-15 07:00:00,0.5221548113343271,12142.820016193475,cand_013
2023-08-15 07:00:00,0.5271758785499405,12143.347192072024,cand_014
2023-08-15 09:44:40,0.0,12143.347192072024,cand_003
2023-08-15 09:44:40,0.0,12143.347192072024,cand_009
2023-08-15 09:44:40,0.0,12143.347192072024,cand_011
2023-08-15 09:44:40,0.0,12143.347192072024,cand_013
2023-08-15 09:44:40,0.0,12143.347192072024,cand_014
2023-08-15 13:00:00,-7.0952655361534225,12136.25192653587,cand_003
2023-08-15 13:00:00,-7.080525067986456,12129.171401467884,cand_009
2023-08-15 13:00:00,-7.25947599302683,12121.911925474857,cand_011
2023-08-15 13:00:00,-7.257951877547146,12114.65397359731,cand_013
2023-08-15 13:00:00,-7.327744711844174,12107.326228885466,cand_014
2023-08-17 07:00:00,0.49031404625585057,12107.816542931721,cand_014
2023-08-18 09:36:40,0.0,12107.816542931721,cand_007
2023-08-18 09:36:40,0.0,12107.816542931721,cand_014
2023-08-18 09:36:40,0.0,12107.816542931721,cand_015
2023-08-18 13:00:00,-21.06687459285921,12086.749668338862,cand_007
2023-08-18 13:00:00,-15.730428283996522,12071.019240054866,cand_014
2023-08-18 13:00:00,-19.38949244071757,12051.629747614148,cand_015
2023-08-22 07:00:00,0.6566499231364257,12052.286397537284,cand_007
2023-08-22 07:00:00,0.49031404625585057,12052.77671158354,cand_014
2023-08-22 07:00:00,0.604366284364134,12053.381077867904,cand_015
2023-08-25 07:00:00,0.49031404625585057,12053.87139191416,cand_014
2023-09-05 07:00:00,0.5104507579966491,12054.381842672155,cand_003
2023-09-05 07:00:00,0.6566499231364257,12055.038492595291,cand_007
2023-09-05 07:00:00,0.5093902926608961,12055.547882887951,cand_009
2023-09-05 07:00:00,0.5222644599299877,12056.070147347882,cand_011
2023-09-05 07:00:00,0.5221548113343271,12056.592302159217,cand_013
2023-09-05 07:00:00,0.5271758785499405,12057.119478037766,cand_014
2023-09-05 07:00:00,0.49031404625585057,12057.609792084022,cand_014
2023-09-05 07:00:00,0.604366284364134,12058.214158368386,cand_015
2023-09-05 08:56:20,0.0,12058.214158368386,cand_003
2023-09-05 08:56:20,0.0,12058.214158368386,cand_007
2023-09-05 08:56:20,0.0,12058.214158368386,cand_009
2023-09-05 08:56:20,0.0,12058.214158368386,cand_011
2023-09-05 08:56:20,0.0,12058.214158368386,cand_013
2023-09-05 08:56:20,0.0,12058.214158368386,cand_014
2023-09-05 08:56:20,0.0,12058.214158368386,cand_014
2023-09-05 08:56:20,0.0,12058.214158368386,cand_015
2023-09-05 13:00:00,11.301980312349338,12069.516138680736,cand_003
2023-09-05 13:00:00,14.539001827561801,12084.055140508297,cand_007
2023-09-05 13:00:00,11.278500362209488,12095.333640870507,cand_009
2023-09-05 13:00:00,11.563549571626318,12106.897190442134,cand_011
2023-09-05 13:00:00,11.561121822720043,12118.458312264855,cand_013
2023-09-05 13:00:00,11.672294158011626,12130.130606422867,cand_014
2023-09-05 13:00:00,10.85612982415895,12140.986736247025,cand_014
2023-09-05 13:00:00,13.381380554980003,12154.368116802005,cand_015
2023-09-06 07:00:00,0.5104507579966491,12154.878567560001,cand_003
2023-09-06 07:00:00,0.6566499231364257,12155.535217483137,cand_007
2023-09-06 07:00:00,0.5093902926608961,12156.044607775797,cand_009
2023-09-06 07:00:00,0.5222644599299877,12156.566872235728,cand_011
2023-09-06 07:00:00,0.5221548113343271,12157.089027047063,cand_013
2023-09-06 07:00:00,0.5271758785499405,12157.616202925612,cand_014
2023-09-06 07:00:00,0.49031404625585057,12158.106516971868,cand_014
2023-09-06 07:00:00,0.604366284364134,12158.710883256232,cand_015
2023-09-07 07:00:00,0.5104507579966491,12159.221334014228,cand_003
2023-09-07 07:00:00,0.5093902926608961,12159.730724306888,cand_009
2023-09-07 07:00:00,0.5222644599299877,12160.252988766819,cand_011
2023-09-07 07:00:00,0.5221548113343271,12160.775143578154,cand_013
2023-09-07 07:00:00,0.5271758785499405,12161.302319456703,cand_014
2023-09-07 07:00:00,0.49031404625585057,12161.792633502959,cand_014
2023-09-11 07:32:20,0.0,12161.792633502959,cand_003
2023-09-11 07:32:20,0.0,12161.792633502959,cand_007
2023-09-11 07:32:20,0.0,12161.792633502959,cand_009
2023-09-11 07:32:20,0.0,12161.792633502959,cand_011
2023-09-11 07:32:20,0.0,12161.792633502959,cand_013
2023-09-11 07:32:20,0.0,12161.792633502959,cand_014
2023-09-11 07:32:20,0.0,12161.792633502959,cand_014
2023-09-11 07:32:20,0.0,12161.792633502959,cand_015
2023-09-11 13:00:00,-18.9947735005106,12142.797860002449,cand_003
2023-09-11 13:00:00,-24.435102433888403,12118.36275756856,cand_007
2023-09-11 13:00:00,-18.955311713957816,12099.407445854602,cand_009
2023-09-11 13:00:00,-19.434382197159426,12079.973063657442,cand_011
2023-09-11 13:00:00,-19.430301979417372,12060.542761678025,cand_013
2023-09-11 13:00:00,-19.6171447512172,12040.925616926808,cand_014
2023-09-11 13:00:00,-18.245450921261828,12022.680166005546,cand_014
2023-09-11 13:00:00,-22.48953596992654,12000.19063003562,cand_015
2023-09-13 07:00:00,0.5104507579966491,12000.701080793617,cand_003
2023-09-13 07:00:00,0.5093902926608961,12001.210471086277,cand_009
2023-09-13 07:00:00,0.5222644599299877,12001.732735546208,cand_011
2023-09-13 07:00:00,0.5221548113343271,12002.254890357543,cand_013
2023-09-13 07:00:00,0.5271758785499405,12002.782066236092,cand_014
2023-09-13 07:00:00,0.49031404625585057,12003.272380282348,cand_014
2023-09-19 07:00:00,0.5104507579966491,12003.782831040344,cand_003
2023-09-19 07:00:00,0.5093902926608961,12004.292221333004,cand_009
2023-09-19 07:00:00,0.5222644599299877,12004.814485792935,cand_011
2023-09-19 07:00:00,0.5221548113343271,12005.33664060427,cand_013
2023-09-19 07:00:00,0.5271758785499405,12005.863816482819,cand_014
2023-09-19 07:00:00,0.49031404625585057,12006.354130529075,cand_014
2023-09-19 09:45:40,0.0,12006.354130529075,cand_003
2023-09-19 09:45:40,0.0,12006.354130529075,cand_009
2023-09-19 09:45:40,0.0,12006.354130529075,cand_011
2023-09-19 09:45:40,0.0,12006.354130529075,cand_013
2023-09-19 09:45:40,0.0,12006.354130529075,cand_014
2023-09-19 09:45:40,0.0,12006.354130529075,cand_014
2023-09-19 13:00:00,-9.27218788643325,11997.08194264264,cand_003
2023-09-19 13:00:00,-9.252924845510867,11987.82901779713,cand_009
2023-09-19 13:00:00,-9.486780307434131,11978.342237489696,cand_011
2023-09-19 13:00:00,-9.484788572943541,11968.857448916753,cand_013
2023-09-19 13:00:00,-9.575994782130685,11959.281454134623,cand_014
2023-09-19 13:00:00,-8.90641044022392,11950.3750436944,cand_014
2023-09-21 07:00:00,0.5104507579966491,11950.885494452396,cand_003
2023-09-21 07:00:00,0.5093902926608961,11951.394884745056,cand_009
2023-09-21 07:00:00,0.5222644599299877,11951.917149204986,cand_011
2023-09-21 07:00:00,0.5221548113343271,11952.439304016321,cand_013
2023-09-21 07:00:00,0.5271758785499405,11952.96647989487,cand_014
2023-09-21 07:00:00,0.49031404625585057,11953.456793941126,cand_014
2023-09-22 07:00:00,0.5104507579966491,11953.967244699123,cand_003
2023-09-22 07:00:00,0.5093902926608961,11954.476634991783,cand_009
2023-09-22 07:00:00,0.5222644599299877,11954.998899451713,cand_011
2023-09-22 07:00:00,0.5221548113343271,11955.521054263048,cand_013
2023-09-22 07:00:00,0.5271758785499405,11956.048230141598,cand_014
2023-09-22 07:00:00,0.49031404625585057,11956.538544187853,cand_014
2023-09-22 09:36:40,0.0,11956.538544187853,cand_003
2023-09-22 09:36:40,0.0,11956.538544187853,cand_009
2023-09-22 09:36:40,0.0,11956.538544187853,cand_011
2023-09-22 09:36:40,0.0,11956.538544187853,cand_013
2023-09-22 09:36:40,0.0,11956.538544187853,cand_014
2023-09-22 09:36:40,0.0,11956.538544187853,cand_014
2023-09-22 13:00:00,0.40535795487969195,11956.943902142733,cand_003
2023-09-22 13:00:00,0.4045158206424764,11957.348417963376,cand_009
2023-09-22 13:00:00,0.41473942406204917,11957.763157387439,cand_011
2023-09-22 13:00:00,0.41465235017725977,11958.177809737615,cand_013
2023-09-22 13:00:00,0.41863966826024696,11958.596449405875,cand_014
2023-09-22 13:00:00,0.3893670367325872,11958.985816442608,cand_014
2023-09-25 07:00:00,0.5104507579966491,11959.496267200604,cand_003
2023-09-25 07:00:00,0.5093902926608961,11960.005657493264,cand_009
2023-09-25 07:00:00,0.5222644599299877,11960.527921953195,cand_011
2023-09-25 07:00:00,0.5221548113343271,11961.05007676453,cand_013
2023-09-25 07:00:00,0.5271758785499405,11961.57725264308,cand_014
2023-09-25 07:00:00,0.49031404625585057,11962.067566689335,cand_014
2023-09-26 07:00:00,0.5104507579966491,11962.578017447331,cand_003
2023-09-26 07:00:00,0.5093902926608961,11963.087407739991,cand_009
2023-09-26 07:00:00,0.5222644599299877,11963.609672199922,cand_011
2023-09-26 07:00:00,0.5221548113343271,11964.131827011257,cand_013
2023-09-26 07:00:00,0.5271758785499405,11964.659002889806,cand_014
2023-09-26 07:00:00,0.49031404625585057,11965.149316936062,cand_014
2023-09-26 09:21:40,0.0,11965.149316936062,cand_003
2023-09-26 09:21:40,0.0,11965.149316936062,cand_009
2023-09-26 09:21:40,0.0,11965.149316936062,cand_011
2023-09-26 09:21:40,0.0,11965.149316936062,cand_013
2023-09-26 09:21:40,0.0,11965.149316936062,cand_014
2023-09-26 09:21:40,0.0,11965.149316936062,cand_014
2023-09-26 13:00:00,-9.197121598492565,11955.95219533757,cand_003
2023-09-26 13:00:00,-9.178014508354853,11946.774180829216,cand_009
2023-09-26 13:00:00,-9.409976710385603,11937.36420411883,cand_011
2023-09-26 13:00:00,-9.408001100688493,11927.956203018142,cand_013
2023-09-26 13:00:00,-9.498468917638046,11918.457734100504,cand_014
2023-09-26 13:00:00,-8.834305433421589,11909.623428667082,cand_014
2023-09-28 07:00:00,0.5104507579966491,11910.133879425079,cand_003
2023-09-28 07:00:00,0.6566499231364257,11910.790529348214,cand_007
2023-09-28 07:00:00,0.5093902926608961,11911.299919640875,cand_009
2023-09-28 07:00:00,0.5222644599299877,11911.822184100805,cand_011
2023-09-28 07:00:00,0.5221548113343271,11912.34433891214,cand_013
2023-09-28 07:00:00,0.5271758785499405,11912.87151479069,cand_014
2023-09-28 07:00:00,0.49031404625585057,11913.361828836945,cand_014
2023-09-28 07:00:00,0.604366284364134,11913.96619512131,cand_015
2023-09-29 07:00:00,0.5104507579966491,11914.476645879306,cand_003
2023-09-29 07:00:00,0.5093902926608961,11914.986036171966,cand_009
2023-09-29 07:00:00,0.5222644599299877,11915.508300631896,cand_011
2023-09-29 07:00:00,0.5221548113343271,11916.030455443231,cand_013
2023-09-29 07:00:00,0.5271758785499405,11916.55763132178,cand_014
2023-10-02 07:00:00,0.5104507579966491,11917.068082079777,cand_003
2023-10-02 07:00:00,0.6566499231364257,11917.724732002913,cand_007
2023-10-02 07:00:00,0.5093902926608961,11918.234122295573,cand_009
2023-10-02 07:00:00,0.5222644599299877,11918.756386755504,cand_011
2023-10-02 07:00:00,0.5221548113343271,11919.278541566839,cand_013
2023-10-02 07:00:00,0.5271758785499405,11919.805717445388,cand_014
2023-10-02 07:00:00,0.49031404625585057,11920.296031491644,cand_014
2023-10-02 07:00:00,0.604366284364134,11920.900397776008,cand_015
2023-10-09 07:00:00,0.5104507579966491,11921.410848534004,cand_003
2023-10-09 07:00:00,0.5093902926608961,11921.920238826664,cand_009
2023-10-09 07:00:00,0.5222644599299877,11922.442503286595,cand_011
2023-10-09 07:00:00,0.49031404625585057,11922.93281733285,cand_014
2023-10-11 07:00:00,0.5104507579966491,11923.443268090847,cand_003
2023-10-11 07:00:00,0.6566499231364257,11924.099918013982,cand_007
2023-10-11 07:00:00,0.5093902926608961,11924.609308306643,cand_009
2023-10-11 07:00:00,0.5222644599299877,11925.131572766573,cand_011
2023-10-11 07:00:00,0.5221548113343271,11925.653727577908,cand_013
2023-10-11 07:00:00,0.5271758785499405,11926.180903456458,cand_014
2023-10-11 07:00:00,0.49031404625585057,11926.671217502713,cand_014
2023-10-11 07:00:00,0.604366284364134,11927.275583787077,cand_015
2023-10-11 08:53:40,0.0,11927.275583787077,cand_003
2023-10-11 08:53:40,0.0,11927.275583787077,cand_007
2023-10-11 08:53:40,0.0,11927.275583787077,cand_009
2023-10-11 08:53:40,0.0,11927.275583787077,cand_011
2023-10-11 08:53:40,0.0,11927.275583787077,cand_013
2023-10-11 08:53:40,0.0,11927.275583787077,cand_014
2023-10-11 08:53:40,0.0,11927.275583787077,cand_014
2023-10-11 08:53:40,0.0,11927.275583787077,cand_015
2023-10-11 13:00:00,-11.87548675221616,11915.40009703486,cand_003
2023-10-11 13:00:00,-15.276767329438607,11900.123329705422,cand_007
2023-10-11 13:00:00,-11.850815338081436,11888.272514367342,cand_009
2023-10-11 13:00:00,-12.150329053077067,11876.122185314265,cand_011
2023-10-11 13:00:00,-12.14777811074861,11863.974407203517,cand_013
2023-10-11 13:00:00,-12.264591762735382,11851.709815440781,cand_014
2023-10-11 13:00:00,-11.407012076128758,11840.302803364653,cand_014
2023-10-11 13:00:00,-14.060403850942059,11826.24239951371,cand_015
2023-10-12 07:00:00,0.5104507579966491,11826.752850271707,cand_003
2023-10-12 07:00:00,0.5093902926608961,11827.262240564367,cand_009
2023-10-12 07:00:00,0.5222644599299877,11827.784505024298,cand_011
2023-10-12 07:00:00,0.5221548113343271,11828.306659835633,cand_013
2023-10-12 07:00:00,0.5271758785499405,11828.833835714182,cand_014
2023-10-12 07:00:00,0.49031404625585057,11829.324149760438,cand_014
2023-10-16 07:00:00,0.5104507579966491,11829.834600518434,cand_003
2023-10-16 07:00:00,0.5093902926608961,11830.343990811094,cand_009
2023-10-16 07:00:00,0.5222644599299877,11830.866255271025,cand_011
2023-10-16 07:00:00,0.5221548113343271,11831.38841008236,cand_013
2023-10-16 07:00:00,0.49031404625585057,11831.878724128615,cand_014
2023-10-18 07:00:00,0.5104507579966491,11832.389174886612,cand_003
2023-10-18 07:00:00,0.6566499231364257,11833.045824809748,cand_007
2023-10-18 07:00:00,0.5093902926608961,11833.555215102408,cand_009
2023-10-18 07:00:00,0.5222644599299877,11834.077479562338,cand_011
2023-10-18 07:00:00,0.5221548113343271,11834.599634373673,cand_013
2023-10-18 07:00:00,0.5271758785499405,11835.126810252223,cand_014
2023-10-18 07:00:00,0.49031404625585057,11835.617124298478,cand_014
2023-10-18 07:00:00,0.604366284364134,11836.221490582842,cand_015
2023-10-26 07:00:00,0.5104507579966491,11836.731941340839,cand_003
2023-10-26 07:00:00,0.6566499231364257,11837.388591263974,cand_007
2023-10-26 07:00:00,0.5093902926608961,11837.897981556634,cand_009
2023-10-26 07:00:00,0.5222644599299877,11838.420246016565,cand_011
2023-10-26 07:00:00,0.5221548113343271,11838.9424008279,cand_013
2023-10-26 07:00:00,0.5271758785499405,11839.46957670645,cand_014
2023-10-26 07:00:00,0.49031404625585057,11839.959890752705,cand_014
2023-10-26 07:00:00,0.604366284364134,11840.56425703707,cand_015
2023-10-26 09:05:40,0.0,11840.56425703707,cand_003
2023-10-26 09:05:40,0.0,11840.56425703707,cand_007
2023-10-26 09:05:40,0.0,11840.56425703707,cand_009
2023-10-26 09:05:40,0.0,11840.56425703707,cand_011
2023-10-26 09:05:40,0.0,11840.56425703707,cand_013
2023-10-26 09:05:40,0.0,11840.56425703707,cand_014
2023-10-26 09:05:40,0.0,11840.56425703707,cand_014
2023-10-26 09:05:40,0.0,11840.56425703707,cand_015
2023-10-26 09:47:40,45.0133494310551,11885.577606468125,cand_003
2023-10-26 09:47:40,-27.75951328046483,11857.81809318766,cand_003
2023-10-26 09:47:40,57.90570781013403,11915.723800997794,cand_007
2023-10-26 09:47:40,-35.710167878801506,11880.013633118991,cand_007
2023-10-26 09:47:40,-27.70184268029403,11852.311790438698,cand_009
2023-10-26 09:47:40,44.91983385492957,11897.231624293629,cand_009
2023-10-26 09:47:40,46.05512336295549,11943.286747656584,cand_011
2023-10-26 09:47:40,-28.401970188545512,11914.884777468038,cand_011
2023-10-26 09:47:40,-28.396007239916788,11886.488770228121,cand_013
2023-10-26 09:47:40,46.04545416279509,11932.534224390916,cand_013
2023-10-26 09:47:40,-28.669064689377652,11903.865159701538,cand_014
2023-10-26 09:47:40,46.48822959128159,11950.353389292819,cand_014
2023-10-26 09:47:40,-26.66443151550199,11923.688957777316,cand_014
2023-10-26 09:47:40,43.23762311900416,11966.926580896321,cand_014
2023-10-26 09:47:40,53.29515201270357,12020.221732909025,cand_015
2023-10-26 09:47:40,-32.86686058203776,11987.354872326987,cand_015
2023-11-01 07:00:00,0.5104507579966491,11987.865323084983,cand_003
2023-11-01 07:00:00,0.5093902926608961,11988.374713377643,cand_009
2023-11-01 07:00:00,0.5222644599299877,11988.896977837574,cand_011
2023-11-01 07:00:00,0.5221548113343271,11989.419132648909,cand_013
2023-11-01 07:00:00,0.5271758785499405,11989.946308527458,cand_014
2023-11-07 07:00:00,0.5104507579966491,11990.456759285455,cand_003
2023-11-07 07:00:00,0.6566499231364257,11991.11340920859,cand_007
2023-11-07 07:00:00,0.5093902926608961,11991.62279950125,cand_009
2023-11-07 07:00:00,0.5222644599299877,11992.145063961181,cand_011
2023-11-07 07:00:00,0.5221548113343271,11992.667218772516,cand_013
2023-11-07 07:00:00,0.5271758785499405,11993.194394651066,cand_014
2023-11-07 07:00:00,0.49031404625585057,11993.684708697321,cand_014
2023-11-07 07:00:00,0.604366284364134,11994.289074981685,cand_015
2023-11-07 08:38:40,0.0,11994.289074981685,cand_003
2023-11-07 08:38:40,0.0,11994.289074981685,cand_007
2023-11-07 08:38:40,0.0,11994.289074981685,cand_009
2023-11-07 08:38:40,0.0,11994.289074981685,cand_011
2023-11-07 08:38:40,0.0,11994.289074981685,cand_013
2023-11-07 08:38:40,0.0,11994.289074981685,cand_014
2023-11-07 08:38:40,0.0,11994.289074981685,cand_014
2023-11-07 08:38:40,0.0,11994.289074981685,cand_015
2023-11-07 13:00:00,-2.597293562747656,11991.691781418938,cand_003
2023-11-07 13:00:00,-3.3411893147824014,11988.350592104156,cand_007
2023-11-07 13:00:00,-2.5918976655980894,11985.758694438558,cand_009
2023-11-07 13:00:00,-2.6574044578790557,11983.10128998068,cand_011
2023-11-07 13:00:00,-2.6568465400246644,11980.444443440654,cand_013
2023-11-07 13:00:00,-2.682394911445286,11977.762048529208,cand_014
2023-11-07 13:00:00,-2.4948332353606513,11975.267215293847,cand_014
2023-11-07 13:00:00,-3.075157858676329,11972.19205743517,cand_015
2023-11-08 07:00:00,0.5104507579966491,11972.702508193166,cand_003
2023-11-08 07:00:00,0.5093902926608961,11973.211898485826,cand_009
2023-11-08 07:00:00,0.5222644599299877,11973.734162945757,cand_011
2023-11-08 07:00:00,0.5221548113343271,11974.256317757092,cand_013
2023-11-08 07:00:00,0.5271758785499405,11974.783493635641,cand_014
2023-11-08 09:16:40,0.0,11974.783493635641,cand_003
2023-11-08 09:16:40,0.0,11974.783493635641,cand_009
2023-11-08 09:16:40,0.0,11974.783493635641,cand_011
2023-11-08 09:16:40,0.0,11974.783493635641,cand_013
2023-11-08 09:16:40,0.0,11974.783493635641,cand_014
2023-11-08 13:00:00,1.23408977374484,11976.017583409386,cand_003
2023-11-08 13:00:00,1.2315259428448726,11977.249109352231,cand_009
2023-11-08 13:00:00,1.262651135477794,11978.511760487709,cand_011
2023-11-08 13:00:00,1.2623860438729908,11979.774146531581,cand_013
2023-11-08 13:00:00,1.274525212258974,11981.04867174384,cand_014
2023-11-13 07:00:00,0.5104507579966491,11981.559122501836,cand_003
2023-11-13 07:00:00,0.6566499231364257,11982.215772424972,cand_007
2023-11-13 07:00:00,0.5093902926608961,11982.725162717632,cand_009
2023-11-13 07:00:00,0.5222644599299877,11983.247427177563,cand_011
2023-11-13 07:00:00,0.5221548113343271,11983.769581988898,cand_013
2023-11-13 07:00:00,0.5271758785499405,11984.296757867447,cand_014
2023-11-13 07:00:00,0.49031404625585057,11984.787071913703,cand_014
2023-11-13 07:00:00,0.604366284364134,11985.391438198067,cand_015
2023-11-22 07:00:00,0.5104507579966491,11985.901888956063,cand_003
2023-11-22 07:00:00,0.6566499231364257,11986.558538879199,cand_007
2023-11-22 07:00:00,0.5093902926608961,11987.067929171859,cand_009
2023-11-22 07:00:00,0.5222644599299877,11987.59019363179,cand_011
2023-11-22 07:00:00,0.5221548113343271,11988.112348443125,cand_013
2023-11-22 07:00:00,0.5271758785499405,11988.639524321674,cand_014
2023-11-22 07:00:00,0.49031404625585057,11989.12983836793,cand_014
2023-11-22 07:00:00,0.604366284364134,11989.734204652294,cand_015
2023-11-22 07:15:40,0.0,11989.734204652294,cand_003
2023-11-22 07:15:40,0.0,11989.734204652294,cand_007
2023-11-22 07:15:40,0.0,11989.734204652294,cand_009
2023-11-22 07:15:40,0.0,11989.734204652294,cand_011
2023-11-22 07:15:40,0.0,11989.734204652294,cand_013
2023-11-22 07:15:40,0.0,11989.734204652294,cand_014
2023-11-22 07:15:40,0.0,11989.734204652294,cand_014
2023-11-22 07:15:40,0.0,11989.734204652294,cand_015
2023-11-22 13:00:00,15.085321224559795,12004.819525876854,cand_003
2023-11-22 13:00:00,19.405936551984723,12024.225462428838,cand_007
2023-11-22 13:00:00,15.053981354872603,12039.279443783711,cand_009
2023-11-22 13:00:00,15.43445086287211,12054.713894646584,cand_011
2023-11-22 13:00:00,15.431210424374468,12070.145105070958,cand_013
2023-11-22 13:00:00,15.579597728440596,12085.724702799398,cand_014
2023-11-22 13:00:00,14.490222166996432,12100.214924966394,cand_014
2023-11-22 13:00:00,17.86080125085535,12118.07572621725,cand_015
2023-11-23 07:00:00,0.5104507579966491,12118.586176975246,cand_003
2023-11-23 07:00:00,0.6566499231364257,12119.242826898382,cand_007
2023-11-23 07:00:00,0.5093902926608961,12119.752217191042,cand_009
2023-11-23 07:00:00,0.5222644599299877,12120.274481650973,cand_011
2023-11-23 07:00:00,0.5221548113343271,12120.796636462308,cand_013
2023-11-23 07:00:00,0.5271758785499405,12121.323812340857,cand_014
2023-11-23 07:00:00,0.49031404625585057,12121.814126387113,cand_014
2023-11-23 07:00:00,0.604366284364134,12122.418492671477,cand_015
2023-11-24 07:00:00,0.5104507579966491,12122.928943429473,cand_003
2023-11-24 07:00:00,0.6566499231364257,12123.585593352609,cand_007
2023-11-24 07:00:00,0.5093902926608961,12124.09498364527,cand_009
2023-11-24 07:00:00,0.5222644599299877,12124.6172481052,cand_011
2023-11-24 07:00:00,0.5221548113343271,12125.139402916535,cand_013
2023-11-24 07:00:00,0.5271758785499405,12125.666578795084,cand_014
2023-11-24 07:00:00,0.49031404625585057,12126.15689284134,cand_014
2023-11-24 07:00:00,0.604366284364134,12126.761259125704,cand_015
2023-12-01 07:00:00,0.5104507579966491,12127.2717098837,cand_003
2023-12-01 07:00:00,0.5093902926608961,12127.78110017636,cand_009
2023-12-01 07:00:00,0.5222644599299877,12128.303364636291,cand_011
2023-12-01 07:00:00,0.5221548113343271,12128.825519447626,cand_013
2023-12-01 07:00:00,0.5271758785499405,12129.352695326175,cand_014
2023-12-01 07:00:00,0.49031404625585057,12129.843009372431,cand_014
2023-12-01 07:00:00,0.604366284364134,12130.447375656795,cand_015
2023-12-01 09:52:40,0.0,12130.447375656795,cand_003
2023-12-01 09:52:40,0.0,12130.447375656795,cand_009
2023-12-01 09:52:40,0.0,12130.447375656795,cand_011
2023-12-01 09:52:40,0.0,12130.447375656795,cand_013
2023-12-01 09:52:40,0.0,12130.447375656795,cand_014
2023-12-01 09:52:40,0.0,12130.447375656795,cand_014
2023-12-01 09:52:40,0.0,12130.447375656795,cand_015
2023-12-01 13:00:00,-13.758149253768508,12116.689226403027,cand_003
2023-12-01 13:00:00,-13.72956659395427,12102.959659809072,cand_009
2023-12-01 13:00:00,-14.07656326705414,12088.883096542018,cand_011
2023-12-01 13:00:00,-14.073607914905216,12074.809488627114,cand_013
2023-12-01 13:00:00,-14.208940444210752,12060.600548182903,cand_014
2023-12-01 13:00:00,-13.21540564673122,12047.385142536172,cand_014
2023-12-01 13:00:00,-16.2894489115086,12031.095693624664,cand_015
2023-12-05 08:24:20,0.0,12031.095693624664,cand_003
2023-12-05 08:24:20,0.0,12031.095693624664,cand_009
2023-12-05 08:24:20,0.0,12031.095693624664,cand_011
2023-12-05 08:24:20,0.0,12031.095693624664,cand_013
2023-12-05 08:24:20,0.0,12031.095693624664,cand_014
2023-12-05 13:00:00,-10.287084099391294,12020.808609525273,cand_003
2023-12-05 13:00:00,-10.265712603860177,12010.542896921414,cand_009
2023-12-05 13:00:00,-10.525164939530223,12000.017731981883,cand_011
2023-12-05 13:00:00,-10.522955197831791,11989.494776784051,cand_013
2023-12-05 13:00:00,-10.624144470071155,11978.87063231398,cand_014
2023-12-06 07:00:00,0.5104507579966491,11979.381083071976,cand_003
2023-12-06 07:00:00,0.5093902926608961,11979.890473364636,cand_009
2023-12-06 07:00:00,0.5222644599299877,11980.412737824567,cand_011
2023-12-06 07:00:00,0.5221548113343271,11980.934892635902,cand_013
2023-12-06 07:00:00,0.5271758785499405,11981.462068514451,cand_014
2023-12-07 07:49:40,0.0,11981.462068514451,cand_003
2023-12-07 07:49:40,0.0,11981.462068514451,cand_007
2023-12-07 07:49:40,0.0,11981.462068514451,cand_009
2023-12-07 07:49:40,0.0,11981.462068514451,cand_011
2023-12-07 07:49:40,0.0,11981.462068514451,cand_013
2023-12-07 07:49:40,0.0,11981.462068514451,cand_014
2023-12-07 07:49:40,0.0,11981.462068514451,cand_014
2023-12-07 07:49:40,0.0,11981.462068514451,cand_015
2023-12-07 12:13:40,76.18627695675869,12057.648345471209,cand_003
2023-12-07 12:13:40,43.4549732934065,12101.103318764615,cand_003
2023-12-07 12:13:40,98.00693235141487,12199.11025111603,cand_007
2023-12-07 12:13:40,55.90099422126459,12255.011245337295,cand_007
2023-12-07 12:13:40,43.364695255570716,12298.375940592865,cand_009
2023-12-07 12:13:40,76.02799938638186,12374.403939979247,cand_009
2023-12-07 12:13:40,44.46068068822805,12418.864620667475,cand_011
2023-12-07 12:13:40,77.94950671649164,12496.814127383966,cand_011
2023-12-07 12:13:40,44.45134623878029,12541.265473622747,cand_013
2023-12-07 12:13:40,77.93314134109342,12619.19861496384,cand_013
2023-12-07 12:13:40,78.68255039086849,12697.881165354707,cand_014
2023-12-07 12:13:40,44.87879264441441,12742.759957999122,cand_014
2023-12-07 12:13:40,73.18081350382174,12815.940771502943,cand_014
2023-12-07 12:13:40,41.74072317778777,12857.68149468073,cand_014
2023-12-07 12:13:40,90.20344548924218,12947.884940169972,cand_015
2023-12-07 12:13:40,51.45005729749777,12999.33499746747,cand_015
2023-12-11 07:00:00,0.5104507579966491,12999.845448225466,cand_003
2023-12-11 07:00:00,0.6566499231364257,13000.502098148601,cand_007
2023-12-11 07:00:00,0.5093902926608961,13001.011488441261,cand_009
2023-12-11 07:00:00,0.5222644599299877,13001.533752901192,cand_011
2023-12-11 07:00:00,0.5221548113343271,13002.055907712527,cand_013
2023-12-11 07:00:00,0.5271758785499405,13002.583083591077,cand_014
2023-12-11 07:00:00,0.49031404625585057,13003.073397637332,cand_014
2023-12-11 07:00:00,0.604366284364134,13003.677763921696,cand_015
2023-12-11 09:40:40,0.0,13003.677763921696,cand_003
2023-12-11 09:40:40,0.0,13003.677763921696,cand_007
2023-12-11 09:40:40,0.0,13003.677763921696,cand_009
2023-12-11 09:40:40,0.0,13003.677763921696,cand_011
2023-12-11 09:40:40,0.0,13003.677763921696,cand_013
2023-12-11 09:40:40,0.0,13003.677763921696,cand_014
2023-12-11 09:40:40,0.0,13003.677763921696,cand_014
2023-12-11 09:40:40,0.0,13003.677763921696,cand_015
2023-12-11 13:00:00,18.108991302810534,13021.786755224506,cand_003
2023-12-11 13:00:00,23.295621684916373,13045.082376909422,cand_007
2023-12-11 13:00:00,18.071369735516853,13063.153746644939,cand_009
2023-12-11 13:00:00,18.5280997519868,13081.681846396927,cand_011
2023-12-11 13:00:00,18.524209806807804,13100.206056203735,cand_013
2023-12-11 13:00:00,18.70233955020407,13118.908395753939,cand_014
2023-12-11 13:00:00,17.394611840994322,13136.303007594934,cand_014
2023-12-11 13:00:00,21.440782711765248,13157.743790306698,cand_015
2023-12-12 07:22:40,0.0,13157.743790306698,cand_003
2023-12-12 07:22:40,0.0,13157.743790306698,cand_007
2023-12-12 07:22:40,0.0,13157.743790306698,cand_009
2023-12-12 07:22:40,0.0,13157.743790306698,cand_011
2023-12-12 07:22:40,0.0,13157.743790306698,cand_013
2023-12-12 07:22:40,0.0,13157.743790306698,cand_014
2023-12-12 07:22:40,0.0,13157.743790306698,cand_014
2023-12-12 07:22:40,0.0,13157.743790306698,cand_015
2023-12-12 13:00:00,3.140773487438206,13160.884563794136,cand_003
2023-12-12 13:00:00,4.040328350592361,13164.924892144729,cand_007
2023-12-12 13:00:00,3.1342485066076318,13168.059140651336,cand_009
2023-12-12 13:00:00,3.2134625005103956,13171.272603151847,cand_011
2023-12-12 13:00:00,3.212787839151213,13174.485390990998,cand_013
2023-12-12 13:00:00,3.2436821703719874,13177.72907316137,cand_014
2023-12-12 13:00:00,3.016873484609528,13180.74594664598,cand_014
2023-12-12 13:00:00,3.718630196734613,13184.464576842714,cand_015
2023-12-13 07:00:00,0.5104507579966491,13184.97502760071,cand_003
2023-12-13 07:00:00,0.6566499231364257,13185.631677523847,cand_007
2023-12-13 07:00:00,0.5093902926608961,13186.141067816507,cand_009
2023-12-13 07:00:00,0.5222644599299877,13186.663332276437,cand_011
2023-12-13 07:00:00,0.5221548113343271,13187.185487087772,cand_013
2023-12-13 07:00:00,0.5271758785499405,13187.712662966322,cand_014
2023-12-13 07:00:00,0.49031404625585057,13188.202977012577,cand_014
2023-12-13 07:00:00,0.604366284364134,13188.807343296941,cand_015
2023-12-13 08:33:40,0.0,13188.807343296941,cand_003
2023-12-13 08:33:40,0.0,13188.807343296941,cand_007
2023-12-13 08:33:40,0.0,13188.807343296941,cand_009
2023-12-13 08:33:40,0.0,13188.807343296941,cand_011
2023-12-13 08:33:40,0.0,13188.807343296941,cand_013
2023-12-13 08:33:40,0.0,13188.807343296941,cand_014
2023-12-13 08:33:40,0.0,13188.807343296941,cand_014
2023-12-13 08:33:40,0.0,13188.807343296941,cand_015
2023-12-13 13:00:00,-7.791880688242967,13181.015462608699,cand_003
2023-12-13 13:00:00,-10.023567944347203,13170.991894664352,cand_007
2023-12-13 13:00:00,-7.775692996794268,13163.216201667557,cand_009
2023-12-13 13:00:00,-7.972213373637166,13155.24398829392,cand_011
2023-12-13 13:00:00,-7.970539620073993,13147.273448673846,cand_013
2023-12-13 13:00:00,-8.047184734335858,13139.22626393951,cand_014
2023-12-13 13:00:00,-7.484499706081954,13131.741764233428,cand_014
2023-12-13 13:00:00,-9.225473576028987,13122.516290657399,cand_015
2023-12-19 07:00:00,0.5104507579966491,13123.026741415395,cand_003
2023-12-19 07:00:00,0.5093902926608961,13123.536131708055,cand_009
2023-12-19 07:00:00,0.5222644599299877,13124.058396167986,cand_011
2023-12-19 07:00:00,0.5221548113343271,13124.58055097932,cand_013
2023-12-19 07:00:00,0.5271758785499405,13125.10772685787,cand_014
2023-12-19 07:00:00,0.49031404625585057,13125.598040904126,cand_014
2023-12-19 09:01:40,0.0,13125.598040904126,cand_003
2023-12-19 09:01:40,0.0,13125.598040904126,cand_009
2023-12-19 09:01:40,0.0,13125.598040904126,cand_011
2023-12-19 09:01:40,0.0,13125.598040904126,cand_013
2023-12-19 09:01:40,0.0,13125.598040904126,cand_014
2023-12-19 09:01:40,0.0,13125.598040904126,cand_014
2023-12-19 13:00:00,39.133557229237226,13164.731598133363,cand_003
2023-12-19 13:00:00,39.052256966173296,13203.783855099537,cand_009
2023-12-19 13:00:00,40.03925121333842,13243.823106312875,cand_011
2023-12-19 13:00:00,40.03084503600168,13283.853951348878,cand_013
2023-12-19 13:00:00,40.415783677302215,13324.26973502618,cand_014
2023-12-19 13:00:00,37.58978214619118,13361.859517172372,cand_014
2023-12-20 07:00:00,0.5104507579966491,13362.369967930368,cand_003
2023-12-20 07:00:00,0.6566499231364257,13363.026617853504,cand_007
2023-12-20 07:00:00,0.5093902926608961,13363.536008146164,cand_009
2023-12-20 07:00:00,0.5222644599299877,13364.058272606095,cand_011
2023-12-20 07:00:00,0.5221548113343271,13364.58042741743,cand_013
2023-12-20 07:00:00,0.5271758785499405,13365.107603295979,cand_014
2023-12-20 07:00:00,0.49031404625585057,13365.597917342235,cand_014
2023-12-20 07:00:00,0.604366284364134,13366.202283626599,cand_015
2023-12-27 07:00:00,0.5104507579966491,13366.712734384595,cand_003
2023-12-27 07:00:00,0.5093902926608961,13367.222124677255,cand_009
2023-12-27 07:00:00,0.5222644599299877,13367.744389137186,cand_011
2023-12-27 07:00:00,0.5221548113343271,13368.26654394852,cand_013
2023-12-27 07:00:00,0.5271758785499405,13368.79371982707,cand_014
2023-12-27 07:00:00,0.49031404625585057,13369.284033873326,cand_014
2023-12-28 09:03:40,0.0,13369.284033873326,cand_003
2023-12-28 09:03:40,0.0,13369.284033873326,cand_007
2023-12-28 09:03:40,0.0,13369.284033873326,cand_009
2023-12-28 09:03:40,0.0,13369.284033873326,cand_011
2023-12-28 09:03:40,0.0,13369.284033873326,cand_013
2023-12-28 09:03:40,0.0,13369.284033873326,cand_014
2023-12-28 09:03:40,0.0,13369.284033873326,cand_014
2023-12-28 09:03:40,0.0,13369.284033873326,cand_015
2023-12-28 13:00:00,11.566213645900545,13380.850247519227,cand_003
2023-12-28 13:00:00,14.87891472895007,13395.729162248177,cand_007
2023-12-28 13:00:00,11.54218474899866,13407.271346997175,cand_009
2023-12-28 13:00:00,11.833898233237136,13419.105245230412,cand_011
2023-12-28 13:00:00,11.831413725057812,13430.93665895547,cand_013
2023-12-28 13:00:00,11.945185201025714,13442.881844156496,cand_014
2023-12-28 13:00:00,11.109939448103155,13453.991783604599,cand_014
2023-12-28 13:00:00,13.694228984533202,13467.686012589133,cand_015
2024-01-02 07:00:00,0.5104507579966491,13468.196463347129,cand_003
2024-01-02 07:00:00,0.5093902926608961,13468.705853639789,cand_009
2024-01-02 07:00:00,0.5222644599299877,13469.22811809972,cand_011
2024-01-02 07:00:00,0.5221548113343271,13469.750272911055,cand_013
2024-01-02 07:00:00,0.5271758785499405,13470.277448789604,cand_014
2024-01-02 07:00:00,0.604366284364134,13470.881815073968,cand_015
2024-01-03 07:00:00,0.5104507579966491,13471.392265831964,cand_003
2024-01-03 07:00:00,0.5093902926608961,13471.901656124624,cand_009
2024-01-03 07:00:00,0.5222644599299877,13472.423920584555,cand_011
2024-01-03 07:00:00,0.5221548113343271,13472.94607539589,cand_013
2024-01-03 07:00:00,0.5271758785499405,13473.47325127444,cand_014
2024-01-03 07:00:00,0.49031404625585057,13473.963565320695,cand_014
2024-01-03 07:00:00,0.604366284364134,13474.56793160506,cand_015
2024-01-03 09:14:40,0.0,13474.56793160506,cand_003
2024-01-03 09:14:40,0.0,13474.56793160506,cand_009
2024-01-03 09:14:40,0.0,13474.56793160506,cand_011
2024-01-03 09:14:40,0.0,13474.56793160506,cand_013
2024-01-03 09:14:40,0.0,13474.56793160506,cand_014
2024-01-03 09:14:40,0.0,13474.56793160506,cand_014
2024-01-03 09:14:40,0.0,13474.56793160506,cand_015
2024-01-03 13:00:00,14.187528420789217,13488.755460025848,cand_003
2024-01-03 13:00:00,14.158053722486672,13502.913513748335,cand_009
2024-01-03 13:00:00,14.515879842171719,13517.429393590508,cand_011
2024-01-03 13:00:00,14.512832256204092,13531.942225846713,cand_013
2024-01-03 13:00:00,14.652388389108642,13546.594614235823,cand_014
2024-01-03 13:00:00,13.627846285640553,13560.222460521463,cand_014
2024-01-03 13:00:00,16.797827609532547,13577.020288130996,cand_015
2024-01-04 07:00:00,0.5104507579966491,13577.530738888992,cand_003
2024-01-04 07:00:00,0.5093902926608961,13578.040129181652,cand_009
2024-01-04 07:00:00,0.5222644599299877,13578.562393641583,cand_011
2024-01-04 07:00:00,0.5221548113343271,13579.084548452918,cand_013
2024-01-04 07:00:00,0.5271758785499405,13579.611724331467,cand_014
2024-01-04 07:00:00,0.49031404625585057,13580.102038377723,cand_014
2024-01-04 07:34:40,0.0,13580.102038377723,cand_003
2024-01-04 07:34:40,0.0,13580.102038377723,cand_009
2024-01-04 07:34:40,0.0,13580.102038377723,cand_011
2024-01-04 07:34:40,0.0,13580.102038377723,cand_013
2024-01-04 07:34:40,0.0,13580.102038377723,cand_014
2024-01-04 07:34:40,0.0,13580.102038377723,cand_014
2024-01-04 13:00:00,21.607080320846393,13601.709118698569,cand_003
2024-01-04 13:00:00,21.562191446987107,13623.271310145556,cand_009
2024-01-04 13:00:00,22.107147374448186,13645.378457520004,cand_011
2024-01-04 13:00:00,22.102506013893045,13667.480963533897,cand_013
2024-01-04 13:00:00,22.31504483556101,13689.796008369458,cand_014
2024-01-04 13:00:00,20.754705157982944,13710.55071352744,cand_014
2024-01-05 07:00:00,0.5104507579966491,13711.061164285436,cand_003
2024-01-05 07:00:00,0.6566499231364257,13711.717814208572,cand_007
2024-01-05 07:00:00,0.5093902926608961,13712.227204501232,cand_009
2024-01-05 07:00:00,0.5222644599299877,13712.749468961163,cand_011
2024-01-05 07:00:00,0.5221548113343271,13713.271623772498,cand_013
2024-01-05 07:00:00,0.5271758785499405,13713.798799651047,cand_014
2024-01-05 07:00:00,0.49031404625585057,13714.289113697303,cand_014
2024-01-05 07:00:00,0.604366284364134,13714.893479981667,cand_015
2024-01-05 08:23:40,0.0,13714.893479981667,cand_003
2024-01-05 08:23:40,0.0,13714.893479981667,cand_007
2024-01-05 08:23:40,0.0,13714.893479981667,cand_009
2024-01-05 08:23:40,0.0,13714.893479981667,cand_011
2024-01-05 08:23:40,0.0,13714.893479981667,cand_013
2024-01-05 08:23:40,0.0,13714.893479981667,cand_014
2024-01-05 08:23:40,0.0,13714.893479981667,cand_014
2024-01-05 08:23:40,0.0,13714.893479981667,cand_015
2024-01-05 13:00:00,5.416783337799735,13720.310263319467,cand_003
2024-01-05 13:00:00,6.9682144784594815,13727.278477797927,cand_007
2024-01-05 13:00:00,5.40552992917798,13732.684007727104,cand_009
2024-01-05 13:00:00,5.542147563021753,13738.226155290125,cand_011
2024-01-05 13:00:00,5.540983997924271,13743.76713928805,cand_013
2024-01-05 13:00:00,5.594266381788781,13749.361405669839,cand_014
2024-01-05 13:00:00,5.203097290856202,13754.564502960695,cand_014
2024-01-05 13:00:00,6.413392805840575,13760.977895766535,cand_015
2024-01-08 07:00:00,0.5104507579966491,13761.488346524531,cand_003
2024-01-08 07:00:00,0.5093902926608961,13761.997736817191,cand_009
2024-01-08 07:00:00,0.5222644599299877,13762.520001277122,cand_011
2024-01-08 07:00:00,0.5221548113343271,13763.042156088457,cand_013
2024-01-08 07:00:00,0.5271758785499405,13763.569331967006,cand_014
2024-01-08 07:00:00,0.604366284364134,13764.17369825137,cand_015
2024-01-10 07:00:00,0.5104507579966491,13764.684149009367,cand_003
2024-01-10 07:00:00,0.5093902926608961,13765.193539302027,cand_009
2024-01-10 07:00:00,0.5222644599299877,13765.715803761957,cand_011
2024-01-10 07:00:00,0.5221548113343271,13766.237958573292,cand_013
2024-01-10 07:00:00,0.5271758785499405,13766.765134451842,cand_014
2024-01-10 07:00:00,0.49031404625585057,13767.255448498097,cand_014
2024-01-10 07:00:00,0.604366284364134,13767.859814782461,cand_015
2024-01-10 08:52:40,0.0,13767.859814782461,cand_003
2024-01-10 08:52:40,0.0,13767.859814782461,cand_009
2024-01-10 08:52:40,0.0,13767.859814782461,cand_011
2024-01-10 08:52:40,0.0,13767.859814782461,cand_013
2024-01-10 08:52:40,0.0,13767.859814782461,cand_014
2024-01-10 08:52:40,0.0,13767.859814782461,cand_014
2024-01-10 08:52:40,0.0,13767.859814782461,cand_015
2024-01-10 13:00:00,-5.386756822623462,13762.473057959838,cand_003
2024-01-10 13:00:00,-5.375565794315575,13757.097492165523,cand_009
2024-01-10 13:00:00,-5.511426124202342,13751.586066041322,cand_011
2024-01-10 13:00:00,-5.510269009022252,13746.0757970323,cand_013
2024-01-10 13:00:00,-5.563256035991726,13740.512540996308,cand_014
2024-01-10 13:00:00,-5.174255288135271,13735.338285708172,cand_014
2024-01-10 13:00:00,-6.377841847936803,13728.960443860236,cand_015
2024-01-11 07:00:00,0.5104507579966491,13729.470894618233,cand_003
2024-01-11 07:00:00,0.6566499231364257,13730.127544541368,cand_007
2024-01-11 07:00:00,0.5093902926608961,13730.636934834029,cand_009
2024-01-11 07:00:00,0.5222644599299877,13731.15919929396,cand_011
2024-01-11 07:00:00,0.5221548113343271,13731.681354105294,cand_013
2024-01-11 07:00:00,0.5271758785499405,13732.208529983844,cand_014
2024-01-11 07:00:00,0.49031404625585057,13732.6988440301,cand_014
2024-01-11 07:00:00,0.604366284364134,13733.303210314463,cand_015
2024-01-15 07:00:00,0.5104507579966491,13733.81366107246,cand_003
2024-01-15 07:00:00,0.6566499231364257,13734.470310995595,cand_007
2024-01-15 07:00:00,0.5093902926608961,13734.979701288255,cand_009
2024-01-15 07:00:00,0.5222644599299877,13735.501965748186,cand_011
2024-01-15 07:00:00,0.5221548113343271,13736.024120559521,cand_013
2024-01-15 07:00:00,0.5271758785499405,13736.55129643807,cand_014
2024-01-15 07:00:00,0.49031404625585057,13737.041610484326,cand_014
2024-01-15 07:00:00,0.604366284364134,13737.64597676869,cand_015
2024-01-15 09:01:40,0.0,13737.64597676869,cand_003
2024-01-15 09:01:40,0.0,13737.64597676869,cand_007
2024-01-15 09:01:40,0.0,13737.64597676869,cand_009
2024-01-15 09:01:40,0.0,13737.64597676869,cand_011
2024-01-15 09:01:40,0.0,13737.64597676869,cand_013
2024-01-15 09:01:40,0.0,13737.64597676869,cand_014
2024-01-15 09:01:40,0.0,13737.64597676869,cand_014
2024-01-15 09:01:40,0.0,13737.64597676869,cand_015
2024-01-15 13:00:00,12.73724773777521,13750.383224506466,cand_003
2024-01-15 13:00:00,16.385346905557164,13766.768571412023,cand_007
2024-01-15 13:00:00,12.71078600863248,13779.479357420656,cand_009
2024-01-15 13:00:00,13.032034347194166,13792.51139176785,cand_011
2024-01-15 13:00:00,13.029298292236563,13805.540690060086,cand_013
2024-01-15 13:00:00,13.15458868711087,13818.695278747198,cand_014
2024-01-15 13:00:00,12.23477755421952,13830.930056301419,cand_014
2024-01-15 13:00:00,15.080716342780333,13846.010772644198,cand_015
2024-01-16 07:00:00,0.5104507579966491,13846.521223402195,cand_003
2024-01-16 07:00:00,0.5093902926608961,13847.030613694855,cand_009
2024-01-16 07:00:00,0.5222644599299877,13847.552878154786,cand_011
2024-01-16 07:00:00,0.5221548113343271,13848.07503296612,cand_013
2024-01-16 07:00:00,0.5271758785499405,13848.60220884467,cand_014
2024-01-17 07:00:00,0.5104507579966491,13849.112659602666,cand_003
2024-01-17 07:00:00,0.5093902926608961,13849.622049895326,cand_009
2024-01-17 07:00:00,0.5222644599299877,13850.144314355257,cand_011
2024-01-17 07:00:00,0.5221548113343271,13850.666469166592,cand_013
2024-01-17 07:00:00,0.5271758785499405,13851.193645045141,cand_014
2024-01-17 07:37:40,0.0,13851.193645045141,cand_003
2024-01-17 07:37:40,0.0,13851.193645045141,cand_009
2024-01-17 07:37:40,0.0,13851.193645045141,cand_011
2024-01-17 07:37:40,0.0,13851.193645045141,cand_013
2024-01-17 07:37:40,0.0,13851.193645045141,cand_014
2024-01-17 13:00:00,5.608953034927885,13856.802598080068,cand_003
2024-01-17 13:00:00,5.5973003922973765,13862.399898472366,cand_009
2024-01-17 13:00:00,5.738764771465983,13868.138663243832,cand_011
2024-01-17 13:00:00,5.737559926897194,13873.87622317073,cand_013
2024-01-17 13:00:00,5.7927325948899355,13879.66895576562,cand_014
2024-01-18 07:00:00,0.5104507579966491,13880.179406523615,cand_003
2024-01-18 07:00:00,0.5093902926608961,13880.688796816275,cand_009
2024-01-18 07:00:00,0.5222644599299877,13881.211061276206,cand_011
2024-01-18 07:00:00,0.5221548113343271,13881.733216087541,cand_013
2024-01-18 07:00:00,0.5271758785499405,13882.26039196609,cand_014
2024-01-18 07:00:00,0.49031404625585057,13882.750706012346,cand_014
2024-01-19 07:00:00,0.5104507579966491,13883.261156770342,cand_003
2024-01-19 07:00:00,0.5093902926608961,13883.770547063003,cand_009
2024-01-19 07:00:00,0.5222644599299877,13884.292811522933,cand_011
2024-01-19 07:00:00,0.5221548113343271,13884.814966334268,cand_013
2024-01-19 07:00:00,0.5271758785499405,13885.342142212818,cand_014
2024-01-19 07:00:00,0.49031404625585057,13885.832456259073,cand_014
2024-01-19 07:32:40,0.0,13885.832456259073,cand_003
2024-01-19 07:32:40,0.0,13885.832456259073,cand_009
2024-01-19 07:32:40,0.0,13885.832456259073,cand_011
2024-01-19 07:32:40,0.0,13885.832456259073,cand_013
2024-01-19 07:32:40,0.0,13885.832456259073,cand_014
2024-01-19 07:32:40,0.0,13885.832456259073,cand_014
2024-01-19 13:00:00,-26.627513658319323,13859.204942600754,cand_003
2024-01-19 13:00:00,-26.57219479598134,13832.632747804773,cand_009
2024-01-19 13:00:00,-27.243771945053716,13805.38897585972,cand_011
2024-01-19 13:00:00,-27.238052158310666,13778.150923701409,cand_013
2024-01-19 13:00:00,-27.499974652828666,13750.65094904858,cand_014
2024-01-19 13:00:00,-25.577088012922843,13725.073861035658,cand_014
2024-01-23 08:40:20,0.0,13725.073861035658,cand_003
2024-01-23 08:40:20,0.0,13725.073861035658,cand_009
2024-01-23 08:40:20,0.0,13725.073861035658,cand_011
2024-01-23 08:40:20,0.0,13725.073861035658,cand_013
2024-01-23 08:40:20,0.0,13725.073861035658,cand_014
2024-01-23 08:40:20,0.0,13725.073861035658,cand_015
2024-01-23 13:00:00,-5.9692712170431665,13719.104589818615,cand_003
2024-01-23 13:00:00,-5.956870010646244,13713.147719807968,cand_009
2024-01-23 13:00:00,-6.107422037298916,13707.040297770669,cand_011
2024-01-23 13:00:00,-6.106139793721425,13700.934157976948,cand_013
2024-01-23 13:00:00,-6.164856744454599,13694.769301232493,cand_014
2024-01-23 13:00:00,-7.067530431269991,13687.701770801223,cand_015
2024-01-25 07:00:00,0.5104507579966491,13688.212221559219,cand_003
2024-01-25 07:00:00,0.5093902926608961,13688.721611851879,cand_009
2024-01-25 07:00:00,0.5222644599299877,13689.24387631181,cand_011
2024-01-25 07:00:00,0.5221548113343271,13689.766031123145,cand_013
2024-01-25 07:00:00,0.5271758785499405,13690.293207001694,cand_014
2024-01-25 07:00:00,0.49031404625585057,13690.78352104795,cand_014
2024-01-26 07:00:00,0.5104507579966491,13691.293971805946,cand_003
2024-01-26 07:00:00,0.6566499231364257,13691.950621729082,cand_007
2024-01-26 07:00:00,0.5093902926608961,13692.460012021742,cand_009
2024-01-26 07:00:00,0.5222644599299877,13692.982276481673,cand_011
2024-01-26 07:00:00,0.5221548113343271,13693.504431293008,cand_013
2024-01-26 07:00:00,0.5271758785499405,13694.031607171557,cand_014
2024-01-26 07:00:00,0.49031404625585057,13694.521921217813,cand_014
2024-01-26 07:00:00,0.604366284364134,13695.126287502177,cand_015
2024-01-29 07:00:00,0.5104507579966491,13695.636738260173,cand_003
2024-01-29 07:00:00,0.5093902926608961,13696.146128552833,cand_009
2024-01-29 07:00:00,0.5222644599299877,13696.668393012764,cand_011
2024-01-29 07:00:00,0.5221548113343271,13697.190547824099,cand_013
2024-01-29 07:00:00,0.5271758785499405,13697.717723702648,cand_014
2024-01-29 07:00:00,0.49031404625585057,13698.208037748904,cand_014
2024-01-31 07:00:00,0.5104507579966491,13698.7184885069,cand_003
2024-01-31 07:00:00,0.6566499231364257,13699.375138430036,cand_007
2024-01-31 07:00:00,0.5093902926608961,13699.884528722696,cand_009
2024-01-31 07:00:00,0.5222644599299877,13700.406793182627,cand_011
2024-01-31 07:00:00,0.5221548113343271,13700.928947993962,cand_013
2024-01-31 07:00:00,0.5271758785499405,13701.456123872511,cand_014
2024-01-31 07:00:00,0.49031404625585057,13701.946437918767,cand_014
2024-01-31 07:00:00,0.604366284364134,13702.55080420313,cand_015
2024-02-05 07:00:00,0.5104507579966491,13703.061254961127,cand_003
2024-02-05 07:00:00,0.5093902926608961,13703.570645253787,cand_009
2024-02-05 07:00:00,0.5222644599299877,13704.092909713718,cand_011
2024-02-05 07:00:00,0.5221548113343271,13704.615064525053,cand_013
2024-02-05 07:00:00,0.5271758785499405,13705.142240403602,cand_014
2024-02-06 07:00:00,0.5104507579966491,13705.652691161598,cand_003
2024-02-06 07:00:00,0.5093902926608961,13706.162081454258,cand_009
2024-02-06 07:00:00,0.5222644599299877,13706.68434591419,cand_011
2024-02-06 07:00:00,0.5221548113343271,13707.206500725524,cand_013
2024-02-06 07:00:00,0.5271758785499405,13707.733676604073,cand_014
2024-02-06 07:00:00,0.49031404625585057,13708.22399065033,cand_014
2024-02-06 07:00:00,0.604366284364134,13708.828356934693,cand_015
2024-02-08 07:00:00,0.5104507579966491,13709.33880769269,cand_003
2024-02-08 07:00:00,0.5093902926608961,13709.84819798535,cand_009
2024-02-08 07:00:00,0.5222644599299877,13710.37046244528,cand_011
2024-02-08 07:00:00,0.5221548113343271,13710.892617256615,cand_013
2024-02-08 07:00:00,0.5271758785499405,13711.419793135165,cand_014
2024-02-08 07:00:00,0.49031404625585057,13711.91010718142,cand_014
2024-02-08 07:31:40,0.0,13711.91010718142,cand_003
2024-02-08 07:31:40,0.0,13711.91010718142,cand_009
2024-02-08 07:31:40,0.0,13711.91010718142,cand_011
2024-02-08 07:31:40,0.0,13711.91010718142,cand_013
2024-02-08 07:31:40,0.0,13711.91010718142,cand_014
2024-02-08 07:31:40,0.0,13711.91010718142,cand_014
2024-02-08 13:00:00,19.132895470321458,13731.043002651742,cand_003
2024-02-08 13:00:00,19.093146734324883,13750.136149386068,cand_009
2024-02-08 13:00:00,19.57570081572872,13769.711850201797,cand_011
2024-02-08 13:00:00,19.57159092836666,13789.283441130163,cand_013
2024-02-08 13:00:00,19.759792341883653,13809.043233472046,cand_014
2024-02-08 13:00:00,18.378124133778115,13827.421357605825,cand_014
2024-02-09 07:00:00,0.5104507579966491,13827.93180836382,cand_003
2024-02-09 07:00:00,0.6566499231364257,13828.588458286957,cand_007
2024-02-09 07:00:00,0.5093902926608961,13829.097848579617,cand_009
2024-02-09 07:00:00,0.5222644599299877,13829.620113039548,cand_011
2024-02-09 07:00:00,0.5221548113343271,13830.142267850882,cand_013
2024-02-09 07:00:00,0.5271758785499405,13830.669443729432,cand_014
2024-02-09 07:00:00,0.49031404625585057,13831.159757775687,cand_014
2024-02-09 07:00:00,0.604366284364134,13831.764124060051,cand_015
2024-02-13 07:00:00,0.5104507579966491,13832.274574818048,cand_003
2024-02-13 07:00:00,0.6566499231364257,13832.931224741184,cand_007
2024-02-13 07:00:00,0.5093902926608961,13833.440615033844,cand_009
2024-02-13 07:00:00,0.5222644599299877,13833.962879493774,cand_011
2024-02-13 07:00:00,0.5221548113343271,13834.48503430511,cand_013
2024-02-13 07:00:00,0.5271758785499405,13835.012210183659,cand_014
2024-02-13 07:00:00,0.49031404625585057,13835.502524229914,cand_014
2024-02-13 07:00:00,0.604366284364134,13836.106890514278,cand_015
2024-02-14 07:00:00,0.5104507579966491,13836.617341272275,cand_003
2024-02-14 07:00:00,0.6566499231364257,13837.27399119541,cand_007
2024-02-14 07:00:00,0.5093902926608961,13837.78338148807,cand_009
2024-02-14 07:00:00,0.5222644599299877,13838.305645948001,cand_011
2024-02-14 07:00:00,0.5221548113343271,13838.827800759336,cand_013
2024-02-14 07:00:00,0.5271758785499405,13839.354976637886,cand_014
2024-02-14 07:00:00,0.49031404625585057,13839.845290684141,cand_014
2024-02-14 07:00:00,0.604366284364134,13840.449656968505,cand_015
2024-02-16 07:00:00,0.5104507579966491,13840.960107726502,cand_003
2024-02-16 07:00:00,0.6566499231364257,13841.616757649637,cand_007
2024-02-16 07:00:00,0.5093902926608961,13842.126147942297,cand_009
2024-02-16 07:00:00,0.5222644599299877,13842.648412402228,cand_011
2024-02-16 07:00:00,0.5221548113343271,13843.170567213563,cand_013
2024-02-16 07:00:00,0.5271758785499405,13843.697743092112,cand_014
2024-02-16 07:00:00,0.49031404625585057,13844.188057138368,cand_014
2024-02-16 07:00:00,0.604366284364134,13844.792423422732,cand_015
2024-02-20 07:00:00,0.5104507579966491,13845.302874180728,cand_003
2024-02-20 07:00:00,0.5093902926608961,13845.812264473388,cand_009
2024-02-20 07:00:00,0.5222644599299877,13846.33452893332,cand_011
2024-02-20 07:00:00,0.5221548113343271,13846.856683744654,cand_013
2024-02-20 07:00:00,0.5271758785499405,13847.383859623204,cand_014
2024-02-20 07:00:00,0.604366284364134,13847.988225907568,cand_015
2024-02-26 07:00:00,0.5104507579966491,13848.498676665564,cand_003
2024-02-26 07:00:00,0.5093902926608961,13849.008066958224,cand_009
2024-02-26 07:00:00,0.5222644599299877,13849.530331418155,cand_011
2024-02-26 07:00:00,0.49031404625585057,13850.02064546441,cand_014
2024-02-28 07:00:00,0.5104507579966491,13850.531096222407,cand_003
2024-02-28 07:00:00,0.6566499231364257,13851.187746145542,cand_007
2024-02-28 07:00:00,0.5093902926608961,13851.697136438203,cand_009
2024-02-28 07:00:00,0.5222644599299877,13852.219400898133,cand_011
2024-02-28 07:00:00,0.5221548113343271,13852.741555709468,cand_013
2024-02-28 07:00:00,0.5271758785499405,13853.268731588018,cand_014
2024-02-28 07:00:00,0.49031404625585057,13853.759045634273,cand_014
2024-02-28 07:00:00,0.604366284364134,13854.363411918637,cand_015
2024-02-28 09:37:40,0.0,13854.363411918637,cand_003
2024-02-28 09:37:40,0.0,13854.363411918637,cand_007
2024-02-28 09:37:40,0.0,13854.363411918637,cand_009
2024-02-28 09:37:40,0.0,13854.363411918637,cand_011
2024-02-28 09:37:40,0.0,13854.363411918637,cand_013
2024-02-28 09:37:40,0.0,13854.363411918637,cand_014
2024-02-28 09:37:40,0.0,13854.363411918637,cand_014
2024-02-28 09:37:40,0.0,13854.363411918637,cand_015
2024-02-28 13:00:00,-4.146661745843367,13850.216750172794,cand_003
2024-02-28 13:00:00,-5.334314963831788,13844.882435208963,cand_007
2024-02-28 13:00:00,-4.1380470244982215,13840.744388184465,cand_009
2024-02-28 13:00:00,-4.242630700960666,13836.501757483504,cand_011
2024-02-28 13:00:00,-4.241739967368857,13832.260017516135,cand_013
2024-02-28 13:00:00,-4.282528754573341,13827.977488761562,cand_014
2024-02-28 13:00:00,-3.983080575760763,13823.994408185801,cand_014
2024-02-28 13:00:00,-4.909587286510995,13819.08482089929,cand_015
2024-03-01 07:00:00,0.5104507579966491,13819.595271657287,cand_003
2024-03-01 07:00:00,0.6566499231364257,13820.251921580422,cand_007
2024-03-01 07:00:00,0.5093902926608961,13820.761311873082,cand_009
2024-03-01 07:00:00,0.5222644599299877,13821.283576333013,cand_011
2024-03-01 07:00:00,0.5221548113343271,13821.805731144348,cand_013
2024-03-01 07:00:00,0.5271758785499405,13822.332907022897,cand_014
2024-03-01 07:00:00,0.49031404625585057,13822.823221069153,cand_014
2024-03-01 07:00:00,0.604366284364134,13823.427587353517,cand_015
2024-03-04 07:00:00,0.5104507579966491,13823.938038111513,cand_003
2024-03-04 07:00:00,0.5093902926608961,13824.447428404173,cand_009
2024-03-04 07:00:00,0.5222644599299877,13824.969692864104,cand_011
2024-03-04 07:00:00,0.5221548113343271,13825.49184767544,cand_013
2024-03-04 07:00:00,0.5271758785499405,13826.019023553989,cand_014
2024-03-04 08:30:20,0.0,13826.019023553989,cand_003
2024-03-04 08:30:20,0.0,13826.019023553989,cand_009
2024-03-04 08:30:20,0.0,13826.019023553989,cand_011
2024-03-04 08:30:20,0.0,13826.019023553989,cand_013
2024-03-04 08:30:20,0.0,13826.019023553989,cand_014
2024-03-04 13:00:00,0.8377397734180301,13826.856763327407,cand_003
2024-03-04 13:00:00,0.8359993626611179,13827.692762690069,cand_009
2024-03-04 13:00:00,0.8571281430615681,13828.54989083313,cand_011
2024-03-04 13:00:00,0.8569481903663368,13829.406839023497,cand_013
2024-03-04 13:00:00,0.8651886477378437,13830.272027671235,cand_014
2024-03-06 09:07:40,0.0,13830.272027671235,cand_003
2024-03-06 09:07:40,0.0,13830.272027671235,cand_009
2024-03-06 09:07:40,0.0,13830.272027671235,cand_011
2024-03-06 09:07:40,0.0,13830.272027671235,cand_013
2024-03-06 09:07:40,0.0,13830.272027671235,cand_014
2024-03-06 09:07:40,0.0,13830.272027671235,cand_014
2024-03-06 13:00:00,-3.5281155332121337,13826.743912138023,cand_003
2024-03-06 13:00:00,-3.5207858463326644,13823.22312629169,cand_009
2024-03-06 13:00:00,-3.6097690612807978,13819.61335723041,cand_011
2024-03-06 13:00:00,-3.609011195987261,13816.004346034422,cand_013
2024-03-06 13:00:00,-3.643715631154001,13812.36063040327,cand_014
2024-03-06 13:00:00,-3.3889353197095553,13808.97169508356,cand_014
2024-03-07 08:50:40,0.0,13808.97169508356,cand_003
2024-03-07 08:50:40,0.0,13808.97169508356,cand_007
2024-03-07 08:50:40,0.0,13808.97169508356,cand_009
2024-03-07 08:50:40,0.0,13808.97169508356,cand_011
2024-03-07 08:50:40,0.0,13808.97169508356,cand_013
2024-03-07 08:50:40,0.0,13808.97169508356,cand_014
2024-03-07 08:50:40,0.0,13808.97169508356,cand_014
2024-03-07 08:50:40,0.0,13808.97169508356,cand_015
2024-03-07 13:00:00,15.187411376159124,13824.159106459718,cand_003
2024-03-07 13:00:00,19.537266536612005,13843.69637299633,cand_007
2024-03-07 13:00:00,15.15585941340478,13858.852232409734,cand_009
2024-03-07 13:00:00,15.538903754858106,13874.391136164591,cand_011
2024-03-07 13:00:00,15.535641386641332,13889.926777551233,cand_013
2024-03-07 13:00:00,15.685032904150583,13905.611810455383,cand_014
2024-03-07 13:00:00,14.5882849762476,13920.20009543163,cand_014
2024-03-07 13:00:00,17.981674507728176,13938.181769939358,cand_015
2024-03-12 07:00:00,0.5104507579966491,13938.692220697354,cand_003
2024-03-12 07:00:00,0.6566499231364257,13939.34887062049,cand_007
2024-03-12 07:00:00,0.5093902926608961,13939.85826091315,cand_009
2024-03-12 07:00:00,0.5222644599299877,13940.38052537308,cand_011
2024-03-12 07:00:00,0.5221548113343271,13940.902680184416,cand_013
2024-03-12 07:00:00,0.5271758785499405,13941.429856062965,cand_014
2024-03-12 07:00:00,0.49031404625585057,13941.92017010922,cand_014
2024-03-12 07:00:00,0.604366284364134,13942.524536393585,cand_015
2024-03-12 08:37:40,0.0,13942.524536393585,cand_003
2024-03-12 08:37:40,0.0,13942.524536393585,cand_007
2024-03-12 08:37:40,0.0,13942.524536393585,cand_009
2024-03-12 08:37:40,0.0,13942.524536393585,cand_011
2024-03-12 08:37:40,0.0,13942.524536393585,cand_013
2024-03-12 08:37:40,0.0,13942.524536393585,cand_014
2024-03-12 08:37:40,0.0,13942.524536393585,cand_014
2024-03-12 08:37:40,0.0,13942.524536393585,cand_015
2024-03-12 13:00:00,-5.6630007622451775,13936.86153563134,cand_003
2024-03-12 13:00:00,-7.28495150020764,13929.576584131133,cand_007
2024-03-12 13:00:00,-5.6512358350497065,13923.925348296083,cand_009
2024-03-12 13:00:00,-5.794063361340923,13918.131284934741,cand_011
2024-03-12 13:00:00,-5.792846906920829,13912.33843802782,cand_013
2024-03-12 13:00:00,-5.848551217324634,13906.489886810496,cand_014
2024-03-12 13:00:00,-5.439601713167848,13901.050285097328,cand_014
2024-03-12 13:00:00,-6.70491066065151,13894.345374436676,cand_015
2024-03-14 07:00:00,0.5104507579966491,13894.855825194672,cand_003
2024-03-14 07:00:00,0.6566499231364257,13895.512475117808,cand_007
2024-03-14 07:00:00,0.5093902926608961,13896.021865410468,cand_009
2024-03-14 07:00:00,0.5222644599299877,13896.544129870399,cand_011
2024-03-14 07:00:00,0.5221548113343271,13897.066284681734,cand_013
2024-03-14 07:00:00,0.5271758785499405,13897.593460560283,cand_014
2024-03-14 07:00:00,0.49031404625585057,13898.083774606539,cand_014
2024-03-14 07:00:00,0.604366284364134,13898.688140890903,cand_015
2024-03-15 07:00:00,0.5104507579966491,13899.1985916489,cand_003
2024-03-15 07:00:00,0.5093902926608961,13899.70798194156,cand_009
2024-03-15 07:00:00,0.5222644599299877,13900.23024640149,cand_011
2024-03-15 07:00:00,0.5221548113343271,13900.752401212825,cand_013
2024-03-15 07:00:00,0.5271758785499405,13901.279577091374,cand_014
2024-03-15 07:00:00,0.49031404625585057,13901.76989113763,cand_014
2024-03-18 07:00:00,0.5104507579966491,13902.280341895626,cand_003
2024-03-18 07:00:00,0.5093902926608961,13902.789732188287,cand_009
2024-03-18 07:00:00,0.5222644599299877,13903.311996648217,cand_011
2024-03-18 07:00:00,0.5221548113343271,13903.834151459552,cand_013
2024-03-18 07:00:00,0.5271758785499405,13904.361327338102,cand_014
2024-03-19 07:00:00,0.5104507579966491,13904.871778096098,cand_003
2024-03-19 07:00:00,0.6566499231364257,13905.528428019234,cand_007
2024-03-19 07:00:00,0.5093902926608961,13906.037818311894,cand_009
2024-03-19 07:00:00,0.5222644599299877,13906.560082771824,cand_011
2024-03-19 07:00:00,0.5221548113343271,13907.08223758316,cand_013
2024-03-19 07:00:00,0.5271758785499405,13907.609413461709,cand_014
2024-03-19 07:00:00,0.49031404625585057,13908.099727507964,cand_014
2024-03-19 07:00:00,0.604366284364134,13908.704093792328,cand_015
2024-03-19 07:42:40,0.0,13908.704093792328,cand_003
2024-03-19 07:42:40,0.0,13908.704093792328,cand_007
2024-03-19 07:42:40,0.0,13908.704093792328,cand_009
2024-03-19 07:42:40,0.0,13908.704093792328,cand_011
2024-03-19 07:42:40,0.0,13908.704093792328,cand_013
2024-03-19 07:42:40,0.0,13908.704093792328,cand_014
2024-03-19 07:42:40,0.0,13908.704093792328,cand_014
2024-03-19 07:42:40,0.0,13908.704093792328,cand_015
2024-03-19 13:00:00,24.94903145996563,13933.653125252295,cand_003
2024-03-19 13:00:00,32.09473065494448,13965.747855907239,cand_007
2024-03-19 13:00:00,24.89719965717286,13990.645055564411,cand_009
2024-03-19 13:00:00,25.526443515048637,14016.17149907946,cand_011
2024-03-19 13:00:00,25.521084278687788,14041.692583358148,cand_013
2024-03-19 13:00:00,25.76649632277327,14067.45907968092,cand_014
2024-03-19 13:00:00,23.96482006082272,14091.423899741743,cand_014
2024-03-19 13:00:00,29.539290922244646,14120.963190663988,cand_015
2024-03-20 07:00:00,0.5104507579966491,14121.473641421984,cand_003
2024-03-20 07:00:00,0.6566499231364257,14122.13029134512,cand_007
2024-03-20 07:00:00,0.5093902926608961,14122.63968163778,cand_009
2024-03-20 07:00:00,0.5222644599299877,14123.16194609771,cand_011
2024-03-20 07:00:00,0.5221548113343271,14123.684100909046,cand_013
2024-03-20 07:00:00,0.5271758785499405,14124.211276787595,cand_014
2024-03-20 07:00:00,0.49031404625585057,14124.70159083385,cand_014
2024-03-20 07:00:00,0.604366284364134,14125.305957118215,cand_015
2024-03-20 07:11:40,0.0,14125.305957118215,cand_003
2024-03-20 07:11:40,0.0,14125.305957118215,cand_007
2024-03-20 07:11:40,0.0,14125.305957118215,cand_009
2024-03-20 07:11:40,0.0,14125.305957118215,cand_011
2024-03-20 07:11:40,0.0,14125.305957118215,cand_013
2024-03-20 07:11:40,0.0,14125.305957118215,cand_014
2024-03-20 07:11:40,0.0,14125.305957118215,cand_014
2024-03-20 07:11:40,0.0,14125.305957118215,cand_015
2024-03-20 13:00:00,8.353376522039282,14133.659333640255,cand_003
2024-03-20 13:00:00,10.745882859797272,14144.405216500052,cand_007
2024-03-20 13:00:00,8.336022318721254,14152.741238818773,cand_009
2024-03-20 13:00:00,8.546704279560153,14161.287943098334,cand_011
2024-03-20 13:00:00,8.544909912541753,14169.832853010876,cand_013
2024-03-20 13:00:00,8.627078200740792,14178.459931211617,cand_014
2024-03-20 13:00:00,8.02384515696339,14186.483776368581,cand_014
2024-03-20 13:00:00,9.890276488829535,14196.37405285741,cand_015
2024-03-22 07:00:00,0.5104507579966491,14196.884503615407,cand_003
2024-03-22 07:00:00,0.5093902926608961,14197.393893908067,cand_009
2024-03-22 07:00:00,0.5222644599299877,14197.916158367998,cand_011
2024-03-22 07:00:00,0.5221548113343271,14198.438313179333,cand_013
2024-03-22 07:00:00,0.5271758785499405,14198.965489057882,cand_014
2024-03-22 07:00:00,0.49031404625585057,14199.455803104138,cand_014
2024-03-27 07:00:00,0.5104507579966491,14199.966253862134,cand_003
2024-03-27 07:00:00,0.5093902926608961,14200.475644154794,cand_009
2024-03-27 07:00:00,0.5222644599299877,14200.997908614725,cand_011
2024-03-27 07:00:00,0.5221548113343271,14201.52006342606,cand_013
2024-03-27 07:00:00,0.5271758785499405,14202.04723930461,cand_014
2024-03-27 07:00:00,0.49031404625585057,14202.537553350865,cand_014
2024-03-27 07:00:00,0.604366284364134,14203.141919635229,cand_015
2024-04-02 07:00:00,0.5104507579966491,14203.652370393225,cand_003
2024-04-02 07:00:00,0.5093902926608961,14204.161760685885,cand_009
2024-04-02 07:00:00,0.5222644599299877,14204.684025145816,cand_011
2024-04-02 07:00:00,0.5221548113343271,14205.206179957151,cand_013
2024-04-02 07:00:00,0.5271758785499405,14205.7333558357,cand_014
2024-04-02 07:00:00,0.49031404625585057,14206.223669881956,cand_014
2024-04-08 07:00:00,0.5104507579966491,14206.734120639952,cand_003
2024-04-08 07:00:00,0.5093902926608961,14207.243510932612,cand_009
2024-04-08 07:00:00,0.5222644599299877,14207.765775392543,cand_011
2024-04-08 07:00:00,0.5221548113343271,14208.287930203878,cand_013
2024-04-08 07:00:00,0.5271758785499405,14208.815106082428,cand_014
2024-04-11 07:00:00,0.5104507579966491,14209.325556840424,cand_003
2024-04-11 07:00:00,0.5093902926608961,14209.834947133084,cand_009
2024-04-11 07:00:00,0.5222644599299877,14210.357211593015,cand_011
2024-04-11 07:00:00,0.5221548113343271,14210.87936640435,cand_013
2024-04-11 07:00:00,0.5271758785499405,14211.406542282899,cand_014
2024-04-11 07:00:00,0.49031404625585057,14211.896856329155,cand_014
2024-04-12 07:00:00,0.5104507579966491,14212.407307087151,cand_003
2024-04-12 07:00:00,0.6566499231364257,14213.063957010287,cand_007
2024-04-12 07:00:00,0.5093902926608961,14213.573347302947,cand_009
2024-04-12 07:00:00,0.5222644599299877,14214.095611762878,cand_011
2024-04-12 07:00:00,0.5221548113343271,14214.617766574213,cand_013
2024-04-12 07:00:00,0.5271758785499405,14215.144942452762,cand_014
2024-04-12 07:00:00,0.49031404625585057,14215.635256499017,cand_014
2024-04-12 07:00:00,0.604366284364134,14216.239622783381,cand_015
2024-04-15 07:00:00,0.5104507579966491,14216.750073541378,cand_003
2024-04-15 07:00:00,0.6566499231364257,14217.406723464514,cand_007
2024-04-15 07:00:00,0.5093902926608961,14217.916113757174,cand_009
2024-04-15 07:00:00,0.5222644599299877,14218.438378217104,cand_011
2024-04-15 07:00:00,0.5221548113343271,14218.96053302844,cand_013
2024-04-15 07:00:00,0.5271758785499405,14219.487708906989,cand_014
2024-04-15 07:00:00,0.49031404625585057,14219.978022953244,cand_014
2024-04-15 07:00:00,0.604366284364134,14220.582389237608,cand_015
2024-04-15 07:39:40,0.0,14220.582389237608,cand_003
2024-04-15 07:39:40,0.0,14220.582389237608,cand_007
2024-04-15 07:39:40,0.0,14220.582389237608,cand_009
2024-04-15 07:39:40,0.0,14220.582389237608,cand_011
2024-04-15 07:39:40,0.0,14220.582389237608,cand_013
2024-04-15 07:39:40,0.0,14220.582389237608,cand_014
2024-04-15 07:39:40,0.0,14220.582389237608,cand_014
2024-04-15 07:39:40,0.0,14220.582389237608,cand_015
2024-04-15 13:00:00,0.0,14220.582389237608,cand_003
2024-04-15 13:00:00,0.0,14220.582389237608,cand_007
2024-04-15 13:00:00,0.0,14220.582389237608,cand_009
2024-04-15 13:00:00,0.0,14220.582389237608,cand_011
2024-04-15 13:00:00,0.0,14220.582389237608,cand_013
2024-04-15 13:00:00,0.0,14220.582389237608,cand_014
2024-04-15 13:00:00,0.0,14220.582389237608,cand_014
2024-04-15 13:00:00,0.0,14220.582389237608,cand_015
2024-04-16 07:00:00,0.5104507579966491,14221.092839995605,cand_003
2024-04-16 07:00:00,0.5093902926608961,14221.602230288265,cand_009
2024-04-16 07:00:00,0.5222644599299877,14222.124494748196,cand_011
2024-04-16 07:00:00,0.5221548113343271,14222.64664955953,cand_013
2024-04-16 07:00:00,0.5271758785499405,14223.17382543808,cand_014
2024-04-16 09:31:40,0.0,14223.17382543808,cand_003
2024-04-16 09:31:40,0.0,14223.17382543808,cand_009
2024-04-16 09:31:40,0.0,14223.17382543808,cand_011
2024-04-16 09:31:40,0.0,14223.17382543808,cand_013
2024-04-16 09:31:40,0.0,14223.17382543808,cand_014
2024-04-16 13:00:00,0.3873420457739279,14223.561167483853,cand_003
2024-04-16 13:00:00,0.38653733972503296,14223.947704823579,cand_009
2024-04-16 13:00:00,0.3963065607704025,14224.344011384348,cand_011
2024-04-16 13:00:00,0.3962233568360482,14224.740234741184,cand_013
2024-04-16 13:00:00,0.40003346078201374,14225.140268201967,cand_014
2024-04-22 07:00:00,0.5104507579966491,14225.650718959963,cand_003
2024-04-22 07:00:00,0.5093902926608961,14226.160109252623,cand_009
2024-04-22 07:00:00,0.5222644599299877,14226.682373712554,cand_011
2024-04-22 07:00:00,0.5221548113343271,14227.20452852389,cand_013
2024-04-22 07:00:00,0.5271758785499405,14227.731704402438,cand_014
2024-04-22 07:00:00,0.49031404625585057,14228.222018448694,cand_014
2024-04-22 07:00:00,0.604366284364134,14228.826384733058,cand_015
2024-04-25 07:00:00,0.5104507579966491,14229.336835491054,cand_003
2024-04-25 07:00:00,0.6566499231364257,14229.99348541419,cand_007
2024-04-25 07:00:00,0.5093902926608961,14230.50287570685,cand_009
2024-04-25 07:00:00,0.5222644599299877,14231.025140166781,cand_011
2024-04-25 07:00:00,0.5221548113343271,14231.547294978116,cand_013
2024-04-25 07:00:00,0.5271758785499405,14232.074470856665,cand_014
2024-04-25 07:00:00,0.49031404625585057,14232.564784902921,cand_014
2024-04-25 07:00:00,0.604366284364134,14233.169151187285,cand_015
2024-04-25 07:57:40,0.0,14233.169151187285,cand_003
2024-04-25 07:57:40,0.0,14233.169151187285,cand_007
2024-04-25 07:57:40,0.0,14233.169151187285,cand_009
2024-04-25 07:57:40,0.0,14233.169151187285,cand_011
2024-04-25 07:57:40,0.0,14233.169151187285,cand_013
2024-04-25 07:57:40,0.0,14233.169151187285,cand_014
2024-04-25 07:57:40,0.0,14233.169151187285,cand_014
2024-04-25 07:57:40,0.0,14233.169151187285,cand_015
2024-04-25 13:00:00,-0.5404772731729226,14232.628673914112,cand_003
2024-04-25 13:00:00,-0.6952763892032743,14231.933397524908,cand_007
2024-04-25 13:00:00,-0.5393544275233019,14231.394043097385,cand_009
2024-04-25 13:00:00,-0.5529858987493989,14230.841057198635,cand_011
2024-04-25 13:00:00,-0.5528698002363464,14230.288187398399,cand_013
2024-04-25 13:00:00,-0.5581862243469959,14229.730001174052,cand_014
2024-04-25 13:00:00,-0.5191560489767829,14229.210845125075,cand_014
2024-04-25 13:00:00,-0.6399172422679066,14228.570927882807,cand_015
2024-04-26 07:00:00,0.5104507579966491,14229.081378640803,cand_003
2024-04-26 07:00:00,0.5093902926608961,14229.590768933464,cand_009
2024-04-26 07:00:00,0.5222644599299877,14230.113033393394,cand_011
2024-04-26 07:00:00,0.5221548113343271,14230.63518820473,cand_013
2024-04-26 07:00:00,0.5271758785499405,14231.162364083279,cand_014
2024-04-26 07:00:00,0.49031404625585057,14231.652678129534,cand_014
2024-04-26 09:57:40,0.0,14231.652678129534,cand_003
2024-04-26 09:57:40,0.0,14231.652678129534,cand_009
2024-04-26 09:57:40,0.0,14231.652678129534,cand_011
2024-04-26 09:57:40,0.0,14231.652678129534,cand_013
2024-04-26 09:57:40,0.0,14231.652678129534,cand_014
2024-04-26 09:57:40,0.0,14231.652678129534,cand_014
2024-04-26 11:01:40,46.62517276571746,14278.277850895252,cand_003
2024-04-26 11:01:40,-38.325843970995464,14239.952006924257,cand_003
2024-04-26 11:01:40,46.5283086143435,14286.4803155386,cand_009
2024-04-26 11:01:40,-38.24622173837458,14248.234093800225,cand_009
2024-04-26 11:01:40,-39.21284450909626,14209.021249291129,cand_011
2024-04-26 11:01:40,47.70425019878147,14256.72549948991,cand_011
2024-04-26 11:01:40,-39.20461183453736,14217.520887655373,cand_013
2024-04-26 11:01:40,47.69423476705548,14265.215122422429,cand_013
2024-04-26 11:01:40,48.15286495366751,14313.367987376096,cand_014
2024-04-26 11:01:40,-39.58160537536142,14273.786382000735,cand_014
2024-04-26 11:01:40,44.78586182506381,14318.572243825798,cand_014
2024-04-26 11:01:40,-36.813932272998095,14281.7583115528,cand_014
2024-04-30 07:00:00,0.5104507579966491,14282.268762310796,cand_003
2024-04-30 07:00:00,0.5093902926608961,14282.778152603456,cand_009
2024-04-30 07:00:00,0.5222644599299877,14283.300417063387,cand_011
2024-04-30 07:00:00,0.5221548113343271,14283.822571874722,cand_013
2024-04-30 07:00:00,0.5271758785499405,14284.349747753271,cand_014
2024-04-30 07:00:00,0.604366284364134,14284.954114037635,cand_015
2024-05-01 07:00:00,0.5104507579966491,14285.464564795631,cand_003
2024-05-01 07:00:00,0.6566499231364257,14286.121214718767,cand_007
2024-05-01 07:00:00,0.5093902926608961,14286.630605011427,cand_009
2024-05-01 07:00:00,0.5222644599299877,14287.152869471358,cand_011
2024-05-01 07:00:00,0.5221548113343271,14287.675024282693,cand_013
2024-05-01 07:00:00,0.5271758785499405,14288.202200161242,cand_014
2024-05-01 07:00:00,0.49031404625585057,14288.692514207498,cand_014
2024-05-01 07:00:00,0.604366284364134,14289.296880491862,cand_015
2024-05-06 07:00:00,0.5104507579966491,14289.807331249858,cand_003
2024-05-06 07:00:00,0.6566499231364257,14290.463981172994,cand_007
2024-05-06 07:00:00,0.5093902926608961,14290.973371465654,cand_009
2024-05-06 07:00:00,0.5222644599299877,14291.495635925585,cand_011
2024-05-06 07:00:00,0.5221548113343271,14292.01779073692,cand_013
2024-05-06 07:00:00,0.5271758785499405,14292.54496661547,cand_014
2024-05-06 07:00:00,0.49031404625585057,14293.035280661725,cand_014
2024-05-06 07:00:00,0.604366284364134,14293.639646946089,cand_015
2024-05-07 07:00:00,0.5104507579966491,14294.150097704085,cand_003
2024-05-07 07:00:00,0.6566499231364257,14294.80674762722,cand_007
2024-05-07 07:00:00,0.5093902926608961,14295.316137919881,cand_009
2024-05-07 07:00:00,0.5222644599299877,14295.838402379812,cand_011
2024-05-07 07:00:00,0.5221548113343271,14296.360557191147,cand_013
2024-05-07 07:00:00,0.5271758785499405,14296.887733069696,cand_014
2024-05-07 07:00:00,0.49031404625585057,14297.378047115952,cand_014
2024-05-07 07:00:00,0.604366284364134,14297.982413400316,cand_015
2024-05-08 07:00:00,0.5104507579966491,14298.492864158312,cand_003
2024-05-08 07:00:00,0.6566499231364257,14299.149514081448,cand_007
2024-05-08 07:00:00,0.5093902926608961,14299.658904374108,cand_009
2024-05-08 07:00:00,0.5222644599299877,14300.181168834039,cand_011
2024-05-08 07:00:00,0.5221548113343271,14300.703323645374,cand_013
2024-05-08 07:00:00,0.5271758785499405,14301.230499523923,cand_014
2024-05-08 07:00:00,0.49031404625585057,14301.720813570179,cand_014
2024-05-08 07:00:00,0.604366284364134,14302.325179854543,cand_015
2024-05-09 07:00:00,0.5104507579966491,14302.835630612539,cand_003
2024-05-09 07:00:00,0.5093902926608961,14303.345020905199,cand_009
2024-05-09 07:00:00,0.5222644599299877,14303.86728536513,cand_011
2024-05-09 07:00:00,0.5221548113343271,14304.389440176465,cand_013
2024-05-09 07:00:00,0.5271758785499405,14304.916616055014,cand_014
2024-05-09 07:00:00,0.49031404625585057,14305.40693010127,cand_014
2024-05-09 09:50:20,0.0,14305.40693010127,cand_003
2024-05-09 09:50:20,0.0,14305.40693010127,cand_009
2024-05-09 09:50:20,0.0,14305.40693010127,cand_011
2024-05-09 09:50:20,0.0,14305.40693010127,cand_013
2024-05-09 09:50:20,0.0,14305.40693010127,cand_014
2024-05-09 09:50:20,0.0,14305.40693010127,cand_014
2024-05-09 13:00:00,3.3899935634012754,14308.796923664671,cand_003
2024-05-09 13:00:00,3.3829508259655983,14312.179874490637,cand_009
2024-05-09 13:00:00,3.468450442711507,14315.648324933349,cand_011
2024-05-09 13:00:00,3.467722247037972,14319.116047180387,cand_013
2024-05-09 13:00:00,3.5010680404875463,14322.617115220874,cand_014
2024-05-09 13:00:00,3.2562621071932663,14325.873377328067,cand_014
2024-05-10 07:00:00,0.5104507579966491,14326.383828086064,cand_003
2024-05-10 07:00:00,0.6566499231364257,14327.0404780092,cand_007
2024-05-10 07:00:00,0.5093902926608961,14327.54986830186,cand_009
2024-05-10 07:00:00,0.5222644599299877,14328.07213276179,cand_011
2024-05-10 07:00:00,0.5221548113343271,14328.594287573125,cand_013
2024-05-10 07:00:00,0.5271758785499405,14329.121463451675,cand_014
2024-05-10 07:00:00,0.49031404625585057,14329.61177749793,cand_014
2024-05-10 07:00:00,0.604366284364134,14330.216143782294,cand_015
2024-05-13 07:00:00,0.5104507579966491,14330.72659454029,cand_003
2024-05-13 07:00:00,0.5093902926608961,14331.23598483295,cand_009
2024-05-13 07:00:00,0.5222644599299877,14331.758249292881,cand_011
2024-05-13 07:00:00,0.5221548113343271,14332.280404104216,cand_013
2024-05-13 07:00:00,0.5271758785499405,14332.807579982766,cand_014
2024-05-13 07:00:00,0.49031404625585057,14333.297894029021,cand_014
2024-05-13 07:00:00,0.604366284364134,14333.902260313385,cand_015
2024-05-14 07:00:00,0.5104507579966491,14334.412711071382,cand_003
2024-05-14 07:00:00,0.5093902926608961,14334.922101364042,cand_009
2024-05-14 07:00:00,0.5222644599299877,14335.444365823972,cand_011
2024-05-14 07:00:00,0.5221548113343271,14335.966520635307,cand_013
2024-05-14 07:00:00,0.5271758785499405,14336.493696513857,cand_014
2024-05-15 07:00:00,0.5104507579966491,14337.004147271853,cand_003
2024-05-15 07:00:00,0.5093902926608961,14337.513537564513,cand_009
2024-05-15 07:00:00,0.5222644599299877,14338.035802024444,cand_011
2024-05-15 07:00:00,0.5221548113343271,14338.557956835779,cand_013
2024-05-15 07:00:00,0.5271758785499405,14339.085132714328,cand_014
2024-05-17 07:00:00,0.5104507579966491,14339.595583472325,cand_003
2024-05-17 07:00:00,0.6566499231364257,14340.25223339546,cand_007
2024-05-17 07:00:00,0.5093902926608961,14340.76162368812,cand_009
2024-05-17 07:00:00,0.5222644599299877,14341.283888148051,cand_011
2024-05-17 07:00:00,0.5221548113343271,14341.806042959386,cand_013
2024-05-17 07:00:00,0.5271758785499405,14342.333218837935,cand_014
2024-05-17 07:00:00,0.49031404625585057,14342.823532884191,cand_014
2024-05-17 07:00:00,0.604366284364134,14343.427899168555,cand_015
2024-05-20 07:00:00,0.5104507579966491,14343.938349926551,cand_003
2024-05-20 07:00:00,0.5093902926608961,14344.447740219211,cand_009
2024-05-20 07:00:00,0.5222644599299877,14344.970004679142,cand_011
2024-05-20 07:00:00,0.5221548113343271,14345.492159490477,cand_013
2024-05-20 07:00:00,0.5271758785499405,14346.019335369027,cand_014
2024-05-20 07:00:00,0.49031404625585057,14346.509649415282,cand_014
2024-05-21 07:00:00,0.5104507579966491,14347.020100173278,cand_003
2024-05-21 07:00:00,0.6566499231364257,14347.676750096414,cand_007
2024-05-21 07:00:00,0.5093902926608961,14348.186140389074,cand_009
2024-05-21 07:00:00,0.5222644599299877,14348.708404849005,cand_011
2024-05-21 07:00:00,0.5221548113343271,14349.23055966034,cand_013
2024-05-21 07:00:00,0.5271758785499405,14349.75773553889,cand_014
2024-05-21 07:00:00,0.49031404625585057,14350.248049585145,cand_014
2024-05-21 07:00:00,0.604366284364134,14350.852415869509,cand_015
2024-05-22 07:00:00,0.5104507579966491,14351.362866627505,cand_003
2024-05-22 07:00:00,0.5093902926608961,14351.872256920165,cand_009
2024-05-22 07:00:00,0.5222644599299877,14352.394521380096,cand_011
2024-05-22 07:00:00,0.5221548113343271,14352.916676191431,cand_013
2024-05-22 07:00:00,0.5271758785499405,14353.44385206998,cand_014
2024-05-22 07:00:00,0.49031404625585057,14353.934166116236,cand_014
2024-05-22 07:00:00,0.604366284364134,14354.5385324006,cand_015
2024-05-22 09:27:20,0.0,14354.5385324006,cand_003
2024-05-22 09:27:20,0.0,14354.5385324006,cand_009
2024-05-22 09:27:20,0.0,14354.5385324006,cand_011
2024-05-22 09:27:20,0.0,14354.5385324006,cand_013
2024-05-22 09:27:20,0.0,14354.5385324006,cand_014
2024-05-22 09:27:20,0.0,14354.5385324006,cand_014
2024-05-22 09:27:20,0.0,14354.5385324006,cand_015
2024-05-22 13:00:00,-1.5733893952367302,14352.965143005364,cand_003
2024-05-22 13:00:00,-1.5701206667900565,14351.395022338573,cand_009
2024-05-22 13:00:00,-1.6098033941371388,14349.785218944435,cand_011
2024-05-22 13:00:00,-1.6094654184658084,14348.17575352597,cand_013
2024-05-22 13:00:00,-1.6249421197656992,14346.550811406203,cand_014
2024-05-22 13:00:00,-1.511320942576857,14345.039490463627,cand_014
2024-05-22 13:00:00,-1.8628701941576837,14343.176620269469,cand_015
2024-05-23 07:00:00,0.5104507579966491,14343.687071027465,cand_003
2024-05-23 07:00:00,0.5093902926608961,14344.196461320125,cand_009
2024-05-23 07:00:00,0.5222644599299877,14344.718725780056,cand_011
2024-05-23 07:00:00,0.5221548113343271,14345.240880591391,cand_013
2024-05-23 07:00:00,0.5271758785499405,14345.76805646994,cand_014
2024-05-24 07:00:00,0.5104507579966491,14346.278507227937,cand_003
2024-05-24 07:00:00,0.5093902926608961,14346.787897520597,cand_009
2024-05-24 07:00:00,0.5222644599299877,14347.310161980527,cand_011
2024-05-24 07:00:00,0.5221548113343271,14347.832316791862,cand_013
2024-05-24 07:00:00,0.5271758785499405,14348.359492670412,cand_014
2024-05-29 07:00:00,0.5104507579966491,14348.869943428408,cand_003
2024-05-29 07:00:00,0.6566499231364257,14349.526593351544,cand_007
2024-05-29 07:00:00,0.5093902926608961,14350.035983644204,cand_009
2024-05-29 07:00:00,0.5222644599299877,14350.558248104135,cand_011
2024-05-29 07:00:00,0.5221548113343271,14351.08040291547,cand_013
2024-05-29 07:00:00,0.5271758785499405,14351.607578794019,cand_014
2024-05-29 07:00:00,0.49031404625585057,14352.097892840275,cand_014
2024-05-29 07:00:00,0.604366284364134,14352.702259124639,cand_015
2024-05-30 07:00:00,0.5104507579966491,14353.212709882635,cand_003
2024-05-30 07:00:00,0.6566499231364257,14353.86935980577,cand_007
2024-05-30 07:00:00,0.5093902926608961,14354.37875009843,cand_009
2024-05-30 07:00:00,0.5222644599299877,14354.901014558362,cand_011
2024-05-30 07:00:00,0.5221548113343271,14355.423169369697,cand_013
2024-05-30 07:00:00,0.5271758785499405,14355.950345248246,cand_014
2024-05-30 07:00:00,0.49031404625585057,14356.440659294502,cand_014
2024-05-30 07:00:00,0.604366284364134,14357.045025578866,cand_015
2024-06-03 07:00:00,0.5104507579966491,14357.555476336862,cand_003
2024-06-03 07:00:00,0.5093902926608961,14358.064866629522,cand_009
2024-06-03 07:00:00,0.5222644599299877,14358.587131089453,cand_011
2024-06-03 07:00:00,0.5221548113343271,14359.109285900788,cand_013
2024-06-03 07:00:00,0.5271758785499405,14359.636461779337,cand_014
2024-06-03 07:00:00,0.49031404625585057,14360.126775825593,cand_014
2024-06-03 07:00:00,0.604366284364134,14360.731142109957,cand_015
2024-06-04 09:16:40,0.0,14360.731142109957,cand_003
2024-06-04 09:16:40,0.0,14360.731142109957,cand_009
2024-06-04 09:16:40,0.0,14360.731142109957,cand_011
2024-06-04 09:16:40,0.0,14360.731142109957,cand_013
2024-06-04 09:16:40,0.0,14360.731142109957,cand_014
2024-06-04 13:00:00,25.88886138498299,14386.62000349494,cand_003
2024-06-04 13:00:00,25.835077078366155,14412.455080573305,cand_009
2024-06-04 13:00:00,26.488024550096203,14438.9431051234,cand_011
2024-06-04 13:00:00,26.48246343132099,14465.425568554721,cand_013
2024-06-04 13:00:00,26.737120146221102,14492.162688700942,cand_014
2024-06-07 09:07:40,0.0,14492.162688700942,cand_003
2024-06-07 09:07:40,0.0,14492.162688700942,cand_009
2024-06-07 09:07:40,0.0,14492.162688700942,cand_011
2024-06-07 09:07:40,0.0,14492.162688700942,cand_013
2024-06-07 09:07:40,0.0,14492.162688700942,cand_014
2024-06-07 13:00:00,-5.17356856487192,14486.98912013607,cand_003
2024-06-07 13:00:00,-5.162820436792495,14481.826299699278,cand_009
2024-06-07 13:00:00,-5.293303908584523,14476.532995790694,cand_011
2024-06-07 13:00:00,-5.292192587817915,14471.240803202876,cand_013
2024-06-07 13:00:00,-5.343082580832633,14465.897720622044,cand_014
2024-06-10 07:00:00,0.5104507579966491,14466.40817138004,cand_003
2024-06-10 07:00:00,0.6566499231364257,14467.064821303176,cand_007
2024-06-10 07:00:00,0.5093902926608961,14467.574211595836,cand_009
2024-06-10 07:00:00,0.5222644599299877,14468.096476055767,cand_011
2024-06-10 07:00:00,0.5221548113343271,14468.618630867102,cand_013
2024-06-10 07:00:00,0.5271758785499405,14469.145806745651,cand_014
2024-06-10 07:00:00,0.49031404625585057,14469.636120791907,cand_014
2024-06-10 07:00:00,0.604366284364134,14470.240487076271,cand_015
2024-06-11 07:00:00,0.5104507579966491,14470.750937834267,cand_003
2024-06-11 07:00:00,0.6566499231364257,14471.407587757403,cand_007
2024-06-11 07:00:00,0.5093902926608961,14471.916978050063,cand_009
2024-06-11 07:00:00,0.5222644599299877,14472.439242509994,cand_011
2024-06-11 07:00:00,0.5221548113343271,14472.961397321329,cand_013
2024-06-11 07:00:00,0.5271758785499405,14473.488573199878,cand_014
2024-06-11 07:00:00,0.49031404625585057,14473.978887246134,cand_014
2024-06-11 07:00:00,0.604366284364134,14474.583253530498,cand_015
2024-06-13 07:00:00,0.5104507579966491,14475.093704288494,cand_003
2024-06-13 07:00:00,0.6566499231364257,14475.75035421163,cand_007
2024-06-13 07:00:00,0.5093902926608961,14476.25974450429,cand_009
2024-06-13 07:00:00,0.5222644599299877,14476.782008964221,cand_011
2024-06-13 07:00:00,0.5221548113343271,14477.304163775556,cand_013
2024-06-13 07:00:00,0.5271758785499405,14477.831339654105,cand_014
2024-06-13 07:00:00,0.49031404625585057,14478.321653700361,cand_014
2024-06-13 07:00:00,0.604366284364134,14478.926019984725,cand_015
2024-06-13 08:17:40,0.0,14478.926019984725,cand_003
2024-06-13 08:17:40,0.0,14478.926019984725,cand_007
2024-06-13 08:17:40,0.0,14478.926019984725,cand_009
2024-06-13 08:17:40,0.0,14478.926019984725,cand_011
2024-06-13 08:17:40,0.0,14478.926019984725,cand_013
2024-06-13 08:17:40,0.0,14478.926019984725,cand_014
2024-06-13 08:17:40,0.0,14478.926019984725,cand_014
2024-06-13 08:17:40,0.0,14478.926019984725,cand_015
2024-06-13 13:00:00,0.0,14478.926019984725,cand_003
2024-06-13 13:00:00,0.0,14478.926019984725,cand_007
2024-06-13 13:00:00,0.0,14478.926019984725,cand_009
2024-06-13 13:00:00,0.0,14478.926019984725,cand_011
2024-06-13 13:00:00,0.0,14478.926019984725,cand_013
2024-06-13 13:00:00,0.0,14478.926019984725,cand_014
2024-06-13 13:00:00,0.0,14478.926019984725,cand_014
2024-06-13 13:00:00,0.0,14478.926019984725,cand_015
2024-06-14 07:00:00,0.5104507579966491,14479.436470742721,cand_003
2024-06-14 07:00:00,0.6566499231364257,14480.093120665857,cand_007
2024-06-14 07:00:00,0.5093902926608961,14480.602510958517,cand_009
2024-06-14 07:00:00,0.5222644599299877,14481.124775418448,cand_011
2024-06-14 07:00:00,0.5221548113343271,14481.646930229783,cand_013
2024-06-14 07:00:00,0.5271758785499405,14482.174106108332,cand_014
2024-06-14 07:00:00,0.49031404625585057,14482.664420154588,cand_014
2024-06-14 07:00:00,0.604366284364134,14483.268786438952,cand_015
2024-06-14 08:52:40,0.0,14483.268786438952,cand_003
2024-06-14 08:52:40,0.0,14483.268786438952,cand_007
2024-06-14 08:52:40,0.0,14483.268786438952,cand_009
2024-06-14 08:52:40,0.0,14483.268786438952,cand_011
2024-06-14 08:52:40,0.0,14483.268786438952,cand_013
2024-06-14 08:52:40,0.0,14483.268786438952,cand_014
2024-06-14 08:52:40,0.0,14483.268786438952,cand_014
2024-06-14 08:52:40,0.0,14483.268786438952,cand_015
2024-06-14 13:00:00,-38.80026291078059,14444.46852352817,cand_003
2024-06-14 13:00:00,-49.91311945158172,14394.55540407659,cand_007
2024-06-14 13:00:00,-38.71965506920059,14355.835749007389,cand_009
2024-06-14 13:00:00,-39.698243242442956,14316.137505764946,cand_011
2024-06-14 13:00:00,-39.689908659189264,14276.447597105756,cand_013
2024-06-14 13:00:00,-40.071568838954896,14236.3760282668,cand_014
2024-06-14 13:00:00,-37.26963591598883,14199.106392350812,cand_014
2024-06-14 13:00:00,-45.93894780325494,14153.167444547556,cand_015
2024-06-17 07:00:00,0.5104507579966491,14153.677895305553,cand_003
2024-06-17 07:00:00,0.5093902926608961,14154.187285598213,cand_009
2024-06-17 07:00:00,0.5222644599299877,14154.709550058144,cand_011
2024-06-17 07:00:00,0.5221548113343271,14155.231704869479,cand_013
2024-06-17 07:00:00,0.5271758785499405,14155.758880748028,cand_014
2024-06-20 07:00:00,0.5104507579966491,14156.269331506024,cand_003
2024-06-20 07:00:00,0.5093902926608961,14156.778721798684,cand_009
2024-06-20 07:00:00,0.5222644599299877,14157.300986258615,cand_011
2024-06-20 07:00:00,0.5221548113343271,14157.82314106995,cand_013
2024-06-20 07:00:00,0.5271758785499405,14158.3503169485,cand_014
2024-06-20 07:00:00,0.604366284364134,14158.954683232863,cand_015
2024-06-21 07:00:00,0.5104507579966491,14159.46513399086,cand_003
2024-06-21 07:00:00,0.5093902926608961,14159.97452428352,cand_009
2024-06-21 07:00:00,0.5222644599299877,14160.49678874345,cand_011
2024-06-21 07:00:00,0.5221548113343271,14161.018943554785,cand_013
2024-06-21 07:00:00,0.5271758785499405,14161.546119433335,cand_014
2024-06-24 07:00:00,0.5104507579966491,14162.056570191331,cand_003
2024-06-24 07:00:00,0.5093902926608961,14162.565960483991,cand_009
2024-06-24 07:00:00,0.5222644599299877,14163.088224943922,cand_011
2024-06-24 07:00:00,0.5221548113343271,14163.610379755257,cand_013
2024-06-24 07:00:00,0.5271758785499405,14164.137555633806,cand_014
2024-06-25 07:00:00,0.5104507579966491,14164.648006391802,cand_003
2024-06-25 07:00:00,0.5093902926608961,14165.157396684463,cand_009
2024-06-25 07:00:00,0.5222644599299877,14165.679661144393,cand_011
2024-06-25 07:00:00,0.5221548113343271,14166.201815955728,cand_013
2024-06-25 07:00:00,0.5271758785499405,14166.728991834278,cand_014
2024-06-25 07:00:00,0.604366284364134,14167.333358118642,cand_015
2024-06-26 07:00:00,0.5104507579966491,14167.843808876638,cand_003
2024-06-26 07:00:00,0.5093902926608961,14168.353199169298,cand_009
2024-06-26 07:00:00,0.5222644599299877,14168.875463629229,cand_011
2024-06-26 07:00:00,0.5221548113343271,14169.397618440564,cand_013
2024-06-26 07:00:00,0.5271758785499405,14169.924794319113,cand_014
2024-06-26 07:00:00,0.604366284364134,14170.529160603477,cand_015
2024-06-27 07:00:00,0.5104507579966491,14171.039611361473,cand_003
2024-06-27 07:00:00,0.5093902926608961,14171.549001654133,cand_009
2024-06-27 07:00:00,0.5222644599299877,14172.071266114064,cand_011
2024-06-27 07:00:00,0.5221548113343271,14172.5934209254,cand_013
2024-06-27 07:00:00,0.5271758785499405,14173.120596803949,cand_014
2024-06-27 07:00:00,0.604366284364134,14173.724963088313,cand_015
2024-06-28 07:00:00,0.5104507579966491,14174.235413846309,cand_003
2024-06-28 07:00:00,0.5093902926608961,14174.744804138969,cand_009
2024-06-28 07:00:00,0.5222644599299877,14175.2670685989,cand_011
2024-06-28 07:00:00,0.5221548113343271,14175.789223410235,cand_013
2024-06-28 07:00:00,0.5271758785499405,14176.316399288784,cand_014
2024-07-01 07:00:00,0.5104507579966491,14176.82685004678,cand_003
2024-07-01 07:00:00,0.5093902926608961,14177.33624033944,cand_009
2024-07-01 07:00:00,0.5222644599299877,14177.858504799371,cand_011
2024-07-01 07:00:00,0.5221548113343271,14178.380659610706,cand_013
2024-07-01 07:00:00,0.5271758785499405,14178.907835489255,cand_014
2024-07-01 07:00:00,0.49031404625585057,14179.398149535511,cand_014
2024-07-01 07:00:00,0.604366284364134,14180.002515819875,cand_015
2024-07-02 07:00:00,0.5104507579966491,14180.512966577871,cand_003
2024-07-02 07:00:00,0.6566499231364257,14181.169616501007,cand_007
2024-07-02 07:00:00,0.5093902926608961,14181.679006793667,cand_009
2024-07-02 07:00:00,0.5222644599299877,14182.201271253598,cand_011
2024-07-02 07:00:00,0.5221548113343271,14182.723426064933,cand_013
2024-07-02 07:00:00,0.5271758785499405,14183.250601943482,cand_014
2024-07-02 07:00:00,0.49031404625585057,14183.740915989738,cand_014
2024-07-02 07:00:00,0.604366284364134,14184.345282274102,cand_015
2024-07-03 07:00:00,0.5104507579966491,14184.855733032098,cand_003
2024-07-03 07:00:00,0.5093902926608961,14185.365123324758,cand_009
2024-07-03 07:00:00,0.5222644599299877,14185.887387784689,cand_011
2024-07-03 07:00:00,0.5221548113343271,14186.409542596024,cand_013
2024-07-03 07:00:00,0.49031404625585057,14186.89985664228,cand_014
2024-07-03 07:00:00,0.604366284364134,14187.504222926644,cand_015
2024-07-03 08:08:40,0.0,14187.504222926644,cand_003
2024-07-03 08:08:40,0.0,14187.504222926644,cand_009
2024-07-03 08:08:40,0.0,14187.504222926644,cand_011
2024-07-03 08:08:40,0.0,14187.504222926644,cand_013
2024-07-03 08:08:40,0.0,14187.504222926644,cand_014
2024-07-03 08:08:40,0.0,14187.504222926644,cand_015
2024-07-03 13:00:00,3.005654169144975,14190.509877095788,cand_003
2024-07-03 13:00:00,2.999409899726806,14193.509286995515,cand_009
2024-07-03 13:00:00,3.0752160258230457,14196.584503021339,cand_011
2024-07-03 13:00:00,3.074570389092126,14199.65907341043,cand_013
2024-07-03 13:00:00,2.887084472365332,14202.546157882796,cand_014
2024-07-03 13:00:00,3.5586508861676363,14206.104808768963,cand_015
2024-07-04 07:00:00,0.5104507579966491,14206.61525952696,cand_003
2024-07-04 07:00:00,0.5093902926608961,14207.12464981962,cand_009
2024-07-04 07:00:00,0.5222644599299877,14207.64691427955,cand_011
2024-07-04 07:00:00,0.5221548113343271,14208.169069090885,cand_013
2024-07-04 07:00:00,0.5271758785499405,14208.696244969435,cand_014
2024-07-04 07:00:00,0.49031404625585057,14209.18655901569,cand_014
2024-07-09 07:00:00,0.5104507579966491,14209.697009773687,cand_003
2024-07-09 07:00:00,0.6566499231364257,14210.353659696822,cand_007
2024-07-09 07:00:00,0.5093902926608961,14210.863049989483,cand_009
2024-07-09 07:00:00,0.5222644599299877,14211.385314449413,cand_011
2024-07-09 07:00:00,0.5221548113343271,14211.907469260748,cand_013
2024-07-09 07:00:00,0.5271758785499405,14212.434645139298,cand_014
2024-07-09 07:00:00,0.49031404625585057,14212.924959185553,cand_014
2024-07-09 07:00:00,0.604366284364134,14213.529325469917,cand_015
2024-07-10 07:00:00,0.5104507579966491,14214.039776227914,cand_003
2024-07-10 07:00:00,0.6566499231364257,14214.69642615105,cand_007
2024-07-10 07:00:00,0.5093902926608961,14215.20581644371,cand_009
2024-07-10 07:00:00,0.5222644599299877,14215.72808090364,cand_011
2024-07-10 07:00:00,0.5221548113343271,14216.250235714975,cand_013
2024-07-10 07:00:00,0.5271758785499405,14216.777411593524,cand_014
2024-07-10 07:00:00,0.49031404625585057,14217.26772563978,cand_014
2024-07-10 07:00:00,0.604366284364134,14217.872091924144,cand_015
2024-07-16 07:00:00,0.5104507579966491,14218.38254268214,cand_003
2024-07-16 07:00:00,0.6566499231364257,14219.039192605276,cand_007
2024-07-16 07:00:00,0.5093902926608961,14219.548582897936,cand_009
2024-07-16 07:00:00,0.5222644599299877,14220.070847357867,cand_011
2024-07-16 07:00:00,0.5221548113343271,14220.593002169202,cand_013
2024-07-16 07:00:00,0.5271758785499405,14221.120178047751,cand_014
2024-07-16 07:00:00,0.49031404625585057,14221.610492094007,cand_014
2024-07-16 07:00:00,0.604366284364134,14222.214858378371,cand_015
2024-07-17 08:04:40,0.0,14222.214858378371,cand_003
2024-07-17 08:04:40,0.0,14222.214858378371,cand_007
2024-07-17 08:04:40,0.0,14222.214858378371,cand_009
2024-07-17 08:04:40,0.0,14222.214858378371,cand_011
2024-07-17 08:04:40,0.0,14222.214858378371,cand_013
2024-07-17 08:04:40,0.0,14222.214858378371,cand_014
2024-07-17 08:04:40,0.0,14222.214858378371,cand_014
2024-07-17 08:04:40,0.0,14222.214858378371,cand_015
2024-07-17 11:00:40,41.87497806483099,14264.089836443201,cand_003
2024-07-17 11:00:40,47.15183784190929,14311.241674285111,cand_003
2024-07-17 11:00:40,53.86846957682702,14365.110143861939,cand_007
2024-07-17 11:00:40,60.656684723414976,14425.766828585354,cand_007
2024-07-17 11:00:40,47.05387953983009,14472.820708125184,cand_009
2024-07-17 11:00:40,41.78798247911093,14514.608690604295,cand_009
2024-07-17 11:00:40,42.844118577550645,14557.452809181845,cand_011
2024-07-17 11:00:40,48.24310423567394,14605.69591341752,cand_011
2024-07-17 11:00:40,42.835123522756035,14648.531036940276,cand_013
2024-07-17 11:00:40,48.23297567239689,14696.764012612673,cand_013
2024-07-17 11:00:40,48.69678641894786,14745.460799031622,cand_014
2024-07-17 11:00:40,43.247028248573365,14788.707827280195,cand_014
2024-07-17 11:00:40,40.22305699461231,14828.930884274807,cand_014
2024-07-17 11:00:40,45.29175055278896,14874.222634827596,cand_014
2024-07-17 11:00:40,49.57936589260126,14923.802000720198,cand_015
2024-07-17 11:00:40,55.82709123461024,14979.629091954808,cand_015
2024-07-19 07:00:00,0.5104507579966491,14980.139542712805,cand_003
2024-07-19 07:00:00,0.5093902926608961,14980.648933005465,cand_009
2024-07-19 07:00:00,0.5222644599299877,14981.171197465395,cand_011
2024-07-19 07:00:00,0.5221548113343271,14981.69335227673,cand_013
2024-07-19 07:00:00,0.5271758785499405,14982.22052815528,cand_014
2024-07-19 07:00:00,0.49031404625585057,14982.710842201535,cand_014
2024-07-19 08:01:40,0.0,14982.710842201535,cand_003
2024-07-19 08:01:40,0.0,14982.710842201535,cand_009
2024-07-19 08:01:40,0.0,14982.710842201535,cand_011
2024-07-19 08:01:40,0.0,14982.710842201535,cand_013
2024-07-19 08:01:40,0.0,14982.710842201535,cand_014
2024-07-19 08:01:40,0.0,14982.710842201535,cand_014
2024-07-19 13:00:00,-11.29597500931408,14971.414867192221,cand_003
2024-07-19 13:00:00,-11.272507535237008,14960.142359656984,cand_009
2024-07-19 13:00:00,-11.557405283862435,14948.584954373122,cand_011
2024-07-19 13:00:00,-11.554978824939639,14937.029975548183,cand_013
2024-07-19 13:00:00,-11.666092088852213,14925.363883459331,cand_014
2024-07-19 13:00:00,-10.850361423614762,14914.513522035717,cand_014
2024-07-22 07:00:00,0.5104507579966491,14915.023972793713,cand_003
2024-07-22 07:00:00,0.5093902926608961,14915.533363086373,cand_009
2024-07-22 07:00:00,0.5222644599299877,14916.055627546304,cand_011
2024-07-22 07:00:00,0.5221548113343271,14916.577782357639,cand_013
2024-07-22 07:00:00,0.5271758785499405,14917.104958236188,cand_014
2024-07-22 07:00:00,0.49031404625585057,14917.595272282444,cand_014
2024-07-24 07:02:40,0.0,14917.595272282444,cand_003
2024-07-24 07:02:40,0.0,14917.595272282444,cand_009
2024-07-24 07:02:40,0.0,14917.595272282444,cand_011
2024-07-24 07:02:40,0.0,14917.595272282444,cand_013
2024-07-24 07:02:40,0.0,14917.595272282444,cand_014
2024-07-24 07:02:40,0.0,14917.595272282444,cand_014
2024-07-24 13:00:00,4.305802276277617,14921.901074558722,cand_003
2024-07-24 13:00:00,4.296856939268971,14926.19793149799,cand_009
2024-07-24 13:00:00,4.405454326703544,14930.603385824694,cand_011
2024-07-24 13:00:00,4.404529408549559,14935.007915233244,cand_013
2024-07-24 13:00:00,4.446883587297734,14939.454798820541,cand_014
2024-07-24 13:00:00,4.135943190181704,14943.590742010723,cand_014
2024-07-30 07:00:00,0.5104507579966491,14944.10119276872,cand_003
2024-07-30 07:00:00,0.5093902926608961,14944.61058306138,cand_009
2024-07-30 07:00:00,0.5222644599299877,14945.13284752131,cand_011
2024-07-30 07:00:00,0.5221548113343271,14945.655002332645,cand_013
2024-07-30 07:00:00,0.5271758785499405,14946.182178211195,cand_014
2024-07-30 07:42:40,0.0,14946.182178211195,cand_003
2024-07-30 07:42:40,0.0,14946.182178211195,cand_009
2024-07-30 07:42:40,0.0,14946.182178211195,cand_011
2024-07-30 07:42:40,0.0,14946.182178211195,cand_013
2024-07-30 07:42:40,0.0,14946.182178211195,cand_014
2024-07-30 13:00:00,16.913935998794848,14963.09611420999,cand_003
2024-07-30 13:00:00,16.878797167993106,14979.974911377984,cand_009
2024-07-30 13:00:00,17.305386486974243,14997.280297864958,cand_011
2024-07-30 13:00:00,17.30175324850744,15014.582051113466,cand_013
2024-07-30 13:00:00,17.468127787481265,15032.050178900947,cand_014
2024-08-08 07:00:00,0.5104507579966491,15032.560629658943,cand_003
2024-08-08 07:00:00,0.5093902926608961,15033.070019951603,cand_009
2024-08-08 07:00:00,0.5222644599299877,15033.592284411534,cand_011
2024-08-08 07:00:00,0.5221548113343271,15034.114439222869,cand_013
2024-08-08 07:00:00,0.5271758785499405,15034.641615101418,cand_014
2024-08-09 07:00:00,0.5104507579966491,15035.152065859415,cand_003
2024-08-09 07:00:00,0.5093902926608961,15035.661456152075,cand_009
2024-08-09 07:00:00,0.5222644599299877,15036.183720612005,cand_011
2024-08-09 07:00:00,0.5221548113343271,15036.70587542334,cand_013
2024-08-09 07:00:00,0.5271758785499405,15037.23305130189,cand_014
2024-08-09 07:00:00,0.49031404625585057,15037.723365348145,cand_014
2024-08-12 07:00:00,0.5104507579966491,15038.233816106142,cand_003
2024-08-12 07:00:00,0.5093902926608961,15038.743206398802,cand_009
2024-08-12 07:00:00,0.5222644599299877,15039.265470858732,cand_011
2024-08-12 07:00:00,0.5221548113343271,15039.787625670067,cand_013
2024-08-12 07:00:00,0.5271758785499405,15040.314801548617,cand_014
2024-08-12 07:00:00,0.49031404625585057,15040.805115594872,cand_014
2024-08-13 07:00:00,0.5104507579966491,15041.315566352869,cand_003
2024-08-13 07:00:00,0.5093902926608961,15041.824956645529,cand_009
2024-08-13 07:00:00,0.5222644599299877,15042.34722110546,cand_011
2024-08-13 07:00:00,0.5221548113343271,15042.869375916795,cand_013
2024-08-13 07:00:00,0.5271758785499405,15043.396551795344,cand_014
2024-08-13 07:00:00,0.49031404625585057,15043.8868658416,cand_014
2024-08-13 07:23:40,0.0,15043.8868658416,cand_003
2024-08-13 07:23:40,0.0,15043.8868658416,cand_009
2024-08-13 07:23:40,0.0,15043.8868658416,cand_011
2024-08-13 07:23:40,0.0,15043.8868658416,cand_013
2024-08-13 07:23:40,0.0,15043.8868658416,cand_014
2024-08-13 07:23:40,0.0,15043.8868658416,cand_014
2024-08-13 13:00:00,10.02885606887534,15053.915721910475,cand_003
2024-08-13 13:00:00,10.008021044043488,15063.923742954517,cand_009
2024-08-13 13:00:00,10.26096056568329,15074.1847035202,cand_011
2024-08-13 13:00:00,10.258806293274427,15084.443509813475,cand_013
2024-08-13 13:00:00,10.35745549621648,15094.80096530969,cand_014
2024-08-13 13:00:00,9.633228908791416,15104.434194218482,cand_014
2024-08-15 07:00:00,0.5104507579966491,15104.944644976478,cand_003
2024-08-15 07:00:00,0.5093902926608961,15105.454035269138,cand_009
2024-08-15 07:00:00,0.5222644599299877,15105.976299729069,cand_011
2024-08-15 07:00:00,0.5221548113343271,15106.498454540404,cand_013
2024-08-15 07:00:00,0.5271758785499405,15107.025630418953,cand_014
2024-08-15 07:00:00,0.49031404625585057,15107.515944465209,cand_014
2024-08-16 07:00:00,0.5104507579966491,15108.026395223205,cand_003
2024-08-16 07:00:00,0.5093902926608961,15108.535785515865,cand_009
2024-08-16 07:00:00,0.5222644599299877,15109.058049975796,cand_011
2024-08-16 07:00:00,0.5221548113343271,15109.580204787131,cand_013
2024-08-16 07:00:00,0.5271758785499405,15110.10738066568,cand_014
2024-08-19 07:33:40,0.0,15110.10738066568,cand_003
2024-08-19 07:33:40,0.0,15110.10738066568,cand_007
2024-08-19 07:33:40,0.0,15110.10738066568,cand_009
2024-08-19 07:33:40,0.0,15110.10738066568,cand_011
2024-08-19 07:33:40,0.0,15110.10738066568,cand_013
2024-08-19 07:33:40,0.0,15110.10738066568,cand_014
2024-08-19 07:33:40,0.0,15110.10738066568,cand_014
2024-08-19 07:33:40,0.0,15110.10738066568,cand_015
2024-08-19 13:00:00,-4.8012397766861294,15105.306140888993,cand_003
2024-08-19 13:00:00,-6.176371924089087,15099.129768964904,cand_007
2024-08-19 13:00:00,-4.791265164498665,15094.338503800405,cand_009
2024-08-19 13:00:00,-4.912358067223826,15089.426145733181,cand_011
2024-08-19 13:00:00,-4.911326725432877,15084.514819007749,cand_013
2024-08-19 13:00:00,-4.958554292949147,15079.5562647148,cand_014
2024-08-19 13:00:00,-4.611836235077089,15074.944428479723,cand_014
2024-08-19 13:00:00,-5.684598168813237,15069.25983031091,cand_015
2024-08-20 07:00:00,0.5104507579966491,15069.770281068906,cand_003
2024-08-20 07:00:00,0.5093902926608961,15070.279671361566,cand_009
2024-08-20 07:00:00,0.5222644599299877,15070.801935821497,cand_011
2024-08-20 07:00:00,0.5221548113343271,15071.324090632832,cand_013
2024-08-20 07:00:00,0.5271758785499405,15071.851266511381,cand_014
2024-08-20 07:00:00,0.49031404625585057,15072.341580557637,cand_014
2024-08-20 07:00:00,0.604366284364134,15072.945946842001,cand_015
2024-08-20 08:24:40,0.0,15072.945946842001,cand_003
2024-08-20 08:24:40,0.0,15072.945946842001,cand_009
2024-08-20 08:24:40,0.0,15072.945946842001,cand_011
2024-08-20 08:24:40,0.0,15072.945946842001,cand_013
2024-08-20 08:24:40,0.0,15072.945946842001,cand_014
2024-08-20 08:24:40,0.0,15072.945946842001,cand_014
2024-08-20 08:24:40,0.0,15072.945946842001,cand_015
2024-08-20 13:00:00,-33.41350608815713,15039.532440753845,cand_003
2024-08-20 13:00:00,-33.344089274885015,15006.188351478959,cand_009
2024-08-20 13:00:00,-34.18681711824061,14972.001534360717,cand_011
2024-08-20 13:00:00,-34.17963965016701,14937.82189471055,cand_013
2024-08-20 13:00:00,-34.50831280296317,14903.313581907587,cand_014
2024-08-20 13:00:00,-32.09538062785356,14871.218201279733,cand_014
2024-08-20 13:00:00,-39.56110595531814,14831.657095324415,cand_015
2024-08-27 07:00:00,0.5104507579966491,14832.167546082412,cand_003
2024-08-27 07:00:00,0.5093902926608961,14832.676936375072,cand_009
2024-08-27 07:00:00,0.5222644599299877,14833.199200835003,cand_011
2024-08-27 07:00:00,0.5221548113343271,14833.721355646338,cand_013
2024-08-27 07:00:00,0.5271758785499405,14834.248531524887,cand_014
2024-08-27 07:00:00,0.49031404625585057,14834.738845571143,cand_014
2024-08-27 07:00:00,0.604366284364134,14835.343211855507,cand_015
2024-08-29 07:00:00,0.5104507579966491,14835.853662613503,cand_003
2024-08-29 07:00:00,0.5093902926608961,14836.363052906163,cand_009
2024-08-29 07:00:00,0.5222644599299877,14836.885317366094,cand_011
2024-08-29 07:00:00,0.5221548113343271,14837.407472177429,cand_013
2024-08-29 07:00:00,0.5271758785499405,14837.934648055978,cand_014
2024-08-29 08:10:40,0.0,14837.934648055978,cand_003
2024-08-29 08:10:40,0.0,14837.934648055978,cand_009
2024-08-29 08:10:40,0.0,14837.934648055978,cand_011
2024-08-29 08:10:40,0.0,14837.934648055978,cand_013
2024-08-29 08:10:40,0.0,14837.934648055978,cand_014
2024-08-29 13:00:00,-12.674192055905035,14825.260456000073,cand_003
2024-08-29 13:00:00,-12.647861325421427,14812.61259467465,cand_009
2024-08-29 13:00:00,-12.967519325673402,14799.645075348977,cand_011
2024-08-29 13:00:00,-12.964796815542321,14786.680278533435,cand_013
2024-08-29 13:00:00,-13.089466960937054,14773.590811572498,cand_014
2024-08-30 07:00:00,0.49031404625585057,14774.081125618754,cand_014
2024-09-02 07:00:00,0.5104507579966491,14774.59157637675,cand_003
2024-09-02 07:00:00,0.6566499231364257,14775.248226299886,cand_007
2024-09-02 07:00:00,0.5093902926608961,14775.757616592546,cand_009
2024-09-02 07:00:00,0.5222644599299877,14776.279881052476,cand_011
2024-09-02 07:00:00,0.5221548113343271,14776.802035863811,cand_013
2024-09-02 07:00:00,0.5271758785499405,14777.32921174236,cand_014
2024-09-02 07:00:00,0.49031404625585057,14777.819525788616,cand_014
2024-09-02 07:00:00,0.604366284364134,14778.42389207298,cand_015
2024-09-03 07:00:00,0.5104507579966491,14778.934342830977,cand_003
2024-09-03 07:00:00,0.5093902926608961,14779.443733123637,cand_009
2024-09-03 07:00:00,0.5222644599299877,14779.965997583568,cand_011
2024-09-03 07:00:00,0.5221548113343271,14780.488152394902,cand_013
2024-09-03 07:00:00,0.5271758785499405,14781.015328273452,cand_014
2024-09-03 07:00:00,0.49031404625585057,14781.505642319707,cand_014
2024-09-03 07:00:00,0.604366284364134,14782.110008604071,cand_015
2024-09-05 09:28:40,0.0,14782.110008604071,cand_003
2024-09-05 09:28:40,0.0,14782.110008604071,cand_009
2024-09-05 09:28:40,0.0,14782.110008604071,cand_011
2024-09-05 09:28:40,0.0,14782.110008604071,cand_013
2024-09-05 09:28:40,0.0,14782.110008604071,cand_014
2024-09-05 09:28:40,0.0,14782.110008604071,cand_014
2024-09-05 13:00:00,-24.207376535111678,14757.902632068959,cand_003
2024-09-05 13:00:00,-24.15708552607144,14733.745546542888,cand_009
2024-09-05 13:00:00,-24.767623976209187,14708.977922566679,cand_011
2024-09-05 13:00:00,-24.762424052807912,14684.215498513871,cand_013
2024-09-05 13:00:00,-25.000540781586007,14659.214957732285,cand_014
2024-09-05 13:00:00,-23.25242259361569,14635.96253513867,cand_014
2024-09-06 08:06:40,0.0,14635.96253513867,cand_003
2024-09-06 08:06:40,0.0,14635.96253513867,cand_009
2024-09-06 08:06:40,0.0,14635.96253513867,cand_011
2024-09-06 08:06:40,0.0,14635.96253513867,cand_013
2024-09-06 08:06:40,0.0,14635.96253513867,cand_014
2024-09-06 08:06:40,0.0,14635.96253513867,cand_014
2024-09-06 13:00:00,0.8407424249356573,14636.803277563606,cand_003
2024-09-06 13:00:00,0.8389957761473583,14637.642273339752,cand_009
2024-09-06 13:00:00,0.8602002869435093,14638.502473626695,cand_011
2024-09-06 13:00:00,0.8600196892565387,14639.362493315952,cand_013
2024-09-06 13:00:00,0.8682896823175491,14640.23078299827,cand_014
2024-09-06 13:00:00,0.8075760761861067,14641.038359074455,cand_014
2024-09-10 07:00:00,0.5104507579966491,14641.548809832451,cand_003
2024-09-10 07:00:00,0.5093902926608961,14642.058200125111,cand_009
2024-09-10 07:00:00,0.5222644599299877,14642.580464585042,cand_011
2024-09-10 07:00:00,0.5221548113343271,14643.102619396377,cand_013
2024-09-10 07:00:00,0.5271758785499405,14643.629795274926,cand_014
2024-09-10 07:00:00,0.49031404625585057,14644.120109321182,cand_014
2024-09-11 07:11:40,0.0,14644.120109321182,cand_003
2024-09-11 07:11:40,0.0,14644.120109321182,cand_009
2024-09-11 07:11:40,0.0,14644.120109321182,cand_011
2024-09-11 07:11:40,0.0,14644.120109321182,cand_013
2024-09-11 07:11:40,0.0,14644.120109321182,cand_014
2024-09-11 07:11:40,0.0,14644.120109321182,cand_014
2024-09-11 07:11:40,0.0,14644.120109321182,cand_015
2024-09-11 13:00:00,-20.102751910515092,14624.017357410667,cand_003
2024-09-11 13:00:00,-20.06098829038059,14603.956369120286,cand_009
2024-09-11 13:00:00,-20.568003289595694,14583.38836583069,cand_011
2024-09-11 13:00:00,-20.563685069901883,14562.824680760788,cand_013
2024-09-11 13:00:00,-20.761426511128544,14542.06325424966,cand_014
2024-09-11 13:00:00,-19.309720821664232,14522.753533427996,cand_014
2024-09-11 13:00:00,-23.80136631657575,14498.95216711142,cand_015
2024-09-13 07:34:40,0.0,14498.95216711142,cand_007
2024-09-13 07:34:40,0.0,14498.95216711142,cand_015
2024-09-13 13:00:00,2.3639397232911326,14501.31610683471,cand_007
2024-09-13 13:00:00,2.1757186237108823,14503.49182545842,cand_015
2024-09-16 09:43:40,0.0,14503.49182545842,cand_007
2024-09-16 09:43:40,0.0,14503.49182545842,cand_015
2024-09-16 13:00:00,-17.46302530882224,14486.0288001496,cand_007
2024-09-16 13:00:00,-16.072588068295588,14469.956212081304,cand_015
2024-09-18 07:00:00,0.6566499231364257,14470.61286200444,cand_007
2024-09-18 07:00:00,0.604366284364134,14471.217228288804,cand_015
2024-09-23 07:00:00,0.604366284364134,14471.821594573168,cand_015
2024-09-26 07:00:00,0.6566499231364257,14472.478244496304,cand_007
2024-09-26 07:00:00,0.604366284364134,14473.082610780668,cand_015
2024-10-01 07:00:00,0.5104507579966491,14473.593061538664,cand_003
2024-10-01 07:00:00,0.6566499231364257,14474.2497114618,cand_007
2024-10-01 07:00:00,0.5093902926608961,14474.75910175446,cand_009
2024-10-01 07:00:00,0.5222644599299877,14475.28136621439,cand_011
2024-10-01 07:00:00,0.5221548113343271,14475.803521025726,cand_013
2024-10-01 07:00:00,0.5271758785499405,14476.330696904275,cand_014
2024-10-01 07:00:00,0.49031404625585057,14476.82101095053,cand_014
2024-10-01 07:00:00,0.604366284364134,14477.425377234895,cand_015
2024-10-01 09:14:40,0.0,14477.425377234895,cand_003
2024-10-01 09:14:40,0.0,14477.425377234895,cand_007
2024-10-01 09:14:40,0.0,14477.425377234895,cand_009
2024-10-01 09:14:40,0.0,14477.425377234895,cand_011
2024-10-01 09:14:40,0.0,14477.425377234895,cand_013
2024-10-01 09:14:40,0.0,14477.425377234895,cand_014
2024-10-01 09:14:40,0.0,14477.425377234895,cand_014
2024-10-01 09:14:40,0.0,14477.425377234895,cand_015
2024-10-01 13:00:00,-30.41685987356503,14447.00851736133,cand_003
2024-10-01 13:00:00,-39.1286101257176,14407.879907235612,cand_007
2024-10-01 13:00:00,-30.35366861561693,14377.526238619996,cand_009
2024-10-01 13:00:00,-31.120817524063387,14346.405421095933,cand_011
2024-10-01 13:00:00,-31.11428375774549,14315.291137338187,cand_013
2024-10-01 13:00:00,-31.413480292417045,14283.87765704577,cand_014
2024-10-01 13:00:00,-29.216948756304507,14254.660708289466,cand_014
2024-10-01 13:00:00,-36.01312035652163,14218.647587932945,cand_015
2024-10-02 07:00:00,0.5104507579966491,14219.15803869094,cand_003
2024-10-02 07:00:00,0.6566499231364257,14219.814688614077,cand_007
2024-10-02 07:00:00,0.5093902926608961,14220.324078906737,cand_009
2024-10-02 07:00:00,0.5222644599299877,14220.846343366667,cand_011
2024-10-02 07:00:00,0.5221548113343271,14221.368498178002,cand_013
2024-10-02 07:00:00,0.5271758785499405,14221.895674056552,cand_014
2024-10-02 07:00:00,0.49031404625585057,14222.385988102807,cand_014
2024-10-02 07:00:00,0.604366284364134,14222.990354387171,cand_015
2024-10-03 07:00:00,0.5104507579966491,14223.500805145168,cand_003
2024-10-03 07:00:00,0.5093902926608961,14224.010195437828,cand_009
2024-10-03 07:00:00,0.5222644599299877,14224.532459897759,cand_011
2024-10-03 07:00:00,0.5221548113343271,14225.054614709094,cand_013
2024-10-03 07:00:00,0.5271758785499405,14225.581790587643,cand_014
2024-10-04 07:00:00,0.5104507579966491,14226.09224134564,cand_003
2024-10-04 07:00:00,0.6566499231364257,14226.748891268775,cand_007
2024-10-04 07:00:00,0.5093902926608961,14227.258281561435,cand_009
2024-10-04 07:00:00,0.5222644599299877,14227.780546021366,cand_011
2024-10-04 07:00:00,0.5221548113343271,14228.3027008327,cand_013
2024-10-04 07:00:00,0.5271758785499405,14228.82987671125,cand_014
2024-10-04 07:00:00,0.49031404625585057,14229.320190757506,cand_014
2024-10-04 07:00:00,0.604366284364134,14229.92455704187,cand_015
2024-10-07 07:00:00,0.5104507579966491,14230.435007799866,cand_003
2024-10-07 07:00:00,0.6566499231364257,14231.091657723002,cand_007
2024-10-07 07:00:00,0.5093902926608961,14231.601048015662,cand_009
2024-10-07 07:00:00,0.5222644599299877,14232.123312475593,cand_011
2024-10-07 07:00:00,0.5221548113343271,14232.645467286928,cand_013
2024-10-07 07:00:00,0.5271758785499405,14233.172643165477,cand_014
2024-10-07 07:00:00,0.49031404625585057,14233.662957211733,cand_014
2024-10-07 07:00:00,0.604366284364134,14234.267323496097,cand_015
2024-10-08 07:00:00,0.5104507579966491,14234.777774254093,cand_003
2024-10-08 07:00:00,0.5093902926608961,14235.287164546753,cand_009
2024-10-08 07:00:00,0.5222644599299877,14235.809429006684,cand_011
2024-10-08 07:00:00,0.5221548113343271,14236.331583818019,cand_013
2024-10-08 07:00:00,0.5271758785499405,14236.858759696568,cand_014
2024-10-08 07:00:00,0.49031404625585057,14237.349073742824,cand_014
2024-10-09 07:00:00,0.5104507579966491,14237.85952450082,cand_003
2024-10-09 07:00:00,0.5093902926608961,14238.36891479348,cand_009
2024-10-09 07:00:00,0.5222644599299877,14238.89117925341,cand_011
2024-10-09 07:00:00,0.5221548113343271,14239.413334064746,cand_013
2024-10-09 07:00:00,0.5271758785499405,14239.940509943295,cand_014
2024-10-09 08:16:40,0.0,14239.940509943295,cand_003
2024-10-09 08:16:40,0.0,14239.940509943295,cand_009
2024-10-09 08:16:40,0.0,14239.940509943295,cand_011
2024-10-09 08:16:40,0.0,14239.940509943295,cand_013
2024-10-09 08:16:40,0.0,14239.940509943295,cand_014
2024-10-09 13:00:00,2.3030337140201755,14242.243543657316,cand_003
2024-10-09 13:00:00,2.2982491439465136,14244.541792801263,cand_009
2024-10-09 13:00:00,2.3563343574488274,14246.898127158713,cand_011
2024-10-09 13:00:00,2.3558396487848756,14249.253966807497,cand_013
2024-10-09 13:00:00,2.3784935226341437,14251.632460330131,cand_014
2024-10-10 07:00:00,0.5104507579966491,14252.142911088127,cand_003
2024-10-10 07:00:00,0.5093902926608961,14252.652301380787,cand_009
2024-10-10 07:00:00,0.5222644599299877,14253.174565840718,cand_011
2024-10-10 07:00:00,0.5221548113343271,14253.696720652053,cand_013
2024-10-10 07:00:00,0.5271758785499405,14254.223896530602,cand_014
2024-10-10 07:30:40,0.0,14254.223896530602,cand_003
2024-10-10 07:30:40,0.0,14254.223896530602,cand_009
2024-10-10 07:30:40,0.0,14254.223896530602,cand_011
2024-10-10 07:30:40,0.0,14254.223896530602,cand_013
2024-10-10 07:30:40,0.0,14254.223896530602,cand_014
2024-10-10 12:28:40,-22.507875776134597,14231.716020754468,cand_003
2024-10-10 12:28:40,44.70077340807009,14276.416794162538,cand_003
2024-10-10 12:28:40,-22.461115492859278,14253.95567866968,cand_009
2024-10-10 12:28:40,44.60790721101193,14298.56358588069,cand_009
2024-10-10 12:28:40,-23.028790539030517,14275.53479534166,cand_011
2024-10-10 12:28:40,45.73531318484542,14321.270108526505,cand_011
2024-10-10 12:28:40,45.72571112832507,14366.99581965483,cand_013
2024-10-10 12:28:40,-23.02395568095362,14343.971863973877,cand_013
2024-10-10 12:28:40,-23.24535520947267,14320.726508764405,cand_014
2024-10-10 12:28:40,46.16541189153424,14366.891920655939,cand_014
2024-10-14 07:00:00,0.49031404625585057,14367.382234702194,cand_014
2024-10-17 07:00:00,0.49031404625585057,14367.87254874845,cand_014
2024-10-17 07:00:00,0.604366284364134,14368.476915032814,cand_015
2024-10-18 07:00:00,0.49031404625585057,14368.96722907907,cand_014
2024-10-22 07:00:00,0.6566499231364257,14369.623879002205,cand_007
2024-10-22 07:00:00,0.49031404625585057,14370.114193048461,cand_014
2024-10-22 07:00:00,0.604366284364134,14370.718559332825,cand_015
2024-10-22 07:20:40,0.0,14370.718559332825,cand_007
2024-10-22 07:20:40,0.0,14370.718559332825,cand_014
2024-10-22 07:20:40,0.0,14370.718559332825,cand_015
2024-10-22 13:00:00,-11.723132451288542,14358.995426881536,cand_007
2024-10-22 13:00:00,-8.753547825802979,14350.241879055733,cand_014
2024-10-22 13:00:00,-10.789715723794982,14339.452163331938,cand_015
2024-11-05 07:00:00,0.5104507579966491,14339.962614089935,cand_003
2024-11-05 07:00:00,0.6566499231364257,14340.61926401307,cand_007
2024-11-05 07:00:00,0.5093902926608961,14341.12865430573,cand_009
2024-11-05 07:00:00,0.5222644599299877,14341.650918765661,cand_011
2024-11-05 07:00:00,0.5221548113343271,14342.173073576996,cand_013
2024-11-05 07:00:00,0.5271758785499405,14342.700249455545,cand_014
2024-11-05 07:00:00,0.49031404625585057,14343.190563501801,cand_014
2024-11-05 07:00:00,0.604366284364134,14343.794929786165,cand_015
2024-11-07 07:00:00,0.5104507579966491,14344.305380544161,cand_003
2024-11-07 07:00:00,0.6566499231364257,14344.962030467297,cand_007
2024-11-07 07:00:00,0.5093902926608961,14345.471420759957,cand_009
2024-11-07 07:00:00,0.5222644599299877,14345.993685219888,cand_011
2024-11-07 07:00:00,0.5221548113343271,14346.515840031223,cand_013
2024-11-07 07:00:00,0.5271758785499405,14347.043015909772,cand_014
2024-11-07 07:00:00,0.49031404625585057,14347.533329956028,cand_014
2024-11-07 07:00:00,0.604366284364134,14348.137696240392,cand_015
2024-11-11 07:00:00,0.5104507579966491,14348.648146998388,cand_003
2024-11-11 07:00:00,0.6566499231364257,14349.304796921524,cand_007
2024-11-11 07:00:00,0.5093902926608961,14349.814187214184,cand_009
2024-11-11 07:00:00,0.5222644599299877,14350.336451674115,cand_011
2024-11-11 07:00:00,0.5221548113343271,14350.85860648545,cand_013
2024-11-11 07:00:00,0.5271758785499405,14351.385782364,cand_014
2024-11-11 07:00:00,0.49031404625585057,14351.876096410255,cand_014
2024-11-11 07:00:00,0.604366284364134,14352.480462694619,cand_015
2024-11-12 07:00:00,0.5104507579966491,14352.990913452615,cand_003
2024-11-12 07:00:00,0.6566499231364257,14353.64756337575,cand_007
2024-11-12 07:00:00,0.5093902926608961,14354.156953668411,cand_009
2024-11-12 07:00:00,0.5222644599299877,14354.679218128342,cand_011
2024-11-12 07:00:00,0.5221548113343271,14355.201372939677,cand_013
2024-11-12 07:00:00,0.5271758785499405,14355.728548818226,cand_014
2024-11-12 07:00:00,0.49031404625585057,14356.218862864482,cand_014
2024-11-12 07:00:00,0.604366284364134,14356.823229148846,cand_015
2024-11-13 07:00:00,0.5104507579966491,14357.333679906842,cand_003
2024-11-13 07:00:00,0.5093902926608961,14357.843070199502,cand_009
2024-11-13 07:00:00,0.5222644599299877,14358.365334659433,cand_011
2024-11-13 07:00:00,0.5221548113343271,14358.887489470768,cand_013
2024-11-13 07:00:00,0.5271758785499405,14359.414665349317,cand_014
2024-11-13 07:00:00,0.49031404625585057,14359.904979395573,cand_014
2024-11-13 08:04:40,0.0,14359.904979395573,cand_003
2024-11-13 08:04:40,0.0,14359.904979395573,cand_009
2024-11-13 08:04:40,0.0,14359.904979395573,cand_011
2024-11-13 08:04:40,0.0,14359.904979395573,cand_013
2024-11-13 08:04:40,0.0,14359.904979395573,cand_014
2024-11-13 08:04:40,0.0,14359.904979395573,cand_014
2024-11-13 13:00:00,-2.945601138792428,14356.95937825678,cand_003
2024-11-13 13:00:00,-2.939481630001995,14354.019896626778,cand_009
2024-11-13 13:00:00,-3.0137731481842236,14351.006123478594,cand_011
2024-11-13 13:00:00,-3.0131404112880875,14347.992983067305,cand_013
2024-11-13 13:00:00,-3.0421149226911277,14344.950868144613,cand_014
2024-11-13 13:00:00,-2.829400466923467,14342.121467677689,cand_014
2024-11-14 07:00:00,0.5104507579966491,14342.631918435685,cand_003
2024-11-14 07:00:00,0.6566499231364257,14343.288568358821,cand_007
2024-11-14 07:00:00,0.5093902926608961,14343.797958651481,cand_009
2024-11-14 07:00:00,0.5222644599299877,14344.320223111412,cand_011
2024-11-14 07:00:00,0.5221548113343271,14344.842377922747,cand_013
2024-11-14 07:00:00,0.5271758785499405,14345.369553801296,cand_014
2024-11-14 07:00:00,0.49031404625585057,14345.859867847552,cand_014
2024-11-14 07:00:00,0.604366284364134,14346.464234131916,cand_015
2024-11-15 07:00:00,0.5104507579966491,14346.974684889912,cand_003
2024-11-15 07:00:00,0.5093902926608961,14347.484075182572,cand_009
2024-11-15 07:00:00,0.5222644599299877,14348.006339642503,cand_011
2024-11-15 07:00:00,0.5221548113343271,14348.528494453838,cand_013
2024-11-15 07:00:00,0.5271758785499405,14349.055670332387,cand_014
2024-11-20 07:00:00,0.5104507579966491,14349.566121090384,cand_003
2024-11-20 07:00:00,0.6566499231364257,14350.22277101352,cand_007
2024-11-20 07:00:00,0.5093902926608961,14350.73216130618,cand_009
2024-11-20 07:00:00,0.5222644599299877,14351.25442576611,cand_011
2024-11-20 07:00:00,0.5221548113343271,14351.776580577445,cand_013
2024-11-20 07:00:00,0.5271758785499405,14352.303756455995,cand_014
2024-11-20 07:00:00,0.49031404625585057,14352.79407050225,cand_014
2024-11-20 07:00:00,0.604366284364134,14353.398436786614,cand_015
2024-11-20 08:01:40,0.0,14353.398436786614,cand_003
2024-11-20 08:01:40,0.0,14353.398436786614,cand_007
2024-11-20 08:01:40,0.0,14353.398436786614,cand_009
2024-11-20 08:01:40,0.0,14353.398436786614,cand_011
2024-11-20 08:01:40,0.0,14353.398436786614,cand_013
2024-11-20 08:01:40,0.0,14353.398436786614,cand_014
2024-11-20 08:01:40,0.0,14353.398436786614,cand_014
2024-11-20 08:01:40,0.0,14353.398436786614,cand_015
2024-11-20 13:00:00,18.583410242595654,14371.98184702921,cand_003
2024-11-20 13:00:00,23.90591984877258,14395.887766877982,cand_007
2024-11-20 13:00:00,18.544803066342862,14414.432569944325,cand_009
2024-11-20 13:00:00,19.013498485333496,14433.44606842966,cand_011
2024-11-20 13:00:00,19.009506631459708,14452.455575061118,cand_013
2024-11-20 13:00:00,19.19230301379754,14471.647878074915,cand_014
2024-11-20 13:00:00,17.850315483985053,14489.4981935589,cand_014
2024-11-20 13:00:00,22.002487846644858,14511.500681405545,cand_015
2024-11-21 08:12:40,0.0,14511.500681405545,cand_003
2024-11-21 08:12:40,0.0,14511.500681405545,cand_007
2024-11-21 08:12:40,0.0,14511.500681405545,cand_009
2024-11-21 08:12:40,0.0,14511.500681405545,cand_011
2024-11-21 08:12:40,0.0,14511.500681405545,cand_013
2024-11-21 08:12:40,0.0,14511.500681405545,cand_014
2024-11-21 08:12:40,0.0,14511.500681405545,cand_014
2024-11-21 08:12:40,0.0,14511.500681405545,cand_015
2024-11-21 13:00:00,11.743370085440556,14523.244051490985,cand_003
2024-11-21 13:00:00,15.106810878744476,14538.350862369729,cand_007
2024-11-21 13:00:00,11.718973144686851,14550.069835514416,cand_009
2024-11-21 13:00:00,12.01515472227166,14562.084990236688,cand_011
2024-11-21 13:00:00,12.012632159579725,14574.097622396268,cand_013
2024-11-21 13:00:00,12.128146241228338,14586.225768637496,cand_014
2024-11-21 13:00:00,11.280107264156657,14597.505875901652,cand_014
2024-11-21 13:00:00,13.90397963616546,14611.409855537817,cand_015
2024-11-27 08:30:40,0.0,14611.409855537817,cand_003
2024-11-27 08:30:40,0.0,14611.409855537817,cand_007
2024-11-27 08:30:40,0.0,14611.409855537817,cand_009
2024-11-27 08:30:40,0.0,14611.409855537817,cand_011
2024-11-27 08:30:40,0.0,14611.409855537817,cand_013
2024-11-27 08:30:40,0.0,14611.409855537817,cand_014
2024-11-27 08:30:40,0.0,14611.409855537817,cand_014
2024-11-27 08:30:40,0.0,14611.409855537817,cand_015
2024-11-27 13:00:00,27.522303810572268,14638.93215934839,cand_003
2024-11-27 13:00:00,35.4050187968734,14674.337178145262,cand_007
2024-11-27 13:00:00,27.465126014881022,14701.802304160143,cand_009
2024-11-27 13:00:00,28.159270821872163,14729.961574982015,cand_011
2024-11-27 13:00:00,28.153358827590836,14758.114933809606,cand_013
2024-11-27 13:00:00,28.42408295758091,14786.539016767187,cand_014
2024-11-27 13:00:00,26.436579694006625,14812.975596461194,cand_014
2024-11-27 13:00:00,32.58600801459796,14845.561604475792,cand_015
2024-11-29 09:27:40,0.0,14845.561604475792,cand_003
2024-11-29 09:27:40,0.0,14845.561604475792,cand_007
2024-11-29 09:27:40,0.0,14845.561604475792,cand_009
2024-11-29 09:27:40,0.0,14845.561604475792,cand_011
2024-11-29 09:27:40,0.0,14845.561604475792,cand_013
2024-11-29 09:27:40,0.0,14845.561604475792,cand_014
2024-11-29 09:27:40,0.0,14845.561604475792,cand_014
2024-11-29 09:27:40,0.0,14845.561604475792,cand_015
2024-11-29 13:00:00,-14.493798875587208,14831.067805600205,cand_003
2024-11-29 13:00:00,-18.644995170467805,14812.422810429738,cand_007
2024-11-29 13:00:00,-14.463687898083212,14797.959122531654,cand_009
2024-11-29 13:00:00,-14.829238518129713,14783.129884013524,cand_011
2024-11-29 13:00:00,-14.826125143004688,14768.30375887052,cand_013
2024-11-29 13:00:00,-14.968693916238607,14753.33506495428,cand_014
2024-11-29 13:00:00,-13.922034713394064,14739.413030240887,cand_014
2024-11-29 13:00:00,-17.16044738015103,14722.252582860736,cand_015
2024-12-04 07:00:00,0.5104507579966491,14722.763033618732,cand_003
2024-12-04 07:00:00,0.5093902926608961,14723.272423911392,cand_009
2024-12-04 07:00:00,0.5222644599299877,14723.794688371323,cand_011
2024-12-04 07:00:00,0.5221548113343271,14724.316843182658,cand_013
2024-12-04 07:00:00,0.5271758785499405,14724.844019061207,cand_014
2024-12-04 09:17:40,0.0,14724.844019061207,cand_003
2024-12-04 09:17:40,0.0,14724.844019061207,cand_009
2024-12-04 09:17:40,0.0,14724.844019061207,cand_011
2024-12-04 09:17:40,0.0,14724.844019061207,cand_013
2024-12-04 09:17:40,0.0,14724.844019061207,cand_014
2024-12-04 13:00:00,22.57093145800477,14747.414950519213,cand_003
2024-12-04 13:00:00,22.524040176070333,14769.938990695284,cand_009
2024-12-04 13:00:00,23.093305560551283,14793.032296255835,cand_011
2024-12-04 13:00:00,23.088457157647863,14816.120753413483,cand_013
2024-12-04 13:00:00,23.31047693564649,14839.43123034913,cand_014
2024-12-05 07:00:00,0.5104507579966491,14839.941681107126,cand_003
2024-12-05 07:00:00,0.5093902926608961,14840.451071399786,cand_009
2024-12-05 07:00:00,0.5222644599299877,14840.973335859717,cand_011
2024-12-05 07:00:00,0.5221548113343271,14841.495490671052,cand_013
2024-12-05 07:00:00,0.5271758785499405,14842.022666549601,cand_014
2024-12-05 07:00:00,0.49031404625585057,14842.512980595857,cand_014
2024-12-10 07:00:00,0.5104507579966491,14843.023431353853,cand_003
2024-12-10 07:00:00,0.6566499231364257,14843.680081276989,cand_007
2024-12-10 07:00:00,0.5093902926608961,14844.189471569649,cand_009
2024-12-10 07:00:00,0.5222644599299877,14844.71173602958,cand_011
2024-12-10 07:00:00,0.5221548113343271,14845.233890840915,cand_013
2024-12-10 07:00:00,0.5271758785499405,14845.761066719464,cand_014
2024-12-10 07:00:00,0.49031404625585057,14846.25138076572,cand_014
2024-12-10 07:00:00,0.604366284364134,14846.855747050084,cand_015
2024-12-11 07:00:00,0.5104507579966491,14847.36619780808,cand_003
2024-12-11 07:00:00,0.6566499231364257,14848.022847731216,cand_007
2024-12-11 07:00:00,0.5093902926608961,14848.532238023876,cand_009
2024-12-11 07:00:00,0.5222644599299877,14849.054502483807,cand_011
2024-12-11 07:00:00,0.5221548113343271,14849.576657295142,cand_013
2024-12-11 07:00:00,0.5271758785499405,14850.10383317369,cand_014
2024-12-11 07:00:00,0.49031404625585057,14850.594147219947,cand_014
2024-12-11 07:00:00,0.604366284364134,14851.19851350431,cand_015
2024-12-12 07:00:00,0.5104507579966491,14851.708964262307,cand_003
2024-12-12 07:00:00,0.5093902926608961,14852.218354554967,cand_009
2024-12-12 07:00:00,0.5222644599299877,14852.740619014898,cand_011
2024-12-12 07:00:00,0.5221548113343271,14853.262773826233,cand_013
2024-12-12 07:00:00,0.5271758785499405,14853.789949704782,cand_014
2024-12-12 07:00:00,0.49031404625585057,14854.280263751038,cand_014
2024-12-12 07:33:40,0.0,14854.280263751038,cand_003
2024-12-12 07:33:40,0.0,14854.280263751038,cand_009
2024-12-12 07:33:40,0.0,14854.280263751038,cand_011
2024-12-12 07:33:40,0.0,14854.280263751038,cand_013
2024-12-12 07:33:40,0.0,14854.280263751038,cand_014
2024-12-12 07:33:40,0.0,14854.280263751038,cand_014
2024-12-12 13:00:00,-10.410192811614015,14843.870070939423,cand_003
2024-12-12 13:00:00,-10.388565556796042,14833.481505382628,cand_009
2024-12-12 13:00:00,-10.65112283868981,14822.830382543938,cand_011
2024-12-12 13:00:00,-10.648886652330072,14812.181495891607,cand_013
2024-12-12 13:00:00,-10.751286887839083,14801.430209003769,cand_014
2024-12-12 13:00:00,-9.999522343347259,14791.430686660422,cand_014
2024-12-13 07:00:00,0.5104507579966491,14791.941137418418,cand_003
2024-12-13 07:00:00,0.5093902926608961,14792.450527711078,cand_009
2024-12-13 07:00:00,0.5222644599299877,14792.97279217101,cand_011
2024-12-13 07:00:00,0.5221548113343271,14793.494946982344,cand_013
2024-12-13 07:00:00,0.5271758785499405,14794.022122860893,cand_014
2024-12-13 07:00:00,0.49031404625585057,14794.51243690715,cand_014
2024-12-13 07:00:00,0.604366284364134,14795.116803191513,cand_015
2024-12-16 07:00:00,0.5104507579966491,14795.62725394951,cand_003
2024-12-16 07:00:00,0.5093902926608961,14796.13664424217,cand_009
2024-12-16 07:00:00,0.5222644599299877,14796.6589087021,cand_011
2024-12-16 07:00:00,0.5221548113343271,14797.181063513435,cand_013
2024-12-16 07:00:00,0.5271758785499405,14797.708239391985,cand_014
2024-12-17 07:00:00,0.5104507579966491,14798.21869014998,cand_003
2024-12-17 07:00:00,0.5093902926608961,14798.728080442641,cand_009
2024-12-17 07:00:00,0.5222644599299877,14799.250344902572,cand_011
2024-12-17 07:00:00,0.5221548113343271,14799.772499713907,cand_013
2024-12-17 07:00:00,0.5271758785499405,14800.299675592456,cand_014
2024-12-19 07:00:00,0.5104507579966491,14800.810126350452,cand_003
2024-12-19 07:00:00,0.5093902926608961,14801.319516643112,cand_009
2024-12-19 07:00:00,0.5222644599299877,14801.841781103043,cand_011
2024-12-19 07:00:00,0.5221548113343271,14802.363935914378,cand_013
2024-12-19 07:00:00,0.5271758785499405,14802.891111792927,cand_014
2024-12-19 08:36:40,0.0,14802.891111792927,cand_003
2024-12-19 08:36:40,0.0,14802.891111792927,cand_009
2024-12-19 08:36:40,0.0,14802.891111792927,cand_011
2024-12-19 08:36:40,0.0,14802.891111792927,cand_013
2024-12-19 08:36:40,0.0,14802.891111792927,cand_014
2024-12-19 13:00:00,52.95476216487591,14855.845873957804,cand_003
2024-12-19 13:00:00,52.84474824333862,14908.690622201142,cand_009
2024-12-19 13:00:00,54.18032950191333,14962.870951703055,cand_011
2024-12-19 13:00:00,54.168954427601136,15017.039906130656,cand_013
2024-12-19 13:00:00,54.68984584768678,15071.729751978342,cand_014
2024-12-20 07:00:00,0.5104507579966491,15072.240202736339,cand_003
2024-12-20 07:00:00,0.6566499231364257,15072.896852659474,cand_007
2024-12-20 07:00:00,0.5093902926608961,15073.406242952135,cand_009
2024-12-20 07:00:00,0.5222644599299877,15073.928507412065,cand_011
2024-12-20 07:00:00,0.5221548113343271,15074.4506622234,cand_013
2024-12-20 07:00:00,0.5271758785499405,15074.97783810195,cand_014
2024-12-20 07:00:00,0.49031404625585057,15075.468152148205,cand_014
2024-12-20 07:00:00,0.604366284364134,15076.07251843257,cand_015
2024-12-23 07:00:00,0.5104507579966491,15076.582969190566,cand_003
2024-12-23 07:00:00,0.5093902926608961,15077.092359483226,cand_009
2024-12-23 07:00:00,0.5222644599299877,15077.614623943156,cand_011
2024-12-23 07:00:00,0.5221548113343271,15078.136778754491,cand_013
2024-12-23 07:00:00,0.5271758785499405,15078.66395463304,cand_014
2024-12-23 09:17:40,0.0,15078.66395463304,cand_003
2024-12-23 09:17:40,0.0,15078.66395463304,cand_009
2024-12-23 09:17:40,0.0,15078.66395463304,cand_011
2024-12-23 09:17:40,0.0,15078.66395463304,cand_013
2024-12-23 09:17:40,0.0,15078.66395463304,cand_014
2024-12-23 13:00:00,-0.03903446972915552,15078.62492016331,cand_003
2024-12-23 13:00:00,-0.03895337532112735,15078.58596678799,cand_009
2024-12-23 13:00:00,-0.03993787046523436,15078.546028917524,cand_011
2024-12-23 13:00:00,-0.03992948557262502,15078.506099431952,cand_013
2024-12-23 13:00:00,-0.04031344953617193,15078.465785982416,cand_014
2024-12-24 07:00:00,0.5104507579966491,15078.976236740413,cand_003
2024-12-24 07:00:00,0.6566499231364257,15079.632886663549,cand_007
2024-12-24 07:00:00,0.5093902926608961,15080.142276956209,cand_009
2024-12-24 07:00:00,0.5222644599299877,15080.66454141614,cand_011
2024-12-24 07:00:00,0.5221548113343271,15081.186696227474,cand_013
2024-12-24 07:00:00,0.5271758785499405,15081.713872106024,cand_014
2024-12-24 07:00:00,0.49031404625585057,15082.20418615228,cand_014
2024-12-24 07:00:00,0.604366284364134,15082.808552436643,cand_015
2024-12-25 07:00:00,0.5104507579966491,15083.31900319464,cand_003
2024-12-25 07:00:00,0.5093902926608961,15083.8283934873,cand_009
2024-12-25 07:00:00,0.5222644599299877,15084.35065794723,cand_011
2024-12-25 07:00:00,0.5221548113343271,15084.872812758565,cand_013
2024-12-25 07:00:00,0.5271758785499405,15085.399988637115,cand_014
2024-12-25 07:00:00,0.49031404625585057,15085.89030268337,cand_014
2024-12-26 03:26:40,0.0,15085.89030268337,cand_003
2024-12-26 03:26:40,0.0,15085.89030268337,cand_009
2024-12-26 03:26:40,0.0,15085.89030268337,cand_011
2024-12-26 03:26:40,0.0,15085.89030268337,cand_013
2024-12-26 03:26:40,0.0,15085.89030268337,cand_014
2024-12-26 03:26:40,0.0,15085.89030268337,cand_014
2024-12-26 13:00:00,-1.3361799253441697,15084.554122758027,cand_003
2024-12-26 13:00:00,-1.3334040013770518,15083.22071875665,cand_009
2024-12-26 13:00:00,-1.3671040274637916,15081.853614729185,cand_011
2024-12-26 13:00:00,-1.3668170061398563,15080.486797723046,cand_013
2024-12-26 13:00:00,-1.3799603879689621,15079.106837335077,cand_014
2024-12-26 13:00:00,-1.2834691210814912,15077.823368213996,cand_014
2024-12-27 07:00:00,0.5104507579966491,15078.333818971993,cand_003
2024-12-27 07:00:00,0.5093902926608961,15078.843209264653,cand_009
2024-12-27 07:00:00,0.5222644599299877,15079.365473724583,cand_011
2024-12-27 07:00:00,0.5221548113343271,15079.887628535918,cand_013
2024-12-27 07:00:00,0.5271758785499405,15080.414804414468,cand_014
2024-12-30 07:00:00,0.5104507579966491,15080.925255172464,cand_003
2024-12-30 07:00:00,0.5093902926608961,15081.434645465124,cand_009
2024-12-30 07:00:00,0.5222644599299877,15081.956909925055,cand_011
2024-12-30 07:00:00,0.5221548113343271,15082.47906473639,cand_013
2024-12-30 07:00:00,0.5271758785499405,15083.006240614939,cand_014
2024-12-30 07:00:00,0.49031404625585057,15083.496554661195,cand_014
2025-01-02 08:27:40,0.0,15083.496554661195,cand_003
2025-01-02 08:27:40,0.0,15083.496554661195,cand_007
2025-01-02 08:27:40,0.0,15083.496554661195,cand_009
2025-01-02 08:27:40,0.0,15083.496554661195,cand_011
2025-01-02 08:27:40,0.0,15083.496554661195,cand_013
2025-01-02 08:27:40,0.0,15083.496554661195,cand_014
2025-01-02 08:27:40,0.0,15083.496554661195,cand_014
2025-01-02 08:27:40,0.0,15083.496554661195,cand_015
2025-01-02 13:00:00,-11.350022736631374,15072.146531924564,cand_003
2025-01-02 13:00:00,-14.600804173268758,15057.545727751294,cand_007
2025-01-02 13:00:00,-11.326442977989338,15046.219284773304,cand_009
2025-01-02 13:00:00,-11.612703873737374,15034.606580899566,cand_011
2025-01-02 13:00:00,-11.610265804963273,15022.996315094602,cand_013
2025-01-02 13:00:00,-11.721910711286913,15011.274404383315,cand_014
2025-01-02 13:00:00,-10.90227702851244,15000.372127354804,cand_014
2025-01-02 13:00:00,-13.438262087626038,14986.933865267178,cand_015
2025-01-03 07:00:00,0.5104507579966491,14987.444316025174,cand_003
2025-01-03 07:00:00,0.5093902926608961,14987.953706317834,cand_009
2025-01-03 07:00:00,0.5222644599299877,14988.475970777765,cand_011
2025-01-03 07:00:00,0.5221548113343271,14988.9981255891,cand_013
2025-01-03 07:00:00,0.5271758785499405,14989.52530146765,cand_014
2025-01-06 07:00:00,0.5104507579966491,14990.035752225645,cand_003
2025-01-06 07:00:00,0.6566499231364257,14990.692402148781,cand_007
2025-01-06 07:00:00,0.5093902926608961,14991.201792441441,cand_009
2025-01-06 07:00:00,0.5222644599299877,14991.724056901372,cand_011
2025-01-06 07:00:00,0.5221548113343271,14992.246211712707,cand_013
2025-01-06 07:00:00,0.5271758785499405,14992.773387591256,cand_014
2025-01-06 07:00:00,0.604366284364134,14993.37775387562,cand_015
2025-01-07 07:00:00,0.5104507579966491,14993.888204633617,cand_003
2025-01-07 07:00:00,0.6566499231364257,14994.544854556752,cand_007
2025-01-07 07:00:00,0.5093902926608961,14995.054244849412,cand_009
2025-01-07 07:00:00,0.5222644599299877,14995.576509309343,cand_011
2025-01-07 07:00:00,0.5221548113343271,14996.098664120678,cand_013
2025-01-07 07:00:00,0.5271758785499405,14996.625839999228,cand_014
2025-01-07 07:00:00,0.49031404625585057,14997.116154045483,cand_014
2025-01-07 07:00:00,0.604366284364134,14997.720520329847,cand_015
2025-01-08 07:00:00,0.5104507579966491,14998.230971087843,cand_003
2025-01-08 07:00:00,0.6566499231364257,14998.88762101098,cand_007
2025-01-08 07:00:00,0.5093902926608961,14999.39701130364,cand_009
2025-01-08 07:00:00,0.5222644599299877,14999.91927576357,cand_011
2025-01-08 07:00:00,0.5221548113343271,15000.441430574905,cand_013
2025-01-08 07:00:00,0.5271758785499405,15000.968606453454,cand_014
2025-01-08 07:00:00,0.49031404625585057,15001.45892049971,cand_014
2025-01-08 07:00:00,0.604366284364134,15002.063286784074,cand_015
2025-01-10 07:00:00,0.5104507579966491,15002.57373754207,cand_003
2025-01-10 07:00:00,0.5093902926608961,15003.08312783473,cand_009
2025-01-10 07:00:00,0.5222644599299877,15003.605392294661,cand_011
2025-01-10 07:00:00,0.5221548113343271,15004.127547105996,cand_013
2025-01-10 07:00:00,0.5271758785499405,15004.654722984546,cand_014
2025-01-10 07:00:00,0.49031404625585057,15005.145037030801,cand_014
2025-01-10 07:00:00,0.604366284364134,15005.749403315165,cand_015
2025-01-15 07:13:40,0.0,15005.749403315165,cand_003
2025-01-15 07:13:40,0.0,15005.749403315165,cand_009
2025-01-15 07:13:40,0.0,15005.749403315165,cand_011
2025-01-15 07:13:40,0.0,15005.749403315165,cand_013
2025-01-15 07:13:40,0.0,15005.749403315165,cand_014
2025-01-15 07:13:40,0.0,15005.749403315165,cand_014
2025-01-15 13:00:00,24.354506459475417,15030.10390977464,cand_003
2025-01-15 13:00:00,24.303909786897226,15054.407819561537,cand_009
2025-01-15 13:00:00,24.9181590264243,15079.325978587962,cand_011
2025-01-15 13:00:00,24.912927498427806,15104.23890608639,cand_013
2025-01-15 13:00:00,25.152491475991575,15129.391397562382,cand_014
2025-01-15 13:00:00,23.39374840694826,15152.78514596933,cand_014
2025-01-22 07:00:00,0.5104507579966491,15153.295596727326,cand_003
2025-01-22 07:00:00,0.5093902926608961,15153.804987019987,cand_009
2025-01-22 07:00:00,0.5222644599299877,15154.327251479917,cand_011
2025-01-22 07:00:00,0.5221548113343271,15154.849406291252,cand_013
2025-01-22 07:00:00,0.5271758785499405,15155.376582169802,cand_014
2025-01-22 07:00:00,0.49031404625585057,15155.866896216057,cand_014
2025-01-22 09:56:40,0.0,15155.866896216057,cand_003
2025-01-22 09:56:40,0.0,15155.866896216057,cand_009
2025-01-22 09:56:40,0.0,15155.866896216057,cand_011
2025-01-22 09:56:40,0.0,15155.866896216057,cand_013
2025-01-22 09:56:40,0.0,15155.866896216057,cand_014
2025-01-22 09:56:40,0.0,15155.866896216057,cand_014
2025-01-22 13:00:00,-12.569099252788078,15143.297796963268,cand_003
2025-01-22 13:00:00,-12.542986853403008,15130.754810109866,cand_009
2025-01-22 13:00:00,-12.859994289805464,15117.89481582006,cand_011
2025-01-22 13:00:00,-12.857294354385255,15105.037521465674,cand_013
2025-01-22 13:00:00,-12.98093075064736,15092.056590715027,cand_014
2025-01-22 13:00:00,-12.073262338982296,15079.983328376044,cand_014
2025-01-23 07:00:00,0.5104507579966491,15080.49377913404,cand_003
2025-01-23 07:00:00,0.5093902926608961,15081.0031694267,cand_009
2025-01-23 07:00:00,0.5222644599299877,15081.52543388663,cand_011
2025-01-23 07:00:00,0.5221548113343271,15082.047588697966,cand_013
2025-01-23 07:00:00,0.5271758785499405,15082.574764576515,cand_014
2025-01-23 07:00:00,0.49031404625585057,15083.06507862277,cand_014
2025-01-23 07:00:00,0.604366284364134,15083.669444907135,cand_015
2025-01-23 07:05:20,0.0,15083.669444907135,cand_003
2025-01-23 07:05:20,0.0,15083.669444907135,cand_009
2025-01-23 07:05:20,0.0,15083.669444907135,cand_011
2025-01-23 07:05:20,0.0,15083.669444907135,cand_013
2025-01-23 07:05:20,0.0,15083.669444907135,cand_014
2025-01-23 07:05:20,0.0,15083.669444907135,cand_014
2025-01-23 07:05:20,0.0,15083.669444907135,cand_015
2025-01-23 13:00:00,-13.169629556313547,15070.49981535082,cand_003
2025-01-23 13:00:00,-13.14226955065112,15057.357545800169,cand_009
2025-01-23 13:00:00,-13.474423066193685,15043.883122733974,cand_011
2025-01-23 13:00:00,-13.47159413242564,15030.41152860155,cand_013
2025-01-23 13:00:00,-13.601137666588466,15016.810390934961,cand_014
2025-01-23 13:00:00,-12.650102393400944,15004.16028854156,cand_014
2025-01-23 13:00:00,-15.592650136594658,14988.567638404966,cand_015
2025-01-24 08:40:20,0.0,14988.567638404966,cand_003
2025-01-24 08:40:20,0.0,14988.567638404966,cand_007
2025-01-24 08:40:20,0.0,14988.567638404966,cand_009
2025-01-24 08:40:20,0.0,14988.567638404966,cand_011
2025-01-24 08:40:20,0.0,14988.567638404966,cand_013
2025-01-24 08:40:20,0.0,14988.567638404966,cand_014
2025-01-24 08:40:20,0.0,14988.567638404966,cand_014
2025-01-24 08:40:20,0.0,14988.567638404966,cand_015
2025-01-24 13:00:00,-40.97718526106041,14947.590453143905,cand_003
2025-01-24 13:00:00,-52.71353824142824,14894.876914902476,cand_007
2025-01-24 13:00:00,-40.892054846724996,14853.98486005575,cand_009
2025-01-24 13:00:00,-41.925547556850255,14812.0593124989,cand_011
2025-01-24 13:00:00,-41.91674535458566,14770.142567144316,cand_013
2025-01-24 13:00:00,-42.319818909241405,14727.822748235074,cand_014
2025-01-24 13:00:00,-39.360681113256426,14688.462067121818,cand_014
2025-01-24 13:00:00,-48.516392251278454,14639.94567487054,cand_015
2025-02-03 07:00:00,0.5104507579966491,14640.456125628536,cand_003
2025-02-03 07:00:00,0.5093902926608961,14640.965515921196,cand_009
2025-02-03 07:00:00,0.5222644599299877,14641.487780381127,cand_011
2025-02-03 07:00:00,0.5221548113343271,14642.009935192462,cand_013
2025-02-03 07:00:00,0.5271758785499405,14642.537111071011,cand_014
2025-02-04 07:00:00,0.5104507579966491,14643.047561829007,cand_003
2025-02-04 07:00:00,0.5093902926608961,14643.556952121668,cand_009
2025-02-04 07:00:00,0.5222644599299877,14644.079216581598,cand_011
2025-02-04 07:00:00,0.5221548113343271,14644.601371392933,cand_013
2025-02-04 07:00:00,0.5271758785499405,14645.128547271483,cand_014
2025-02-04 07:00:00,0.49031404625585057,14645.618861317738,cand_014
2025-02-11 07:00:00,0.5104507579966491,14646.129312075735,cand_003
2025-02-11 07:00:00,0.5093902926608961,14646.638702368395,cand_009
2025-02-11 07:00:00,0.5222644599299877,14647.160966828325,cand_011
2025-02-11 07:00:00,0.5221548113343271,14647.68312163966,cand_013
2025-02-11 07:00:00,0.5271758785499405,14648.21029751821,cand_014
2025-02-11 07:00:00,0.49031404625585057,14648.700611564465,cand_014
2025-02-12 07:00:00,0.5104507579966491,14649.211062322462,cand_003
2025-02-12 07:00:00,0.6566499231364257,14649.867712245597,cand_007
2025-02-12 07:00:00,0.5093902926608961,14650.377102538258,cand_009
2025-02-12 07:00:00,0.5222644599299877,14650.899366998188,cand_011
2025-02-12 07:00:00,0.5221548113343271,14651.421521809523,cand_013
2025-02-12 07:00:00,0.5271758785499405,14651.948697688073,cand_014
2025-02-12 07:00:00,0.49031404625585057,14652.439011734328,cand_014
2025-02-12 07:00:00,0.604366284364134,14653.043378018692,cand_015
2025-02-13 07:00:00,0.5104507579966491,14653.553828776689,cand_003
2025-02-13 07:00:00,0.5093902926608961,14654.063219069349,cand_009
2025-02-13 07:00:00,0.5222644599299877,14654.58548352928,cand_011
2025-02-13 07:00:00,0.5221548113343271,14655.107638340614,cand_013
2025-02-13 07:00:00,0.5271758785499405,14655.634814219164,cand_014
2025-02-13 07:00:00,0.49031404625585057,14656.12512826542,cand_014
2025-02-18 07:00:00,0.5104507579966491,14656.635579023416,cand_003
2025-02-18 07:00:00,0.6566499231364257,14657.292228946551,cand_007
2025-02-18 07:00:00,0.5093902926608961,14657.801619239212,cand_009
2025-02-18 07:00:00,0.5222644599299877,14658.323883699142,cand_011
2025-02-18 07:00:00,0.5221548113343271,14658.846038510477,cand_013
2025-02-18 07:00:00,0.5271758785499405,14659.373214389027,cand_014
2025-02-18 07:00:00,0.49031404625585057,14659.863528435282,cand_014
2025-02-18 07:00:00,0.604366284364134,14660.467894719646,cand_015
2025-02-19 08:29:40,0.0,14660.467894719646,cand_003
2025-02-19 08:29:40,0.0,14660.467894719646,cand_009
2025-02-19 08:29:40,0.0,14660.467894719646,cand_011
2025-02-19 08:29:40,0.0,14660.467894719646,cand_013
2025-02-19 08:29:40,0.0,14660.467894719646,cand_014
2025-02-19 08:29:40,0.0,14660.467894719646,cand_014
2025-02-19 13:00:00,-5.975276520078421,14654.492618199567,cand_003
2025-02-19 13:00:00,-5.962862837618725,14648.529755361948,cand_009
2025-02-19 13:00:00,-6.113566325062798,14642.416189036885,cand_011
2025-02-19 13:00:00,-6.112282791501829,14636.303906245383,cand_013
2025-02-19 13:00:00,-6.171058813614009,14630.132847431769,cand_014
2025-02-19 13:00:00,-5.739558541465544,14624.393288890304,cand_014
2025-02-20 08:27:40,0.0,14624.393288890304,cand_003
2025-02-20 08:27:40,0.0,14624.393288890304,cand_007
2025-02-20 08:27:40,0.0,14624.393288890304,cand_009
2025-02-20 08:27:40,0.0,14624.393288890304,cand_011
2025-02-20 08:27:40,0.0,14624.393288890304,cand_013
2025-02-20 08:27:40,0.0,14624.393288890304,cand_014
2025-02-20 08:27:40,0.0,14624.393288890304,cand_014
2025-02-20 08:27:40,0.0,14624.393288890304,cand_015
2025-02-20 13:00:00,0.32128371238612624,14624.71457260269,cand_003
2025-02-20 13:00:00,0.41330318691527973,14625.127875789605,cand_007
2025-02-20 13:00:00,0.32061624302774056,14625.448492032632,cand_009
2025-02-20 13:00:00,0.32871939536769823,14625.777211428,cand_011
2025-02-20 13:00:00,0.3286503812516059,14626.105861809252,cand_013
2025-02-20 13:00:00,0.331810700028492,14626.43767250928,cand_014
2025-02-20 13:00:00,0.30860942911397654,14626.746281938395,cand_014
2025-02-20 13:00:00,0.38039524957036674,14627.126677187965,cand_015
2025-02-25 09:33:40,0.0,14627.126677187965,cand_003
2025-02-25 09:33:40,0.0,14627.126677187965,cand_007
2025-02-25 09:33:40,0.0,14627.126677187965,cand_009
2025-02-25 09:33:40,0.0,14627.126677187965,cand_011
2025-02-25 09:33:40,0.0,14627.126677187965,cand_013
2025-02-25 09:33:40,0.0,14627.126677187965,cand_014
2025-02-25 09:33:40,0.0,14627.126677187965,cand_014
2025-02-25 09:33:40,0.0,14627.126677187965,cand_015
2025-02-25 13:00:00,-18.880672742840762,14608.246004445125,cand_003
2025-02-25 13:00:00,-24.28832186283438,14583.957682582291,cand_007
2025-02-25 13:00:00,-18.84144800148068,14565.116234580812,cand_009
2025-02-25 13:00:00,-19.317640729645667,14545.798593851167,cand_011
2025-02-25 13:00:00,-19.3135850215897,14526.485008829577,cand_013
2025-02-25 13:00:00,-19.49930543718839,14506.985703392389,cand_014
2025-02-25 13:00:00,-18.135851310922284,14488.849852081466,cand_014
2025-02-25 13:00:00,-22.354442329892205,14466.495409751575,cand_015
2025-02-28 07:00:00,0.5104507579966491,14467.005860509571,cand_003
2025-02-28 07:00:00,0.5093902926608961,14467.515250802231,cand_009
2025-02-28 07:00:00,0.5222644599299877,14468.037515262162,cand_011
2025-02-28 07:00:00,0.5221548113343271,14468.559670073497,cand_013
2025-02-28 07:00:00,0.5271758785499405,14469.086845952046,cand_014
2025-02-28 09:42:40,0.0,14469.086845952046,cand_003
2025-02-28 09:42:40,0.0,14469.086845952046,cand_009
2025-02-28 09:42:40,0.0,14469.086845952046,cand_011
2025-02-28 09:42:40,0.0,14469.086845952046,cand_013
2025-02-28 09:42:40,0.0,14469.086845952046,cand_014
2025-02-28 13:00:00,4.074598109420311,14473.161444061467,cand_003
2025-02-28 13:00:00,4.066133100828448,14477.227577162295,cand_009
2025-02-28 13:00:00,4.168899247794079,14481.39647641009,cand_011
2025-02-28 13:00:00,4.168023994004011,14485.564500404093,cand_013
2025-02-28 13:00:00,4.208103924660408,14489.772604328753,cand_014
2025-03-03 07:00:00,0.5104507579966491,14490.28305508675,cand_003
2025-03-03 07:00:00,0.5093902926608961,14490.79244537941,cand_009
2025-03-03 07:00:00,0.5222644599299877,14491.31470983934,cand_011
2025-03-03 07:00:00,0.5221548113343271,14491.836864650675,cand_013
2025-03-03 07:00:00,0.5271758785499405,14492.364040529224,cand_014
2025-03-03 07:00:00,0.49031404625585057,14492.85435457548,cand_014
2025-03-05 07:00:00,0.5104507579966491,14493.364805333476,cand_003
2025-03-05 07:00:00,0.5093902926608961,14493.874195626136,cand_009
2025-03-05 07:00:00,0.5222644599299877,14494.396460086067,cand_011
2025-03-05 07:00:00,0.5221548113343271,14494.918614897402,cand_013
2025-03-05 07:00:00,0.5271758785499405,14495.445790775952,cand_014
2025-03-05 07:00:00,0.49031404625585057,14495.936104822207,cand_014
2025-03-06 09:01:40,0.0,14495.936104822207,cand_003
2025-03-06 09:01:40,0.0,14495.936104822207,cand_009
2025-03-06 09:01:40,0.0,14495.936104822207,cand_011
2025-03-06 09:01:40,0.0,14495.936104822207,cand_013
2025-03-06 09:01:40,0.0,14495.936104822207,cand_014
2025-03-06 09:01:40,0.0,14495.936104822207,cand_014
2025-03-06 09:01:40,0.0,14495.936104822207,cand_015
2025-03-06 13:00:00,28.38406479613132,14524.320169618339,cand_003
2025-03-06 13:00:00,28.325096685432065,14552.64526630377,cand_009
2025-03-06 13:00:00,29.040976115989263,14581.68624241976,cand_011
2025-03-06 13:00:00,29.03487900907879,14610.72112142884,cand_013
2025-03-06 13:00:00,29.314079881956403,14640.035201310797,cand_014
2025-03-06 13:00:00,27.264345172097386,14667.299546482895,cand_014
2025-03-06 13:00:00,33.60632050643623,14700.905866989331,cand_015
2025-03-12 07:00:00,0.5104507579966491,14701.416317747327,cand_003
2025-03-12 07:00:00,0.5093902926608961,14701.925708039988,cand_009
2025-03-12 07:00:00,0.5222644599299877,14702.447972499918,cand_011
2025-03-12 07:00:00,0.5221548113343271,14702.970127311253,cand_013
2025-03-12 07:00:00,0.5271758785499405,14703.497303189803,cand_014
2025-03-12 07:34:40,0.0,14703.497303189803,cand_003
2025-03-12 07:34:40,0.0,14703.497303189803,cand_009
2025-03-12 07:34:40,0.0,14703.497303189803,cand_011
2025-03-12 07:34:40,0.0,14703.497303189803,cand_013
2025-03-12 07:34:40,0.0,14703.497303189803,cand_014
2025-03-12 13:00:00,12.890382965174204,14716.387686154976,cand_003
2025-03-12 13:00:00,12.863603096430747,14729.251289251406,cand_009
2025-03-12 13:00:00,13.188713685173163,14742.440002936579,cand_011
2025-03-12 13:00:00,13.18594473563686,14755.625947672215,cand_013
2025-03-12 13:00:00,13.312741450675851,14768.938689122891,cand_014
2025-03-13 07:30:40,0.0,14768.938689122891,cand_003
2025-03-13 07:30:40,0.0,14768.938689122891,cand_009
2025-03-13 07:30:40,0.0,14768.938689122891,cand_011
2025-03-13 07:30:40,0.0,14768.938689122891,cand_013
2025-03-13 07:30:40,0.0,14768.938689122891,cand_014
2025-03-13 07:30:40,0.0,14768.938689122891,cand_014
2025-03-13 13:00:00,-11.87548675221616,14757.063202370675,cand_003
2025-03-13 13:00:00,-11.850815338081436,14745.212387032594,cand_009
2025-03-13 13:00:00,-12.150329053077067,14733.062057979518,cand_011
2025-03-13 13:00:00,-12.14777811074861,14720.91427986877,cand_013
2025-03-13 13:00:00,-12.264591762735382,14708.649688106034,cand_014
2025-03-13 13:00:00,-11.407012076128758,14697.242676029906,cand_014
2025-03-14 07:00:00,0.5104507579966491,14697.753126787902,cand_003
2025-03-14 07:00:00,0.6566499231364257,14698.409776711038,cand_007
2025-03-14 07:00:00,0.5093902926608961,14698.919167003698,cand_009
2025-03-14 07:00:00,0.5222644599299877,14699.441431463629,cand_011
2025-03-14 07:00:00,0.5221548113343271,14699.963586274964,cand_013
2025-03-14 07:00:00,0.5271758785499405,14700.490762153513,cand_014
2025-03-14 07:00:00,0.49031404625585057,14700.981076199769,cand_014
2025-03-14 07:00:00,0.604366284364134,14701.585442484133,cand_015
2025-03-14 07:42:40,0.0,14701.585442484133,cand_003
2025-03-14 07:42:40,0.0,14701.585442484133,cand_007
2025-03-14 07:42:40,0.0,14701.585442484133,cand_009
2025-03-14 07:42:40,0.0,14701.585442484133,cand_011
2025-03-14 07:42:40,0.0,14701.585442484133,cand_013
2025-03-14 07:42:40,0.0,14701.585442484133,cand_014
2025-03-14 07:42:40,0.0,14701.585442484133,cand_014
2025-03-14 07:42:40,0.0,14701.585442484133,cand_015
2025-03-14 13:00:00,16.688737134972797,14718.274179619106,cand_003
2025-03-14 13:00:00,21.468589839954433,14739.74276945906,cand_007
2025-03-14 13:00:00,16.65406615652506,14756.396835615586,cand_009
2025-03-14 13:00:00,17.07497569582866,14773.471811311414,cand_011
2025-03-14 13:00:00,17.071390831742292,14790.543202143157,cand_013
2025-03-14 13:00:00,17.235550194003352,14807.77875233716,cand_014
2025-03-14 13:00:00,16.03038511229422,14823.809137449454,cand_014
2025-03-14 13:00:00,19.759222402916805,14843.568359852372,cand_015
2025-03-17 07:00:00,0.5104507579966491,14844.078810610368,cand_003
2025-03-17 07:00:00,0.5093902926608961,14844.588200903028,cand_009
2025-03-17 07:00:00,0.5222644599299877,14845.110465362959,cand_011
2025-03-17 07:00:00,0.5221548113343271,14845.632620174294,cand_013
2025-03-17 07:00:00,0.5271758785499405,14846.159796052843,cand_014
2025-03-17 07:57:40,0.0,14846.159796052843,cand_003
2025-03-17 07:57:40,0.0,14846.159796052843,cand_009
2025-03-17 07:57:40,0.0,14846.159796052843,cand_011
2025-03-17 07:57:40,0.0,14846.159796052843,cand_013
2025-03-17 07:57:40,0.0,14846.159796052843,cand_014
2025-03-17 13:00:00,-14.622912890845184,14831.536883161998,cand_003
2025-03-17 13:00:00,-14.592533677991556,14816.944349484007,cand_009
2025-03-17 13:00:00,-14.96134070505318,14801.983008778954,cand_011
2025-03-17 13:00:00,-14.958199595283372,14787.024809183671,cand_013
2025-03-17 13:00:00,-15.102038403165945,14771.922770780506,cand_014
2025-03-18 07:00:00,0.5104507579966491,14772.433221538502,cand_003
2025-03-18 07:00:00,0.6566499231364257,14773.089871461638,cand_007
2025-03-18 07:00:00,0.5093902926608961,14773.599261754298,cand_009
2025-03-18 07:00:00,0.5222644599299877,14774.121526214229,cand_011
2025-03-18 07:00:00,0.5221548113343271,14774.643681025564,cand_013
2025-03-18 07:00:00,0.5271758785499405,14775.170856904113,cand_014
2025-03-18 07:00:00,0.49031404625585057,14775.661170950369,cand_014
2025-03-18 07:00:00,0.604366284364134,14776.265537234733,cand_015
2025-03-18 09:21:40,0.0,14776.265537234733,cand_003
2025-03-18 09:21:40,0.0,14776.265537234733,cand_007
2025-03-18 09:21:40,0.0,14776.265537234733,cand_009
2025-03-18 09:21:40,0.0,14776.265537234733,cand_011
2025-03-18 09:21:40,0.0,14776.265537234733,cand_013
2025-03-18 09:21:40,0.0,14776.265537234733,cand_014
2025-03-18 09:21:40,0.0,14776.265537234733,cand_014
2025-03-18 09:21:40,0.0,14776.265537234733,cand_015
2025-03-18 13:00:00,-2.687373108276476,14773.578164126457,cand_003
2025-03-18 13:00:00,-3.4570687129829465,14770.121095413473,cand_007
2025-03-18 13:00:00,-2.681790070185306,14767.439305343289,cand_009
2025-03-18 13:00:00,-2.7495687743372885,14764.689736568951,cand_011
2025-03-18 13:00:00,-2.748991506730722,14761.94074506222,cand_013
2025-03-18 13:00:00,-2.7754259488364514,14759.165319113385,cand_014
2025-03-18 13:00:00,-2.5813592435234485,14756.58395986986,cand_014
2025-03-18 13:00:00,-3.1818107323876466,14753.402149137473,cand_015
2025-03-19 07:00:00,0.5104507579966491,14753.91259989547,cand_003
2025-03-19 07:00:00,0.5093902926608961,14754.42199018813,cand_009
2025-03-19 07:00:00,0.5222644599299877,14754.94425464806,cand_011
2025-03-19 07:00:00,0.5221548113343271,14755.466409459395,cand_013
2025-03-19 07:00:00,0.5271758785499405,14755.993585337945,cand_014
2025-03-19 07:00:00,0.49031404625585057,14756.4838993842,cand_014
2025-03-19 08:57:20,0.0,14756.4838993842,cand_003
2025-03-19 08:57:20,0.0,14756.4838993842,cand_009
2025-03-19 08:57:20,0.0,14756.4838993842,cand_011
2025-03-19 08:57:20,0.0,14756.4838993842,cand_013
2025-03-19 08:57:20,0.0,14756.4838993842,cand_014
2025-03-19 08:57:20,0.0,14756.4838993842,cand_014
2025-03-19 13:00:00,-0.6425674247722525,14755.841331959427,cand_003
2025-03-19 13:00:00,-0.6412324860554811,14755.200099473372,cand_009
2025-03-19 13:00:00,-0.6574387907353965,14754.542660682637,cand_011
2025-03-19 13:00:00,-0.6573007625032118,14753.885359920134,cand_013
2025-03-19 13:00:00,-0.663621400056984,14753.221738520077,cand_014
2025-03-19 13:00:00,-0.6172188582279531,14752.604519661849,cand_014
2025-03-21 07:00:00,0.5104507579966491,14753.114970419845,cand_003
2025-03-21 07:00:00,0.6566499231364257,14753.77162034298,cand_007
2025-03-21 07:00:00,0.5093902926608961,14754.281010635641,cand_009
2025-03-21 07:00:00,0.5222644599299877,14754.803275095572,cand_011
2025-03-21 07:00:00,0.5221548113343271,14755.325429906907,cand_013
2025-03-21 07:00:00,0.5271758785499405,14755.852605785456,cand_014
2025-03-21 07:00:00,0.49031404625585057,14756.342919831712,cand_014
2025-03-21 07:00:00,0.604366284364134,14756.947286116076,cand_015
2025-03-21 07:15:40,0.0,14756.947286116076,cand_003
2025-03-21 07:15:40,0.0,14756.947286116076,cand_007
2025-03-21 07:15:40,0.0,14756.947286116076,cand_009
2025-03-21 07:15:40,0.0,14756.947286116076,cand_011
2025-03-21 07:15:40,0.0,14756.947286116076,cand_013
2025-03-21 07:15:40,0.0,14756.947286116076,cand_014
2025-03-21 07:15:40,0.0,14756.947286116076,cand_014
2025-03-21 07:15:40,0.0,14756.947286116076,cand_015
2025-03-21 13:00:00,0.32128371238612624,14757.268569828462,cand_003
2025-03-21 13:00:00,0.41330318691527973,14757.681873015377,cand_007
2025-03-21 13:00:00,0.32061624302774056,14758.002489258404,cand_009
2025-03-21 13:00:00,0.32871939536769823,14758.331208653772,cand_011
2025-03-21 13:00:00,0.3286503812516059,14758.659859035024,cand_013
2025-03-21 13:00:00,0.331810700028492,14758.991669735053,cand_014
2025-03-21 13:00:00,0.30860942911397654,14759.300279164167,cand_014
2025-03-21 13:00:00,0.38039524957036674,14759.680674413738,cand_015
2025-03-24 07:00:00,0.5104507579966491,14760.191125171734,cand_003
2025-03-24 07:00:00,0.6566499231364257,14760.84777509487,cand_007
2025-03-24 07:00:00,0.5093902926608961,14761.35716538753,cand_009
2025-03-24 07:00:00,0.5222644599299877,14761.87942984746,cand_011
2025-03-24 07:00:00,0.5221548113343271,14762.401584658795,cand_013
2025-03-24 07:00:00,0.5271758785499405,14762.928760537345,cand_014
2025-03-24 07:00:00,0.49031404625585057,14763.4190745836,cand_014
2025-03-24 07:00:00,0.604366284364134,14764.023440867964,cand_015
2025-03-25 07:00:00,0.5104507579966491,14764.53389162596,cand_003
2025-03-25 07:00:00,0.5093902926608961,14765.04328191862,cand_009
2025-03-25 07:00:00,0.5222644599299877,14765.565546378552,cand_011
2025-03-25 07:00:00,0.5221548113343271,14766.087701189887,cand_013
2025-03-25 07:00:00,0.5271758785499405,14766.614877068436,cand_014
2025-03-26 07:00:00,0.5104507579966491,14767.125327826432,cand_003
2025-03-26 07:00:00,0.6566499231364257,14767.781977749568,cand_007
2025-03-26 07:00:00,0.5093902926608961,14768.291368042228,cand_009
2025-03-26 07:00:00,0.5222644599299877,14768.813632502159,cand_011
2025-03-26 07:00:00,0.5221548113343271,14769.335787313494,cand_013
2025-03-26 07:00:00,0.5271758785499405,14769.862963192043,cand_014
2025-03-26 07:00:00,0.49031404625585057,14770.353277238299,cand_014
2025-03-26 07:00:00,0.604366284364134,14770.957643522663,cand_015
2025-03-26 08:03:40,0.0,14770.957643522663,cand_003
2025-03-26 08:03:40,0.0,14770.957643522663,cand_007
2025-03-26 08:03:40,0.0,14770.957643522663,cand_009
2025-03-26 08:03:40,0.0,14770.957643522663,cand_011
2025-03-26 08:03:40,0.0,14770.957643522663,cand_013
2025-03-26 08:03:40,0.0,14770.957643522663,cand_014
2025-03-26 08:03:40,0.0,14770.957643522663,cand_014
2025-03-26 08:03:40,0.0,14770.957643522663,cand_015
2025-03-26 13:00:00,-19.364099637178764,14751.593543885483,cand_003
2025-03-26 13:00:00,-24.91020796651064,14726.683335918973,cand_007
2025-03-26 13:00:00,-19.323870572765404,14707.359465346208,cand_009
2025-03-26 13:00:00,-19.81225589463818,14687.54720945157,cand_011
2025-03-26 13:00:00,-19.808096342912208,14667.739113108657,cand_013
2025-03-26 13:00:00,-19.99857200452098,14647.740541104136,cand_014
2025-03-26 13:00:00,-18.600207554729295,14629.140333549407,cand_014
2025-03-26 13:00:00,-22.92681275214294,14606.213520797264,cand_015
2025-03-28 07:00:00,0.5104507579966491,14606.72397155526,cand_003
2025-03-28 07:00:00,0.5093902926608961,14607.23336184792,cand_009
2025-03-28 07:00:00,0.5222644599299877,14607.755626307851,cand_011
2025-03-28 07:00:00,0.5221548113343271,14608.277781119186,cand_013
2025-03-28 07:00:00,0.5271758785499405,14608.804956997736,cand_014
2025-04-02 07:00:00,0.5104507579966491,14609.315407755732,cand_003
2025-04-02 07:00:00,0.5093902926608961,14609.824798048392,cand_009
2025-04-02 07:00:00,0.5222644599299877,14610.347062508323,cand_011
2025-04-02 07:00:00,0.5221548113343271,14610.869217319658,cand_013
2025-04-02 07:00:00,0.5271758785499405,14611.396393198207,cand_014
2025-04-02 07:00:00,0.49031404625585057,14611.886707244463,cand_014
2025-04-04 07:54:40,0.0,14611.886707244463,cand_003
2025-04-04 07:54:40,0.0,14611.886707244463,cand_009
2025-04-04 07:54:40,0.0,14611.886707244463,cand_011
2025-04-04 07:54:40,0.0,14611.886707244463,cand_013
2025-04-04 07:54:40,0.0,14611.886707244463,cand_014
2025-04-04 07:54:40,0.0,14611.886707244463,cand_014
2025-04-04 11:03:40,-42.216039382628736,14569.670667861834,cand_014
2025-04-04 12:26:20,43.99935401355234,14613.670021875387,cand_003
2025-04-04 12:26:20,-46.14474852289708,14567.52527335249,cand_003
2025-04-04 12:26:20,-46.048882456545016,14521.476390895945,cand_009
2025-04-04 12:26:20,43.90794502062613,14565.384335916571,cand_009
2025-04-04 12:26:20,-47.2127071776709,14518.1716287389,cand_011
2025-04-04 12:26:20,45.017660374023976,14563.189289112925,cand_011
2025-04-04 12:26:20,-47.20279494462317,14515.9864941683,cand_013
2025-04-04 12:26:20,45.008208987573894,14560.994703155875,cand_013
2025-04-04 12:26:20,-47.65669942091463,14513.33800373496,cand_014
2025-04-04 12:26:20,45.441010213715025,14558.779013948675,cand_014
2025-04-08 07:00:00,0.6566499231364257,14559.43566387181,cand_007
2025-04-08 07:00:00,0.604366284364134,14560.040030156175,cand_015
2025-04-10 07:00:00,0.6566499231364257,14560.69668007931,cand_007
2025-04-10 07:00:00,0.604366284364134,14561.301046363675,cand_015
2025-04-22 08:29:40,0.0,14561.301046363675,cand_007
2025-04-22 08:29:40,0.0,14561.301046363675,cand_015
2025-04-22 13:00:00,-28.48701872430082,14532.814027639373,cand_007
2025-04-22 13:00:00,-26.218831454032284,14506.59519618534,cand_015
2025-04-23 07:00:00,0.604366284364134,14507.199562469705,cand_015
2025-04-25 07:00:00,0.6566499231364257,14507.85621239284,cand_007
2025-04-25 07:00:00,0.604366284364134,14508.460578677204,cand_015
2025-04-25 07:00:40,0.0,14508.460578677204,cand_007
2025-04-25 07:00:40,0.0,14508.460578677204,cand_015
2025-04-25 13:00:00,-9.791809147946113,14498.668769529258,cand_007
2025-04-25 13:00:00,-9.012167828606351,14489.656601700652,cand_015
2025-05-01 07:00:00,0.5104507579966491,14490.167052458648,cand_003
2025-05-01 07:00:00,0.6566499231364257,14490.823702381784,cand_007
2025-05-01 07:00:00,0.5093902926608961,14491.333092674444,cand_009
2025-05-01 07:00:00,0.5222644599299877,14491.855357134375,cand_011
2025-05-01 07:00:00,0.5221548113343271,14492.37751194571,cand_013
2025-05-01 07:00:00,0.5271758785499405,14492.904687824259,cand_014
2025-05-01 07:00:00,0.49031404625585057,14493.395001870515,cand_014
2025-05-01 07:00:00,0.604366284364134,14493.999368154879,cand_015
2025-05-01 07:20:20,0.0,14493.999368154879,cand_003
2025-05-01 07:20:20,0.0,14493.999368154879,cand_007
2025-05-01 07:20:20,0.0,14493.999368154879,cand_009
2025-05-01 07:20:20,0.0,14493.999368154879,cand_011
2025-05-01 07:20:20,0.0,14493.999368154879,cand_013
2025-05-01 07:20:20,0.0,14493.999368154879,cand_014
2025-05-01 07:20:20,0.0,14493.999368154879,cand_014
2025-05-01 07:20:20,0.0,14493.999368154879,cand_015
2025-05-01 13:00:00,21.12665607802602,14515.126024232904,cand_003
2025-05-01 13:00:00,27.177581524634654,14542.30360575754,cand_007
2025-05-01 13:00:00,21.082765289188618,14563.386371046729,cand_009
2025-05-01 13:00:00,21.615604353337613,14585.001975400066,cand_011
2025-05-01 13:00:00,21.611066191460736,14606.613041591527,cand_013
2025-05-01 13:00:00,21.818879302808128,14628.431920894334,cand_014
2025-05-01 13:00:00,20.293233114448025,14648.725154008782,cand_014
2025-05-01 13:00:00,25.013653981094393,14673.738807989876,cand_015
2025-05-02 07:00:00,0.5104507579966491,14674.249258747872,cand_003
2025-05-02 07:00:00,0.6566499231364257,14674.905908671008,cand_007
2025-05-02 07:00:00,0.5093902926608961,14675.415298963668,cand_009
2025-05-02 07:00:00,0.5222644599299877,14675.937563423598,cand_011
2025-05-02 07:00:00,0.5221548113343271,14676.459718234933,cand_013
2025-05-02 07:00:00,0.5271758785499405,14676.986894113483,cand_014
2025-05-02 07:00:00,0.49031404625585057,14677.477208159738,cand_014
2025-05-02 07:00:00,0.604366284364134,14678.081574444102,cand_015
2025-05-08 07:00:00,0.5104507579966491,14678.592025202099,cand_003
2025-05-08 07:00:00,0.5093902926608961,14679.101415494759,cand_009
2025-05-08 07:00:00,0.5222644599299877,14679.62367995469,cand_011
2025-05-08 07:00:00,0.5221548113343271,14680.145834766025,cand_013
2025-05-08 07:00:00,0.5271758785499405,14680.673010644574,cand_014
2025-05-08 08:13:20,0.0,14680.673010644574,cand_003
2025-05-08 08:13:20,0.0,14680.673010644574,cand_009
2025-05-08 08:13:20,0.0,14680.673010644574,cand_011
2025-05-08 08:13:20,0.0,14680.673010644574,cand_013
2025-05-08 08:13:20,0.0,14680.673010644574,cand_014
2025-05-08 13:00:00,29.654186388087687,14710.327197032662,cand_003
2025-05-08 13:00:00,29.59257959011183,14739.919776622773,cand_009
2025-05-08 13:00:00,30.34049297805035,14770.260269600823,cand_011
2025-05-08 13:00:00,30.334123039634203,14800.594392640458,cand_013
2025-05-08 13:00:00,30.625817509171842,14831.22021014963,cand_014
2025-05-09 07:00:00,0.5104507579966491,14831.730660907626,cand_003
2025-05-09 07:00:00,0.5093902926608961,14832.240051200286,cand_009
2025-05-09 07:00:00,0.5222644599299877,14832.762315660217,cand_011
2025-05-09 07:00:00,0.5221548113343271,14833.284470471552,cand_013
2025-05-09 07:00:00,0.5271758785499405,14833.811646350101,cand_014
2025-05-09 07:00:00,0.49031404625585057,14834.301960396357,cand_014
2025-05-12 07:00:00,0.5104507579966491,14834.812411154353,cand_003
2025-05-12 07:00:00,0.5093902926608961,14835.321801447013,cand_009
2025-05-12 07:00:00,0.5222644599299877,14835.844065906944,cand_011
2025-05-12 07:00:00,0.5221548113343271,14836.366220718279,cand_013
2025-05-12 07:00:00,0.5271758785499405,14836.893396596828,cand_014
2025-05-13 07:00:00,0.5104507579966491,14837.403847354824,cand_003
2025-05-13 07:00:00,0.5093902926608961,14837.913237647484,cand_009
2025-05-13 07:00:00,0.5222644599299877,14838.435502107415,cand_011
2025-05-13 07:00:00,0.5221548113343271,14838.95765691875,cand_013
2025-05-13 07:00:00,0.5271758785499405,14839.4848327973,cand_014
2025-05-13 07:00:00,0.49031404625585057,14839.975146843555,cand_014
2025-05-13 07:00:00,0.604366284364134,14840.57951312792,cand_015
2025-05-14 08:05:40,0.0,14840.57951312792,cand_003
2025-05-14 08:05:40,0.0,14840.57951312792,cand_009
2025-05-14 08:05:40,0.0,14840.57951312792,cand_011
2025-05-14 08:05:40,0.0,14840.57951312792,cand_013
2025-05-14 08:05:40,0.0,14840.57951312792,cand_014
2025-05-14 08:05:40,0.0,14840.57951312792,cand_014
2025-05-14 13:00:00,39.59296291143421,14880.172476039354,cand_003
2025-05-14 13:00:00,39.5107082295681,14919.683184268923,cand_009
2025-05-14 13:00:00,40.50928922727541,14960.192473496198,cand_011
2025-05-14 13:00:00,40.50078436620257,15000.6932578624,cand_013
2025-05-14 13:00:00,40.890241967997156,15041.583499830398,cand_014
2025-05-14 13:00:00,38.03106478782145,15079.61456461822,cand_014
2025-05-15 09:21:40,0.0,15079.61456461822,cand_003
2025-05-15 09:21:40,0.0,15079.61456461822,cand_009
2025-05-15 09:21:40,0.0,15079.61456461822,cand_011
2025-05-15 09:21:40,0.0,15079.61456461822,cand_013
2025-05-15 09:21:40,0.0,15079.61456461822,cand_014
2025-05-15 09:21:40,0.0,15079.61456461822,cand_014
2025-05-15 13:00:00,-5.924231444278758,15073.690333173941,cand_003
2025-05-15 13:00:00,-5.911923808352636,15067.778409365588,cand_009
2025-05-15 13:00:00,-6.061339879069799,15061.717069486518,cand_011
2025-05-15 13:00:00,-6.060067310368397,15055.657002176149,cand_013
2025-05-15 13:00:00,-6.118341225759016,15049.53866095039,cand_014
2025-05-15 13:00:00,-5.69052713683996,15043.84813381355,cand_014
2025-05-20 08:23:40,0.0,15043.84813381355,cand_003
2025-05-20 08:23:40,0.0,15043.84813381355,cand_009
2025-05-20 08:23:40,0.0,15043.84813381355,cand_011
2025-05-20 08:23:40,0.0,15043.84813381355,cand_013
2025-05-20 08:23:40,0.0,15043.84813381355,cand_014
2025-05-20 13:00:00,3.281898108766691,15047.130031922317,cand_003
2025-05-20 13:00:00,3.2750799404609383,15050.405111862778,cand_009
2025-05-20 13:00:00,3.357853262961627,15053.76296512574,cand_011
2025-05-20 13:00:00,3.357148286990703,15057.12011341273,cand_013
2025-05-20 13:00:00,3.3894307956181473,15060.509544208348,cand_014
2025-05-21 08:42:20,0.0,15060.509544208348,cand_003
2025-05-21 08:42:20,0.0,15060.509544208348,cand_007
2025-05-21 08:42:20,0.0,15060.509544208348,cand_009
2025-05-21 08:42:20,0.0,15060.509544208348,cand_011
2025-05-21 08:42:20,0.0,15060.509544208348,cand_013
2025-05-21 08:42:20,0.0,15060.509544208348,cand_014
2025-05-21 08:42:20,0.0,15060.509544208348,cand_014
2025-05-21 08:42:20,0.0,15060.509544208348,cand_015
2025-05-21 13:00:00,-17.598540544813886,15042.911003663534,cand_003
2025-05-21 13:00:00,-22.638971761779946,15020.272031901754,cand_007
2025-05-21 13:00:00,-17.561979442855954,15002.710052458897,cand_009
2025-05-21 13:00:00,-18.005835292056812,14984.70421716684,cand_011
2025-05-21 13:00:00,-18.002054995473475,14966.702162171367,cand_013
2025-05-21 13:00:00,-18.175163671654126,14948.526998499712,cand_014
2025-05-21 13:00:00,-16.904297794738472,14931.622700704973,cand_014
2025-05-21 13:00:00,-20.836416427401115,14910.786284277572,cand_015
2025-05-28 07:00:00,0.5104507579966491,14911.296735035568,cand_003
2025-05-28 07:00:00,0.5093902926608961,14911.806125328229,cand_009
2025-05-28 07:00:00,0.5222644599299877,14912.32838978816,cand_011
2025-05-28 07:00:00,0.5221548113343271,14912.850544599494,cand_013
2025-05-28 07:00:00,0.5271758785499405,14913.377720478044,cand_014
2025-05-28 07:00:00,0.49031404625585057,14913.8680345243,cand_014
2025-05-29 07:00:00,0.5104507579966491,14914.378485282296,cand_003
2025-05-29 07:00:00,0.6566499231364257,14915.035135205431,cand_007
2025-05-29 07:00:00,0.5093902926608961,14915.544525498091,cand_009
2025-05-29 07:00:00,0.5222644599299877,14916.066789958022,cand_011
2025-05-29 07:00:00,0.5221548113343271,14916.588944769357,cand_013
2025-05-29 07:00:00,0.5271758785499405,14917.116120647906,cand_014
2025-05-29 07:00:00,0.49031404625585057,14917.606434694162,cand_014
2025-05-29 07:00:00,0.604366284364134,14918.210800978526,cand_015
2025-06-02 09:30:40,0.0,14918.210800978526,cand_003
2025-06-02 09:30:40,0.0,14918.210800978526,cand_009
2025-06-02 09:30:40,0.0,14918.210800978526,cand_011
2025-06-02 09:30:40,0.0,14918.210800978526,cand_013
2025-06-02 09:30:40,0.0,14918.210800978526,cand_014
2025-06-02 13:00:00,9.704569704971588,14927.915370683497,cand_003
2025-06-02 13:00:00,9.684408387529508,14937.599779071026,cand_009
2025-06-02 13:00:00,9.92916902643365,14947.52894809746,cand_011
2025-06-02 13:00:00,9.927084413132619,14957.456032510594,cand_013
2025-06-02 13:00:00,10.022543761608281,14967.478576272202,cand_014
2025-06-04 07:00:00,0.5104507579966491,14967.989027030198,cand_003
2025-06-04 07:00:00,0.6566499231364257,14968.645676953334,cand_007
2025-06-04 07:00:00,0.5093902926608961,14969.155067245994,cand_009
2025-06-04 07:00:00,0.5222644599299877,14969.677331705925,cand_011
2025-06-04 07:00:00,0.5221548113343271,14970.19948651726,cand_013
2025-06-04 07:00:00,0.5271758785499405,14970.72666239581,cand_014
2025-06-04 07:00:00,0.49031404625585057,14971.216976442065,cand_014
2025-06-04 07:00:00,0.604366284364134,14971.821342726429,cand_015
2025-06-04 08:34:40,0.0,14971.821342726429,cand_003
2025-06-04 08:34:40,0.0,14971.821342726429,cand_007
2025-06-04 08:34:40,0.0,14971.821342726429,cand_009
2025-06-04 08:34:40,0.0,14971.821342726429,cand_011
2025-06-04 08:34:40,0.0,14971.821342726429,cand_013
2025-06-04 08:34:40,0.0,14971.821342726429,cand_014
2025-06-04 08:34:40,0.0,14971.821342726429,cand_014
2025-06-04 08:34:40,0.0,14971.821342726429,cand_015
2025-06-04 13:00:00,-13.460886753523399,14958.360455972906,cand_003
2025-06-04 13:00:00,-17.316244737768212,14941.044211235137,cand_007
2025-06-04 13:00:00,-13.432921658816454,14927.611289576322,cand_009
2025-06-04 13:00:00,-13.772421022741971,14913.83886855358,cand_011
2025-06-04 13:00:00,-13.769529524775225,14900.069339028803,cand_013
2025-06-04 13:00:00,-13.901938020819903,14886.167401007984,cand_014
2025-06-04 13:00:00,-12.929869819793987,14873.23753118819,cand_014
2025-06-04 13:00:00,-15.937494428261251,14857.300036759929,cand_015
2025-06-06 07:00:00,0.5104507579966491,14857.810487517925,cand_003
2025-06-06 07:00:00,0.6566499231364257,14858.467137441061,cand_007
2025-06-06 07:00:00,0.5093902926608961,14858.976527733721,cand_009
2025-06-06 07:00:00,0.5222644599299877,14859.498792193652,cand_011
2025-06-06 07:00:00,0.5221548113343271,14860.020947004987,cand_013
2025-06-06 07:00:00,0.5271758785499405,14860.548122883536,cand_014
2025-06-06 07:00:00,0.49031404625585057,14861.038436929792,cand_014
2025-06-06 07:00:00,0.604366284364134,14861.642803214156,cand_015
2025-06-06 09:23:40,0.0,14861.642803214156,cand_003
2025-06-06 09:23:40,0.0,14861.642803214156,cand_007
2025-06-06 09:23:40,0.0,14861.642803214156,cand_009
2025-06-06 09:23:40,0.0,14861.642803214156,cand_011
2025-06-06 09:23:40,0.0,14861.642803214156,cand_013
2025-06-06 09:23:40,0.0,14861.642803214156,cand_014
2025-06-06 09:23:40,0.0,14861.642803214156,cand_014
2025-06-06 09:23:40,0.0,14861.642803214156,cand_015
2025-06-06 13:00:00,5.4558178075288914,14867.098621021685,cand_003
2025-06-06 13:00:00,7.018428884346386,14874.117049906032,cand_007
2025-06-06 13:00:00,5.4444833044991086,14879.561533210532,cand_009
2025-06-06 13:00:00,5.582085433486988,14885.143618644019,cand_011
2025-06-06 13:00:00,5.5809134834968965,14890.724532127515,cand_013
2025-06-06 13:00:00,5.634579831324953,14896.35911195884,cand_014
2025-06-06 13:00:00,5.240591894393415,14901.599703853233,cand_014
2025-06-06 13:00:00,6.45960905111548,14908.059312904348,cand_015
2025-06-09 07:00:00,0.5104507579966491,14908.569763662344,cand_003
2025-06-09 07:00:00,0.5093902926608961,14909.079153955005,cand_009
2025-06-09 07:00:00,0.5222644599299877,14909.601418414935,cand_011
2025-06-09 07:00:00,0.5221548113343271,14910.12357322627,cand_013
2025-06-09 07:00:00,0.5271758785499405,14910.65074910482,cand_014
2025-06-09 07:00:00,0.604366284364134,14911.255115389184,cand_015
2025-06-10 07:00:00,0.5104507579966491,14911.76556614718,cand_003
2025-06-10 07:00:00,0.5093902926608961,14912.27495643984,cand_009
2025-06-10 07:00:00,0.5222644599299877,14912.79722089977,cand_011
2025-06-10 07:00:00,0.5221548113343271,14913.319375711106,cand_013
2025-06-10 07:00:00,0.5271758785499405,14913.846551589655,cand_014
2025-06-10 07:00:00,0.49031404625585057,14914.33686563591,cand_014
2025-06-11 07:00:00,0.5104507579966491,14914.847316393907,cand_003
2025-06-11 07:00:00,0.6566499231364257,14915.503966317043,cand_007
2025-06-11 07:00:00,0.5093902926608961,14916.013356609703,cand_009
2025-06-11 07:00:00,0.5222644599299877,14916.535621069634,cand_011
2025-06-11 07:00:00,0.5221548113343271,14917.057775880969,cand_013
2025-06-11 07:00:00,0.5271758785499405,14917.584951759518,cand_014
2025-06-11 07:00:00,0.49031404625585057,14918.075265805774,cand_014
2025-06-11 07:00:00,0.604366284364134,14918.679632090138,cand_015
2025-06-16 07:00:00,0.5104507579966491,14919.190082848134,cand_003
2025-06-16 07:00:00,0.5093902926608961,14919.699473140794,cand_009
2025-06-16 07:00:00,0.5222644599299877,14920.221737600725,cand_011
2025-06-16 07:00:00,0.5221548113343271,14920.74389241206,cand_013
2025-06-16 07:00:00,0.5271758785499405,14921.271068290609,cand_014
2025-06-17 07:00:00,0.5104507579966491,14921.781519048605,cand_003
2025-06-17 07:00:00,0.6566499231364257,14922.438168971741,cand_007
2025-06-17 07:00:00,0.5093902926608961,14922.947559264401,cand_009
2025-06-17 07:00:00,0.5222644599299877,14923.469823724332,cand_011
2025-06-17 07:00:00,0.5221548113343271,14923.991978535667,cand_013
2025-06-17 07:00:00,0.5271758785499405,14924.519154414216,cand_014
2025-06-17 07:00:00,0.49031404625585057,14925.009468460472,cand_014
2025-06-17 07:00:00,0.604366284364134,14925.613834744836,cand_015
2025-06-18 07:00:00,0.5104507579966491,14926.124285502832,cand_003
2025-06-18 07:00:00,0.6566499231364257,14926.780935425968,cand_007
2025-06-18 07:00:00,0.5093902926608961,14927.290325718628,cand_009
2025-06-18 07:00:00,0.5222644599299877,14927.812590178559,cand_011
2025-06-18 07:00:00,0.5221548113343271,14928.334744989894,cand_013
2025-06-18 07:00:00,0.5271758785499405,14928.861920868443,cand_014
2025-06-18 07:00:00,0.49031404625585057,14929.352234914699,cand_014
2025-06-18 07:00:00,0.604366284364134,14929.956601199063,cand_015
2025-06-19 07:00:00,0.5104507579966491,14930.467051957059,cand_003
2025-06-19 07:00:00,0.5093902926608961,14930.97644224972,cand_009
2025-06-19 07:00:00,0.5222644599299877,14931.49870670965,cand_011
2025-06-19 07:00:00,0.5221548113343271,14932.020861520985,cand_013
2025-06-19 07:00:00,0.5271758785499405,14932.548037399534,cand_014
2025-06-19 07:00:00,0.49031404625585057,14933.03835144579,cand_014
2025-06-19 07:00:00,0.604366284364134,14933.642717730154,cand_015
2025-06-19 09:30:40,0.0,14933.642717730154,cand_003
2025-06-19 09:30:40,0.0,14933.642717730154,cand_009
2025-06-19 09:30:40,0.0,14933.642717730154,cand_011
2025-06-19 09:30:40,0.0,14933.642717730154,cand_013
2025-06-19 09:30:40,0.0,14933.642717730154,cand_014
2025-06-19 09:30:40,0.0,14933.642717730154,cand_014
2025-06-19 09:30:40,0.0,14933.642717730154,cand_015
2025-06-19 13:00:00,3.756317048551812,14937.399034778706,cand_003
2025-06-19 13:00:00,3.7485132712869476,14941.147548049992,cand_009
2025-06-19 13:00:00,3.8432519963083216,14944.9908000463,cand_011
2025-06-19 13:00:00,3.842445111642607,14948.833245157943,cand_013
2025-06-19 13:00:00,3.8793942592116215,14952.712639417154,cand_014
2025-06-19 13:00:00,3.6081345403886416,14956.320773957543,cand_014
2025-06-19 13:00:00,4.447424833761951,14960.768198791306,cand_015
2025-06-20 07:00:00,0.5104507579966491,14961.278649549302,cand_003
2025-06-20 07:00:00,0.5093902926608961,14961.788039841962,cand_009
2025-06-20 07:00:00,0.5222644599299877,14962.310304301893,cand_011
2025-06-20 07:00:00,0.5221548113343271,14962.832459113228,cand_013
2025-06-20 07:00:00,0.5271758785499405,14963.359634991777,cand_014
2025-06-23 07:00:00,0.5104507579966491,14963.870085749773,cand_003
2025-06-23 07:00:00,0.5093902926608961,14964.379476042433,cand_009
2025-06-23 07:00:00,0.5222644599299877,14964.901740502364,cand_011
2025-06-23 07:00:00,0.5221548113343271,14965.4238953137,cand_013
2025-06-23 07:00:00,0.5271758785499405,14965.951071192248,cand_014
2025-06-23 07:00:00,0.49031404625585057,14966.441385238504,cand_014
2025-06-23 07:08:40,0.0,14966.441385238504,cand_003
2025-06-23 07:08:40,0.0,14966.441385238504,cand_009
2025-06-23 07:08:40,0.0,14966.441385238504,cand_011
2025-06-23 07:08:40,0.0,14966.441385238504,cand_013
2025-06-23 07:08:40,0.0,14966.441385238504,cand_014
2025-06-23 07:08:40,0.0,14966.441385238504,cand_014
2025-06-23 13:00:00,39.59596556295183,15006.037350801456,cand_003
2025-06-23 13:00:00,39.51370464305434,15045.55105544451,cand_009
2025-06-23 13:00:00,40.51236137115735,15086.063416815667,cand_011
2025-06-23 13:00:00,40.503855865092774,15126.567272680759,cand_013
2025-06-23 13:00:00,40.89334300257686,15167.460615683336,cand_014
2025-06-23 13:00:00,38.03394898809354,15205.49456467143,cand_014
2025-06-24 09:17:40,0.0,15205.49456467143,cand_003
2025-06-24 09:17:40,0.0,15205.49456467143,cand_007
2025-06-24 09:17:40,0.0,15205.49456467143,cand_009
2025-06-24 09:17:40,0.0,15205.49456467143,cand_011
2025-06-24 09:17:40,0.0,15205.49456467143,cand_013
2025-06-24 09:17:40,0.0,15205.49456467143,cand_014
2025-06-24 09:17:40,0.0,15205.49456467143,cand_014
2025-06-24 09:17:40,0.0,15205.49456467143,cand_015
2025-06-24 13:00:00,6.503743187180835,15211.99830785861,cand_003
2025-06-24 13:00:00,8.3664925500794,15220.36480040869,cand_007
2025-06-24 13:00:00,6.490231611197065,15226.855032019886,cand_009
2025-06-24 13:00:00,6.654263648284433,15233.509295668171,cand_011
2025-06-24 13:00:00,6.652866596177367,15240.162162264349,cand_013
2025-06-24 13:00:00,6.716840899642184,15246.879003163991,cand_014
2025-06-24 13:00:00,6.247177789353954,15253.126180953344,cand_014
2025-06-24 13:00:00,7.700337481957143,15260.826518435302,cand_015
2025-06-26 09:13:20,0.0,15260.826518435302,cand_003
2025-06-26 09:13:20,0.0,15260.826518435302,cand_009
2025-06-26 09:13:20,0.0,15260.826518435302,cand_011
2025-06-26 09:13:20,0.0,15260.826518435302,cand_013
2025-06-26 09:13:20,0.0,15260.826518435302,cand_014
2025-06-26 09:13:20,0.0,15260.826518435302,cand_015
2025-06-26 13:00:00,14.043401147943106,15274.869919583245,cand_003
2025-06-26 13:00:00,14.014225875147126,15288.884145458393,cand_009
2025-06-26 13:00:00,14.368416935838546,15303.252562394231,cand_011
2025-06-26 13:00:00,14.365400309474401,15317.617962703705,cand_013
2025-06-26 13:00:00,14.503538729282777,15332.121501432988,cand_014
2025-06-26 13:00:00,16.62718301159444,15348.748684444583,cand_015
2025-06-30 07:52:40,0.0,15348.748684444583,cand_003
2025-06-30 07:52:40,0.0,15348.748684444583,cand_009
2025-06-30 07:52:40,0.0,15348.748684444583,cand_011
2025-06-30 07:52:40,0.0,15348.748684444583,cand_013
2025-06-30 07:52:40,0.0,15348.748684444583,cand_014
2025-06-30 13:00:00,-14.15149660257769,15334.597187842006,cand_003
2025-06-30 13:00:00,-14.122096760651786,15320.475091081355,cand_009
2025-06-30 13:00:00,-14.479014115588427,15305.996076965766,cand_011
2025-06-30 13:00:00,-14.47597426952167,15291.520102696244,cand_013
2025-06-30 13:00:00,-14.615175974152177,15276.904926722093,cand_014
2025-07-03 07:00:00,0.5104507579966491,15277.415377480089,cand_003
2025-07-03 07:00:00,0.6566499231364257,15278.072027403225,cand_007
2025-07-03 07:00:00,0.5093902926608961,15278.581417695885,cand_009
2025-07-03 07:00:00,0.5222644599299877,15279.103682155815,cand_011
2025-07-03 07:00:00,0.5221548113343271,15279.62583696715,cand_013
2025-07-03 07:00:00,0.5271758785499405,15280.1530128457,cand_014
2025-07-03 07:00:00,0.49031404625585057,15280.643326891955,cand_014
2025-07-03 07:00:00,0.604366284364134,15281.24769317632,cand_015
2025-07-04 07:00:00,0.5104507579966491,15281.758143934316,cand_003
2025-07-04 07:00:00,0.6566499231364257,15282.414793857452,cand_007
2025-07-04 07:00:00,0.5093902926608961,15282.924184150112,cand_009
2025-07-04 07:00:00,0.5222644599299877,15283.446448610042,cand_011
2025-07-04 07:00:00,0.5221548113343271,15283.968603421377,cand_013
2025-07-04 07:00:00,0.5271758785499405,15284.495779299927,cand_014
2025-07-04 07:00:00,0.49031404625585057,15284.986093346182,cand_014
2025-07-04 07:00:00,0.604366284364134,15285.590459630546,cand_015
2025-07-07 07:00:00,0.5104507579966491,15286.100910388543,cand_003
2025-07-07 07:00:00,0.6566499231364257,15286.757560311678,cand_007
2025-07-07 07:00:00,0.5093902926608961,15287.266950604338,cand_009
2025-07-07 07:00:00,0.5222644599299877,15287.78921506427,cand_011
2025-07-07 07:00:00,0.5221548113343271,15288.311369875604,cand_013
2025-07-07 07:00:00,0.5271758785499405,15288.838545754154,cand_014
2025-07-07 07:00:00,0.49031404625585057,15289.32885980041,cand_014
2025-07-07 07:00:00,0.604366284364134,15289.933226084773,cand_015
2025-07-07 07:44:20,0.0,15289.933226084773,cand_003
2025-07-07 07:44:20,0.0,15289.933226084773,cand_007
2025-07-07 07:44:20,0.0,15289.933226084773,cand_009
2025-07-07 07:44:20,0.0,15289.933226084773,cand_011
2025-07-07 07:44:20,0.0,15289.933226084773,cand_013
2025-07-07 07:44:20,0.0,15289.933226084773,cand_014
2025-07-07 07:44:20,0.0,15289.933226084773,cand_014
2025-07-07 07:44:20,0.0,15289.933226084773,cand_015
2025-07-07 13:00:00,18.87166478828788,15308.804890873062,cand_003
2025-07-07 13:00:00,24.276733923014326,15333.081624796076,cand_007
2025-07-07 13:00:00,18.832458761021954,15351.914083557098,cand_009
2025-07-07 13:00:00,19.308424297999842,15371.222507855098,cand_011
2025-07-07 13:00:00,19.304370524919094,15390.526878380017,cand_013
2025-07-07 13:00:00,19.490002333449272,15410.016880713465,cand_014
2025-07-07 13:00:00,18.127198710106004,15428.144079423571,cand_014
2025-07-07 13:00:00,22.343777042521072,15450.487856466092,cand_015
2025-07-08 07:00:00,0.5104507579966491,15450.998307224088,cand_003
2025-07-08 07:00:00,0.5093902926608961,15451.507697516749,cand_009
2025-07-08 07:00:00,0.5222644599299877,15452.02996197668,cand_011
2025-07-08 07:00:00,0.5221548113343271,15452.552116788014,cand_013
2025-07-08 07:00:00,0.5271758785499405,15453.079292666564,cand_014
2025-07-09 07:00:00,0.5104507579966491,15453.58974342456,cand_003
2025-07-09 07:00:00,0.6566499231364257,15454.246393347696,cand_007
2025-07-09 07:00:00,0.5093902926608961,15454.755783640356,cand_009
2025-07-09 07:00:00,0.5222644599299877,15455.278048100286,cand_011
2025-07-09 07:00:00,0.5221548113343271,15455.800202911621,cand_013
2025-07-09 07:00:00,0.5271758785499405,15456.32737879017,cand_014
2025-07-09 07:00:00,0.49031404625585057,15456.817692836426,cand_014
2025-07-09 07:00:00,0.604366284364134,15457.42205912079,cand_015
2025-07-11 07:00:00,0.5104507579966491,15457.932509878787,cand_003
2025-07-11 07:00:00,0.6566499231364257,15458.589159801923,cand_007
2025-07-11 07:00:00,0.5093902926608961,15459.098550094583,cand_009
2025-07-11 07:00:00,0.5222644599299877,15459.620814554513,cand_011
2025-07-11 07:00:00,0.5221548113343271,15460.142969365848,cand_013
2025-07-11 07:00:00,0.5271758785499405,15460.670145244398,cand_014
2025-07-11 07:00:00,0.49031404625585057,15461.160459290653,cand_014
2025-07-11 07:00:00,0.604366284364134,15461.764825575017,cand_015
2025-07-11 07:25:40,0.0,15461.764825575017,cand_003
2025-07-11 07:25:40,0.0,15461.764825575017,cand_007
2025-07-11 07:25:40,0.0,15461.764825575017,cand_009
2025-07-11 07:25:40,0.0,15461.764825575017,cand_011
2025-07-11 07:25:40,0.0,15461.764825575017,cand_013
2025-07-11 07:25:40,0.0,15461.764825575017,cand_014
2025-07-11 07:25:40,0.0,15461.764825575017,cand_014
2025-07-11 07:25:40,0.0,15461.764825575017,cand_015
2025-07-11 13:00:00,-6.575806823603891,15455.189018751413,cand_003
2025-07-11 13:00:00,-8.459196068639836,15446.729822682773,cand_007
2025-07-11 13:00:00,-6.562145534866838,15440.167677147907,cand_009
2025-07-11 13:00:00,-6.727995101451018,15433.439682046455,cand_011
2025-07-11 13:00:00,-6.726582569542213,15426.713099476912,cand_013
2025-07-11 13:00:00,-6.791265729555116,15419.921833747358,cand_014
2025-07-11 13:00:00,-6.316398595884192,15413.605435151474,cand_014
2025-07-11 13:00:00,-7.7856597809261965,15405.819775370548,cand_015
2025-07-14 07:00:00,0.5104507579966491,15406.330226128544,cand_003
2025-07-14 07:00:00,0.5093902926608961,15406.839616421204,cand_009
2025-07-14 07:00:00,0.5222644599299877,15407.361880881135,cand_011
2025-07-14 07:00:00,0.5221548113343271,15407.88403569247,cand_013
2025-07-14 07:00:00,0.5271758785499405,15408.41121157102,cand_014
2025-07-14 07:00:00,0.49031404625585057,15408.901525617275,cand_014
2025-07-14 07:00:00,0.604366284364134,15409.50589190164,cand_015
2025-07-15 07:00:00,0.5104507579966491,15410.016342659635,cand_003
2025-07-15 07:00:00,0.5093902926608961,15410.525732952296,cand_009
2025-07-15 07:00:00,0.5222644599299877,15411.047997412226,cand_011
2025-07-15 07:00:00,0.5221548113343271,15411.570152223561,cand_013
2025-07-15 07:00:00,0.5271758785499405,15412.09732810211,cand_014
2025-07-16 07:00:00,0.5104507579966491,15412.607778860107,cand_003
2025-07-16 07:00:00,0.5093902926608961,15413.117169152767,cand_009
2025-07-16 07:00:00,0.5222644599299877,15413.639433612698,cand_011
2025-07-16 07:00:00,0.5221548113343271,15414.161588424033,cand_013
2025-07-16 07:00:00,0.5271758785499405,15414.688764302582,cand_014
2025-07-17 07:00:00,0.5104507579966491,15415.199215060578,cand_003
2025-07-17 07:00:00,0.6566499231364257,15415.855864983714,cand_007
2025-07-17 07:00:00,0.5093902926608961,15416.365255276374,cand_009
2025-07-17 07:00:00,0.5222644599299877,15416.887519736305,cand_011
2025-07-17 07:00:00,0.5221548113343271,15417.40967454764,cand_013
2025-07-17 07:00:00,0.5271758785499405,15417.93685042619,cand_014
2025-07-17 07:00:00,0.49031404625585057,15418.427164472445,cand_014
2025-07-17 07:00:00,0.604366284364134,15419.031530756809,cand_015
2025-07-17 09:30:40,0.0,15419.031530756809,cand_003
2025-07-17 09:30:40,0.0,15419.031530756809,cand_007
2025-07-17 09:30:40,0.0,15419.031530756809,cand_009
2025-07-17 09:30:40,0.0,15419.031530756809,cand_011
2025-07-17 09:30:40,0.0,15419.031530756809,cand_013
2025-07-17 09:30:40,0.0,15419.031530756809,cand_014
2025-07-17 09:30:40,0.0,15419.031530756809,cand_014
2025-07-17 09:30:40,0.0,15419.031530756809,cand_015
2025-07-17 13:00:00,-1.5733893952367302,15417.458141361572,cand_003
2025-07-17 13:00:00,-2.024026821902865,15415.43411453967,cand_007
2025-07-17 13:00:00,-1.5701206667900565,15413.86399387288,cand_009
2025-07-17 13:00:00,-1.6098033941371388,15412.254190478741,cand_011
2025-07-17 13:00:00,-1.6094654184658084,15410.644725060276,cand_013
2025-07-17 13:00:00,-1.6249421197656992,15409.01978294051,cand_014
2025-07-17 13:00:00,-1.511320942576857,15407.508461997933,cand_014
2025-07-17 13:00:00,-1.8628701941576837,15405.645591803775,cand_015
2025-07-18 07:00:00,0.5104507579966491,15406.156042561772,cand_003
2025-07-18 07:00:00,0.5093902926608961,15406.665432854432,cand_009
2025-07-18 07:00:00,0.5222644599299877,15407.187697314363,cand_011
2025-07-18 07:00:00,0.5221548113343271,15407.709852125698,cand_013
2025-07-18 07:00:00,0.5271758785499405,15408.237028004247,cand_014
2025-07-18 07:00:00,0.49031404625585057,15408.727342050503,cand_014
2025-07-18 08:30:40,0.0,15408.727342050503,cand_003
2025-07-18 08:30:40,0.0,15408.727342050503,cand_009
2025-07-18 08:30:40,0.0,15408.727342050503,cand_011
2025-07-18 08:30:40,0.0,15408.727342050503,cand_013
2025-07-18 08:30:40,0.0,15408.727342050503,cand_014
2025-07-18 08:30:40,0.0,15408.727342050503,cand_014
2025-07-18 13:00:00,-3.714279927305029,15405.013062123198,cand_003
2025-07-18 13:00:00,-3.7065634824795795,15401.306498640719,cand_009
2025-07-18 13:00:00,-3.800241981961146,15397.506256658759,cand_011
2025-07-18 13:00:00,-3.79944412717978,15393.706812531578,cand_013
2025-07-18 13:00:00,-3.8359797750957436,15389.870832756482,cand_014
2025-07-18 13:00:00,-3.5677557365793358,15386.303077019902,cand_014
2025-07-25 07:00:00,0.5104507579966491,15386.813527777898,cand_003
2025-07-25 07:00:00,0.6566499231364257,15387.470177701034,cand_007
2025-07-25 07:00:00,0.5093902926608961,15387.979567993694,cand_009
2025-07-25 07:00:00,0.5222644599299877,15388.501832453625,cand_011
2025-07-25 07:00:00,0.5221548113343271,15389.02398726496,cand_013
2025-07-25 07:00:00,0.5271758785499405,15389.55116314351,cand_014
2025-07-25 07:00:00,0.49031404625585057,15390.041477189765,cand_014
2025-07-25 07:00:00,0.604366284364134,15390.645843474129,cand_015
2025-07-28 07:00:00,0.5104507579966491,15391.156294232125,cand_003
2025-07-28 07:00:00,0.5093902926608961,15391.665684524785,cand_009
2025-07-28 07:00:00,0.5222644599299877,15392.187948984716,cand_011
2025-07-28 07:00:00,0.5221548113343271,15392.710103796051,cand_013
2025-07-28 07:00:00,0.5271758785499405,15393.2372796746,cand_014
2025-07-28 07:00:00,0.49031404625585057,15393.727593720856,cand_014
2025-07-28 09:21:40,0.0,15393.727593720856,cand_003
2025-07-28 09:21:40,0.0,15393.727593720856,cand_009
2025-07-28 09:21:40,0.0,15393.727593720856,cand_011
2025-07-28 09:21:40,0.0,15393.727593720856,cand_013
2025-07-28 09:21:40,0.0,15393.727593720856,cand_014
2025-07-28 09:21:40,0.0,15393.727593720856,cand_014
2025-07-28 13:00:00,9.71357765952447,15403.44117138038,cand_003
2025-07-28 13:00:00,9.69339762798823,15413.134569008369,cand_009
2025-07-28 13:00:00,9.938385458079473,15423.072954466448,cand_011
2025-07-28 13:00:00,9.936298909803225,15433.00925337625,cand_013
2025-07-28 13:00:00,10.031846865347399,15443.041100241599,cand_014
2025-07-28 13:00:00,9.330387880221627,15452.37148812182,cand_014
2025-07-29 07:00:00,0.5104507579966491,15452.881938879817,cand_003
2025-07-29 07:00:00,0.5093902926608961,15453.391329172477,cand_009
2025-07-29 07:00:00,0.5222644599299877,15453.913593632407,cand_011
2025-07-29 07:00:00,0.5221548113343271,15454.435748443742,cand_013
2025-07-29 07:00:00,0.5271758785499405,15454.962924322292,cand_014
2025-07-29 07:00:00,0.49031404625585057,15455.453238368547,cand_014
2025-07-31 07:00:00,0.5104507579966491,15455.963689126544,cand_003
2025-07-31 07:00:00,0.6566499231364257,15456.62033904968,cand_007
2025-07-31 07:00:00,0.5093902926608961,15457.12972934234,cand_009
2025-07-31 07:00:00,0.5222644599299877,15457.65199380227,cand_011
2025-07-31 07:00:00,0.5221548113343271,15458.174148613605,cand_013
2025-07-31 07:00:00,0.5271758785499405,15458.701324492155,cand_014
2025-07-31 07:00:00,0.49031404625585057,15459.19163853841,cand_014
2025-07-31 07:00:00,0.604366284364134,15459.796004822774,cand_015
2025-08-01 07:00:00,0.5104507579966491,15460.30645558077,cand_003
2025-08-01 07:00:00,0.5093902926608961,15460.81584587343,cand_009
2025-08-01 07:00:00,0.5222644599299877,15461.338110333361,cand_011
2025-08-01 07:00:00,0.5221548113343271,15461.860265144696,cand_013
2025-08-01 07:00:00,0.5271758785499405,15462.387441023246,cand_014
2025-08-01 07:00:00,0.49031404625585057,15462.877755069501,cand_014
2025-08-07 07:00:00,0.5104507579966491,15463.388205827498,cand_003
2025-08-07 07:00:00,0.5093902926608961,15463.897596120158,cand_009
2025-08-07 07:00:00,0.5222644599299877,15464.419860580088,cand_011
2025-08-07 07:00:00,0.5221548113343271,15464.942015391423,cand_013
2025-08-07 07:00:00,0.5271758785499405,15465.469191269973,cand_014
2025-08-07 07:00:00,0.49031404625585057,15465.959505316228,cand_014
2025-08-12 07:00:00,0.5104507579966491,15466.469956074225,cand_003
2025-08-12 07:00:00,0.5093902926608961,15466.979346366885,cand_009
2025-08-12 07:00:00,0.5222644599299877,15467.501610826816,cand_011
2025-08-12 07:00:00,0.5221548113343271,15468.02376563815,cand_013
2025-08-12 07:00:00,0.5271758785499405,15468.5509415167,cand_014
2025-08-12 07:00:00,0.49031404625585057,15469.041255562955,cand_014
2025-08-13 07:00:00,0.5104507579966491,15469.551706320952,cand_003
2025-08-13 07:00:00,0.5093902926608961,15470.061096613612,cand_009
2025-08-13 07:00:00,0.5222644599299877,15470.583361073543,cand_011
2025-08-13 07:00:00,0.5221548113343271,15471.105515884878,cand_013
2025-08-13 07:00:00,0.5271758785499405,15471.632691763427,cand_014
2025-08-13 07:00:00,0.49031404625585057,15472.123005809683,cand_014
2025-08-13 07:00:00,0.604366284364134,15472.727372094047,cand_015
2025-08-14 09:12:40,0.0,15472.727372094047,cand_003
2025-08-14 09:12:40,0.0,15472.727372094047,cand_007
2025-08-14 09:12:40,0.0,15472.727372094047,cand_009
2025-08-14 09:12:40,0.0,15472.727372094047,cand_011
2025-08-14 09:12:40,0.0,15472.727372094047,cand_013
2025-08-14 09:12:40,0.0,15472.727372094047,cand_014
2025-08-14 09:12:40,0.0,15472.727372094047,cand_014
2025-08-14 09:12:40,0.0,15472.727372094047,cand_015
2025-08-14 13:00:00,-17.11511365047588,15455.61225844357,cand_003
2025-08-14 13:00:00,-22.017085658103685,15433.595172785466,cand_007
2025-08-14 13:00:00,-17.079556871571224,15416.515615913895,cand_009
2025-08-14 13:00:00,-17.511220127064295,15399.004395786831,cand_011
2025-08-14 13:00:00,-17.507543674150966,15381.49685211268,cand_013
2025-08-14 13:00:00,-17.675897104321535,15363.820955008357,cand_014
2025-08-14 13:00:00,-16.43994155093146,15347.381013457427,cand_014
2025-08-14 13:00:00,-20.264046005150377,15327.116967452277,cand_015
2025-08-15 08:13:40,0.0,15327.116967452277,cand_003
2025-08-15 08:13:40,0.0,15327.116967452277,cand_007
2025-08-15 08:13:40,0.0,15327.116967452277,cand_009
2025-08-15 08:13:40,0.0,15327.116967452277,cand_011
2025-08-15 08:13:40,0.0,15327.116967452277,cand_013
2025-08-15 08:13:40,0.0,15327.116967452277,cand_014
2025-08-15 08:13:40,0.0,15327.116967452277,cand_014
2025-08-15 08:13:40,0.0,15327.116967452277,cand_015
2025-08-15 13:00:00,5.149547352730901,15332.266514805007,cand_003
2025-08-15 13:00:00,6.624438930464529,15338.890953735472,cand_007
2025-08-15 13:00:00,5.13884912890257,15344.029802864374,cand_009
2025-08-15 13:00:00,5.268726757528994,15349.298529621903,cand_011
2025-08-15 13:00:00,5.2676205966962995,15354.5661502186,cand_013
2025-08-15 13:00:00,5.318274304194988,15359.884424522794,cand_014
2025-08-15 13:00:00,4.946403466639904,15364.830827989434,cand_014
2025-08-15 13:00:00,6.096989280496999,15370.92781726993,cand_015
2025-08-18 07:00:00,0.5104507579966491,15371.438268027927,cand_003
2025-08-18 07:00:00,0.5093902926608961,15371.947658320587,cand_009
2025-08-18 07:00:00,0.5222644599299877,15372.469922780518,cand_011
2025-08-18 07:00:00,0.5221548113343271,15372.992077591853,cand_013
2025-08-18 07:00:00,0.5271758785499405,15373.519253470402,cand_014
2025-08-18 07:00:00,0.49031404625585057,15374.009567516658,cand_014
2025-08-18 07:00:00,0.604366284364134,15374.613933801022,cand_015
2025-08-19 07:00:00,0.5104507579966491,15375.124384559018,cand_003
2025-08-19 07:00:00,0.5093902926608961,15375.633774851678,cand_009
2025-08-19 07:00:00,0.5222644599299877,15376.156039311609,cand_011
2025-08-19 07:00:00,0.5221548113343271,15376.678194122944,cand_013
2025-08-19 07:00:00,0.5271758785499405,15377.205370001493,cand_014
2025-08-20 09:11:40,0.0,15377.205370001493,cand_003
2025-08-20 09:11:40,0.0,15377.205370001493,cand_009
2025-08-20 09:11:40,0.0,15377.205370001493,cand_011
2025-08-20 09:11:40,0.0,15377.205370001493,cand_013
2025-08-20 09:11:40,0.0,15377.205370001493,cand_014
2025-08-20 09:11:40,0.0,15377.205370001493,cand_014
2025-08-20 09:11:40,0.0,15377.205370001493,cand_015
2025-08-20 13:00:00,-8.875837886106439,15368.329532115387,cand_003
2025-08-20 13:00:00,-8.857398265327111,15359.47213385006,cand_009
2025-08-20 13:00:00,-9.081257315017904,15350.390876535042,cand_011
2025-08-20 13:00:00,-9.079350719436887,15341.311525815605,cand_013
2025-08-20 13:00:00,-9.166658217609555,15332.144867597995,cand_014
2025-08-20 13:00:00,-8.525696004307614,15323.619171593687,cand_014
2025-08-20 13:00:00,-10.508863156355178,15313.110308437332,cand_015
2025-08-22 07:00:00,0.5104507579966491,15313.620759195328,cand_003
2025-08-22 07:00:00,0.6566499231364257,15314.277409118464,cand_007
2025-08-22 07:00:00,0.5093902926608961,15314.786799411124,cand_009
2025-08-22 07:00:00,0.5222644599299877,15315.309063871055,cand_011
2025-08-22 07:00:00,0.5221548113343271,15315.83121868239,cand_013
2025-08-22 07:00:00,0.5271758785499405,15316.358394560939,cand_014
2025-08-22 07:00:00,0.49031404625585057,15316.848708607195,cand_014
2025-08-22 07:00:00,0.604366284364134,15317.453074891559,cand_015
2025-08-26 07:00:00,0.5104507579966491,15317.963525649555,cand_003
2025-08-26 07:00:00,0.6566499231364257,15318.62017557269,cand_007
2025-08-26 07:00:00,0.5093902926608961,15319.12956586535,cand_009
2025-08-26 07:00:00,0.5222644599299877,15319.651830325281,cand_011
2025-08-26 07:00:00,0.5221548113343271,15320.173985136616,cand_013
2025-08-26 07:00:00,0.5271758785499405,15320.701161015166,cand_014
2025-08-26 07:00:00,0.49031404625585057,15321.191475061421,cand_014
2025-08-26 07:00:00,0.604366284364134,15321.795841345785,cand_015
2025-08-27 07:00:00,0.5104507579966491,15322.306292103782,cand_003
2025-08-27 07:00:00,0.6566499231364257,15322.962942026918,cand_007
2025-08-27 07:00:00,0.5093902926608961,15323.472332319578,cand_009
2025-08-27 07:00:00,0.5222644599299877,15323.994596779508,cand_011
2025-08-27 07:00:00,0.5221548113343271,15324.516751590843,cand_013
2025-08-27 07:00:00,0.5271758785499405,15325.043927469393,cand_014
2025-08-27 07:00:00,0.49031404625585057,15325.534241515648,cand_014
2025-08-27 07:00:00,0.604366284364134,15326.138607800012,cand_015
2025-08-27 07:20:40,0.0,15326.138607800012,cand_003
2025-08-27 07:20:40,0.0,15326.138607800012,cand_007
2025-08-27 07:20:40,0.0,15326.138607800012,cand_009
2025-08-27 07:20:40,0.0,15326.138607800012,cand_011
2025-08-27 07:20:40,0.0,15326.138607800012,cand_013
2025-08-27 07:20:40,0.0,15326.138607800012,cand_014
2025-08-27 07:20:40,0.0,15326.138607800012,cand_014
2025-08-27 07:20:40,0.0,15326.138607800012,cand_015
2025-08-27 13:00:00,2.149898486621181,15328.288506286633,cand_003
2025-08-27 13:00:00,2.7656549703863575,15331.05416125702,cand_007
2025-08-27 13:00:00,2.145432056148245,15333.199593313167,cand_009
2025-08-27 13:00:00,2.199655019469831,15335.399248332636,cand_011
2025-08-27 13:00:00,2.1991932053845775,15337.59844153802,cand_013
2025-08-27 13:00:00,2.2203407590691615,15339.81878229709,cand_014
2025-08-27 13:00:00,2.0650873948187587,15341.883869691908,cand_014
2025-08-27 13:00:00,2.5454485859101177,15344.429318277818,cand_015
2025-09-02 07:00:00,0.5104507579966491,15344.939769035815,cand_003
2025-09-02 07:00:00,0.5093902926608961,15345.449159328475,cand_009
2025-09-02 07:00:00,0.5222644599299877,15345.971423788405,cand_011
2025-09-02 07:00:00,0.5221548113343271,15346.49357859974,cand_013
2025-09-02 07:00:00,0.5271758785499405,15347.02075447829,cand_014
2025-09-02 07:00:00,0.49031404625585057,15347.511068524545,cand_014
2025-09-02 07:33:40,0.0,15347.511068524545,cand_003
2025-09-02 07:33:40,0.0,15347.511068524545,cand_009
2025-09-02 07:33:40,0.0,15347.511068524545,cand_011
2025-09-02 07:33:40,0.0,15347.511068524545,cand_013
2025-09-02 07:33:40,0.0,15347.511068524545,cand_014
2025-09-02 07:33:40,0.0,15347.511068524545,cand_014
2025-09-02 13:00:00,27.528309113607527,15375.039377638153,cand_003
2025-09-02 13:00:00,27.471118841853507,15402.510496480007,cand_009
2025-09-02 13:00:00,28.165415109636047,15430.675911589642,cand_011
2025-09-02 13:00:00,28.159501825371244,15458.835413415014,cand_013
2025-09-02 13:00:00,28.430285026740325,15487.265698441754,cand_014
2025-09-02 13:00:00,26.442348094550812,15513.708046536305,cand_014
2025-09-03 07:00:00,0.5104507579966491,15514.218497294301,cand_003
2025-09-03 07:00:00,0.6566499231364257,15514.875147217437,cand_007
2025-09-03 07:00:00,0.5093902926608961,15515.384537510097,cand_009
2025-09-03 07:00:00,0.5222644599299877,15515.906801970028,cand_011
2025-09-03 07:00:00,0.5221548113343271,15516.428956781363,cand_013
2025-09-03 07:00:00,0.5271758785499405,15516.956132659912,cand_014
2025-09-03 07:00:00,0.49031404625585057,15517.446446706168,cand_014
2025-09-03 07:00:00,0.604366284364134,15518.050812990532,cand_015
2025-09-04 07:00:00,0.5104507579966491,15518.561263748528,cand_003
2025-09-04 07:00:00,0.6566499231364257,15519.217913671664,cand_007
2025-09-04 07:00:00,0.5093902926608961,15519.727303964324,cand_009
2025-09-04 07:00:00,0.5222644599299877,15520.249568424255,cand_011
2025-09-04 07:00:00,0.5221548113343271,15520.77172323559,cand_013
2025-09-04 07:00:00,0.5271758785499405,15521.29889911414,cand_014
2025-09-04 07:00:00,0.49031404625585057,15521.789213160395,cand_014
2025-09-04 07:00:00,0.604366284364134,15522.393579444759,cand_015
2025-09-08 07:00:00,0.5104507579966491,15522.904030202755,cand_003
2025-09-08 07:00:00,0.6566499231364257,15523.560680125891,cand_007
2025-09-08 07:00:00,0.5093902926608961,15524.070070418551,cand_009
2025-09-08 07:00:00,0.5222644599299877,15524.592334878482,cand_011
2025-09-08 07:00:00,0.5221548113343271,15525.114489689817,cand_013
2025-09-08 07:00:00,0.5271758785499405,15525.641665568366,cand_014
2025-09-08 07:00:00,0.49031404625585057,15526.131979614622,cand_014
2025-09-08 07:00:00,0.604366284364134,15526.736345898986,cand_015
2025-09-09 08:22:40,0.0,15526.736345898986,cand_003
2025-09-09 08:22:40,0.0,15526.736345898986,cand_009
2025-09-09 08:22:40,0.0,15526.736345898986,cand_011
2025-09-09 08:22:40,0.0,15526.736345898986,cand_013
2025-09-09 08:22:40,0.0,15526.736345898986,cand_014
2025-09-09 08:22:40,0.0,15526.736345898986,cand_014
2025-09-09 08:22:40,0.0,15526.736345898986,cand_015
2025-09-09 13:00:00,26.708585249295258,15553.44493114828,cand_003
2025-09-09 13:00:00,26.653097960109832,15580.09802910839,cand_009
2025-09-09 13:00:00,27.326719829866125,15607.424748938256,cand_011
2025-09-09 13:00:00,27.320982628346115,15634.745731566602,cand_013
2025-09-09 13:00:00,27.583702586480715,15662.329434153082,cand_014
2025-09-09 13:00:00,25.65496142026936,15687.98439557335,cand_014
2025-09-09 13:00:00,31.62257705540572,15719.606972628757,cand_015
2025-09-12 07:00:00,0.5104507579966491,15720.117423386753,cand_003
2025-09-12 07:00:00,0.6566499231364257,15720.774073309889,cand_007
2025-09-12 07:00:00,0.5093902926608961,15721.28346360255,cand_009
2025-09-12 07:00:00,0.5222644599299877,15721.80572806248,cand_011
2025-09-12 07:00:00,0.5221548113343271,15722.327882873815,cand_013
2025-09-12 07:00:00,0.5271758785499405,15722.855058752364,cand_014
2025-09-12 07:00:00,0.49031404625585057,15723.34537279862,cand_014
2025-09-12 07:00:00,0.604366284364134,15723.949739082984,cand_015
2025-09-16 09:16:40,0.0,15723.949739082984,cand_003
2025-09-16 09:16:40,0.0,15723.949739082984,cand_007
2025-09-16 09:16:40,0.0,15723.949739082984,cand_009
2025-09-16 09:16:40,0.0,15723.949739082984,cand_011
2025-09-16 09:16:40,0.0,15723.949739082984,cand_013
2025-09-16 09:16:40,0.0,15723.949739082984,cand_014
2025-09-16 09:16:40,0.0,15723.949739082984,cand_014
2025-09-16 09:16:40,0.0,15723.949739082984,cand_015
2025-09-16 13:00:00,-4.1676803064667585,15719.782058776516,cand_003
2025-09-16 13:00:00,-5.3613534900785815,15714.420705286439,cand_007
2025-09-16 13:00:00,-4.159021918901905,15710.261683367537,cand_009
2025-09-16 13:00:00,-4.264135708134253,15705.997547659403,cand_011
2025-09-16 13:00:00,-4.263240459600271,15701.734307199802,cand_013
2025-09-16 13:00:00,-4.30423599663128,15697.43007120317,cand_014
2025-09-16 13:00:00,-4.003269977665416,15693.426801225505,cand_014
2025-09-16 13:00:00,-4.934472957043636,15688.492328268461,cand_015
2025-09-18 07:00:00,0.5104507579966491,15689.002779026458,cand_003
2025-09-18 07:00:00,0.5093902926608961,15689.512169319118,cand_009
2025-09-18 07:00:00,0.5222644599299877,15690.034433779048,cand_011
2025-09-18 07:00:00,0.5221548113343271,15690.556588590383,cand_013
2025-09-18 07:00:00,0.5271758785499405,15691.083764468933,cand_014
2025-09-18 07:00:00,0.49031404625585057,15691.574078515188,cand_014
2025-09-18 08:12:40,0.0,15691.574078515188,cand_003
2025-09-18 08:12:40,0.0,15691.574078515188,cand_009
2025-09-18 08:12:40,0.0,15691.574078515188,cand_011
2025-09-18 08:12:40,0.0,15691.574078515188,cand_013
2025-09-18 08:12:40,0.0,15691.574078515188,cand_014
2025-09-18 08:12:40,0.0,15691.574078515188,cand_014
2025-09-18 13:00:00,-0.1621431819518768,15691.411935333237,cand_003
2025-09-18 13:00:00,-0.16180632825699054,15691.25012900498,cand_009
2025-09-18 13:00:00,-0.16589576962481967,15691.084233235355,cand_011
2025-09-18 13:00:00,-0.1658609400709039,15690.918372295284,cand_013
2025-09-18 13:00:00,-0.16745586730409878,15690.75091642798,cand_014
2025-09-18 13:00:00,-0.1557468146930349,15690.595169613287,cand_014
2025-09-19 07:00:00,0.5104507579966491,15691.105620371283,cand_003
2025-09-19 07:00:00,0.6566499231364257,15691.762270294419,cand_007
2025-09-19 07:00:00,0.5093902926608961,15692.27166058708,cand_009
2025-09-19 07:00:00,0.5222644599299877,15692.79392504701,cand_011
2025-09-19 07:00:00,0.5221548113343271,15693.316079858345,cand_013
2025-09-19 07:00:00,0.5271758785499405,15693.843255736894,cand_014
2025-09-19 07:00:00,0.49031404625585057,15694.33356978315,cand_014
2025-09-19 07:00:00,0.604366284364134,15694.937936067514,cand_015
2025-09-22 07:00:00,0.5104507579966491,15695.44838682551,cand_003
2025-09-22 07:00:00,0.6566499231364257,15696.105036748646,cand_007
2025-09-22 07:00:00,0.5093902926608961,15696.614427041306,cand_009
2025-09-22 07:00:00,0.5222644599299877,15697.136691501237,cand_011
2025-09-22 07:00:00,0.5221548113343271,15697.658846312572,cand_013
2025-09-22 07:00:00,0.5271758785499405,15698.186022191121,cand_014
2025-09-22 07:00:00,0.49031404625585057,15698.676336237377,cand_014
2025-09-22 07:00:00,0.604366284364134,15699.28070252174,cand_015
2025-09-24 07:00:00,0.5104507579966491,15699.791153279737,cand_003
2025-09-24 07:00:00,0.6566499231364257,15700.447803202873,cand_007
2025-09-24 07:00:00,0.5093902926608961,15700.957193495533,cand_009
2025-09-24 07:00:00,0.5222644599299877,15701.479457955464,cand_011
2025-09-24 07:00:00,0.5221548113343271,15702.001612766799,cand_013
2025-09-24 07:00:00,0.5271758785499405,15702.528788645348,cand_014
2025-09-24 07:00:00,0.49031404625585057,15703.019102691604,cand_014
2025-09-24 07:00:00,0.604366284364134,15703.623468975968,cand_015
2025-09-24 09:12:40,0.0,15703.623468975968,cand_003
2025-09-24 09:12:40,0.0,15703.623468975968,cand_007
2025-09-24 09:12:40,0.0,15703.623468975968,cand_009
2025-09-24 09:12:40,0.0,15703.623468975968,cand_011
2025-09-24 09:12:40,0.0,15703.623468975968,cand_013
2025-09-24 09:12:40,0.0,15703.623468975968,cand_014
2025-09-24 09:12:40,0.0,15703.623468975968,cand_014
2025-09-24 09:12:40,0.0,15703.623468975968,cand_015
2025-09-24 13:00:00,11.055762887903894,15714.67923186387,cand_003
2025-09-24 13:00:00,14.222264805813642,15728.901496669685,cand_007
2025-09-24 13:00:00,11.032794456337763,15739.934291126023,cand_009
2025-09-24 13:00:00,11.311633773307147,15751.24592489933,cand_011
2025-09-24 13:00:00,11.309258913723484,15762.555183813052,cand_013
2025-09-24 13:00:00,11.418009322475772,15773.973193135527,cand_014
2025-09-24 13:00:00,10.619625401847305,15784.592818537374,cand_014
2025-09-24 13:00:00,13.089862700169068,15797.682681237544,cand_015
2025-09-25 07:00:00,0.5104507579966491,15798.19313199554,cand_003
2025-09-25 07:00:00,0.5093902926608961,15798.7025222882,cand_009
2025-09-25 07:00:00,0.5222644599299877,15799.224786748131,cand_011
2025-09-25 07:00:00,0.5221548113343271,15799.746941559466,cand_013
2025-09-25 07:00:00,0.5271758785499405,15800.274117438015,cand_014
2025-09-26 07:00:00,0.5104507579966491,15800.784568196012,cand_003
2025-09-26 07:00:00,0.5093902926608961,15801.293958488672,cand_009
2025-09-26 07:00:00,0.5222644599299877,15801.816222948602,cand_011
2025-09-26 07:00:00,0.5221548113343271,15802.338377759937,cand_013
2025-09-26 07:00:00,0.5271758785499405,15802.865553638487,cand_014
2025-09-29 08:32:40,0.0,15802.865553638487,cand_003
2025-09-29 08:32:40,0.0,15802.865553638487,cand_007
2025-09-29 08:32:40,0.0,15802.865553638487,cand_009
2025-09-29 08:32:40,0.0,15802.865553638487,cand_011
2025-09-29 08:32:40,0.0,15802.865553638487,cand_013
2025-09-29 08:32:40,0.0,15802.865553638487,cand_014
2025-09-29 08:32:40,0.0,15802.865553638487,cand_014
2025-09-29 08:32:40,0.0,15802.865553638487,cand_015
2025-09-29 13:00:00,5.011425382920044,15807.876979021406,cand_003
2025-09-29 13:00:00,6.446757186557027,15814.323736207964,cand_007
2025-09-29 13:00:00,5.001014108535505,15819.324750316498,cand_009
2025-09-29 13:00:00,5.127408138959704,15824.452158455459,cand_011
2025-09-29 13:00:00,5.126331647747012,15829.578490103206,cand_013
2025-09-29 13:00:00,5.175626713528534,15834.754116816734,cand_014
2025-09-29 13:00:00,4.813730254123616,15839.567847070857,cand_014
2025-09-29 13:00:00,5.933454874139645,15845.501301944996,cand_015
2025-09-30 08:21:40,0.0,15845.501301944996,cand_003
2025-09-30 08:21:40,0.0,15845.501301944996,cand_009
2025-09-30 08:21:40,0.0,15845.501301944996,cand_011
2025-09-30 08:21:40,0.0,15845.501301944996,cand_013
2025-09-30 08:21:40,0.0,15845.501301944996,cand_014
2025-09-30 08:21:40,0.0,15845.501301944996,cand_014
2025-09-30 13:00:00,12.620144328587743,15858.121446273584,cand_003
2025-09-30 13:00:00,12.593925882669097,15870.715372156254,cand_009
2025-09-30 13:00:00,12.912220735798464,15883.627592892051,cand_011
2025-09-30 13:00:00,12.909509835518687,15896.53710272757,cand_013
2025-09-30 13:00:00,13.033648338502354,15909.570751066072,cand_014
2025-09-30 13:00:00,12.122293743607882,15921.693044809681,cand_014
2025-10-01 07:51:40,0.0,15921.693044809681,cand_003
2025-10-01 07:51:40,0.0,15921.693044809681,cand_009
2025-10-01 07:51:40,0.0,15921.693044809681,cand_011
2025-10-01 07:51:40,0.0,15921.693044809681,cand_013
2025-10-01 07:51:40,0.0,15921.693044809681,cand_014
2025-10-01 13:00:00,17.211198499039956,15938.904243308722,cand_003
2025-10-01 13:00:00,17.175442103130923,15956.079685411853,cand_009
2025-10-01 13:00:00,17.60952873128641,15973.689214143138,cand_011
2025-10-01 13:00:00,17.60583163863743,15991.295045781775,cand_013
2025-10-01 13:00:00,17.775130210872113,16009.070175992647,cand_014
2025-10-03 07:00:00,0.5104507579966491,16009.580626750643,cand_003
2025-10-03 07:00:00,0.5093902926608961,16010.090017043303,cand_009
2025-10-03 07:00:00,0.5222644599299877,16010.612281503234,cand_011
2025-10-03 07:00:00,0.5221548113343271,16011.134436314569,cand_013
2025-10-03 07:00:00,0.5271758785499405,16011.661612193118,cand_014
2025-10-03 07:00:00,0.49031404625585057,16012.151926239374,cand_014
2025-10-06 07:00:00,0.5104507579966491,16012.66237699737,cand_003
2025-10-06 07:00:00,0.6566499231364257,16013.319026920506,cand_007
2025-10-06 07:00:00,0.5093902926608961,16013.828417213166,cand_009
2025-10-06 07:00:00,0.5222644599299877,16014.350681673097,cand_011
2025-10-06 07:00:00,0.5221548113343271,16014.872836484432,cand_013
2025-10-06 07:00:00,0.5271758785499405,16015.400012362981,cand_014
2025-10-06 07:00:00,0.49031404625585057,16015.890326409237,cand_014
2025-10-06 07:00:00,0.604366284364134,16016.4946926936,cand_015
2025-10-06 07:36:40,0.0,16016.4946926936,cand_003
2025-10-06 07:36:40,0.0,16016.4946926936,cand_007
2025-10-06 07:36:40,0.0,16016.4946926936,cand_009
2025-10-06 07:36:40,0.0,16016.4946926936,cand_011
2025-10-06 07:36:40,0.0,16016.4946926936,cand_013
2025-10-06 07:36:40,0.0,16016.4946926936,cand_014
2025-10-06 07:36:40,0.0,16016.4946926936,cand_014
2025-10-06 07:36:40,0.0,16016.4946926936,cand_015
2025-10-06 13:00:00,5.90921818669062,16022.403910880292,cand_003
2025-10-06 13:00:00,7.601688521955798,16030.005599402248,cand_007
2025-10-06 13:00:00,5.896941740921433,16035.902541143168,cand_009
2025-10-06 13:00:00,6.045979159660094,16041.948520302829,cand_011
2025-10-06 13:00:00,6.044709815917386,16047.993230118745,cand_013
2025-10-06 13:00:00,6.102836052860488,16054.096066171605,cand_014
2025-10-06 13:00:00,5.676106135479493,16059.772172307084,cand_014
2025-10-06 13:00:00,6.996428515462446,16066.768600822546,cand_015
2025-10-07 07:00:00,0.5104507579966491,16067.279051580543,cand_003
2025-10-07 07:00:00,0.5093902926608961,16067.788441873203,cand_009
2025-10-07 07:00:00,0.5222644599299877,16068.310706333134,cand_011
2025-10-07 07:00:00,0.5221548113343271,16068.832861144469,cand_013
2025-10-07 07:00:00,0.5271758785499405,16069.360037023018,cand_014
2025-10-08 07:00:00,0.5104507579966491,16069.870487781014,cand_003
2025-10-08 07:00:00,0.5093902926608961,16070.379878073674,cand_009
2025-10-08 07:00:00,0.5222644599299877,16070.902142533605,cand_011
2025-10-08 07:00:00,0.5221548113343271,16071.42429734494,cand_013
2025-10-08 07:00:00,0.5271758785499405,16071.95147322349,cand_014
2025-10-09 07:00:00,0.5104507579966491,16072.461923981486,cand_003
2025-10-09 07:00:00,0.5093902926608961,16072.971314274146,cand_009
2025-10-09 07:00:00,0.5222644599299877,16073.493578734076,cand_011
2025-10-09 07:00:00,0.5221548113343271,16074.015733545411,cand_013
2025-10-09 07:00:00,0.5271758785499405,16074.54290942396,cand_014
2025-10-09 09:13:40,0.0,16074.54290942396,cand_003
2025-10-09 09:13:40,0.0,16074.54290942396,cand_009
2025-10-09 09:13:40,0.0,16074.54290942396,cand_011
2025-10-09 09:13:40,0.0,16074.54290942396,cand_013
2025-10-09 09:13:40,0.0,16074.54290942396,cand_014
2025-10-09 13:00:00,-13.502923874770183,16061.03998554919,cand_003
2025-10-09 13:00:00,-13.474871447623823,16047.565114101566,cand_009
2025-10-09 13:00:00,-13.815431037089146,16033.749683064478,cand_011
2025-10-09 13:00:00,-13.812530509238053,16019.93715255524,cand_013
2025-10-09 13:00:00,-13.94535250493578,16005.991800050304,cand_014
2025-10-10 07:00:00,0.5104507579966491,16006.5022508083,cand_003
2025-10-10 07:00:00,0.5093902926608961,16007.01164110096,cand_009
2025-10-10 07:00:00,0.5222644599299877,16007.533905560891,cand_011
2025-10-10 07:00:00,0.5221548113343271,16008.056060372226,cand_013
2025-10-10 07:00:00,0.5271758785499405,16008.583236250775,cand_014
2025-10-10 07:00:00,0.49031404625585057,16009.073550297031,cand_014
2025-10-10 07:00:00,0.604366284364134,16009.677916581395,cand_015
2025-10-14 07:11:40,0.0,16009.677916581395,cand_003
2025-10-14 07:11:40,0.0,16009.677916581395,cand_009
2025-10-14 07:11:40,0.0,16009.677916581395,cand_011
2025-10-14 07:11:40,0.0,16009.677916581395,cand_013
2025-10-14 07:11:40,0.0,16009.677916581395,cand_014
2025-10-14 07:11:40,0.0,16009.677916581395,cand_014
2025-10-14 07:11:40,0.0,16009.677916581395,cand_015
2025-10-14 13:00:00,-8.881843189141694,16000.796073392254,cand_003
2025-10-14 13:00:00,-8.863391092299592,15991.932682299954,cand_009
2025-10-14 13:00:00,-9.087401602781787,15982.845280697173,cand_011
2025-10-14 13:00:00,-9.085493717217291,15973.759786979956,cand_013
2025-10-14 13:00:00,-9.172860286768966,15964.586926693186,cand_014
2025-10-14 13:00:00,-8.5314644048518,15956.055462288334,cand_014
2025-10-14 13:00:00,-10.515973347935931,15945.539488940398,cand_015
2025-10-17 08:53:40,0.0,15945.539488940398,cand_003
2025-10-17 08:53:40,0.0,15945.539488940398,cand_007
2025-10-17 08:53:40,0.0,15945.539488940398,cand_009
2025-10-17 08:53:40,0.0,15945.539488940398,cand_011
2025-10-17 08:53:40,0.0,15945.539488940398,cand_013
2025-10-17 08:53:40,0.0,15945.539488940398,cand_014
2025-10-17 08:53:40,0.0,15945.539488940398,cand_014
2025-10-17 08:53:40,0.0,15945.539488940398,cand_015
2025-10-17 13:00:00,2.4861954565954436,15948.025684396993,cand_003
2025-10-17 13:00:00,3.1982713903350612,15951.223955787327,cand_007
2025-10-17 13:00:00,2.4810303666071882,15953.704986153934,cand_009
2025-10-17 13:00:00,2.5437351342472345,15956.248721288182,cand_011
2025-10-17 13:00:00,2.543201081087193,15958.79192236927,cand_013
2025-10-17 13:00:00,2.567656631996181,15961.359579001266,cand_014
2025-10-17 13:00:00,2.388117825293201,15963.74769682656,cand_014
2025-10-17 13:00:00,2.9436193144323703,15966.691316140992,cand_015
2025-10-20 07:00:00,0.5104507579966491,15967.201766898988,cand_003
2025-10-20 07:00:00,0.5093902926608961,15967.711157191648,cand_009
2025-10-20 07:00:00,0.5222644599299877,15968.23342165158,cand_011
2025-10-20 07:00:00,0.5221548113343271,15968.755576462914,cand_013
2025-10-20 07:00:00,0.5271758785499405,15969.282752341463,cand_014
2025-10-20 07:00:00,0.49031404625585057,15969.77306638772,cand_014
2025-10-20 07:00:00,0.604366284364134,15970.377432672083,cand_015
2025-10-21 07:00:00,0.5104507579966491,15970.88788343008,cand_003
2025-10-21 07:00:00,0.6566499231364257,15971.544533353215,cand_007
2025-10-21 07:00:00,0.5093902926608961,15972.053923645875,cand_009
2025-10-21 07:00:00,0.5222644599299877,15972.576188105806,cand_011
2025-10-21 07:00:00,0.5221548113343271,15973.098342917141,cand_013
2025-10-21 07:00:00,0.5271758785499405,15973.62551879569,cand_014
2025-10-21 07:00:00,0.49031404625585057,15974.115832841946,cand_014
2025-10-21 07:00:00,0.604366284364134,15974.72019912631,cand_015
2025-10-21 08:09:40,0.0,15974.72019912631,cand_003
2025-10-21 08:09:40,0.0,15974.72019912631,cand_007
2025-10-21 08:09:40,0.0,15974.72019912631,cand_009
2025-10-21 08:09:40,0.0,15974.72019912631,cand_011
2025-10-21 08:09:40,0.0,15974.72019912631,cand_013
2025-10-21 08:09:40,0.0,15974.72019912631,cand_014
2025-10-21 08:09:40,0.0,15974.72019912631,cand_014
2025-10-21 08:09:40,0.0,15974.72019912631,cand_015
2025-10-21 13:00:00,20.5321310775358,15995.252330203846,cand_003
2025-10-21 13:00:00,26.41277749651105,16021.665107700357,cand_007
2025-10-21 13:00:00,20.489475418912985,16042.15458311927,cand_009
2025-10-21 13:00:00,21.00731986471327,16063.161902983984,cand_011
2025-10-21 13:00:00,21.002909411200754,16084.164812395185,cand_013
2025-10-21 13:00:00,21.20487445602643,16105.369686851212,cand_014
2025-10-21 13:00:00,19.722161460573563,16125.091848311786,cand_014
2025-10-21 13:00:00,24.309745014599695,16149.401593326385,cand_015
2025-10-22 07:00:00,0.5104507579966491,16149.912044084382,cand_003
2025-10-22 07:00:00,0.5093902926608961,16150.421434377042,cand_009
2025-10-22 07:00:00,0.5222644599299877,16150.943698836973,cand_011
2025-10-22 07:00:00,0.5221548113343271,16151.465853648308,cand_013
2025-10-22 07:00:00,0.5271758785499405,16151.993029526857,cand_014
2025-10-22 07:00:00,0.49031404625585057,16152.483343573113,cand_014
2025-10-23 07:00:00,0.5104507579966491,16152.993794331109,cand_003
2025-10-23 07:00:00,0.6566499231364257,16153.650444254245,cand_007
2025-10-23 07:00:00,0.5093902926608961,16154.159834546905,cand_009
2025-10-23 07:00:00,0.5222644599299877,16154.682099006835,cand_011
2025-10-23 07:00:00,0.5221548113343271,16155.20425381817,cand_013
2025-10-23 07:00:00,0.5271758785499405,16155.73142969672,cand_014
2025-10-23 07:00:00,0.49031404625585057,16156.221743742975,cand_014
2025-10-23 07:00:00,0.604366284364134,16156.82611002734,cand_015
2025-10-23 09:56:40,0.0,16156.82611002734,cand_003
2025-10-23 09:56:40,0.0,16156.82611002734,cand_007
2025-10-23 09:56:40,0.0,16156.82611002734,cand_009
2025-10-23 09:56:40,0.0,16156.82611002734,cand_011
2025-10-23 09:56:40,0.0,16156.82611002734,cand_013
2025-10-23 09:56:40,0.0,16156.82611002734,cand_014
2025-10-23 09:56:40,0.0,16156.82611002734,cand_014
2025-10-23 09:56:40,0.0,16156.82611002734,cand_015
2025-10-23 13:00:00,-2.282015153396784,16154.544094873943,cand_003
2025-10-23 13:00:00,-2.935611421080491,16151.608483452863,cand_007
2025-10-23 13:00:00,-2.2772742495428298,16149.33120920332,cand_009
2025-10-23 13:00:00,-2.3348293502752395,16146.996379853044,cand_011
2025-10-23 13:00:00,-2.334339156553462,16144.66204069649,cand_013
2025-10-23 13:00:00,-2.356786280576205,16142.305254415915,cand_014
2025-10-23 13:00:00,-2.1919922067908613,16140.113262209125,cand_014
2025-10-23 13:00:00,-2.7018728006867168,16137.411389408438,cand_015
2025-10-24 07:00:00,0.5104507579966491,16137.921840166435,cand_003
2025-10-24 07:00:00,0.5093902926608961,16138.431230459095,cand_009
2025-10-24 07:00:00,0.5222644599299877,16138.953494919026,cand_011
2025-10-24 07:00:00,0.5221548113343271,16139.47564973036,cand_013
2025-10-24 07:00:00,0.5271758785499405,16140.00282560891,cand_014
2025-10-24 07:00:00,0.49031404625585057,16140.493139655166,cand_014
2025-10-24 08:29:40,0.0,16140.493139655166,cand_003
2025-10-24 08:29:40,0.0,16140.493139655166,cand_009
2025-10-24 08:29:40,0.0,16140.493139655166,cand_011
2025-10-24 08:29:40,0.0,16140.493139655166,cand_013
2025-10-24 08:29:40,0.0,16140.493139655166,cand_014
2025-10-24 08:29:40,0.0,16140.493139655166,cand_014
2025-10-24 13:00:00,-3.3749803058131387,16137.118159349353,cand_003
2025-10-24 13:00:00,-3.3679687585343956,16133.75019059082,cand_009
2025-10-24 13:00:00,-3.4530897233018014,16130.297100867518,cand_011
2025-10-24 13:00:00,-3.4523647525869627,16126.84473611493,cand_013
2025-10-24 13:00:00,-3.4855628675890187,16123.359173247341,cand_014
2025-10-24 13:00:00,-3.2418411058328003,16120.117332141508,cand_014
2025-10-27 07:00:00,0.5104507579966491,16120.627782899504,cand_003
2025-10-27 07:00:00,0.5093902926608961,16121.137173192164,cand_009
2025-10-27 07:00:00,0.5222644599299877,16121.659437652095,cand_011
2025-10-27 07:00:00,0.5221548113343271,16122.18159246343,cand_013
2025-10-27 07:00:00,0.5271758785499405,16122.70876834198,cand_014
2025-10-27 07:00:00,0.49031404625585057,16123.199082388235,cand_014
2025-10-28 07:41:40,0.0,16123.199082388235,cand_003
2025-10-28 07:41:40,0.0,16123.199082388235,cand_007
2025-10-28 07:41:40,0.0,16123.199082388235,cand_009
2025-10-28 07:41:40,0.0,16123.199082388235,cand_011
2025-10-28 07:41:40,0.0,16123.199082388235,cand_013
2025-10-28 07:41:40,0.0,16123.199082388235,cand_014
2025-10-28 07:41:40,0.0,16123.199082388235,cand_014
2025-10-28 07:41:40,0.0,16123.199082388235,cand_015
2025-10-28 13:00:00,3.438035987683313,16126.637118375918,cand_003
2025-10-28 13:00:00,4.422730364654161,16131.059848740573,cand_007
2025-10-28 13:00:00,3.4308934417454475,16134.490742182319,cand_009
2025-10-28 13:00:00,3.5176047448225645,16138.008346927141,cand_011
2025-10-28 13:00:00,3.5168662292812027,16141.525213156423,cand_013
2025-10-28 13:00:00,3.550684593762835,16145.075897750186,cand_014
2025-10-28 13:00:00,3.302409311546758,16148.378307061734,cand_014
2025-10-28 13:00:00,4.070584679981962,16152.448891741717,cand_015
2025-10-30 07:00:00,0.5104507579966491,16152.959342499713,cand_003
2025-10-30 07:00:00,0.6566499231364257,16153.615992422849,cand_007
2025-10-30 07:00:00,0.5093902926608961,16154.125382715509,cand_009
2025-10-30 07:00:00,0.5222644599299877,16154.64764717544,cand_011
2025-10-30 07:00:00,0.5221548113343271,16155.169801986774,cand_013
2025-10-30 07:00:00,0.5271758785499405,16155.696977865324,cand_014
2025-10-30 07:00:00,0.49031404625585057,16156.18729191158,cand_014
2025-10-30 07:00:00,0.604366284364134,16156.791658195943,cand_015
2025-10-30 09:40:40,0.0,16156.791658195943,cand_003
2025-10-30 09:40:40,0.0,16156.791658195943,cand_007
2025-10-30 09:40:40,0.0,16156.791658195943,cand_009
2025-10-30 09:40:40,0.0,16156.791658195943,cand_011
2025-10-30 09:40:40,0.0,16156.791658195943,cand_013
2025-10-30 09:40:40,0.0,16156.791658195943,cand_014
2025-10-30 09:40:40,0.0,16156.791658195943,cand_014
2025-10-30 09:40:40,0.0,16156.791658195943,cand_015
2025-10-30 13:00:00,19.99465645588051,16176.786314651825,cand_003
2025-10-30 13:00:00,25.721363753914464,16202.50767840574,cand_007
2025-10-30 13:00:00,19.95311740487593,16222.460795810615,cand_009
2025-10-30 13:00:00,20.457406109845817,16242.918201920462,cand_011
2025-10-30 13:00:00,20.453111109854614,16263.371313030317,cand_013
2025-10-30 13:00:00,20.649789266259145,16284.021102296576,cand_014
2025-10-30 13:00:00,19.205889611868876,16303.226991908445,cand_014
2025-10-30 13:00:00,23.673382868122168,16326.900374776567,cand_015
2025-10-31 07:00:00,0.5104507579966491,16327.410825534564,cand_003
2025-10-31 07:00:00,0.6566499231364257,16328.0674754577,cand_007
2025-10-31 07:00:00,0.5093902926608961,16328.57686575036,cand_009
2025-10-31 07:00:00,0.5222644599299877,16329.09913021029,cand_011
2025-10-31 07:00:00,0.5221548113343271,16329.621285021625,cand_013
2025-10-31 07:00:00,0.5271758785499405,16330.148460900175,cand_014
2025-10-31 07:00:00,0.49031404625585057,16330.63877494643,cand_014
2025-10-31 07:00:00,0.604366284364134,16331.243141230794,cand_015
2025-11-03 07:00:00,0.5104507579966491,16331.75359198879,cand_003
2025-11-03 07:00:00,0.5093902926608961,16332.26298228145,cand_009
2025-11-03 07:00:00,0.5222644599299877,16332.785246741381,cand_011
2025-11-03 07:00:00,0.5221548113343271,16333.307401552716,cand_013
2025-11-03 07:00:00,0.5271758785499405,16333.834577431266,cand_014
2025-11-03 07:00:00,0.49031404625585057,16334.324891477521,cand_014
2025-11-03 07:00:00,0.604366284364134,16334.929257761885,cand_015
2025-11-04 07:00:00,0.5104507579966491,16335.439708519882,cand_003
2025-11-04 07:00:00,0.6566499231364257,16336.096358443017,cand_007
2025-11-04 07:00:00,0.5093902926608961,16336.605748735677,cand_009
2025-11-04 07:00:00,0.5222644599299877,16337.128013195608,cand_011
2025-11-04 07:00:00,0.5221548113343271,16337.650168006943,cand_013
2025-11-04 07:00:00,0.5271758785499405,16338.177343885493,cand_014
2025-11-04 07:00:00,0.49031404625585057,16338.667657931748,cand_014
2025-11-04 07:00:00,0.604366284364134,16339.272024216112,cand_015
2025-11-06 07:00:00,0.5104507579966491,16339.782474974108,cand_003
2025-11-06 07:00:00,0.5093902926608961,16340.291865266769,cand_009
2025-11-06 07:00:00,0.5222644599299877,16340.8141297267,cand_011
2025-11-06 07:00:00,0.5221548113343271,16341.336284538034,cand_013
2025-11-06 07:00:00,0.5271758785499405,16341.863460416584,cand_014
2025-11-06 07:00:00,0.49031404625585057,16342.35377446284,cand_014
2025-11-10 07:00:00,0.5104507579966491,16342.864225220836,cand_003
2025-11-10 07:00:00,0.5093902926608961,16343.373615513496,cand_009
2025-11-10 07:00:00,0.5222644599299877,16343.895879973426,cand_011
2025-11-10 07:00:00,0.5221548113343271,16344.418034784761,cand_013
2025-11-10 07:00:00,0.5271758785499405,16344.94521066331,cand_014
2025-11-10 07:00:00,0.49031404625585057,16345.435524709566,cand_014
2025-11-10 07:00:00,0.604366284364134,16346.03989099393,cand_015
2025-11-10 09:19:40,0.0,16346.03989099393,cand_003
2025-11-10 09:19:40,0.0,16346.03989099393,cand_009
2025-11-10 09:19:40,0.0,16346.03989099393,cand_011
2025-11-10 09:19:40,0.0,16346.03989099393,cand_013
2025-11-10 09:19:40,0.0,16346.03989099393,cand_014
2025-11-10 09:19:40,0.0,16346.03989099393,cand_014
2025-11-10 09:19:40,0.0,16346.03989099393,cand_015
2025-11-10 13:00:00,0.27324128810408865,16346.313132282034,cand_003
2025-11-10 13:00:00,0.27267362724789146,16346.58580590928,cand_009
2025-11-10 13:00:00,0.27956509325664053,16346.865371002537,cand_011
2025-11-10 13:00:00,0.2795063990083751,16347.144877401546,cand_013
2025-11-10 13:00:00,0.2821941467532035,16347.4270715483,cand_014
2025-11-10 13:00:00,0.2624622247604847,16347.68953377306,cand_014
2025-11-10 13:00:00,0.32351371692433056,16348.013047489985,cand_015
2025-11-11 07:00:00,0.5104507579966491,16348.523498247981,cand_003
2025-11-11 07:00:00,0.5093902926608961,16349.032888540642,cand_009
2025-11-11 07:00:00,0.5222644599299877,16349.555153000572,cand_011
2025-11-11 07:00:00,0.5221548113343271,16350.077307811907,cand_013
2025-11-11 07:00:00,0.5271758785499405,16350.604483690457,cand_014
2025-11-12 07:00:00,0.5104507579966491,16351.114934448453,cand_003
2025-11-12 07:00:00,0.6566499231364257,16351.771584371589,cand_007
2025-11-12 07:00:00,0.5093902926608961,16352.280974664249,cand_009
2025-11-12 07:00:00,0.5222644599299877,16352.80323912418,cand_011
2025-11-12 07:00:00,0.5221548113343271,16353.325393935515,cand_013
2025-11-12 07:00:00,0.5271758785499405,16353.852569814064,cand_014
2025-11-12 07:00:00,0.49031404625585057,16354.34288386032,cand_014
2025-11-12 07:00:00,0.604366284364134,16354.947250144683,cand_015
2025-11-13 07:00:00,0.5104507579966491,16355.45770090268,cand_003
2025-11-13 07:00:00,0.5093902926608961,16355.96709119534,cand_009
2025-11-13 07:00:00,0.5222644599299877,16356.48935565527,cand_011
2025-11-13 07:00:00,0.5221548113343271,16357.011510466606,cand_013
2025-11-13 07:00:00,0.5271758785499405,16357.538686345155,cand_014
2025-11-17 07:00:00,0.5104507579966491,16358.049137103151,cand_003
2025-11-17 07:00:00,0.5093902926608961,16358.558527395811,cand_009
2025-11-17 07:00:00,0.5222644599299877,16359.080791855742,cand_011
2025-11-17 07:00:00,0.5221548113343271,16359.602946667077,cand_013
2025-11-17 07:00:00,0.5271758785499405,16360.130122545626,cand_014
2025-11-17 07:00:00,0.49031404625585057,16360.620436591882,cand_014
2025-11-18 07:00:00,0.5104507579966491,16361.130887349878,cand_003
2025-11-18 07:00:00,0.5093902926608961,16361.640277642538,cand_009
2025-11-18 07:00:00,0.5222644599299877,16362.16254210247,cand_011
2025-11-18 07:00:00,0.5221548113343271,16362.684696913804,cand_013
2025-11-18 07:00:00,0.5271758785499405,16363.211872792353,cand_014
2025-11-19 07:00:00,0.5104507579966491,16363.72232355035,cand_003
2025-11-19 07:00:00,0.5093902926608961,16364.23171384301,cand_009
2025-11-19 07:00:00,0.5222644599299877,16364.75397830294,cand_011
2025-11-19 07:00:00,0.5221548113343271,16365.276133114276,cand_013
2025-11-19 07:00:00,0.5271758785499405,16365.803308992825,cand_014
2025-11-19 07:00:00,0.49031404625585057,16366.29362303908,cand_014
2025-11-20 07:00:00,0.5104507579966491,16366.804073797077,cand_003
2025-11-20 07:00:00,0.5093902926608961,16367.313464089737,cand_009
2025-11-20 07:00:00,0.5222644599299877,16367.835728549668,cand_011
2025-11-20 07:00:00,0.5221548113343271,16368.357883361003,cand_013
2025-11-20 07:00:00,0.5271758785499405,16368.885059239552,cand_014
2025-11-20 08:00:40,0.0,16368.885059239552,cand_003
2025-11-20 08:00:40,0.0,16368.885059239552,cand_009
2025-11-20 08:00:40,0.0,16368.885059239552,cand_011
2025-11-20 08:00:40,0.0,16368.885059239552,cand_013
2025-11-20 08:00:40,0.0,16368.885059239552,cand_014
2025-11-20 13:00:00,-8.548548870685059,16360.336510368867,cand_003
2025-11-20 13:00:00,-8.53078919532689,16351.80572117354,cand_009
2025-11-20 13:00:00,-8.746393631886324,16343.059327541654,cand_011
2025-11-20 13:00:00,-8.744557340404878,16334.314770201248,cand_013
2025-11-20 13:00:00,-8.828645448421652,16325.486124752826,cand_014
2025-11-21 07:00:00,0.5104507579966491,16325.996575510822,cand_003
2025-11-21 07:00:00,0.6566499231364257,16326.653225433958,cand_007
2025-11-21 07:00:00,0.5093902926608961,16327.162615726618,cand_009
2025-11-21 07:00:00,0.5222644599299877,16327.684880186549,cand_011
2025-11-21 07:00:00,0.5221548113343271,16328.207034997884,cand_013
2025-11-21 07:00:00,0.5271758785499405,16328.734210876433,cand_014
2025-11-21 07:00:00,0.49031404625585057,16329.224524922689,cand_014
2025-11-21 07:00:00,0.604366284364134,16329.828891207053,cand_015
2025-11-25 07:00:00,0.5104507579966491,16330.33934196505,cand_003
2025-11-25 07:00:00,0.6566499231364257,16330.995991888185,cand_007
2025-11-25 07:00:00,0.5093902926608961,16331.505382180845,cand_009
2025-11-25 07:00:00,0.5222644599299877,16332.027646640776,cand_011
2025-11-25 07:00:00,0.5221548113343271,16332.54980145211,cand_013
2025-11-25 07:00:00,0.5271758785499405,16333.07697733066,cand_014
2025-11-25 07:00:00,0.49031404625585057,16333.567291376916,cand_014
2025-11-25 07:00:00,0.604366284364134,16334.17165766128,cand_015
2025-12-05 07:30:40,0.0,16334.17165766128,cand_003
2025-12-05 07:30:40,0.0,16334.17165766128,cand_009
2025-12-05 07:30:40,0.0,16334.17165766128,cand_011
2025-12-05 07:30:40,0.0,16334.17165766128,cand_013
2025-12-05 07:30:40,0.0,16334.17165766128,cand_014
2025-12-05 07:30:40,0.0,16334.17165766128,cand_014
2025-12-05 13:00:00,-19.466189788778095,16314.705467872502,cand_003
2025-12-05 13:00:00,-19.425748631297587,16295.279719241204,cand_009
2025-12-05 13:00:00,-19.91670878662418,16275.36301045458,cand_011
2025-12-05 13:00:00,-19.912527305179072,16255.4504831494,cand_013
2025-12-05 13:00:00,-20.10400718023097,16235.346475969169,cand_014
2025-12-05 13:00:00,-18.698270363980466,16216.648205605188,cand_014
2025-12-09 07:00:00,0.5104507579966491,16217.158656363184,cand_003
2025-12-09 07:00:00,0.5093902926608961,16217.668046655845,cand_009
2025-12-09 07:00:00,0.5222644599299877,16218.190311115775,cand_011
2025-12-09 07:00:00,0.5221548113343271,16218.71246592711,cand_013
2025-12-09 07:00:00,0.5271758785499405,16219.23964180566,cand_014
2025-12-09 07:00:00,0.49031404625585057,16219.729955851915,cand_014
2025-12-09 09:16:40,0.0,16219.729955851915,cand_003
2025-12-09 09:16:40,0.0,16219.729955851915,cand_009
2025-12-09 09:16:40,0.0,16219.729955851915,cand_011
2025-12-09 09:16:40,0.0,16219.729955851915,cand_013
2025-12-09 09:16:40,0.0,16219.729955851915,cand_014
2025-12-09 09:16:40,0.0,16219.729955851915,cand_014
2025-12-09 13:00:00,-3.5401261392826426,16216.189829712632,cand_003
2025-12-09 13:00:00,-3.5327715002776268,16212.657058212355,cand_009
2025-12-09 13:00:00,-3.622057636808562,16209.035000575546,cand_011
2025-12-09 13:00:00,-3.6212971915480683,16205.413703383998,cand_013
2025-12-09 13:00:00,-3.6561197694728227,16201.757583614524,cand_014
2025-12-09 13:00:00,-3.4004721207979283,16198.357111493726,cand_014
2025-12-10 07:00:00,0.5104507579966491,16198.867562251722,cand_003
2025-12-10 07:00:00,0.5093902926608961,16199.376952544382,cand_009
2025-12-10 07:00:00,0.5222644599299877,16199.899217004313,cand_011
2025-12-10 07:00:00,0.5221548113343271,16200.421371815648,cand_013
2025-12-10 07:00:00,0.5271758785499405,16200.948547694197,cand_014
2025-12-10 07:00:00,0.49031404625585057,16201.438861740453,cand_014
2025-12-15 07:58:40,0.0,16201.438861740453,cand_003
2025-12-15 07:58:40,0.0,16201.438861740453,cand_007
2025-12-15 07:58:40,0.0,16201.438861740453,cand_009
2025-12-15 07:58:40,0.0,16201.438861740453,cand_011
2025-12-15 07:58:40,0.0,16201.438861740453,cand_013
2025-12-15 07:58:40,0.0,16201.438861740453,cand_014
2025-12-15 07:58:40,0.0,16201.438861740453,cand_014
2025-12-15 07:58:40,0.0,16201.438861740453,cand_015
2025-12-15 13:00:00,-2.285017804914412,16199.153843935539,cand_003
2025-12-15 13:00:00,-2.9394740676871765,16196.214369867852,cand_007
2025-12-15 13:00:00,-2.2802706630290706,16193.934099204824,cand_009
2025-12-15 13:00:00,-2.3379014941571805,16191.596197710667,cand_011
2025-12-15 13:00:00,-2.3374106554436644,16189.258787055223,cand_013
2025-12-15 13:00:00,-2.3598873151559103,16186.898899740067,cand_014
2025-12-15 13:00:00,-2.1948764070629547,16184.704023333004,cand_014
2025-12-15 13:00:00,-2.705427896477094,16181.998595436527,cand_015
2025-12-17 07:00:00,0.5104507579966491,16182.509046194524,cand_003
2025-12-17 07:00:00,0.6566499231364257,16183.16569611766,cand_007
2025-12-17 07:00:00,0.5093902926608961,16183.67508641032,cand_009
2025-12-17 07:00:00,0.5222644599299877,16184.19735087025,cand_011
2025-12-17 07:00:00,0.5221548113343271,16184.719505681585,cand_013
2025-12-17 07:00:00,0.5271758785499405,16185.246681560135,cand_014
2025-12-17 07:00:00,0.49031404625585057,16185.73699560639,cand_014
2025-12-17 07:00:00,0.604366284364134,16186.341361890754,cand_015
2025-12-17 08:12:40,0.0,16186.341361890754,cand_003
2025-12-17 08:12:40,0.0,16186.341361890754,cand_007
2025-12-17 08:12:40,0.0,16186.341361890754,cand_009
2025-12-17 08:12:40,0.0,16186.341361890754,cand_011
2025-12-17 08:12:40,0.0,16186.341361890754,cand_013
2025-12-17 08:12:40,0.0,16186.341361890754,cand_014
2025-12-17 08:12:40,0.0,16186.341361890754,cand_014
2025-12-17 08:12:40,0.0,16186.341361890754,cand_015
2025-12-17 13:00:00,7.029207202765621,16193.37056909352,cand_003
2025-12-17 13:00:00,9.04245570624925,16202.41302479977,cand_007
2025-12-17 13:00:00,7.014603971289164,16209.427628771058,cand_009
2025-12-17 13:00:00,7.191888827624126,16216.619517598683,cand_011
2025-12-17 13:00:00,7.1903789019627045,16223.809896500647,cand_013
2025-12-17 13:00:00,7.259521951090652,16231.069418451738,cand_014
2025-12-17 13:00:00,6.751912836970272,16237.821331288707,cand_014
2025-12-17 13:00:00,8.322479245273163,16246.14381053398,cand_015
2025-12-18 07:00:00,0.5104507579966491,16246.654261291977,cand_003
2025-12-18 07:00:00,0.5093902926608961,16247.163651584637,cand_009
2025-12-18 07:00:00,0.5222644599299877,16247.685916044567,cand_011
2025-12-18 07:00:00,0.5221548113343271,16248.208070855902,cand_013
2025-12-18 07:00:00,0.5271758785499405,16248.735246734452,cand_014
2025-12-18 09:00:00,0.0,16248.735246734452,cand_003
2025-12-18 09:00:00,0.0,16248.735246734452,cand_009
2025-12-18 09:00:00,0.0,16248.735246734452,cand_011
2025-12-18 09:00:00,0.0,16248.735246734452,cand_013
2025-12-18 09:00:00,0.0,16248.735246734452,cand_014
2025-12-18 13:00:00,-3.083723108603286,16245.65152362585,cand_003
2025-12-18 13:00:00,-3.0773166503690605,16242.57420697548,cand_009
2025-12-18 13:00:00,-3.155091766753514,16239.419115208726,cand_011
2025-12-18 13:00:00,-3.154429360237376,16236.264685848488,cand_013
2025-12-18 13:00:00,-3.184762513357582,16233.07992333513,cand_014
2025-12-19 07:00:00,0.5104507579966491,16233.590374093126,cand_003
2025-12-19 07:00:00,0.6566499231364257,16234.247024016262,cand_007
2025-12-19 07:00:00,0.5093902926608961,16234.756414308922,cand_009
2025-12-19 07:00:00,0.5222644599299877,16235.278678768853,cand_011
2025-12-19 07:00:00,0.5221548113343271,16235.800833580188,cand_013
2025-12-19 07:00:00,0.5271758785499405,16236.328009458737,cand_014
2025-12-19 07:00:00,0.49031404625585057,16236.818323504993,cand_014
2025-12-19 07:00:00,0.604366284364134,16237.422689789357,cand_015
2025-12-19 08:40:40,0.0,16237.422689789357,cand_003
2025-12-19 08:40:40,0.0,16237.422689789357,cand_007
2025-12-19 08:40:40,0.0,16237.422689789357,cand_009
2025-12-19 08:40:40,0.0,16237.422689789357,cand_011
2025-12-19 08:40:40,0.0,16237.422689789357,cand_013
2025-12-19 08:40:40,0.0,16237.422689789357,cand_014
2025-12-19 08:40:40,0.0,16237.422689789357,cand_014
2025-12-19 08:40:40,0.0,16237.422689789357,cand_015
2025-12-19 13:00:00,39.20261821414265,16276.6253080035,cand_003
2025-12-19 13:00:00,50.430714096877495,16327.056022100378,cand_007
2025-12-19 13:00:00,39.12117447635683,16366.177196576735,cand_009
2025-12-19 13:00:00,40.10991052262306,16406.287107099357,cand_011
2025-12-19 13:00:00,40.10148951047632,16446.38859660983,cand_013
2025-12-19 13:00:00,40.48710747263544,16486.87570408247,cand_014
2025-12-19 13:00:00,37.65611875244932,16524.53182283492,cand_014
2025-12-19 13:00:00,46.4153306391655,16570.947153474084,cand_015
2025-12-22 07:00:00,0.5104507579966491,16571.45760423208,cand_003
2025-12-22 07:00:00,0.5093902926608961,16571.96699452474,cand_009
2025-12-22 07:00:00,0.5222644599299877,16572.48925898467,cand_011
2025-12-22 07:00:00,0.5221548113343271,16573.011413796004,cand_013
2025-12-22 07:00:00,0.5271758785499405,16573.538589674557,cand_014
2025-12-22 07:00:00,0.49031404625585057,16574.028903720813,cand_014
2025-12-26 07:00:00,0.5104507579966491,16574.53935447881,cand_003
2025-12-26 07:00:00,0.5093902926608961,16575.04874477147,cand_009
2025-12-26 07:00:00,0.5222644599299877,16575.571009231397,cand_011
2025-12-26 07:00:00,0.5221548113343271,16576.093164042733,cand_013
2025-12-26 07:00:00,0.5271758785499405,16576.620339921283,cand_014
2025-12-29 07:00:00,0.5104507579966491,16577.13079067928,cand_003
2025-12-29 07:00:00,0.5093902926608961,16577.64018097194,cand_009
2025-12-29 07:00:00,0.5222644599299877,16578.16244543187,cand_011
2025-12-29 07:00:00,0.5221548113343271,16578.684600243207,cand_013
2025-12-29 07:00:00,0.5271758785499405,16579.211776121752,cand_014
2025-12-31 07:00:00,0.5104507579966491,16579.72222687975,cand_003
2025-12-31 07:00:00,0.6566499231364257,16580.378876802886,cand_007
2025-12-31 07:00:00,0.5093902926608961,16580.888267095546,cand_009
2025-12-31 07:00:00,0.5222644599299877,16581.410531555477,cand_011
2025-12-31 07:00:00,0.5221548113343271,16581.93268636681,cand_013
2025-12-31 07:00:00,0.5271758785499405,16582.459862245363,cand_014
2025-12-31 07:00:00,0.49031404625585057,16582.95017629162,cand_014
2025-12-31 07:00:00,0.604366284364134,16583.55454257598,cand_015
2026-01-02 07:00:00,0.5104507579966491,16584.064993333977,cand_003
2026-01-02 07:00:00,0.6566499231364257,16584.721643257115,cand_007
2026-01-02 07:00:00,0.5093902926608961,16585.231033549775,cand_009
2026-01-02 07:00:00,0.5222644599299877,16585.753298009702,cand_011
2026-01-02 07:00:00,0.5221548113343271,16586.27545282104,cand_013
2026-01-02 07:00:00,0.5271758785499405,16586.80262869959,cand_014
2026-01-02 07:00:00,0.49031404625585057,16587.292942745844,cand_014
2026-01-02 07:00:00,0.604366284364134,16587.89730903021,cand_015
2026-01-02 08:34:40,0.0,16587.89730903021,cand_003
2026-01-02 08:34:40,0.0,16587.89730903021,cand_007
2026-01-02 08:34:40,0.0,16587.89730903021,cand_009
2026-01-02 08:34:40,0.0,16587.89730903021,cand_011
2026-01-02 08:34:40,0.0,16587.89730903021,cand_013
2026-01-02 08:34:40,0.0,16587.89730903021,cand_014
2026-01-02 08:34:40,0.0,16587.89730903021,cand_014
2026-01-02 08:34:40,0.0,16587.89730903021,cand_015
2026-01-02 13:00:00,-6.470714020486935,16581.42659500972,cand_003
2026-01-02 13:00:00,-8.324003437405867,16573.102591572315,cand_007
2026-01-02 13:00:00,-6.457271062848419,16566.645320509466,cand_009
2026-01-02 13:00:00,-6.62047006558308,16560.024850443882,cand_011
2026-01-02 13:00:00,-6.6190801083851465,16553.4057703355,cand_013
2026-01-02 13:00:00,-6.682729519265424,16546.723040816232,cand_014
2026-01-02 13:00:00,-6.215451586360929,16540.50758922987,cand_014
2026-01-02 13:00:00,-7.661231428262993,16532.84635780161,cand_015
2026-01-05 07:00:00,0.5104507579966491,16533.356808559605,cand_003
2026-01-05 07:00:00,0.6566499231364257,16534.01345848274,cand_007
2026-01-05 07:00:00,0.5093902926608961,16534.5228487754,cand_009
2026-01-05 07:00:00,0.5222644599299877,16535.045113235334,cand_011
2026-01-05 07:00:00,0.5221548113343271,16535.567268046667,cand_013
2026-01-05 07:00:00,0.5271758785499405,16536.094443925216,cand_014
2026-01-05 07:00:00,0.49031404625585057,16536.584757971472,cand_014
2026-01-05 07:00:00,0.604366284364134,16537.189124255834,cand_015
2026-01-07 07:56:40,0.0,16537.189124255834,cand_003
2026-01-07 07:56:40,0.0,16537.189124255834,cand_007
2026-01-07 07:56:40,0.0,16537.189124255834,cand_009
2026-01-07 07:56:40,0.0,16537.189124255834,cand_011
2026-01-07 07:56:40,0.0,16537.189124255834,cand_013
2026-01-07 07:56:40,0.0,16537.189124255834,cand_014
2026-01-07 07:56:40,0.0,16537.189124255834,cand_014
2026-01-07 07:56:40,0.0,16537.189124255834,cand_015
2026-01-07 13:00:00,-6.942130308754428,16530.246993947083,cand_003
2026-01-07 13:00:00,-8.93043895465539,16521.316554992423,cand_007
2026-01-07 13:00:00,-6.927707980188188,16514.388847012237,cand_009
2026-01-07 13:00:00,-7.102796655047834,16507.286050357186,cand_011
2026-01-07 13:00:00,-7.101305434146849,16500.18474492304,cand_013
2026-01-07 13:00:00,-7.169591948279192,16493.01515297476,cand_014
2026-01-07 13:00:00,-6.668271029079568,16486.346881945683,cand_014
2026-01-07 13:00:00,-8.219381467352223,16478.12750047833,cand_015
2026-01-08 07:00:00,0.5104507579966491,16478.637951236327,cand_003
2026-01-08 07:00:00,0.6566499231364257,16479.29460115946,cand_007
2026-01-08 07:00:00,0.5093902926608961,16479.80399145212,cand_009
2026-01-08 07:00:00,0.5222644599299877,16480.326255912056,cand_011
2026-01-08 07:00:00,0.5221548113343271,16480.84841072339,cand_013
2026-01-08 07:00:00,0.5271758785499405,16481.37558660194,cand_014
2026-01-08 07:00:00,0.49031404625585057,16481.865900648194,cand_014
2026-01-08 07:00:00,0.604366284364134,16482.470266932556,cand_015
2026-01-09 07:00:00,0.5104507579966491,16482.980717690552,cand_003
2026-01-09 07:00:00,0.6566499231364257,16483.63736761369,cand_007
2026-01-09 07:00:00,0.5093902926608961,16484.14675790635,cand_009
2026-01-09 07:00:00,0.5222644599299877,16484.66902236628,cand_011
2026-01-09 07:00:00,0.5221548113343271,16485.191177177614,cand_013
2026-01-09 07:00:00,0.5271758785499405,16485.718353056167,cand_014
2026-01-09 07:00:00,0.49031404625585057,16486.208667102423,cand_014
2026-01-09 07:00:00,0.604366284364134,16486.813033386785,cand_015
2026-01-09 08:05:20,0.0,16486.813033386785,cand_003
2026-01-09 08:05:20,0.0,16486.813033386785,cand_007
2026-01-09 08:05:20,0.0,16486.813033386785,cand_009
2026-01-09 08:05:20,0.0,16486.813033386785,cand_011
2026-01-09 08:05:20,0.0,16486.813033386785,cand_013
2026-01-09 08:05:20,0.0,16486.813033386785,cand_014
2026-01-09 08:05:20,0.0,16486.813033386785,cand_014
2026-01-09 08:05:20,0.0,16486.813033386785,cand_015
2026-01-09 13:00:00,8.608601901037606,16495.42163528782,cand_003
2026-01-09 13:00:00,11.074207821365485,16506.495843109187,cand_007
2026-01-09 13:00:00,8.590717465051702,16515.08656057424,cand_009
2026-01-09 13:00:00,8.807836509525147,16523.894397083764,cand_011
2026-01-09 13:00:00,8.805987318208917,16532.70038440197,cand_013
2026-01-09 13:00:00,8.890666140015764,16541.59105054199,cand_014
2026-01-09 13:00:00,8.269002180091315,16549.86005272208,cand_014
2026-01-09 13:00:00,10.192459631011602,16560.05251235309,cand_015
2026-01-12 07:00:00,0.5104507579966491,16560.562963111086,cand_003
2026-01-12 07:00:00,0.6566499231364257,16561.219613034224,cand_007
2026-01-12 07:00:00,0.5093902926608961,16561.729003326884,cand_009
2026-01-12 07:00:00,0.5222644599299877,16562.251267786814,cand_011
2026-01-12 07:00:00,0.5221548113343271,16562.773422598148,cand_013
2026-01-12 07:00:00,0.5271758785499405,16563.3005984767,cand_014
2026-01-12 07:00:00,0.49031404625585057,16563.790912522956,cand_014
2026-01-12 07:00:00,0.604366284364134,16564.39527880732,cand_015
2026-01-13 07:00:00,0.5104507579966491,16564.905729565315,cand_003
2026-01-13 07:00:00,0.6566499231364257,16565.562379488452,cand_007
2026-01-13 07:00:00,0.5093902926608961,16566.071769781112,cand_009
2026-01-13 07:00:00,0.5222644599299877,16566.59403424104,cand_011
2026-01-13 07:00:00,0.5221548113343271,16567.116189052376,cand_013
2026-01-13 07:00:00,0.5271758785499405,16567.643364930926,cand_014
2026-01-13 07:00:00,0.49031404625585057,16568.13367897718,cand_014
2026-01-13 07:00:00,0.604366284364134,16568.738045261547,cand_015
2026-01-14 07:00:00,0.5104507579966491,16569.248496019543,cand_003
2026-01-14 07:00:00,0.5093902926608961,16569.757886312203,cand_009
2026-01-14 07:00:00,0.5222644599299877,16570.28015077213,cand_011
2026-01-14 07:00:00,0.5221548113343271,16570.802305583467,cand_013
2026-01-14 07:00:00,0.5271758785499405,16571.329481462017,cand_014
2026-01-14 07:00:00,0.49031404625585057,16571.819795508272,cand_014
2026-01-15 07:00:00,0.5104507579966491,16572.33024626627,cand_003
2026-01-15 07:00:00,0.5093902926608961,16572.83963655893,cand_009
2026-01-15 07:00:00,0.5222644599299877,16573.36190101886,cand_011
2026-01-15 07:00:00,0.5221548113343271,16573.884055830196,cand_013
2026-01-15 07:00:00,0.5271758785499405,16574.411231708742,cand_014
2026-01-15 07:00:00,0.49031404625585057,16574.901545754998,cand_014
2026-01-22 07:00:00,0.5104507579966491,16575.411996512994,cand_003
2026-01-22 07:00:00,0.6566499231364257,16576.06864643613,cand_007
2026-01-22 07:00:00,0.5093902926608961,16576.57803672879,cand_009
2026-01-22 07:00:00,0.5222644599299877,16577.100301188722,cand_011
2026-01-22 07:00:00,0.5221548113343271,16577.622456000056,cand_013
2026-01-22 07:00:00,0.5271758785499405,16578.14963187861,cand_014
2026-01-22 07:00:00,0.49031404625585057,16578.639945924864,cand_014
2026-01-22 07:00:00,0.604366284364134,16579.244312209226,cand_015
2026-01-22 08:12:20,0.0,16579.244312209226,cand_003
2026-01-22 08:12:20,0.0,16579.244312209226,cand_007
2026-01-22 08:12:20,0.0,16579.244312209226,cand_009
2026-01-22 08:12:20,0.0,16579.244312209226,cand_011
2026-01-22 08:12:20,0.0,16579.244312209226,cand_013
2026-01-22 08:12:20,0.0,16579.244312209226,cand_014
2026-01-22 08:12:20,0.0,16579.244312209226,cand_014
2026-01-22 08:12:20,0.0,16579.244312209226,cand_015
2026-01-22 13:00:00,-7.49461818799786,16571.74969402123,cand_003
2026-01-22 13:00:00,-9.641165930285403,16562.108528090943,cand_007
2026-01-22 13:00:00,-7.479048061656452,16554.62948002929,cand_009
2026-01-22 13:00:00,-7.668071129324997,16546.961408899962,cand_011
2026-01-22 13:00:00,-7.6664612299440025,16539.294947670016,cand_013
2026-01-22 13:00:00,-7.74018231094501,16531.554765359073,cand_014
2026-01-22 13:00:00,-7.198963879144724,16524.355801479927,cand_014
2026-01-22 13:00:00,-8.873519092781638,16515.482282387144,cand_015
2026-01-23 07:00:00,0.5104507579966491,16515.99273314514,cand_003
2026-01-23 07:00:00,0.5093902926608961,16516.5021234378,cand_009
2026-01-23 07:00:00,0.5222644599299877,16517.024387897734,cand_011
2026-01-23 07:00:00,0.5221548113343271,16517.546542709068,cand_013
2026-01-23 07:00:00,0.5271758785499405,16518.073718587617,cand_014
2026-01-23 08:47:40,0.0,16518.073718587617,cand_003
2026-01-23 08:47:40,0.0,16518.073718587617,cand_009
2026-01-23 08:47:40,0.0,16518.073718587617,cand_011
2026-01-23 08:47:40,0.0,16518.073718587617,cand_013
2026-01-23 08:47:40,0.0,16518.073718587617,cand_014
2026-01-23 09:43:40,47.50344833462346,16565.577166922238,cand_003
2026-01-23 09:43:40,-25.27932312690464,16540.297843795335,cand_003
2026-01-23 09:43:40,47.40475955906887,16587.702603354403,cand_009
2026-01-23 09:43:40,-25.22680514065932,16562.475798213745,cand_009
2026-01-23 09:43:40,48.602852284249245,16611.078650497995,cand_011
2026-01-23 09:43:40,-25.864379342062158,16585.214271155935,cand_011
2026-01-23 09:43:40,48.59264819243955,16633.806919348375,cand_013
2026-01-23 09:43:40,-25.85894915661,16607.947970191763,cand_013
2026-01-23 09:43:40,-26.10761012654088,16581.840360065224,cand_014
2026-01-23 09:43:40,49.059917568231384,16630.900277633453,cand_014
2026-01-30 07:00:00,0.5104507579966491,16631.41072839145,cand_003
2026-01-30 07:00:00,0.5093902926608961,16631.92011868411,cand_009
2026-01-30 07:00:00,0.5222644599299877,16632.44238314404,cand_011
2026-01-30 07:00:00,0.5221548113343271,16632.964537955377,cand_013
2026-01-30 07:00:00,0.5271758785499405,16633.491713833922,cand_014
2026-01-30 07:00:00,0.604366284364134,16634.09608011829,cand_015
2026-01-30 07:41:20,0.0,16634.09608011829,cand_003
2026-01-30 07:41:20,0.0,16634.09608011829,cand_009
2026-01-30 07:41:20,0.0,16634.09608011829,cand_011
2026-01-30 07:41:20,0.0,16634.09608011829,cand_013
2026-01-30 07:41:20,0.0,16634.09608011829,cand_014
2026-01-30 07:41:20,0.0,16634.09608011829,cand_015
2026-01-30 13:00:00,2.2579939412557652,16636.35407405954,cand_003
2026-01-30 13:00:00,2.253302941652905,16638.607377001197,cand_009
2026-01-30 13:00:00,2.3102521992197107,16640.91762920042,cand_011
2026-01-30 13:00:00,2.309767165431847,16643.22739636585,cand_013
2026-01-30 13:00:00,2.3319780039385605,16645.55937436979,cand_014
2026-01-30 13:00:00,2.6734320343636986,16648.23280640415,cand_015
2026-02-02 07:00:00,0.5104507579966491,16648.743257162147,cand_003
2026-02-02 07:00:00,0.5093902926608961,16649.252647454807,cand_009
2026-02-02 07:00:00,0.5222644599299877,16649.77491191474,cand_011
2026-02-02 07:00:00,0.5221548113343271,16650.297066726074,cand_013
2026-02-02 07:00:00,0.5271758785499405,16650.824242604624,cand_014
2026-02-02 07:00:00,0.49031404625585057,16651.31455665088,cand_014
2026-02-03 07:00:00,0.5104507579966491,16651.825007408876,cand_003
2026-02-03 07:00:00,0.6566499231364257,16652.481657332013,cand_007
2026-02-03 07:00:00,0.5093902926608961,16652.991047624673,cand_009
2026-02-03 07:00:00,0.5222644599299877,16653.5133120846,cand_011
2026-02-03 07:00:00,0.5221548113343271,16654.035466895937,cand_013
2026-02-03 07:00:00,0.5271758785499405,16654.562642774486,cand_014
2026-02-03 07:00:00,0.49031404625585057,16655.052956820742,cand_014
2026-02-03 07:00:00,0.604366284364134,16655.657323105108,cand_015
2026-02-04 07:00:00,0.5104507579966491,16656.167773863104,cand_003
2026-02-04 07:00:00,0.6566499231364257,16656.82442378624,cand_007
2026-02-04 07:00:00,0.5093902926608961,16657.3338140789,cand_009
2026-02-04 07:00:00,0.5222644599299877,16657.85607853883,cand_011
2026-02-04 07:00:00,0.5221548113343271,16658.378233350166,cand_013
2026-02-04 07:00:00,0.5271758785499405,16658.90540922871,cand_014
2026-02-04 07:00:00,0.49031404625585057,16659.395723274967,cand_014
2026-02-04 07:00:00,0.604366284364134,16660.000089559333,cand_015
2026-02-05 07:00:00,0.5104507579966491,16660.51054031733,cand_003
2026-02-05 07:00:00,0.5093902926608961,16661.01993060999,cand_009
2026-02-05 07:00:00,0.5222644599299877,16661.54219506992,cand_011
2026-02-05 07:00:00,0.5221548113343271,16662.064349881257,cand_013
2026-02-05 07:00:00,0.5271758785499405,16662.591525759803,cand_014
2026-02-05 09:17:40,0.0,16662.591525759803,cand_003
2026-02-05 09:17:40,0.0,16662.591525759803,cand_009
2026-02-05 09:17:40,0.0,16662.591525759803,cand_011
2026-02-05 09:17:40,0.0,16662.591525759803,cand_013
2026-02-05 09:17:40,0.0,16662.591525759803,cand_014
2026-02-05 13:00:00,4.849282200968166,16667.440807960775,cand_003
2026-02-05 13:00:00,4.839207780278513,16672.280015741053,cand_009
2026-02-05 13:00:00,4.9615123693348835,16677.241528110386,cand_011
2026-02-05 13:00:00,4.960470707676107,16682.201998818062,cand_013
2026-02-05 13:00:00,5.008170846224435,16687.210169664286,cand_014
2026-02-06 07:00:00,0.5104507579966491,16687.720620422282,cand_003
2026-02-06 07:00:00,0.6566499231364257,16688.377270345416,cand_007
2026-02-06 07:00:00,0.5093902926608961,16688.886660638076,cand_009
2026-02-06 07:00:00,0.5222644599299877,16689.40892509801,cand_011
2026-02-06 07:00:00,0.5221548113343271,16689.931079909344,cand_013
2026-02-06 07:00:00,0.5271758785499405,16690.458255787893,cand_014
2026-02-06 07:00:00,0.49031404625585057,16690.94856983415,cand_014
2026-02-06 07:00:00,0.604366284364134,16691.55293611851,cand_015
2026-02-11 07:29:40,0.0,16691.55293611851,cand_003
2026-02-11 07:29:40,0.0,16691.55293611851,cand_007
2026-02-11 07:29:40,0.0,16691.55293611851,cand_009
2026-02-11 07:29:40,0.0,16691.55293611851,cand_011
2026-02-11 07:29:40,0.0,16691.55293611851,cand_013
2026-02-11 07:29:40,0.0,16691.55293611851,cand_014
2026-02-11 07:29:40,0.0,16691.55293611851,cand_014
2026-02-11 07:29:40,0.0,16691.55293611851,cand_015
2026-02-11 13:00:00,-8.26329697651046,16683.289639142,cand_003
2026-02-11 13:00:00,-10.630003461596726,16672.659635680408,cand_007
2026-02-11 13:00:00,-8.246129914134036,16664.41350576627,cand_009
2026-02-11 13:00:00,-8.45453996310192,16655.95896580317,cand_011
2026-02-11 13:00:00,-8.452764945835694,16647.506200857333,cand_013
2026-02-11 13:00:00,-8.534047163349626,16638.972153693983,cand_014
2026-02-11 13:00:00,-7.937319148800593,16631.034834545182,cand_014
2026-02-11 13:00:00,-9.783623615118216,16621.251210930066,cand_015
2026-02-16 07:00:00,0.5104507579966491,16621.761661688062,cand_003
2026-02-16 07:00:00,0.6566499231364257,16622.418311611196,cand_007
2026-02-16 07:00:00,0.5093902926608961,16622.927701903856,cand_009
2026-02-16 07:00:00,0.5222644599299877,16623.449966363787,cand_011
2026-02-16 07:00:00,0.5221548113343271,16623.972121175124,cand_013
2026-02-16 07:00:00,0.5271758785499405,16624.49929705367,cand_014
2026-02-16 07:00:00,0.49031404625585057,16624.989611099925,cand_014
2026-02-16 07:00:00,0.604366284364134,16625.59397738429,cand_015
2026-02-16 09:20:40,0.0,16625.59397738429,cand_003
2026-02-16 09:20:40,0.0,16625.59397738429,cand_007
2026-02-16 09:20:40,0.0,16625.59397738429,cand_009
2026-02-16 09:20:40,0.0,16625.59397738429,cand_011
2026-02-16 09:20:40,0.0,16625.59397738429,cand_013
2026-02-16 09:20:40,0.0,16625.59397738429,cand_014
2026-02-16 09:20:40,0.0,16625.59397738429,cand_014
2026-02-16 09:20:40,0.0,16625.59397738429,cand_015
2026-02-16 13:00:00,5.867181065443837,16631.461158449732,cand_003
2026-02-16 13:00:00,7.54761146946221,16639.008769919197,cand_007
2026-02-16 13:00:00,5.854991952114065,16644.86376187131,cand_009
2026-02-16 13:00:00,6.002969145312918,16650.866731016624,cand_011
2026-02-16 13:00:00,6.001708831454559,16656.868439848076,cand_013
2026-02-16 13:00:00,6.059421568744611,16662.92786141682,cand_014
2026-02-16 13:00:00,5.635727331670188,16668.563588748493,cand_014
2026-02-16 13:00:00,6.9466571743971635,16675.51024592289,cand_015
2026-02-17 08:20:40,0.0,16675.51024592289,cand_003
2026-02-17 08:20:40,0.0,16675.51024592289,cand_009
2026-02-17 08:20:40,0.0,16675.51024592289,cand_011
2026-02-17 08:20:40,0.0,16675.51024592289,cand_013
2026-02-17 08:20:40,0.0,16675.51024592289,cand_014
2026-02-17 13:00:00,-6.3175787930879395,16669.192667129802,cand_003
2026-02-17 13:00:00,-6.30445397505015,16662.88821315475,cand_009
2026-02-17 13:00:00,-6.463790727604084,16656.424422427146,cand_011
2026-02-17 13:00:00,-6.462433664984848,16649.961988762163,cand_013
2026-02-17 13:00:00,-6.524576755700441,16643.43741200646,cand_014
2026-02-18 07:00:00,0.5104507579966491,16643.947862764457,cand_003
2026-02-18 07:00:00,0.5093902926608961,16644.457253057117,cand_009
2026-02-18 07:00:00,0.5222644599299877,16644.97951751705,cand_011
2026-02-18 07:00:00,0.5221548113343271,16645.501672328384,cand_013
2026-02-18 07:00:00,0.5271758785499405,16646.028848206934,cand_014
2026-02-18 07:00:00,0.604366284364134,16646.633214491296,cand_015
2026-02-19 07:00:00,0.5104507579966491,16647.143665249292,cand_003
2026-02-19 07:00:00,0.6566499231364257,16647.80031517243,cand_007
2026-02-19 07:00:00,0.5093902926608961,16648.30970546509,cand_009
2026-02-19 07:00:00,0.5222644599299877,16648.83196992502,cand_011
2026-02-19 07:00:00,0.5221548113343271,16649.354124736354,cand_013
2026-02-19 07:00:00,0.5271758785499405,16649.881300614907,cand_014
2026-02-19 07:00:00,0.49031404625585057,16650.371614661162,cand_014
2026-02-19 07:00:00,0.604366284364134,16650.975980945524,cand_015
2026-02-20 07:00:00,0.5104507579966491,16651.48643170352,cand_003
2026-02-20 07:00:00,0.5093902926608961,16651.99582199618,cand_009
2026-02-20 07:00:00,0.5222644599299877,16652.51808645611,cand_011
2026-02-20 07:00:00,0.5221548113343271,16653.040241267445,cand_013
2026-02-20 07:00:00,0.5271758785499405,16653.567417145998,cand_014
2026-02-20 07:00:00,0.49031404625585057,16654.057731192253,cand_014
2026-02-20 09:55:40,0.0,16654.057731192253,cand_003
2026-02-20 09:55:40,0.0,16654.057731192253,cand_009
2026-02-20 09:55:40,0.0,16654.057731192253,cand_011
2026-02-20 09:55:40,0.0,16654.057731192253,cand_013
2026-02-20 09:55:40,0.0,16654.057731192253,cand_014
2026-02-20 09:55:40,0.0,16654.057731192253,cand_014
2026-02-20 13:00:00,-10.332123872155702,16643.725607320095,cand_003
2026-02-20 13:00:00,-10.310658806153786,16633.414948513942,cand_009
2026-02-20 13:00:00,-10.57124709775934,16622.843701416183,cand_011
2026-02-20 13:00:00,-10.56902768118482,16612.274673734995,cand_013
2026-02-20 13:00:00,-10.670659988766737,16601.604013746226,cand_014
2026-02-20 13:00:00,-9.924533136272833,16591.679480609957,cand_014
2026-02-24 07:00:00,0.5104507579966491,16592.189931367953,cand_003
2026-02-24 07:00:00,0.6566499231364257,16592.846581291087,cand_007
2026-02-24 07:00:00,0.5093902926608961,16593.355971583747,cand_009
2026-02-24 07:00:00,0.5222644599299877,16593.878236043678,cand_011
2026-02-24 07:00:00,0.5221548113343271,16594.400390855015,cand_013
2026-02-24 07:00:00,0.5271758785499405,16594.92756673356,cand_014
2026-02-24 07:00:00,0.49031404625585057,16595.417880779816,cand_014
2026-02-24 07:00:00,0.604366284364134,16596.022247064182,cand_015
2026-02-24 09:05:40,0.0,16596.022247064182,cand_003
2026-02-24 09:05:40,0.0,16596.022247064182,cand_007
2026-02-24 09:05:40,0.0,16596.022247064182,cand_009
2026-02-24 09:05:40,0.0,16596.022247064182,cand_011
2026-02-24 09:05:40,0.0,16596.022247064182,cand_013
2026-02-24 09:05:40,0.0,16596.022247064182,cand_014
2026-02-24 09:05:40,0.0,16596.022247064182,cand_014
2026-02-24 09:05:40,0.0,16596.022247064182,cand_015
2026-02-24 13:00:00,17.14213751413453,16613.16438457832,cand_003
2026-02-24 13:00:00,22.05184947756385,16635.21623405588,cand_007
2026-02-24 13:00:00,17.10652459294739,16652.32275864883,cand_009
2026-02-24 13:00:00,17.538869422001767,16669.86162807083,cand_011
2026-02-24 13:00:00,17.535187164162785,16687.39681523499,cand_013
2026-02-24 13:00:00,17.70380641553889,16705.100621650534,cand_014
2026-02-24 13:00:00,16.4658993533803,16721.56652100391,cand_014
2026-02-24 13:00:00,20.296041867263774,16741.862562871174,cand_015
2026-02-25 07:00:00,0.5104507579966491,16742.37301362917,cand_003
2026-02-25 07:00:00,0.5093902926608961,16742.88240392183,cand_009
2026-02-25 07:00:00,0.5222644599299877,16743.404668381765,cand_011
2026-02-25 07:00:00,0.5221548113343271,16743.9268231931,cand_013
2026-02-25 07:00:00,0.5271758785499405,16744.453999071648,cand_014
2026-03-02 07:00:00,0.5104507579966491,16744.964449829644,cand_003
2026-03-02 07:00:00,0.5093902926608961,16745.473840122304,cand_009
2026-03-02 07:00:00,0.5222644599299877,16745.996104582235,cand_011
2026-03-02 07:00:00,0.5221548113343271,16746.518259393568,cand_013
2026-03-02 07:00:00,0.5271758785499405,16747.04543527212,cand_014
2026-03-02 07:00:00,0.49031404625585057,16747.535749318376,cand_014
2026-03-02 08:03:40,0.0,16747.535749318376,cand_003
2026-03-02 08:03:40,0.0,16747.535749318376,cand_009
2026-03-02 08:03:40,0.0,16747.535749318376,cand_011
2026-03-02 08:03:40,0.0,16747.535749318376,cand_013
2026-03-02 08:03:40,0.0,16747.535749318376,cand_014
2026-03-02 08:03:40,0.0,16747.535749318376,cand_014
2026-03-02 13:00:00,-0.6515753793251344,16746.88417393905,cand_003
2026-03-02 13:00:00,-0.6502217265142027,16746.233952212537,cand_009
2026-03-02 13:00:00,-0.6666552223812197,16745.567296990157,cand_011
2026-03-02 13:00:00,-0.6665152591738175,16744.900781730983,cand_013
2026-03-02 13:00:00,-0.6729245037961006,16744.227857227183,cand_014
2026-03-02 13:00:00,-0.6258714590442328,16743.60198576814,cand_014
2026-03-03 07:00:00,0.5104507579966491,16744.112436526135,cand_003
2026-03-03 07:00:00,0.5093902926608961,16744.621826818795,cand_009
2026-03-03 07:00:00,0.5222644599299877,16745.14409127873,cand_011
2026-03-03 07:00:00,0.5221548113343271,16745.666246090062,cand_013
2026-03-03 07:00:00,0.5271758785499405,16746.19342196861,cand_014
2026-03-03 07:00:00,0.49031404625585057,16746.683736014867,cand_014
2026-03-04 07:00:00,0.5104507579966491,16747.194186772864,cand_003
2026-03-04 07:00:00,0.5093902926608961,16747.703577065524,cand_009
2026-03-04 07:00:00,0.5222644599299877,16748.225841525455,cand_011
2026-03-04 07:00:00,0.5221548113343271,16748.747996336788,cand_013
2026-03-04 07:00:00,0.5271758785499405,16749.27517221534,cand_014
2026-03-04 07:00:00,0.49031404625585057,16749.765486261596,cand_014
2026-03-06 07:00:00,0.5104507579966491,16750.275937019593,cand_003
2026-03-06 07:00:00,0.6566499231364257,16750.932586942727,cand_007
2026-03-06 07:00:00,0.5093902926608961,16751.441977235387,cand_009
2026-03-06 07:00:00,0.5222644599299877,16751.964241695317,cand_011
2026-03-06 07:00:00,0.5221548113343271,16752.486396506654,cand_013
2026-03-06 07:00:00,0.5271758785499405,16753.0135723852,cand_014
2026-03-06 07:00:00,0.49031404625585057,16753.503886431456,cand_014
2026-03-06 07:00:00,0.604366284364134,16754.10825271582,cand_015
2026-03-06 07:28:40,0.0,16754.10825271582,cand_003
2026-03-06 07:28:40,0.0,16754.10825271582,cand_007
2026-03-06 07:28:40,0.0,16754.10825271582,cand_009
2026-03-06 07:28:40,0.0,16754.10825271582,cand_011
2026-03-06 07:28:40,0.0,16754.10825271582,cand_013
2026-03-06 07:28:40,0.0,16754.10825271582,cand_014
2026-03-06 07:28:40,0.0,16754.10825271582,cand_014
2026-03-06 07:28:40,0.0,16754.10825271582,cand_015
2026-03-06 13:00:00,2.357081441337468,16756.46533415716,cand_003
2026-03-06 13:00:00,3.0321775862476126,16759.497511743408,cand_007
2026-03-06 13:00:00,2.352184586698844,16761.849696330108,cand_009
2026-03-06 13:00:00,2.411632947323767,16764.26132927743,cand_011
2026-03-06 13:00:00,2.4111266288085105,16766.67245590624,cand_013
2026-03-06 13:00:00,2.434312145068843,16769.106768051308,cand_014
2026-03-06 13:00:00,2.264097213593192,16771.3708652649,cand_014
2026-03-06 13:00:00,2.790750195446148,16774.161615460347,cand_015
2026-03-09 07:00:00,0.5104507579966491,16774.672066218343,cand_003
2026-03-09 07:00:00,0.6566499231364257,16775.328716141477,cand_007
2026-03-09 07:00:00,0.5093902926608961,16775.838106434137,cand_009
2026-03-09 07:00:00,0.5222644599299877,16776.360370894072,cand_011
2026-03-09 07:00:00,0.5221548113343271,16776.882525705405,cand_013
2026-03-09 07:00:00,0.5271758785499405,16777.409701583954,cand_014
2026-03-09 07:00:00,0.49031404625585057,16777.90001563021,cand_014
2026-03-09 07:00:00,0.604366284364134,16778.504381914572,cand_015
2026-03-11 07:00:00,0.5104507579966491,16779.01483267257,cand_003
2026-03-11 07:00:00,0.5093902926608961,16779.52422296523,cand_009
2026-03-11 07:00:00,0.5222644599299877,16780.046487425163,cand_011
2026-03-11 07:00:00,0.5221548113343271,16780.568642236496,cand_013
2026-03-11 07:00:00,0.5271758785499405,16781.095818115045,cand_014
2026-03-11 07:00:00,0.49031404625585057,16781.5861321613,cand_014
2026-03-11 07:00:00,0.604366284364134,16782.190498445663,cand_015
2026-03-12 07:00:00,0.5104507579966491,16782.70094920366,cand_003
2026-03-12 07:00:00,0.5093902926608961,16783.21033949632,cand_009
2026-03-12 07:00:00,0.5222644599299877,16783.732603956254,cand_011
2026-03-12 07:00:00,0.5221548113343271,16784.254758767587,cand_013
2026-03-12 07:00:00,0.5271758785499405,16784.781934646137,cand_014
2026-03-13 07:00:00,0.5104507579966491,16785.292385404133,cand_003
2026-03-13 07:00:00,0.5093902926608961,16785.801775696793,cand_009
2026-03-13 07:00:00,0.5222644599299877,16786.324040156724,cand_011
2026-03-13 07:00:00,0.5221548113343271,16786.846194968057,cand_013
2026-03-13 07:00:00,0.5271758785499405,16787.37337084661,cand_014
2026-03-13 07:00:00,0.49031404625585057,16787.863684892865,cand_014
2026-03-13 07:00:00,0.604366284364134,16788.468051177228,cand_015
2026-03-13 07:35:40,0.0,16788.468051177228,cand_003
2026-03-13 07:35:40,0.0,16788.468051177228,cand_009
2026-03-13 07:35:40,0.0,16788.468051177228,cand_011
2026-03-13 07:35:40,0.0,16788.468051177228,cand_013
2026-03-13 07:35:40,0.0,16788.468051177228,cand_014
2026-03-13 07:35:40,0.0,16788.468051177228,cand_014
2026-03-13 07:35:40,0.0,16788.468051177228,cand_015
2026-03-13 13:00:00,-2.7864606083581784,16785.68159056887,cand_003
2026-03-13 13:00:00,-2.780671715231245,16782.900918853637,cand_009
2026-03-13 13:00:00,-2.850949522441345,16780.049969331198,cand_011
2026-03-13 13:00:00,-2.8503509701073853,16777.19961836109,cand_013
2026-03-13 13:00:00,-2.8777600899667344,16774.321858271123,cand_014
2026-03-13 13:00:00,-2.676537852502525,16771.64532041862,cand_014
2026-03-13 13:00:00,-3.299128893470096,16768.34619152515,cand_015
2026-03-16 07:00:00,0.5104507579966491,16768.856642283146,cand_003
2026-03-16 07:00:00,0.5093902926608961,16769.366032575806,cand_009
2026-03-16 07:00:00,0.5222644599299877,16769.888297035737,cand_011
2026-03-16 07:00:00,0.5221548113343271,16770.41045184707,cand_013
2026-03-16 07:00:00,0.5271758785499405,16770.937627725623,cand_014
2026-03-16 07:00:00,0.49031404625585057,16771.42794177188,cand_014
2026-03-17 07:00:00,0.5104507579966491,16771.938392529875,cand_003
2026-03-17 07:00:00,0.5093902926608961,16772.447782822535,cand_009
2026-03-17 07:00:00,0.5222644599299877,16772.970047282462,cand_011
2026-03-17 07:00:00,0.5221548113343271,16773.4922020938,cand_013
2026-03-17 07:00:00,0.5271758785499405,16774.01937797235,cand_014
2026-03-18 08:22:40,0.0,16774.01937797235,cand_003
2026-03-18 08:22:40,0.0,16774.01937797235,cand_009
2026-03-18 08:22:40,0.0,16774.01937797235,cand_011
2026-03-18 08:22:40,0.0,16774.01937797235,cand_013
2026-03-18 08:22:40,0.0,16774.01937797235,cand_014
2026-03-18 08:22:40,0.0,16774.01937797235,cand_015
2026-03-18 13:00:00,-10.163975387168572,16763.85540258518,cand_003
2026-03-18 13:00:00,-10.142859650924315,16753.712542934256,cand_009
2026-03-18 13:00:00,-10.399207040370639,16743.313335893887,cand_011
2026-03-18 13:00:00,-10.397023743333513,16732.91631215055,cand_013
2026-03-18 13:00:00,-10.497002052303229,16722.41931009825,cand_014
2026-03-18 13:00:00,-12.033999250427023,16710.38531084782,cand_015
2026-03-19 07:00:00,0.5104507579966491,16710.895761605818,cand_003
2026-03-19 07:00:00,0.5093902926608961,16711.405151898478,cand_009
2026-03-19 07:00:00,0.5222644599299877,16711.92741635841,cand_011
2026-03-19 07:00:00,0.5221548113343271,16712.449571169745,cand_013
2026-03-19 07:00:00,0.5271758785499405,16712.97674704829,cand_014
2026-03-19 07:00:00,0.49031404625585057,16713.467061094547,cand_014
2026-03-23 07:00:00,0.5104507579966491,16713.977511852543,cand_003
2026-03-23 07:00:00,0.5093902926608961,16714.486902145203,cand_009
2026-03-23 07:00:00,0.5222644599299877,16715.009166605138,cand_011
2026-03-23 07:00:00,0.5221548113343271,16715.53132141647,cand_013
2026-03-23 07:00:00,0.5271758785499405,16716.05849729502,cand_014
2026-03-23 07:00:00,0.49031404625585057,16716.548811341276,cand_014
2026-03-25 07:00:00,0.5104507579966491,16717.059262099272,cand_003
2026-03-25 07:00:00,0.5093902926608961,16717.568652391932,cand_009
2026-03-25 07:00:00,0.5222644599299877,16718.090916851863,cand_011
2026-03-25 07:00:00,0.5221548113343271,16718.613071663196,cand_013
2026-03-25 07:00:00,0.5271758785499405,16719.14024754175,cand_014
2026-03-25 07:44:40,0.0,16719.14024754175,cand_003
2026-03-25 07:44:40,0.0,16719.14024754175,cand_009
2026-03-25 07:44:40,0.0,16719.14024754175,cand_011
2026-03-25 07:44:40,0.0,16719.14024754175,cand_013
2026-03-25 07:44:40,0.0,16719.14024754175,cand_014
2026-03-25 13:00:00,-2.9095693205809,16716.230678221167,cand_003
2026-03-25 13:00:00,-2.903524668167108,16713.327153553,cand_009
2026-03-25 13:00:00,-2.9769074216009304,16710.3502461314,cand_011
2026-03-25 13:00:00,-2.9762824246056643,16707.373963706792,cand_013
2026-03-25 13:00:00,-3.004902507734661,16704.369061199057,cand_014
2026-03-27 07:00:00,0.5104507579966491,16704.879511957053,cand_003
2026-03-27 07:00:00,0.5093902926608961,16705.388902249713,cand_009
2026-03-27 07:00:00,0.5222644599299877,16705.911166709644,cand_011
2026-03-27 07:00:00,0.5221548113343271,16706.433321520977,cand_013
2026-03-27 07:00:00,0.5271758785499405,16706.96049739953,cand_014
2026-03-27 07:00:00,0.49031404625585057,16707.450811445786,cand_014
2026-03-30 07:00:00,0.5104507579966491,16707.961262203782,cand_003
2026-03-30 07:00:00,0.6566499231364257,16708.617912126916,cand_007
2026-03-30 07:00:00,0.5093902926608961,16709.127302419576,cand_009
2026-03-30 07:00:00,0.5222644599299877,16709.649566879507,cand_011
2026-03-30 07:00:00,0.5221548113343271,16710.171721690844,cand_013
2026-03-30 07:00:00,0.5271758785499405,16710.69889756939,cand_014
2026-03-30 07:00:00,0.49031404625585057,16711.189211615645,cand_014
2026-03-30 07:00:00,0.604366284364134,16711.79357790001,cand_015
2026-03-31 07:00:00,0.5104507579966491,16712.304028658007,cand_003
2026-03-31 07:00:00,0.5093902926608961,16712.813418950667,cand_009
2026-03-31 07:00:00,0.5222644599299877,16713.335683410598,cand_011
2026-03-31 07:00:00,0.5221548113343271,16713.857838221935,cand_013
2026-03-31 07:00:00,0.5271758785499405,16714.38501410048,cand_014
2026-03-31 07:00:00,0.49031404625585057,16714.875328146736,cand_014
2026-03-31 07:00:00,0.604366284364134,16715.479694431102,cand_015
2026-04-01 09:46:40,0.0,16715.479694431102,cand_003
2026-04-01 09:46:40,0.0,16715.479694431102,cand_009
2026-04-01 09:46:40,0.0,16715.479694431102,cand_011
2026-04-01 09:46:40,0.0,16715.479694431102,cand_013
2026-04-01 09:46:40,0.0,16715.479694431102,cand_014
2026-04-01 09:46:40,0.0,16715.479694431102,cand_014
2026-04-01 13:00:00,-15.926063649495452,16699.553630781607,cand_003
2026-04-01 13:00:00,-15.89297713101996,16683.660653650586,cand_009
2026-04-01 13:00:00,-16.294651149815618,16667.36600250077,cand_011
2026-04-01 13:00:00,-16.291230113631006,16651.07477238714,cand_013
2026-04-01 13:00:00,-16.447887410758145,16634.62688497638,cand_014
2026-04-01 13:00:00,-15.297798243182537,16619.3290867332,cand_014
2026-04-02 07:00:00,0.5104507579966491,16619.839537491196,cand_003
2026-04-02 07:00:00,0.6566499231364257,16620.496187414334,cand_007
2026-04-02 07:00:00,0.5093902926608961,16621.005577706994,cand_009
2026-04-02 07:00:00,0.5222644599299877,16621.52784216692,cand_011
2026-04-02 07:00:00,0.5221548113343271,16622.049996978258,cand_013
2026-04-02 07:00:00,0.5271758785499405,16622.577172856807,cand_014
2026-04-02 07:00:00,0.49031404625585057,16623.067486903063,cand_014
2026-04-02 07:00:00,0.604366284364134,16623.67185318743,cand_015
2026-04-03 07:00:00,0.5104507579966491,16624.182303945425,cand_003
2026-04-03 07:00:00,0.5093902926608961,16624.691694238085,cand_009
2026-04-03 07:00:00,0.5222644599299877,16625.213958698012,cand_011
2026-04-03 07:00:00,0.5221548113343271,16625.73611350935,cand_013
2026-04-03 07:00:00,0.5271758785499405,16626.263289387898,cand_014
2026-04-03 07:00:00,0.49031404625585057,16626.753603434154,cand_014
2026-04-06 07:00:00,0.5104507579966491,16627.26405419215,cand_003
2026-04-06 07:00:00,0.6566499231364257,16627.920704115284,cand_007
2026-04-06 07:00:00,0.5093902926608961,16628.430094407944,cand_009
2026-04-06 07:00:00,0.5222644599299877,16628.95235886788,cand_011
2026-04-06 07:00:00,0.5221548113343271,16629.47451367921,cand_013
2026-04-06 07:00:00,0.5271758785499405,16630.00168955776,cand_014
2026-04-06 07:00:00,0.49031404625585057,16630.492003604017,cand_014
2026-04-06 07:00:00,0.604366284364134,16631.09636988838,cand_015
2026-04-07 07:00:00,0.5104507579966491,16631.606820646375,cand_003
2026-04-07 07:00:00,0.6566499231364257,16632.263470569513,cand_007
2026-04-07 07:00:00,0.5093902926608961,16632.772860862173,cand_009
2026-04-07 07:00:00,0.5222644599299877,16633.295125322104,cand_011
2026-04-07 07:00:00,0.5221548113343271,16633.817280133437,cand_013
2026-04-07 07:00:00,0.5271758785499405,16634.34445601199,cand_014
2026-04-07 07:00:00,0.49031404625585057,16634.834770058245,cand_014
2026-04-07 07:00:00,0.604366284364134,16635.439136342608,cand_015
2026-04-08 08:51:40,0.0,16635.439136342608,cand_003
2026-04-08 08:51:40,0.0,16635.439136342608,cand_007
2026-04-08 08:51:40,0.0,16635.439136342608,cand_009
2026-04-08 08:51:40,0.0,16635.439136342608,cand_011
2026-04-08 08:51:40,0.0,16635.439136342608,cand_013
2026-04-08 08:51:40,0.0,16635.439136342608,cand_014
2026-04-08 08:51:40,0.0,16635.439136342608,cand_014
2026-04-08 08:51:40,0.0,16635.439136342608,cand_015
2026-04-08 13:00:00,-13.523942435393574,16621.915193907214,cand_003
2026-04-08 13:00:00,-17.397360316508596,16604.517833590704,cand_007
2026-04-08 13:00:00,-13.495846342027507,16591.021987248678,cand_009
2026-04-08 13:00:00,-13.836936044262735,16577.185051204415,cand_011
2026-04-08 13:00:00,-13.834031001469466,16563.351020202943,cand_013
2026-04-08 13:00:00,-13.96705974699372,16549.38396045595,cand_014
2026-04-08 13:00:00,-12.990438025507947,16536.393522430444,cand_014
2026-04-08 13:00:00,-16.012151439859174,16520.38137099058,cand_015
2026-04-10 07:00:00,0.5104507579966491,16520.891821748577,cand_003
2026-04-10 07:00:00,0.5093902926608961,16521.401212041237,cand_009
2026-04-10 07:00:00,0.5222644599299877,16521.92347650117,cand_011
2026-04-10 07:00:00,0.5221548113343271,16522.445631312505,cand_013
2026-04-10 07:00:00,0.5271758785499405,16522.972807191054,cand_014
2026-04-10 09:29:40,0.0,16522.972807191054,cand_003
2026-04-10 09:29:40,0.0,16522.972807191054,cand_009
2026-04-10 09:29:40,0.0,16522.972807191054,cand_011
2026-04-10 09:29:40,0.0,16522.972807191054,cand_013
2026-04-10 09:29:40,0.0,16522.972807191054,cand_014
2026-04-10 13:00:00,-4.789229170615619,16518.18357802044,cand_003
2026-04-10 13:00:00,-4.779279510553702,16513.404298509886,cand_009
2026-04-10 13:00:00,-4.900069491696062,16508.50422901819,cand_011
2026-04-10 13:00:00,-4.899040729872069,16503.60518828832,cand_013
2026-04-10 13:00:00,-4.946150154630325,16498.659038133686,cand_014
2026-04-13 07:00:00,0.5104507579966491,16499.169488891683,cand_003
2026-04-13 07:00:00,0.5093902926608961,16499.678879184343,cand_009
2026-04-13 07:00:00,0.5222644599299877,16500.201143644274,cand_011
2026-04-13 07:00:00,0.5221548113343271,16500.72329845561,cand_013
2026-04-13 07:00:00,0.5271758785499405,16501.250474334156,cand_014
2026-04-17 07:00:00,0.5104507579966491,16501.760925092152,cand_003
2026-04-17 07:00:00,0.6566499231364257,16502.41757501529,cand_007
2026-04-17 07:00:00,0.5093902926608961,16502.92696530795,cand_009
2026-04-17 07:00:00,0.5222644599299877,16503.44922976788,cand_011
2026-04-17 07:00:00,0.5221548113343271,16503.971384579214,cand_013
2026-04-17 07:00:00,0.5271758785499405,16504.498560457767,cand_014
2026-04-17 07:00:00,0.49031404625585057,16504.988874504023,cand_014
2026-04-17 07:00:00,0.604366284364134,16505.593240788385,cand_015
2026-04-21 07:00:00,0.5104507579966491,16506.10369154638,cand_003
2026-04-21 07:00:00,0.5093902926608961,16506.61308183904,cand_009
2026-04-21 07:00:00,0.5222644599299877,16507.135346298972,cand_011
2026-04-21 07:00:00,0.604366284364134,16507.739712583338,cand_015
2026-04-22 07:00:00,0.5104507579966491,16508.250163341334,cand_003
2026-04-22 07:00:00,0.6566499231364257,16508.906813264468,cand_007
2026-04-22 07:00:00,0.5093902926608961,16509.416203557128,cand_009
2026-04-22 07:00:00,0.5222644599299877,16509.93846801706,cand_011
2026-04-22 07:00:00,0.5221548113343271,16510.460622828396,cand_013
2026-04-22 07:00:00,0.5271758785499405,16510.98779870694,cand_014
2026-04-22 07:00:00,0.49031404625585057,16511.478112753197,cand_014
2026-04-22 07:00:00,0.604366284364134,16512.082479037563,cand_015
2026-04-23 07:00:00,0.5104507579966491,16512.59292979556,cand_003
2026-04-23 07:00:00,0.6566499231364257,16513.249579718693,cand_007
2026-04-23 07:00:00,0.5093902926608961,16513.758970011353,cand_009
2026-04-23 07:00:00,0.5222644599299877,16514.281234471287,cand_011
2026-04-23 07:00:00,0.5221548113343271,16514.80338928262,cand_013
2026-04-23 07:00:00,0.5271758785499405,16515.33056516117,cand_014
2026-04-23 07:00:00,0.49031404625585057,16515.820879207426,cand_014
2026-04-23 07:00:00,0.604366284364134,16516.425245491788,cand_015
2026-04-24 07:00:00,0.5104507579966491,16516.935696249784,cand_003
2026-04-24 07:00:00,0.5093902926608961,16517.445086542444,cand_009
2026-04-24 07:00:00,0.49031404625585057,16517.9354005887,cand_014
2026-04-30 07:00:00,0.5104507579966491,16518.445851346696,cand_003
2026-04-30 07:00:00,0.6566499231364257,16519.102501269834,cand_007
2026-04-30 07:00:00,0.5093902926608961,16519.611891562494,cand_009
2026-04-30 07:00:00,0.5222644599299877,16520.134156022425,cand_011
2026-04-30 07:00:00,0.5221548113343271,16520.656310833758,cand_013
2026-04-30 07:00:00,0.5271758785499405,16521.18348671231,cand_014
2026-04-30 07:00:00,0.49031404625585057,16521.673800758566,cand_014
2026-04-30 07:00:00,0.604366284364134,16522.27816704293,cand_015
2026-04-30 07:28:40,0.0,16522.27816704293,cand_003
2026-04-30 07:28:40,0.0,16522.27816704293,cand_007
2026-04-30 07:28:40,0.0,16522.27816704293,cand_009
2026-04-30 07:28:40,0.0,16522.27816704293,cand_011
2026-04-30 07:28:40,0.0,16522.27816704293,cand_013
2026-04-30 07:28:40,0.0,16522.27816704293,cand_014
2026-04-30 07:28:40,0.0,16522.27816704293,cand_014
2026-04-30 07:28:40,0.0,16522.27816704293,cand_015
2026-04-30 10:57:40,48.02530916838709,16570.303476211317,cand_003
2026-04-30 10:57:40,-23.315589034376355,16546.98788717694,cand_003
2026-04-30 10:57:40,-29.993450900907916,16516.99443627603,cand_007
2026-04-30 10:57:40,61.78032862129961,16578.77476489733,cand_007
2026-04-30 10:57:40,47.925536222977485,16626.70030112031,cand_009
2026-04-30 10:57:40,-23.267150720657995,16603.43315039965,cand_009
2026-04-30 10:57:40,-23.855197243272677,16579.57795315638,cand_011
2026-04-30 10:57:40,49.13679089093061,16628.71474404731,cand_011
2026-04-30 10:57:40,-23.850188882417942,16604.86455516489,cand_013
2026-04-30 10:57:40,49.12647469955664,16653.991029864446,cand_013
2026-04-30 10:57:40,49.598877378184206,16703.589907242633,cand_014
2026-04-30 10:57:40,-24.079533511413462,16679.51037373122,cand_014
2026-04-30 10:57:40,-22.395815112803998,16657.114558618414,cand_014
2026-04-30 10:57:40,46.13076441194089,16703.245323030358,cand_014
2026-04-30 10:57:40,-27.605318812279418,16675.640004218076,cand_015
2026-04-30 10:57:40,56.861268600030996,16732.50127281811,cand_015
2026-05-01 09:46:40,0.0,16732.50127281811,cand_003
2026-05-01 09:46:40,0.0,16732.50127281811,cand_007
2026-05-01 09:46:40,0.0,16732.50127281811,cand_009
2026-05-01 09:46:40,0.0,16732.50127281811,cand_011
2026-05-01 09:46:40,0.0,16732.50127281811,cand_013
2026-05-01 09:46:40,0.0,16732.50127281811,cand_014
2026-05-01 09:46:40,0.0,16732.50127281811,cand_014
2026-05-01 09:46:40,0.0,16732.50127281811,cand_015
2026-05-01 13:00:00,-13.460886753523399,16719.040386064586,cand_003
2026-05-01 13:00:00,-17.316244737768212,16701.724141326817,cand_007
2026-05-01 13:00:00,-13.432921658816454,16688.291219668,cand_009
2026-05-01 13:00:00,-13.772421022741971,16674.51879864526,cand_011
2026-05-01 13:00:00,-13.769529524775225,16660.749269120482,cand_013
2026-05-01 13:00:00,-13.901938020819903,16646.847331099663,cand_014
2026-05-01 13:00:00,-12.929869819793987,16633.917461279867,cand_014
2026-05-01 13:00:00,-15.937494428261251,16617.979966851606,cand_015
2026-05-06 07:00:00,0.5104507579966491,16618.490417609602,cand_003
2026-05-06 07:00:00,0.6566499231364257,16619.14706753274,cand_007
2026-05-06 07:00:00,0.5093902926608961,16619.6564578254,cand_009
2026-05-06 07:00:00,0.5222644599299877,16620.17872228533,cand_011
2026-05-06 07:00:00,0.5221548113343271,16620.700877096664,cand_013
2026-05-06 07:00:00,0.5271758785499405,16621.228052975217,cand_014
2026-05-06 07:00:00,0.49031404625585057,16621.718367021473,cand_014
2026-05-06 07:00:00,0.604366284364134,16622.322733305835,cand_015
2026-05-08 07:00:00,0.5104507579966491,16622.83318406383,cand_003
2026-05-08 07:00:00,0.5093902926608961,16623.34257435649,cand_009
2026-05-08 07:00:00,0.5222644599299877,16623.864838816422,cand_011
2026-05-08 07:00:00,0.5221548113343271,16624.386993627755,cand_013
2026-05-08 07:00:00,0.5271758785499405,16624.914169506308,cand_014
2026-05-08 07:00:00,0.49031404625585057,16625.404483552564,cand_014
2026-05-11 07:00:00,0.5104507579966491,16625.91493431056,cand_003
2026-05-11 07:00:00,0.6566499231364257,16626.571584233694,cand_007
2026-05-11 07:00:00,0.5093902926608961,16627.080974526354,cand_009
2026-05-11 07:00:00,0.5222644599299877,16627.603238986285,cand_011
2026-05-11 07:00:00,0.5221548113343271,16628.12539379762,cand_013
2026-05-11 07:00:00,0.5271758785499405,16628.652569676167,cand_014
2026-05-11 07:00:00,0.49031404625585057,16629.142883722423,cand_014
2026-05-11 07:00:00,0.604366284364134,16629.74725000679,cand_015
2026-05-12 07:00:00,0.5104507579966491,16630.257700764785,cand_003
2026-05-12 07:00:00,0.6566499231364257,16630.91435068792,cand_007
2026-05-12 07:00:00,0.5093902926608961,16631.42374098058,cand_009
2026-05-12 07:00:00,0.5222644599299877,16631.946005440514,cand_011
2026-05-12 07:00:00,0.5221548113343271,16632.468160251847,cand_013
2026-05-12 07:00:00,0.5271758785499405,16632.995336130396,cand_014
2026-05-12 07:00:00,0.49031404625585057,16633.48565017665,cand_014
2026-05-12 07:00:00,0.604366284364134,16634.090016461014,cand_015
2026-05-13 07:00:00,0.5104507579966491,16634.60046721901,cand_003
2026-05-13 07:00:00,0.5093902926608961,16635.10985751167,cand_009
2026-05-13 07:00:00,0.5222644599299877,16635.632121971605,cand_011
2026-05-13 07:00:00,0.5221548113343271,16636.154276782938,cand_013
2026-05-13 07:00:00,0.5271758785499405,16636.681452661487,cand_014
2026-05-13 07:00:00,0.49031404625585057,16637.171766707743,cand_014
2026-05-14 07:00:00,0.6566499231364257,16637.82841663088,cand_007
2026-05-14 07:00:00,0.604366284364134,16638.432782915243,cand_015
2026-05-15 07:00:00,0.5104507579966491,16638.94323367324,cand_003
2026-05-15 07:00:00,0.5093902926608961,16639.4526239659,cand_009
2026-05-15 07:00:00,0.5222644599299877,16639.97488842583,cand_011
2026-05-15 07:00:00,0.5221548113343271,16640.497043237163,cand_013
2026-05-15 07:00:00,0.5271758785499405,16641.024219115716,cand_014
2026-05-15 07:00:00,0.49031404625585057,16641.51453316197,cand_014
2026-05-18 07:00:00,0.5104507579966491,16642.024983919968,cand_003
2026-05-18 07:00:00,0.6566499231364257,16642.6816338431,cand_007
2026-05-18 07:00:00,0.5093902926608961,16643.191024135762,cand_009
2026-05-18 07:00:00,0.5222644599299877,16643.713288595693,cand_011
2026-05-18 07:00:00,0.5221548113343271,16644.23544340703,cand_013
2026-05-18 07:00:00,0.5271758785499405,16644.762619285575,cand_014
2026-05-18 07:00:00,0.49031404625585057,16645.25293333183,cand_014
2026-05-18 07:00:00,0.604366284364134,16645.857299616197,cand_015
2026-05-19 07:00:00,0.5104507579966491,16646.367750374193,cand_003
2026-05-19 07:00:00,0.5093902926608961,16646.877140666853,cand_009
2026-05-19 07:00:00,0.5222644599299877,16647.399405126784,cand_011
2026-05-19 07:00:00,0.5221548113343271,16647.92155993812,cand_013
2026-05-19 07:00:00,0.5271758785499405,16648.448735816666,cand_014
2026-05-22 07:00:00,0.604366284364134,16649.053102101032,cand_015
2026-06-16 07:00:00,0.5104507579966491,16649.56355285903,cand_003
2026-06-16 07:00:00,0.6566499231364257,16650.220202782162,cand_007
2026-06-16 07:00:00,0.5093902926608961,16650.729593074822,cand_009
2026-06-16 07:00:00,0.5222644599299877,16651.251857534757,cand_011
2026-06-16 07:00:00,0.5221548113343271,16651.77401234609,cand_013
2026-06-16 07:00:00,0.5271758785499405,16652.30118822464,cand_014
2026-06-16 07:00:00,0.49031404625585057,16652.791502270895,cand_014
2026-06-16 07:00:00,0.604366284364134,16653.395868555257,cand_015
2026-06-18 07:00:00,0.5104507579966491,16653.906319313253,cand_003
2026-06-18 07:00:00,0.5093902926608961,16654.415709605913,cand_009
2026-06-19 07:00:00,0.5104507579966491,16654.92616036391,cand_003
2026-06-19 07:00:00,0.5093902926608961,16655.43555065657,cand_009
2026-06-19 07:00:00,0.5222644599299877,16655.957815116504,cand_011
2026-06-19 07:00:00,0.5221548113343271,16656.479969927837,cand_013
2026-06-19 07:00:00,0.5271758785499405,16657.007145806387,cand_014
2026-06-19 07:00:00,0.49031404625585057,16657.497459852642,cand_014
2026-06-22 07:00:00,0.5104507579966491,16658.00791061064,cand_003
2026-06-22 07:00:00,0.6566499231364257,16658.664560533776,cand_007
2026-06-22 07:00:00,0.5093902926608961,16659.173950826436,cand_009
2026-06-22 07:00:00,0.5222644599299877,16659.696215286363,cand_011
2026-06-22 07:00:00,0.5221548113343271,16660.2183700977,cand_013
2026-06-22 07:00:00,0.5271758785499405,16660.74554597625,cand_014
2026-06-22 07:00:00,0.49031404625585057,16661.235860022505,cand_014
2026-06-22 07:00:00,0.604366284364134,16661.84022630687,cand_015
2026-06-22 09:01:40,0.0,16661.84022630687,cand_003
2026-06-22 09:01:40,0.0,16661.84022630687,cand_007
2026-06-22 09:01:40,0.0,16661.84022630687,cand_009
2026-06-22 09:01:40,0.0,16661.84022630687,cand_011
2026-06-22 09:01:40,0.0,16661.84022630687,cand_013
2026-06-22 09:01:40,0.0,16661.84022630687,cand_014
2026-06-22 09:01:40,0.0,16661.84022630687,cand_014
2026-06-22 09:01:40,0.0,16661.84022630687,cand_015
2026-06-22 13:00:00,0.33329431845663565,16662.173520625325,cand_003
2026-06-22 13:00:00,0.42875377334201914,16662.60227439867,cand_007
2026-06-22 13:00:00,0.3326018969727028,16662.93487629564,cand_009
2026-06-22 13:00:00,0.34100797089546264,16663.275884266535,cand_011
2026-06-22 13:00:00,0.3409363768124136,16663.61682064335,cand_013
2026-06-22 13:00:00,0.34421483834731414,16663.961035481698,cand_014
2026-06-22 13:00:00,0.3201462302023495,16664.2811817119,cand_014
2026-06-22 13:00:00,0.3946156327318758,16664.67579734463,cand_015
2026-06-30 07:00:00,0.5104507579966491,16665.186248102626,cand_003
2026-06-30 07:00:00,0.5093902926608961,16665.695638395286,cand_009
2026-06-30 07:00:00,0.5222644599299877,16666.217902855216,cand_011
2026-06-30 07:00:00,0.5221548113343271,16666.740057666553,cand_013
2026-06-30 07:00:00,0.5271758785499405,16667.2672335451,cand_014
2026-07-01 07:00:00,0.5104507579966491,16667.777684303095,cand_003
2026-07-01 07:00:00,0.6566499231364257,16668.434334226233,cand_007
2026-07-01 07:00:00,0.5093902926608961,16668.943724518893,cand_009
2026-07-01 07:00:00,0.5222644599299877,16669.465988978824,cand_011
2026-07-01 07:00:00,0.5221548113343271,16669.988143790157,cand_013
2026-07-01 07:00:00,0.5271758785499405,16670.51531966871,cand_014
2026-07-01 07:00:00,0.49031404625585057,16671.005633714965,cand_014
2026-07-01 07:00:00,0.604366284364134,16671.609999999328,cand_015
