Time,NetPnl,Balance,SourceCandidate
2013-01-02 07:00:00,0.5222644599299877,2500.52226445993,cand_011 (USDJPY)
2013-01-02 08:00:00,0.6347180141800342,2501.15698247411,cand_007 (EURJPY)
2013-01-03 07:00:01,0.5222644599299877,2501.67924693404,cand_011 (USDJPY)
2013-01-04 07:00:00,0.5222644599299877,2502.20151139397,cand_011 (USDJPY)
2013-01-04 09:32:40,0.0,2502.20151139397,cand_011 (USDJPY)
2013-01-04 13:00:00,20.399035376088936,2522.600546770059,cand_011 (USDJPY)
2013-01-07 07:00:00,0.5222644599299877,2523.122811229989,cand_011 (USDJPY)
2013-01-07 08:28:40,0.0,2523.122811229989,cand_007 (EURJPY)
2013-01-07 15:00:00,-0.07299257163070393,2523.049818658358,cand_007 (EURJPY)
2013-01-08 08:00:00,0.6347180141800342,2523.6845366725383,cand_007 (EURJPY)
2013-01-09 07:00:00,0.5222644599299877,2524.206801132468,cand_011 (USDJPY)
2013-01-09 08:00:00,0.6347180141800342,2524.8415191466484,cand_007 (EURJPY)
2013-01-10 07:00:00,0.5222644599299877,2525.363783606578,cand_011 (USDJPY)
2013-01-11 07:00:00,0.5222644599299877,2525.8860480665085,cand_011 (USDJPY)
2013-01-11 08:00:00,0.6347180141800342,2526.520766080688,cand_007 (EURJPY)
2013-01-14 07:00:00,0.5222644599299877,2527.0430305406185,cand_011 (USDJPY)
2013-01-14 08:00:00,0.6347180141800342,2527.677748554798,cand_007 (EURJPY)
2013-01-15 08:00:00,0.6347180141800342,2528.3124665689784,cand_007 (EURJPY)
2013-01-17 08:00:00,0.6347180141800342,2528.9471845831586,cand_007 (EURJPY)
2013-01-18 07:00:00,0.5222644599299877,2529.4694490430884,cand_011 (USDJPY)
2013-01-18 08:00:00,0.6347180141800342,2530.1041670572686,cand_007 (EURJPY)
2013-01-23 08:07:40,0.0,2530.1041670572686,cand_011 (USDJPY)
2013-01-23 08:08:40,0.0,2530.1041670572686,cand_007 (EURJPY)
2013-01-23 11:42:40,-39.063720182710206,2491.0404468745583,cand_007 (EURJPY)
2013-01-23 13:00:00,-5.98146413813933,2485.058982736419,cand_011 (USDJPY)
2013-01-24 07:00:00,0.5222644599299877,2485.581247196349,cand_011 (USDJPY)
2013-01-24 07:35:40,0.0,2485.581247196349,cand_011 (USDJPY)
2013-01-24 13:00:00,7.889265488824757,2493.4705126851736,cand_011 (USDJPY)
2013-01-25 07:00:00,0.5222644599299877,2493.9927771451034,cand_011 (USDJPY)
2013-01-28 07:00:00,0.5222644599299877,2494.5150416050337,cand_011 (USDJPY)
2013-01-29 07:00:00,0.5222644599299877,2495.0373060649636,cand_011 (USDJPY)
2013-01-30 07:00:00,0.5222644599299877,2495.5595705248934,cand_011 (USDJPY)
2013-02-01 07:00:00,0.5222644599299877,2496.0818349848237,cand_011 (USDJPY)
2013-02-01 08:00:00,0.6347180141800342,2496.7165529990034,cand_007 (EURJPY)
2013-02-04 07:00:00,0.5222644599299877,2497.2388174589337,cand_011 (USDJPY)
2013-02-04 08:00:00,0.6347180141800342,2497.8735354731134,cand_007 (EURJPY)
2013-02-05 07:00:00,0.5222644599299877,2498.3957999330437,cand_011 (USDJPY)
2013-02-05 08:48:40,0.0,2498.3957999330437,cand_007 (EURJPY)
2013-02-05 10:28:40,-35.52834084372741,2462.867459089316,cand_007 (EURJPY)
2013-02-06 07:00:00,0.5222644599299877,2463.3897235492464,cand_011 (USDJPY)
2013-02-06 07:39:40,0.0,2463.3897235492464,cand_011 (USDJPY)
2013-02-06 13:00:00,-22.826029042822405,2440.563694506424,cand_011 (USDJPY)
2013-02-07 07:00:00,0.5222644599299877,2441.0859589663537,cand_011 (USDJPY)
2013-02-08 07:00:00,0.5222644599299877,2441.6082234262835,cand_011 (USDJPY)
2013-02-12 07:00:00,0.5222644599299877,2442.130487886214,cand_011 (USDJPY)
2013-02-14 07:00:00,0.5222644599299877,2442.6527523461436,cand_011 (USDJPY)
2013-02-18 07:00:00,0.5222644599299877,2443.1750168060735,cand_011 (USDJPY)
2013-02-19 09:30:40,0.0,2443.1750168060735,cand_011 (USDJPY)
2013-02-19 13:00:00,-6.568243619590081,2436.6067731864837,cand_011 (USDJPY)
2013-03-01 07:00:00,0.5222644599299877,2437.1290376464135,cand_011 (USDJPY)
2013-03-01 08:00:00,0.6347180141800342,2437.7637556605937,cand_007 (EURJPY)
2013-03-04 07:00:00,0.5222644599299877,2438.2860201205235,cand_011 (USDJPY)
2013-03-04 08:00:00,0.6347180141800342,2438.9207381347037,cand_007 (EURJPY)
2013-03-05 07:32:40,0.0,2438.9207381347037,cand_011 (USDJPY)
2013-03-05 13:00:00,-16.681741278940198,2422.2389968557636,cand_011 (USDJPY)
2013-03-07 07:00:00,0.5222644599299877,2422.7612613156934,cand_011 (USDJPY)
2013-03-08 07:00:00,0.5222644599299877,2423.2835257756233,cand_011 (USDJPY)
2013-03-08 08:00:00,0.6347180141800342,2423.9182437898035,cand_007 (EURJPY)
2013-03-11 07:00:00,0.5222644599299877,2424.4405082497333,cand_011 (USDJPY)
2013-03-11 08:00:00,0.6347180141800342,2425.0752262639135,cand_007 (EURJPY)
2013-03-12 07:00:00,0.5222644599299877,2425.5974907238433,cand_011 (USDJPY)
2013-03-15 07:00:00,0.5222644599299877,2426.1197551837736,cand_011 (USDJPY)
2013-03-15 08:00:00,0.6347180141800342,2426.7544731979533,cand_007 (EURJPY)
2013-03-18 08:22:40,0.0,2426.7544731979533,cand_007 (EURJPY)
2013-03-18 10:51:40,-30.939329601205763,2395.815143596748,cand_007 (EURJPY)
2013-03-19 07:00:00,0.5222644599299877,2396.3374080566778,cand_011 (USDJPY)
2013-03-21 07:00:00,0.5222644599299877,2396.8596725166076,cand_011 (USDJPY)
2013-03-22 08:28:40,0.0,2396.8596725166076,cand_011 (USDJPY)
2013-03-22 13:00:00,17.760063781501525,2414.6197362981093,cand_011 (USDJPY)
2013-03-27 07:00:00,0.5222644599299877,2415.142000758039,cand_011 (USDJPY)
2013-04-03 07:00:00,0.5222644599299877,2415.6642652179694,cand_011 (USDJPY)
2013-04-04 08:00:00,0.6347180141800342,2416.298983232149,cand_007 (EURJPY)
2013-04-04 08:17:40,0.0,2416.298983232149,cand_007 (EURJPY)
2013-04-04 15:00:00,92.39907491425846,2508.6980581464077,cand_007 (EURJPY)
2013-04-05 07:00:00,0.5222644599299877,2509.2203226063375,cand_011 (USDJPY)
2013-04-05 08:00:00,0.6347180141800342,2509.8550406205177,cand_007 (EURJPY)
2013-04-08 07:00:00,0.5222644599299877,2510.3773050804475,cand_011 (USDJPY)
2013-04-08 08:00:00,0.6347180141800342,2511.0120230946277,cand_007 (EURJPY)
2013-04-09 07:00:00,0.5222644599299877,2511.5342875545575,cand_011 (USDJPY)
2013-04-09 08:00:00,0.6347180141800342,2512.1690055687377,cand_007 (EURJPY)
2013-04-10 07:00:00,0.5222644599299877,2512.6912700286675,cand_011 (USDJPY)
2013-04-11 07:00:00,0.5222644599299877,2513.213534488598,cand_011 (USDJPY)
2013-04-11 08:00:00,0.6347180141800342,2513.848252502778,cand_007 (EURJPY)
2013-04-12 08:00:00,0.6347180141800342,2514.4829705169577,cand_007 (EURJPY)
2013-04-17 07:00:00,0.5222644599299877,2515.005234976888,cand_011 (USDJPY)
2013-04-17 08:00:00,0.6347180141800342,2515.6399529910677,cand_007 (EURJPY)
2013-04-17 08:36:40,0.0,2515.6399529910677,cand_011 (USDJPY)
2013-04-17 13:00:00,-23.240768466884457,2492.3991845241835,cand_011 (USDJPY)
2013-04-19 08:00:00,0.6347180141800342,2493.0339025383632,cand_007 (EURJPY)
2013-04-25 08:00:00,0.6347180141800342,2493.6686205525434,cand_007 (EURJPY)
2013-04-26 08:21:40,0.0,2493.6686205525434,cand_007 (EURJPY)
2013-04-26 15:00:00,8.486179849587057,2502.1548004021306,cand_007 (EURJPY)
2013-05-07 07:00:00,0.5222644599299877,2502.6770648620604,cand_011 (USDJPY)
2013-05-07 08:00:00,0.6347180141800342,2503.3117828762406,cand_007 (EURJPY)
2013-05-08 07:00:00,0.5222644599299877,2503.8340473361704,cand_011 (USDJPY)
2013-05-10 07:00:00,0.5222644599299877,2504.3563117961003,cand_011 (USDJPY)
2013-05-10 08:00:00,0.6347180141800342,2504.9910298102805,cand_007 (EURJPY)
2013-05-13 07:00:00,0.5222644599299877,2505.5132942702107,cand_011 (USDJPY)
2013-05-14 07:00:00,0.5222644599299877,2506.0355587301406,cand_011 (USDJPY)
2013-05-15 07:00:00,0.5222644599299877,2506.5578231900704,cand_011 (USDJPY)
2013-05-15 09:57:40,0.0,2506.5578231900704,cand_011 (USDJPY)
2013-05-15 13:00:00,-4.7372458659531835,2501.8205773241175,cand_011 (USDJPY)
2013-05-16 07:00:00,0.5222644599299877,2502.3428417840473,cand_011 (USDJPY)
2013-05-16 08:54:40,0.0,2502.3428417840473,cand_011 (USDJPY)
2013-05-16 13:00:00,9.284018811226018,2511.6268605952732,cand_011 (USDJPY)
2013-05-17 07:00:00,0.5222644599299877,2512.1491250552035,cand_011 (USDJPY)
2013-05-17 09:12:40,0.0,2512.1491250552035,cand_011 (USDJPY)
2013-05-17 13:00:00,-7.019848770235424,2505.129276284968,cand_011 (USDJPY)
2013-05-20 07:00:00,0.5222644599299877,2505.651540744898,cand_011 (USDJPY)
2013-05-21 07:00:00,0.5222644599299877,2506.1738052048277,cand_011 (USDJPY)
2013-05-21 08:00:00,0.6347180141800342,2506.808523219008,cand_007 (EURJPY)
2013-05-23 07:19:40,0.0,2506.808523219008,cand_011 (USDJPY)
2013-05-23 08:24:40,0.0,2506.808523219008,cand_007 (EURJPY)
2013-05-23 13:00:00,85.40252777408077,2592.2110509930885,cand_011 (USDJPY)
2013-05-23 15:00:00,36.52484812599007,2628.7358991190786,cand_007 (EURJPY)
2013-05-24 07:18:40,0.0,2628.7358991190786,cand_011 (USDJPY)
2013-05-24 11:29:40,-35.36344822502405,2593.3724508940545,cand_011 (USDJPY)
2013-05-28 07:00:00,0.5222644599299877,2593.894715353985,cand_011 (USDJPY)
2013-05-28 08:00:00,0.6347180141800342,2594.5294333681645,cand_007 (EURJPY)
2013-05-29 07:00:00,0.5222644599299877,2595.051697828095,cand_011 (USDJPY)
2013-05-29 08:00:00,0.6347180141800342,2595.6864158422745,cand_007 (EURJPY)
2013-05-31 08:00:00,0.6347180141800342,2596.3211338564547,cand_007 (EURJPY)
2013-06-03 09:33:40,0.0,2596.3211338564547,cand_011 (USDJPY)
2013-06-03 13:00:00,-3.1858132055729254,2593.135320650882,cand_011 (USDJPY)
2013-06-05 07:13:40,0.0,2593.135320650882,cand_011 (USDJPY)
2013-06-05 08:13:40,0.0,2593.135320650882,cand_007 (EURJPY)
2013-06-05 13:00:00,9.127339473247021,2602.262660124129,cand_011 (USDJPY)
2013-06-05 15:00:00,19.774639731778965,2622.037299855908,cand_007 (EURJPY)
2013-06-07 07:15:40,0.0,2622.037299855908,cand_011 (USDJPY)
2013-06-07 07:52:40,-32.58623015574929,2589.4510697001583,cand_011 (USDJPY)
2013-06-10 08:00:00,0.6347180141800342,2590.0857877143385,cand_007 (EURJPY)
2013-06-11 08:00:00,0.6347180141800342,2590.7205057285187,cand_007 (EURJPY)
2013-06-13 08:22:40,0.0,2590.7205057285187,cand_007 (EURJPY)
2013-06-13 15:00:00,50.33631211454761,2641.0568178430663,cand_007 (EURJPY)
2013-06-14 08:00:00,0.6347180141800342,2641.6915358572464,cand_007 (EURJPY)
2013-06-18 08:00:00,0.6347180141800342,2642.326253871426,cand_007 (EURJPY)
2013-06-19 08:00:00,0.6347180141800342,2642.9609718856063,cand_007 (EURJPY)
2013-06-20 08:00:00,0.6347180141800342,2643.5956898997865,cand_007 (EURJPY)
2013-06-21 08:00:00,0.6347180141800342,2644.2304079139662,cand_007 (EURJPY)
2013-06-21 08:06:40,0.0,2644.2304079139662,cand_007 (EURJPY)
2013-06-21 12:40:40,-44.82061257132311,2599.409795342643,cand_007 (EURJPY)
2013-06-24 08:00:00,0.6347180141800342,2600.0445133568232,cand_007 (EURJPY)
2013-06-26 08:35:40,0.0,2600.0445133568232,cand_007 (EURJPY)
2013-06-26 15:00:00,8.17199443256794,2608.2165077893915,cand_007 (EURJPY)
2013-06-28 08:00:00,0.6347180141800342,2608.851225803571,cand_007 (EURJPY)
2013-07-01 07:00:00,0.5222644599299877,2609.3734902635015,cand_011 (USDJPY)
2013-07-03 07:00:00,0.5222644599299877,2609.8957547234313,cand_011 (USDJPY)
2013-07-03 08:00:00,0.6347180141800342,2610.5304727376115,cand_007 (EURJPY)
2013-07-04 09:44:40,0.0,2610.5304727376115,cand_011 (USDJPY)
2013-07-04 13:00:00,-6.5958929145275516,2603.934579823084,cand_011 (USDJPY)
2013-07-05 07:00:00,0.5222644599299877,2604.4568442830137,cand_011 (USDJPY)
2013-07-08 07:00:00,0.5222644599299877,2604.979108742944,cand_011 (USDJPY)
2013-07-08 08:00:00,0.6347180141800342,2605.6138267571237,cand_007 (EURJPY)
2013-07-09 07:00:00,0.5222644599299877,2606.136091217054,cand_011 (USDJPY)
2013-07-10 07:54:40,0.0,2606.136091217054,cand_011 (USDJPY)
2013-07-10 08:07:40,0.0,2606.136091217054,cand_007 (EURJPY)
2013-07-10 11:13:40,52.18958026641548,2658.3256714834693,cand_011 (USDJPY)
2013-07-10 11:13:40,30.706692528777726,2689.032364012247,cand_011 (USDJPY)
2013-07-10 15:00:00,-1.9009804524692024,2687.1313835597775,cand_007 (EURJPY)
2013-07-11 08:00:00,0.6347180141800342,2687.7661015739577,cand_007 (EURJPY)
2013-07-12 08:00:00,0.6347180141800342,2688.400819588138,cand_007 (EURJPY)
2013-07-16 07:00:00,0.5222644599299877,2688.9230840480677,cand_011 (USDJPY)
2013-07-17 08:00:00,0.6347180141800342,2689.557802062248,cand_007 (EURJPY)
2013-07-18 07:00:00,0.5222644599299877,2690.0800665221777,cand_011 (USDJPY)
2013-07-18 07:40:40,0.0,2690.0800665221777,cand_011 (USDJPY)
2013-07-18 08:00:00,0.6347180141800342,2690.714784536358,cand_007 (EURJPY)
2013-07-18 13:00:00,-5.462271822091284,2685.2525127142667,cand_011 (USDJPY)
2013-07-19 08:00:00,0.6347180141800342,2685.8872307284464,cand_007 (EURJPY)
2013-07-22 08:00:00,0.6347180141800342,2686.5219487426266,cand_007 (EURJPY)
2013-07-24 07:00:00,0.5222644599299877,2687.044213202557,cand_011 (USDJPY)
2013-07-24 09:20:40,0.0,2687.044213202557,cand_011 (USDJPY)
2013-07-24 13:00:00,10.617329255988459,2697.6615424585452,cand_011 (USDJPY)
2013-07-25 07:00:00,0.5222644599299877,2698.183806918475,cand_011 (USDJPY)
2013-07-25 08:00:00,0.6347180141800342,2698.8185249326552,cand_007 (EURJPY)
2013-07-30 07:00:00,0.5222644599299877,2699.340789392585,cand_011 (USDJPY)
2013-07-30 08:00:00,0.6347180141800342,2699.9755074067652,cand_007 (EURJPY)
2013-08-01 07:00:00,0.5222644599299877,2700.497771866695,cand_011 (USDJPY)
2013-08-01 08:00:00,0.6347180141800342,2701.1324898808753,cand_007 (EURJPY)
2013-08-01 08:59:40,0.0,2701.1324898808753,cand_007 (EURJPY)
2013-08-01 09:02:40,0.0,2701.1324898808753,cand_011 (USDJPY)
2013-08-01 13:00:00,13.818503180971087,2714.9509930618465,cand_011 (USDJPY)
2013-08-01 15:00:00,-0.7711823872287416,2714.179810674618,cand_007 (EURJPY)
2013-08-02 07:00:00,0.5222644599299877,2714.7020751345476,cand_011 (USDJPY)
2013-08-05 08:52:40,0.0,2714.7020751345476,cand_007 (EURJPY)
2013-08-05 08:54:40,0.0,2714.7020751345476,cand_011 (USDJPY)
2013-08-05 13:00:00,11.990577571216132,2726.6926527057635,cand_011 (USDJPY)
2013-08-05 15:00:00,20.61246751049661,2747.3051202162605,cand_007 (EURJPY)
2013-08-07 09:55:40,0.0,2747.3051202162605,cand_011 (USDJPY)
2013-08-07 13:00:00,-5.634311879479986,2741.6708083367803,cand_011 (USDJPY)
2013-08-08 08:37:40,0.0,2741.6708083367803,cand_007 (EURJPY)
2013-08-08 08:42:40,0.0,2741.6708083367803,cand_011 (USDJPY)
2013-08-08 13:00:00,-4.660442268904656,2737.0103660678756,cand_011 (USDJPY)
2013-08-08 15:00:00,-9.158980944617893,2727.851385123258,cand_007 (EURJPY)
2013-08-12 07:00:00,0.5222644599299877,2728.3736495831877,cand_011 (USDJPY)
2013-08-13 07:00:00,0.5222644599299877,2728.895914043118,cand_011 (USDJPY)
2013-08-13 08:00:00,0.6347180141800342,2729.5306320572977,cand_007 (EURJPY)
2013-08-13 08:10:40,0.0,2729.5306320572977,cand_007 (EURJPY)
2013-08-13 08:21:40,0.0,2729.5306320572977,cand_011 (USDJPY)
2013-08-13 13:00:00,22.33755816559377,2751.868190222892,cand_011 (USDJPY)
2013-08-13 15:00:00,33.3417372848772,2785.209927507769,cand_007 (EURJPY)
2013-08-14 07:00:00,0.5222644599299877,2785.732191967699,cand_011 (USDJPY)
2013-08-14 08:00:00,0.6347180141800342,2786.366909981879,cand_007 (EURJPY)
2013-08-14 08:33:40,0.0,2786.366909981879,cand_007 (EURJPY)
2013-08-14 08:42:40,0.0,2786.366909981879,cand_011 (USDJPY)
2013-08-14 13:00:00,-13.385330893617393,2772.9815790882612,cand_011 (USDJPY)
2013-08-14 15:00:00,-14.979345134648806,2758.0022339536126,cand_007 (EURJPY)
2013-08-16 08:00:00,0.6347180141800342,2758.636951967793,cand_007 (EURJPY)
2013-08-20 08:13:40,0.0,2758.636951967793,cand_011 (USDJPY)
2013-08-20 13:00:00,-4.353227880710545,2754.283724087082,cand_011 (USDJPY)
2013-08-21 08:00:00,0.6347180141800342,2754.9184421012624,cand_007 (EURJPY)
2013-08-21 08:24:40,0.0,2754.9184421012624,cand_007 (EURJPY)
2013-08-21 11:01:40,-38.30840574583596,2716.610036355426,cand_007 (EURJPY)
2013-08-22 07:00:00,0.5222644599299877,2717.1323008153563,cand_011 (USDJPY)
2013-08-22 08:00:00,0.6347180141800342,2717.767018829536,cand_007 (EURJPY)
2013-08-23 07:00:00,0.5222644599299877,2718.2892832894663,cand_011 (USDJPY)
2013-08-23 08:00:00,0.6347180141800342,2718.924001303646,cand_007 (EURJPY)
2013-08-26 07:00:00,0.5222644599299877,2719.4462657635763,cand_011 (USDJPY)
2013-08-30 07:00:00,0.5222644599299877,2719.968530223506,cand_011 (USDJPY)
2013-09-02 07:00:00,0.5222644599299877,2720.4907946834364,cand_011 (USDJPY)
2013-09-02 08:00:00,0.6347180141800342,2721.125512697616,cand_007 (EURJPY)
2013-09-02 09:42:20,0.0,2721.125512697616,cand_011 (USDJPY)
2013-09-02 13:00:00,30.690717380591636,2751.816230078208,cand_011 (USDJPY)
2013-09-03 07:00:00,0.5222644599299877,2752.338494538138,cand_011 (USDJPY)
2013-09-03 08:00:00,0.6347180141800342,2752.973212552318,cand_007 (EURJPY)
2013-09-04 07:00:00,0.5222644599299877,2753.495477012248,cand_011 (USDJPY)
2013-09-04 09:03:40,0.0,2753.495477012248,cand_011 (USDJPY)
2013-09-04 13:00:00,-16.66638055953049,2736.8290964527173,cand_011 (USDJPY)
2013-09-06 07:00:00,0.5222644599299877,2737.3513609126476,cand_011 (USDJPY)
2013-09-09 07:00:00,0.5222644599299877,2737.8736253725774,cand_011 (USDJPY)
2013-09-09 08:00:00,0.6347180141800342,2738.5083433867576,cand_007 (EURJPY)
2013-09-11 07:00:00,0.5222644599299877,2739.0306078466874,cand_011 (USDJPY)
2013-09-11 08:00:00,0.6347180141800342,2739.6653258608676,cand_007 (EURJPY)
2013-09-12 09:12:40,0.0,2739.6653258608676,cand_011 (USDJPY)
2013-09-12 13:00:00,-7.419227474887767,2732.2460983859796,cand_011 (USDJPY)
2013-09-17 07:00:00,0.5222644599299877,2732.76836284591,cand_011 (USDJPY)
2013-09-19 08:00:00,0.6347180141800342,2733.4030808600896,cand_007 (EURJPY)
2013-09-20 07:00:00,0.5222644599299877,2733.92534532002,cand_011 (USDJPY)
2013-09-20 08:00:00,0.6347180141800342,2734.5600633341996,cand_007 (EURJPY)
2013-09-23 09:12:40,0.0,2734.5600633341996,cand_011 (USDJPY)
2013-09-23 13:00:00,-1.677390559539843,2732.88267277466,cand_011 (USDJPY)
2013-09-26 07:00:00,0.5222644599299877,2733.40493723459,cand_011 (USDJPY)
2013-09-26 08:00:00,0.6347180141800342,2734.03965524877,cand_007 (EURJPY)
2013-09-27 09:01:40,0.0,2734.03965524877,cand_011 (USDJPY)
2013-09-27 13:00:00,-4.236486413196783,2729.803168835573,cand_011 (USDJPY)
2013-10-01 07:45:40,0.0,2729.803168835573,cand_011 (USDJPY)
2013-10-01 08:00:00,0.6347180141800342,2730.4378868497533,cand_007 (EURJPY)
2013-10-01 13:00:00,10.924543644182569,2741.362430493936,cand_011 (USDJPY)
2013-10-02 09:54:40,0.0,2741.362430493936,cand_011 (USDJPY)
2013-10-02 13:00:00,3.969209895467907,2745.3316403894037,cand_011 (USDJPY)
2013-10-03 08:00:00,0.6347180141800342,2745.966358403584,cand_007 (EURJPY)
2013-10-09 07:00:00,0.5222644599299877,2746.4886228635137,cand_011 (USDJPY)
2013-10-09 08:00:00,0.6347180141800342,2747.123340877694,cand_007 (EURJPY)
2013-10-10 07:00:00,0.5222644599299877,2747.6456053376237,cand_011 (USDJPY)
2013-10-11 07:00:00,0.5222644599299877,2748.167869797554,cand_011 (USDJPY)
2013-10-11 08:00:00,0.6347180141800342,2748.8025878117337,cand_007 (EURJPY)
2013-10-15 07:00:00,0.5222644599299877,2749.324852271664,cand_011 (USDJPY)
2013-10-16 07:00:00,0.5222644599299877,2749.847116731594,cand_011 (USDJPY)
2013-10-17 07:00:00,0.5222644599299877,2750.3693811915236,cand_011 (USDJPY)
2013-10-23 07:06:40,0.0,2750.3693811915236,cand_011 (USDJPY)
2013-10-23 13:00:00,5.3670353617511095,2755.736416553275,cand_011 (USDJPY)
2013-10-28 07:00:00,0.5222644599299877,2756.258681013205,cand_011 (USDJPY)
2013-11-06 07:00:00,0.5222644599299877,2756.780945473135,cand_011 (USDJPY)
2013-11-06 08:00:00,0.6347180141800342,2757.415663487315,cand_007 (EURJPY)
2013-11-11 07:00:00,0.5222644599299877,2757.937927947245,cand_011 (USDJPY)
2013-11-12 07:00:00,0.5222644599299877,2758.460192407175,cand_011 (USDJPY)
2013-11-12 08:00:00,0.6347180141800342,2759.094910421355,cand_007 (EURJPY)
2013-11-12 09:18:00,0.0,2759.094910421355,cand_011 (USDJPY)
2013-11-12 13:00:00,1.5391440848524933,2760.6340545062076,cand_011 (USDJPY)
2013-11-14 07:00:00,0.5222644599299877,2761.1563189661374,cand_011 (USDJPY)
2013-11-14 08:00:00,0.6347180141800342,2761.7910369803176,cand_007 (EURJPY)
2013-11-15 07:00:00,0.5222644599299877,2762.3133014402474,cand_011 (USDJPY)
2013-11-18 07:00:00,0.5222644599299877,2762.8355659001772,cand_011 (USDJPY)
2013-11-20 07:00:00,0.5222644599299877,2763.3578303601075,cand_011 (USDJPY)
2013-11-21 07:00:00,0.5222644599299877,2763.8800948200374,cand_011 (USDJPY)
2013-11-21 08:03:40,0.0,2763.8800948200374,cand_011 (USDJPY)
2013-11-21 13:00:00,15.526615179330342,2779.4067099993676,cand_011 (USDJPY)
2013-11-22 07:00:00,0.5222644599299877,2779.928974459298,cand_011 (USDJPY)
2013-11-25 07:00:00,0.5222644599299877,2780.4512389192278,cand_011 (USDJPY)
2013-11-25 08:00:00,0.6347180141800342,2781.085956933408,cand_007 (EURJPY)
2013-11-26 07:00:00,0.5222644599299877,2781.6082213933378,cand_011 (USDJPY)
2013-11-27 07:00:00,0.5222644599299877,2782.1304858532676,cand_011 (USDJPY)
2013-11-27 08:00:00,0.6347180141800342,2782.765203867448,cand_007 (EURJPY)
2013-11-27 09:33:40,0.0,2782.765203867448,cand_011 (USDJPY)
2013-11-27 13:00:00,4.347083592946663,2787.1122874603943,cand_011 (USDJPY)
2013-11-28 07:00:00,0.5222644599299877,2787.6345519203246,cand_011 (USDJPY)
2013-11-28 08:00:00,0.6347180141800342,2788.2692699345043,cand_007 (EURJPY)
2013-11-29 07:00:00,0.5222644599299877,2788.7915343944346,cand_011 (USDJPY)
2013-11-29 08:00:00,0.6347180141800342,2789.4262524086143,cand_007 (EURJPY)
2013-12-02 07:00:00,0.5222644599299877,2789.9485168685446,cand_011 (USDJPY)
2013-12-02 08:00:00,0.6347180141800342,2790.5832348827244,cand_007 (EURJPY)
2013-12-03 07:00:00,0.5222644599299877,2791.1054993426546,cand_011 (USDJPY)
2013-12-03 08:00:00,0.6347180141800342,2791.7402173568344,cand_007 (EURJPY)
2013-12-05 07:33:40,0.0,2791.7402173568344,cand_011 (USDJPY)
2013-12-05 13:00:00,-0.18125648903452515,2791.5589608678,cand_011 (USDJPY)
2013-12-06 08:00:00,0.6347180141800342,2792.19367888198,cand_007 (EURJPY)
2013-12-09 07:00:00,0.5222644599299877,2792.71594334191,cand_011 (USDJPY)
2013-12-11 08:00:00,0.6347180141800342,2793.35066135609,cand_007 (EURJPY)
2013-12-11 09:45:40,0.0,2793.35066135609,cand_011 (USDJPY)
2013-12-11 13:00:00,-6.709562238159372,2786.6410991179305,cand_011 (USDJPY)
2013-12-13 07:00:00,0.5222644599299877,2787.1633635778608,cand_011 (USDJPY)
2013-12-13 08:00:00,0.6347180141800342,2787.7980815920405,cand_007 (EURJPY)
2013-12-18 07:00:00,0.5222644599299877,2788.320346051971,cand_011 (USDJPY)
2013-12-18 08:00:00,0.6347180141800342,2788.9550640661505,cand_007 (EURJPY)
2013-12-19 07:00:00,0.5222644599299877,2789.477328526081,cand_011 (USDJPY)
2013-12-19 08:00:00,0.6347180141800342,2790.1120465402605,cand_007 (EURJPY)
2013-12-20 07:00:00,0.5222644599299877,2790.634311000191,cand_011 (USDJPY)
2013-12-20 08:00:40,0.0,2790.634311000191,cand_011 (USDJPY)
2013-12-20 13:00:00,-9.76634540069077,2780.8679655994997,cand_011 (USDJPY)
2013-12-26 07:00:00,0.5222644599299877,2781.39023005943,cand_011 (USDJPY)
2013-12-27 07:00:00,0.5222644599299877,2781.91249451936,cand_011 (USDJPY)
2013-12-27 08:00:00,0.6347180141800342,2782.54721253354,cand_007 (EURJPY)
2013-12-27 08:42:40,0.0,2782.54721253354,cand_007 (EURJPY)
2013-12-27 13:41:40,89.1588394518694,2871.7060519854094,cand_007 (EURJPY)
2013-12-27 13:41:40,46.228734485781516,2917.934786471191,cand_007 (EURJPY)
2014-01-07 08:00:00,0.6347180141800342,2918.569504485371,cand_007 (EURJPY)
2014-01-08 07:00:00,0.5222644599299877,2919.091768945301,cand_011 (USDJPY)
2014-01-08 08:00:00,0.6347180141800342,2919.726486959481,cand_007 (EURJPY)
2014-01-08 09:18:20,0.0,2919.726486959481,cand_011 (USDJPY)
2014-01-08 13:00:00,-18.94283917604885,2900.783647783432,cand_011 (USDJPY)
2014-01-15 07:00:00,0.5222644599299877,2901.305912243362,cand_011 (USDJPY)
2014-01-16 07:00:00,0.5222644599299877,2901.8281767032922,cand_011 (USDJPY)
2014-01-16 08:00:00,0.6347180141800342,2902.462894717472,cand_007 (EURJPY)
2014-01-21 07:00:00,0.5222644599299877,2902.9851591774022,cand_011 (USDJPY)
2014-01-21 08:00:00,0.6347180141800342,2903.619877191582,cand_007 (EURJPY)
2014-01-22 08:00:00,0.6347180141800342,2904.254595205762,cand_007 (EURJPY)
2014-01-29 07:00:00,0.5222644599299877,2904.776859665692,cand_011 (USDJPY)
2014-02-04 08:05:40,0.0,2904.776859665692,cand_007 (EURJPY)
2014-02-04 08:07:40,0.0,2904.776859665692,cand_011 (USDJPY)
2014-02-04 10:56:40,-39.0732409529229,2865.703618712769,cand_007 (EURJPY)
2014-02-04 10:56:40,-33.51401760809551,2832.189601104674,cand_011 (USDJPY)
2014-03-04 07:00:00,0.5222644599299877,2832.7118655646036,cand_011 (USDJPY)
2014-03-04 08:05:40,0.0,2832.7118655646036,cand_011 (USDJPY)
2014-03-04 13:00:00,0.6021402008604565,2833.314005765464,cand_011 (USDJPY)
2014-03-06 07:00:00,0.5222644599299877,2833.836270225394,cand_011 (USDJPY)
2014-03-06 08:00:00,0.6347180141800342,2834.470988239574,cand_007 (EURJPY)
2014-03-07 07:00:00,0.5222644599299877,2834.993252699504,cand_011 (USDJPY)
2014-03-10 07:00:00,0.5222644599299877,2835.5155171594342,cand_011 (USDJPY)
2014-03-13 08:00:00,0.6347180141800342,2836.150235173614,cand_007 (EURJPY)
2014-03-20 07:00:00,0.5222644599299877,2836.6724996335442,cand_011 (USDJPY)
2014-03-24 07:00:00,0.5222644599299877,2837.194764093474,cand_011 (USDJPY)
2014-03-24 08:00:00,0.6347180141800342,2837.8294821076543,cand_007 (EURJPY)
2014-04-01 07:00:00,0.5222644599299877,2838.351746567584,cand_011 (USDJPY)
2014-04-02 07:00:00,0.5222644599299877,2838.874011027514,cand_011 (USDJPY)
2014-04-03 07:00:00,0.5222644599299877,2839.396275487444,cand_011 (USDJPY)
2014-04-10 07:51:40,0.0,2839.396275487444,cand_011 (USDJPY)
2014-04-10 13:00:00,9.747912537399126,2849.144188024843,cand_011 (USDJPY)
2014-04-11 08:00:00,0.6347180141800342,2849.7789060390232,cand_007 (EURJPY)
2014-04-16 07:00:00,0.5222644599299877,2850.301170498953,cand_011 (USDJPY)
2014-04-18 07:00:00,0.5222644599299877,2850.8234349588834,cand_011 (USDJPY)
2014-05-21 09:35:40,0.0,2850.8234349588834,cand_011 (USDJPY)
2014-05-21 13:00:00,1.4008976101651436,2852.2243325690483,cand_011 (USDJPY)
2014-05-22 07:00:00,0.5222644599299877,2852.7465970289786,cand_011 (USDJPY)
2014-05-22 08:00:00,0.6347180141800342,2853.3813150431583,cand_007 (EURJPY)
2014-06-13 08:00:00,0.6347180141800342,2854.0160330573385,cand_007 (EURJPY)
2014-06-17 07:00:00,0.5222644599299877,2854.5382975172683,cand_011 (USDJPY)
2014-08-20 07:00:00,0.5222644599299877,2855.0605619771986,cand_011 (USDJPY)
2014-08-21 07:00:01,0.5222644599299877,2855.5828264371285,cand_011 (USDJPY)
2014-09-02 07:00:00,0.5222644599299877,2856.1050908970583,cand_011 (USDJPY)
2014-09-05 07:00:00,0.5222644599299877,2856.6273553569886,cand_011 (USDJPY)
2014-09-09 07:00:00,0.5222644599299877,2857.1496198169184,cand_011 (USDJPY)
2014-09-10 07:00:00,0.5222644599299877,2857.6718842768482,cand_011 (USDJPY)
2014-09-10 07:39:40,0.0,2857.6718842768482,cand_011 (USDJPY)
2014-09-10 13:00:00,8.469900682511625,2866.14178495936,cand_011 (USDJPY)
2014-09-12 07:00:00,0.5222644599299877,2866.66404941929,cand_011 (USDJPY)
2014-09-18 07:00:00,0.5222644599299877,2867.18631387922,cand_011 (USDJPY)
2014-09-18 08:00:00,0.6347180141800342,2867.8210318934002,cand_007 (EURJPY)
2014-09-18 08:06:40,0.0,2867.8210318934002,cand_011 (USDJPY)
2014-09-18 08:31:40,0.0,2867.8210318934002,cand_007 (EURJPY)
2014-09-18 13:00:00,-8.482189258039389,2859.338842635361,cand_011 (USDJPY)
2014-09-18 15:00:00,4.258957875148029,2863.597800510509,cand_007 (EURJPY)
2014-09-19 07:00:00,0.5222644599299877,2864.1200649704388,cand_011 (USDJPY)
2014-09-19 08:00:00,0.6347180141800342,2864.754782984619,cand_007 (EURJPY)
2014-09-22 07:00:00,0.5222644599299877,2865.2770474445488,cand_011 (USDJPY)
2014-09-25 07:00:00,0.5222644599299877,2865.7993119044786,cand_011 (USDJPY)
2014-09-26 07:00:00,0.5222644599299877,2866.321576364409,cand_011 (USDJPY)
2014-09-29 07:00:00,0.5222644599299877,2866.8438408243387,cand_011 (USDJPY)
2014-09-29 08:05:40,0.0,2866.8438408243387,cand_011 (USDJPY)
2014-09-29 13:00:00,-5.271798901410936,2861.572041922928,cand_011 (USDJPY)
2014-09-30 07:00:00,0.5222644599299877,2862.0943063828577,cand_011 (USDJPY)
2014-10-01 07:00:00,0.5222644599299877,2862.616570842788,cand_011 (USDJPY)
2014-10-03 08:00:00,0.6347180141800342,2863.2512888569677,cand_007 (EURJPY)
2014-10-06 07:00:00,0.5222644599299877,2863.773553316898,cand_011 (USDJPY)
2014-10-07 08:40:40,0.0,2863.773553316898,cand_011 (USDJPY)
2014-10-07 13:00:00,-8.817052941170969,2854.956500375727,cand_011 (USDJPY)
2014-10-09 09:46:40,0.0,2854.956500375727,cand_011 (USDJPY)
2014-10-09 13:00:00,-10.534381371176048,2844.422119004551,cand_011 (USDJPY)
2014-10-16 08:00:00,0.6347180141800342,2845.0568370187307,cand_007 (EURJPY)
2014-10-17 08:00:00,0.6347180141800342,2845.691555032911,cand_007 (EURJPY)
2014-10-20 07:00:00,0.5222644599299877,2846.2138194928407,cand_011 (USDJPY)
2014-10-20 08:00:00,0.6347180141800342,2846.848537507021,cand_007 (EURJPY)
2014-10-21 07:32:40,0.0,2846.848537507021,cand_011 (USDJPY)
2014-10-21 13:00:00,-25.5909585365694,2821.2575789704515,cand_011 (USDJPY)
2014-10-31 08:00:00,0.6347180141800342,2821.8922969846312,cand_007 (EURJPY)
2014-10-31 08:02:20,0.0,2821.8922969846312,cand_007 (EURJPY)
2014-10-31 15:00:00,85.08712339090448,2906.979420375536,cand_007 (EURJPY)
2014-11-03 07:00:00,0.5222644599299877,2907.5016848354658,cand_011 (USDJPY)
2014-11-03 08:00:00,0.6347180141800342,2908.136402849646,cand_007 (EURJPY)
2014-11-04 07:00:00,0.5222644599299877,2908.658667309576,cand_011 (USDJPY)
2014-11-04 08:00:00,0.6347180141800342,2909.293385323756,cand_007 (EURJPY)
2014-11-05 07:00:00,0.5222644599299877,2909.815649783686,cand_011 (USDJPY)
2014-11-05 07:54:40,0.0,2909.815649783686,cand_011 (USDJPY)
2014-11-05 08:00:00,0.6347180141800342,2910.450367797866,cand_007 (EURJPY)
2014-11-05 13:00:00,11.594271010445729,2922.0446388083114,cand_011 (USDJPY)
2014-11-06 07:00:00,0.5222644599299877,2922.5669032682417,cand_011 (USDJPY)
2014-11-06 08:00:00,0.6347180141800342,2923.2016212824215,cand_007 (EURJPY)
2014-11-07 07:00:00,0.5222644599299877,2923.7238857423517,cand_011 (USDJPY)
2014-11-10 09:47:40,0.0,2923.7238857423517,cand_011 (USDJPY)
2014-11-10 13:00:00,-7.542113230165412,2916.1817725121864,cand_011 (USDJPY)
2014-11-11 07:00:00,0.5222644599299877,2916.7040369721162,cand_011 (USDJPY)
2014-11-11 08:00:00,0.6347180141800342,2917.3387549862964,cand_007 (EURJPY)
2014-11-11 08:50:40,0.0,2917.3387549862964,cand_007 (EURJPY)
2014-11-11 08:51:40,0.0,2917.3387549862964,cand_011 (USDJPY)
2014-11-11 13:00:00,29.240665468315434,2946.579420454612,cand_011 (USDJPY)
2014-11-11 15:00:00,31.71368557850541,2978.293106033117,cand_007 (EURJPY)
2014-11-12 07:00:00,0.5222644599299877,2978.8153704930473,cand_011 (USDJPY)
2014-11-12 08:00:00,0.6347180141800342,2979.450088507227,cand_007 (EURJPY)
2014-11-13 07:00:00,0.5222644599299877,2979.9723529671573,cand_011 (USDJPY)
2014-11-13 08:00:00,0.6347180141800342,2980.607070981337,cand_007 (EURJPY)
2014-11-14 07:00:00,0.5222644599299877,2981.1293354412674,cand_011 (USDJPY)
2014-11-14 08:00:00,0.6347180141800342,2981.764053455447,cand_007 (EURJPY)
2014-11-14 09:05:40,0.0,2981.764053455447,cand_011 (USDJPY)
2014-11-14 13:00:00,1.1090439413807387,2982.8730973968277,cand_011 (USDJPY)
2014-11-17 08:00:00,0.6347180141800342,2983.507815411008,cand_007 (EURJPY)
2014-11-18 07:00:00,0.5222644599299877,2984.0300798709377,cand_011 (USDJPY)
2014-11-19 07:00:00,0.5222644599299877,2984.552344330868,cand_011 (USDJPY)
2014-11-19 08:00:00,0.6347180141800342,2985.1870623450477,cand_007 (EURJPY)
2014-11-20 07:00:00,0.5222644599299877,2985.709326804978,cand_011 (USDJPY)
2014-11-20 07:22:40,0.0,2985.709326804978,cand_011 (USDJPY)
2014-11-20 08:00:00,0.6347180141800342,2986.3440448191577,cand_007 (EURJPY)
2014-11-20 13:00:00,-20.571075433477635,2965.7729693856804,cand_011 (USDJPY)
2014-11-21 08:00:00,0.6347180141800342,2966.40768739986,cand_007 (EURJPY)
2014-11-24 07:00:00,0.5222644599299877,2966.9299518597904,cand_011 (USDJPY)
2014-11-28 07:00:00,0.5222644599299877,2967.4522163197203,cand_011 (USDJPY)
2014-12-01 07:00:00,0.5222644599299877,2967.97448077965,cand_011 (USDJPY)
2014-12-02 07:00:00,0.5222644599299877,2968.4967452395804,cand_011 (USDJPY)
2014-12-02 09:01:40,0.0,2968.4967452395804,cand_011 (USDJPY)
2014-12-02 13:00:00,10.804730032786866,2979.301475272367,cand_011 (USDJPY)
2014-12-03 07:00:00,0.5222644599299877,2979.8237397322973,cand_011 (USDJPY)
2014-12-05 07:00:00,0.5222644599299877,2980.346004192227,cand_011 (USDJPY)
2014-12-08 07:00:00,0.5222644599299877,2980.868268652157,cand_011 (USDJPY)
2014-12-09 08:18:20,0.0,2980.868268652157,cand_011 (USDJPY)
2014-12-09 13:00:00,-1.1274768046723853,2979.7407918474846,cand_011 (USDJPY)
2014-12-16 07:56:40,0.0,2979.7407918474846,cand_011 (USDJPY)
2014-12-16 13:00:00,17.197861451106302,2996.938653298591,cand_011 (USDJPY)
2014-12-18 07:00:00,0.5222644599299877,2997.460917758521,cand_011 (USDJPY)
2014-12-19 07:00:00,0.5222644599299877,2997.983182218451,cand_011 (USDJPY)
2014-12-19 08:00:00,0.6347180141800342,2998.617900232631,cand_007 (EURJPY)
2014-12-19 08:35:40,0.0,2998.617900232631,cand_007 (EURJPY)
2014-12-19 08:36:40,0.0,2998.617900232631,cand_011 (USDJPY)
2014-12-19 13:00:00,-3.0875046013508105,2995.53039563128,cand_011 (USDJPY)
2014-12-19 15:00:00,-13.674999615508836,2981.8553960157715,cand_007 (EURJPY)
2014-12-22 07:00:00,0.5222644599299877,2982.3776604757013,cand_011 (USDJPY)
2014-12-24 07:00:00,0.5222644599299877,2982.8999249356316,cand_011 (USDJPY)
2014-12-29 08:00:00,0.6347180141800342,2983.5346429498113,cand_007 (EURJPY)
2014-12-30 08:03:40,0.0,2983.5346429498113,cand_007 (EURJPY)
2014-12-30 09:09:40,0.0,2983.5346429498113,cand_011 (USDJPY)
2014-12-30 10:06:40,48.82865485957191,3032.3632978093833,cand_011 (USDJPY)
2014-12-30 10:06:40,36.64729715328724,3069.0105949626704,cand_011 (USDJPY)
2014-12-30 15:00:00,33.22748804232479,3102.238083004995,cand_007 (EURJPY)
2015-01-02 07:00:00,0.5222644599299877,3102.7603474649254,cand_011 (USDJPY)
2015-01-05 07:00:00,0.5222644599299877,3103.2826119248552,cand_011 (USDJPY)
2015-01-06 07:53:40,0.0,3103.2826119248552,cand_011 (USDJPY)
2015-01-06 08:45:40,0.0,3103.2826119248552,cand_007 (EURJPY)
2015-01-06 13:00:00,-2.0122542426714234,3101.2703576821837,cand_011 (USDJPY)
2015-01-06 15:00:00,14.179600436781962,3115.4499581189657,cand_007 (EURJPY)
2015-01-08 07:00:00,0.5222644599299877,3115.9722225788955,cand_011 (USDJPY)
2015-01-08 09:00:40,0.0,3115.9722225788955,cand_011 (USDJPY)
2015-01-08 13:00:00,-5.846289807333922,3110.1259327715616,cand_011 (USDJPY)
2015-01-13 08:00:00,0.6347180141800342,3110.7606507857417,cand_007 (EURJPY)
2015-01-13 08:12:40,0.0,3110.7606507857417,cand_007 (EURJPY)
2015-01-13 14:50:20,-42.548322080558584,3068.212328705183,cand_007 (EURJPY)
2015-01-14 07:26:40,0.0,3068.212328705183,cand_011 (USDJPY)
2015-01-14 08:17:40,0.0,3068.212328705183,cand_007 (EURJPY)
2015-01-14 13:00:00,5.198067448244349,3073.4103961534274,cand_011 (USDJPY)
2015-01-14 15:00:00,23.72575937004968,3097.136155523477,cand_007 (EURJPY)
2015-01-15 07:00:00,0.5222644599299877,3097.658419983407,cand_011 (USDJPY)
2015-01-15 08:10:40,0.0,3097.658419983407,cand_011 (USDJPY)
2015-01-15 11:32:40,-34.88419377944124,3062.774226203966,cand_011 (USDJPY)
2015-01-20 08:00:00,0.6347180141800342,3063.4089442181457,cand_007 (EURJPY)
2015-01-20 08:31:20,0.0,3063.4089442181457,cand_007 (EURJPY)
2015-01-20 15:00:00,19.200219928946034,3082.609164147092,cand_007 (EURJPY)
2015-01-21 08:53:40,0.0,3082.609164147092,cand_007 (EURJPY)
2015-01-21 15:00:00,-7.077105858107381,3075.5320582889844,cand_007 (EURJPY)
2015-01-22 08:00:00,0.6347180141800342,3076.1667763031646,cand_007 (EURJPY)
2015-01-23 08:01:40,0.0,3076.1667763031646,cand_007 (EURJPY)
2015-01-23 13:59:40,112.43394903185124,3188.600725335016,cand_007 (EURJPY)
2015-01-23 13:59:40,41.8802813706341,3230.48100670565,cand_007 (EURJPY)
2015-01-27 08:47:40,0.0,3230.48100670565,cand_007 (EURJPY)
2015-01-27 10:37:40,-47.68319081527507,3182.7978158903747,cand_007 (EURJPY)
2015-01-27 10:37:40,42.38329539687179,3225.1811112872465,cand_007 (EURJPY)
2015-01-28 08:00:00,0.6347180141800342,3225.8158293014267,cand_007 (EURJPY)
2015-01-30 08:00:00,0.6347180141800342,3226.450547315607,cand_007 (EURJPY)
2015-02-04 07:00:00,0.5222644599299877,3226.9728117755367,cand_011 (USDJPY)
2015-02-04 08:00:00,0.6347180141800342,3227.607529789717,cand_007 (EURJPY)
2015-02-09 07:00:00,0.5222644599299877,3228.1297942496467,cand_011 (USDJPY)
2015-02-10 07:00:00,0.5222644599299877,3228.6520587095765,cand_011 (USDJPY)
2015-02-11 07:00:00,0.5222644599299877,3229.1743231695064,cand_011 (USDJPY)
2015-02-12 07:00:00,0.5222644599299877,3229.6965876294366,cand_011 (USDJPY)
2015-02-18 07:00:00,0.5222644599299877,3230.2188520893665,cand_011 (USDJPY)
2015-02-24 07:00:00,0.5222644599299877,3230.7411165492963,cand_011 (USDJPY)
2015-02-24 08:41:40,0.0,3230.7411165492963,cand_011 (USDJPY)
2015-02-24 13:00:00,11.876908247584309,3242.6180247968805,cand_011 (USDJPY)
2015-02-26 07:00:00,0.5222644599299877,3243.140289256811,cand_011 (USDJPY)
2015-02-27 07:00:00,0.5222644599299877,3243.6625537167406,cand_011 (USDJPY)
2015-03-02 07:00:00,0.5222644599299877,3244.1848181766704,cand_011 (USDJPY)
2015-03-04 07:00:00,0.5222644599299877,3244.7070826366007,cand_011 (USDJPY)
2015-03-05 07:00:00,0.5222644599299877,3245.2293470965305,cand_011 (USDJPY)
2015-03-06 07:00:00,0.5222644599299877,3245.7516115564604,cand_011 (USDJPY)
2015-03-09 07:00:00,0.5222644599299877,3246.27387601639,cand_011 (USDJPY)
2015-03-10 07:00:00,0.5222644599299877,3246.79614047632,cand_011 (USDJPY)
2015-03-11 07:00:00,0.5222644599299877,3247.3184049362503,cand_011 (USDJPY)
2015-03-12 07:00:00,0.5222644599299877,3247.84066939618,cand_011 (USDJPY)
2015-03-19 08:00:00,0.6347180141800342,3248.4753874103603,cand_007 (EURJPY)
2015-03-23 08:00:00,0.6347180141800342,3249.11010542454,cand_007 (EURJPY)
2015-03-24 08:00:00,0.6347180141800342,3249.7448234387202,cand_007 (EURJPY)
2015-03-26 07:10:20,0.0,3249.7448234387202,cand_011 (USDJPY)
2015-03-26 13:00:00,32.77055878866576,3282.515382227386,cand_011 (USDJPY)
2015-03-27 07:00:00,0.5222644599299877,3283.037646687316,cand_011 (USDJPY)
2015-03-31 07:00:00,0.5222644599299877,3283.559911147246,cand_011 (USDJPY)
2015-03-31 08:51:40,0.0,3283.559911147246,cand_007 (EURJPY)
2015-03-31 15:00:00,35.48708417280571,3319.046995320052,cand_007 (EURJPY)
2015-04-08 07:00:00,0.5222644599299877,3319.5692597799816,cand_011 (USDJPY)
2015-04-09 07:00:00,0.5222644599299877,3320.0915242399115,cand_011 (USDJPY)
2015-04-13 07:00:00,0.5222644599299877,3320.6137886998413,cand_011 (USDJPY)
2015-04-14 08:19:40,0.0,3320.6137886998413,cand_007 (EURJPY)
2015-04-14 15:00:00,-17.892700819735165,3302.721087880106,cand_007 (EURJPY)
2015-04-16 08:00:00,0.6347180141800342,3303.3558058942863,cand_007 (EURJPY)
2015-04-20 08:03:40,0.0,3303.3558058942863,cand_007 (EURJPY)
2015-04-20 08:29:40,0.0,3303.3558058942863,cand_011 (USDJPY)
2015-04-20 13:00:00,-13.744771727804503,3289.6110341664817,cand_011 (USDJPY)
2015-04-20 15:00:00,5.011098721951369,3294.622132888433,cand_007 (EURJPY)
2015-04-21 07:00:00,0.5222644599299877,3295.1443973483633,cand_011 (USDJPY)
2015-04-24 08:00:00,0.6347180141800342,3295.779115362543,cand_007 (EURJPY)
2015-04-30 07:04:40,0.0,3295.779115362543,cand_011 (USDJPY)
2015-04-30 08:00:00,0.6347180141800342,3296.4138333767232,cand_007 (EURJPY)
2015-04-30 13:00:00,-14.107284705873553,3282.3065486708497,cand_011 (USDJPY)
2015-05-01 07:00:00,0.5222644599299877,3282.82881313078,cand_011 (USDJPY)
2015-05-06 08:00:00,0.6347180141800342,3283.4635311449597,cand_007 (EURJPY)
2015-05-08 07:00:00,0.5222644599299877,3283.98579560489,cand_011 (USDJPY)
2015-05-11 07:00:00,0.5222644599299877,3284.50806006482,cand_011 (USDJPY)
2015-05-12 08:00:00,0.6347180141800342,3285.142778079,cand_007 (EURJPY)
2015-05-12 08:05:40,0.0,3285.142778079,cand_007 (EURJPY)
2015-05-12 15:00:00,23.22433213884745,3308.3671102178473,cand_007 (EURJPY)
2015-05-13 08:00:00,0.6347180141800342,3309.001828232027,cand_007 (EURJPY)
2015-05-15 07:00:00,0.5222644599299877,3309.5240926919573,cand_011 (USDJPY)
2015-05-15 08:00:00,0.6347180141800342,3310.158810706137,cand_007 (EURJPY)
2015-05-18 07:00:00,0.5222644599299877,3310.6810751660673,cand_011 (USDJPY)
2015-05-20 07:00:00,0.5222644599299877,3311.203339625997,cand_011 (USDJPY)
2015-05-20 09:42:40,0.0,3311.203339625997,cand_011 (USDJPY)
2015-05-20 13:00:00,-10.724854291856396,3300.4784853341407,cand_011 (USDJPY)
2015-05-21 07:00:00,0.5222644599299877,3301.0007497940705,cand_011 (USDJPY)
2015-05-25 07:00:00,0.5222644599299877,3301.5230142540004,cand_011 (USDJPY)
2015-05-26 07:00:00,0.5222644599299877,3302.0452787139307,cand_011 (USDJPY)
2015-05-26 09:00:40,0.0,3302.0452787139307,cand_011 (USDJPY)
2015-05-26 12:01:40,37.743745304752025,3339.7890240186825,cand_011 (USDJPY)
2015-05-26 12:01:40,46.36172332237321,3386.1507473410556,cand_011 (USDJPY)
2015-05-27 07:00:00,0.5222644599299877,3386.6730118009855,cand_011 (USDJPY)
2015-05-28 07:00:00,0.5222644599299877,3387.1952762609158,cand_011 (USDJPY)
2015-05-28 08:00:00,0.6347180141800342,3387.8299942750955,cand_007 (EURJPY)
2015-05-29 07:00:00,0.5222644599299877,3388.3522587350258,cand_011 (USDJPY)
2015-06-01 07:00:00,0.5222644599299877,3388.8745231949556,cand_011 (USDJPY)
2015-06-02 07:00:00,0.5222644599299877,3389.3967876548854,cand_011 (USDJPY)
2015-06-04 07:00:00,0.5222644599299877,3389.9190521148157,cand_011 (USDJPY)
2015-06-05 08:00:00,0.6347180141800342,3390.5537701289954,cand_007 (EURJPY)
2015-06-08 07:00:00,0.5222644599299877,3391.0760345889257,cand_011 (USDJPY)
2015-06-09 08:57:40,0.0,3391.0760345889257,cand_011 (USDJPY)
2015-06-09 13:00:00,5.542147563021753,3396.618182151947,cand_011 (USDJPY)
2015-06-10 07:15:40,0.0,3396.618182151947,cand_011 (USDJPY)
2015-06-10 07:49:20,37.78552646154642,3434.4037086134936,cand_011 (USDJPY)
2015-06-10 07:49:20,56.05126512601545,3490.454973739509,cand_011 (USDJPY)
2015-06-10 08:41:20,0.0,3490.454973739509,cand_007 (EURJPY)
2015-06-10 10:19:20,-47.52133772165916,3442.93363601785,cand_007 (EURJPY)
2015-06-16 07:00:00,0.5222644599299877,3443.45590047778,cand_011 (USDJPY)
2015-06-18 08:25:40,0.0,3443.45590047778,cand_011 (USDJPY)
2015-06-18 13:00:00,17.14256286123136,3460.5984633390112,cand_011 (USDJPY)
2015-06-23 07:00:00,0.5222644599299877,3461.120727798941,cand_011 (USDJPY)
2015-07-02 07:00:00,0.5222644599299877,3461.6429922588713,cand_011 (USDJPY)
2015-07-02 08:00:00,0.6347180141800342,3462.277710273051,cand_007 (EURJPY)
2015-07-08 09:30:40,0.0,3462.277710273051,cand_011 (USDJPY)
2015-07-08 13:00:00,15.26855509324729,3477.5462653662985,cand_011 (USDJPY)
2015-07-09 08:00:00,0.6347180141800342,3478.1809833804787,cand_007 (EURJPY)
2015-07-09 08:07:40,0.0,3478.1809833804787,cand_007 (EURJPY)
2015-07-09 15:00:00,-7.315125113424894,3470.8658582670537,cand_007 (EURJPY)
2015-07-10 07:00:00,0.5222644599299877,3471.3881227269835,cand_011 (USDJPY)
2015-07-10 08:00:00,0.6347180141800342,3472.0228407411637,cand_007 (EURJPY)
2015-07-10 08:50:40,0.0,3472.0228407411637,cand_007 (EURJPY)
2015-07-10 15:00:00,66.10905476692146,3538.131895508085,cand_007 (EURJPY)
2015-07-13 07:00:00,0.5222644599299877,3538.654159968015,cand_011 (USDJPY)
2015-07-13 08:00:00,0.6347180141800342,3539.288877982195,cand_007 (EURJPY)
2015-07-13 09:48:40,0.0,3539.288877982195,cand_011 (USDJPY)
2015-07-13 13:00:00,27.378946275859125,3566.667824258054,cand_011 (USDJPY)
2015-07-14 07:00:00,0.5222644599299877,3567.1900887179845,cand_011 (USDJPY)
2015-07-22 08:00:00,0.6347180141800342,3567.8248067321642,cand_007 (EURJPY)
2015-07-28 07:00:00,0.5222644599299877,3568.3470711920945,cand_011 (USDJPY)
2015-07-30 07:00:00,0.5222644599299877,3568.8693356520243,cand_011 (USDJPY)
2015-08-11 07:00:00,0.5222644599299877,3569.391600111954,cand_011 (USDJPY)
2015-08-11 08:00:00,0.6347180141800342,3570.0263181261344,cand_007 (EURJPY)
2015-08-12 08:00:00,0.6347180141800342,3570.6610361403145,cand_007 (EURJPY)
2015-08-24 08:00:00,0.6347180141800342,3571.2957541544943,cand_007 (EURJPY)
2015-08-25 08:00:00,0.6347180141800342,3571.930472168674,cand_007 (EURJPY)
2015-08-27 07:00:00,0.5222644599299877,3572.4527366286043,cand_011 (USDJPY)
2015-08-28 07:00:00,0.5222644599299877,3572.9750010885346,cand_011 (USDJPY)
2015-08-31 07:00:00,0.5222644599299877,3573.4972655484644,cand_011 (USDJPY)
2015-08-31 08:00:00,0.6347180141800342,3574.1319835626446,cand_007 (EURJPY)
2015-09-01 09:02:40,0.0,3574.1319835626446,cand_011 (USDJPY)
2015-09-01 13:00:00,29.572457007565074,3603.7044405702095,cand_011 (USDJPY)
2015-09-03 07:00:00,0.5222644599299877,3604.22670503014,cand_011 (USDJPY)
2015-09-04 07:18:40,0.0,3604.22670503014,cand_011 (USDJPY)
2015-09-04 13:00:00,4.128961377328844,3608.3556664074686,cand_011 (USDJPY)
2015-09-08 08:00:00,0.6347180141800342,3608.9903844216483,cand_007 (EURJPY)
2015-09-09 07:00:00,0.5222644599299877,3609.5126488815786,cand_011 (USDJPY)
2015-09-09 08:00:00,0.6347180141800342,3610.1473668957583,cand_007 (EURJPY)
2015-09-09 09:46:40,0.0,3610.1473668957583,cand_011 (USDJPY)
2015-09-09 13:00:00,-3.7203662410306775,3606.4270006547276,cand_011 (USDJPY)
2015-09-10 07:00:00,0.5222644599299877,3606.9492651146575,cand_011 (USDJPY)
2015-09-10 07:53:40,0.0,3606.9492651146575,cand_011 (USDJPY)
2015-09-10 08:00:00,0.6347180141800342,3607.5839831288376,cand_007 (EURJPY)
2015-09-10 13:00:00,26.91812469356796,3634.5021078224054,cand_011 (USDJPY)
2015-09-11 07:00:00,0.5222644599299877,3635.0243722823357,cand_011 (USDJPY)
2015-09-14 08:00:00,0.6347180141800342,3635.6590902965154,cand_007 (EURJPY)
2015-09-15 08:56:40,0.0,3635.6590902965154,cand_007 (EURJPY)
2015-09-15 09:00:40,0.0,3635.6590902965154,cand_011 (USDJPY)
2015-09-15 13:00:00,6.264101375277912,3641.9231916717936,cand_011 (USDJPY)
2015-09-15 15:00:00,11.034572676519895,3652.9577643483135,cand_007 (EURJPY)
2015-09-17 07:00:00,0.5222644599299877,3653.4800288082433,cand_011 (USDJPY)
2015-09-17 08:13:40,0.0,3653.4800288082433,cand_011 (USDJPY)
2015-09-17 13:00:00,2.6942701844623484,3656.174298992706,cand_011 (USDJPY)
2015-09-18 08:00:00,0.6347180141800342,3656.809017006886,cand_007 (EURJPY)
2015-09-22 07:00:00,0.5222644599299877,3657.331281466816,cand_011 (USDJPY)
2015-09-24 08:00:00,0.6347180141800342,3657.965999480996,cand_007 (EURJPY)
2015-09-25 07:00:00,0.5222644599299877,3658.488263940926,cand_011 (USDJPY)
2015-09-25 09:24:40,0.0,3658.488263940926,cand_011 (USDJPY)
2015-09-25 13:00:00,20.377530368915345,3678.8657943098415,cand_011 (USDJPY)
2015-09-28 08:13:40,0.0,3678.8657943098415,cand_007 (EURJPY)
2015-09-28 15:00:00,9.193890435397794,3688.059684745239,cand_007 (EURJPY)
2015-09-29 08:04:40,0.0,3688.059684745239,cand_011 (USDJPY)
2015-09-29 13:00:00,-23.320644207814922,3664.7390405374244,cand_011 (USDJPY)
2015-10-01 07:00:00,0.5222644599299877,3665.2613049973543,cand_011 (USDJPY)
2015-10-02 07:00:00,0.5222644599299877,3665.783569457284,cand_011 (USDJPY)
2015-10-07 08:00:00,0.6347180141800342,3666.4182874714643,cand_007 (EURJPY)
2015-10-16 07:00:00,0.5222644599299877,3666.940551931394,cand_011 (USDJPY)
2015-10-19 07:00:00,0.5222644599299877,3667.4628163913244,cand_011 (USDJPY)
2015-10-19 08:00:00,0.6347180141800342,3668.097534405504,cand_007 (EURJPY)
2015-10-23 07:00:00,0.5222644599299877,3668.6197988654344,cand_011 (USDJPY)
2015-10-26 07:00:00,0.5222644599299877,3669.1420633253647,cand_011 (USDJPY)
2015-10-29 07:00:00,0.5222644599299877,3669.6643277852945,cand_011 (USDJPY)
2015-10-30 08:00:00,0.6347180141800342,3670.2990457994747,cand_007 (EURJPY)
2015-11-04 07:00:00,0.5222644599299877,3670.8213102594045,cand_011 (USDJPY)
2015-11-09 07:00:00,0.5222644599299877,3671.3435747193344,cand_011 (USDJPY)
2015-11-19 08:00:00,0.6347180141800342,3671.9782927335145,cand_007 (EURJPY)
2015-11-23 07:00:00,0.5222644599299877,3672.5005571934444,cand_011 (USDJPY)
2015-12-01 07:00:00,0.5222644599299877,3673.0228216533746,cand_011 (USDJPY)
2015-12-04 08:00:00,0.6347180141800342,3673.6575396675544,cand_007 (EURJPY)
2015-12-10 08:00:00,0.6347180141800342,3674.2922576817346,cand_007 (EURJPY)
2015-12-11 07:00:00,0.5222644599299877,3674.8145221416644,cand_011 (USDJPY)
2015-12-15 08:02:40,0.0,3674.8145221416644,cand_011 (USDJPY)
2015-12-15 13:00:00,-15.935210315628508,3658.8793118260364,cand_011 (USDJPY)
2015-12-16 07:00:00,0.5222644599299877,3659.4015762859663,cand_011 (USDJPY)
2015-12-17 07:00:00,0.5222644599299877,3659.923840745896,cand_011 (USDJPY)
2015-12-18 07:00:00,0.5222644599299877,3660.4461052058264,cand_011 (USDJPY)
2015-12-24 09:53:40,0.0,3660.4461052058264,cand_011 (USDJPY)
2015-12-24 13:00:00,5.821712656278393,3666.2678178621045,cand_011 (USDJPY)
2016-01-04 07:39:40,0.0,3666.2678178621045,cand_011 (USDJPY)
2016-01-04 13:00:00,16.156404675128268,3682.4242225372327,cand_011 (USDJPY)
2016-01-08 07:00:00,0.5222644599299877,3682.946486997163,cand_011 (USDJPY)
2016-01-08 08:00:00,0.6347180141800342,3683.5812050113427,cand_007 (EURJPY)
2016-01-12 08:42:40,0.0,3683.5812050113427,cand_011 (USDJPY)
2016-01-12 13:00:00,-28.521783799941215,3655.059421211402,cand_011 (USDJPY)
2016-01-13 07:00:00,0.5222644599299877,3655.581685671332,cand_011 (USDJPY)
2016-01-13 08:00:00,0.6347180141800342,3656.216403685512,cand_007 (EURJPY)
2016-01-19 07:00:00,0.5222644599299877,3656.738668145442,cand_011 (USDJPY)
2016-01-19 07:35:40,0.0,3656.738668145442,cand_011 (USDJPY)
2016-01-19 13:00:00,7.2379709858532415,3663.976639131295,cand_011 (USDJPY)
2016-01-20 08:07:40,0.0,3663.976639131295,cand_011 (USDJPY)
2016-01-20 13:00:00,15.935210315628508,3679.9118494469235,cand_011 (USDJPY)
2016-01-21 08:01:20,0.0,3679.9118494469235,cand_011 (USDJPY)
2016-01-21 13:00:00,-12.445254865743413,3667.4665945811803,cand_011 (USDJPY)
2016-01-22 07:00:00,0.5222644599299877,3667.98885904111,cand_011 (USDJPY)
2016-01-22 07:31:40,0.0,3667.98885904111,cand_011 (USDJPY)
2016-01-22 08:00:00,0.6347180141800342,3668.6235770552903,cand_007 (EURJPY)
2016-01-22 13:00:00,5.406973232216345,3674.0305502875062,cand_011 (USDJPY)
2016-01-25 07:00:00,0.5222644599299877,3674.5528147474365,cand_011 (USDJPY)
2016-01-25 08:00:00,0.6347180141800342,3675.1875327616162,cand_007 (EURJPY)
2016-01-26 08:23:40,0.0,3675.1875327616162,cand_011 (USDJPY)
2016-01-26 13:00:00,-27.606284923122764,3647.5812478384937,cand_011 (USDJPY)
2016-01-27 07:00:00,0.5222644599299877,3648.103512298424,cand_011 (USDJPY)
2016-01-28 07:00:00,0.5222644599299877,3648.625776758354,cand_011 (USDJPY)
2016-02-01 07:00:00,0.5222644599299877,3649.1480412182837,cand_011 (USDJPY)
2016-02-02 07:26:40,0.0,3649.1480412182837,cand_011 (USDJPY)
2016-02-02 13:00:00,-20.650951174408103,3628.4970900438757,cand_011 (USDJPY)
2016-02-08 07:00:00,0.5222644599299877,3629.0193545038055,cand_011 (USDJPY)
2016-02-08 07:31:40,0.0,3629.0193545038055,cand_011 (USDJPY)
2016-02-08 08:00:00,0.6347180141800342,3629.6540725179857,cand_007 (EURJPY)
2016-02-08 08:44:40,0.0,3629.6540725179857,cand_007 (EURJPY)
2016-02-08 11:58:40,-40.481639932337934,3589.1724325856476,cand_011 (USDJPY)
2016-02-08 13:05:40,-40.10783131603635,3549.0646012696116,cand_007 (EURJPY)
2016-02-08 13:05:40,41.30522684978699,3590.3698281193983,cand_007 (EURJPY)
2016-03-02 07:00:00,0.5222644599299877,3590.8920925793286,cand_011 (USDJPY)
2016-03-02 08:00:00,0.6347180141800342,3591.5268105935083,cand_007 (EURJPY)
2016-03-02 08:45:40,0.0,3591.5268105935083,cand_011 (USDJPY)
2016-03-02 13:00:00,2.632827306823527,3594.159637900332,cand_011 (USDJPY)
2016-03-03 07:00:00,0.5222644599299877,3594.681902360262,cand_011 (USDJPY)
2016-03-03 07:06:40,0.0,3594.681902360262,cand_011 (USDJPY)
2016-03-03 08:00:00,0.6347180141800342,3595.316620374442,cand_007 (EURJPY)
2016-03-03 08:30:40,0.0,3595.316620374442,cand_007 (EURJPY)
2016-03-03 13:00:00,-17.526580846474,3577.7900395279685,cand_011 (USDJPY)
2016-03-03 15:00:00,5.01744590209317,3582.807485430061,cand_007 (EURJPY)
2016-03-04 07:00:00,0.5222644599299877,3583.3297498899915,cand_011 (USDJPY)
2016-03-04 07:53:40,0.0,3583.3297498899915,cand_011 (USDJPY)
2016-03-04 08:00:00,0.6347180141800342,3583.964467904171,cand_007 (EURJPY)
2016-03-04 13:00:00,-9.889231155968416,3574.0752367482028,cand_011 (USDJPY)
2016-03-08 08:00:00,0.6347180141800342,3574.709954762383,cand_007 (EURJPY)
2016-03-10 07:00:00,0.5222644599299877,3575.232219222313,cand_011 (USDJPY)
2016-03-10 08:00:00,0.6347180141800342,3575.866937236493,cand_007 (EURJPY)
2016-03-11 07:00:00,0.5222644599299877,3576.389201696423,cand_011 (USDJPY)
2016-03-11 08:00:00,0.6347180141800342,3577.023919710603,cand_007 (EURJPY)
2016-03-11 09:16:40,0.0,3577.023919710603,cand_011 (USDJPY)
2016-03-11 13:00:00,4.049085636398376,3581.0730053470015,cand_011 (USDJPY)
2016-03-14 07:00:00,0.5222644599299877,3581.5952698069314,cand_011 (USDJPY)
2016-03-15 07:53:40,0.0,3581.5952698069314,cand_011 (USDJPY)
2016-03-15 13:00:00,0.9216431645823313,3582.5169129715136,cand_011 (USDJPY)
2016-03-16 07:00:00,0.5222644599299877,3583.039177431444,cand_011 (USDJPY)
2016-03-17 07:21:40,0.0,3583.039177431444,cand_011 (USDJPY)
2016-03-17 13:00:00,49.16659068658544,3632.205768118029,cand_011 (USDJPY)
2016-03-22 07:00:00,0.5222644599299877,3632.7280325779593,cand_011 (USDJPY)
2016-03-23 07:00:00,0.5222644599299877,3633.250297037889,cand_011 (USDJPY)
2016-03-24 07:00:00,0.5222644599299877,3633.772561497819,cand_011 (USDJPY)
2016-03-24 08:00:00,0.6347180141800342,3634.407279511999,cand_007 (EURJPY)
2016-03-25 07:00:00,0.5222644599299877,3634.929543971929,cand_011 (USDJPY)
2016-03-25 08:00:00,0.6347180141800342,3635.564261986109,cand_007 (EURJPY)
2016-03-28 07:00:00,0.5222644599299877,3636.086526446039,cand_011 (USDJPY)
2016-03-29 07:00:00,0.5222644599299877,3636.6087909059693,cand_011 (USDJPY)
2016-03-30 08:14:40,0.0,3636.6087909059693,cand_011 (USDJPY)
2016-03-30 13:00:00,-3.3916468456629794,3633.217144060306,cand_011 (USDJPY)
2016-04-01 08:00:00,0.6347180141800342,3633.8518620744862,cand_007 (EURJPY)
2016-04-04 08:24:40,0.0,3633.8518620744862,cand_007 (EURJPY)
2016-04-04 15:00:00,-9.781004598514327,3624.070857475972,cand_007 (EURJPY)
2016-04-05 08:12:40,0.0,3624.070857475972,cand_007 (EURJPY)
2016-04-05 09:27:40,0.0,3624.070857475972,cand_011 (USDJPY)
2016-04-05 13:00:00,12.964447181791462,3637.0353046577634,cand_011 (USDJPY)
2016-04-05 15:00:00,20.58707878992941,3657.6223834476928,cand_007 (EURJPY)
2016-04-07 08:18:40,0.0,3657.6223834476928,cand_007 (EURJPY)
2016-04-07 08:18:40,0.0,3657.6223834476928,cand_011 (USDJPY)
2016-04-07 13:00:00,36.92716946093208,3694.5495529086247,cand_011 (USDJPY)
2016-04-07 15:00:00,47.87677980959998,3742.426332718225,cand_007 (EURJPY)
2016-04-13 07:00:00,0.5222644599299877,3742.948597178155,cand_011 (USDJPY)
2016-04-13 09:37:40,0.0,3742.948597178155,cand_011 (USDJPY)
2016-04-13 13:00:00,8.049016970685694,3750.9976141488405,cand_011 (USDJPY)
2016-04-14 07:00:00,0.5222644599299877,3751.5198786087703,cand_011 (USDJPY)
2016-04-15 07:00:00,0.5222644599299877,3752.0421430687006,cand_011 (USDJPY)
2016-04-19 07:00:00,0.5222644599299877,3752.564407528631,cand_011 (USDJPY)
2016-04-21 07:00:00,0.5222644599299877,3753.0866719885607,cand_011 (USDJPY)
2016-04-22 08:00:00,0.6347180141800342,3753.721390002741,cand_007 (EURJPY)
2016-04-22 08:47:40,0.0,3753.721390002741,cand_007 (EURJPY)
2016-04-22 15:00:00,15.125330277910212,3768.846720280651,cand_007 (EURJPY)
2016-04-25 07:00:00,0.5222644599299877,3769.3689847405813,cand_011 (USDJPY)
2016-04-25 08:00:00,0.6347180141800342,3770.003702754761,cand_007 (EURJPY)
2016-04-26 07:00:00,0.5222644599299877,3770.5259672146913,cand_011 (USDJPY)
2016-04-27 07:00:00,0.5222644599299877,3771.048231674621,cand_011 (USDJPY)
2016-05-03 07:36:40,0.0,3771.048231674621,cand_011 (USDJPY)
2016-05-03 13:00:00,7.551329661811234,3778.599561336432,cand_011 (USDJPY)
2016-05-04 07:00:00,0.5222644599299877,3779.1218257963624,cand_011 (USDJPY)
2016-05-04 08:00:00,0.6347180141800342,3779.756543810542,cand_007 (EURJPY)
2016-05-05 07:00:00,0.5222644599299877,3780.2788082704724,cand_011 (USDJPY)
2016-05-06 07:00:00,0.5222644599299877,3780.8010727304027,cand_011 (USDJPY)
2016-05-09 07:00:00,0.5222644599299877,3781.3233371903325,cand_011 (USDJPY)
2016-05-10 07:00:00,0.5222644599299877,3781.8456016502623,cand_011 (USDJPY)
2016-05-10 08:00:00,0.6347180141800342,3782.4803196644425,cand_007 (EURJPY)
2016-05-11 07:00:00,0.5222644599299877,3783.0025841243723,cand_011 (USDJPY)
2016-05-11 08:00:00,0.6347180141800342,3783.6373021385525,cand_007 (EURJPY)
2016-05-12 07:00:00,0.5222644599299877,3784.1595665984823,cand_011 (USDJPY)
2016-05-12 07:37:40,0.0,3784.1595665984823,cand_011 (USDJPY)
2016-05-12 08:00:00,0.6347180141800342,3784.7942846126625,cand_007 (EURJPY)
2016-05-12 08:10:40,0.0,3784.7942846126625,cand_007 (EURJPY)
2016-05-12 13:00:00,22.17166239596895,3806.9659470086317,cand_011 (USDJPY)
2016-05-12 15:00:00,2.494441795727534,3809.460388804359,cand_007 (EURJPY)
2016-05-13 09:22:40,0.0,3809.460388804359,cand_011 (USDJPY)
2016-05-13 13:00:00,-13.26858942610363,3796.1917993782554,cand_011 (USDJPY)
2016-05-16 07:00:00,0.5222644599299877,3796.714063838185,cand_011 (USDJPY)
2016-05-18 07:00:00,0.5222644599299877,3797.2363282981155,cand_011 (USDJPY)
2016-05-18 09:59:40,0.0,3797.2363282981155,cand_011 (USDJPY)
2016-05-18 13:00:00,-5.333241779049757,3791.9030865190657,cand_011 (USDJPY)
2016-05-19 07:00:00,0.5222644599299877,3792.425350978996,cand_011 (USDJPY)
2016-05-19 08:51:40,0.0,3792.425350978996,cand_011 (USDJPY)
2016-05-19 13:00:00,-25.145497673687938,3767.279853305308,cand_011 (USDJPY)
2016-05-25 07:00:00,0.5222644599299877,3767.802117765238,cand_011 (USDJPY)
2016-05-27 07:00:00,0.5222644599299877,3768.324382225168,cand_011 (USDJPY)
2016-05-30 07:00:00,0.5222644599299877,3768.8466466850978,cand_011 (USDJPY)
2016-05-30 07:26:40,0.0,3768.8466466850978,cand_011 (USDJPY)
2016-05-30 08:00:00,0.6347180141800342,3769.481364699278,cand_007 (EURJPY)
2016-05-30 08:44:40,0.0,3769.481364699278,cand_007 (EURJPY)
2016-05-30 13:00:00,-0.33179153924963933,3769.149573160028,cand_011 (USDJPY)
2016-05-30 15:00:00,14.903178972947202,3784.0527521329755,cand_007 (EURJPY)
2016-05-31 07:00:00,0.5222644599299877,3784.5750165929057,cand_011 (USDJPY)
2016-05-31 08:00:00,0.6347180141800342,3785.2097346070855,cand_007 (EURJPY)
2016-06-01 08:02:40,0.0,3785.2097346070855,cand_011 (USDJPY)
2016-06-01 13:00:00,34.79202946298301,3820.0017640700685,cand_011 (USDJPY)
2016-06-03 07:19:40,0.0,3820.0017640700685,cand_011 (USDJPY)
2016-06-03 13:00:00,-22.936626222572286,3797.065137847496,cand_011 (USDJPY)
2016-06-07 07:00:00,0.5222644599299877,3797.587402307426,cand_011 (USDJPY)
2016-06-07 08:00:00,0.6347180141800342,3798.222120321606,cand_007 (EURJPY)
2016-06-10 07:00:00,0.5222644599299877,3798.744384781536,cand_011 (USDJPY)
2016-06-13 07:55:40,0.0,3798.744384781536,cand_011 (USDJPY)
2016-06-13 13:00:00,-1.9139456384493083,3796.8304391430866,cand_011 (USDJPY)
2016-06-14 08:00:40,0.0,3796.8304391430866,cand_007 (EURJPY)
2016-06-14 09:16:40,0.0,3796.8304391430866,cand_011 (USDJPY)
2016-06-14 13:00:00,-4.5252679380992475,3792.3051712049873,cand_011 (USDJPY)
2016-06-14 15:00:00,33.4813752479968,3825.786546452984,cand_007 (EURJPY)
2016-06-15 07:00:00,0.5222644599299877,3826.3088109129144,cand_011 (USDJPY)
2016-06-16 07:30:40,0.0,3826.3088109129144,cand_011 (USDJPY)
2016-06-16 08:18:40,0.0,3826.3088109129144,cand_007 (EURJPY)
2016-06-16 13:00:00,0.11674146751376198,3826.425552380428,cand_011 (USDJPY)
2016-06-16 15:00:00,38.83522169760539,3865.2607740780336,cand_007 (EURJPY)
2016-06-20 08:00:00,0.6347180141800342,3865.8954920922133,cand_007 (EURJPY)
2016-06-21 08:00:00,0.6347180141800342,3866.5302101063935,cand_007 (EURJPY)
2016-06-21 08:08:40,0.0,3866.5302101063935,cand_007 (EURJPY)
2016-06-21 15:00:00,13.462369080758524,3879.992579187152,cand_007 (EURJPY)
2016-06-23 07:00:00,0.5222644599299877,3880.5148436470818,cand_011 (USDJPY)
2016-06-30 07:00:00,0.5222644599299877,3881.037108107012,cand_011 (USDJPY)
2016-06-30 08:00:00,0.6347180141800342,3881.6718261211918,cand_007 (EURJPY)
2016-07-01 07:00:00,0.5222644599299877,3882.194090581122,cand_011 (USDJPY)
2016-07-01 08:00:00,0.6347180141800342,3882.828808595302,cand_007 (EURJPY)
2016-07-04 07:00:00,0.5222644599299877,3883.351073055232,cand_011 (USDJPY)
2016-07-04 08:00:00,0.6347180141800342,3883.985791069412,cand_007 (EURJPY)
2016-07-05 09:51:20,0.0,3883.985791069412,cand_011 (USDJPY)
2016-07-05 13:00:00,9.664964652586715,3893.6507557219984,cand_011 (USDJPY)
2016-07-11 08:00:00,0.6347180141800342,3894.2854737361786,cand_007 (EURJPY)
2016-07-11 08:06:40,0.0,3894.2854737361786,cand_007 (EURJPY)
2016-07-11 15:00:00,70.84087756263361,3965.126351298812,cand_007 (EURJPY)
2016-07-12 07:00:00,0.5222644599299877,3965.6486157587424,cand_011 (USDJPY)
2016-07-12 08:00:00,0.6347180141800342,3966.283333772922,cand_007 (EURJPY)
2016-07-12 09:39:40,0.0,3966.283333772922,cand_011 (USDJPY)
2016-07-12 13:00:00,26.03027511168698,3992.313608884609,cand_011 (USDJPY)
2016-07-13 07:00:00,0.5222644599299877,3992.8358733445393,cand_011 (USDJPY)
2016-07-13 08:00:00,0.6347180141800342,3993.470591358719,cand_007 (EURJPY)
2016-07-14 07:00:00,0.5222644599299877,3993.9928558186493,cand_011 (USDJPY)
2016-07-14 08:00:00,0.6347180141800342,3994.627573832829,cand_007 (EURJPY)
2016-07-14 08:40:40,0.0,3994.627573832829,cand_007 (EURJPY)
2016-07-14 08:45:40,0.0,3994.627573832829,cand_011 (USDJPY)
2016-07-14 13:00:00,55.307806306585704,4049.9353801394145,cand_011 (USDJPY)
2016-07-14 15:00:00,85.81387551714062,4135.749255656556,cand_007 (EURJPY)
2016-07-15 07:00:00,0.5222644599299877,4136.271520116486,cand_011 (USDJPY)
2016-07-15 08:00:00,0.6347180141800342,4136.906238130665,cand_007 (EURJPY)
2016-07-18 07:00:00,0.5222644599299877,4137.428502590596,cand_011 (USDJPY)
2016-07-19 07:00:00,0.5222644599299877,4137.950767050525,cand_011 (USDJPY)
2016-07-19 08:00:00,0.6347180141800342,4138.585485064706,cand_007 (EURJPY)
2016-07-20 07:00:00,0.5222644599299877,4139.107749524635,cand_011 (USDJPY)
2016-07-21 07:00:00,0.5222644599299877,4139.630013984565,cand_011 (USDJPY)
2016-07-21 08:00:00,0.6347180141800342,4140.264731998745,cand_007 (EURJPY)
2016-07-25 07:00:00,0.5222644599299877,4140.786996458675,cand_011 (USDJPY)
2016-07-26 07:28:40,0.0,4140.786996458675,cand_011 (USDJPY)
2016-07-26 13:00:00,12.669521369125116,4153.456517827801,cand_011 (USDJPY)
2016-07-27 08:00:00,0.6347180141800342,4154.091235841981,cand_007 (EURJPY)
2016-07-28 09:10:40,0.0,4154.091235841981,cand_011 (USDJPY)
2016-07-28 13:00:00,-15.18867935231682,4138.902556489664,cand_011 (USDJPY)
2016-08-02 09:06:40,0.0,4138.902556489664,cand_011 (USDJPY)
2016-08-02 13:00:00,22.58947396391294,4161.492030453577,cand_011 (USDJPY)
2016-08-08 07:00:00,0.5222644599299877,4162.014294913507,cand_011 (USDJPY)
2016-08-09 07:00:00,0.5222644599299877,4162.536559373437,cand_011 (USDJPY)
2016-08-12 07:00:00,0.5222644599299877,4163.058823833367,cand_011 (USDJPY)
2016-08-16 09:06:40,0.0,4163.058823833367,cand_011 (USDJPY)
2016-08-16 13:00:00,6.568243619590081,4169.627067452957,cand_011 (USDJPY)
2016-08-17 08:00:00,0.6347180141800342,4170.261785467137,cand_007 (EURJPY)
2016-08-17 08:03:40,0.0,4170.261785467137,cand_007 (EURJPY)
2016-08-17 15:00:00,-22.06914535303979,4148.192640114097,cand_007 (EURJPY)
2016-08-18 08:00:00,0.6347180141800342,4148.827358128277,cand_007 (EURJPY)
2016-08-19 07:00:00,0.5222644599299877,4149.349622588207,cand_011 (USDJPY)
2016-08-22 07:00:00,0.5222644599299877,4149.871887048137,cand_011 (USDJPY)
2016-08-24 07:00:00,0.5222644599299877,4150.394151508067,cand_011 (USDJPY)
2016-08-29 07:00:00,0.5222644599299877,4150.916415967997,cand_011 (USDJPY)
2016-08-29 08:00:00,0.6347180141800342,4151.551133982177,cand_007 (EURJPY)
2016-08-29 08:39:40,0.0,4151.551133982177,cand_007 (EURJPY)
2016-08-29 08:39:40,0.0,4151.551133982177,cand_011 (USDJPY)
2016-08-29 13:00:00,-13.056611498249694,4138.4945224839275,cand_011 (USDJPY)
2016-08-29 15:00:00,-27.803822611156395,4110.690699872771,cand_007 (EURJPY)
2016-08-30 07:00:00,0.5222644599299877,4111.212964332701,cand_011 (USDJPY)
2016-08-31 07:00:00,0.5222644599299877,4111.7352287926315,cand_011 (USDJPY)
2016-09-01 07:00:00,0.5222644599299877,4112.257493252561,cand_011 (USDJPY)
2016-09-02 07:00:00,0.5222644599299877,4112.779757712491,cand_011 (USDJPY)
2016-09-02 09:32:40,0.0,4112.779757712491,cand_011 (USDJPY)
2016-09-02 13:00:00,0.6512945029715141,4113.431052215463,cand_011 (USDJPY)
2016-09-05 07:00:00,0.5222644599299877,4113.953316675393,cand_011 (USDJPY)
2016-09-05 08:00:00,0.6347180141800342,4114.588034689573,cand_007 (EURJPY)
2016-09-06 07:00:00,0.5222644599299877,4115.110299149503,cand_011 (USDJPY)
2016-09-08 07:29:40,0.0,4115.110299149503,cand_011 (USDJPY)
2016-09-08 13:00:00,-11.48674597457779,4103.623553174925,cand_011 (USDJPY)
2016-09-09 07:00:00,0.5222644599299877,4104.145817634855,cand_011 (USDJPY)
2016-09-12 07:00:00,0.5222644599299877,4104.668082094785,cand_011 (USDJPY)
2016-09-12 08:00:00,0.6347180141800342,4105.302800108965,cand_007 (EURJPY)
2016-09-14 07:00:00,0.5222644599299877,4105.825064568895,cand_011 (USDJPY)
2016-09-14 08:00:00,0.6347180141800342,4106.459782583075,cand_007 (EURJPY)
2016-09-14 09:27:40,0.0,4106.459782583075,cand_011 (USDJPY)
2016-09-14 12:19:40,-45.108288618541245,4061.351493964534,cand_011 (USDJPY)
2016-09-21 08:00:00,0.6347180141800342,4061.986211978714,cand_007 (EURJPY)
2016-09-21 08:03:40,0.0,4061.986211978714,cand_007 (EURJPY)
2016-09-21 10:35:40,-63.45593346764891,3998.530278511065,cand_007 (EURJPY)
2016-10-03 07:00:00,0.5222644599299877,3999.052542970995,cand_011 (USDJPY)
2016-10-03 08:00:00,0.6347180141800342,3999.687260985175,cand_007 (EURJPY)
2016-10-04 07:00:00,0.5222644599299877,4000.209525445105,cand_011 (USDJPY)
2016-10-04 08:00:00,0.6347180141800342,4000.844243459285,cand_007 (EURJPY)
2016-10-05 07:00:00,0.5222644599299877,4001.366507919215,cand_011 (USDJPY)
2016-10-06 07:00:00,0.5222644599299877,4001.888772379145,cand_011 (USDJPY)
2016-10-07 07:00:00,0.5222644599299877,4002.4110368390748,cand_011 (USDJPY)
2016-10-11 07:00:00,0.5222644599299877,4002.933301299005,cand_011 (USDJPY)
2016-10-14 07:00:00,0.5222644599299877,4003.4555657589353,cand_011 (USDJPY)
2016-10-14 07:13:40,0.0,4003.4555657589353,cand_011 (USDJPY)
2016-10-14 13:00:00,11.953711844632837,4015.4092776035677,cand_011 (USDJPY)
2016-10-17 07:00:00,0.5222644599299877,4015.931542063498,cand_011 (USDJPY)
2016-10-21 07:00:00,0.5222644599299877,4016.4538065234283,cand_011 (USDJPY)
2016-10-25 07:00:00,0.5222644599299877,4016.976070983358,cand_011 (USDJPY)
2016-10-26 07:00:00,0.5222644599299877,4017.498335443288,cand_011 (USDJPY)
2016-10-27 07:00:00,0.5222644599299877,4018.020599903218,cand_011 (USDJPY)
2016-10-27 08:00:00,0.6347180141800342,4018.655317917398,cand_007 (EURJPY)
2016-10-28 07:00:00,0.5222644599299877,4019.1775823773282,cand_011 (USDJPY)
2016-10-28 09:17:40,0.0,4019.1775823773282,cand_011 (USDJPY)
2016-10-28 13:00:00,-10.915327212536745,4008.2622551647914,cand_011 (USDJPY)
2016-11-07 07:00:00,0.5222644599299877,4008.7845196247217,cand_011 (USDJPY)
2016-11-07 08:00:00,0.6347180141800342,4009.4192376389014,cand_007 (EURJPY)
2016-11-08 07:00:00,0.5222644599299877,4009.9415020988317,cand_011 (USDJPY)
2016-11-10 07:00:00,0.5222644599299877,4010.4637665587616,cand_011 (USDJPY)
2016-11-10 08:00:00,0.6347180141800342,4011.0984845729417,cand_007 (EURJPY)
2016-11-11 07:00:00,0.5222644599299877,4011.6207490328716,cand_011 (USDJPY)
2016-11-11 08:00:00,0.6347180141800342,4012.2554670470518,cand_007 (EURJPY)
2016-11-14 07:00:00,0.5222644599299877,4012.7777315069816,cand_011 (USDJPY)
2016-11-14 08:00:00,0.6347180141800342,4013.4124495211618,cand_007 (EURJPY)
2016-11-15 07:00:00,0.5222644599299877,4013.9347139810916,cand_011 (USDJPY)
2016-11-16 07:00:00,0.5222644599299877,4014.4569784410214,cand_011 (USDJPY)
2016-11-16 08:00:00,0.6347180141800342,4015.0916964552016,cand_007 (EURJPY)
2016-11-16 09:24:40,0.0,4015.0916964552016,cand_011 (USDJPY)
2016-11-16 13:00:00,17.148707148995246,4032.240403604197,cand_011 (USDJPY)
2016-11-17 07:00:00,0.5222644599299877,4032.762668064127,cand_011 (USDJPY)
2016-11-17 08:00:00,0.6347180141800342,4033.397386078307,cand_007 (EURJPY)
2016-11-17 08:37:40,0.0,4033.397386078307,cand_011 (USDJPY)
2016-11-17 13:00:00,-22.773802596829405,4010.6235834814775,cand_011 (USDJPY)
2016-11-18 07:00:00,0.5222644599299877,4011.1458479414077,cand_011 (USDJPY)
2016-11-18 08:00:00,0.6347180141800342,4011.7805659555875,cand_007 (EURJPY)
2016-11-18 09:29:40,0.0,4011.7805659555875,cand_011 (USDJPY)
2016-11-18 13:00:00,-31.182260401702212,3980.5983055538854,cand_011 (USDJPY)
2016-11-21 08:00:00,0.6347180141800342,3981.233023568065,cand_007 (EURJPY)
2016-11-25 08:00:00,0.6347180141800342,3981.867741582245,cand_007 (EURJPY)
2016-11-28 08:00:00,0.6347180141800342,3982.502459596425,cand_007 (EURJPY)
2016-11-30 08:00:00,0.6347180141800342,3983.1371776106052,cand_007 (EURJPY)
2016-12-01 07:00:00,0.5222644599299877,3983.659442070535,cand_011 (USDJPY)
2016-12-01 08:00:00,0.6347180141800342,3984.2941600847153,cand_007 (EURJPY)
2016-12-02 07:00:00,0.5222644599299877,3984.816424544645,cand_011 (USDJPY)
2016-12-02 08:00:00,0.6347180141800342,3985.4511425588253,cand_007 (EURJPY)
2016-12-07 07:00:00,0.5222644599299877,3985.973407018755,cand_011 (USDJPY)
2016-12-08 08:00:00,0.6347180141800342,3986.6081250329353,cand_007 (EURJPY)
2016-12-09 07:00:00,0.5222644599299877,3987.130389492865,cand_011 (USDJPY)
2016-12-12 07:00:00,0.5222644599299877,3987.652653952795,cand_011 (USDJPY)
2016-12-12 08:00:00,0.6347180141800342,3988.287371966975,cand_007 (EURJPY)
2016-12-12 08:18:40,0.0,3988.287371966975,cand_007 (EURJPY)
2016-12-12 08:20:40,0.0,3988.287371966975,cand_011 (USDJPY)
2016-12-12 13:00:00,4.454608628814602,3992.7419805957898,cand_011 (USDJPY)
2016-12-12 15:00:00,29.38427046646468,4022.1262510622546,cand_007 (EURJPY)
2016-12-13 07:00:00,0.5222644599299877,4022.6485155221844,cand_011 (USDJPY)
2016-12-13 07:48:40,0.0,4022.6485155221844,cand_011 (USDJPY)
2016-12-13 08:00:00,0.6347180141800342,4023.2832335363646,cand_007 (EURJPY)
2016-12-13 13:00:00,3.0875046013508105,4026.3707381377153,cand_011 (USDJPY)
2016-12-14 07:00:00,0.5222644599299877,4026.893002597645,cand_011 (USDJPY)
2016-12-15 07:00:00,0.5222644599299877,4027.415267057575,cand_011 (USDJPY)
2016-12-15 08:00:00,0.6347180141800342,4028.049985071755,cand_007 (EURJPY)
2016-12-16 07:00:00,0.5222644599299877,4028.572249531685,cand_011 (USDJPY)
2016-12-19 08:53:20,0.0,4028.572249531685,cand_011 (USDJPY)
2016-12-19 13:00:00,-15.855334574698041,4012.7169149569872,cand_011 (USDJPY)
2016-12-20 07:00:00,0.5222644599299877,4013.239179416917,cand_011 (USDJPY)
2016-12-20 07:14:40,0.0,4013.239179416917,cand_011 (USDJPY)
2016-12-20 13:00:00,8.807836509525147,4022.0470159264423,cand_011 (USDJPY)
2016-12-22 07:00:00,0.5222644599299877,4022.5692803863726,cand_011 (USDJPY)
2016-12-27 07:00:00,0.5222644599299877,4023.091544846303,cand_011 (USDJPY)
2016-12-28 07:00:00,0.5222644599299877,4023.6138093062327,cand_011 (USDJPY)
2016-12-29 08:43:40,0.0,4023.6138093062327,cand_011 (USDJPY)
2016-12-29 13:00:00,0.15975148186093743,4023.7735607880936,cand_011 (USDJPY)
2016-12-30 08:00:00,0.6347180141800342,4024.4082788022733,cand_007 (EURJPY)
2017-01-03 07:00:00,0.5222644599299877,4024.9305432622036,cand_011 (USDJPY)
2017-01-03 09:10:40,0.0,4024.9305432622036,cand_011 (USDJPY)
2017-01-03 13:00:00,30.653851654008342,4055.5843949162117,cand_011 (USDJPY)
2017-01-04 07:00:00,0.5222644599299877,4056.106659376142,cand_011 (USDJPY)
2017-01-05 07:19:40,0.0,4056.106659376142,cand_011 (USDJPY)
2017-01-05 08:00:00,0.6347180141800342,4056.7413773903218,cand_007 (EURJPY)
2017-01-05 13:00:00,-33.09313389626958,4023.6482434940526,cand_011 (USDJPY)
2017-01-06 08:00:00,0.6347180141800342,4024.2829615082323,cand_007 (EURJPY)
2017-01-06 08:45:40,0.0,4024.2829615082323,cand_007 (EURJPY)
2017-01-06 15:00:00,-3.608371910613494,4020.674589597619,cand_007 (EURJPY)
2017-01-09 07:00:00,0.5222644599299877,4021.196854057549,cand_011 (USDJPY)
2017-01-12 08:48:40,0.0,4021.196854057549,cand_011 (USDJPY)
2017-01-12 13:00:00,1.1827753945473254,4022.379629452096,cand_011 (USDJPY)
2017-01-13 08:00:00,0.6347180141800342,4023.0143474662764,cand_007 (EURJPY)
2017-01-16 08:38:40,0.0,4023.0143474662764,cand_011 (USDJPY)
2017-01-16 08:39:40,0.0,4023.0143474662764,cand_007 (EURJPY)
2017-01-16 13:00:00,-24.512636034008075,3998.501711432268,cand_011 (USDJPY)
2017-01-16 15:00:00,-0.33322695744451797,3998.168484474824,cand_007 (EURJPY)
2017-01-17 07:21:40,0.0,3998.168484474824,cand_011 (USDJPY)
2017-01-17 13:00:00,29.498725554398483,4027.6672100292226,cand_011 (USDJPY)
2017-01-18 08:00:00,0.6347180141800342,4028.3019280434023,cand_007 (EURJPY)
2017-01-19 07:00:00,0.5222644599299877,4028.8241925033326,cand_011 (USDJPY)
2017-01-20 07:00:00,0.5222644599299877,4029.3464569632624,cand_011 (USDJPY)
2017-01-23 08:06:40,0.0,4029.3464569632624,cand_011 (USDJPY)
2017-01-23 13:00:00,-14.60497201474801,4014.7414849485144,cand_011 (USDJPY)
2017-01-25 07:00:00,0.5222644599299877,4015.2637494084447,cand_011 (USDJPY)
2017-01-25 08:00:00,0.6347180141800342,4015.8984674226244,cand_007 (EURJPY)
2017-01-27 07:00:00,0.5222644599299877,4016.4207318825547,cand_011 (USDJPY)
2017-01-27 08:00:00,0.6347180141800342,4017.0554498967344,cand_007 (EURJPY)
2017-01-27 08:02:40,0.0,4017.0554498967344,cand_011 (USDJPY)
2017-01-27 08:40:40,0.0,4017.0554498967344,cand_007 (EURJPY)
2017-01-27 13:00:00,-4.964584513216825,4012.0908653835177,cand_011 (USDJPY)
2017-01-27 15:00:00,3.748009873733102,4015.838875257251,cand_007 (EURJPY)
2017-02-01 08:00:00,0.6347180141800342,4016.4735932714307,cand_007 (EURJPY)
2017-02-02 07:47:40,0.0,4016.4735932714307,cand_011 (USDJPY)
2017-02-02 13:00:00,6.067484166833681,4022.5410774382644,cand_011 (USDJPY)
2017-02-03 07:00:00,0.5222644599299877,4023.0633418981943,cand_011 (USDJPY)
2017-02-08 07:00:00,0.5222644599299877,4023.5856063581246,cand_011 (USDJPY)
2017-02-09 07:00:00,0.5222644599299877,4024.107870818055,cand_011 (USDJPY)
2017-02-10 07:00:00,0.5222644599299877,4024.6301352779847,cand_011 (USDJPY)
2017-02-10 08:00:00,0.6347180141800342,4025.264853292165,cand_007 (EURJPY)
2017-02-13 07:00:00,0.5222644599299877,4025.7871177520947,cand_011 (USDJPY)
2017-02-15 07:00:00,0.5222644599299877,4026.3093822120245,cand_011 (USDJPY)
2017-02-21 07:00:00,0.5222644599299877,4026.831646671955,cand_011 (USDJPY)
2017-02-28 07:00:00,0.5222644599299877,4027.353911131885,cand_011 (USDJPY)
2017-03-01 07:00:00,0.5222644599299877,4027.876175591815,cand_011 (USDJPY)
2017-03-01 08:00:00,0.6347180141800342,4028.510893605995,cand_007 (EURJPY)
2017-03-02 07:00:00,0.5222644599299877,4029.033158065925,cand_011 (USDJPY)
2017-03-03 07:00:00,0.5222644599299877,4029.5554225258547,cand_011 (USDJPY)
2017-03-09 07:00:00,0.5222644599299877,4030.077686985785,cand_011 (USDJPY)
2017-03-10 07:00:00,0.5222644599299877,4030.5999514457153,cand_011 (USDJPY)
2017-03-10 08:00:00,0.6347180141800342,4031.234669459895,cand_007 (EURJPY)
2017-03-10 08:22:40,0.0,4031.234669459895,cand_011 (USDJPY)
2017-03-10 13:00:00,-6.018329864722624,4025.2163395951725,cand_011 (USDJPY)
2017-03-15 07:00:00,0.5222644599299877,4025.7386040551028,cand_011 (USDJPY)
2017-03-29 07:00:00,0.5222644599299877,4026.2608685150326,cand_011 (USDJPY)
2017-03-30 07:00:00,0.5222644599299877,4026.7831329749624,cand_011 (USDJPY)
2017-03-31 07:00:00,0.5222644599299877,4027.3053974348927,cand_011 (USDJPY)
2017-03-31 08:00:00,0.6347180141800342,4027.9401154490724,cand_007 (EURJPY)
2017-04-04 09:46:40,0.0,4027.9401154490724,cand_011 (USDJPY)
2017-04-04 13:00:00,-9.674181084232538,4018.26593436484,cand_011 (USDJPY)
2017-04-10 07:00:00,0.5222644599299877,4018.78819882477,cand_011 (USDJPY)
2017-04-18 07:00:00,0.5222644599299877,4019.3104632847003,cand_011 (USDJPY)
2017-04-20 07:00:00,0.5222644599299877,4019.8327277446306,cand_011 (USDJPY)
2017-04-24 07:00:00,0.5222644599299877,4020.3549922045604,cand_011 (USDJPY)
2017-04-24 08:00:00,0.6347180141800342,4020.9897102187406,cand_007 (EURJPY)
2017-04-24 08:55:40,0.0,4020.9897102187406,cand_007 (EURJPY)
2017-04-24 15:00:00,-26.261457836698913,3994.7282523820413,cand_007 (EURJPY)
2017-04-25 07:00:00,0.5222644599299877,3995.2505168419716,cand_011 (USDJPY)
2017-04-25 08:00:00,0.6347180141800342,3995.8852348561513,cand_007 (EURJPY)
2017-04-25 08:38:40,0.0,3995.8852348561513,cand_007 (EURJPY)
2017-04-25 09:45:40,0.0,3995.8852348561513,cand_011 (USDJPY)
2017-04-25 13:00:00,4.175043535557961,4000.0602783917093,cand_011 (USDJPY)
2017-04-25 15:00:00,30.161800033835224,4030.222078425545,cand_007 (EURJPY)
2017-04-26 07:00:00,0.5222644599299877,4030.744342885475,cand_011 (USDJPY)
2017-04-26 08:00:00,0.6347180141800342,4031.379060899655,cand_007 (EURJPY)
2017-04-26 08:14:40,0.0,4031.379060899655,cand_007 (EURJPY)
2017-04-26 09:34:20,0.0,4031.379060899655,cand_011 (USDJPY)
2017-04-26 11:38:40,-45.63939880961536,3985.7396620900395,cand_007 (EURJPY)
2017-04-26 11:38:40,38.45185201704065,4024.1915141070804,cand_007 (EURJPY)
2017-04-26 13:00:00,-12.365379124812947,4011.826134982267,cand_011 (USDJPY)
2017-04-27 07:00:00,0.5222644599299877,4012.348399442197,cand_011 (USDJPY)
2017-05-01 07:00:00,0.5222644599299877,4012.8706639021275,cand_011 (USDJPY)
2017-05-01 09:26:40,0.0,4012.8706639021275,cand_011 (USDJPY)
2017-05-01 13:00:00,-7.1488788132769505,4005.72178508885,cand_011 (USDJPY)
2017-05-05 08:00:00,0.6347180141800342,4006.3565031030303,cand_007 (EURJPY)
2017-05-08 07:00:00,0.5222644599299877,4006.87876756296,cand_011 (USDJPY)
2017-05-08 08:00:00,0.6347180141800342,4007.5134855771403,cand_007 (EURJPY)
2017-05-10 07:00:00,0.5222644599299877,4008.03575003707,cand_011 (USDJPY)
2017-05-11 07:00:00,0.5222644599299877,4008.5580144970004,cand_011 (USDJPY)
2017-05-16 09:13:40,0.0,4008.5580144970004,cand_011 (USDJPY)
2017-05-16 13:00:00,-15.74166525106622,3992.8163492459344,cand_011 (USDJPY)
2017-05-22 07:00:00,0.5222644599299877,3993.338613705864,cand_011 (USDJPY)
2017-05-24 07:00:00,0.5222644599299877,3993.860878165794,cand_011 (USDJPY)
2017-05-26 08:02:40,0.0,3993.860878165794,cand_011 (USDJPY)
2017-05-26 08:52:40,0.0,3993.860878165794,cand_007 (EURJPY)
2017-05-26 13:00:00,24.4173995736679,4018.2782777394623,cand_011 (USDJPY)
2017-05-26 15:00:00,29.7270181941219,4048.005295933584,cand_007 (EURJPY)
2017-05-31 07:00:00,0.5222644599299877,4048.5275603935142,cand_011 (USDJPY)
2017-06-01 07:00:00,0.5222644599299877,4049.049824853444,cand_011 (USDJPY)
2017-06-02 07:00:00,0.5222644599299877,4049.572089313374,cand_011 (USDJPY)
2017-06-06 09:50:40,0.0,4049.572089313374,cand_011 (USDJPY)
2017-06-06 13:00:00,-6.998343763061836,4042.573745550312,cand_011 (USDJPY)
2017-06-08 07:00:00,0.5222644599299877,4043.096010010242,cand_011 (USDJPY)
2017-06-09 07:00:00,0.5222644599299877,4043.6182744701723,cand_011 (USDJPY)
2017-06-09 08:00:00,0.6347180141800342,4044.252992484352,cand_007 (EURJPY)
2017-06-09 09:52:40,0.0,4044.252992484352,cand_011 (USDJPY)
2017-06-09 13:00:00,-4.952295937689061,4039.300696546663,cand_011 (USDJPY)
2017-06-12 07:00:00,0.5222644599299877,4039.8229610065932,cand_011 (USDJPY)
2017-06-16 07:00:00,0.5222644599299877,4040.3452254665235,cand_011 (USDJPY)
2017-06-16 08:00:00,0.6347180141800342,4040.9799434807032,cand_007 (EURJPY)
2017-06-16 09:42:40,0.0,4040.9799434807032,cand_011 (USDJPY)
2017-06-16 13:00:00,-4.359372168474427,4036.620571312229,cand_011 (USDJPY)
2017-06-19 07:00:00,0.5222644599299877,4037.142835772159,cand_011 (USDJPY)
2017-06-20 07:00:00,0.5222644599299877,4037.6651002320887,cand_011 (USDJPY)
2017-06-27 07:00:00,0.5222644599299877,4038.187364692019,cand_011 (USDJPY)
2017-06-28 07:00:00,0.5222644599299877,4038.7096291519492,cand_011 (USDJPY)
2017-07-03 07:00:00,0.5222644599299877,4039.231893611879,cand_011 (USDJPY)
2017-07-04 07:00:00,0.5222644599299877,4039.754158071809,cand_011 (USDJPY)
2017-07-05 07:00:00,0.5222644599299877,4040.276422531739,cand_011 (USDJPY)
2017-07-07 07:00:00,0.5222644599299877,4040.7986869916695,cand_011 (USDJPY)
2017-07-07 08:00:00,0.6347180141800342,4041.433405005849,cand_007 (EURJPY)
2017-07-10 07:00:00,0.5222644599299877,4041.9556694657795,cand_011 (USDJPY)
2017-07-12 08:00:00,0.6347180141800342,4042.590387479959,cand_007 (EURJPY)
2017-07-14 07:00:00,0.5222644599299877,4043.1126519398895,cand_011 (USDJPY)
2017-07-18 08:00:00,0.6347180141800342,4043.747369954069,cand_007 (EURJPY)
2017-07-20 07:00:00,0.5222644599299877,4044.2696344139995,cand_011 (USDJPY)
2017-07-25 09:06:40,0.0,4044.2696344139995,cand_011 (USDJPY)
2017-07-25 12:59:40,-32.13462500510395,4012.1350094088953,cand_011 (USDJPY)
2017-07-25 12:59:40,34.24580228077388,4046.380811689669,cand_011 (USDJPY)
2017-08-02 07:00:00,0.5222644599299877,4046.903076149599,cand_011 (USDJPY)
2017-08-02 07:00:40,0.0,4046.903076149599,cand_011 (USDJPY)
2017-08-02 08:00:00,0.6347180141800342,4047.537794163779,cand_007 (EURJPY)
2017-08-02 13:00:00,-3.1059374646424565,4044.431856699137,cand_011 (USDJPY)
2017-08-03 07:00:00,0.5222644599299877,4044.9541211590667,cand_011 (USDJPY)
2017-08-14 07:00:00,0.5222644599299877,4045.4763856189966,cand_011 (USDJPY)
2017-08-14 07:10:40,0.0,4045.4763856189966,cand_011 (USDJPY)
2017-08-14 08:00:00,0.6347180141800342,4046.1111036331768,cand_007 (EURJPY)
2017-08-14 13:00:00,2.1289957101851855,4048.240099343362,cand_011 (USDJPY)
2017-08-15 07:00:00,0.5222644599299877,4048.762363803292,cand_011 (USDJPY)
2017-08-15 08:30:40,0.0,4048.762363803292,cand_011 (USDJPY)
2017-08-15 13:00:00,1.05681749538774,4049.8191812986797,cand_011 (USDJPY)
2017-08-18 09:51:40,0.0,4049.8191812986797,cand_011 (USDJPY)
2017-08-18 13:00:00,0.11366932363182086,4049.9328506223114,cand_011 (USDJPY)
2017-08-22 07:00:00,0.5222644599299877,4050.4551150822417,cand_011 (USDJPY)
2017-08-23 07:00:00,0.5222644599299877,4050.9773795421715,cand_011 (USDJPY)
2017-08-25 07:00:00,0.5222644599299877,4051.4996440021014,cand_011 (USDJPY)
2017-08-28 08:00:00,0.6347180141800342,4052.1343620162816,cand_007 (EURJPY)
2017-08-30 07:00:00,0.5222644599299877,4052.6566264762114,cand_011 (USDJPY)
2017-08-30 09:16:40,0.0,4052.6566264762114,cand_011 (USDJPY)
2017-08-30 13:00:00,-9.115050897719257,4043.5415755784925,cand_011 (USDJPY)
2017-08-31 07:00:00,0.5222644599299877,4044.0638400384223,cand_011 (USDJPY)
2017-09-08 08:00:00,0.6347180141800342,4044.6985580526025,cand_007 (EURJPY)
2017-09-08 08:00:40,0.0,4044.6985580526025,cand_011 (USDJPY)
2017-09-08 13:00:00,11.351571643772383,4056.050129696375,cand_011 (USDJPY)
2017-09-11 07:00:00,0.5222644599299877,4056.5723941563047,cand_011 (USDJPY)
2017-09-12 07:00:00,0.5222644599299877,4057.0946586162345,cand_011 (USDJPY)
2017-09-13 07:00:00,0.5222644599299877,4057.6169230761648,cand_011 (USDJPY)
2017-09-14 07:00:00,0.5222644599299877,4058.139187536095,cand_011 (USDJPY)
2017-09-15 07:00:00,0.5222644599299877,4058.661451996025,cand_011 (USDJPY)
2017-09-15 08:00:00,0.6347180141800342,4059.296170010205,cand_007 (EURJPY)
2017-09-15 08:23:40,0.0,4059.296170010205,cand_007 (EURJPY)
2017-09-15 09:13:40,0.0,4059.296170010205,cand_011 (USDJPY)
2017-09-15 13:00:00,36.40490500100209,4095.7010750112067,cand_011 (USDJPY)
2017-09-15 15:00:00,76.0550860491226,4171.75616106033,cand_007 (EURJPY)
2017-09-18 07:00:00,0.5222644599299877,4172.27842552026,cand_011 (USDJPY)
2017-09-18 09:43:40,0.0,4172.27842552026,cand_011 (USDJPY)
2017-09-18 13:00:00,-5.9077326849727445,4166.370692835287,cand_011 (USDJPY)
2017-09-19 08:00:00,0.6347180141800342,4167.005410849467,cand_007 (EURJPY)
2017-09-19 08:17:40,0.0,4167.005410849467,cand_007 (EURJPY)
2017-09-19 15:00:00,-20.26337260269759,4146.742038246769,cand_007 (EURJPY)
2017-09-21 07:00:00,0.5222644599299877,4147.264302706699,cand_011 (USDJPY)
2017-09-25 07:00:00,0.5222644599299877,4147.7865671666295,cand_011 (USDJPY)
2017-09-27 07:00:00,0.5222644599299877,4148.308831626559,cand_011 (USDJPY)
2017-09-27 09:57:40,0.0,4148.308831626559,cand_011 (USDJPY)
2017-09-27 13:00:00,8.875423674927852,4157.184255301487,cand_011 (USDJPY)
2017-09-28 07:00:00,0.5222644599299877,4157.706519761417,cand_011 (USDJPY)
2017-09-28 09:03:40,0.0,4157.706519761417,cand_011 (USDJPY)
2017-09-28 13:00:00,-26.214603744603444,4131.491916016814,cand_011 (USDJPY)
2017-09-29 07:00:00,0.5222644599299877,4132.014180476744,cand_011 (USDJPY)
2017-10-02 07:00:00,0.5222644599299877,4132.536444936673,cand_011 (USDJPY)
2017-10-03 07:00:00,0.5222644599299877,4133.058709396604,cand_011 (USDJPY)
2017-10-17 07:00:00,0.5222644599299877,4133.580973856534,cand_011 (USDJPY)
2017-10-20 07:00:00,0.5222644599299877,4134.103238316464,cand_011 (USDJPY)
2017-10-23 07:00:00,0.5222644599299877,4134.625502776395,cand_011 (USDJPY)
2017-10-27 07:00:00,0.5222644599299877,4135.147767236324,cand_011 (USDJPY)
2017-11-01 07:00:00,0.5222644599299877,4135.670031696254,cand_011 (USDJPY)
2017-11-02 07:00:00,0.5222644599299877,4136.192296156184,cand_011 (USDJPY)
2017-11-06 07:00:00,0.5222644599299877,4136.714560616114,cand_011 (USDJPY)
2017-11-09 07:23:40,0.0,4136.714560616114,cand_011 (USDJPY)
2017-11-09 13:00:00,9.20414307029555,4145.91870368641,cand_011 (USDJPY)
2017-11-15 08:00:00,0.6347180141800342,4146.55342170059,cand_007 (EURJPY)
2017-11-22 09:46:40,0.0,4146.55342170059,cand_011 (USDJPY)
2017-11-22 13:00:00,-3.563686903051681,4142.989734797538,cand_011 (USDJPY)
2017-11-27 08:00:00,0.6347180141800342,4143.624452811719,cand_007 (EURJPY)
2017-11-29 07:00:00,0.5222644599299877,4144.146717271648,cand_011 (USDJPY)
2017-11-30 07:00:00,0.5222644599299877,4144.668981731578,cand_011 (USDJPY)
2017-11-30 09:03:40,0.0,4144.668981731578,cand_011 (USDJPY)
2017-11-30 13:00:00,7.327063158429535,4151.996044890007,cand_011 (USDJPY)
2017-12-01 07:00:00,0.5222644599299877,4152.518309349938,cand_011 (USDJPY)
2017-12-01 08:00:00,0.6347180141800342,4153.153027364118,cand_007 (EURJPY)
2017-12-18 07:00:00,0.5222644599299877,4153.675291824048,cand_011 (USDJPY)
2017-12-21 07:00:00,0.5222644599299877,4154.197556283978,cand_011 (USDJPY)
2017-12-21 09:35:40,0.0,4154.197556283978,cand_011 (USDJPY)
2017-12-21 13:00:00,-5.575941145723104,4148.621615138255,cand_011 (USDJPY)
2018-01-10 08:36:40,0.0,4148.621615138255,cand_007 (EURJPY)
2018-01-10 09:03:40,0.0,4148.621615138255,cand_011 (USDJPY)
2018-01-10 13:00:00,34.52168080137219,4183.143295939627,cand_011 (USDJPY)
2018-01-10 15:00:00,10.993316005598192,4194.136611945225,cand_007 (EURJPY)
2018-01-15 08:00:00,0.6347180141800342,4194.771329959405,cand_007 (EURJPY)
2018-01-17 07:00:00,0.5222644599299877,4195.293594419335,cand_011 (USDJPY)
2018-01-17 08:00:00,0.6347180141800342,4195.928312433515,cand_007 (EURJPY)
2018-01-18 07:00:00,0.5222644599299877,4196.450576893445,cand_011 (USDJPY)
2018-01-23 08:00:00,0.6347180141800342,4197.085294907625,cand_007 (EURJPY)
2018-01-25 08:27:40,0.0,4197.085294907625,cand_011 (USDJPY)
2018-01-25 13:00:00,-16.617226257419436,4180.468068650206,cand_011 (USDJPY)
2018-01-26 08:24:40,0.0,4180.468068650206,cand_011 (USDJPY)
2018-01-26 13:00:00,3.6589233633918554,4184.126992013597,cand_011 (USDJPY)
2018-01-30 08:14:20,0.0,4184.126992013597,cand_007 (EURJPY)
2018-01-30 13:56:40,-48.06719521385399,4136.059796799744,cand_007 (EURJPY)
2018-01-30 13:56:40,42.87456713984713,4178.934363939591,cand_007 (EURJPY)
2018-01-31 07:00:00,0.5222644599299877,4179.456628399521,cand_011 (USDJPY)
2018-02-01 07:00:00,0.5222644599299877,4179.978892859451,cand_011 (USDJPY)
2018-02-01 08:36:40,0.0,4179.978892859451,cand_011 (USDJPY)
2018-02-01 13:00:00,6.500656454187378,4186.479549313638,cand_011 (USDJPY)
2018-02-02 07:00:00,0.5222644599299877,4187.001813773568,cand_011 (USDJPY)
2018-02-02 08:38:40,0.0,4187.001813773568,cand_011 (USDJPY)
2018-02-02 13:00:00,2.964618846073166,4189.966432619642,cand_011 (USDJPY)
2018-02-05 07:00:00,0.5222644599299877,4190.4886970795715,cand_011 (USDJPY)
2018-02-07 08:04:40,0.0,4190.4886970795715,cand_007 (EURJPY)
2018-02-07 09:30:40,0.0,4190.4886970795715,cand_011 (USDJPY)
2018-02-07 13:00:00,-1.6313084013107264,4188.857388678261,cand_011 (USDJPY)
2018-02-07 15:00:00,11.612166069423726,4200.469554747684,cand_007 (EURJPY)
2018-02-08 07:00:00,0.5222644599299877,4200.991819207615,cand_011 (USDJPY)
2018-02-08 08:00:40,0.0,4200.991819207615,cand_011 (USDJPY)
2018-02-08 13:00:00,-6.896963014957779,4194.094856192657,cand_011 (USDJPY)
2018-02-13 08:10:20,0.0,4194.094856192657,cand_011 (USDJPY)
2018-02-13 13:00:00,31.96565709159719,4226.060513284254,cand_011 (USDJPY)
2018-02-19 07:00:00,0.5222644599299877,4226.582777744185,cand_011 (USDJPY)
2018-02-19 08:21:40,0.0,4226.582777744185,cand_011 (USDJPY)
2018-02-19 13:00:00,-3.9231277372387905,4222.659650006945,cand_011 (USDJPY)
2018-02-20 07:00:00,0.5222644599299877,4223.181914466875,cand_011 (USDJPY)
2018-02-20 09:35:40,0.0,4223.181914466875,cand_011 (USDJPY)
2018-02-20 13:00:00,9.462203156378603,4232.644117623254,cand_011 (USDJPY)
2018-02-21 07:00:00,0.5222644599299877,4233.166382083184,cand_011 (USDJPY)
2018-02-21 08:00:00,0.6347180141800342,4233.801100097364,cand_007 (EURJPY)
2018-02-22 07:00:00,0.5222644599299877,4234.323364557295,cand_011 (USDJPY)
2018-02-27 07:00:00,0.5222644599299877,4234.845629017224,cand_011 (USDJPY)
2018-02-28 07:00:00,0.5222644599299877,4235.367893477154,cand_011 (USDJPY)
2018-03-02 07:58:40,0.0,4235.367893477154,cand_011 (USDJPY)
2018-03-02 08:28:40,0.0,4235.367893477154,cand_007 (EURJPY)
2018-03-02 13:00:00,13.793926029915559,4249.16181950707,cand_011 (USDJPY)
2018-03-02 15:00:00,2.770544131895849,4251.932363638965,cand_007 (EURJPY)
2018-03-06 07:00:00,0.5222644599299877,4252.454628098896,cand_011 (USDJPY)
2018-03-06 08:00:00,0.6347180141800342,4253.089346113075,cand_007 (EURJPY)
2018-03-09 07:00:00,0.5222644599299877,4253.611610573005,cand_011 (USDJPY)
2018-03-09 08:00:00,0.6347180141800342,4254.246328587185,cand_007 (EURJPY)
2018-03-12 07:00:00,0.5222644599299877,4254.768593047116,cand_011 (USDJPY)
2018-03-13 07:00:00,0.5222644599299877,4255.290857507046,cand_011 (USDJPY)
2018-03-13 07:18:40,0.0,4255.290857507046,cand_011 (USDJPY)
2018-03-13 08:00:00,0.6347180141800342,4255.925575521225,cand_007 (EURJPY)
2018-03-13 13:00:00,25.05947764499359,4280.98505316622,cand_011 (USDJPY)
2018-03-20 07:00:00,0.5222644599299877,4281.507317626149,cand_011 (USDJPY)
2018-03-20 08:00:00,0.6347180141800342,4282.14203564033,cand_007 (EURJPY)
2018-03-27 07:00:00,0.5222644599299877,4282.664300100259,cand_011 (USDJPY)
2018-03-28 07:00:00,0.5222644599299877,4283.186564560189,cand_011 (USDJPY)
2018-03-28 08:00:00,0.6347180141800342,4283.821282574369,cand_007 (EURJPY)
2018-03-29 07:00:00,0.5222644599299877,4284.343547034299,cand_011 (USDJPY)
2018-03-30 07:00:00,0.5222644599299877,4284.86581149423,cand_011 (USDJPY)
2018-04-05 07:00:00,0.5222644599299877,4285.38807595416,cand_011 (USDJPY)
2018-04-06 07:00:00,0.5222644599299877,4285.91034041409,cand_011 (USDJPY)
2018-04-09 07:00:00,0.5222644599299877,4286.4326048740195,cand_011 (USDJPY)
2018-04-10 07:00:00,0.5222644599299877,4286.954869333949,cand_011 (USDJPY)
2018-04-10 08:00:00,0.6347180141800342,4287.5895873481295,cand_007 (EURJPY)
2018-04-13 07:00:00,0.5222644599299877,4288.11185180806,cand_011 (USDJPY)
2018-04-13 09:03:20,0.0,4288.11185180806,cand_011 (USDJPY)
2018-04-13 13:00:00,-0.9707974666933891,4287.141054341367,cand_011 (USDJPY)
2018-04-18 07:00:00,0.5222644599299877,4287.663318801297,cand_011 (USDJPY)
2018-04-18 08:00:00,0.6347180141800342,4288.298036815477,cand_007 (EURJPY)
2018-04-19 07:00:00,0.5222644599299877,4288.820301275407,cand_011 (USDJPY)
2018-04-20 07:00:00,0.5222644599299877,4289.342565735336,cand_011 (USDJPY)
2018-04-25 07:00:00,0.5222644599299877,4289.864830195267,cand_011 (USDJPY)
2018-04-25 09:57:40,0.0,4289.864830195267,cand_011 (USDJPY)
2018-04-25 13:00:00,-5.969175562611566,4283.895654632655,cand_011 (USDJPY)
2018-05-02 07:00:00,0.5222644599299877,4284.417919092585,cand_011 (USDJPY)
2018-05-09 07:00:00,0.5222644599299877,4284.940183552515,cand_011 (USDJPY)
2018-05-10 07:00:00,0.5222644599299877,4285.462448012446,cand_011 (USDJPY)
2018-05-17 07:00:00,0.5222644599299877,4285.984712472376,cand_011 (USDJPY)
2018-05-17 09:19:40,0.0,4285.984712472376,cand_011 (USDJPY)
2018-05-17 13:00:00,8.881567962691733,4294.866280435067,cand_011 (USDJPY)
2018-05-18 07:00:00,0.5222644599299877,4295.388544894997,cand_011 (USDJPY)
2018-05-21 07:00:00,0.5222644599299877,4295.910809354928,cand_011 (USDJPY)
2018-05-21 07:14:40,0.0,4295.910809354928,cand_011 (USDJPY)
2018-05-21 13:00:00,0.2764929493746994,4296.187302304302,cand_011 (USDJPY)
2018-05-31 08:00:00,0.6347180141800342,4296.822020318482,cand_007 (EURJPY)
2018-05-31 08:36:40,0.0,4296.822020318482,cand_007 (EURJPY)
2018-05-31 15:00:00,22.15800587502499,4318.980026193507,cand_007 (EURJPY)
2018-06-01 07:00:00,0.5222644599299877,4319.502290653437,cand_011 (USDJPY)
2018-06-01 08:00:00,0.6347180141800342,4320.137008667617,cand_007 (EURJPY)
2018-06-04 07:00:00,0.5222644599299877,4320.659273127547,cand_011 (USDJPY)
2018-06-07 07:00:00,0.5222644599299877,4321.181537587477,cand_011 (USDJPY)
2018-06-11 07:00:00,0.5222644599299877,4321.7038020474065,cand_011 (USDJPY)
2018-06-11 08:00:00,0.6347180141800342,4322.338520061587,cand_007 (EURJPY)
2018-06-11 09:07:40,0.0,4322.338520061587,cand_011 (USDJPY)
2018-06-11 13:00:00,7.9845019491649305,4330.323022010752,cand_011 (USDJPY)
2018-06-12 07:00:00,0.5222644599299877,4330.8452864706815,cand_011 (USDJPY)
2018-06-12 08:00:00,0.6347180141800342,4331.480004484862,cand_007 (EURJPY)
2018-06-13 07:00:00,0.5222644599299877,4332.002268944792,cand_011 (USDJPY)
2018-06-15 07:00:00,0.5222644599299877,4332.524533404722,cand_011 (USDJPY)
2018-06-15 09:00:40,0.0,4332.524533404722,cand_011 (USDJPY)
2018-06-15 13:00:00,-20.952021274838334,4311.572512129884,cand_011 (USDJPY)
2018-06-19 08:50:20,0.0,4311.572512129884,cand_007 (EURJPY)
2018-06-19 08:53:20,0.0,4311.572512129884,cand_011 (USDJPY)
2018-06-19 13:00:00,-13.142631526944045,4298.429880602939,cand_011 (USDJPY)
2018-06-19 15:00:00,30.371256978514634,4328.801137581454,cand_007 (EURJPY)
2018-06-21 07:00:00,0.5222644599299877,4329.323402041384,cand_011 (USDJPY)
2018-06-21 08:14:40,0.0,4329.323402041384,cand_011 (USDJPY)
2018-06-21 13:00:00,-20.368313937269523,4308.955088104114,cand_011 (USDJPY)
2018-06-25 08:23:20,0.0,4308.955088104114,cand_007 (EURJPY)
2018-06-25 15:00:00,-38.9685124805832,4269.986575623531,cand_007 (EURJPY)
2018-06-29 08:00:00,0.6347180141800342,4270.6212936377115,cand_007 (EURJPY)
2018-07-02 07:00:00,0.5222644599299877,4271.143558097641,cand_011 (USDJPY)
2018-07-03 07:00:00,0.5222644599299877,4271.665822557571,cand_011 (USDJPY)
2018-07-03 08:00:00,0.6347180141800342,4272.300540571751,cand_007 (EURJPY)
2018-07-10 07:00:00,0.5222644599299877,4272.822805031681,cand_011 (USDJPY)
2018-07-10 08:09:40,0.0,4272.822805031681,cand_011 (USDJPY)
2018-07-10 13:00:00,1.9876770916158946,4274.810482123297,cand_011 (USDJPY)
2018-07-11 07:00:00,0.5222644599299877,4275.332746583227,cand_011 (USDJPY)
2018-07-11 08:00:00,0.6347180141800342,4275.967464597407,cand_007 (EURJPY)
2018-07-12 07:00:00,0.5222644599299877,4276.489729057337,cand_011 (USDJPY)
2018-07-12 08:00:00,0.6347180141800342,4277.124447071517,cand_007 (EURJPY)
2018-07-13 07:00:00,0.5222644599299877,4277.646711531447,cand_011 (USDJPY)
2018-07-30 07:00:00,0.5222644599299877,4278.168975991377,cand_011 (USDJPY)
2018-07-31 08:00:00,0.6347180141800342,4278.803694005557,cand_007 (EURJPY)
2018-08-01 07:00:00,0.5222644599299877,4279.325958465488,cand_011 (USDJPY)
2018-08-01 09:19:40,0.0,4279.325958465488,cand_011 (USDJPY)
2018-08-01 13:00:00,-5.265654613647054,4274.06030385184,cand_011 (USDJPY)
2018-08-10 07:22:40,0.0,4274.06030385184,cand_011 (USDJPY)
2018-08-10 08:09:40,0.0,4274.06030385184,cand_007 (EURJPY)
2018-08-10 13:00:00,-13.732483152276739,4260.327820699564,cand_011 (USDJPY)
2018-08-10 15:00:00,14.47157072330478,4274.799391422868,cand_007 (EURJPY)
2018-08-14 07:00:00,0.5222644599299877,4275.321655882799,cand_011 (USDJPY)
2018-08-14 09:18:40,0.0,4275.321655882799,cand_011 (USDJPY)
2018-08-14 13:00:00,-5.317881059640052,4270.003774823159,cand_011 (USDJPY)
2018-08-15 07:00:00,0.5222644599299877,4270.526039283089,cand_011 (USDJPY)
2018-08-16 08:00:00,0.6347180141800342,4271.160757297268,cand_007 (EURJPY)
2018-08-16 08:49:20,0.0,4271.160757297268,cand_007 (EURJPY)
2018-08-16 15:00:00,-22.678474646652617,4248.482282650616,cand_007 (EURJPY)
2018-08-21 08:00:00,0.6347180141800342,4249.117000664795,cand_007 (EURJPY)
2018-08-21 08:29:40,0.0,4249.117000664795,cand_007 (EURJPY)
2018-08-21 15:00:00,0.9203411205610494,4250.037341785357,cand_007 (EURJPY)
2018-08-22 07:00:00,0.5222644599299877,4250.559606245287,cand_011 (USDJPY)
2018-08-22 08:00:00,0.6347180141800342,4251.194324259467,cand_007 (EURJPY)
2018-08-23 07:00:00,0.5222644599299877,4251.716588719397,cand_011 (USDJPY)
2018-08-24 07:00:00,0.5222644599299877,4252.238853179327,cand_011 (USDJPY)
2018-08-27 08:00:00,0.6347180141800342,4252.873571193507,cand_007 (EURJPY)
2018-08-28 07:00:00,0.5222644599299877,4253.395835653437,cand_011 (USDJPY)
2018-09-04 07:00:00,0.5222644599299877,4253.9181001133675,cand_011 (USDJPY)
2018-09-04 09:02:40,0.0,4253.9181001133675,cand_011 (USDJPY)
2018-09-04 13:00:00,5.462271822091284,4259.380371935458,cand_011 (USDJPY)
2018-09-05 07:00:00,0.5222644599299877,4259.902636395388,cand_011 (USDJPY)
2018-09-11 07:00:00,0.5222644599299877,4260.424900855318,cand_011 (USDJPY)
2018-09-11 08:00:00,0.6347180141800342,4261.059618869498,cand_007 (EURJPY)
2018-09-11 08:40:40,0.0,4261.059618869498,cand_007 (EURJPY)
2018-09-11 15:00:00,-23.995514526076192,4237.0641043434225,cand_007 (EURJPY)
2018-09-13 07:00:00,0.5222644599299877,4237.586368803352,cand_011 (USDJPY)
2018-09-13 08:00:00,0.6347180141800342,4238.221086817532,cand_007 (EURJPY)
2018-09-14 07:00:00,0.5222644599299877,4238.743351277462,cand_011 (USDJPY)
2018-09-18 07:00:00,0.5222644599299877,4239.265615737392,cand_011 (USDJPY)
2018-09-18 08:00:00,0.6347180141800342,4239.900333751572,cand_007 (EURJPY)
2018-09-18 09:17:40,0.0,4239.900333751572,cand_011 (USDJPY)
2018-09-18 13:00:00,-7.462237489234942,4232.438096262337,cand_011 (USDJPY)
2018-09-21 07:00:00,0.5222644599299877,4232.960360722267,cand_011 (USDJPY)
2018-09-21 08:00:00,0.6347180141800342,4233.595078736447,cand_007 (EURJPY)
2018-09-21 09:47:40,0.0,4233.595078736447,cand_011 (USDJPY)
2018-09-21 13:00:00,-8.0643776900954,4225.530701046352,cand_011 (USDJPY)
2018-09-28 07:00:00,0.5222644599299877,4226.052965506282,cand_011 (USDJPY)
2018-10-01 07:00:00,0.5222644599299877,4226.575229966212,cand_011 (USDJPY)
2018-10-04 07:00:00,0.5222644599299877,4227.097494426142,cand_011 (USDJPY)
2018-10-12 08:00:00,0.6347180141800342,4227.732212440322,cand_007 (EURJPY)
2018-10-12 08:24:40,0.0,4227.732212440322,cand_007 (EURJPY)
2018-10-12 15:00:00,-28.82571861398625,4198.9064938263355,cand_007 (EURJPY)
2018-10-19 07:00:00,0.5222644599299877,4199.428758286265,cand_011 (USDJPY)
2018-10-22 07:00:00,0.5222644599299877,4199.951022746196,cand_011 (USDJPY)
2018-10-22 08:00:00,0.6347180141800342,4200.585740760376,cand_007 (EURJPY)
2018-10-22 09:33:20,0.0,4200.585740760376,cand_011 (USDJPY)
2018-10-22 13:00:00,3.050638874767517,4203.636379635143,cand_011 (USDJPY)
2018-10-23 09:43:40,0.0,4203.636379635143,cand_011 (USDJPY)
2018-10-23 13:00:00,2.734208054927583,4206.370587690071,cand_011 (USDJPY)
2018-10-24 07:00:00,0.5222644599299877,4206.892852150001,cand_011 (USDJPY)
2018-10-26 08:31:40,0.0,4206.892852150001,cand_007 (EURJPY)
2018-10-26 15:00:00,16.315426554497776,4223.208278704498,cand_007 (EURJPY)
2018-10-30 07:00:00,0.5222644599299877,4223.730543164429,cand_011 (USDJPY)
2018-10-30 08:00:00,0.6347180141800342,4224.365261178609,cand_007 (EURJPY)
2018-10-31 07:00:00,0.5222644599299877,4224.887525638539,cand_011 (USDJPY)
2018-11-02 08:00:00,0.6347180141800342,4225.522243652718,cand_007 (EURJPY)
2018-11-02 08:23:40,0.0,4225.522243652718,cand_007 (EURJPY)
2018-11-02 15:00:00,6.353527321942142,4231.875770974661,cand_007 (EURJPY)
2018-11-07 08:00:00,0.6347180141800342,4232.510488988841,cand_007 (EURJPY)
2018-11-09 07:00:00,0.5222644599299877,4233.0327534487715,cand_011 (USDJPY)
2018-11-13 07:00:00,0.5222644599299877,4233.555017908701,cand_011 (USDJPY)
2018-11-26 07:00:00,0.5222644599299877,4234.077282368631,cand_011 (USDJPY)
2018-12-07 07:00:00,0.5222644599299877,4234.599546828561,cand_011 (USDJPY)
2018-12-11 07:00:00,0.5222644599299877,4235.121811288491,cand_011 (USDJPY)
2018-12-20 07:43:40,0.0,4235.121811288491,cand_011 (USDJPY)
2018-12-20 13:00:00,19.02271491697932,4254.14452620547,cand_011 (USDJPY)
2018-12-27 07:00:00,0.5222644599299877,4254.6667906654,cand_011 (USDJPY)
2018-12-27 08:00:00,0.6347180141800342,4255.30150867958,cand_007 (EURJPY)
2018-12-28 09:56:40,0.0,4255.30150867958,cand_011 (USDJPY)
2018-12-28 13:00:00,3.787953406433382,4259.0894620860145,cand_011 (USDJPY)
2019-01-02 08:10:40,0.0,4259.0894620860145,cand_011 (USDJPY)
2019-01-02 13:00:00,7.379289604422533,4266.468751690437,cand_011 (USDJPY)
2019-01-04 07:00:00,0.5222644599299877,4266.991016150367,cand_011 (USDJPY)
2019-01-07 07:00:00,0.5222644599299877,4267.5132806102965,cand_011 (USDJPY)
2019-01-07 08:00:00,0.6347180141800342,4268.147998624477,cand_007 (EURJPY)
2019-01-08 07:00:00,0.5222644599299877,4268.6702630844065,cand_011 (USDJPY)
2019-01-08 08:00:00,0.6347180141800342,4269.304981098587,cand_007 (EURJPY)
2019-01-09 07:00:00,0.5222644599299877,4269.827245558517,cand_011 (USDJPY)
2019-01-10 08:00:00,0.6347180141800342,4270.461963572697,cand_007 (EURJPY)
2019-01-15 07:00:00,0.5222644599299877,4270.984228032627,cand_011 (USDJPY)
2019-01-15 07:16:40,0.0,4270.984228032627,cand_011 (USDJPY)
2019-01-15 08:00:00,0.6347180141800342,4271.618946046807,cand_007 (EURJPY)
2019-01-15 13:00:00,-11.551260996098554,4260.067685050708,cand_011 (USDJPY)
2019-01-16 07:00:00,0.5222644599299877,4260.589949510639,cand_011 (USDJPY)
2019-01-17 07:00:00,0.5222644599299877,4261.1122139705685,cand_011 (USDJPY)
2019-01-18 07:00:00,0.5222644599299877,4261.634478430498,cand_011 (USDJPY)
2019-01-21 07:00:00,0.5222644599299877,4262.156742890428,cand_011 (USDJPY)
2019-01-23 07:00:00,0.5222644599299877,4262.679007350358,cand_011 (USDJPY)
2019-01-25 07:00:00,0.5222644599299877,4263.201271810289,cand_011 (USDJPY)
2019-02-04 07:00:00,0.5222644599299877,4263.723536270219,cand_011 (USDJPY)
2019-02-07 07:00:00,0.5222644599299877,4264.245800730148,cand_011 (USDJPY)
2019-02-11 07:00:00,0.5222644599299877,4264.768065190079,cand_011 (USDJPY)
2019-02-12 07:00:00,0.5222644599299877,4265.290329650009,cand_011 (USDJPY)
2019-02-14 07:00:01,0.5222644599299877,4265.812594109939,cand_011 (USDJPY)
2019-02-20 07:00:00,0.5222644599299877,4266.334858569869,cand_011 (USDJPY)
2019-02-21 07:00:00,0.5222644599299877,4266.8571230297985,cand_011 (USDJPY)
2019-02-21 08:00:00,0.6347180141800342,4267.491841043979,cand_007 (EURJPY)
2019-03-08 07:52:40,0.0,4267.491841043979,cand_011 (USDJPY)
2019-03-08 13:00:00,-5.966103418729626,4261.525737625249,cand_011 (USDJPY)
2019-03-14 07:00:00,0.5222644599299877,4262.048002085179,cand_011 (USDJPY)
2019-03-14 08:00:00,0.6347180141800342,4262.682720099359,cand_007 (EURJPY)
2019-03-15 07:00:00,0.5222644599299877,4263.204984559289,cand_011 (USDJPY)
2019-03-20 07:00:00,0.5222644599299877,4263.727249019219,cand_011 (USDJPY)
2019-03-27 07:00:00,0.5222644599299877,4264.24951347915,cand_011 (USDJPY)
2019-03-29 07:00:00,0.5222644599299877,4264.77177793908,cand_011 (USDJPY)
2019-04-01 07:00:00,0.5222644599299877,4265.294042399009,cand_011 (USDJPY)
2019-04-03 07:00:00,0.5222644599299877,4265.81630685894,cand_011 (USDJPY)
2019-04-25 07:00:00,0.5222644599299877,4266.33857131887,cand_011 (USDJPY)
2019-05-02 07:00:00,0.5222644599299877,4266.8608357788,cand_011 (USDJPY)
2019-05-14 07:00:00,0.5222644599299877,4267.38310023873,cand_011 (USDJPY)
2019-05-17 09:29:40,0.0,4267.38310023873,cand_011 (USDJPY)
2019-05-17 13:00:00,-9.910736163142003,4257.472364075587,cand_011 (USDJPY)
2019-05-20 07:00:00,0.5222644599299877,4257.994628535518,cand_011 (USDJPY)
2019-05-31 07:55:20,0.0,4257.994628535518,cand_011 (USDJPY)
2019-05-31 08:24:40,0.0,4257.994628535518,cand_007 (EURJPY)
2019-05-31 13:00:00,11.296273053897442,4269.290901589416,cand_011 (USDJPY)
2019-05-31 15:00:00,-4.433505329047539,4264.857396260368,cand_007 (EURJPY)
2019-06-11 07:00:00,0.5222644599299877,4265.379660720298,cand_011 (USDJPY)
2019-06-25 07:38:40,0.0,4265.379660720298,cand_011 (USDJPY)
2019-06-25 13:00:00,-18.641769075618623,4246.73789164468,cand_011 (USDJPY)
2019-06-26 07:00:00,0.5222644599299877,4247.260156104609,cand_011 (USDJPY)
2019-06-27 07:00:00,0.5222644599299877,4247.782420564539,cand_011 (USDJPY)
2019-07-01 07:00:00,0.5222644599299877,4248.304685024469,cand_011 (USDJPY)
2019-07-22 07:00:00,0.5222644599299877,4248.826949484399,cand_011 (USDJPY)
2019-07-23 07:00:00,0.5222644599299877,4249.34921394433,cand_011 (USDJPY)
2019-07-23 07:39:40,0.0,4249.34921394433,cand_011 (USDJPY)
2019-07-23 13:00:00,-0.9646531789295069,4248.3845607654,cand_011 (USDJPY)
2019-08-01 07:00:00,0.5222644599299877,4248.90682522533,cand_011 (USDJPY)
2019-08-06 07:00:00,0.5222644599299877,4249.42908968526,cand_011 (USDJPY)
2019-08-06 07:01:40,0.0,4249.42908968526,cand_011 (USDJPY)
2019-08-06 08:00:00,0.6347180141800342,4250.06380769944,cand_007 (EURJPY)
2019-08-06 13:00:00,-14.669487036268775,4235.394320663171,cand_011 (USDJPY)
2019-08-08 07:00:00,0.5222644599299877,4235.916585123101,cand_011 (USDJPY)
2019-08-14 07:00:00,0.5222644599299877,4236.438849583032,cand_011 (USDJPY)
2019-08-14 08:00:00,0.6347180141800342,4237.073567597212,cand_007 (EURJPY)
2019-08-16 07:00:00,0.5222644599299877,4237.595832057142,cand_011 (USDJPY)
2019-08-21 07:00:00,0.5222644599299877,4238.1180965170715,cand_011 (USDJPY)
2019-08-29 07:00:00,0.5222644599299877,4238.640360977001,cand_011 (USDJPY)
2019-09-05 07:00:00,0.5222644599299877,4239.162625436931,cand_011 (USDJPY)
2019-09-09 07:00:00,0.5222644599299877,4239.684889896862,cand_011 (USDJPY)
2019-09-10 07:00:00,0.5222644599299877,4240.207154356792,cand_011 (USDJPY)
2019-09-12 07:00:00,0.5222644599299877,4240.729418816722,cand_011 (USDJPY)
2019-09-17 07:00:00,0.5222644599299877,4241.251683276652,cand_011 (USDJPY)
2019-10-10 07:00:00,0.5222644599299877,4241.773947736582,cand_011 (USDJPY)
2019-10-11 07:00:00,0.5222644599299877,4242.296212196512,cand_011 (USDJPY)
2019-10-14 07:00:00,0.5222644599299877,4242.818476656442,cand_011 (USDJPY)
2019-10-16 07:00:00,0.5222644599299877,4243.340741116372,cand_011 (USDJPY)
2019-11-26 07:00:00,0.5222644599299877,4243.863005576302,cand_011 (USDJPY)
2020-02-20 07:00:00,0.5222644599299877,4244.385270036232,cand_011 (USDJPY)
2020-02-20 09:17:40,0.0,4244.385270036232,cand_011 (USDJPY)
2020-02-20 13:00:00,29.252954043843197,4273.638224080076,cand_011 (USDJPY)
2020-02-21 07:00:00,0.5222644599299877,4274.160488540006,cand_011 (USDJPY)
2020-03-03 08:00:00,0.6347180141800342,4274.795206554185,cand_007 (EURJPY)
2020-03-10 08:00:00,0.6347180141800342,4275.429924568365,cand_007 (EURJPY)
2020-03-10 08:05:40,0.0,4275.429924568365,cand_007 (EURJPY)
2020-03-10 15:00:00,6.489991694990849,4281.919916263356,cand_007 (EURJPY)
2020-03-11 07:00:00,0.5222644599299877,4282.442180723287,cand_011 (USDJPY)
2020-03-11 08:00:00,0.6347180141800342,4283.076898737466,cand_007 (EURJPY)
2020-03-13 07:00:00,0.5222644599299877,4283.599163197396,cand_011 (USDJPY)
2020-03-13 07:42:40,0.0,4283.599163197396,cand_011 (USDJPY)
2020-03-13 08:00:00,0.6347180141800342,4284.233881211576,cand_007 (EURJPY)
2020-03-13 08:03:40,0.0,4284.233881211576,cand_007 (EURJPY)
2020-03-13 13:00:00,49.38164075832132,4333.615521969898,cand_011 (USDJPY)
2020-03-13 15:00:00,37.410279755771214,4371.025801725668,cand_007 (EURJPY)
2020-03-16 08:00:00,0.6347180141800342,4371.6605197398485,cand_007 (EURJPY)
2020-03-17 07:00:00,0.5222644599299877,4372.182784199778,cand_011 (USDJPY)
2020-03-17 08:00:00,0.6347180141800342,4372.8175022139585,cand_007 (EURJPY)
2020-03-18 07:00:00,0.5222644599299877,4373.339766673888,cand_011 (USDJPY)
2020-03-19 07:00:00,0.5222644599299877,4373.862031133818,cand_011 (USDJPY)
2020-03-19 08:00:00,0.6347180141800342,4374.496749147998,cand_007 (EURJPY)
2020-03-20 07:00:00,0.5222644599299877,4375.019013607929,cand_011 (USDJPY)
2020-03-20 08:00:00,0.6347180141800342,4375.653731622108,cand_007 (EURJPY)
2020-03-23 07:00:00,0.5222644599299877,4376.175996082038,cand_011 (USDJPY)
2020-03-24 08:00:00,0.6347180141800342,4376.810714096218,cand_007 (EURJPY)
2020-03-25 07:00:00,0.5222644599299877,4377.332978556149,cand_011 (USDJPY)
2020-03-25 08:00:00,0.6347180141800342,4377.967696570328,cand_007 (EURJPY)
2020-03-25 08:07:40,0.0,4377.967696570328,cand_007 (EURJPY)
2020-03-25 15:00:00,-10.326862090709156,4367.640834479619,cand_007 (EURJPY)
2020-03-26 08:00:00,0.6347180141800342,4368.275552493799,cand_007 (EURJPY)
2020-03-31 07:00:00,0.5222644599299877,4368.797816953729,cand_011 (USDJPY)
2020-04-03 07:00:00,0.5222644599299877,4369.32008141366,cand_011 (USDJPY)
2020-04-06 07:00:00,0.5222644599299877,4369.84234587359,cand_011 (USDJPY)
2020-04-06 08:00:00,0.6347180141800342,4370.477063887769,cand_007 (EURJPY)
2020-04-06 08:44:40,0.0,4370.477063887769,cand_007 (EURJPY)
2020-04-06 09:59:40,0.0,4370.477063887769,cand_011 (USDJPY)
2020-04-06 13:00:00,-0.16896791350676077,4370.308095974263,cand_011 (USDJPY)
2020-04-06 15:00:00,-25.404588517555865,4344.903507456707,cand_007 (EURJPY)
2020-04-07 07:00:00,0.5222644599299877,4345.425771916637,cand_011 (USDJPY)
2020-04-08 07:00:00,0.5222644599299877,4345.948036376567,cand_011 (USDJPY)
2020-04-08 08:00:00,0.6347180141800342,4346.582754390747,cand_007 (EURJPY)
2020-04-08 08:19:20,0.0,4346.582754390747,cand_011 (USDJPY)
2020-04-08 13:00:00,-9.25944166017049,4337.323312730577,cand_011 (USDJPY)
2020-04-09 07:00:00,0.5222644599299877,4337.845577190506,cand_011 (USDJPY)
2020-04-13 07:50:40,0.0,4337.845577190506,cand_011 (USDJPY)
2020-04-13 13:00:00,-6.657335792166374,4331.18824139834,cand_011 (USDJPY)
2020-04-16 07:00:00,0.5222644599299877,4331.71050585827,cand_011 (USDJPY)
2020-04-17 07:00:00,0.5222644599299877,4332.2327703182,cand_011 (USDJPY)
2020-04-20 07:00:00,0.5222644599299877,4332.755034778131,cand_011 (USDJPY)
2020-04-27 09:17:40,0.0,4332.755034778131,cand_011 (USDJPY)
2020-04-27 13:00:00,-2.2365207460531242,4330.518514032077,cand_011 (USDJPY)
2020-05-01 07:00:00,0.5222644599299877,4331.040778492007,cand_011 (USDJPY)
2020-05-11 07:00:00,0.5222644599299877,4331.563042951937,cand_011 (USDJPY)
2020-05-11 09:37:40,0.0,4331.563042951937,cand_011 (USDJPY)
2020-05-11 13:00:00,4.297929290835605,4335.860972242773,cand_011 (USDJPY)
2020-05-12 07:00:00,0.5222644599299877,4336.383236702703,cand_011 (USDJPY)
2020-05-20 07:00:00,0.5222644599299877,4336.905501162633,cand_011 (USDJPY)
2020-05-21 07:00:00,0.5222644599299877,4337.427765622563,cand_011 (USDJPY)
2020-05-26 07:00:00,0.5222644599299877,4337.950030082493,cand_011 (USDJPY)
2020-05-29 07:47:40,0.0,4337.950030082493,cand_011 (USDJPY)
2020-05-29 13:00:00,0.9154988768184491,4338.865528959312,cand_011 (USDJPY)
2020-06-03 07:00:00,0.5222644599299877,4339.3877934192415,cand_011 (USDJPY)
2020-06-03 08:00:00,0.6347180141800342,4340.022511433422,cand_007 (EURJPY)
2020-06-08 07:00:00,0.5222644599299877,4340.5447758933515,cand_011 (USDJPY)
2020-06-10 08:45:40,0.0,4340.5447758933515,cand_011 (USDJPY)
2020-06-10 13:00:00,5.207283879890172,4345.752059773242,cand_011 (USDJPY)
2020-06-15 08:03:40,0.0,4345.752059773242,cand_011 (USDJPY)
2020-06-15 13:00:00,-18.546532615278448,4327.205527157963,cand_011 (USDJPY)
2020-06-16 07:00:00,0.5222644599299877,4327.727791617894,cand_011 (USDJPY)
2020-06-16 08:00:00,0.6347180141800342,4328.362509632073,cand_007 (EURJPY)
2020-06-23 07:00:00,0.5222644599299877,4328.884774092003,cand_011 (USDJPY)
2020-06-23 08:00:00,0.6347180141800342,4329.519492106183,cand_007 (EURJPY)
2020-06-25 07:00:00,0.5222644599299877,4330.041756566114,cand_011 (USDJPY)
2020-06-29 07:00:00,0.5222644599299877,4330.5640210260435,cand_011 (USDJPY)
2020-06-30 07:00:00,0.5222644599299877,4331.086285485973,cand_011 (USDJPY)
2020-07-01 07:00:00,0.5222644599299877,4331.608549945903,cand_011 (USDJPY)
2020-07-10 09:33:40,0.0,4331.608549945903,cand_011 (USDJPY)
2020-07-10 13:00:00,2.8755266734968736,4334.4840766194,cand_011 (USDJPY)
2020-07-20 07:00:00,0.5222644599299877,4335.00634107933,cand_011 (USDJPY)
2020-07-31 08:00:00,0.6347180141800342,4335.64105909351,cand_007 (EURJPY)
2020-08-03 07:00:00,0.5222644599299877,4336.16332355344,cand_011 (USDJPY)
2020-08-03 08:00:00,0.6347180141800342,4336.79804156762,cand_007 (EURJPY)
2020-08-04 07:00:00,0.5222644599299877,4337.32030602755,cand_011 (USDJPY)
2020-08-11 07:00:00,0.5222644599299877,4337.842570487481,cand_011 (USDJPY)
2020-08-12 07:00:00,0.5222644599299877,4338.364834947411,cand_011 (USDJPY)
2020-08-13 07:00:00,0.5222644599299877,4338.88709940734,cand_011 (USDJPY)
2020-08-24 07:00:00,0.5222644599299877,4339.40936386727,cand_011 (USDJPY)
2020-08-26 08:00:00,0.6347180141800342,4340.04408188145,cand_007 (EURJPY)
2020-08-28 07:00:00,0.5222644599299877,4340.56634634138,cand_011 (USDJPY)
2020-08-28 08:00:00,0.6347180141800342,4341.20106435556,cand_007 (EURJPY)
2020-09-02 07:00:00,0.5222644599299877,4341.72332881549,cand_011 (USDJPY)
2020-09-23 07:00:00,0.5222644599299877,4342.24559327542,cand_011 (USDJPY)
2020-09-30 08:00:00,0.6347180141800342,4342.8803112896,cand_007 (EURJPY)
2020-10-02 08:01:40,0.0,4342.8803112896,cand_007 (EURJPY)
2020-10-02 15:00:00,6.635976838252257,4349.516288127853,cand_007 (EURJPY)
2020-11-04 07:00:00,0.5222644599299877,4350.038552587783,cand_011 (USDJPY)
2020-11-04 08:00:00,0.6347180141800342,4350.673270601963,cand_007 (EURJPY)
2020-11-10 07:00:00,0.5222644599299877,4351.195535061893,cand_011 (USDJPY)
2020-11-10 08:00:00,0.6347180141800342,4351.830253076073,cand_007 (EURJPY)
2020-11-11 07:00:00,0.5222644599299877,4352.352517536003,cand_011 (USDJPY)
2020-11-11 09:14:40,0.0,4352.352517536003,cand_011 (USDJPY)
2020-11-11 13:00:00,1.0476010637419166,4353.400118599745,cand_011 (USDJPY)
2020-11-12 07:00:00,0.5222644599299877,4353.922383059675,cand_011 (USDJPY)
2020-12-10 07:00:00,0.5222644599299877,4354.444647519605,cand_011 (USDJPY)
2020-12-18 07:00:00,0.5222644599299877,4354.966911979534,cand_011 (USDJPY)
2020-12-21 07:00:00,0.5222644599299877,4355.489176439465,cand_011 (USDJPY)
2021-01-07 07:00:00,0.5222644599299877,4356.011440899395,cand_011 (USDJPY)
2021-01-07 09:34:40,0.0,4356.011440899395,cand_011 (USDJPY)
2021-01-07 13:00:00,17.425200098369945,4373.436640997765,cand_011 (USDJPY)
2021-01-11 07:00:00,0.5222644599299877,4373.958905457695,cand_011 (USDJPY)
2021-01-14 07:00:00,0.5222644599299877,4374.481169917625,cand_011 (USDJPY)
2021-01-19 07:00:00,0.5222644599299877,4375.003434377555,cand_011 (USDJPY)
2021-02-16 07:00:00,0.5222644599299877,4375.525698837485,cand_011 (USDJPY)
2021-02-17 07:00:00,0.5222644599299877,4376.047963297415,cand_011 (USDJPY)
2021-02-22 07:00:00,0.5222644599299877,4376.5702277573455,cand_011 (USDJPY)
2021-02-24 07:00:00,0.5222644599299877,4377.092492217275,cand_011 (USDJPY)
2021-02-25 07:00:00,0.5222644599299877,4377.614756677205,cand_011 (USDJPY)
2021-02-26 07:00:00,0.5222644599299877,4378.137021137136,cand_011 (USDJPY)
2021-02-26 08:00:00,0.6347180141800342,4378.771739151315,cand_007 (EURJPY)
2021-03-01 07:00:00,0.5222644599299877,4379.294003611245,cand_011 (USDJPY)
2021-03-05 07:00:00,0.5222644599299877,4379.816268071176,cand_011 (USDJPY)
2021-03-05 08:12:40,0.0,4379.816268071176,cand_011 (USDJPY)
2021-03-05 13:00:00,17.54808585364759,4397.364353924823,cand_011 (USDJPY)
2021-03-09 07:00:00,0.5222644599299877,4397.886618384753,cand_011 (USDJPY)
2021-03-10 07:00:00,0.5222644599299877,4398.408882844683,cand_011 (USDJPY)
2021-03-11 08:00:00,0.6347180141800342,4399.043600858863,cand_007 (EURJPY)
2021-03-11 08:45:40,0.0,4399.043600858863,cand_007 (EURJPY)
2021-03-11 15:00:00,-3.9765083588379135,4395.067092500025,cand_007 (EURJPY)
2021-03-12 07:00:00,0.5222644599299877,4395.589356959956,cand_011 (USDJPY)
2021-03-12 08:12:40,0.0,4395.589356959956,cand_011 (USDJPY)
2021-03-12 13:00:00,6.651191504402491,4402.240548464358,cand_011 (USDJPY)
2021-03-15 07:00:00,0.5222644599299877,4402.762812924288,cand_011 (USDJPY)
2021-03-15 09:01:40,0.0,4402.762812924288,cand_011 (USDJPY)
2021-03-15 13:00:00,-12.500553455618354,4390.262259468669,cand_011 (USDJPY)
2021-03-18 08:00:00,0.6347180141800342,4390.896977482849,cand_007 (EURJPY)
2021-03-25 07:00:00,0.5222644599299877,4391.41924194278,cand_011 (USDJPY)
2021-03-29 07:00:00,0.5222644599299877,4391.94150640271,cand_011 (USDJPY)
2021-03-31 07:00:00,0.5222644599299877,4392.46377086264,cand_011 (USDJPY)
2021-03-31 08:00:00,0.6347180141800342,4393.09848887682,cand_007 (EURJPY)
2021-04-01 07:00:00,0.5222644599299877,4393.62075333675,cand_011 (USDJPY)
2021-04-13 07:00:00,0.5222644599299877,4394.1430177966795,cand_011 (USDJPY)
2021-04-20 08:00:00,0.6347180141800342,4394.77773581086,cand_007 (EURJPY)
2021-04-27 07:00:00,0.5222644599299877,4395.3000002707895,cand_011 (USDJPY)
2021-04-28 07:00:00,0.5222644599299877,4395.822264730719,cand_011 (USDJPY)
2021-04-28 09:58:40,0.0,4395.822264730719,cand_011 (USDJPY)
2021-04-28 13:00:00,-9.646531789295068,4386.175732941425,cand_011 (USDJPY)
2021-04-30 07:00:00,0.5222644599299877,4386.697997401355,cand_011 (USDJPY)
2021-05-03 07:00:00,0.5222644599299877,4387.220261861285,cand_011 (USDJPY)
2021-05-06 07:00:00,0.5222644599299877,4387.742526321215,cand_011 (USDJPY)
2021-05-12 07:00:00,0.5222644599299877,4388.264790781145,cand_011 (USDJPY)
2021-05-13 07:00:00,0.5222644599299877,4388.787055241075,cand_011 (USDJPY)
2021-05-31 07:00:00,0.5222644599299877,4389.309319701005,cand_011 (USDJPY)
2021-06-22 07:00:00,0.5222644599299877,4389.831584160935,cand_011 (USDJPY)
2021-07-08 08:35:40,0.0,4389.831584160935,cand_011 (USDJPY)
2021-07-08 13:00:00,19.895203779450593,4409.726787940386,cand_011 (USDJPY)
2021-08-05 07:00:00,0.5222644599299877,4410.249052400316,cand_011 (USDJPY)
2021-08-19 07:00:00,0.5222644599299877,4410.771316860246,cand_011 (USDJPY)
2021-09-03 07:00:00,0.5222644599299877,4411.293581320176,cand_011 (USDJPY)
2021-09-22 07:00:00,0.5222644599299877,4411.8158457801055,cand_011 (USDJPY)
2021-09-22 09:37:40,0.0,4411.8158457801055,cand_011 (USDJPY)
2021-09-22 13:00:00,-6.116638468944739,4405.699207311161,cand_011 (USDJPY)
2021-09-27 07:00:00,0.5222644599299877,4406.221471771091,cand_011 (USDJPY)
2021-09-28 07:00:00,0.5222644599299877,4406.743736231021,cand_011 (USDJPY)
2021-09-28 09:37:40,0.0,4406.743736231021,cand_011 (USDJPY)
2021-09-28 13:00:00,-3.5329654642322703,4403.210770766789,cand_011 (USDJPY)
2021-09-29 07:00:00,0.5222644599299877,4403.733035226719,cand_011 (USDJPY)
2021-10-05 07:00:00,0.5222644599299877,4404.255299686649,cand_011 (USDJPY)
2021-10-08 07:00:00,0.5222644599299877,4404.77756414658,cand_011 (USDJPY)
2021-10-11 07:00:00,0.5222644599299877,4405.299828606509,cand_011 (USDJPY)
2021-10-11 08:00:00,0.6347180141800342,4405.934546620689,cand_007 (EURJPY)
2021-10-12 07:00:00,0.5222644599299877,4406.456811080619,cand_011 (USDJPY)
2021-10-13 07:00:00,0.5222644599299877,4406.979075540549,cand_011 (USDJPY)
2021-10-14 07:00:00,0.5222644599299877,4407.501340000479,cand_011 (USDJPY)
2021-10-15 07:00:00,0.5222644599299877,4408.02360446041,cand_011 (USDJPY)
2021-10-15 08:19:40,0.0,4408.02360446041,cand_011 (USDJPY)
2021-10-15 13:00:00,15.259338661601467,4423.282943122011,cand_011 (USDJPY)
2021-10-18 07:00:00,0.5222644599299877,4423.805207581941,cand_011 (USDJPY)
2021-10-18 08:00:00,0.6347180141800342,4424.439925596121,cand_007 (EURJPY)
2021-10-20 07:00:00,0.5222644599299877,4424.9621900560505,cand_011 (USDJPY)
2021-10-26 07:00:00,0.5222644599299877,4425.484454515981,cand_011 (USDJPY)
2021-10-27 07:00:00,0.5222644599299877,4426.006718975911,cand_011 (USDJPY)
2021-10-29 08:00:00,0.6347180141800342,4426.641436990091,cand_007 (EURJPY)
2021-11-02 07:34:40,0.0,4426.641436990091,cand_011 (USDJPY)
2021-11-02 13:00:00,10.064343357239057,4436.70578034733,cand_011 (USDJPY)
2021-11-04 07:00:00,0.5222644599299877,4437.22804480726,cand_011 (USDJPY)
2021-11-11 07:00:00,0.5222644599299877,4437.7503092671905,cand_011 (USDJPY)
2021-11-17 07:00:00,0.5222644599299877,4438.27257372712,cand_011 (USDJPY)
2021-11-23 07:00:00,0.5222644599299877,4438.79483818705,cand_011 (USDJPY)
2021-11-24 07:00:00,0.5222644599299877,4439.317102646981,cand_011 (USDJPY)
2021-11-26 08:31:40,0.0,4439.317102646981,cand_007 (EURJPY)
2021-11-26 08:31:40,0.0,4439.317102646981,cand_011 (USDJPY)
2021-11-26 13:00:00,23.655507890946506,4462.972610537927,cand_011 (USDJPY)
2021-11-26 15:00:00,-15.861603174359052,4447.111007363568,cand_007 (EURJPY)
2021-11-29 08:04:40,0.0,4447.111007363568,cand_011 (USDJPY)
2021-11-29 08:06:40,0.0,4447.111007363568,cand_007 (EURJPY)
2021-11-29 13:00:00,-15.32385368312223,4431.787153680445,cand_011 (USDJPY)
2021-11-29 15:00:00,-31.05357884375817,4400.733574836688,cand_007 (EURJPY)
2021-11-30 07:10:40,0.0,4400.733574836688,cand_011 (USDJPY)
2021-11-30 13:00:00,27.762964261101764,4428.496539097789,cand_011 (USDJPY)
2021-12-01 07:00:00,0.5222644599299877,4429.018803557719,cand_011 (USDJPY)
2021-12-03 07:00:00,0.5222644599299877,4429.541068017649,cand_011 (USDJPY)
2021-12-03 08:58:40,0.0,4429.541068017649,cand_011 (USDJPY)
2021-12-03 13:00:00,-6.294822814097323,4423.246245203552,cand_011 (USDJPY)
2021-12-07 07:00:00,0.5222644599299877,4423.768509663481,cand_011 (USDJPY)
2021-12-17 08:00:00,0.6347180141800342,4424.403227677662,cand_007 (EURJPY)
2022-01-04 07:00:00,0.5222644599299877,4424.925492137592,cand_011 (USDJPY)
2022-01-05 07:00:00,0.5222644599299877,4425.447756597522,cand_011 (USDJPY)
2022-01-06 07:00:00,0.5222644599299877,4425.970021057452,cand_011 (USDJPY)
2022-01-10 07:00:00,0.5222644599299877,4426.492285517382,cand_011 (USDJPY)
2022-01-18 07:00:00,0.5222644599299877,4427.014549977312,cand_011 (USDJPY)
2022-01-18 08:00:00,0.6347180141800342,4427.649267991492,cand_007 (EURJPY)
2022-01-19 07:48:40,0.0,4427.649267991492,cand_011 (USDJPY)
2022-01-19 13:00:00,-14.970557136699002,4412.678710854793,cand_011 (USDJPY)
2022-01-27 07:00:00,0.5222644599299877,4413.200975314723,cand_011 (USDJPY)
2022-01-31 07:00:00,0.5222644599299877,4413.723239774653,cand_011 (USDJPY)
2022-02-08 07:00:00,0.5222644599299877,4414.245504234583,cand_011 (USDJPY)
2022-02-08 08:25:40,0.0,4414.245504234583,cand_011 (USDJPY)
2022-02-08 13:00:00,-15.941354603392393,4398.304149631191,cand_011 (USDJPY)
2022-02-09 07:00:00,0.5222644599299877,4398.826414091121,cand_011 (USDJPY)
2022-02-25 07:00:00,0.5222644599299877,4399.34867855105,cand_011 (USDJPY)
2022-02-28 07:00:00,0.5222644599299877,4399.870943010981,cand_011 (USDJPY)
2022-03-03 07:00:00,0.5222644599299877,4400.393207470911,cand_011 (USDJPY)
2022-03-08 07:00:00,0.5222644599299877,4400.915471930841,cand_011 (USDJPY)
2022-03-10 07:00:00,0.5222644599299877,4401.4377363907715,cand_011 (USDJPY)
2022-03-11 07:00:00,0.5222644599299877,4401.960000850701,cand_011 (USDJPY)
2022-03-11 07:15:40,0.0,4401.960000850701,cand_011 (USDJPY)
2022-03-11 08:00:00,0.6347180141800342,4402.594718864881,cand_007 (EURJPY)
2022-03-11 13:00:00,10.248671990155525,4412.843390855037,cand_011 (USDJPY)
2022-03-14 07:00:00,0.5222644599299877,4413.365655314967,cand_011 (USDJPY)
2022-03-15 07:00:00,0.5222644599299877,4413.887919774897,cand_011 (USDJPY)
2022-03-15 08:00:00,0.6347180141800342,4414.522637789077,cand_007 (EURJPY)
2022-03-17 07:00:00,0.5222644599299877,4415.044902249007,cand_011 (USDJPY)
2022-03-17 08:00:00,0.6347180141800342,4415.679620263187,cand_007 (EURJPY)
2022-03-18 07:00:00,0.5222644599299877,4416.201884723117,cand_011 (USDJPY)
2022-03-22 07:00:00,0.5222644599299877,4416.724149183046,cand_011 (USDJPY)
2022-03-22 07:16:40,0.0,4416.724149183046,cand_011 (USDJPY)
2022-03-22 08:00:00,0.6347180141800342,4417.358867197227,cand_007 (EURJPY)
2022-03-22 13:00:00,32.13462500510395,4449.493492202331,cand_011 (USDJPY)
2022-03-23 07:00:00,0.5222644599299877,4450.015756662261,cand_011 (USDJPY)
2022-03-23 08:00:00,0.6347180141800342,4450.65047467644,cand_007 (EURJPY)
2022-03-24 07:00:00,0.5222644599299877,4451.172739136371,cand_011 (USDJPY)
2022-03-24 08:00:00,0.6347180141800342,4451.807457150551,cand_007 (EURJPY)
2022-03-24 08:36:40,0.0,4451.807457150551,cand_011 (USDJPY)
2022-03-24 13:00:00,12.168761916368714,4463.97621906692,cand_011 (USDJPY)
2022-03-25 07:00:00,0.5222644599299877,4464.49848352685,cand_011 (USDJPY)
2022-03-25 08:00:00,0.6347180141800342,4465.13320154103,cand_007 (EURJPY)
2022-03-28 07:00:00,0.5222644599299877,4465.65546600096,cand_011 (USDJPY)
2022-03-28 08:00:00,0.6347180141800342,4466.29018401514,cand_007 (EURJPY)
2022-03-28 08:59:40,0.0,4466.29018401514,cand_007 (EURJPY)
2022-03-28 09:57:40,0.0,4466.29018401514,cand_011 (USDJPY)
2022-03-28 11:50:40,43.62892949970009,4509.919113514839,cand_007 (EURJPY)
2022-03-28 11:50:40,127.21653158210425,4637.135645096943,cand_007 (EURJPY)
2022-03-28 13:00:00,49.48302150642537,4686.618666603369,cand_011 (USDJPY)
2022-03-29 07:00:00,0.5222644599299877,4687.140931063299,cand_011 (USDJPY)
2022-03-29 08:00:00,0.6347180141800342,4687.775649077479,cand_007 (EURJPY)
2022-03-31 07:00:00,0.5222644599299877,4688.297913537409,cand_011 (USDJPY)
2022-03-31 08:00:00,0.6347180141800342,4688.932631551589,cand_007 (EURJPY)
2022-04-01 07:00:00,0.5222644599299877,4689.454896011519,cand_011 (USDJPY)
2022-04-01 08:00:00,0.6347180141800342,4690.089614025699,cand_007 (EURJPY)
2022-04-04 07:00:00,0.5222644599299877,4690.611878485629,cand_011 (USDJPY)
2022-04-04 08:00:00,0.6347180141800342,4691.246596499809,cand_007 (EURJPY)
2022-04-06 07:00:00,0.5222644599299877,4691.768860959739,cand_011 (USDJPY)
2022-04-07 07:00:00,0.5222644599299877,4692.291125419669,cand_011 (USDJPY)
2022-04-08 07:00:00,0.5222644599299877,4692.813389879599,cand_011 (USDJPY)
2022-04-11 07:00:00,0.5222644599299877,4693.335654339528,cand_011 (USDJPY)
2022-04-11 08:00:00,0.6347180141800342,4693.970372353709,cand_007 (EURJPY)
2022-04-11 08:52:40,0.0,4693.970372353709,cand_007 (EURJPY)
2022-04-11 09:16:40,0.0,4693.970372353709,cand_011 (USDJPY)
2022-04-11 13:00:00,10.491371356828871,4704.461743710537,cand_011 (USDJPY)
2022-04-11 15:00:00,43.47501038126144,4747.936754091799,cand_007 (EURJPY)
2022-04-12 07:00:00,0.5222644599299877,4748.459018551729,cand_011 (USDJPY)
2022-04-12 08:00:00,0.6347180141800342,4749.093736565909,cand_007 (EURJPY)
2022-04-12 09:25:40,0.0,4749.093736565909,cand_011 (USDJPY)
2022-04-12 13:00:00,-3.7172940971487365,4745.376442468761,cand_011 (USDJPY)
2022-04-13 07:00:00,0.5222644599299877,4745.89870692869,cand_011 (USDJPY)
2022-04-13 09:20:40,0.0,4745.89870692869,cand_011 (USDJPY)
2022-04-13 13:00:00,13.259372994457806,4759.158079923149,cand_011 (USDJPY)
2022-04-15 07:00:00,0.5222644599299877,4759.680344383078,cand_011 (USDJPY)
2022-04-15 08:00:00,0.6347180141800342,4760.315062397258,cand_007 (EURJPY)
2022-04-15 09:19:40,0.0,4760.315062397258,cand_011 (USDJPY)
2022-04-15 13:00:00,-10.055126925593234,4750.259935471665,cand_011 (USDJPY)
2022-04-18 07:00:00,0.5222644599299877,4750.782199931595,cand_011 (USDJPY)
2022-04-18 08:00:00,0.6347180141800342,4751.416917945775,cand_007 (EURJPY)
2022-04-19 07:00:00,0.5222644599299877,4751.939182405705,cand_011 (USDJPY)
2022-04-19 07:40:40,0.0,4751.939182405705,cand_011 (USDJPY)
2022-04-19 08:00:00,0.6347180141800342,4752.573900419885,cand_007 (EURJPY)
2022-04-19 13:00:00,11.585054578799905,4764.158954998685,cand_011 (USDJPY)
2022-04-20 07:00:00,0.5222644599299877,4764.681219458615,cand_011 (USDJPY)
2022-04-20 08:00:00,0.6347180141800342,4765.315937472795,cand_007 (EURJPY)
2022-04-21 07:00:00,0.5222644599299877,4765.838201932725,cand_011 (USDJPY)
2022-04-21 08:00:00,0.6347180141800342,4766.472919946905,cand_007 (EURJPY)
2022-04-22 07:00:00,0.5222644599299877,4766.995184406835,cand_011 (USDJPY)
2022-04-22 08:04:20,0.0,4766.995184406835,cand_007 (EURJPY)
2022-04-22 15:00:00,-0.24754002553021331,4766.747644381305,cand_007 (EURJPY)
2022-04-25 09:48:40,0.0,4766.747644381305,cand_011 (USDJPY)
2022-04-25 13:00:00,-6.371626411145851,4760.3760179701585,cand_011 (USDJPY)
2022-04-28 07:00:00,0.5222644599299877,4760.898282430088,cand_011 (USDJPY)
2022-04-28 08:00:00,0.6347180141800342,4761.5330004442685,cand_007 (EURJPY)
2022-04-28 08:36:40,0.0,4761.5330004442685,cand_011 (USDJPY)
2022-04-28 08:42:20,0.0,4761.5330004442685,cand_007 (EURJPY)
2022-04-28 13:00:00,27.852056433678055,4789.385056877947,cand_011 (USDJPY)
2022-04-28 15:00:00,27.635622337398686,4817.020679215346,cand_007 (EURJPY)
2022-04-29 07:00:00,0.5222644599299877,4817.542943675275,cand_011 (USDJPY)
2022-05-02 07:00:00,0.5222644599299877,4818.0652081352055,cand_011 (USDJPY)
2022-05-02 08:00:00,0.6347180141800342,4818.699926149386,cand_007 (EURJPY)
2022-05-02 09:06:40,0.0,4818.699926149386,cand_011 (USDJPY)
2022-05-02 13:00:00,-29.90117640293277,4788.798749746453,cand_011 (USDJPY)
2022-05-05 08:00:00,0.6347180141800342,4789.433467760633,cand_007 (EURJPY)
2022-05-06 07:00:00,0.5222644599299877,4789.955732220562,cand_011 (USDJPY)
2022-05-09 07:00:00,0.5222644599299877,4790.477996680493,cand_011 (USDJPY)
2022-05-09 09:41:20,0.0,4790.477996680493,cand_011 (USDJPY)
2022-05-09 13:00:00,-0.9830860422211535,4789.494910638271,cand_011 (USDJPY)
2022-05-10 08:00:00,0.6347180141800342,4790.129628652451,cand_007 (EURJPY)
2022-05-12 09:22:40,0.0,4790.129628652451,cand_011 (USDJPY)
2022-05-12 13:00:00,29.299036202072315,4819.428664854524,cand_011 (USDJPY)
2022-05-17 07:00:00,0.5222644599299877,4819.950929314453,cand_011 (USDJPY)
2022-05-17 08:00:00,0.6347180141800342,4820.585647328633,cand_007 (EURJPY)
2022-05-18 07:20:20,0.0,4820.585647328633,cand_011 (USDJPY)
2022-05-18 08:00:00,0.6347180141800342,4821.220365342813,cand_007 (EURJPY)
2022-05-18 13:00:00,-11.603487442091552,4809.616877900722,cand_011 (USDJPY)
2022-05-19 08:00:00,0.6347180141800342,4810.251595914902,cand_007 (EURJPY)
2022-05-20 08:00:00,0.6347180141800342,4810.8863139290825,cand_007 (EURJPY)
2022-05-24 08:00:00,0.6347180141800342,4811.521031943263,cand_007 (EURJPY)
2022-05-24 09:48:40,0.0,4811.521031943263,cand_011 (USDJPY)
2022-05-24 13:00:00,5.449983246563519,4816.971015189826,cand_011 (USDJPY)
2022-05-26 07:00:00,0.5222644599299877,4817.493279649756,cand_011 (USDJPY)
2022-05-26 08:00:00,0.6347180141800342,4818.127997663936,cand_007 (EURJPY)
2022-05-31 07:00:00,0.5222644599299877,4818.650262123866,cand_011 (USDJPY)
2022-05-31 08:00:00,0.6347180141800342,4819.284980138046,cand_007 (EURJPY)
2022-06-01 07:00:00,0.5222644599299877,4819.807244597976,cand_011 (USDJPY)
2022-06-01 08:09:20,0.0,4819.807244597976,cand_011 (USDJPY)
2022-06-01 13:00:00,1.1889196823112076,4820.996164280287,cand_011 (USDJPY)
2022-06-02 07:00:00,0.5222644599299877,4821.518428740217,cand_011 (USDJPY)
2022-06-03 07:00:00,0.5222644599299877,4822.040693200147,cand_011 (USDJPY)
2022-06-06 07:00:00,0.5222644599299877,4822.562957660077,cand_011 (USDJPY)
2022-06-06 08:00:00,0.6347180141800342,4823.197675674257,cand_007 (EURJPY)
2022-06-07 07:00:00,0.5222644599299877,4823.719940134187,cand_011 (USDJPY)
2022-06-07 07:44:40,0.0,4823.719940134187,cand_011 (USDJPY)
2022-06-07 08:00:00,0.6347180141800342,4824.354658148367,cand_007 (EURJPY)
2022-06-07 13:00:00,-9.726407530225536,4814.6282506181415,cand_011 (USDJPY)
2022-06-08 07:00:00,0.5222644599299877,4815.150515078071,cand_011 (USDJPY)
2022-06-08 09:51:40,0.0,4815.150515078071,cand_011 (USDJPY)
2022-06-08 13:00:00,20.116398138950355,4835.266913217021,cand_011 (USDJPY)
2022-06-09 07:00:00,0.5222644599299877,4835.789177676952,cand_011 (USDJPY)
2022-06-09 08:00:00,0.6347180141800342,4836.423895691132,cand_007 (EURJPY)
2022-06-10 07:00:00,0.5222644599299877,4836.946160151061,cand_011 (USDJPY)
2022-06-13 07:00:00,0.5222644599299877,4837.468424610992,cand_011 (USDJPY)
2022-06-13 07:09:40,0.0,4837.468424610992,cand_011 (USDJPY)
2022-06-13 11:46:40,41.21772560645102,4878.686150217442,cand_011 (USDJPY)
2022-06-13 11:46:40,-44.05454326703544,4834.631606950406,cand_011 (USDJPY)
2022-06-14 07:00:00,0.5222644599299877,4835.153871410337,cand_011 (USDJPY)
2022-06-15 07:00:00,0.5222644599299877,4835.676135870266,cand_011 (USDJPY)
2022-06-15 08:00:00,0.6347180141800342,4836.310853884446,cand_007 (EURJPY)
2022-06-15 08:35:40,0.0,4836.310853884446,cand_007 (EURJPY)
2022-06-15 15:00:00,-32.79270620261146,4803.518147681835,cand_007 (EURJPY)
2022-06-20 07:00:00,0.5222644599299877,4804.040412141765,cand_011 (USDJPY)
2022-06-20 08:00:00,0.6347180141800342,4804.675130155945,cand_007 (EURJPY)
2022-06-20 08:59:40,0.0,4804.675130155945,cand_007 (EURJPY)
2022-06-20 15:00:00,-5.833058550314513,4798.842071605631,cand_007 (EURJPY)
2022-06-21 07:00:00,0.5222644599299877,4799.364336065561,cand_011 (USDJPY)
2022-06-21 08:00:00,0.6347180141800342,4799.999054079741,cand_007 (EURJPY)
2022-06-22 07:00:00,0.5222644599299877,4800.521318539671,cand_011 (USDJPY)
2022-06-22 08:00:00,0.6347180141800342,4801.156036553851,cand_007 (EURJPY)
2022-06-28 07:00:00,0.5222644599299877,4801.678301013781,cand_011 (USDJPY)
2022-06-28 08:00:00,0.6347180141800342,4802.313019027961,cand_007 (EURJPY)
2022-06-29 07:00:00,0.5222644599299877,4802.835283487891,cand_011 (USDJPY)
2022-06-30 07:00:00,0.5222644599299877,4803.35754794782,cand_011 (USDJPY)
2022-07-01 08:05:40,0.0,4803.35754794782,cand_011 (USDJPY)
2022-07-01 13:00:00,-37.58768039554941,4765.7698675522715,cand_011 (USDJPY)
2022-07-05 08:00:00,0.6347180141800342,4766.404585566452,cand_007 (EURJPY)
2022-07-11 08:00:00,0.6347180141800342,4767.039303580632,cand_007 (EURJPY)
2022-07-14 08:00:00,0.6347180141800342,4767.674021594812,cand_007 (EURJPY)
2022-07-14 08:22:40,0.0,4767.674021594812,cand_007 (EURJPY)
2022-07-14 15:00:00,12.61502053182818,4780.28904212664,cand_007 (EURJPY)
2022-07-15 08:00:00,0.6347180141800342,4780.92376014082,cand_007 (EURJPY)
2022-07-19 08:00:00,0.6347180141800342,4781.558478155001,cand_007 (EURJPY)
2022-07-20 08:00:00,0.6347180141800342,4782.193196169181,cand_007 (EURJPY)
2022-07-21 08:00:00,0.6347180141800342,4782.827914183361,cand_007 (EURJPY)
2022-07-29 08:21:40,0.0,4782.827914183361,cand_007 (EURJPY)
2022-07-29 15:00:00,-22.44680257147691,4760.381111611883,cand_007 (EURJPY)
2022-08-03 07:00:00,0.5222644599299877,4760.903376071814,cand_011 (USDJPY)
2022-08-04 07:00:00,0.5222644599299877,4761.425640531743,cand_011 (USDJPY)
2022-08-04 08:00:00,0.6347180141800342,4762.060358545923,cand_007 (EURJPY)
2022-08-04 09:17:40,0.0,4762.060358545923,cand_011 (USDJPY)
2022-08-04 13:00:00,-7.2840531440823595,4754.7763054018415,cand_011 (USDJPY)
2022-08-05 08:00:00,0.6347180141800342,4755.411023416022,cand_007 (EURJPY)
2022-08-08 07:00:00,0.5222644599299877,4755.933287875951,cand_011 (USDJPY)
2022-08-08 08:00:00,0.6347180141800342,4756.568005890131,cand_007 (EURJPY)
2022-08-09 07:00:00,0.5222644599299877,4757.0902703500615,cand_011 (USDJPY)
2022-08-09 08:00:00,0.6347180141800342,4757.724988364242,cand_007 (EURJPY)
2022-08-09 09:22:40,0.0,4757.724988364242,cand_011 (USDJPY)
2022-08-09 13:00:00,-15.538903754858106,4742.186084609383,cand_011 (USDJPY)
2022-08-10 07:00:00,0.5222644599299877,4742.708349069313,cand_011 (USDJPY)
2022-08-15 08:57:40,0.0,4742.708349069313,cand_007 (EURJPY)
2022-08-15 15:00:00,25.537879300533675,4768.246228369847,cand_007 (EURJPY)
2022-08-16 07:00:00,0.5222644599299877,4768.768492829777,cand_011 (USDJPY)
2022-08-17 07:00:00,0.5222644599299877,4769.290757289707,cand_011 (USDJPY)
2022-08-17 08:00:00,0.6347180141800342,4769.925475303887,cand_007 (EURJPY)
2022-08-17 09:21:40,0.0,4769.925475303887,cand_011 (USDJPY)
2022-08-17 13:00:00,10.531309227294107,4780.456784531181,cand_011 (USDJPY)
2022-08-18 07:00:00,0.5222644599299877,4780.97904899111,cand_011 (USDJPY)
2022-08-18 09:04:40,0.0,4780.97904899111,cand_011 (USDJPY)
2022-08-18 13:00:00,-5.136624570605527,4775.842424420505,cand_011 (USDJPY)
2022-08-19 07:00:00,0.5222644599299877,4776.364688880435,cand_011 (USDJPY)
2022-08-19 08:00:00,0.6347180141800342,4776.999406894615,cand_007 (EURJPY)
2022-08-19 09:54:40,0.0,4776.999406894615,cand_011 (USDJPY)
2022-08-19 13:00:00,3.373213982371333,4780.372620876987,cand_011 (USDJPY)
2022-08-22 07:00:00,0.5222644599299877,4780.894885336917,cand_011 (USDJPY)
2022-08-22 08:00:00,0.6347180141800342,4781.529603351097,cand_007 (EURJPY)
2022-08-23 07:00:00,0.5222644599299877,4782.051867811027,cand_011 (USDJPY)
2022-08-23 08:23:40,0.0,4782.051867811027,cand_007 (EURJPY)
2022-08-23 15:00:00,-10.069801294966242,4771.9820665160605,cand_007 (EURJPY)
2022-08-24 07:42:40,0.0,4771.9820665160605,cand_011 (USDJPY)
2022-08-24 13:00:00,-0.8110459848324516,4771.171020531228,cand_011 (USDJPY)
2022-08-25 09:35:40,0.0,4771.171020531228,cand_011 (USDJPY)
2022-08-25 13:00:00,-1.4408354806303783,4769.730185050597,cand_011 (USDJPY)
2022-08-29 07:00:00,0.5222644599299877,4770.252449510527,cand_011 (USDJPY)
2022-08-29 07:32:40,0.0,4770.252449510527,cand_011 (USDJPY)
2022-08-29 08:00:00,0.6347180141800342,4770.887167524707,cand_007 (EURJPY)
2022-08-29 08:05:40,0.0,4770.887167524707,cand_007 (EURJPY)
2022-08-29 13:00:00,-9.087401602781787,4761.799765921925,cand_011 (USDJPY)
2022-08-29 15:00:00,32.33888282247274,4794.138648744398,cand_007 (EURJPY)
2022-08-30 07:00:00,0.5222644599299877,4794.660913204329,cand_011 (USDJPY)
2022-08-30 08:00:00,0.6347180141800342,4795.295631218509,cand_007 (EURJPY)
2022-08-31 07:00:00,0.5222644599299877,4795.817895678438,cand_011 (USDJPY)
2022-09-01 07:00:00,0.5222644599299877,4796.340160138368,cand_011 (USDJPY)
2022-09-02 07:00:00,0.5222644599299877,4796.862424598297,cand_011 (USDJPY)
2022-09-02 07:49:40,0.0,4796.862424598297,cand_011 (USDJPY)
2022-09-02 08:00:00,0.6347180141800342,4797.497142612478,cand_007 (EURJPY)
2022-09-02 08:03:40,0.0,4797.497142612478,cand_007 (EURJPY)
2022-09-02 13:00:00,-1.1827753945473254,4796.31436721793,cand_011 (USDJPY)
2022-09-02 15:00:00,14.14786453607296,4810.462231754003,cand_007 (EURJPY)
2022-09-05 07:00:00,0.5222644599299877,4810.984496213934,cand_011 (USDJPY)
2022-09-05 08:04:40,0.0,4810.984496213934,cand_007 (EURJPY)
2022-09-05 10:33:40,44.28141961827718,4855.265915832211,cand_007 (EURJPY)
2022-09-05 10:33:40,-32.614985158641055,4822.65093067357,cand_007 (EURJPY)
2022-09-06 07:00:00,0.5222644599299877,4823.1731951335,cand_011 (USDJPY)
2022-09-06 07:52:40,0.0,4823.1731951335,cand_011 (USDJPY)
2022-09-06 08:00:00,0.6347180141800342,4823.80791314768,cand_007 (EURJPY)
2022-09-06 08:22:40,0.0,4823.80791314768,cand_007 (EURJPY)
2022-09-06 11:43:40,43.567608461747774,4867.375521609427,cand_011 (USDJPY)
2022-09-06 11:43:40,46.79182346584496,4914.167345075272,cand_011 (USDJPY)
2022-09-06 15:00:00,23.75114809061688,4937.918493165889,cand_007 (EURJPY)
2022-09-07 07:00:00,0.5222644599299877,4938.440757625819,cand_011 (USDJPY)
2022-09-07 07:01:40,0.0,4938.440757625819,cand_011 (USDJPY)
2022-09-07 08:00:00,0.6347180141800342,4939.075475639999,cand_007 (EURJPY)
2022-09-07 13:00:00,-4.519123650335365,4934.556351989664,cand_011 (USDJPY)
2022-09-08 07:00:00,0.5222644599299877,4935.078616449593,cand_011 (USDJPY)
2022-09-08 08:00:00,0.6347180141800342,4935.713334463773,cand_007 (EURJPY)
2022-09-09 07:07:40,0.0,4935.713334463773,cand_011 (USDJPY)
2022-09-09 08:00:00,0.6347180141800342,4936.348052477953,cand_007 (EURJPY)
2022-09-09 13:00:00,38.41408709979157,4974.762139577746,cand_011 (USDJPY)
2022-09-12 08:00:00,0.6347180141800342,4975.396857591926,cand_007 (EURJPY)
2022-09-12 08:42:40,0.0,4975.396857591926,cand_007 (EURJPY)
2022-09-12 15:00:00,6.858128143215269,4982.2549857351405,cand_007 (EURJPY)
2022-09-13 08:00:00,0.6347180141800342,4982.889703749321,cand_007 (EURJPY)
2022-09-13 09:10:40,0.0,4982.889703749321,cand_011 (USDJPY)
2022-09-13 13:00:00,-2.7219194793998183,4980.167784269921,cand_011 (USDJPY)
2022-09-14 07:00:00,0.5222644599299877,4980.690048729852,cand_011 (USDJPY)
2022-09-14 08:06:40,0.0,4980.690048729852,cand_007 (EURJPY)
2022-09-14 15:00:00,10.577575706310268,4991.267624436161,cand_007 (EURJPY)
2022-09-15 07:00:00,0.5222644599299877,4991.789888896092,cand_011 (USDJPY)
2022-09-15 08:26:40,0.0,4991.789888896092,cand_011 (USDJPY)
2022-09-15 13:00:00,-13.634174548054622,4978.155714348037,cand_011 (USDJPY)
2022-09-16 07:00:00,0.5222644599299877,4978.677978807967,cand_011 (USDJPY)
2022-09-16 09:05:40,0.0,4978.677978807967,cand_011 (USDJPY)
2022-09-16 13:00:00,-14.835382805893593,4963.842596002073,cand_011 (USDJPY)
2022-09-21 07:00:00,0.5222644599299877,4964.364860462003,cand_011 (USDJPY)
2022-09-21 07:41:20,0.0,4964.364860462003,cand_011 (USDJPY)
2022-09-21 08:00:00,0.6347180141800342,4964.999578476183,cand_007 (EURJPY)
2022-09-21 08:57:20,0.0,4964.999578476183,cand_007 (EURJPY)
2022-09-21 09:02:40,45.35567985727688,5010.35525833346,cand_007 (EURJPY)
2022-09-21 09:02:40,-30.529936482059643,4979.8253218514,cand_007 (EURJPY)
2022-09-21 10:11:20,-28.162342965754107,4951.662978885646,cand_011 (USDJPY)
2022-09-21 10:11:20,44.03764647568476,4995.700625361331,cand_011 (USDJPY)
2022-09-26 07:00:00,0.5222644599299877,4996.22288982126,cand_011 (USDJPY)
2022-09-26 08:30:20,0.0,4996.22288982126,cand_011 (USDJPY)
2022-09-26 13:00:00,-9.51135745848966,4986.71153236277,cand_011 (USDJPY)
2022-09-27 07:00:00,0.5222644599299877,4987.2337968227,cand_011 (USDJPY)
2022-09-28 07:00:00,0.5222644599299877,4987.75606128263,cand_011 (USDJPY)
2022-09-29 07:00:00,0.5222644599299877,4988.27832574256,cand_011 (USDJPY)
2022-09-29 08:00:00,0.6347180141800342,4988.91304375674,cand_007 (EURJPY)
2022-09-29 08:34:40,0.0,4988.91304375674,cand_011 (USDJPY)
2022-09-29 13:00:00,4.798688743592005,4993.711732500332,cand_011 (USDJPY)
2022-09-30 07:00:00,0.5222644599299877,4994.233996960262,cand_011 (USDJPY)
2022-09-30 08:00:00,0.6347180141800342,4994.868714974442,cand_007 (EURJPY)
2022-10-03 07:00:00,0.5222644599299877,4995.390979434372,cand_011 (USDJPY)
2022-10-03 07:05:40,0.0,4995.390979434372,cand_011 (USDJPY)
2022-10-03 08:00:00,0.6347180141800342,4996.025697448552,cand_007 (EURJPY)
2022-10-03 13:00:00,5.038315966383411,5001.064013414935,cand_011 (USDJPY)
2022-10-04 07:00:00,0.5222644599299877,5001.586277874865,cand_011 (USDJPY)
2022-10-04 08:00:00,0.6347180141800342,5002.220995889045,cand_007 (EURJPY)
2022-10-04 08:58:40,0.0,5002.220995889045,cand_007 (EURJPY)
2022-10-04 15:00:00,27.524546684917183,5029.745542573963,cand_007 (EURJPY)
2022-10-05 08:00:00,0.6347180141800342,5030.380260588143,cand_007 (EURJPY)
2022-10-06 07:00:00,0.5222644599299877,5030.902525048073,cand_011 (USDJPY)
2022-10-06 08:00:00,0.6347180141800342,5031.537243062253,cand_007 (EURJPY)
2022-10-07 07:00:00,0.5222644599299877,5032.059507522183,cand_011 (USDJPY)
2022-10-10 07:00:00,0.5222644599299877,5032.5817719821125,cand_011 (USDJPY)
2022-10-12 07:00:00,0.5222644599299877,5033.104036442042,cand_011 (USDJPY)
2022-10-12 08:00:00,0.6347180141800342,5033.7387544562225,cand_007 (EURJPY)
2022-10-14 07:00:00,0.5222644599299877,5034.261018916152,cand_011 (USDJPY)
2022-10-14 08:00:00,0.6347180141800342,5034.8957369303325,cand_007 (EURJPY)
2022-10-17 07:00:00,0.5222644599299877,5035.418001390262,cand_011 (USDJPY)
2022-10-18 07:00:00,0.5222644599299877,5035.940265850192,cand_011 (USDJPY)
2022-10-18 08:00:00,0.6347180141800342,5036.574983864372,cand_007 (EURJPY)
2022-10-21 07:00:00,0.5222644599299877,5037.097248324302,cand_011 (USDJPY)
2022-10-25 08:00:00,0.6347180141800342,5037.731966338482,cand_007 (EURJPY)
2022-10-26 09:53:20,0.0,5037.731966338482,cand_011 (USDJPY)
2022-10-26 13:00:00,24.131690192647376,5061.86365653113,cand_011 (USDJPY)
2022-10-27 07:57:40,0.0,5061.86365653113,cand_011 (USDJPY)
2022-10-27 08:08:40,0.0,5061.86365653113,cand_007 (EURJPY)
2022-10-27 13:00:00,-28.358960174198337,5033.504696356931,cand_011 (USDJPY)
2022-10-27 15:00:00,-29.206549422494273,5004.298146934438,cand_007 (EURJPY)
2022-10-31 07:00:00,0.5222644599299877,5004.820411394367,cand_011 (USDJPY)
2022-10-31 08:00:00,0.6347180141800342,5005.455129408547,cand_007 (EURJPY)
2022-11-01 07:00:00,0.5222644599299877,5005.9773938684775,cand_011 (USDJPY)
2022-11-04 07:00:00,0.5222644599299877,5006.499658328406,cand_011 (USDJPY)
2022-11-07 08:00:00,0.6347180141800342,5007.134376342587,cand_007 (EURJPY)
2022-11-09 08:00:00,0.6347180141800342,5007.769094356767,cand_007 (EURJPY)
2022-11-15 08:00:00,0.6347180141800342,5008.403812370947,cand_007 (EURJPY)
2022-11-15 09:24:40,0.0,5008.403812370947,cand_011 (USDJPY)
2022-11-15 13:00:00,21.04725773517851,5029.451070106126,cand_011 (USDJPY)
2022-11-16 07:00:00,0.5222644599299877,5029.973334566055,cand_011 (USDJPY)
2022-11-16 08:00:00,0.6347180141800342,5030.608052580235,cand_007 (EURJPY)
2022-11-21 07:00:00,0.5222644599299877,5031.130317040166,cand_011 (USDJPY)
2022-11-21 08:29:40,0.0,5031.130317040166,cand_011 (USDJPY)
2022-11-21 13:00:00,41.163655874128864,5072.2939729142945,cand_011 (USDJPY)
2022-11-22 07:00:00,0.5222644599299877,5072.816237374224,cand_011 (USDJPY)
2022-11-23 07:00:00,0.5222644599299877,5073.338501834154,cand_011 (USDJPY)
2022-11-28 08:01:40,0.0,5073.338501834154,cand_007 (EURJPY)
2022-11-28 08:02:40,0.0,5073.338501834154,cand_011 (USDJPY)
2022-11-28 13:00:00,16.626442689065257,5089.964944523219,cand_011 (USDJPY)
2022-11-28 13:01:40,-64.78566770735608,5025.179276815863,cand_007 (EURJPY)
2022-11-29 09:20:40,0.0,5025.179276815863,cand_011 (USDJPY)
2022-11-29 13:00:00,12.644944218069586,5037.824221033933,cand_011 (USDJPY)
2022-12-01 07:17:40,0.0,5037.824221033933,cand_011 (USDJPY)
2022-12-01 13:00:00,-5.041388110265353,5032.782832923667,cand_011 (USDJPY)
2022-12-02 09:08:40,0.0,5032.782832923667,cand_011 (USDJPY)
2022-12-02 13:00:00,37.120714525494364,5069.903547449162,cand_011 (USDJPY)
2022-12-05 08:00:00,0.6347180141800342,5070.538265463342,cand_007 (EURJPY)
2022-12-06 07:00:00,0.5222644599299877,5071.060529923272,cand_011 (USDJPY)
2022-12-06 08:00:00,0.6347180141800342,5071.695247937452,cand_007 (EURJPY)
2022-12-06 08:22:20,0.0,5071.695247937452,cand_011 (USDJPY)
2022-12-06 13:00:00,-28.95495608729491,5042.7402918501575,cand_011 (USDJPY)
2022-12-07 07:00:00,0.5222644599299877,5043.262556310087,cand_011 (USDJPY)
2022-12-07 08:00:00,0.6347180141800342,5043.8972743242675,cand_007 (EURJPY)
2022-12-07 08:12:20,0.0,5043.8972743242675,cand_011 (USDJPY)
2022-12-07 08:26:40,0.0,5043.8972743242675,cand_007 (EURJPY)
2022-12-07 13:00:00,-8.672662178719738,5035.224612145548,cand_011 (USDJPY)
2022-12-07 15:00:00,27.806996201227296,5063.031608346775,cand_007 (EURJPY)
2022-12-08 07:00:00,0.5222644599299877,5063.553872806705,cand_011 (USDJPY)
2022-12-08 08:00:00,0.6347180141800342,5064.188590820885,cand_007 (EURJPY)
2022-12-09 08:00:00,0.6347180141800342,5064.823308835065,cand_007 (EURJPY)
2022-12-12 07:00:00,0.5222644599299877,5065.345573294995,cand_011 (USDJPY)
2022-12-13 07:00:00,0.5222644599299877,5065.867837754925,cand_011 (USDJPY)
2022-12-15 07:00:00,0.5222644599299877,5066.390102214855,cand_011 (USDJPY)
2022-12-15 07:06:40,0.0,5066.390102214855,cand_011 (USDJPY)
2022-12-15 13:00:00,39.30808096943643,5105.698183184291,cand_011 (USDJPY)
2022-12-16 07:00:00,0.5222644599299877,5106.220447644221,cand_011 (USDJPY)
2022-12-16 08:00:00,0.6347180141800342,5106.855165658401,cand_007 (EURJPY)
2022-12-23 07:00:00,0.5222644599299877,5107.377430118331,cand_011 (USDJPY)
2022-12-23 08:00:00,0.6347180141800342,5108.012148132511,cand_007 (EURJPY)
2022-12-26 08:00:00,0.6347180141800342,5108.6468661466915,cand_007 (EURJPY)
2022-12-27 07:00:00,0.5222644599299877,5109.169130606621,cand_011 (USDJPY)
2022-12-27 08:00:00,0.6347180141800342,5109.803848620802,cand_007 (EURJPY)
2022-12-28 07:00:00,0.5222644599299877,5110.326113080731,cand_011 (USDJPY)
2022-12-28 08:00:00,0.6347180141800342,5110.960831094912,cand_007 (EURJPY)
2022-12-30 08:35:40,0.0,5110.960831094912,cand_007 (EURJPY)
2022-12-30 09:48:40,0.0,5110.960831094912,cand_011 (USDJPY)
2022-12-30 13:00:00,16.0243024882048,5126.985133583116,cand_011 (USDJPY)
2022-12-30 15:00:00,15.595021608403439,5142.580155191519,cand_007 (EURJPY)
2023-01-04 09:11:40,0.0,5142.580155191519,cand_011 (USDJPY)
2023-01-04 13:00:00,-0.5652744742771633,5142.014880717243,cand_011 (USDJPY)
2023-01-05 07:00:00,0.5222644599299877,5142.5371451771725,cand_011 (USDJPY)
2023-01-05 08:00:00,0.6347180141800342,5143.171863191353,cand_007 (EURJPY)
2023-01-05 08:41:40,0.0,5143.171863191353,cand_007 (EURJPY)
2023-01-05 15:00:00,0.6220236538964334,5143.793886845249,cand_007 (EURJPY)
2023-01-06 07:00:00,0.5222644599299877,5144.316151305179,cand_011 (USDJPY)
2023-01-06 07:45:40,0.0,5144.316151305179,cand_011 (USDJPY)
2023-01-06 08:00:00,0.6347180141800342,5144.950869319359,cand_007 (EURJPY)
2023-01-06 13:00:00,13.032034347194166,5157.982903666553,cand_011 (USDJPY)
2023-01-09 08:00:00,0.6347180141800342,5158.6176216807335,cand_007 (EURJPY)
2023-01-10 08:00:00,0.6347180141800342,5159.252339694914,cand_007 (EURJPY)
2023-01-11 07:00:00,0.5222644599299877,5159.7746041548435,cand_011 (USDJPY)
2023-01-13 08:35:40,0.0,5159.7746041548435,cand_007 (EURJPY)
2023-01-13 08:55:40,0.0,5159.7746041548435,cand_011 (USDJPY)
2023-01-13 13:00:00,4.881636628404415,5164.656240783248,cand_011 (USDJPY)
2023-01-13 15:00:00,34.50961843096845,5199.165859214217,cand_007 (EURJPY)
2023-01-17 08:00:00,0.6347180141800342,5199.800577228397,cand_007 (EURJPY)
2023-01-19 07:36:40,0.0,5199.800577228397,cand_011 (USDJPY)
2023-01-19 13:00:00,-36.331173547835505,5163.469403680561,cand_011 (USDJPY)
2023-01-20 07:00:00,0.5222644599299877,5163.991668140491,cand_011 (USDJPY)
2023-01-20 07:20:40,0.0,5163.991668140491,cand_011 (USDJPY)
2023-01-20 08:00:00,0.6347180141800342,5164.626386154671,cand_007 (EURJPY)
2023-01-20 13:00:00,19.148672816138905,5183.77505897081,cand_011 (USDJPY)
2023-01-23 07:00:00,0.5222644599299877,5184.29732343074,cand_011 (USDJPY)
2023-01-23 07:54:40,0.0,5184.29732343074,cand_011 (USDJPY)
2023-01-23 08:00:00,0.6347180141800342,5184.93204144492,cand_007 (EURJPY)
2023-01-23 08:24:40,0.0,5184.93204144492,cand_007 (EURJPY)
2023-01-23 13:00:00,7.465309633116885,5192.397351078037,cand_011 (USDJPY)
2023-01-23 15:00:00,0.2919702865228157,5192.68932136456,cand_007 (EURJPY)
2023-01-24 07:00:00,0.5222644599299877,5193.21158582449,cand_011 (USDJPY)
2023-01-24 08:00:00,0.6347180141800342,5193.84630383867,cand_007 (EURJPY)
2023-01-25 07:00:00,0.5222644599299877,5194.3685682986,cand_011 (USDJPY)
2023-01-25 08:00:00,0.6347180141800342,5195.00328631278,cand_007 (EURJPY)
2023-01-27 07:00:00,0.5222644599299877,5195.52555077271,cand_011 (USDJPY)
2023-01-31 07:00:00,0.5222644599299877,5196.04781523264,cand_011 (USDJPY)
2023-02-01 07:00:00,0.5222644599299877,5196.570079692569,cand_011 (USDJPY)
2023-02-01 08:00:00,0.6347180141800342,5197.20479770675,cand_007 (EURJPY)
2023-02-01 09:22:40,0.0,5197.20479770675,cand_011 (USDJPY)
2023-02-01 13:00:00,-27.213050506234303,5169.991747200515,cand_011 (USDJPY)
2023-02-02 08:00:00,0.6347180141800342,5170.626465214696,cand_007 (EURJPY)
2023-02-02 08:14:40,0.0,5170.626465214696,cand_007 (EURJPY)
2023-02-02 14:36:40,-33.912983497639225,5136.713481717056,cand_007 (EURJPY)
2023-02-02 14:36:40,44.795541209763,5181.509022926819,cand_007 (EURJPY)
2023-02-06 07:00:00,0.5222644599299877,5182.03128738675,cand_011 (USDJPY)
2023-02-06 08:00:00,0.6347180141800342,5182.66600540093,cand_007 (EURJPY)
2023-02-07 07:00:00,0.5222644599299877,5183.188269860859,cand_011 (USDJPY)
2023-02-09 07:00:00,0.5222644599299877,5183.7105343207895,cand_011 (USDJPY)
2023-02-09 08:00:00,0.6347180141800342,5184.34525233497,cand_007 (EURJPY)
2023-02-10 07:00:00,0.5222644599299877,5184.867516794899,cand_011 (USDJPY)
2023-02-10 08:00:00,0.6347180141800342,5185.502234809079,cand_007 (EURJPY)
2023-02-13 07:00:00,0.5222644599299877,5186.0244992690095,cand_011 (USDJPY)
2023-02-13 08:00:00,0.6347180141800342,5186.65921728319,cand_007 (EURJPY)
2023-02-13 08:14:20,0.0,5186.65921728319,cand_007 (EURJPY)
2023-02-13 08:14:20,0.0,5186.65921728319,cand_011 (USDJPY)
2023-02-13 13:00:00,11.910701830285664,5198.569919113475,cand_011 (USDJPY)
2023-02-13 15:00:00,19.939666415465773,5218.50958552894,cand_007 (EURJPY)
2023-02-14 08:00:00,0.6347180141800342,5219.14430354312,cand_007 (EURJPY)
2023-02-15 07:00:00,0.5222644599299877,5219.666568003051,cand_011 (USDJPY)
2023-02-15 08:00:00,0.6347180141800342,5220.301286017231,cand_007 (EURJPY)
2023-02-15 08:44:40,0.0,5220.301286017231,cand_011 (USDJPY)
2023-02-15 13:00:00,3.4561618671837424,5223.757447884414,cand_011 (USDJPY)
2023-02-16 07:00:00,0.5222644599299877,5224.279712344344,cand_011 (USDJPY)
2023-02-17 07:00:00,0.5222644599299877,5224.801976804274,cand_011 (USDJPY)
2023-02-17 08:00:00,0.6347180141800342,5225.436694818454,cand_007 (EURJPY)
2023-02-20 08:00:00,0.6347180141800342,5226.071412832634,cand_007 (EURJPY)
2023-02-21 07:00:00,0.5222644599299877,5226.593677292564,cand_011 (USDJPY)
2023-02-21 09:04:40,0.0,5226.593677292564,cand_011 (USDJPY)
2023-02-21 13:00:00,1.0936832219710333,5227.687360514536,cand_011 (USDJPY)
2023-02-22 07:00:00,0.5222644599299877,5228.2096249744645,cand_011 (USDJPY)
2023-02-23 07:00:00,0.5222644599299877,5228.731889434395,cand_011 (USDJPY)
2023-02-27 07:00:00,0.5222644599299877,5229.254153894324,cand_011 (USDJPY)
2023-02-27 08:00:00,0.6347180141800342,5229.888871908504,cand_007 (EURJPY)
2023-03-01 07:00:00,0.5222644599299877,5230.411136368435,cand_011 (USDJPY)
2023-03-01 08:00:00,0.6347180141800342,5231.045854382615,cand_007 (EURJPY)
2023-03-01 08:48:40,0.0,5231.045854382615,cand_007 (EURJPY)
2023-03-01 15:00:00,4.687392534719552,5235.733246917334,cand_007 (EURJPY)
2023-03-02 07:00:00,0.5222644599299877,5236.255511377264,cand_011 (USDJPY)
2023-03-02 07:38:40,0.0,5236.255511377264,cand_011 (USDJPY)
2023-03-02 13:00:00,5.661961174417455,5241.917472551681,cand_011 (USDJPY)
2023-03-03 07:00:00,0.5222644599299877,5242.439737011611,cand_011 (USDJPY)
2023-03-07 09:29:40,0.0,5242.439737011611,cand_011 (USDJPY)
2023-03-07 13:00:00,-14.276252619380312,5228.163484392231,cand_011 (USDJPY)
2023-03-08 07:00:00,0.5222644599299877,5228.685748852161,cand_011 (USDJPY)
2023-03-08 08:00:00,0.6347180141800342,5229.320466866341,cand_007 (EURJPY)
2023-03-09 08:43:40,0.0,5229.320466866341,cand_007 (EURJPY)
2023-03-09 08:47:40,0.0,5229.320466866341,cand_011 (USDJPY)
2023-03-09 13:00:00,21.16707134657421,5250.487538212916,cand_011 (USDJPY)
2023-03-09 15:00:00,12.573763860906476,5263.061302073822,cand_007 (EURJPY)
2023-03-10 07:00:00,0.5222644599299877,5263.583566533752,cand_011 (USDJPY)
2023-03-10 08:00:00,0.6347180141800342,5264.218284547932,cand_007 (EURJPY)
2023-03-15 07:00:00,0.5222644599299877,5264.740549007862,cand_011 (USDJPY)
2023-03-15 08:00:00,0.6347180141800342,5265.375267022042,cand_007 (EURJPY)
2023-03-15 08:09:40,0.0,5265.375267022042,cand_007 (EURJPY)
2023-03-15 09:10:40,0.0,5265.375267022042,cand_011 (USDJPY)
2023-03-15 12:27:40,45.687320019685956,5311.062587041728,cand_007 (EURJPY)
2023-03-15 12:27:40,-32.90060826502207,5278.161978776706,cand_007 (EURJPY)
2023-03-15 13:00:00,-24.128618048765436,5254.033360727941,cand_011 (USDJPY)
2023-03-17 08:33:40,0.0,5254.033360727941,cand_011 (USDJPY)
2023-03-17 13:00:00,-11.443735960230615,5242.58962476771,cand_011 (USDJPY)
2023-03-20 09:28:40,0.0,5242.58962476771,cand_011 (USDJPY)
2023-03-20 13:00:00,12.921437167444287,5255.511061935154,cand_011 (USDJPY)
2023-03-22 07:00:00,0.5222644599299877,5256.033326395083,cand_011 (USDJPY)
2023-03-22 08:00:00,0.6347180141800342,5256.6680444092635,cand_007 (EURJPY)
2023-03-23 08:00:00,0.6347180141800342,5257.302762423444,cand_007 (EURJPY)
2023-03-29 07:00:00,0.5222644599299877,5257.825026883374,cand_011 (USDJPY)
2023-03-29 08:00:00,0.6347180141800342,5258.459744897555,cand_007 (EURJPY)
2023-03-29 08:52:40,0.0,5258.459744897555,cand_007 (EURJPY)
2023-03-29 08:58:40,0.0,5258.459744897555,cand_011 (USDJPY)
2023-03-29 13:00:00,-13.20714654846481,5245.25259834909,cand_011 (USDJPY)
2023-03-29 15:00:00,27.321436920379572,5272.574035269469,cand_007 (EURJPY)
2023-03-30 07:00:00,0.5222644599299877,5273.096299729399,cand_011 (USDJPY)
2023-03-31 07:00:00,0.5222644599299877,5273.618564189329,cand_011 (USDJPY)
2023-03-31 08:00:00,0.6347180141800342,5274.253282203509,cand_007 (EURJPY)
2023-04-03 07:00:00,0.5222644599299877,5274.775546663439,cand_011 (USDJPY)
2023-04-03 08:15:40,0.0,5274.775546663439,cand_011 (USDJPY)
2023-04-03 13:00:00,-11.056645831106035,5263.718900832333,cand_011 (USDJPY)
2023-04-04 07:00:00,0.5222644599299877,5264.241165292263,cand_011 (USDJPY)
2023-04-04 08:00:00,0.6347180141800342,5264.875883306443,cand_007 (EURJPY)
2023-04-07 07:00:00,0.5222644599299877,5265.398147766373,cand_011 (USDJPY)
2023-04-10 07:00:00,0.5222644599299877,5265.920412226303,cand_011 (USDJPY)
2023-04-10 08:00:00,0.6347180141800342,5266.555130240483,cand_007 (EURJPY)
2023-04-11 07:00:00,0.5222644599299877,5267.077394700413,cand_011 (USDJPY)
2023-04-11 08:00:00,0.6347180141800342,5267.712112714593,cand_007 (EURJPY)
2023-04-12 07:00:00,0.5222644599299877,5268.234377174523,cand_011 (USDJPY)
2023-04-12 08:00:00,0.6347180141800342,5268.869095188703,cand_007 (EURJPY)
2023-04-17 07:00:00,0.5222644599299877,5269.391359648633,cand_011 (USDJPY)
2023-04-17 08:00:00,0.6347180141800342,5270.026077662813,cand_007 (EURJPY)
2023-04-17 08:08:40,0.0,5270.026077662813,cand_007 (EURJPY)
2023-04-17 08:14:40,0.0,5270.026077662813,cand_011 (USDJPY)
2023-04-17 13:00:00,-8.113531992206457,5261.912545670606,cand_011 (USDJPY)
2023-04-17 15:00:00,-26.521692222512726,5235.390853448094,cand_007 (EURJPY)
2023-04-18 07:00:00,0.5222644599299877,5235.913117908023,cand_011 (USDJPY)
2023-04-18 08:00:00,0.6347180141800342,5236.547835922203,cand_007 (EURJPY)
2023-04-19 07:00:00,0.5222644599299877,5237.070100382134,cand_011 (USDJPY)
2023-04-19 09:00:40,0.0,5237.070100382134,cand_011 (USDJPY)
2023-04-19 13:00:00,12.445254865743413,5249.515355247877,cand_011 (USDJPY)
2023-04-20 07:00:00,0.5222644599299877,5250.037619707807,cand_011 (USDJPY)
2023-04-24 07:00:00,0.5222644599299877,5250.5598841677365,cand_011 (USDJPY)
2023-04-24 08:00:00,0.6347180141800342,5251.194602181917,cand_007 (EURJPY)
2023-04-25 07:00:00,0.5222644599299877,5251.7168666418465,cand_011 (USDJPY)
2023-04-25 08:00:00,0.6347180141800342,5252.351584656027,cand_007 (EURJPY)
2023-04-27 08:00:00,0.6347180141800342,5252.986302670207,cand_007 (EURJPY)
2023-04-27 08:47:40,0.0,5252.986302670207,cand_007 (EURJPY)
2023-04-27 14:46:20,46.721275664785225,5299.707578334992,cand_007 (EURJPY)
2023-04-27 14:46:20,-33.3925147260116,5266.31506360898,cand_007 (EURJPY)
2023-05-01 07:00:00,0.5222644599299877,5266.83732806891,cand_011 (USDJPY)
2023-05-01 08:00:00,0.6347180141800342,5267.47204608309,cand_007 (EURJPY)
2023-05-02 07:00:00,0.5222644599299877,5267.99431054302,cand_011 (USDJPY)
2023-05-02 07:30:20,0.0,5267.99431054302,cand_011 (USDJPY)
2023-05-02 08:00:00,0.6347180141800342,5268.6290285572,cand_007 (EURJPY)
2023-05-02 08:02:40,0.0,5268.6290285572,cand_007 (EURJPY)
2023-05-02 12:27:40,-35.3664877501115,5233.262540807089,cand_007 (EURJPY)
2023-05-02 12:27:40,47.80442195598345,5281.066962763072,cand_007 (EURJPY)
2023-05-02 13:00:00,-13.772421022741971,5267.29454174033,cand_011 (USDJPY)
2023-05-04 09:36:40,0.0,5267.29454174033,cand_011 (USDJPY)
2023-05-04 13:00:00,-19.213187837659667,5248.081353902671,cand_011 (USDJPY)
2023-05-08 07:00:00,0.5222644599299877,5248.6036183626,cand_011 (USDJPY)
2023-05-08 08:00:00,0.6347180141800342,5249.23833637678,cand_007 (EURJPY)
2023-05-09 07:00:00,0.5222644599299877,5249.760600836711,cand_011 (USDJPY)
2023-05-10 07:00:00,0.5222644599299877,5250.28286529664,cand_011 (USDJPY)
2023-05-10 09:20:40,0.0,5250.28286529664,cand_011 (USDJPY)
2023-05-10 13:00:00,-12.497481311736413,5237.785383984904,cand_011 (USDJPY)
2023-05-15 08:00:00,0.6347180141800342,5238.420101999084,cand_007 (EURJPY)
2023-05-15 08:56:20,0.0,5238.420101999084,cand_007 (EURJPY)
2023-05-15 15:00:00,2.656294889343443,5241.076396888428,cand_007 (EURJPY)
2023-05-19 08:00:00,0.6347180141800342,5241.711114902608,cand_007 (EURJPY)
2023-05-23 08:00:00,0.6347180141800342,5242.345832916788,cand_007 (EURJPY)
2023-05-31 08:07:40,0.0,5242.345832916788,cand_007 (EURJPY)
2023-05-31 15:00:00,8.90509373894588,5251.250926655734,cand_007 (EURJPY)
2023-06-05 07:00:00,0.5222644599299877,5251.773191115663,cand_011 (USDJPY)
2023-06-08 07:00:00,0.5222644599299877,5252.295455575593,cand_011 (USDJPY)
2023-06-12 07:00:00,0.5222644599299877,5252.817720035523,cand_011 (USDJPY)
2023-06-14 07:00:00,0.5222644599299877,5253.339984495453,cand_011 (USDJPY)
2023-06-15 07:00:00,0.5222644599299877,5253.862248955383,cand_011 (USDJPY)
2023-06-15 07:02:40,0.0,5253.862248955383,cand_011 (USDJPY)
2023-06-15 08:00:00,0.6347180141800342,5254.496966969563,cand_007 (EURJPY)
2023-06-15 08:02:40,0.0,5254.496966969563,cand_007 (EURJPY)
2023-06-15 13:00:00,-8.84470223610844,5245.652264733455,cand_011 (USDJPY)
2023-06-15 15:00:00,-3.370352655295981,5242.281912078159,cand_007 (EURJPY)
2023-06-16 07:00:00,0.5222644599299877,5242.8041765380885,cand_011 (USDJPY)
2023-06-16 08:00:00,0.6347180141800342,5243.438894552269,cand_007 (EURJPY)
2023-06-16 08:40:40,0.0,5243.438894552269,cand_007 (EURJPY)
2023-06-16 09:38:40,0.0,5243.438894552269,cand_011 (USDJPY)
2023-06-16 13:00:00,2.22423217052536,5245.663126722794,cand_011 (USDJPY)
2023-06-16 15:00:00,20.03487411759278,5265.698000840386,cand_007 (EURJPY)
2023-06-19 07:00:00,0.5222644599299877,5266.220265300317,cand_011 (USDJPY)
2023-06-19 08:00:00,0.6347180141800342,5266.854983314497,cand_007 (EURJPY)
2023-06-20 07:00:00,0.5222644599299877,5267.377247774426,cand_011 (USDJPY)
2023-06-20 08:00:00,0.6347180141800342,5268.011965788606,cand_007 (EURJPY)
2023-06-21 07:00:00,0.5222644599299877,5268.534230248537,cand_011 (USDJPY)
2023-06-21 08:00:00,0.6347180141800342,5269.168948262717,cand_007 (EURJPY)
2023-06-21 08:07:40,0.0,5269.168948262717,cand_011 (USDJPY)
2023-06-21 13:00:00,2.552951565893058,5271.72189982861,cand_011 (USDJPY)
2023-06-22 07:00:00,0.5222644599299877,5272.24416428854,cand_011 (USDJPY)
2023-06-23 07:00:00,0.5222644599299877,5272.7664287484695,cand_011 (USDJPY)
2023-06-23 08:00:00,0.6347180141800342,5273.40114676265,cand_007 (EURJPY)
2023-06-23 08:37:40,0.0,5273.40114676265,cand_011 (USDJPY)
2023-06-23 13:00:00,-3.646634787864091,5269.754511974786,cand_011 (USDJPY)
2023-06-26 07:00:00,0.5222644599299877,5270.276776434715,cand_011 (USDJPY)
2023-06-26 08:00:00,0.6347180141800342,5270.911494448896,cand_007 (EURJPY)
2023-06-27 07:00:00,0.5222644599299877,5271.433758908825,cand_011 (USDJPY)
2023-06-28 07:00:00,0.5222644599299877,5271.956023368755,cand_011 (USDJPY)
2023-06-29 07:00:00,0.5222644599299877,5272.478287828685,cand_011 (USDJPY)
2023-06-29 07:56:40,0.0,5272.478287828685,cand_011 (USDJPY)
2023-06-29 13:00:00,-10.59582424881487,5261.88246357987,cand_011 (USDJPY)
2023-06-30 07:00:00,0.5222644599299877,5262.4047280398,cand_011 (USDJPY)
2023-07-03 07:00:00,0.5222644599299877,5262.92699249973,cand_011 (USDJPY)
2023-07-03 08:00:00,0.6347180141800342,5263.56171051391,cand_007 (EURJPY)
2023-07-04 07:00:00,0.5222644599299877,5264.08397497384,cand_011 (USDJPY)
2023-07-05 07:00:00,0.5222644599299877,5264.60623943377,cand_011 (USDJPY)
2023-07-06 07:30:40,0.0,5264.60623943377,cand_011 (USDJPY)
2023-07-06 08:34:20,0.0,5264.60623943377,cand_007 (EURJPY)
2023-07-06 13:00:00,-4.476113635988189,5260.130125797781,cand_011 (USDJPY)
2023-07-06 15:00:00,-31.5772212054567,5228.552904592325,cand_007 (EURJPY)
2023-07-07 08:38:40,0.0,5228.552904592325,cand_011 (USDJPY)
2023-07-07 13:00:00,22.577185388385175,5251.13008998071,cand_011 (USDJPY)
2023-07-10 08:00:00,0.6347180141800342,5251.76480799489,cand_007 (EURJPY)
2023-07-14 08:00:00,0.6347180141800342,5252.3995260090705,cand_007 (EURJPY)
2023-07-17 07:00:00,0.5222644599299877,5252.921790469,cand_011 (USDJPY)
2023-07-17 08:00:00,0.6347180141800342,5253.556508483181,cand_007 (EURJPY)
2023-07-18 07:38:40,0.0,5253.556508483181,cand_011 (USDJPY)
2023-07-18 13:00:00,7.20110525926995,5260.75761374245,cand_011 (USDJPY)
2023-07-19 07:00:00,0.5222644599299877,5261.27987820238,cand_011 (USDJPY)
2023-07-19 08:00:00,0.6347180141800342,5261.91459621656,cand_007 (EURJPY)
2023-07-19 08:49:40,0.0,5261.91459621656,cand_007 (EURJPY)
2023-07-19 08:50:40,0.0,5261.91459621656,cand_011 (USDJPY)
2023-07-19 13:00:00,15.864551006343865,5277.779147222904,cand_011 (USDJPY)
2023-07-19 15:00:00,9.171675304901493,5286.950822527806,cand_007 (EURJPY)
2023-07-21 07:00:00,0.5222644599299877,5287.473086987735,cand_011 (USDJPY)
2023-07-24 07:00:00,0.5222644599299877,5287.995351447666,cand_011 (USDJPY)
2023-07-24 08:00:00,0.6347180141800342,5288.630069461846,cand_007 (EURJPY)
2023-07-25 07:00:00,0.5222644599299877,5289.152333921775,cand_011 (USDJPY)
2023-07-26 09:28:40,0.0,5289.152333921775,cand_011 (USDJPY)
2023-07-26 13:00:00,15.495893740510931,5304.648227662286,cand_011 (USDJPY)
2023-07-31 07:00:00,0.5222644599299877,5305.170492122215,cand_011 (USDJPY)
2023-07-31 08:00:00,0.6347180141800342,5305.8052101363955,cand_007 (EURJPY)
2023-07-31 09:48:40,0.0,5305.8052101363955,cand_011 (USDJPY)
2023-07-31 13:00:00,11.787816075008017,5317.593026211403,cand_011 (USDJPY)
2023-08-01 07:00:00,0.5222644599299877,5318.115290671334,cand_011 (USDJPY)
2023-08-01 08:00:00,0.6347180141800342,5318.750008685514,cand_007 (EURJPY)
2023-08-01 08:57:40,0.0,5318.750008685514,cand_007 (EURJPY)
2023-08-01 15:00:00,-4.706434075144953,5314.0435746103685,cand_007 (EURJPY)
2023-08-02 07:00:00,0.5222644599299877,5314.565839070299,cand_011 (USDJPY)
2023-08-02 08:00:00,0.6347180141800342,5315.200557084479,cand_007 (EURJPY)
2023-08-03 07:00:00,0.5222644599299877,5315.722821544408,cand_011 (USDJPY)
2023-08-03 07:04:40,0.0,5315.722821544408,cand_011 (USDJPY)
2023-08-03 08:00:00,0.6347180141800342,5316.3575395585885,cand_007 (EURJPY)
2023-08-03 08:18:40,0.0,5316.3575395585885,cand_007 (EURJPY)
2023-08-03 10:15:40,49.66763668660894,5366.025176245198,cand_007 (EURJPY)
2023-08-03 10:15:40,-31.5454853047477,5334.47969094045,cand_007 (EURJPY)
2023-08-03 10:31:40,-24.52799675341778,5309.951694187032,cand_011 (USDJPY)
2023-08-03 10:31:40,43.94118115779182,5353.8928753448245,cand_011 (USDJPY)
2023-08-07 08:00:00,0.6347180141800342,5354.527593359005,cand_007 (EURJPY)
2023-08-08 07:00:00,0.5222644599299877,5355.0498578189345,cand_011 (USDJPY)
2023-08-08 08:00:00,0.6347180141800342,5355.684575833115,cand_007 (EURJPY)
2023-08-08 08:59:40,0.0,5355.684575833115,cand_007 (EURJPY)
2023-08-08 14:11:40,-47.35313744790145,5308.331438385213,cand_007 (EURJPY)
2023-08-08 14:11:40,49.69048653511942,5358.021924920333,cand_007 (EURJPY)
2023-08-09 07:00:00,0.5222644599299877,5358.544189380262,cand_011 (USDJPY)
2023-08-10 07:00:00,0.5222644599299877,5359.0664538401925,cand_011 (USDJPY)
2023-08-10 07:14:20,0.0,5359.0664538401925,cand_011 (USDJPY)
2023-08-10 13:00:00,-6.706490094277431,5352.359963745915,cand_011 (USDJPY)
2023-08-11 07:00:00,0.5222644599299877,5352.8822282058445,cand_011 (USDJPY)
2023-08-14 07:00:00,0.5222644599299877,5353.404492665774,cand_011 (USDJPY)
2023-08-15 07:00:00,0.5222644599299877,5353.926757125704,cand_011 (USDJPY)
2023-08-15 09:44:40,0.0,5353.926757125704,cand_011 (USDJPY)
2023-08-15 13:00:00,-7.25947599302683,5346.667281132677,cand_011 (USDJPY)
2023-09-05 07:00:00,0.5222644599299877,5347.189545592608,cand_011 (USDJPY)
2023-09-05 08:56:20,0.0,5347.189545592608,cand_011 (USDJPY)
2023-09-05 13:00:00,11.563549571626318,5358.753095164234,cand_011 (USDJPY)
2023-09-06 07:00:00,0.5222644599299877,5359.275359624164,cand_011 (USDJPY)
2023-09-07 07:00:00,0.5222644599299877,5359.7976240840935,cand_011 (USDJPY)
2023-09-11 07:32:20,0.0,5359.7976240840935,cand_011 (USDJPY)
2023-09-11 13:00:00,-19.434382197159426,5340.363241886935,cand_011 (USDJPY)
2023-09-13 07:00:00,0.5222644599299877,5340.885506346864,cand_011 (USDJPY)
2023-09-13 08:00:00,0.6347180141800342,5341.520224361044,cand_007 (EURJPY)
2023-09-19 07:00:00,0.5222644599299877,5342.0424888209745,cand_011 (USDJPY)
2023-09-19 09:45:40,0.0,5342.0424888209745,cand_011 (USDJPY)
2023-09-19 13:00:00,-9.486780307434131,5332.555708513541,cand_011 (USDJPY)
2023-09-21 07:00:00,0.5222644599299877,5333.0779729734695,cand_011 (USDJPY)
2023-09-22 07:00:00,0.5222644599299877,5333.6002374334,cand_011 (USDJPY)
2023-09-22 08:00:00,0.6347180141800342,5334.23495544758,cand_007 (EURJPY)
2023-09-22 09:36:40,0.0,5334.23495544758,cand_011 (USDJPY)
2023-09-22 13:00:00,0.41473942406204917,5334.649694871642,cand_011 (USDJPY)
2023-09-25 07:00:00,0.5222644599299877,5335.171959331572,cand_011 (USDJPY)
2023-09-26 07:00:00,0.5222644599299877,5335.694223791502,cand_011 (USDJPY)
2023-09-26 09:21:40,0.0,5335.694223791502,cand_011 (USDJPY)
2023-09-26 13:00:00,-9.409976710385603,5326.284247081116,cand_011 (USDJPY)
2023-09-28 07:00:00,0.5222644599299877,5326.806511541046,cand_011 (USDJPY)
2023-09-29 07:00:00,0.5222644599299877,5327.328776000975,cand_011 (USDJPY)
2023-09-29 08:00:00,0.6347180141800342,5327.963494015155,cand_007 (EURJPY)
2023-10-02 07:00:00,0.5222644599299877,5328.485758475086,cand_011 (USDJPY)
2023-10-09 07:00:00,0.5222644599299877,5329.008022935015,cand_011 (USDJPY)
2023-10-11 07:00:00,0.5222644599299877,5329.530287394946,cand_011 (USDJPY)
2023-10-11 08:53:40,0.0,5329.530287394946,cand_011 (USDJPY)
2023-10-11 13:00:00,-12.150329053077067,5317.379958341868,cand_011 (USDJPY)
2023-10-12 07:00:00,0.5222644599299877,5317.902222801798,cand_011 (USDJPY)
2023-10-16 07:00:00,0.5222644599299877,5318.424487261727,cand_011 (USDJPY)
2023-10-18 07:00:00,0.5222644599299877,5318.946751721658,cand_011 (USDJPY)
2023-10-26 07:00:00,0.5222644599299877,5319.469016181587,cand_011 (USDJPY)
2023-10-26 09:05:40,0.0,5319.469016181587,cand_011 (USDJPY)
2023-10-26 09:47:40,46.05512336295549,5365.524139544543,cand_011 (USDJPY)
2023-10-26 09:47:40,-28.401970188545512,5337.122169355997,cand_011 (USDJPY)
2023-10-31 08:00:00,0.6347180141800342,5337.7568873701775,cand_007 (EURJPY)
2023-10-31 08:36:40,0.0,5337.7568873701775,cand_007 (EURJPY)
2023-10-31 15:00:00,60.634611894618665,5398.391499264796,cand_007 (EURJPY)
2023-11-01 07:00:00,0.5222644599299877,5398.913763724726,cand_011 (USDJPY)
2023-11-01 08:00:00,0.6347180141800342,5399.548481738906,cand_007 (EURJPY)
2023-11-07 07:00:00,0.5222644599299877,5400.070746198836,cand_011 (USDJPY)
2023-11-07 08:38:40,0.0,5400.070746198836,cand_011 (USDJPY)
2023-11-07 13:00:00,-2.6574044578790557,5397.413341740957,cand_011 (USDJPY)
2023-11-08 07:00:00,0.5222644599299877,5397.9356062008865,cand_011 (USDJPY)
2023-11-08 09:16:40,0.0,5397.9356062008865,cand_011 (USDJPY)
2023-11-08 13:00:00,1.262651135477794,5399.198257336364,cand_011 (USDJPY)
2023-11-13 07:00:00,0.5222644599299877,5399.720521796295,cand_011 (USDJPY)
2023-11-22 07:00:00,0.5222644599299877,5400.242786256224,cand_011 (USDJPY)
2023-11-22 07:15:40,0.0,5400.242786256224,cand_011 (USDJPY)
2023-11-22 08:00:00,0.6347180141800342,5400.877504270404,cand_007 (EURJPY)
2023-11-22 08:13:40,0.0,5400.877504270404,cand_007 (EURJPY)
2023-11-22 13:00:00,15.43445086287211,5416.311955133277,cand_011 (USDJPY)
2023-11-22 15:00:00,-7.7657749034927175,5408.546180229783,cand_007 (EURJPY)
2023-11-23 07:00:00,0.5222644599299877,5409.068444689713,cand_011 (USDJPY)
2023-11-24 07:00:00,0.5222644599299877,5409.590709149643,cand_011 (USDJPY)
2023-11-24 08:00:00,0.6347180141800342,5410.225427163823,cand_007 (EURJPY)
2023-11-27 08:00:00,0.6347180141800342,5410.860145178003,cand_007 (EURJPY)
2023-12-01 07:00:00,0.5222644599299877,5411.382409637933,cand_011 (USDJPY)
2023-12-01 09:52:40,0.0,5411.382409637933,cand_011 (USDJPY)
2023-12-01 13:00:00,-14.07656326705414,5397.3058463708785,cand_011 (USDJPY)
2023-12-05 08:24:20,0.0,5397.3058463708785,cand_011 (USDJPY)
2023-12-05 13:00:00,-10.525164939530223,5386.780681431348,cand_011 (USDJPY)
2023-12-06 07:00:00,0.5222644599299877,5387.302945891279,cand_011 (USDJPY)
2023-12-07 07:49:40,0.0,5387.302945891279,cand_011 (USDJPY)
2023-12-07 08:22:40,0.0,5387.302945891279,cand_007 (EURJPY)
2023-12-07 12:13:40,44.46068068822805,5431.763626579506,cand_011 (USDJPY)
2023-12-07 12:13:40,77.94950671649164,5509.713133295998,cand_011 (USDJPY)
2023-12-07 15:00:00,58.324238323003335,5568.0373716190015,cand_007 (EURJPY)
2023-12-11 07:00:00,0.5222644599299877,5568.559636078931,cand_011 (USDJPY)
2023-12-11 08:00:00,0.6347180141800342,5569.1943540931115,cand_007 (EURJPY)
2023-12-11 08:15:40,0.0,5569.1943540931115,cand_007 (EURJPY)
2023-12-11 09:40:40,0.0,5569.1943540931115,cand_011 (USDJPY)
2023-12-11 13:00:00,18.5280997519868,5587.722453845098,cand_011 (USDJPY)
2023-12-11 15:00:00,26.80096814875194,5614.52342199385,cand_007 (EURJPY)
2023-12-12 07:22:40,0.0,5614.52342199385,cand_011 (USDJPY)
2023-12-12 13:00:00,3.2134625005103956,5617.736884494361,cand_011 (USDJPY)
2023-12-13 07:00:00,0.5222644599299877,5618.25914895429,cand_011 (USDJPY)
2023-12-13 08:33:40,0.0,5618.25914895429,cand_011 (USDJPY)
2023-12-13 13:00:00,-7.972213373637166,5610.286935580653,cand_011 (USDJPY)
2023-12-19 07:00:00,0.5222644599299877,5610.809200040583,cand_011 (USDJPY)
2023-12-19 08:00:00,0.6347180141800342,5611.443918054763,cand_007 (EURJPY)
2023-12-19 09:01:40,0.0,5611.443918054763,cand_011 (USDJPY)
2023-12-19 13:00:00,40.03925121333842,5651.483169268102,cand_011 (USDJPY)
2023-12-20 07:00:00,0.5222644599299877,5652.005433728032,cand_011 (USDJPY)
2023-12-20 08:00:00,0.6347180141800342,5652.640151742212,cand_007 (EURJPY)
2023-12-27 07:00:00,0.5222644599299877,5653.162416202142,cand_011 (USDJPY)
2023-12-27 08:00:00,0.6347180141800342,5653.797134216322,cand_007 (EURJPY)
2023-12-28 09:03:40,0.0,5653.797134216322,cand_011 (USDJPY)
2023-12-28 13:00:00,11.833898233237136,5665.631032449559,cand_011 (USDJPY)
2024-01-02 07:00:00,0.5222644599299877,5666.153296909489,cand_011 (USDJPY)
2024-01-03 07:00:00,0.5222644599299877,5666.675561369419,cand_011 (USDJPY)
2024-01-03 09:14:40,0.0,5666.675561369419,cand_011 (USDJPY)
2024-01-03 13:00:00,14.515879842171719,5681.19144121159,cand_011 (USDJPY)
2024-01-04 07:00:00,0.5222644599299877,5681.71370567152,cand_011 (USDJPY)
2024-01-04 07:34:40,0.0,5681.71370567152,cand_011 (USDJPY)
2024-01-04 08:00:00,0.6347180141800342,5682.3484236857,cand_007 (EURJPY)
2024-01-04 13:00:00,22.107147374448186,5704.455571060149,cand_011 (USDJPY)
2024-01-05 07:00:00,0.5222644599299877,5704.977835520078,cand_011 (USDJPY)
2024-01-05 08:00:00,0.6347180141800342,5705.612553534258,cand_007 (EURJPY)
2024-01-05 08:23:40,0.0,5705.612553534258,cand_011 (USDJPY)
2024-01-05 08:31:40,0.0,5705.612553534258,cand_007 (EURJPY)
2024-01-05 13:00:00,5.542147563021753,5711.154701097281,cand_011 (USDJPY)
2024-01-05 15:00:00,-15.747353931806646,5695.407347165474,cand_007 (EURJPY)
2024-01-08 07:00:00,0.5222644599299877,5695.929611625404,cand_011 (USDJPY)
2024-01-10 07:00:00,0.5222644599299877,5696.451876085333,cand_011 (USDJPY)
2024-01-10 08:00:00,0.6347180141800342,5697.086594099514,cand_007 (EURJPY)
2024-01-10 08:52:40,0.0,5697.086594099514,cand_011 (USDJPY)
2024-01-10 08:57:20,0.0,5697.086594099514,cand_007 (EURJPY)
2024-01-10 13:00:00,-5.511426124202342,5691.575167975311,cand_011 (USDJPY)
2024-01-10 15:00:00,18.917770412635917,5710.492938387947,cand_007 (EURJPY)
2024-01-11 07:00:00,0.5222644599299877,5711.015202847877,cand_011 (USDJPY)
2024-01-11 08:00:00,0.6347180141800342,5711.649920862057,cand_007 (EURJPY)
2024-01-12 08:00:00,0.6347180141800342,5712.284638876237,cand_007 (EURJPY)
2024-01-15 07:00:00,0.5222644599299877,5712.806903336167,cand_011 (USDJPY)
2024-01-15 08:00:00,0.6347180141800342,5713.441621350347,cand_007 (EURJPY)
2024-01-15 09:01:40,0.0,5713.441621350347,cand_011 (USDJPY)
2024-01-15 13:00:00,13.032034347194166,5726.473655697541,cand_011 (USDJPY)
2024-01-16 07:00:00,0.5222644599299877,5726.995920157471,cand_011 (USDJPY)
2024-01-16 08:00:00,0.6347180141800342,5727.630638171651,cand_007 (EURJPY)
2024-01-17 07:00:00,0.5222644599299877,5728.152902631581,cand_011 (USDJPY)
2024-01-17 07:37:40,0.0,5728.152902631581,cand_011 (USDJPY)
2024-01-17 13:00:00,5.738764771465983,5733.891667403047,cand_011 (USDJPY)
2024-01-18 07:00:00,0.5222644599299877,5734.413931862977,cand_011 (USDJPY)
2024-01-19 07:00:00,0.5222644599299877,5734.936196322907,cand_011 (USDJPY)
2024-01-19 07:32:40,0.0,5734.936196322907,cand_011 (USDJPY)
2024-01-19 08:00:00,0.6347180141800342,5735.570914337087,cand_007 (EURJPY)
2024-01-19 08:24:40,0.0,5735.570914337087,cand_007 (EURJPY)
2024-01-19 12:07:40,-42.960888789775616,5692.610025547311,cand_007 (EURJPY)
2024-01-19 12:07:40,51.05386082957814,5743.663886376889,cand_007 (EURJPY)
2024-01-19 13:00:00,-27.243771945053716,5716.420114431836,cand_011 (USDJPY)
2024-01-23 08:00:00,0.6347180141800342,5717.054832446016,cand_007 (EURJPY)
2024-01-23 08:40:20,0.0,5717.054832446016,cand_011 (USDJPY)
2024-01-23 13:00:00,-6.107422037298916,5710.947410408717,cand_011 (USDJPY)
2024-01-25 07:00:00,0.5222644599299877,5711.469674868647,cand_011 (USDJPY)
2024-01-26 07:00:00,0.5222644599299877,5711.991939328576,cand_011 (USDJPY)
2024-01-29 07:00:00,0.5222644599299877,5712.514203788507,cand_011 (USDJPY)
2024-01-31 07:00:00,0.5222644599299877,5713.036468248436,cand_011 (USDJPY)
2024-02-05 07:00:00,0.5222644599299877,5713.558732708367,cand_011 (USDJPY)
2024-02-06 07:00:00,0.5222644599299877,5714.080997168296,cand_011 (USDJPY)
2024-02-08 07:00:00,0.5222644599299877,5714.603261628226,cand_011 (USDJPY)
2024-02-08 07:31:40,0.0,5714.603261628226,cand_011 (USDJPY)
2024-02-08 08:00:00,0.6347180141800342,5715.237979642407,cand_007 (EURJPY)
2024-02-08 08:46:40,0.0,5715.237979642407,cand_007 (EURJPY)
2024-02-08 13:00:00,19.57570081572872,5734.813680458135,cand_011 (USDJPY)
2024-02-08 15:00:00,7.058064317681979,5741.871744775817,cand_007 (EURJPY)
2024-02-09 07:00:00,0.5222644599299877,5742.394009235746,cand_011 (USDJPY)
2024-02-13 07:00:00,0.5222644599299877,5742.916273695677,cand_011 (USDJPY)
2024-02-14 07:00:00,0.5222644599299877,5743.438538155606,cand_011 (USDJPY)
2024-02-16 07:00:00,0.5222644599299877,5743.9608026155365,cand_011 (USDJPY)
2024-02-20 07:00:00,0.5222644599299877,5744.483067075465,cand_011 (USDJPY)
2024-02-26 07:00:00,0.5222644599299877,5745.005331535396,cand_011 (USDJPY)
2024-02-28 07:00:00,0.5222644599299877,5745.527595995325,cand_011 (USDJPY)
2024-02-28 09:37:40,0.0,5745.527595995325,cand_011 (USDJPY)
2024-02-28 13:00:00,-4.242630700960666,5741.284965294365,cand_011 (USDJPY)
2024-03-01 07:00:00,0.5222644599299877,5741.807229754295,cand_011 (USDJPY)
2024-03-04 07:00:00,0.5222644599299877,5742.329494214225,cand_011 (USDJPY)
2024-03-04 08:30:20,0.0,5742.329494214225,cand_011 (USDJPY)
2024-03-04 13:00:00,0.8571281430615681,5743.186622357286,cand_011 (USDJPY)
2024-03-06 09:07:40,0.0,5743.186622357286,cand_011 (USDJPY)
2024-03-06 13:00:00,-3.6097690612807978,5739.576853296005,cand_011 (USDJPY)
2024-03-07 08:35:40,0.0,5739.576853296005,cand_007 (EURJPY)
2024-03-07 08:50:40,0.0,5739.576853296005,cand_011 (USDJPY)
2024-03-07 13:00:00,15.538903754858106,5755.115757050863,cand_011 (USDJPY)
2024-03-07 15:00:00,27.600712846618784,5782.716469897482,cand_007 (EURJPY)
2024-03-12 07:00:00,0.5222644599299877,5783.238734357412,cand_011 (USDJPY)
2024-03-12 08:00:00,0.6347180141800342,5783.873452371592,cand_007 (EURJPY)
2024-03-12 08:36:40,0.0,5783.873452371592,cand_007 (EURJPY)
2024-03-12 08:37:40,0.0,5783.873452371592,cand_011 (USDJPY)
2024-03-12 13:00:00,-5.794063361340923,5778.079389010251,cand_011 (USDJPY)
2024-03-12 15:00:00,-6.286881930453238,5771.792507079798,cand_007 (EURJPY)
2024-03-14 07:00:00,0.5222644599299877,5772.314771539728,cand_011 (USDJPY)
2024-03-15 07:00:00,0.5222644599299877,5772.837035999658,cand_011 (USDJPY)
2024-03-18 07:00:00,0.5222644599299877,5773.359300459588,cand_011 (USDJPY)
2024-03-19 07:00:00,0.5222644599299877,5773.881564919518,cand_011 (USDJPY)
2024-03-19 07:42:40,0.0,5773.881564919518,cand_011 (USDJPY)
2024-03-19 08:00:00,0.6347180141800342,5774.516282933698,cand_007 (EURJPY)
2024-03-19 08:04:40,0.0,5774.516282933698,cand_007 (EURJPY)
2024-03-19 13:00:00,25.526443515048637,5800.042726448746,cand_011 (USDJPY)
2024-03-19 15:00:00,-0.92986189077375,5799.112864557972,cand_007 (EURJPY)
2024-03-20 07:00:00,0.5222644599299877,5799.635129017903,cand_011 (USDJPY)
2024-03-20 07:11:40,0.0,5799.635129017903,cand_011 (USDJPY)
2024-03-20 08:00:00,0.6347180141800342,5800.269847032083,cand_007 (EURJPY)
2024-03-20 13:00:00,8.546704279560153,5808.816551311643,cand_011 (USDJPY)
2024-03-21 08:00:00,0.6347180141800342,5809.451269325823,cand_007 (EURJPY)
2024-03-21 08:55:20,0.0,5809.451269325823,cand_007 (EURJPY)
2024-03-21 15:00:00,-10.247522338936651,5799.2037469868865,cand_007 (EURJPY)
2024-03-22 07:00:00,0.5222644599299877,5799.726011446816,cand_011 (USDJPY)
2024-03-27 07:00:00,0.5222644599299877,5800.248275906746,cand_011 (USDJPY)
2024-03-27 08:00:00,0.6347180141800342,5800.882993920926,cand_007 (EURJPY)
2024-04-02 07:00:00,0.5222644599299877,5801.405258380856,cand_011 (USDJPY)
2024-04-08 07:00:00,0.5222644599299877,5801.927522840786,cand_011 (USDJPY)
2024-04-11 07:00:00,0.5222644599299877,5802.449787300716,cand_011 (USDJPY)
2024-04-12 07:00:00,0.5222644599299877,5802.972051760646,cand_011 (USDJPY)
2024-04-15 07:00:00,0.5222644599299877,5803.4943162205755,cand_011 (USDJPY)
2024-04-15 07:39:40,0.0,5803.4943162205755,cand_011 (USDJPY)
2024-04-15 08:00:00,0.6347180141800342,5804.129034234756,cand_007 (EURJPY)
2024-04-15 08:53:40,0.0,5804.129034234756,cand_007 (EURJPY)
2024-04-15 13:00:00,0.0,5804.129034234756,cand_011 (USDJPY)
2024-04-15 15:00:00,0.9489034311991511,5805.077937665955,cand_007 (EURJPY)
2024-04-16 07:00:00,0.5222644599299877,5805.600202125885,cand_011 (USDJPY)
2024-04-16 09:31:40,0.0,5805.600202125885,cand_011 (USDJPY)
2024-04-16 13:00:00,0.3963065607704025,5805.996508686655,cand_011 (USDJPY)
2024-04-22 07:00:00,0.5222644599299877,5806.518773146585,cand_011 (USDJPY)
2024-04-25 07:00:00,0.5222644599299877,5807.041037606515,cand_011 (USDJPY)
2024-04-25 07:57:40,0.0,5807.041037606515,cand_011 (USDJPY)
2024-04-25 08:00:00,0.6347180141800342,5807.675755620695,cand_007 (EURJPY)
2024-04-25 08:17:40,0.0,5807.675755620695,cand_007 (EURJPY)
2024-04-25 13:00:00,-0.5529858987493989,5807.122769721946,cand_011 (USDJPY)
2024-04-25 15:00:00,0.08251334184340445,5807.2052830637895,cand_007 (EURJPY)
2024-04-26 07:00:00,0.5222644599299877,5807.727547523718,cand_011 (USDJPY)
2024-04-26 08:00:00,0.6347180141800342,5808.362265537899,cand_007 (EURJPY)
2024-04-26 09:57:40,0.0,5808.362265537899,cand_011 (USDJPY)
2024-04-26 11:01:40,-39.21284450909626,5769.149421028803,cand_011 (USDJPY)
2024-04-26 11:01:40,47.70425019878147,5816.8536712275845,cand_011 (USDJPY)
2024-04-30 07:00:00,0.5222644599299877,5817.375935687514,cand_011 (USDJPY)
2024-04-30 08:00:00,0.6347180141800342,5818.0106537016945,cand_007 (EURJPY)
2024-05-01 07:00:00,0.5222644599299877,5818.532918161624,cand_011 (USDJPY)
2024-05-06 07:00:00,0.5222644599299877,5819.055182621554,cand_011 (USDJPY)
2024-05-06 08:00:00,0.6347180141800342,5819.689900635734,cand_007 (EURJPY)
2024-05-07 07:00:00,0.5222644599299877,5820.212165095664,cand_011 (USDJPY)
2024-05-07 08:00:00,0.6347180141800342,5820.846883109844,cand_007 (EURJPY)
2024-05-08 07:00:00,0.5222644599299877,5821.369147569774,cand_011 (USDJPY)
2024-05-09 07:00:00,0.5222644599299877,5821.891412029704,cand_011 (USDJPY)
2024-05-09 08:00:00,0.6347180141800342,5822.526130043884,cand_007 (EURJPY)
2024-05-09 09:50:20,0.0,5822.526130043884,cand_011 (USDJPY)
2024-05-09 13:00:00,3.468450442711507,5825.994580486596,cand_011 (USDJPY)
2024-05-10 07:00:00,0.5222644599299877,5826.516844946525,cand_011 (USDJPY)
2024-05-13 07:00:00,0.5222644599299877,5827.039109406455,cand_011 (USDJPY)
2024-05-14 07:00:00,0.5222644599299877,5827.561373866385,cand_011 (USDJPY)
2024-05-15 07:00:00,0.5222644599299877,5828.083638326315,cand_011 (USDJPY)
2024-05-17 07:00:00,0.5222644599299877,5828.605902786245,cand_011 (USDJPY)
2024-05-17 08:00:00,0.6347180141800342,5829.240620800425,cand_007 (EURJPY)
2024-05-20 07:00:00,0.5222644599299877,5829.762885260355,cand_011 (USDJPY)
2024-05-21 07:00:00,0.5222644599299877,5830.285149720285,cand_011 (USDJPY)
2024-05-22 07:00:00,0.5222644599299877,5830.807414180214,cand_011 (USDJPY)
2024-05-22 09:27:20,0.0,5830.807414180214,cand_011 (USDJPY)
2024-05-22 13:00:00,-1.6098033941371388,5829.197610786077,cand_011 (USDJPY)
2024-05-23 07:00:00,0.5222644599299877,5829.719875246007,cand_011 (USDJPY)
2024-05-24 07:00:00,0.5222644599299877,5830.242139705937,cand_011 (USDJPY)
2024-05-29 07:00:00,0.5222644599299877,5830.764404165867,cand_011 (USDJPY)
2024-05-30 07:00:00,0.5222644599299877,5831.286668625797,cand_011 (USDJPY)
2024-05-30 08:23:40,0.0,5831.286668625797,cand_007 (EURJPY)
2024-05-30 15:00:00,-2.6721628396979438,5828.614505786099,cand_007 (EURJPY)
2024-06-03 07:00:00,0.5222644599299877,5829.136770246028,cand_011 (USDJPY)
2024-06-03 08:00:00,0.6347180141800342,5829.771488260209,cand_007 (EURJPY)
2024-06-04 08:00:00,0.6347180141800342,5830.406206274389,cand_007 (EURJPY)
2024-06-04 09:16:40,0.0,5830.406206274389,cand_011 (USDJPY)
2024-06-04 13:00:00,26.488024550096203,5856.894230824485,cand_011 (USDJPY)
2024-06-06 08:00:00,0.6347180141800342,5857.528948838665,cand_007 (EURJPY)
2024-06-07 09:07:40,0.0,5857.528948838665,cand_011 (USDJPY)
2024-06-07 13:00:00,-5.293303908584523,5852.2356449300805,cand_011 (USDJPY)
2024-06-10 07:00:00,0.5222644599299877,5852.75790939001,cand_011 (USDJPY)
2024-06-11 07:00:00,0.5222644599299877,5853.28017384994,cand_011 (USDJPY)
2024-06-13 07:00:00,0.5222644599299877,5853.80243830987,cand_011 (USDJPY)
2024-06-13 08:17:40,0.0,5853.80243830987,cand_011 (USDJPY)
2024-06-13 13:00:00,0.0,5853.80243830987,cand_011 (USDJPY)
2024-06-14 07:00:00,0.5222644599299877,5854.3247027698,cand_011 (USDJPY)
2024-06-14 08:00:00,0.6347180141800342,5854.95942078398,cand_007 (EURJPY)
2024-06-14 08:52:40,0.0,5854.95942078398,cand_011 (USDJPY)
2024-06-14 08:56:40,0.0,5854.95942078398,cand_007 (EURJPY)
2024-06-14 11:46:20,53.4267541255902,5908.38617490957,cand_007 (EURJPY)
2024-06-14 11:46:20,-56.31218221805263,5852.073992691518,cand_007 (EURJPY)
2024-06-14 13:00:00,-39.698243242442956,5812.375749449075,cand_011 (USDJPY)
2024-06-17 07:00:00,0.5222644599299877,5812.8980139090045,cand_011 (USDJPY)
2024-06-20 07:00:00,0.5222644599299877,5813.420278368934,cand_011 (USDJPY)
2024-06-21 07:00:00,0.5222644599299877,5813.942542828864,cand_011 (USDJPY)
2024-06-24 07:00:00,0.5222644599299877,5814.464807288794,cand_011 (USDJPY)
2024-06-25 07:00:00,0.5222644599299877,5814.987071748724,cand_011 (USDJPY)
2024-06-26 07:00:00,0.5222644599299877,5815.509336208654,cand_011 (USDJPY)
2024-06-27 07:00:00,0.5222644599299877,5816.031600668583,cand_011 (USDJPY)
2024-06-28 07:00:00,0.5222644599299877,5816.553865128513,cand_011 (USDJPY)
2024-07-01 07:00:00,0.5222644599299877,5817.076129588443,cand_011 (USDJPY)
2024-07-01 08:00:00,0.6347180141800342,5817.710847602623,cand_007 (EURJPY)
2024-07-02 07:00:00,0.5222644599299877,5818.233112062553,cand_011 (USDJPY)
2024-07-03 07:00:00,0.5222644599299877,5818.755376522483,cand_011 (USDJPY)
2024-07-03 08:08:40,0.0,5818.755376522483,cand_011 (USDJPY)
2024-07-03 13:00:00,3.0752160258230457,5821.8305925483055,cand_011 (USDJPY)
2024-07-04 07:00:00,0.5222644599299877,5822.352857008236,cand_011 (USDJPY)
2024-07-09 07:00:00,0.5222644599299877,5822.875121468165,cand_011 (USDJPY)
2024-07-10 07:00:00,0.5222644599299877,5823.397385928096,cand_011 (USDJPY)
2024-07-16 07:00:00,0.5222644599299877,5823.919650388025,cand_011 (USDJPY)
2024-07-16 08:00:00,0.6347180141800342,5824.554368402205,cand_007 (EURJPY)
2024-07-17 08:04:40,0.0,5824.554368402205,cand_011 (USDJPY)
2024-07-17 11:00:40,42.844118577550645,5867.398486979756,cand_011 (USDJPY)
2024-07-17 11:00:40,48.24310423567394,5915.64159121543,cand_011 (USDJPY)
2024-07-19 07:00:00,0.5222644599299877,5916.16385567536,cand_011 (USDJPY)
2024-07-19 08:01:40,0.0,5916.16385567536,cand_011 (USDJPY)
2024-07-19 13:00:00,-11.557405283862435,5904.606450391497,cand_011 (USDJPY)
2024-07-22 07:00:00,0.5222644599299877,5905.1287148514275,cand_011 (USDJPY)
2024-07-24 07:02:40,0.0,5905.1287148514275,cand_011 (USDJPY)
2024-07-24 08:08:40,0.0,5905.1287148514275,cand_007 (EURJPY)
2024-07-24 13:00:00,4.405454326703544,5909.5341691781305,cand_011 (USDJPY)
2024-07-24 15:00:00,10.990142415527291,5920.524311593657,cand_007 (EURJPY)
2024-07-30 07:00:00,0.5222644599299877,5921.046576053588,cand_011 (USDJPY)
2024-07-30 07:42:40,0.0,5921.046576053588,cand_011 (USDJPY)
2024-07-30 08:00:00,0.6347180141800342,5921.681294067768,cand_007 (EURJPY)
2024-07-30 08:05:40,0.0,5921.681294067768,cand_007 (EURJPY)
2024-07-30 13:00:00,17.305386486974243,5938.986680554743,cand_011 (USDJPY)
2024-07-30 15:00:00,15.366523123298627,5954.353203678041,cand_007 (EURJPY)
2024-08-06 08:00:00,0.6347180141800342,5954.987921692221,cand_007 (EURJPY)
2024-08-08 07:00:00,0.5222644599299877,5955.510186152151,cand_011 (USDJPY)
2024-08-08 08:00:00,0.6347180141800342,5956.144904166331,cand_007 (EURJPY)
2024-08-09 07:00:00,0.5222644599299877,5956.667168626261,cand_011 (USDJPY)
2024-08-09 08:00:00,0.6347180141800342,5957.301886640441,cand_007 (EURJPY)
2024-08-12 07:00:00,0.5222644599299877,5957.824151100371,cand_011 (USDJPY)
2024-08-12 08:00:00,0.6347180141800342,5958.458869114551,cand_007 (EURJPY)
2024-08-12 08:34:40,0.0,5958.458869114551,cand_007 (EURJPY)
2024-08-12 15:00:00,20.085651558727182,5978.544520673278,cand_007 (EURJPY)
2024-08-13 07:00:00,0.5222644599299877,5979.066785133207,cand_011 (USDJPY)
2024-08-13 07:23:40,0.0,5979.066785133207,cand_011 (USDJPY)
2024-08-13 08:00:00,0.6347180141800342,5979.7015031473875,cand_007 (EURJPY)
2024-08-13 13:00:00,10.26096056568329,5989.962463713071,cand_011 (USDJPY)
2024-08-14 08:00:00,0.6347180141800342,5990.597181727251,cand_007 (EURJPY)
2024-08-15 07:00:00,0.5222644599299877,5991.119446187182,cand_011 (USDJPY)
2024-08-16 07:00:00,0.5222644599299877,5991.641710647111,cand_011 (USDJPY)
2024-08-19 07:33:40,0.0,5991.641710647111,cand_011 (USDJPY)
2024-08-19 08:33:40,0.0,5991.641710647111,cand_007 (EURJPY)
2024-08-19 13:00:00,-4.912358067223826,5986.729352579887,cand_011 (USDJPY)
2024-08-19 15:00:00,-15.601368788545239,5971.127983791343,cand_007 (EURJPY)
2024-08-20 07:00:00,0.5222644599299877,5971.6502482512715,cand_011 (USDJPY)
2024-08-20 08:00:00,0.6347180141800342,5972.284966265452,cand_007 (EURJPY)
2024-08-20 08:24:40,0.0,5972.284966265452,cand_007 (EURJPY)
2024-08-20 08:24:40,0.0,5972.284966265452,cand_011 (USDJPY)
2024-08-20 13:00:00,-34.18681711824061,5938.098149147212,cand_011 (USDJPY)
2024-08-20 15:00:00,-38.80983297703819,5899.288316170174,cand_007 (EURJPY)
2024-08-23 08:00:00,0.6347180141800342,5899.923034184354,cand_007 (EURJPY)
2024-08-27 07:00:00,0.5222644599299877,5900.445298644283,cand_011 (USDJPY)
2024-08-27 08:00:00,0.6347180141800342,5901.080016658463,cand_007 (EURJPY)
2024-08-29 07:00:00,0.5222644599299877,5901.602281118394,cand_011 (USDJPY)
2024-08-29 08:00:00,0.6347180141800342,5902.236999132574,cand_007 (EURJPY)
2024-08-29 08:03:40,0.0,5902.236999132574,cand_007 (EURJPY)
2024-08-29 08:10:40,0.0,5902.236999132574,cand_011 (USDJPY)
2024-08-29 11:07:40,50.88090017071408,5953.117899303288,cand_007 (EURJPY)
2024-08-29 11:07:40,-39.73652127774103,5913.381378025547,cand_007 (EURJPY)
2024-08-29 13:00:00,-12.967519325673402,5900.413858699873,cand_011 (USDJPY)
2024-09-02 07:00:00,0.5222644599299877,5900.936123159803,cand_011 (USDJPY)
2024-09-02 08:00:00,0.6347180141800342,5901.570841173983,cand_007 (EURJPY)
2024-09-03 07:00:00,0.5222644599299877,5902.093105633913,cand_011 (USDJPY)
2024-09-03 08:00:00,0.6347180141800342,5902.727823648093,cand_007 (EURJPY)
2024-09-05 09:28:40,0.0,5902.727823648093,cand_011 (USDJPY)
2024-09-05 13:00:00,-24.767623976209187,5877.960199671885,cand_011 (USDJPY)
2024-09-06 08:06:40,0.0,5877.960199671885,cand_011 (USDJPY)
2024-09-06 08:08:40,0.0,5877.960199671885,cand_007 (EURJPY)
2024-09-06 13:00:00,0.8602002869435093,5878.820399958828,cand_011 (USDJPY)
2024-09-06 15:00:00,-9.625498685040217,5869.194901273788,cand_007 (EURJPY)
2024-09-10 07:00:00,0.5222644599299877,5869.717165733717,cand_011 (USDJPY)
2024-09-11 07:11:40,0.0,5869.717165733717,cand_011 (USDJPY)
2024-09-11 08:24:20,0.0,5869.717165733717,cand_007 (EURJPY)
2024-09-11 13:00:00,-20.568003289595694,5849.149162444121,cand_011 (USDJPY)
2024-09-11 14:20:40,-55.6933321542271,5793.455830289895,cand_007 (EURJPY)
2024-10-01 07:00:00,0.5222644599299877,5793.978094749824,cand_011 (USDJPY)
2024-10-01 08:00:00,0.6347180141800342,5794.612812764004,cand_007 (EURJPY)
2024-10-01 09:14:40,0.0,5794.612812764004,cand_011 (USDJPY)
2024-10-01 13:00:00,-31.120817524063387,5763.491995239941,cand_011 (USDJPY)
2024-10-02 07:00:00,0.5222644599299877,5764.01425969987,cand_011 (USDJPY)
2024-10-02 08:37:20,0.0,5764.01425969987,cand_007 (EURJPY)
2024-10-02 11:31:40,50.688897971424616,5814.703157671295,cand_007 (EURJPY)
2024-10-02 11:31:40,-44.91264668337922,5769.790510987916,cand_007 (EURJPY)
2024-10-03 07:00:00,0.5222644599299877,5770.312775447846,cand_011 (USDJPY)
2024-10-04 07:00:00,0.5222644599299877,5770.835039907775,cand_011 (USDJPY)
2024-10-07 07:00:00,0.5222644599299877,5771.357304367706,cand_011 (USDJPY)
2024-10-08 07:00:00,0.5222644599299877,5771.879568827635,cand_011 (USDJPY)
2024-10-09 07:00:00,0.5222644599299877,5772.401833287566,cand_011 (USDJPY)
2024-10-09 08:16:40,0.0,5772.401833287566,cand_011 (USDJPY)
2024-10-09 13:00:00,2.3563343574488274,5774.758167645014,cand_011 (USDJPY)
2024-10-10 07:00:00,0.5222644599299877,5775.280432104944,cand_011 (USDJPY)
2024-10-10 07:30:40,0.0,5775.280432104944,cand_011 (USDJPY)
2024-10-10 12:28:40,-23.028790539030517,5752.251641565914,cand_011 (USDJPY)
2024-10-10 12:28:40,45.73531318484542,5797.986954750759,cand_011 (USDJPY)
2024-11-01 08:00:00,0.6347180141800342,5798.621672764939,cand_007 (EURJPY)
2024-11-05 07:00:00,0.5222644599299877,5799.143937224869,cand_011 (USDJPY)
2024-11-05 08:00:00,0.6347180141800342,5799.778655239049,cand_007 (EURJPY)
2024-11-06 08:13:40,0.0,5799.778655239049,cand_007 (EURJPY)
2024-11-06 15:00:00,0.12377001276510666,5799.902425251814,cand_007 (EURJPY)
2024-11-07 07:00:00,0.5222644599299877,5800.424689711744,cand_011 (USDJPY)
2024-11-11 07:00:00,0.5222644599299877,5800.9469541716735,cand_011 (USDJPY)
2024-11-12 07:00:00,0.5222644599299877,5801.469218631603,cand_011 (USDJPY)
2024-11-13 07:00:00,0.5222644599299877,5801.991483091533,cand_011 (USDJPY)
2024-11-13 08:04:40,0.0,5801.991483091533,cand_011 (USDJPY)
2024-11-13 13:00:00,-3.0137731481842236,5798.977709943349,cand_011 (USDJPY)
2024-11-14 07:00:00,0.5222644599299877,5799.499974403279,cand_011 (USDJPY)
2024-11-14 08:00:00,0.6347180141800342,5800.1346924174595,cand_007 (EURJPY)
2024-11-15 07:00:00,0.5222644599299877,5800.656956877388,cand_011 (USDJPY)
2024-11-20 07:00:00,0.5222644599299877,5801.179221337319,cand_011 (USDJPY)
2024-11-20 08:01:40,0.0,5801.179221337319,cand_011 (USDJPY)
2024-11-20 13:00:00,19.013498485333496,5820.192719822652,cand_011 (USDJPY)
2024-11-21 08:12:40,0.0,5820.192719822652,cand_011 (USDJPY)
2024-11-21 13:00:00,12.01515472227166,5832.2078745449235,cand_011 (USDJPY)
2024-11-27 08:30:40,0.0,5832.2078745449235,cand_011 (USDJPY)
2024-11-27 08:52:40,0.0,5832.2078745449235,cand_007 (EURJPY)
2024-11-27 13:00:00,28.159270821872163,5860.367145366796,cand_011 (USDJPY)
2024-11-27 15:00:00,-4.020938619830516,5856.346206746966,cand_007 (EURJPY)
2024-11-29 09:27:40,0.0,5856.346206746966,cand_011 (USDJPY)
2024-11-29 13:00:00,-14.829238518129713,5841.516968228836,cand_011 (USDJPY)
2024-12-04 07:00:00,0.5222644599299877,5842.039232688766,cand_011 (USDJPY)
2024-12-04 08:00:00,0.6347180141800342,5842.673950702946,cand_007 (EURJPY)
2024-12-04 09:17:40,0.0,5842.673950702946,cand_011 (USDJPY)
2024-12-04 13:00:00,23.093305560551283,5865.767256263498,cand_011 (USDJPY)
2024-12-05 07:00:00,0.5222644599299877,5866.289520723427,cand_011 (USDJPY)
2024-12-05 08:50:40,0.0,5866.289520723427,cand_007 (EURJPY)
2024-12-05 14:32:40,-38.759055535903784,5827.530465187523,cand_007 (EURJPY)
2024-12-05 14:32:40,50.3017199827748,5877.8321851702985,cand_007 (EURJPY)
2024-12-10 07:00:00,0.5222644599299877,5878.354449630228,cand_011 (USDJPY)
2024-12-11 07:00:00,0.5222644599299877,5878.876714090158,cand_011 (USDJPY)
2024-12-12 07:00:00,0.5222644599299877,5879.398978550088,cand_011 (USDJPY)
2024-12-12 07:33:40,0.0,5879.398978550088,cand_011 (USDJPY)
2024-12-12 13:00:00,-10.65112283868981,5868.747855711398,cand_011 (USDJPY)
2024-12-13 07:00:00,0.5222644599299877,5869.270120171328,cand_011 (USDJPY)
2024-12-16 07:00:00,0.5222644599299877,5869.792384631258,cand_011 (USDJPY)
2024-12-17 07:00:00,0.5222644599299877,5870.314649091188,cand_011 (USDJPY)
2024-12-19 07:00:00,0.5222644599299877,5870.8369135511175,cand_011 (USDJPY)
2024-12-19 08:36:40,0.0,5870.8369135511175,cand_011 (USDJPY)
2024-12-19 13:00:00,54.18032950191333,5925.017243053031,cand_011 (USDJPY)
2024-12-20 07:00:00,0.5222644599299877,5925.539507512961,cand_011 (USDJPY)
2024-12-23 07:00:00,0.5222644599299877,5926.061771972891,cand_011 (USDJPY)
2024-12-23 09:17:40,0.0,5926.061771972891,cand_011 (USDJPY)
2024-12-23 13:00:00,-0.03993787046523436,5926.021834102426,cand_011 (USDJPY)
2024-12-24 07:00:00,0.5222644599299877,5926.544098562355,cand_011 (USDJPY)
2024-12-25 07:00:00,0.5222644599299877,5927.066363022285,cand_011 (USDJPY)
2024-12-26 03:26:40,0.0,5927.066363022285,cand_011 (USDJPY)
2024-12-26 13:00:00,-1.3671040274637916,5925.699258994821,cand_011 (USDJPY)
2024-12-27 07:00:00,0.5222644599299877,5926.221523454751,cand_011 (USDJPY)
2024-12-30 07:00:00,0.5222644599299877,5926.743787914681,cand_011 (USDJPY)
2025-01-02 08:26:40,0.0,5926.743787914681,cand_007 (EURJPY)
2025-01-02 08:27:40,0.0,5926.743787914681,cand_011 (USDJPY)
2025-01-02 13:00:00,-11.612703873737374,5915.131084040944,cand_011 (USDJPY)
2025-01-02 15:00:00,22.583266944525615,5937.7143509854695,cand_007 (EURJPY)
2025-01-03 07:00:00,0.5222644599299877,5938.236615445399,cand_011 (USDJPY)
2025-01-06 07:00:00,0.5222644599299877,5938.758879905329,cand_011 (USDJPY)
2025-01-06 08:00:00,0.6347180141800342,5939.393597919509,cand_007 (EURJPY)
2025-01-07 07:00:00,0.5222644599299877,5939.915862379439,cand_011 (USDJPY)
2025-01-07 08:00:00,0.6347180141800342,5940.550580393619,cand_007 (EURJPY)
2025-01-08 07:00:00,0.5222644599299877,5941.072844853549,cand_011 (USDJPY)
2025-01-10 07:00:00,0.5222644599299877,5941.595109313479,cand_011 (USDJPY)
2025-01-15 07:13:40,0.0,5941.595109313479,cand_011 (USDJPY)
2025-01-15 13:00:00,24.9181590264243,5966.513268339903,cand_011 (USDJPY)
2025-01-20 08:00:00,0.6347180141800342,5967.1479863540835,cand_007 (EURJPY)
2025-01-20 08:29:40,0.0,5967.1479863540835,cand_007 (EURJPY)
2025-01-20 15:00:00,20.13325540979068,5987.281241763874,cand_007 (EURJPY)
2025-01-21 08:00:00,0.6347180141800342,5987.9159597780545,cand_007 (EURJPY)
2025-01-22 07:00:00,0.5222644599299877,5988.438224237984,cand_011 (USDJPY)
2025-01-22 08:00:00,0.6347180141800342,5989.0729422521645,cand_007 (EURJPY)
2025-01-22 09:56:40,0.0,5989.0729422521645,cand_011 (USDJPY)
2025-01-22 13:00:00,-12.859994289805464,5976.212947962359,cand_011 (USDJPY)
2025-01-23 07:00:00,0.5222644599299877,5976.735212422289,cand_011 (USDJPY)
2025-01-23 07:05:20,0.0,5976.735212422289,cand_011 (USDJPY)
2025-01-23 13:00:00,-13.474423066193685,5963.260789356095,cand_011 (USDJPY)
2025-01-24 08:40:20,0.0,5963.260789356095,cand_011 (USDJPY)
2025-01-24 13:00:00,-41.925547556850255,5921.335241799245,cand_011 (USDJPY)
2025-01-27 08:00:00,0.6347180141800342,5921.969959813425,cand_007 (EURJPY)
2025-01-27 08:04:40,0.0,5921.969959813425,cand_007 (EURJPY)
2025-01-27 11:05:40,-36.38521016287046,5885.584749650555,cand_007 (EURJPY)
2025-01-27 11:05:40,51.57179072914904,5937.156540379704,cand_007 (EURJPY)
2025-02-03 07:00:00,0.5222644599299877,5937.678804839634,cand_011 (USDJPY)
2025-02-04 07:00:00,0.5222644599299877,5938.201069299564,cand_011 (USDJPY)
2025-02-11 07:00:00,0.5222644599299877,5938.7233337594935,cand_011 (USDJPY)
2025-02-12 07:00:00,0.5222644599299877,5939.245598219423,cand_011 (USDJPY)
2025-02-12 08:00:00,0.6347180141800342,5939.8803162336035,cand_007 (EURJPY)
2025-02-13 07:00:00,0.5222644599299877,5940.402580693533,cand_011 (USDJPY)
2025-02-13 08:00:00,0.6347180141800342,5941.0372987077135,cand_007 (EURJPY)
2025-02-18 07:00:00,0.5222644599299877,5941.559563167643,cand_011 (USDJPY)
2025-02-19 08:29:40,0.0,5941.559563167643,cand_011 (USDJPY)
2025-02-19 13:00:00,-6.113566325062798,5935.44599684258,cand_011 (USDJPY)
2025-02-20 08:27:40,0.0,5935.44599684258,cand_011 (USDJPY)
2025-02-20 08:41:40,0.0,5935.44599684258,cand_007 (EURJPY)
2025-02-20 13:00:00,0.32871939536769823,5935.774716237948,cand_011 (USDJPY)
2025-02-20 15:00:00,-4.27165223543163,5931.503064002516,cand_007 (EURJPY)
2025-02-21 08:00:00,0.6347180141800342,5932.137782016696,cand_007 (EURJPY)
2025-02-24 08:00:00,0.6347180141800342,5932.7725000308765,cand_007 (EURJPY)
2025-02-25 09:33:40,0.0,5932.7725000308765,cand_011 (USDJPY)
2025-02-25 13:00:00,-19.317640729645667,5913.454859301231,cand_011 (USDJPY)
2025-02-28 07:00:00,0.5222644599299877,5913.977123761161,cand_011 (USDJPY)
2025-02-28 09:42:40,0.0,5913.977123761161,cand_011 (USDJPY)
2025-02-28 13:00:00,4.168899247794079,5918.146023008955,cand_011 (USDJPY)
2025-03-03 07:00:00,0.5222644599299877,5918.668287468885,cand_011 (USDJPY)
2025-03-03 08:00:00,0.6347180141800342,5919.303005483065,cand_007 (EURJPY)
2025-03-05 07:00:00,0.5222644599299877,5919.825269942995,cand_011 (USDJPY)
2025-03-05 08:00:00,0.6347180141800342,5920.459987957175,cand_007 (EURJPY)
2025-03-06 08:00:00,0.6347180141800342,5921.094705971355,cand_007 (EURJPY)
2025-03-06 09:01:40,0.0,5921.094705971355,cand_011 (USDJPY)
2025-03-06 13:00:00,29.040976115989263,5950.135682087344,cand_011 (USDJPY)
2025-03-10 08:00:00,0.6347180141800342,5950.7704001015245,cand_007 (EURJPY)
2025-03-12 07:00:00,0.5222644599299877,5951.292664561455,cand_011 (USDJPY)
2025-03-12 07:34:40,0.0,5951.292664561455,cand_011 (USDJPY)
2025-03-12 08:00:00,0.6347180141800342,5951.927382575635,cand_007 (EURJPY)
2025-03-12 13:00:00,13.188713685173163,5965.116096260808,cand_011 (USDJPY)
2025-03-13 07:30:40,0.0,5965.116096260808,cand_011 (USDJPY)
2025-03-13 08:19:40,0.0,5965.116096260808,cand_007 (EURJPY)
2025-03-13 13:00:00,-12.150329053077067,5952.965767207731,cand_011 (USDJPY)
2025-03-13 15:00:00,6.604240937543255,5959.570008145274,cand_007 (EURJPY)
2025-03-14 07:00:00,0.5222644599299877,5960.092272605204,cand_011 (USDJPY)
2025-03-14 07:42:40,0.0,5960.092272605204,cand_011 (USDJPY)
2025-03-14 08:00:00,0.6347180141800342,5960.726990619384,cand_007 (EURJPY)
2025-03-14 08:04:40,0.0,5960.726990619384,cand_007 (EURJPY)
2025-03-14 13:00:00,17.07497569582866,5977.801966315213,cand_011 (USDJPY)
2025-03-14 15:00:00,40.50135648482798,6018.30332280004,cand_007 (EURJPY)
2025-03-17 07:00:00,0.5222644599299877,6018.825587259971,cand_011 (USDJPY)
2025-03-17 07:57:40,0.0,6018.825587259971,cand_011 (USDJPY)
2025-03-17 08:00:00,0.6347180141800342,6019.460305274151,cand_007 (EURJPY)
2025-03-17 13:00:00,-14.96134070505318,6004.498964569098,cand_011 (USDJPY)
2025-03-18 07:00:00,0.5222644599299877,6005.021229029027,cand_011 (USDJPY)
2025-03-18 09:21:40,0.0,6005.021229029027,cand_011 (USDJPY)
2025-03-18 13:00:00,-2.7495687743372885,6002.27166025469,cand_011 (USDJPY)
2025-03-19 07:00:00,0.5222644599299877,6002.7939247146205,cand_011 (USDJPY)
2025-03-19 08:57:20,0.0,6002.7939247146205,cand_011 (USDJPY)
2025-03-19 13:00:00,-0.6574387907353965,6002.136485923885,cand_011 (USDJPY)
2025-03-21 07:00:00,0.5222644599299877,6002.658750383815,cand_011 (USDJPY)
2025-03-21 07:15:40,0.0,6002.658750383815,cand_011 (USDJPY)
2025-03-21 13:00:00,0.32871939536769823,6002.987469779182,cand_011 (USDJPY)
2025-03-24 07:00:00,0.5222644599299877,6003.509734239113,cand_011 (USDJPY)
2025-03-24 08:00:00,0.6347180141800342,6004.144452253293,cand_007 (EURJPY)
2025-03-25 07:00:00,0.5222644599299877,6004.666716713222,cand_011 (USDJPY)
2025-03-26 07:00:00,0.5222644599299877,6005.188981173153,cand_011 (USDJPY)
2025-03-26 08:00:00,0.6347180141800342,6005.823699187333,cand_007 (EURJPY)
2025-03-26 08:03:40,0.0,6005.823699187333,cand_011 (USDJPY)
2025-03-26 13:00:00,-19.81225589463818,5986.011443292694,cand_011 (USDJPY)
2025-03-28 07:00:00,0.5222644599299877,5986.533707752624,cand_011 (USDJPY)
2025-03-28 08:00:00,0.6347180141800342,5987.168425766804,cand_007 (EURJPY)
2025-04-02 07:00:00,0.5222644599299877,5987.690690226734,cand_011 (USDJPY)
2025-04-04 07:54:40,0.0,5987.690690226734,cand_011 (USDJPY)
2025-04-04 12:26:20,-47.2127071776709,5940.4779830490625,cand_011 (USDJPY)
2025-04-04 12:26:20,45.017660374023976,5985.495643423086,cand_011 (USDJPY)
2025-04-08 08:00:00,0.6347180141800342,5986.130361437266,cand_007 (EURJPY)
2025-04-10 08:00:00,0.6347180141800342,5986.765079451447,cand_007 (EURJPY)
2025-04-11 08:00:00,0.6347180141800342,5987.399797465627,cand_007 (EURJPY)
2025-04-14 08:00:00,0.6347180141800342,5988.034515479807,cand_007 (EURJPY)
2025-04-17 08:00:00,0.6347180141800342,5988.669233493987,cand_007 (EURJPY)
2025-04-21 08:00:00,0.6347180141800342,5989.303951508167,cand_007 (EURJPY)
2025-04-21 08:51:20,0.0,5989.303951508167,cand_007 (EURJPY)
2025-04-21 15:00:00,7.077105858107381,5996.381057366275,cand_007 (EURJPY)
2025-04-25 08:00:00,0.6347180141800342,5997.015775380455,cand_007 (EURJPY)
2025-04-25 08:12:20,0.0,5997.015775380455,cand_007 (EURJPY)
2025-04-25 15:00:00,-11.155169099214099,5985.860606281241,cand_007 (EURJPY)
2025-05-01 07:00:00,0.5222644599299877,5986.38287074117,cand_011 (USDJPY)
2025-05-01 07:20:20,0.0,5986.38287074117,cand_011 (USDJPY)
2025-05-01 08:00:00,0.6347180141800342,5987.0175887553505,cand_007 (EURJPY)
2025-05-01 08:23:40,0.0,5987.0175887553505,cand_007 (EURJPY)
2025-05-01 13:00:00,21.615604353337613,6008.633193108688,cand_011 (USDJPY)
2025-05-01 15:00:00,32.33253564233094,6040.96572875102,cand_007 (EURJPY)
2025-05-02 07:00:00,0.5222644599299877,6041.487993210949,cand_011 (USDJPY)
2025-05-02 08:00:00,0.6347180141800342,6042.122711225129,cand_007 (EURJPY)
2025-05-07 08:00:00,0.6347180141800342,6042.757429239309,cand_007 (EURJPY)
2025-05-08 07:00:00,0.5222644599299877,6043.27969369924,cand_011 (USDJPY)
2025-05-08 08:13:20,0.0,6043.27969369924,cand_011 (USDJPY)
2025-05-08 13:00:00,30.34049297805035,6073.62018667729,cand_011 (USDJPY)
2025-05-09 07:00:00,0.5222644599299877,6074.14245113722,cand_011 (USDJPY)
2025-05-09 08:00:00,0.6347180141800342,6074.7771691514,cand_007 (EURJPY)
2025-05-12 07:00:00,0.5222644599299877,6075.29943361133,cand_011 (USDJPY)
2025-05-12 08:00:00,0.6347180141800342,6075.93415162551,cand_007 (EURJPY)
2025-05-13 07:00:00,0.5222644599299877,6076.45641608544,cand_011 (USDJPY)
2025-05-13 08:00:00,0.6347180141800342,6077.09113409962,cand_007 (EURJPY)
2025-05-14 08:05:40,0.0,6077.09113409962,cand_011 (USDJPY)
2025-05-14 13:00:00,40.50928922727541,6117.600423326896,cand_011 (USDJPY)
2025-05-15 08:47:40,0.0,6117.600423326896,cand_007 (EURJPY)
2025-05-15 09:21:40,0.0,6117.600423326896,cand_011 (USDJPY)
2025-05-15 13:00:00,-6.061339879069799,6111.539083447826,cand_011 (USDJPY)
2025-05-15 15:00:00,-1.3900324510542748,6110.149050996772,cand_007 (EURJPY)
2025-05-20 08:23:40,0.0,6110.149050996772,cand_011 (USDJPY)
2025-05-20 08:33:40,0.0,6110.149050996772,cand_007 (EURJPY)
2025-05-20 13:00:00,3.357853262961627,6113.506904259733,cand_011 (USDJPY)
2025-05-20 15:00:00,0.0,6113.506904259733,cand_007 (EURJPY)
2025-05-21 08:42:20,0.0,6113.506904259733,cand_011 (USDJPY)
2025-05-21 13:00:00,-18.005835292056812,6095.5010689676765,cand_011 (USDJPY)
2025-05-27 08:00:00,0.6347180141800342,6096.135786981857,cand_007 (EURJPY)
2025-05-27 08:01:40,0.0,6096.135786981857,cand_007 (EURJPY)
2025-05-27 15:00:00,40.08244259546915,6136.2182295773255,cand_007 (EURJPY)
2025-05-28 07:00:00,0.5222644599299877,6136.740494037256,cand_011 (USDJPY)
2025-05-28 08:00:00,0.6347180141800342,6137.375212051436,cand_007 (EURJPY)
2025-05-29 07:00:00,0.5222644599299877,6137.897476511365,cand_011 (USDJPY)
2025-05-29 08:00:00,0.6347180141800342,6138.5321945255455,cand_007 (EURJPY)
2025-06-02 09:30:40,0.0,6138.5321945255455,cand_011 (USDJPY)
2025-06-02 13:00:00,9.92916902643365,6148.46136355198,cand_011 (USDJPY)
2025-06-03 08:00:00,0.6347180141800342,6149.09608156616,cand_007 (EURJPY)
2025-06-04 07:00:00,0.5222644599299877,6149.618346026089,cand_011 (USDJPY)
2025-06-04 08:00:00,0.6347180141800342,6150.253064040269,cand_007 (EURJPY)
2025-06-04 08:34:40,0.0,6150.253064040269,cand_011 (USDJPY)
2025-06-04 13:00:00,-13.772421022741971,6136.480643017528,cand_011 (USDJPY)
2025-06-06 07:00:00,0.5222644599299877,6137.0029074774575,cand_011 (USDJPY)
2025-06-06 09:23:40,0.0,6137.0029074774575,cand_011 (USDJPY)
2025-06-06 13:00:00,5.582085433486988,6142.5849929109445,cand_011 (USDJPY)
2025-06-09 07:00:00,0.5222644599299877,6143.107257370874,cand_011 (USDJPY)
2025-06-10 07:00:00,0.5222644599299877,6143.629521830804,cand_011 (USDJPY)
2025-06-11 07:00:00,0.5222644599299877,6144.151786290734,cand_011 (USDJPY)
2025-06-16 07:00:00,0.5222644599299877,6144.674050750664,cand_011 (USDJPY)
2025-06-17 07:00:00,0.5222644599299877,6145.196315210594,cand_011 (USDJPY)
2025-06-17 08:00:00,0.6347180141800342,6145.831033224774,cand_007 (EURJPY)
2025-06-18 07:00:00,0.5222644599299877,6146.353297684704,cand_011 (USDJPY)
2025-06-19 07:00:00,0.5222644599299877,6146.8755621446335,cand_011 (USDJPY)
2025-06-19 09:30:40,0.0,6146.8755621446335,cand_011 (USDJPY)
2025-06-19 13:00:00,3.8432519963083216,6150.718814140942,cand_011 (USDJPY)
2025-06-20 07:00:00,0.5222644599299877,6151.241078600871,cand_011 (USDJPY)
2025-06-23 07:00:00,0.5222644599299877,6151.763343060802,cand_011 (USDJPY)
2025-06-23 07:08:40,0.0,6151.763343060802,cand_011 (USDJPY)
2025-06-23 08:00:00,0.6347180141800342,6152.398061074982,cand_007 (EURJPY)
2025-06-23 08:05:40,0.0,6152.398061074982,cand_007 (EURJPY)
2025-06-23 13:00:00,40.51236137115735,6192.910422446139,cand_011 (USDJPY)
2025-06-23 15:00:00,12.427778717645067,6205.338201163784,cand_007 (EURJPY)
2025-06-24 08:00:00,0.6347180141800342,6205.972919177964,cand_007 (EURJPY)
2025-06-24 09:17:40,0.0,6205.972919177964,cand_011 (USDJPY)
2025-06-24 13:00:00,6.654263648284433,6212.627182826249,cand_011 (USDJPY)
2025-06-26 09:13:20,0.0,6212.627182826249,cand_011 (USDJPY)
2025-06-26 13:00:00,14.368416935838546,6226.995599762087,cand_011 (USDJPY)
2025-06-30 07:52:40,0.0,6226.995599762087,cand_011 (USDJPY)
2025-06-30 13:00:00,-14.479014115588427,6212.516585646499,cand_011 (USDJPY)
2025-07-03 07:00:00,0.5222644599299877,6213.038850106429,cand_011 (USDJPY)
2025-07-04 07:00:00,0.5222644599299877,6213.561114566359,cand_011 (USDJPY)
2025-07-07 07:00:00,0.5222644599299877,6214.083379026289,cand_011 (USDJPY)
2025-07-07 07:44:20,0.0,6214.083379026289,cand_011 (USDJPY)
2025-07-07 08:00:00,0.6347180141800342,6214.718097040469,cand_007 (EURJPY)
2025-07-07 08:43:40,0.0,6214.718097040469,cand_007 (EURJPY)
2025-07-07 13:00:00,19.308424297999842,6234.026521338468,cand_011 (USDJPY)
2025-07-07 15:00:00,-2.618211808492641,6231.408309529976,cand_007 (EURJPY)
2025-07-08 07:00:00,0.5222644599299877,6231.930573989906,cand_011 (USDJPY)
2025-07-08 08:00:00,0.6347180141800342,6232.565292004087,cand_007 (EURJPY)
2025-07-09 07:00:00,0.5222644599299877,6233.0875564640155,cand_011 (USDJPY)
2025-07-10 08:00:00,0.6347180141800342,6233.722274478196,cand_007 (EURJPY)
2025-07-11 07:00:00,0.5222644599299877,6234.244538938126,cand_011 (USDJPY)
2025-07-11 07:25:40,0.0,6234.244538938126,cand_011 (USDJPY)
2025-07-11 08:00:00,0.6347180141800342,6234.879256952307,cand_007 (EURJPY)
2025-07-11 13:00:00,-6.727995101451018,6228.151261850855,cand_011 (USDJPY)
2025-07-14 07:00:00,0.5222644599299877,6228.673526310785,cand_011 (USDJPY)
2025-07-15 07:00:00,0.5222644599299877,6229.195790770715,cand_011 (USDJPY)
2025-07-16 07:00:00,0.5222644599299877,6229.7180552306445,cand_011 (USDJPY)
2025-07-16 08:00:00,0.6347180141800342,6230.352773244825,cand_007 (EURJPY)
2025-07-17 07:00:00,0.5222644599299877,6230.8750377047545,cand_011 (USDJPY)
2025-07-17 08:00:00,0.6347180141800342,6231.509755718935,cand_007 (EURJPY)
2025-07-17 09:30:40,0.0,6231.509755718935,cand_011 (USDJPY)
2025-07-17 13:00:00,-1.6098033941371388,6229.899952324798,cand_011 (USDJPY)
2025-07-18 07:00:00,0.5222644599299877,6230.422216784727,cand_011 (USDJPY)
2025-07-18 08:00:00,0.6347180141800342,6231.056934798908,cand_007 (EURJPY)
2025-07-18 08:30:40,0.0,6231.056934798908,cand_011 (USDJPY)
2025-07-18 13:00:00,-3.800241981961146,6227.256692816946,cand_011 (USDJPY)
2025-07-23 08:00:00,0.6347180141800342,6227.891410831126,cand_007 (EURJPY)
2025-07-25 07:00:00,0.5222644599299877,6228.413675291056,cand_011 (USDJPY)
2025-07-25 08:00:00,0.6347180141800342,6229.0483933052365,cand_007 (EURJPY)
2025-07-28 07:00:00,0.5222644599299877,6229.570657765166,cand_011 (USDJPY)
2025-07-28 09:21:40,0.0,6229.570657765166,cand_011 (USDJPY)
2025-07-28 13:00:00,9.938385458079473,6239.509043223246,cand_011 (USDJPY)
2025-07-29 07:00:00,0.5222644599299877,6240.031307683175,cand_011 (USDJPY)
2025-07-29 08:55:40,0.0,6240.031307683175,cand_007 (EURJPY)
2025-07-29 15:00:00,0.6410651943218345,6240.672372877498,cand_007 (EURJPY)
2025-07-30 08:22:40,0.0,6240.672372877498,cand_007 (EURJPY)
2025-07-30 15:00:00,-4.9634948708878674,6235.70887800661,cand_007 (EURJPY)
2025-07-31 07:00:00,0.5222644599299877,6236.23114246654,cand_011 (USDJPY)
2025-08-01 07:00:00,0.5222644599299877,6236.753406926469,cand_011 (USDJPY)
2025-08-01 08:00:00,0.6347180141800342,6237.3881249406495,cand_007 (EURJPY)
2025-08-07 07:00:00,0.5222644599299877,6237.91038940058,cand_011 (USDJPY)
2025-08-07 08:00:00,0.6347180141800342,6238.54510741476,cand_007 (EURJPY)
2025-08-12 07:00:00,0.5222644599299877,6239.067371874689,cand_011 (USDJPY)
2025-08-13 07:00:00,0.5222644599299877,6239.58963633462,cand_011 (USDJPY)
2025-08-13 08:00:00,0.6347180141800342,6240.2243543488,cand_007 (EURJPY)
2025-08-14 09:12:40,0.0,6240.2243543488,cand_011 (USDJPY)
2025-08-14 13:00:00,-17.511220127064295,6222.713134221735,cand_011 (USDJPY)
2025-08-15 08:13:40,0.0,6222.713134221735,cand_011 (USDJPY)
2025-08-15 13:00:00,5.268726757528994,6227.981860979264,cand_011 (USDJPY)
2025-08-18 07:00:00,0.5222644599299877,6228.5041254391945,cand_011 (USDJPY)
2025-08-19 07:00:00,0.5222644599299877,6229.026389899123,cand_011 (USDJPY)
2025-08-19 08:00:00,0.6347180141800342,6229.661107913304,cand_007 (EURJPY)
2025-08-20 09:11:40,0.0,6229.661107913304,cand_011 (USDJPY)
2025-08-20 13:00:00,-9.081257315017904,6220.579850598286,cand_011 (USDJPY)
2025-08-22 07:00:00,0.5222644599299877,6221.102115058216,cand_011 (USDJPY)
2025-08-26 07:00:00,0.5222644599299877,6221.624379518145,cand_011 (USDJPY)
2025-08-27 07:00:00,0.5222644599299877,6222.146643978076,cand_011 (USDJPY)
2025-08-27 07:20:40,0.0,6222.146643978076,cand_011 (USDJPY)
2025-08-27 13:00:00,2.199655019469831,6224.346298997545,cand_011 (USDJPY)
2025-09-02 07:00:00,0.5222644599299877,6224.868563457476,cand_011 (USDJPY)
2025-09-02 07:33:40,0.0,6224.868563457476,cand_011 (USDJPY)
2025-09-02 08:00:00,0.6347180141800342,6225.503281471656,cand_007 (EURJPY)
2025-09-02 08:56:40,0.0,6225.503281471656,cand_007 (EURJPY)
2025-09-02 13:00:00,28.165415109636047,6253.668696581291,cand_011 (USDJPY)
2025-09-02 15:00:00,4.185965303517325,6257.854661884809,cand_007 (EURJPY)
2025-09-03 07:00:00,0.5222644599299877,6258.376926344738,cand_011 (USDJPY)
2025-09-04 07:00:00,0.5222644599299877,6258.899190804668,cand_011 (USDJPY)
2025-09-08 07:00:00,0.5222644599299877,6259.421455264598,cand_011 (USDJPY)
2025-09-08 08:00:00,0.6347180141800342,6260.056173278778,cand_007 (EURJPY)
2025-09-09 08:22:40,0.0,6260.056173278778,cand_011 (USDJPY)
2025-09-09 13:00:00,27.326719829866125,6287.382893108645,cand_011 (USDJPY)
2025-09-12 07:00:00,0.5222644599299877,6287.905157568574,cand_011 (USDJPY)
2025-09-16 09:16:40,0.0,6287.905157568574,cand_011 (USDJPY)
2025-09-16 13:00:00,-4.264135708134253,6283.64102186044,cand_011 (USDJPY)
2025-09-18 07:00:00,0.5222644599299877,6284.16328632037,cand_011 (USDJPY)
2025-09-18 08:12:40,0.0,6284.16328632037,cand_011 (USDJPY)
2025-09-18 13:00:00,-0.16589576962481967,6283.997390550745,cand_011 (USDJPY)
2025-09-19 07:00:00,0.5222644599299877,6284.519655010675,cand_011 (USDJPY)
2025-09-22 07:00:00,0.5222644599299877,6285.041919470605,cand_011 (USDJPY)
2025-09-24 07:00:00,0.5222644599299877,6285.564183930534,cand_011 (USDJPY)
2025-09-24 09:12:40,0.0,6285.564183930534,cand_011 (USDJPY)
2025-09-24 13:00:00,11.311633773307147,6296.875817703842,cand_011 (USDJPY)
2025-09-25 07:00:00,0.5222644599299877,6297.3980821637715,cand_011 (USDJPY)
2025-09-26 07:00:00,0.5222644599299877,6297.920346623701,cand_011 (USDJPY)
2025-09-29 08:32:40,0.0,6297.920346623701,cand_011 (USDJPY)
2025-09-29 13:00:00,5.127408138959704,6303.0477547626615,cand_011 (USDJPY)
2025-09-30 08:21:40,0.0,6303.0477547626615,cand_011 (USDJPY)
2025-09-30 13:00:00,12.912220735798464,6315.959975498459,cand_011 (USDJPY)
2025-10-01 07:51:40,0.0,6315.959975498459,cand_011 (USDJPY)
2025-10-01 13:00:00,17.60952873128641,6333.569504229747,cand_011 (USDJPY)
2025-10-03 07:00:00,0.5222644599299877,6334.0917686896755,cand_011 (USDJPY)
2025-10-03 08:00:00,0.6347180141800342,6334.726486703856,cand_007 (EURJPY)
2025-10-06 07:00:00,0.5222644599299877,6335.248751163786,cand_011 (USDJPY)
2025-10-06 07:36:40,0.0,6335.248751163786,cand_011 (USDJPY)
2025-10-06 08:00:00,0.6347180141800342,6335.883469177967,cand_007 (EURJPY)
2025-10-06 13:00:00,6.045979159660094,6341.929448337626,cand_011 (USDJPY)
2025-10-07 07:00:00,0.5222644599299877,6342.451712797556,cand_011 (USDJPY)
2025-10-07 08:00:00,0.6347180141800342,6343.086430811736,cand_007 (EURJPY)
2025-10-08 07:00:00,0.5222644599299877,6343.608695271666,cand_011 (USDJPY)
2025-10-08 08:00:00,0.6347180141800342,6344.243413285846,cand_007 (EURJPY)
2025-10-09 07:00:00,0.5222644599299877,6344.765677745776,cand_011 (USDJPY)
2025-10-09 09:13:40,0.0,6344.765677745776,cand_011 (USDJPY)
2025-10-09 13:00:00,-13.815431037089146,6330.950246708687,cand_011 (USDJPY)
2025-10-10 07:00:00,0.5222644599299877,6331.472511168617,cand_011 (USDJPY)
2025-10-14 07:11:40,0.0,6331.472511168617,cand_011 (USDJPY)
2025-10-14 08:59:40,0.0,6331.472511168617,cand_007 (EURJPY)
2025-10-14 13:00:00,-9.087401602781787,6322.385109565835,cand_011 (USDJPY)
2025-10-14 15:00:00,0.4157402992879224,6322.8008498651225,cand_007 (EURJPY)
2025-10-16 08:00:00,0.6347180141800342,6323.435567879303,cand_007 (EURJPY)
2025-10-17 08:53:40,0.0,6323.435567879303,cand_011 (USDJPY)
2025-10-17 13:00:00,2.5437351342472345,6325.97930301355,cand_011 (USDJPY)
2025-10-20 07:00:00,0.5222644599299877,6326.50156747348,cand_011 (USDJPY)
2025-10-20 08:00:00,0.6347180141800342,6327.13628548766,cand_007 (EURJPY)
2025-10-21 07:00:00,0.5222644599299877,6327.65854994759,cand_011 (USDJPY)
2025-10-21 08:00:00,0.6347180141800342,6328.29326796177,cand_007 (EURJPY)
2025-10-21 08:09:40,0.0,6328.29326796177,cand_011 (USDJPY)
2025-10-21 08:15:40,0.0,6328.29326796177,cand_007 (EURJPY)
2025-10-21 13:00:00,21.00731986471327,6349.300587826483,cand_011 (USDJPY)
2025-10-21 15:00:00,17.87683286938066,6367.1774206958635,cand_007 (EURJPY)
2025-10-22 07:00:00,0.5222644599299877,6367.699685155793,cand_011 (USDJPY)
2025-10-23 07:00:00,0.5222644599299877,6368.221949615723,cand_011 (USDJPY)
2025-10-23 08:00:00,0.6347180141800342,6368.856667629903,cand_007 (EURJPY)
2025-10-23 09:56:40,0.0,6368.856667629903,cand_011 (USDJPY)
2025-10-23 13:00:00,-2.3348293502752395,6366.521838279628,cand_011 (USDJPY)
2025-10-24 07:00:00,0.5222644599299877,6367.044102739557,cand_011 (USDJPY)
2025-10-24 08:29:40,0.0,6367.044102739557,cand_011 (USDJPY)
2025-10-24 13:00:00,-3.4530897233018014,6363.591013016256,cand_011 (USDJPY)
2025-10-27 07:00:00,0.5222644599299877,6364.113277476186,cand_011 (USDJPY)
2025-10-28 07:41:40,0.0,6364.113277476186,cand_011 (USDJPY)
2025-10-28 08:25:40,0.0,6364.113277476186,cand_007 (EURJPY)
2025-10-28 13:00:00,3.5176047448225645,6367.6308822210085,cand_011 (USDJPY)
2025-10-28 15:00:00,-9.723879977238123,6357.90700224377,cand_007 (EURJPY)
2025-10-30 07:00:00,0.5222644599299877,6358.429266703701,cand_011 (USDJPY)
2025-10-30 08:00:00,0.6347180141800342,6359.063984717881,cand_007 (EURJPY)
2025-10-30 09:40:40,0.0,6359.063984717881,cand_011 (USDJPY)
2025-10-30 13:00:00,20.457406109845817,6379.5213908277265,cand_011 (USDJPY)
2025-10-31 07:00:00,0.5222644599299877,6380.043655287656,cand_011 (USDJPY)
2025-10-31 08:00:00,0.6347180141800342,6380.6783733018365,cand_007 (EURJPY)
2025-11-03 07:00:00,0.5222644599299877,6381.200637761766,cand_011 (USDJPY)
2025-11-04 07:00:00,0.5222644599299877,6381.722902221696,cand_011 (USDJPY)
2025-11-06 07:00:00,0.5222644599299877,6382.245166681626,cand_011 (USDJPY)
2025-11-10 07:00:00,0.5222644599299877,6382.767431141556,cand_011 (USDJPY)
2025-11-10 08:00:00,0.6347180141800342,6383.402149155736,cand_007 (EURJPY)
2025-11-10 09:19:40,0.0,6383.402149155736,cand_011 (USDJPY)
2025-11-10 13:00:00,0.27956509325664053,6383.681714248993,cand_011 (USDJPY)
2025-11-11 07:00:00,0.5222644599299877,6384.2039787089225,cand_011 (USDJPY)
2025-11-12 07:00:00,0.5222644599299877,6384.726243168852,cand_011 (USDJPY)
2025-11-12 08:00:00,0.6347180141800342,6385.3609611830325,cand_007 (EURJPY)
2025-11-13 07:00:00,0.5222644599299877,6385.883225642962,cand_011 (USDJPY)
2025-11-17 07:00:00,0.5222644599299877,6386.405490102892,cand_011 (USDJPY)
2025-11-18 07:00:00,0.5222644599299877,6386.927754562822,cand_011 (USDJPY)
2025-11-19 07:00:00,0.5222644599299877,6387.450019022752,cand_011 (USDJPY)
2025-11-20 07:00:00,0.5222644599299877,6387.972283482682,cand_011 (USDJPY)
2025-11-20 08:00:00,0.6347180141800342,6388.607001496862,cand_007 (EURJPY)
2025-11-20 08:00:40,0.0,6388.607001496862,cand_011 (USDJPY)
2025-11-20 08:11:40,0.0,6388.607001496862,cand_007 (EURJPY)
2025-11-20 13:00:00,-8.746393631886324,6379.8606078649755,cand_011 (USDJPY)
2025-11-20 15:00:00,-0.8441749588594455,6379.016432906115,cand_007 (EURJPY)
2025-11-21 07:00:00,0.5222644599299877,6379.538697366046,cand_011 (USDJPY)
2025-11-25 07:00:00,0.5222644599299877,6380.060961825975,cand_011 (USDJPY)
2025-11-26 08:00:00,0.6347180141800342,6380.695679840155,cand_007 (EURJPY)
2025-11-26 08:12:40,0.0,6380.695679840155,cand_007 (EURJPY)
2025-11-26 15:00:00,0.16185309361590872,6380.857532933771,cand_007 (EURJPY)
2025-11-27 08:00:00,0.6347180141800342,6381.492250947951,cand_007 (EURJPY)
2025-11-28 08:00:00,0.6347180141800342,6382.126968962131,cand_007 (EURJPY)
2025-12-05 07:30:40,0.0,6382.126968962131,cand_011 (USDJPY)
2025-12-05 13:00:00,-19.91670878662418,6362.210260175508,cand_011 (USDJPY)
2025-12-08 08:00:00,0.6347180141800342,6362.844978189688,cand_007 (EURJPY)
2025-12-08 08:01:40,0.0,6362.844978189688,cand_007 (EURJPY)
2025-12-08 15:00:00,8.365583426892849,6371.210561616581,cand_007 (EURJPY)
2025-12-09 07:00:00,0.5222644599299877,6371.732826076511,cand_011 (USDJPY)
2025-12-09 09:16:40,0.0,6371.732826076511,cand_011 (USDJPY)
2025-12-09 13:00:00,-3.622057636808562,6368.110768439702,cand_011 (USDJPY)
2025-12-10 07:00:00,0.5222644599299877,6368.633032899632,cand_011 (USDJPY)
2025-12-11 08:00:00,0.6347180141800342,6369.267750913812,cand_007 (EURJPY)
2025-12-15 07:58:40,0.0,6369.267750913812,cand_011 (USDJPY)
2025-12-15 13:00:00,-2.3379014941571805,6366.9298494196555,cand_011 (USDJPY)
2025-12-17 07:00:00,0.5222644599299877,6367.452113879584,cand_011 (USDJPY)
2025-12-17 08:12:40,0.0,6367.452113879584,cand_011 (USDJPY)
2025-12-17 13:00:00,7.191888827624126,6374.644002707209,cand_011 (USDJPY)
2025-12-18 07:00:00,0.5222644599299877,6375.166267167138,cand_011 (USDJPY)
2025-12-18 08:00:00,0.6347180141800342,6375.8009851813185,cand_007 (EURJPY)
2025-12-18 09:00:00,0.0,6375.8009851813185,cand_011 (USDJPY)
2025-12-18 13:00:00,-3.155091766753514,6372.645893414565,cand_011 (USDJPY)
2025-12-19 07:00:00,0.5222644599299877,6373.168157874496,cand_011 (USDJPY)
2025-12-19 08:00:00,0.6347180141800342,6373.802875888676,cand_007 (EURJPY)
2025-12-19 08:40:40,0.0,6373.802875888676,cand_007 (EURJPY)
2025-12-19 08:40:40,0.0,6373.802875888676,cand_011 (USDJPY)
2025-12-19 13:00:00,40.10991052262306,6413.912786411298,cand_011 (USDJPY)
2025-12-19 15:00:00,41.212240660709625,6455.125027072008,cand_007 (EURJPY)
2025-12-22 07:00:00,0.5222644599299877,6455.647291531937,cand_011 (USDJPY)
2025-12-26 07:00:00,0.5222644599299877,6456.169555991868,cand_011 (USDJPY)
2025-12-26 08:00:00,0.6347180141800342,6456.804274006048,cand_007 (EURJPY)
2025-12-29 07:00:00,0.5222644599299877,6457.326538465977,cand_011 (USDJPY)
2025-12-31 07:00:00,0.5222644599299877,6457.848802925908,cand_011 (USDJPY)
2026-01-02 07:00:00,0.5222644599299877,6458.371067385837,cand_011 (USDJPY)
2026-01-02 08:34:40,0.0,6458.371067385837,cand_011 (USDJPY)
2026-01-02 13:00:00,-6.62047006558308,6451.750597320254,cand_011 (USDJPY)
2026-01-05 07:00:00,0.5222644599299877,6452.272861780184,cand_011 (USDJPY)
2026-01-07 07:56:40,0.0,6452.272861780184,cand_011 (USDJPY)
2026-01-07 13:00:00,-7.102796655047834,6445.170065125136,cand_011 (USDJPY)
2026-01-08 07:00:00,0.5222644599299877,6445.692329585067,cand_011 (USDJPY)
2026-01-09 07:00:00,0.5222644599299877,6446.2145940449955,cand_011 (USDJPY)
2026-01-09 08:00:00,0.6347180141800342,6446.849312059176,cand_007 (EURJPY)
2026-01-09 08:05:20,0.0,6446.849312059176,cand_011 (USDJPY)
2026-01-09 13:00:00,8.807836509525147,6455.657148568702,cand_011 (USDJPY)
2026-01-12 07:00:00,0.5222644599299877,6456.179413028631,cand_011 (USDJPY)
2026-01-12 08:00:00,0.6347180141800342,6456.814131042811,cand_007 (EURJPY)
2026-01-13 07:00:00,0.5222644599299877,6457.336395502742,cand_011 (USDJPY)
2026-01-13 08:00:00,0.6347180141800342,6457.971113516922,cand_007 (EURJPY)
2026-01-14 07:00:00,0.5222644599299877,6458.493377976851,cand_011 (USDJPY)
2026-01-15 07:00:00,0.5222644599299877,6459.0156424367815,cand_011 (USDJPY)
2026-01-20 08:00:00,0.6347180141800342,6459.650360450962,cand_007 (EURJPY)
2026-01-20 08:09:40,0.0,6459.650360450962,cand_007 (EURJPY)
2026-01-20 15:00:00,23.198943418280248,6482.849303869241,cand_007 (EURJPY)
2026-01-22 07:00:00,0.5222644599299877,6483.371568329171,cand_011 (USDJPY)
2026-01-22 08:00:00,0.6347180141800342,6484.006286343351,cand_007 (EURJPY)
2026-01-22 08:12:20,0.0,6484.006286343351,cand_011 (USDJPY)
2026-01-22 08:17:40,0.0,6484.006286343351,cand_007 (EURJPY)
2026-01-22 13:00:00,-7.668071129324997,6476.338215214026,cand_011 (USDJPY)
2026-01-22 15:00:00,8.311632395687548,6484.649847609713,cand_007 (EURJPY)
2026-01-23 07:00:00,0.5222644599299877,6485.172112069644,cand_011 (USDJPY)
2026-01-23 08:47:40,0.0,6485.172112069644,cand_011 (USDJPY)
2026-01-23 09:43:40,48.602852284249245,6533.774964353893,cand_011 (USDJPY)
2026-01-23 09:43:40,-25.864379342062158,6507.91058501183,cand_011 (USDJPY)
2026-01-30 07:00:00,0.5222644599299877,6508.432849471761,cand_011 (USDJPY)
2026-01-30 07:41:20,0.0,6508.432849471761,cand_011 (USDJPY)
2026-01-30 08:00:00,0.6347180141800342,6509.067567485941,cand_007 (EURJPY)
2026-01-30 13:00:00,2.3102521992197107,6511.37781968516,cand_011 (USDJPY)
2026-02-02 07:00:00,0.5222644599299877,6511.900084145091,cand_011 (USDJPY)
2026-02-02 08:00:00,0.6347180141800342,6512.534802159271,cand_007 (EURJPY)
2026-02-03 07:00:00,0.5222644599299877,6513.0570666192,cand_011 (USDJPY)
2026-02-04 07:00:00,0.5222644599299877,6513.5793310791305,cand_011 (USDJPY)
2026-02-04 08:00:00,0.6347180141800342,6514.214049093311,cand_007 (EURJPY)
2026-02-05 07:00:00,0.5222644599299877,6514.73631355324,cand_011 (USDJPY)
2026-02-05 08:00:00,0.6347180141800342,6515.37103156742,cand_007 (EURJPY)
2026-02-05 09:17:40,0.0,6515.37103156742,cand_011 (USDJPY)
2026-02-05 13:00:00,4.9615123693348835,6520.3325439367545,cand_011 (USDJPY)
2026-02-06 07:00:00,0.5222644599299877,6520.854808396685,cand_011 (USDJPY)
2026-02-06 08:00:00,0.6347180141800342,6521.489526410865,cand_007 (EURJPY)
2026-02-06 08:06:40,0.0,6521.489526410865,cand_007 (EURJPY)
2026-02-06 15:00:00,7.353208194275696,6528.842734605141,cand_007 (EURJPY)
2026-02-09 08:00:00,0.6347180141800342,6529.477452619321,cand_007 (EURJPY)
2026-02-11 07:29:40,0.0,6529.477452619321,cand_011 (USDJPY)
2026-02-11 08:08:40,0.0,6529.477452619321,cand_007 (EURJPY)
2026-02-11 13:00:00,-8.45453996310192,6521.022912656219,cand_011 (USDJPY)
2026-02-11 15:00:00,-24.211318650897404,6496.811594005321,cand_007 (EURJPY)
2026-02-16 07:00:00,0.5222644599299877,6497.333858465252,cand_011 (USDJPY)
2026-02-16 09:20:40,0.0,6497.333858465252,cand_011 (USDJPY)
2026-02-16 13:00:00,6.002969145312918,6503.336827610565,cand_011 (USDJPY)
2026-02-17 08:20:40,0.0,6503.336827610565,cand_011 (USDJPY)
2026-02-17 13:00:00,-6.463790727604084,6496.87303688296,cand_011 (USDJPY)
2026-02-18 07:00:00,0.5222644599299877,6497.39530134289,cand_011 (USDJPY)
2026-02-18 08:00:00,0.6347180141800342,6498.03001935707,cand_007 (EURJPY)
2026-02-19 07:00:00,0.5222644599299877,6498.552283817,cand_011 (USDJPY)
2026-02-19 08:00:00,0.6347180141800342,6499.18700183118,cand_007 (EURJPY)
2026-02-20 07:00:00,0.5222644599299877,6499.70926629111,cand_011 (USDJPY)
2026-02-20 09:55:40,0.0,6499.70926629111,cand_011 (USDJPY)
2026-02-20 13:00:00,-10.57124709775934,6489.138019193351,cand_011 (USDJPY)
2026-02-23 08:00:00,0.6347180141800342,6489.7727372075315,cand_007 (EURJPY)
2026-02-24 07:00:00,0.5222644599299877,6490.29500166746,cand_011 (USDJPY)
2026-02-24 08:00:00,0.6347180141800342,6490.929719681641,cand_007 (EURJPY)
2026-02-24 09:05:40,0.0,6490.929719681641,cand_011 (USDJPY)
2026-02-24 13:00:00,17.538869422001767,6508.468589103642,cand_011 (USDJPY)
2026-02-25 07:00:00,0.5222644599299877,6508.990853563573,cand_011 (USDJPY)
2026-02-25 08:00:00,0.6347180141800342,6509.625571577753,cand_007 (EURJPY)
2026-02-26 08:00:00,0.6347180141800342,6510.2602895919335,cand_007 (EURJPY)
2026-03-02 07:00:00,0.5222644599299877,6510.7825540518625,cand_011 (USDJPY)
2026-03-02 08:00:00,0.6347180141800342,6511.417272066043,cand_007 (EURJPY)
2026-03-02 08:03:40,0.0,6511.417272066043,cand_011 (USDJPY)
2026-03-02 13:00:00,-0.6666552223812197,6510.750616843662,cand_011 (USDJPY)
2026-03-03 07:00:00,0.5222644599299877,6511.272881303592,cand_011 (USDJPY)
2026-03-03 08:35:40,0.0,6511.272881303592,cand_007 (EURJPY)
2026-03-03 15:00:00,16.102796019747466,6527.37567732334,cand_007 (EURJPY)
2026-03-04 07:00:00,0.5222644599299877,6527.897941783269,cand_011 (USDJPY)
2026-03-06 07:00:00,0.5222644599299877,6528.4202062432,cand_011 (USDJPY)
2026-03-06 07:28:40,0.0,6528.4202062432,cand_011 (USDJPY)
2026-03-06 08:00:00,0.6347180141800342,6529.05492425738,cand_007 (EURJPY)
2026-03-06 13:00:00,2.411632947323767,6531.466557204703,cand_011 (USDJPY)
2026-03-09 07:00:00,0.5222644599299877,6531.988821664632,cand_011 (USDJPY)
2026-03-09 08:00:00,0.6347180141800342,6532.623539678812,cand_007 (EURJPY)
2026-03-09 08:22:40,0.0,6532.623539678812,cand_007 (EURJPY)
2026-03-09 15:00:00,0.12059642269420649,6532.744136101507,cand_007 (EURJPY)
2026-03-10 08:00:00,0.6347180141800342,6533.378854115687,cand_007 (EURJPY)
2026-03-11 07:00:00,0.5222644599299877,6533.901118575617,cand_011 (USDJPY)
2026-03-12 07:00:00,0.5222644599299877,6534.423383035547,cand_011 (USDJPY)
2026-03-13 07:00:00,0.5222644599299877,6534.945647495477,cand_011 (USDJPY)
2026-03-13 07:35:40,0.0,6534.945647495477,cand_011 (USDJPY)
2026-03-13 13:00:00,-2.850949522441345,6532.094697973036,cand_011 (USDJPY)
2026-03-16 07:00:00,0.5222644599299877,6532.616962432965,cand_011 (USDJPY)
2026-03-17 07:00:00,0.5222644599299877,6533.139226892896,cand_011 (USDJPY)
2026-03-18 08:22:40,0.0,6533.139226892896,cand_011 (USDJPY)
2026-03-18 13:00:00,-10.399207040370639,6522.740019852525,cand_011 (USDJPY)
2026-03-19 07:00:00,0.5222644599299877,6523.2622843124545,cand_011 (USDJPY)
2026-03-23 07:00:00,0.5222644599299877,6523.784548772384,cand_011 (USDJPY)
2026-03-23 08:00:00,0.6347180141800342,6524.419266786565,cand_007 (EURJPY)
2026-03-25 07:00:00,0.5222644599299877,6524.941531246494,cand_011 (USDJPY)
2026-03-25 07:44:40,0.0,6524.941531246494,cand_011 (USDJPY)
2026-03-25 13:00:00,-2.9769074216009304,6521.964623824893,cand_011 (USDJPY)
2026-03-27 07:00:00,0.5222644599299877,6522.486888284823,cand_011 (USDJPY)
2026-03-30 07:00:00,0.5222644599299877,6523.009152744753,cand_011 (USDJPY)
2026-03-31 07:00:00,0.5222644599299877,6523.531417204683,cand_011 (USDJPY)
2026-04-01 09:46:40,0.0,6523.531417204683,cand_011 (USDJPY)
2026-04-01 13:00:00,-16.294651149815618,6507.236766054867,cand_011 (USDJPY)
2026-04-02 07:00:00,0.5222644599299877,6507.759030514797,cand_011 (USDJPY)
2026-04-03 07:00:00,0.5222644599299877,6508.281294974727,cand_011 (USDJPY)
2026-04-06 07:00:00,0.5222644599299877,6508.803559434657,cand_011 (USDJPY)
2026-04-07 07:00:00,0.5222644599299877,6509.325823894586,cand_011 (USDJPY)
2026-04-08 08:00:00,0.6347180141800342,6509.960541908767,cand_007 (EURJPY)
2026-04-08 08:51:40,0.0,6509.960541908767,cand_011 (USDJPY)
2026-04-08 13:00:00,-13.836936044262735,6496.1236058645045,cand_011 (USDJPY)
2026-04-10 07:00:00,0.5222644599299877,6496.645870324433,cand_011 (USDJPY)
2026-04-10 09:29:40,0.0,6496.645870324433,cand_011 (USDJPY)
2026-04-10 13:00:00,-4.900069491696062,6491.745800832738,cand_011 (USDJPY)
2026-04-13 07:00:00,0.5222644599299877,6492.268065292667,cand_011 (USDJPY)
2026-04-17 07:00:00,0.5222644599299877,6492.790329752597,cand_011 (USDJPY)
2026-04-21 07:00:00,0.5222644599299877,6493.312594212527,cand_011 (USDJPY)
2026-04-22 07:00:00,0.5222644599299877,6493.834858672457,cand_011 (USDJPY)
2026-04-23 07:00:00,0.5222644599299877,6494.357123132387,cand_011 (USDJPY)
2026-04-30 07:00:00,0.5222644599299877,6494.879387592317,cand_011 (USDJPY)
2026-04-30 07:28:40,0.0,6494.879387592317,cand_011 (USDJPY)
2026-04-30 10:57:40,-23.855197243272677,6471.024190349044,cand_011 (USDJPY)
2026-04-30 10:57:40,49.13679089093061,6520.160981239975,cand_011 (USDJPY)
2026-05-01 09:46:40,0.0,6520.160981239975,cand_011 (USDJPY)
2026-05-01 13:00:00,-13.772421022741971,6506.388560217232,cand_011 (USDJPY)
2026-05-06 07:00:00,0.5222644599299877,6506.910824677162,cand_011 (USDJPY)
2026-05-08 07:00:00,0.5222644599299877,6507.433089137092,cand_011 (USDJPY)
2026-05-11 07:00:00,0.5222644599299877,6507.955353597022,cand_011 (USDJPY)
2026-05-12 07:00:00,0.5222644599299877,6508.4776180569515,cand_011 (USDJPY)
2026-05-13 07:00:00,0.5222644599299877,6508.999882516881,cand_011 (USDJPY)
2026-05-14 08:00:00,0.6347180141800342,6509.634600531062,cand_007 (EURJPY)
2026-05-15 07:00:00,0.5222644599299877,6510.156864990991,cand_011 (USDJPY)
2026-05-18 07:00:00,0.5222644599299877,6510.679129450921,cand_011 (USDJPY)
2026-05-19 07:00:00,0.5222644599299877,6511.201393910851,cand_011 (USDJPY)
2026-06-16 07:00:00,0.5222644599299877,6511.723658370781,cand_011 (USDJPY)
2026-06-19 07:00:00,0.5222644599299877,6512.245922830711,cand_011 (USDJPY)
2026-06-19 08:39:40,0.0,6512.245922830711,cand_007 (EURJPY)
2026-06-19 15:00:00,-21.288442195598346,6490.957480635112,cand_007 (EURJPY)
2026-06-22 07:00:00,0.5222644599299877,6491.479745095043,cand_011 (USDJPY)
2026-06-22 09:01:40,0.0,6491.479745095043,cand_011 (USDJPY)
2026-06-22 13:00:00,0.34100797089546264,6491.820753065938,cand_011 (USDJPY)
2026-06-30 07:00:00,0.5222644599299877,6492.343017525867,cand_011 (USDJPY)
2026-06-30 08:00:00,0.6347180141800342,6492.977735540047,cand_007 (EURJPY)
2026-07-01 07:00:00,0.5222644599299877,6493.499999999978,cand_011 (USDJPY)
