Time,NetPnl,Balance,SourceCandidate
2013-01-02 07:00:00,0.5672413372387529,2500.5672413372386,cand_003 (USDJPY)
2013-01-02 08:00:00,0.7436604753931685,2501.310901812632,cand_002 (EURJPY)
2013-01-03 07:00:01,0.5672413372387529,2501.8781431498705,cand_003 (USDJPY)
2013-01-04 07:00:00,0.5672413372387529,2502.4453844871095,cand_003 (USDJPY)
2013-01-04 09:32:40,0.0,2502.4453844871095,cand_003 (USDJPY)
2013-01-04 13:00:00,18.8324123963266,2521.277796883436,cand_003 (USDJPY)
2013-01-07 07:00:00,0.5672413372387529,2521.8450382206747,cand_003 (USDJPY)
2013-01-07 08:28:40,0.0,2521.8450382206747,cand_002 (EURJPY)
2013-01-07 15:00:00,-0.08552095467021438,2521.7595172660044,cand_002 (EURJPY)
2013-01-09 07:00:00,0.5672413372387529,2522.3267586032434,cand_003 (USDJPY)
2013-01-09 08:00:00,0.7436604753931685,2523.0704190786364,cand_002 (EURJPY)
2013-01-10 07:00:00,0.5672413372387529,2523.6376604158754,cand_003 (USDJPY)
2013-01-11 07:00:00,0.5672413372387529,2524.204901753114,cand_003 (USDJPY)
2013-01-11 08:00:00,0.7436604753931685,2524.948562228507,cand_002 (EURJPY)
2013-01-14 07:00:00,0.5672413372387529,2525.515803565746,cand_003 (USDJPY)
2013-01-14 08:00:00,0.7436604753931685,2526.259464041139,cand_002 (EURJPY)
2013-01-15 08:00:00,0.7436604753931685,2527.0031245165324,cand_002 (EURJPY)
2013-01-17 08:00:00,0.7436604753931685,2527.7467849919253,cand_002 (EURJPY)
2013-01-18 07:00:00,0.5672413372387529,2528.3140263291643,cand_003 (USDJPY)
2013-01-18 08:00:00,0.7436604753931685,2529.0576868045573,cand_002 (EURJPY)
2013-01-23 08:07:40,0.0,2529.0576868045573,cand_003 (USDJPY)
2013-01-23 08:08:40,0.0,2529.0576868045573,cand_002 (EURJPY)
2013-01-23 11:42:40,-45.768583958072554,2483.2891028464846,cand_002 (EURJPY)
2013-01-23 13:00:00,-5.522094418019259,2477.7670084284655,cand_003 (USDJPY)
2013-01-24 07:00:00,0.5672413372387529,2478.334249765704,cand_003 (USDJPY)
2013-01-24 07:35:40,0.0,2478.334249765704,cand_003 (USDJPY)
2013-01-24 13:00:00,7.283378770145587,2485.6176285358497,cand_003 (USDJPY)
2013-01-25 07:00:00,0.5672413372387529,2486.1848698730887,cand_003 (USDJPY)
2013-01-28 07:00:00,0.5672413372387529,2486.7521112103273,cand_003 (USDJPY)
2013-01-29 07:00:00,0.5672413372387529,2487.3193525475663,cand_003 (USDJPY)
2013-01-30 07:00:00,0.5672413372387529,2487.886593884805,cand_003 (USDJPY)
2013-02-01 07:00:00,0.5672413372387529,2488.453835222044,cand_003 (USDJPY)
2013-02-01 08:00:00,0.7436604753931685,2489.197495697437,cand_002 (EURJPY)
2013-02-04 07:00:00,0.5672413372387529,2489.7647370346754,cand_003 (USDJPY)
2013-02-05 07:00:00,0.5672413372387529,2490.3319783719144,cand_003 (USDJPY)
2013-02-06 07:00:00,0.5672413372387529,2490.899219709153,cand_003 (USDJPY)
2013-02-06 07:39:40,0.0,2490.899219709153,cand_003 (USDJPY)
2013-02-06 08:00:00,0.7436604753931685,2491.6428801845464,cand_002 (EURJPY)
2013-02-06 13:00:00,-21.07301567841967,2470.5698645061266,cand_003 (USDJPY)
2013-02-07 07:00:00,0.5672413372387529,2471.137105843365,cand_003 (USDJPY)
2013-02-07 08:00:00,0.7436604753931685,2471.8807663187586,cand_002 (EURJPY)
2013-02-07 08:03:40,0.0,2471.8807663187586,cand_002 (EURJPY)
2013-02-07 15:00:00,30.00298187973738,2501.883748198496,cand_002 (EURJPY)
2013-02-08 07:00:00,0.5672413372387529,2502.4509895357346,cand_003 (USDJPY)
2013-02-12 07:00:00,0.5672413372387529,2503.018230872973,cand_003 (USDJPY)
2013-02-12 08:00:00,0.7436604753931685,2503.7618913483666,cand_002 (EURJPY)
2013-02-14 07:00:00,0.5672413372387529,2504.329132685605,cand_003 (USDJPY)
2013-02-18 07:00:00,0.5672413372387529,2504.896374022844,cand_003 (USDJPY)
2013-02-18 08:00:00,0.7436604753931685,2505.640034498237,cand_002 (EURJPY)
2013-02-19 09:30:40,0.0,2505.640034498237,cand_003 (USDJPY)
2013-02-19 13:00:00,-6.063809895082269,2499.576224603155,cand_003 (USDJPY)
2013-02-25 08:00:00,0.7436604753931685,2500.319885078548,cand_002 (EURJPY)
2013-02-25 08:07:40,0.0,2500.319885078548,cand_002 (EURJPY)
2013-02-25 15:00:00,37.90809273316677,2538.227977811715,cand_002 (EURJPY)
2013-02-28 08:00:00,0.7436604753931685,2538.971638287108,cand_002 (EURJPY)
2013-03-01 07:00:00,0.5672413372387529,2539.538879624347,cand_003 (USDJPY)
2013-03-04 07:00:00,0.5672413372387529,2540.1061209615855,cand_003 (USDJPY)
2013-03-05 07:32:40,0.0,2540.1061209615855,cand_003 (USDJPY)
2013-03-05 13:00:00,-15.400602306032141,2524.7055186555535,cand_003 (USDJPY)
2013-03-07 07:00:00,0.5672413372387529,2525.272759992792,cand_003 (USDJPY)
2013-03-08 07:00:00,0.5672413372387529,2525.840001330031,cand_003 (USDJPY)
2013-03-08 08:00:00,0.7436604753931685,2526.583661805424,cand_002 (EURJPY)
2013-03-11 07:00:00,0.5672413372387529,2527.1509031426626,cand_003 (USDJPY)
2013-03-11 08:00:00,0.7436604753931685,2527.894563618056,cand_002 (EURJPY)
2013-03-12 07:00:00,0.5672413372387529,2528.4618049552946,cand_003 (USDJPY)
2013-03-15 07:00:00,0.5672413372387529,2529.0290462925336,cand_003 (USDJPY)
2013-03-15 08:00:00,0.7436604753931685,2529.7727067679266,cand_002 (EURJPY)
2013-03-19 07:00:00,0.5672413372387529,2530.3399481051656,cand_003 (USDJPY)
2013-03-19 08:00:00,0.7436604753931685,2531.0836085805586,cand_002 (EURJPY)
2013-03-21 07:00:00,0.5672413372387529,2531.650849917797,cand_003 (USDJPY)
2013-03-22 08:28:40,0.0,2531.650849917797,cand_003 (USDJPY)
2013-03-22 13:00:00,16.396110852886153,2548.0469607706837,cand_003 (USDJPY)
2013-03-25 08:00:00,0.7436604753931685,2548.7906212460766,cand_002 (EURJPY)
2013-03-27 07:00:00,0.5672413372387529,2549.357862583315,cand_003 (USDJPY)
2013-04-03 07:00:00,0.5672413372387529,2549.925103920554,cand_003 (USDJPY)
2013-04-05 07:00:00,0.5672413372387529,2550.4923452577927,cand_003 (USDJPY)
2013-04-05 08:00:00,0.7436604753931685,2551.236005733186,cand_002 (EURJPY)
2013-04-08 07:00:00,0.5672413372387529,2551.8032470704247,cand_003 (USDJPY)
2013-04-08 08:00:00,0.7436604753931685,2552.546907545818,cand_002 (EURJPY)
2013-04-09 07:00:00,0.5672413372387529,2553.1141488830567,cand_003 (USDJPY)
2013-04-09 08:00:00,0.7436604753931685,2553.85780935845,cand_002 (EURJPY)
2013-04-10 07:00:00,0.5672413372387529,2554.4250506956887,cand_003 (USDJPY)
2013-04-11 07:00:00,0.5672413372387529,2554.9922920329273,cand_003 (USDJPY)
2013-04-11 08:00:00,0.7436604753931685,2555.7359525083207,cand_002 (EURJPY)
2013-04-12 08:00:00,0.7436604753931685,2556.4796129837137,cand_002 (EURJPY)
2013-04-17 07:00:00,0.5672413372387529,2557.0468543209527,cand_003 (USDJPY)
2013-04-17 08:00:00,0.7436604753931685,2557.7905147963456,cand_002 (EURJPY)
2013-04-17 08:36:40,0.0,2557.7905147963456,cand_003 (USDJPY)
2013-04-17 13:00:00,-21.455903581055832,2536.33461121529,cand_003 (USDJPY)
2013-04-19 08:00:00,0.7436604753931685,2537.078271690683,cand_002 (EURJPY)
2013-04-25 08:00:00,0.7436604753931685,2537.8219321660763,cand_002 (EURJPY)
2013-05-07 07:00:00,0.5672413372387529,2538.389173503315,cand_003 (USDJPY)
2013-05-07 08:00:00,0.7436604753931685,2539.1328339787083,cand_002 (EURJPY)
2013-05-08 07:00:00,0.5672413372387529,2539.700075315947,cand_003 (USDJPY)
2013-05-10 07:00:00,0.5672413372387529,2540.267316653186,cand_003 (USDJPY)
2013-05-10 08:00:00,0.7436604753931685,2541.010977128579,cand_002 (EURJPY)
2013-05-13 07:00:00,0.5672413372387529,2541.5782184658174,cand_003 (USDJPY)
2013-05-14 07:00:00,0.5672413372387529,2542.1454598030564,cand_003 (USDJPY)
2013-05-15 07:00:00,0.5672413372387529,2542.712701140295,cand_003 (USDJPY)
2013-05-15 09:57:40,0.0,2542.712701140295,cand_003 (USDJPY)
2013-05-15 13:00:00,-4.373430710110785,2538.339270430184,cand_003 (USDJPY)
2013-05-16 07:00:00,0.5672413372387529,2538.906511767423,cand_003 (USDJPY)
2013-05-16 08:54:40,0.0,2538.906511767423,cand_003 (USDJPY)
2013-05-16 13:00:00,8.571016605677556,2547.4775283731005,cand_003 (USDJPY)
2013-05-17 07:00:00,0.5672413372387529,2548.0447697103396,cand_003 (USDJPY)
2013-05-17 09:12:40,0.0,2548.0447697103396,cand_003 (USDJPY)
2013-05-17 13:00:00,-6.480732277952752,2541.5640374323866,cand_003 (USDJPY)
2013-05-20 07:00:00,0.5672413372387529,2542.131278769625,cand_003 (USDJPY)
2013-05-21 07:00:00,0.5672413372387529,2542.698520106864,cand_003 (USDJPY)
2013-05-21 08:00:00,0.7436604753931685,2543.442180582257,cand_002 (EURJPY)
2013-05-23 07:19:40,0.0,2543.442180582257,cand_003 (USDJPY)
2013-05-23 08:24:40,0.0,2543.442180582257,cand_002 (EURJPY)
2013-05-23 13:00:00,78.84370966950047,2622.285890251758,cand_003 (USDJPY)
2013-05-23 15:00:00,42.79394205649988,2665.0798323082577,cand_002 (EURJPY)
2013-05-24 07:18:40,0.0,2665.0798323082577,cand_003 (USDJPY)
2013-05-24 11:29:40,-32.64757516477643,2632.4322571434814,cand_003 (USDJPY)
2013-05-28 07:00:00,0.5672413372387529,2632.99949848072,cand_003 (USDJPY)
2013-05-28 08:00:00,0.7436604753931685,2633.7431589561133,cand_002 (EURJPY)
2013-05-29 07:00:00,0.5672413372387529,2634.310400293352,cand_003 (USDJPY)
2013-05-29 08:00:00,0.7436604753931685,2635.0540607687453,cand_002 (EURJPY)
2013-05-31 08:00:00,0.7436604753931685,2635.7977212441383,cand_002 (EURJPY)
2013-06-03 09:33:40,0.0,2635.7977212441383,cand_003 (USDJPY)
2013-06-03 13:00:00,-2.9411463335829335,2632.8565749105555,cand_003 (USDJPY)
2013-06-05 07:13:40,0.0,2632.8565749105555,cand_003 (USDJPY)
2013-06-05 08:13:40,0.0,2632.8565749105555,cand_002 (EURJPY)
2013-06-05 13:00:00,8.426370064681675,2641.282944975237,cand_003 (USDJPY)
2013-06-05 15:00:00,23.168742110874167,2664.451687086111,cand_002 (EURJPY)
2013-06-07 07:15:40,0.0,2664.451687086111,cand_003 (USDJPY)
2013-06-07 07:52:40,-30.08364432045726,2634.368042765654,cand_003 (USDJPY)
2013-06-10 08:00:00,0.7436604753931685,2635.111703241047,cand_002 (EURJPY)
2013-06-11 08:00:00,0.7436604753931685,2635.8553637164405,cand_002 (EURJPY)
2013-06-13 08:22:40,0.0,2635.8553637164405,cand_002 (EURJPY)
2013-06-13 15:00:00,58.975994001055234,2694.8313577174954,cand_002 (EURJPY)
2013-06-14 08:00:00,0.7436604753931685,2695.575018192889,cand_002 (EURJPY)
2013-06-19 08:00:00,0.7436604753931685,2696.318678668282,cand_002 (EURJPY)
2013-06-21 08:00:00,0.7436604753931685,2697.0623391436748,cand_002 (EURJPY)
2013-06-21 08:06:40,0.0,2697.0623391436748,cand_002 (EURJPY)
2013-06-21 12:40:40,-52.51358446988859,2644.5487546737863,cand_002 (EURJPY)
2013-06-26 08:35:40,0.0,2644.5487546737863,cand_002 (EURJPY)
2013-06-26 15:00:00,9.574628620687044,2654.1233832944736,cand_002 (EURJPY)
2013-06-28 08:00:00,0.7436604753931685,2654.8670437698665,cand_002 (EURJPY)
2013-07-01 07:00:00,0.5672413372387529,2655.4342851071056,cand_003 (USDJPY)
2013-07-03 07:00:00,0.5672413372387529,2656.001526444344,cand_003 (USDJPY)
2013-07-03 08:00:00,0.7436604753931685,2656.745186919737,cand_002 (EURJPY)
2013-07-04 09:44:40,0.0,2656.745186919737,cand_003 (USDJPY)
2013-07-04 13:00:00,-6.089335755258012,2650.6558511644794,cand_003 (USDJPY)
2013-07-05 07:00:00,0.5672413372387529,2651.223092501718,cand_003 (USDJPY)
2013-07-08 07:00:00,0.5672413372387529,2651.790333838957,cand_003 (USDJPY)
2013-07-08 08:00:00,0.7436604753931685,2652.53399431435,cand_002 (EURJPY)
2013-07-09 07:00:00,0.5672413372387529,2653.1012356515885,cand_003 (USDJPY)
2013-07-10 07:54:40,0.0,2653.1012356515885,cand_003 (USDJPY)
2013-07-10 08:07:40,0.0,2653.1012356515885,cand_002 (EURJPY)
2013-07-10 11:13:40,48.18147918505967,2701.282714836648,cand_003 (USDJPY)
2013-07-10 11:13:40,28.348453069843917,2729.6311679064925,cand_003 (USDJPY)
2013-07-10 15:00:00,-2.2272631238025395,2727.4039047826896,cand_002 (EURJPY)
2013-07-11 08:00:00,0.7436604753931685,2728.147565258083,cand_002 (EURJPY)
2013-07-12 08:00:00,0.7436604753931685,2728.891225733476,cand_002 (EURJPY)
2013-07-16 07:00:00,0.5672413372387529,2729.458467070715,cand_003 (USDJPY)
2013-07-18 07:00:00,0.5672413372387529,2730.0257084079535,cand_003 (USDJPY)
2013-07-18 07:40:40,0.0,2730.0257084079535,cand_003 (USDJPY)
2013-07-18 08:00:00,0.7436604753931685,2730.769368883347,cand_002 (EURJPY)
2013-07-18 13:00:00,-5.042775488052514,2725.7265933952945,cand_003 (USDJPY)
2013-07-19 08:00:00,0.7436604753931685,2726.4702538706874,cand_002 (EURJPY)
2013-07-24 07:00:00,0.5672413372387529,2727.037495207926,cand_003 (USDJPY)
2013-07-24 09:20:40,0.0,2727.037495207926,cand_003 (USDJPY)
2013-07-24 13:00:00,9.801930307485652,2736.8394255154117,cand_003 (USDJPY)
2013-07-25 07:00:00,0.5672413372387529,2737.4066668526507,cand_003 (USDJPY)
2013-07-30 07:00:00,0.5672413372387529,2737.9739081898892,cand_003 (USDJPY)
2013-07-30 08:00:00,0.7436604753931685,2738.7175686652827,cand_002 (EURJPY)
2013-08-01 07:00:00,0.5672413372387529,2739.284810002521,cand_003 (USDJPY)
2013-08-01 08:00:00,0.7436604753931685,2740.0284704779147,cand_002 (EURJPY)
2013-08-01 08:59:40,0.0,2740.0284704779147,cand_002 (EURJPY)
2013-08-01 09:02:40,0.0,2740.0284704779147,cand_003 (USDJPY)
2013-08-01 13:00:00,12.757257674499552,2752.785728152414,cand_003 (USDJPY)
2013-08-01 15:00:00,-0.9035474776026998,2751.8821806748115,cand_002 (EURJPY)
2013-08-02 07:00:00,0.5672413372387529,2752.44942201205,cand_003 (USDJPY)
2013-08-05 08:52:40,0.0,2752.44942201205,cand_002 (EURJPY)
2013-08-05 08:54:40,0.0,2752.44942201205,cand_003 (USDJPY)
2013-08-05 13:00:00,11.069714696214264,2763.5191367082643,cand_003 (USDJPY)
2013-08-05 15:00:00,24.150373938393148,2787.6695106466577,cand_002 (EURJPY)
2013-08-07 09:55:40,0.0,2787.6695106466577,cand_003 (USDJPY)
2013-08-07 13:00:00,-5.201603062479364,2782.467907584178,cand_003 (USDJPY)
2013-08-08 08:37:40,0.0,2782.467907584178,cand_002 (EURJPY)
2013-08-08 08:42:40,0.0,2782.467907584178,cand_003 (USDJPY)
2013-08-08 13:00:00,-4.302525542955941,2778.165382041222,cand_003 (USDJPY)
2013-08-08 15:00:00,-10.731020659923422,2767.434361381299,cand_002 (EURJPY)
2013-08-12 07:00:00,0.5672413372387529,2768.0016027185375,cand_003 (USDJPY)
2013-08-13 07:00:00,0.5672413372387529,2768.568844055776,cand_003 (USDJPY)
2013-08-13 08:00:00,0.7436604753931685,2769.3125045311695,cand_002 (EURJPY)
2013-08-13 08:10:40,0.0,2769.3125045311695,cand_002 (EURJPY)
2013-08-13 08:21:40,0.0,2769.3125045311695,cand_003 (USDJPY)
2013-08-13 13:00:00,20.622058815314862,2789.934563346484,cand_003 (USDJPY)
2013-08-13 15:00:00,39.06448477240314,2828.9990481188875,cand_002 (EURJPY)
2013-08-14 07:00:00,0.5672413372387529,2829.566289456126,cand_003 (USDJPY)
2013-08-14 08:00:00,0.7436604753931685,2830.3099499315194,cand_002 (EURJPY)
2013-08-14 08:33:40,0.0,2830.3099499315194,cand_002 (EURJPY)
2013-08-14 08:42:40,0.0,2830.3099499315194,cand_003 (USDJPY)
2013-08-14 13:00:00,-12.357352531746232,2817.952597399773,cand_003 (USDJPY)
2013-08-14 15:00:00,-17.55038721927878,2800.402210180494,cand_002 (EURJPY)
2013-08-16 08:00:00,0.7436604753931685,2801.1458706558874,cand_002 (EURJPY)
2013-08-20 08:13:40,0.0,2801.1458706558874,cand_003 (USDJPY)
2013-08-20 13:00:00,-4.018904874336564,2797.126965781551,cand_003 (USDJPY)
2013-08-21 08:00:00,0.7436604753931685,2797.870626256944,cand_002 (EURJPY)
2013-08-21 08:24:40,0.0,2797.870626256944,cand_002 (EURJPY)
2013-08-21 11:01:40,-44.88362799235468,2752.986998264589,cand_002 (EURJPY)
2013-08-22 07:00:00,0.5672413372387529,2753.554239601828,cand_003 (USDJPY)
2013-08-22 08:00:00,0.7436604753931685,2754.297900077221,cand_002 (EURJPY)
2013-08-23 07:00:00,0.5672413372387529,2754.8651414144597,cand_003 (USDJPY)
2013-08-23 08:00:00,0.7436604753931685,2755.608801889853,cand_002 (EURJPY)
2013-08-26 07:00:00,0.5672413372387529,2756.1760432270917,cand_003 (USDJPY)
2013-08-30 07:00:00,0.5672413372387529,2756.7432845643307,cand_003 (USDJPY)
2013-09-02 07:00:00,0.5672413372387529,2757.3105259015692,cand_003 (USDJPY)
2013-09-02 08:00:00,0.7436604753931685,2758.054186376962,cand_002 (EURJPY)
2013-09-02 09:42:20,0.0,2758.054186376962,cand_003 (USDJPY)
2013-09-02 13:00:00,28.33370479507571,2786.387891172038,cand_003 (USDJPY)
2013-09-03 07:00:00,0.5672413372387529,2786.955132509277,cand_003 (USDJPY)
2013-09-03 08:00:00,0.7436604753931685,2787.69879298467,cand_002 (EURJPY)
2013-09-04 07:00:00,0.5672413372387529,2788.2660343219086,cand_003 (USDJPY)
2013-09-04 09:03:40,0.0,2788.2660343219086,cand_003 (USDJPY)
2013-09-04 13:00:00,-15.386421272601172,2772.8796130493074,cand_003 (USDJPY)
2013-09-06 07:00:00,0.5672413372387529,2773.4468543865464,cand_003 (USDJPY)
2013-09-09 07:00:00,0.5672413372387529,2774.014095723785,cand_003 (USDJPY)
2013-09-09 08:00:00,0.7436604753931685,2774.7577561991784,cand_002 (EURJPY)
2013-09-11 07:00:00,0.5672413372387529,2775.324997536417,cand_003 (USDJPY)
2013-09-12 09:12:40,0.0,2775.324997536417,cand_003 (USDJPY)
2013-09-12 13:00:00,-6.849439147157941,2768.475558389259,cand_003 (USDJPY)
2013-09-17 07:00:00,0.5672413372387529,2769.042799726498,cand_003 (USDJPY)
2013-09-19 08:00:00,0.7436604753931685,2769.786460201891,cand_002 (EURJPY)
2013-09-20 07:00:00,0.5672413372387529,2770.3537015391294,cand_003 (USDJPY)
2013-09-20 08:00:00,0.7436604753931685,2771.097362014523,cand_002 (EURJPY)
2013-09-23 09:12:40,0.0,2771.097362014523,cand_003 (USDJPY)
2013-09-23 13:00:00,-1.5485688506617954,2769.548793163861,cand_003 (USDJPY)
2013-09-26 07:00:00,0.5672413372387529,2770.1160345010994,cand_003 (USDJPY)
2013-09-26 08:00:00,0.7436604753931685,2770.859694976493,cand_002 (EURJPY)
2013-09-27 09:01:40,0.0,2770.859694976493,cand_003 (USDJPY)
2013-09-27 13:00:00,-3.911129020261201,2766.9485659562315,cand_003 (USDJPY)
2013-10-01 07:45:40,0.0,2766.9485659562315,cand_003 (USDJPY)
2013-10-01 08:00:00,0.7436604753931685,2767.6922264316245,cand_002 (EURJPY)
2013-10-01 13:00:00,10.085550976105027,2777.7777774077294,cand_003 (USDJPY)
2013-10-02 09:54:40,0.0,2777.7777774077294,cand_003 (USDJPY)
2013-10-02 13:00:00,3.664379038562344,2781.442156446292,cand_003 (USDJPY)
2013-10-03 08:00:00,0.7436604753931685,2782.1858169216853,cand_002 (EURJPY)
2013-10-09 07:00:00,0.5672413372387529,2782.753058258924,cand_003 (USDJPY)
2013-10-09 08:00:00,0.7436604753931685,2783.4967187343173,cand_002 (EURJPY)
2013-10-10 07:00:00,0.5672413372387529,2784.063960071556,cand_003 (USDJPY)
2013-10-11 07:00:00,0.5672413372387529,2784.6312014087944,cand_003 (USDJPY)
2013-10-11 08:00:00,0.7436604753931685,2785.374861884188,cand_002 (EURJPY)
2013-10-15 07:00:00,0.5672413372387529,2785.9421032214264,cand_003 (USDJPY)
2013-10-16 07:00:00,0.5672413372387529,2786.509344558665,cand_003 (USDJPY)
2013-10-17 07:00:00,0.5672413372387529,2787.076585895904,cand_003 (USDJPY)
2013-10-23 07:06:40,0.0,2787.076585895904,cand_003 (USDJPY)
2013-10-23 13:00:00,4.954853080780507,2792.0314389766845,cand_003 (USDJPY)
2013-10-28 07:00:00,0.5672413372387529,2792.598680313923,cand_003 (USDJPY)
2013-11-06 07:00:00,0.5672413372387529,2793.1659216511616,cand_003 (USDJPY)
2013-11-06 08:00:00,0.7436604753931685,2793.909582126555,cand_002 (EURJPY)
2013-11-11 07:00:00,0.5672413372387529,2794.4768234637936,cand_003 (USDJPY)
2013-11-12 07:00:00,0.5672413372387529,2795.044064801032,cand_003 (USDJPY)
2013-11-12 08:00:00,0.7436604753931685,2795.7877252764256,cand_002 (EURJPY)
2013-11-12 09:18:00,0.0,2795.7877252764256,cand_003 (USDJPY)
2013-11-12 13:00:00,1.420939549783076,2797.2086648262084,cand_003 (USDJPY)
2013-11-14 07:00:00,0.5672413372387529,2797.7759061634474,cand_003 (USDJPY)
2013-11-14 08:00:00,0.7436604753931685,2798.5195666388404,cand_002 (EURJPY)
2013-11-15 07:00:00,0.5672413372387529,2799.0868079760794,cand_003 (USDJPY)
2013-11-18 07:00:00,0.5672413372387529,2799.654049313318,cand_003 (USDJPY)
2013-11-20 07:00:00,0.5672413372387529,2800.2212906505565,cand_003 (USDJPY)
2013-11-21 07:00:00,0.5672413372387529,2800.7885319877955,cand_003 (USDJPY)
2013-11-21 08:03:40,0.0,2800.7885319877955,cand_003 (USDJPY)
2013-11-21 13:00:00,14.334188592023287,2815.1227205798186,cand_003 (USDJPY)
2013-11-22 07:00:00,0.5672413372387529,2815.689961917057,cand_003 (USDJPY)
2013-11-25 07:00:00,0.5672413372387529,2816.257203254296,cand_003 (USDJPY)
2013-11-25 08:00:00,0.7436604753931685,2817.000863729689,cand_002 (EURJPY)
2013-11-26 07:00:00,0.5672413372387529,2817.568105066928,cand_003 (USDJPY)
2013-11-27 07:00:00,0.5672413372387529,2818.1353464041667,cand_003 (USDJPY)
2013-11-27 08:00:00,0.7436604753931685,2818.8790068795597,cand_002 (EURJPY)
2013-11-27 09:33:40,0.0,2818.8790068795597,cand_003 (USDJPY)
2013-11-27 13:00:00,4.013232460964177,2822.892239340524,cand_003 (USDJPY)
2013-11-28 07:00:00,0.5672413372387529,2823.4594806777627,cand_003 (USDJPY)
2013-11-28 08:00:00,0.7436604753931685,2824.2031411531557,cand_002 (EURJPY)
2013-11-29 07:00:00,0.5672413372387529,2824.7703824903947,cand_003 (USDJPY)
2013-11-29 08:00:00,0.7436604753931685,2825.5140429657877,cand_002 (EURJPY)
2013-12-02 07:00:00,0.5672413372387529,2826.081284303026,cand_003 (USDJPY)
2013-12-02 08:00:00,0.7436604753931685,2826.8249447784196,cand_002 (EURJPY)
2013-12-03 07:00:00,0.5672413372387529,2827.392186115658,cand_003 (USDJPY)
2013-12-03 08:00:00,0.7436604753931685,2828.1358465910516,cand_002 (EURJPY)
2013-12-05 07:33:40,0.0,2828.1358465910516,cand_003 (USDJPY)
2013-12-05 13:00:00,-0.1673361944854321,2827.968510396566,cand_003 (USDJPY)
2013-12-06 08:00:00,0.7436604753931685,2828.712170871959,cand_002 (EURJPY)
2013-12-09 07:00:00,0.5672413372387529,2829.2794122091977,cand_003 (USDJPY)
2013-12-11 08:00:00,0.7436604753931685,2830.023072684591,cand_002 (EURJPY)
2013-12-11 09:45:40,0.0,2830.023072684591,cand_003 (USDJPY)
2013-12-11 13:00:00,-6.194275402647182,2823.828797281944,cand_003 (USDJPY)
2013-12-13 07:00:00,0.5672413372387529,2824.3960386191825,cand_003 (USDJPY)
2013-12-13 08:00:00,0.7436604753931685,2825.139699094576,cand_002 (EURJPY)
2013-12-18 07:00:00,0.5672413372387529,2825.7069404318145,cand_003 (USDJPY)
2013-12-18 08:00:00,0.7436604753931685,2826.4506009072074,cand_002 (EURJPY)
2013-12-19 07:00:00,0.5672413372387529,2827.0178422444465,cand_003 (USDJPY)
2013-12-19 08:00:00,0.7436604753931685,2827.7615027198394,cand_002 (EURJPY)
2013-12-20 07:00:00,0.5672413372387529,2828.3287440570784,cand_003 (USDJPY)
2013-12-20 08:00:40,0.0,2828.3287440570784,cand_003 (USDJPY)
2013-12-20 13:00:00,-9.016301055409977,2819.3124430016683,cand_003 (USDJPY)
2013-12-24 07:00:00,0.5672413372387529,2819.879684338907,cand_003 (USDJPY)
2013-12-26 07:00:00,0.5672413372387529,2820.446925676146,cand_003 (USDJPY)
2013-12-26 08:00:00,0.7436604753931685,2821.190586151539,cand_002 (EURJPY)
2013-12-26 08:55:40,0.0,2821.190586151539,cand_002 (EURJPY)
2013-12-26 15:00:00,-5.60719998446449,2815.5833861670744,cand_002 (EURJPY)
2013-12-27 07:00:00,0.5672413372387529,2816.150627504313,cand_003 (USDJPY)
2013-12-27 08:00:00,0.7436604753931685,2816.894287979706,cand_002 (EURJPY)
2013-12-27 08:42:40,0.0,2816.894287979706,cand_002 (EURJPY)
2013-12-27 13:41:40,104.46198697847838,2921.3562749581847,cand_002 (EURJPY)
2013-12-27 13:41:40,54.16339523454834,2975.519670192733,cand_002 (EURJPY)
2014-01-07 08:00:00,0.7436604753931685,2976.263330668126,cand_002 (EURJPY)
2014-01-08 07:00:00,0.5672413372387529,2976.830572005365,cand_003 (USDJPY)
2014-01-08 08:00:00,0.7436604753931685,2977.574232480758,cand_002 (EURJPY)
2014-01-08 09:18:20,0.0,2977.574232480758,cand_003 (USDJPY)
2014-01-08 13:00:00,-17.48805042707075,2960.086182053687,cand_003 (USDJPY)
2014-01-15 07:00:00,0.5672413372387529,2960.653423390926,cand_003 (USDJPY)
2014-01-16 07:00:00,0.5672413372387529,2961.2206647281646,cand_003 (USDJPY)
2014-01-16 08:00:00,0.7436604753931685,2961.9643252035576,cand_002 (EURJPY)
2014-01-21 07:00:00,0.5672413372387529,2962.5315665407966,cand_003 (USDJPY)
2014-01-21 08:00:00,0.7436604753931685,2963.2752270161895,cand_002 (EURJPY)
2014-01-22 08:00:00,0.7436604753931685,2964.018887491583,cand_002 (EURJPY)
2014-01-29 07:00:00,0.5672413372387529,2964.5861288288215,cand_003 (USDJPY)
2014-02-04 08:07:40,0.0,2964.5861288288215,cand_003 (USDJPY)
2014-02-04 10:56:40,-30.940178739687777,2933.6459500891337,cand_003 (USDJPY)
2014-02-11 08:00:00,0.7436604753931685,2934.3896105645267,cand_002 (EURJPY)
2014-02-18 08:00:00,0.7436604753931685,2935.13327103992,cand_002 (EURJPY)
2014-03-04 07:00:00,0.5672413372387529,2935.7005123771587,cand_003 (USDJPY)
2014-03-04 08:05:40,0.0,2935.7005123771587,cand_003 (USDJPY)
2014-03-04 13:00:00,0.5558965104939778,2936.2564088876525,cand_003 (USDJPY)
2014-03-06 07:00:00,0.5672413372387529,2936.8236502248915,cand_003 (USDJPY)
2014-03-06 08:00:00,0.7436604753931685,2937.5673107002845,cand_002 (EURJPY)
2014-03-07 07:00:00,0.5672413372387529,2938.1345520375235,cand_003 (USDJPY)
2014-03-10 07:00:00,0.5672413372387529,2938.701793374762,cand_003 (USDJPY)
2014-03-13 08:00:00,0.7436604753931685,2939.445453850155,cand_002 (EURJPY)
2014-03-20 07:00:00,0.5672413372387529,2940.012695187394,cand_003 (USDJPY)
2014-03-24 07:00:00,0.5672413372387529,2940.5799365246326,cand_003 (USDJPY)
2014-03-24 08:00:00,0.7436604753931685,2941.323597000026,cand_002 (EURJPY)
2014-04-01 07:00:00,0.5672413372387529,2941.8908383372645,cand_003 (USDJPY)
2014-04-02 07:00:00,0.5672413372387529,2942.458079674503,cand_003 (USDJPY)
2014-04-03 07:00:00,0.5672413372387529,2943.025321011742,cand_003 (USDJPY)
2014-04-10 07:51:40,0.0,2943.025321011742,cand_003 (USDJPY)
2014-04-10 13:00:00,8.999283815292815,2952.0246048270346,cand_003 (USDJPY)
2014-04-16 07:00:00,0.5672413372387529,2952.5918461642736,cand_003 (USDJPY)
2014-04-16 08:00:00,0.7436604753931685,2953.3355066396666,cand_002 (EURJPY)
2014-04-16 08:59:40,0.0,2953.3355066396666,cand_002 (EURJPY)
2014-04-16 15:00:00,1.3832084842312935,2954.7187151238977,cand_002 (EURJPY)
2014-04-18 07:00:00,0.5672413372387529,2955.2859564611367,cand_003 (USDJPY)
2014-04-21 07:00:00,0.5672413372387529,2955.8531977983753,cand_003 (USDJPY)
2014-05-12 07:00:00,0.5672413372387529,2956.4204391356143,cand_003 (USDJPY)
2014-05-21 09:35:40,0.0,2956.4204391356143,cand_003 (USDJPY)
2014-05-21 13:00:00,1.2933102489043566,2957.7137493845185,cand_003 (USDJPY)
2014-05-22 07:00:00,0.5672413372387529,2958.280990721757,cand_003 (USDJPY)
2014-05-22 08:00:00,0.7436604753931685,2959.0246511971504,cand_002 (EURJPY)
2014-06-02 07:00:00,0.5672413372387529,2959.591892534389,cand_003 (USDJPY)
2014-06-04 07:00:00,0.5672413372387529,2960.159133871628,cand_003 (USDJPY)
2014-06-13 08:00:00,0.7436604753931685,2960.902794347021,cand_002 (EURJPY)
2014-06-17 07:00:00,0.5672413372387529,2961.4700356842595,cand_003 (USDJPY)
2014-08-20 07:00:00,0.5672413372387529,2962.0372770214985,cand_003 (USDJPY)
2014-08-21 07:00:01,0.5672413372387529,2962.604518358737,cand_003 (USDJPY)
2014-09-02 07:00:00,0.5672413372387529,2963.1717596959757,cand_003 (USDJPY)
2014-09-02 08:00:00,0.7436604753931685,2963.915420171369,cand_002 (EURJPY)
2014-09-05 07:00:00,0.5672413372387529,2964.4826615086076,cand_003 (USDJPY)
2014-09-09 07:00:00,0.5672413372387529,2965.049902845846,cand_003 (USDJPY)
2014-09-10 07:00:00,0.5672413372387529,2965.617144183085,cand_003 (USDJPY)
2014-09-10 07:39:40,0.0,2965.617144183085,cand_003 (USDJPY)
2014-09-10 13:00:00,7.819421833836209,2973.4365660169215,cand_003 (USDJPY)
2014-09-12 07:00:00,0.5672413372387529,2974.00380735416,cand_003 (USDJPY)
2014-09-18 07:00:00,0.5672413372387529,2974.5710486913986,cand_003 (USDJPY)
2014-09-18 08:00:00,0.7436604753931685,2975.314709166792,cand_002 (EURJPY)
2014-09-18 08:06:40,0.0,2975.314709166792,cand_003 (USDJPY)
2014-09-18 08:31:40,0.0,2975.314709166792,cand_002 (EURJPY)
2014-09-18 13:00:00,-7.830766660580984,2967.483942506211,cand_003 (USDJPY)
2014-09-18 15:00:00,4.98996178988816,2972.473904296099,cand_002 (EURJPY)
2014-09-19 07:00:00,0.5672413372387529,2973.0411456333377,cand_003 (USDJPY)
2014-09-19 08:00:00,0.7436604753931685,2973.784806108731,cand_002 (EURJPY)
2014-09-22 07:00:00,0.5672413372387529,2974.3520474459697,cand_003 (USDJPY)
2014-09-25 07:00:00,0.5672413372387529,2974.9192887832087,cand_003 (USDJPY)
2014-09-26 07:00:00,0.5672413372387529,2975.4865301204472,cand_003 (USDJPY)
2014-09-29 07:00:00,0.5672413372387529,2976.053771457686,cand_003 (USDJPY)
2014-09-29 08:05:40,0.0,2976.053771457686,cand_003 (USDJPY)
2014-09-29 13:00:00,-4.8669306735085005,2971.1868407841775,cand_003 (USDJPY)
2014-09-30 07:00:00,0.5672413372387529,2971.754082121416,cand_003 (USDJPY)
2014-10-01 07:00:00,0.5672413372387529,2972.3213234586547,cand_003 (USDJPY)
2014-10-03 08:00:00,0.7436604753931685,2973.064983934048,cand_002 (EURJPY)
2014-10-06 07:00:00,0.5672413372387529,2973.6322252712866,cand_003 (USDJPY)
2014-10-07 08:40:40,0.0,2973.6322252712866,cand_003 (USDJPY)
2014-10-07 13:00:00,-8.139913189376104,2965.4923120819108,cand_003 (USDJPY)
2014-10-09 09:46:40,0.0,2965.4923120819108,cand_003 (USDJPY)
2014-10-09 13:00:00,-9.725352726958418,2955.766959354952,cand_003 (USDJPY)
2014-10-16 08:00:00,0.7436604753931685,2956.5106198303456,cand_002 (EURJPY)
2014-10-17 08:00:00,0.7436604753931685,2957.2542803057386,cand_002 (EURJPY)
2014-10-20 07:00:00,0.5672413372387529,2957.821521642977,cand_003 (USDJPY)
2014-10-20 08:00:00,0.7436604753931685,2958.5651821183706,cand_002 (EURJPY)
2014-10-21 07:32:40,0.0,2958.5651821183706,cand_003 (USDJPY)
2014-10-21 13:00:00,-23.625601695994057,2934.9395804223764,cand_003 (USDJPY)
2014-10-31 08:00:00,0.7436604753931685,2935.6832408977693,cand_002 (EURJPY)
2014-10-31 08:02:20,0.0,2935.6832408977693,cand_002 (EURJPY)
2014-10-31 15:00:00,99.69140502883121,3035.374645926601,cand_002 (EURJPY)
2014-11-03 07:00:00,0.5672413372387529,3035.9418872638394,cand_003 (USDJPY)
2014-11-04 07:00:00,0.5672413372387529,3036.5091286010784,cand_003 (USDJPY)
2014-11-05 07:00:00,0.5672413372387529,3037.076369938317,cand_003 (USDJPY)
2014-11-05 07:54:40,0.0,3037.076369938317,cand_003 (USDJPY)
2014-11-05 08:00:00,0.7436604753931685,3037.8200304137104,cand_002 (EURJPY)
2014-11-05 13:00:00,10.703844033695269,3048.5238744474054,cand_003 (USDJPY)
2014-11-06 07:00:00,0.5672413372387529,3049.0911157846444,cand_003 (USDJPY)
2014-11-06 08:00:00,0.7436604753931685,3049.8347762600374,cand_002 (EURJPY)
2014-11-07 07:00:00,0.5672413372387529,3050.4020175972764,cand_003 (USDJPY)
2014-11-10 09:47:40,0.0,3050.4020175972764,cand_003 (USDJPY)
2014-11-10 13:00:00,-6.962887414605692,3043.439130182671,cand_003 (USDJPY)
2014-11-11 07:00:00,0.5672413372387529,3044.0063715199094,cand_003 (USDJPY)
2014-11-11 08:00:00,0.7436604753931685,3044.7500319953024,cand_002 (EURJPY)
2014-11-11 08:50:40,0.0,3044.7500319953024,cand_002 (EURJPY)
2014-11-11 08:51:40,0.0,3044.7500319953024,cand_003 (USDJPY)
2014-11-11 13:00:00,26.995015239192252,3071.745047234495,cand_003 (USDJPY)
2014-11-11 15:00:00,37.15699565301966,3108.9020428875147,cand_002 (EURJPY)
2014-11-12 07:00:00,0.5672413372387529,3109.469284224753,cand_003 (USDJPY)
2014-11-12 08:00:00,0.7436604753931685,3110.2129447001466,cand_002 (EURJPY)
2014-11-13 07:00:00,0.5672413372387529,3110.780186037385,cand_003 (USDJPY)
2014-11-13 08:00:00,0.7436604753931685,3111.5238465127786,cand_002 (EURJPY)
2014-11-14 07:00:00,0.5672413372387529,3112.091087850017,cand_003 (USDJPY)
2014-11-14 09:05:40,0.0,3112.091087850017,cand_003 (USDJPY)
2014-11-14 13:00:00,1.023870613715949,3113.1149584637333,cand_003 (USDJPY)
2014-11-17 08:00:00,0.7436604753931685,3113.8586189391262,cand_002 (EURJPY)
2014-11-18 07:00:00,0.5672413372387529,3114.4258602763653,cand_003 (USDJPY)
2014-11-19 07:00:00,0.5672413372387529,3114.9931016136043,cand_003 (USDJPY)
2014-11-19 08:00:00,0.7436604753931685,3115.7367620889972,cand_002 (EURJPY)
2014-11-20 07:00:00,0.5672413372387529,3116.304003426236,cand_003 (USDJPY)
2014-11-20 07:22:40,0.0,3116.304003426236,cand_003 (USDJPY)
2014-11-20 08:00:00,0.7436604753931685,3117.047663901629,cand_002 (EURJPY)
2014-11-20 13:00:00,-18.991239970753448,3098.056423930876,cand_003 (USDJPY)
2014-11-21 08:00:00,0.7436604753931685,3098.800084406269,cand_002 (EURJPY)
2014-11-24 07:00:00,0.5672413372387529,3099.3673257435075,cand_003 (USDJPY)
2014-11-28 07:00:00,0.5672413372387529,3099.9345670807465,cand_003 (USDJPY)
2014-11-28 08:00:00,0.7436604753931685,3100.67822755614,cand_002 (EURJPY)
2014-12-01 07:00:00,0.5672413372387529,3101.2454688933785,cand_003 (USDJPY)
2014-12-02 07:00:00,0.5672413372387529,3101.812710230617,cand_003 (USDJPY)
2014-12-02 09:01:40,0.0,3101.812710230617,cand_003 (USDJPY)
2014-12-02 13:00:00,9.97493891534347,3111.787649145961,cand_003 (USDJPY)
2014-12-03 07:00:00,0.5672413372387529,3112.3548904831996,cand_003 (USDJPY)
2014-12-05 07:00:00,0.5672413372387529,3112.922131820438,cand_003 (USDJPY)
2014-12-08 07:00:00,0.5672413372387529,3113.489373157677,cand_003 (USDJPY)
2014-12-09 08:18:20,0.0,3113.489373157677,cand_003 (USDJPY)
2014-12-09 13:00:00,-1.0408878538331117,3112.448485303844,cand_003 (USDJPY)
2014-12-16 07:56:40,0.0,3112.448485303844,cand_003 (USDJPY)
2014-12-16 13:00:00,15.877085029312694,3128.325570333157,cand_003 (USDJPY)
2014-12-18 07:00:00,0.5672413372387529,3128.8928116703955,cand_003 (USDJPY)
2014-12-19 07:00:00,0.5672413372387529,3129.460053007634,cand_003 (USDJPY)
2014-12-19 08:00:00,0.7436604753931685,3130.2037134830275,cand_002 (EURJPY)
2014-12-19 08:35:40,0.0,3130.2037134830275,cand_002 (EURJPY)
2014-12-19 08:36:40,0.0,3130.2037134830275,cand_003 (USDJPY)
2014-12-19 13:00:00,-2.8503877196247336,3127.3533257634026,cand_003 (USDJPY)
2014-12-19 15:00:00,-16.022164942345817,3111.331160821057,cand_002 (EURJPY)
2014-12-22 07:00:00,0.5672413372387529,3111.8984021582955,cand_003 (USDJPY)
2014-12-24 07:00:00,0.5672413372387529,3112.4656434955346,cand_003 (USDJPY)
2014-12-29 08:00:00,0.7436604753931685,3113.209303970928,cand_002 (EURJPY)
2014-12-30 08:03:40,0.0,3113.209303970928,cand_002 (EURJPY)
2014-12-30 09:09:40,0.0,3113.209303970928,cand_003 (USDJPY)
2014-12-30 10:06:40,33.8328259389368,3147.0421299098643,cand_003 (USDJPY)
2014-12-30 10:06:40,45.078669070363695,3192.1207989802283,cand_003 (USDJPY)
2014-12-30 15:00:00,38.930625886832374,3231.0514248670606,cand_002 (EURJPY)
2015-01-02 07:00:00,0.5672413372387529,3231.618666204299,cand_003 (USDJPY)
2015-01-05 07:00:00,0.5672413372387529,3232.185907541538,cand_003 (USDJPY)
2015-01-06 07:53:40,0.0,3232.185907541538,cand_003 (USDJPY)
2015-01-06 08:45:40,0.0,3232.185907541538,cand_002 (EURJPY)
2015-01-06 13:00:00,-1.8577153794569157,3230.3281921620815,cand_003 (USDJPY)
2015-01-06 15:00:00,16.613375020283385,3246.9415671823645,cand_002 (EURJPY)
2015-01-08 07:00:00,0.5672413372387529,3247.5088085196035,cand_003 (USDJPY)
2015-01-08 09:00:40,0.0,3247.5088085196035,cand_003 (USDJPY)
2015-01-08 13:00:00,-5.397301323826734,3242.1115071957765,cand_003 (USDJPY)
2015-01-13 08:00:00,0.7436604753931685,3242.85516767117,cand_002 (EURJPY)
2015-01-13 08:12:40,0.0,3242.85516767117,cand_002 (EURJPY)
2015-01-13 14:53:40,-52.67718977447508,3190.1779778966948,cand_002 (EURJPY)
2015-01-14 07:26:40,0.0,3190.1779778966948,cand_003 (USDJPY)
2015-01-14 08:17:40,0.0,3190.1779778966948,cand_002 (EURJPY)
2015-01-14 13:00:00,4.79886171303985,3194.9768396097347,cand_003 (USDJPY)
2015-01-14 15:00:00,27.79802857019664,3222.774868179931,cand_002 (EURJPY)
2015-01-15 07:00:00,0.5672413372387529,3223.3421095171702,cand_003 (USDJPY)
2015-01-15 08:10:40,0.0,3223.3421095171702,cand_003 (USDJPY)
2015-01-15 11:32:40,-32.2051269217302,3191.13698259544,cand_003 (USDJPY)
2015-01-20 08:00:00,0.7436604753931685,3191.8806430708332,cand_002 (EURJPY)
2015-01-20 08:31:20,0.0,3191.8806430708332,cand_002 (EURJPY)
2015-01-20 15:00:00,22.495729380643347,3214.3763724514765,cand_002 (EURJPY)
2015-01-21 08:53:40,0.0,3214.3763724514765,cand_002 (EURJPY)
2015-01-21 15:00:00,-8.29181430063383,3206.0845581508424,cand_002 (EURJPY)
2015-01-22 08:00:00,0.7436604753931685,3206.828218626236,cand_002 (EURJPY)
2015-01-23 08:01:40,0.0,3206.828218626236,cand_002 (EURJPY)
2015-01-23 13:59:40,131.73201661114587,3338.5602352373817,cand_002 (EURJPY)
2015-01-23 13:59:40,49.06857731762974,3387.6288125550113,cand_002 (EURJPY)
2015-01-27 08:47:40,0.0,3387.6288125550113,cand_002 (EURJPY)
2015-01-27 10:37:40,49.65792824437883,3437.2867407993904,cand_002 (EURJPY)
2015-01-27 10:37:40,-55.867493213911786,3381.4192475854784,cand_002 (EURJPY)
2015-01-30 08:00:00,0.7436604753931685,3382.162908060872,cand_002 (EURJPY)
2015-02-04 07:00:00,0.5672413372387529,3382.7301493981104,cand_003 (USDJPY)
2015-02-09 07:00:00,0.5672413372387529,3383.2973907353494,cand_003 (USDJPY)
2015-02-10 07:00:00,0.5672413372387529,3383.864632072588,cand_003 (USDJPY)
2015-02-11 07:00:00,0.5672413372387529,3384.431873409827,cand_003 (USDJPY)
2015-02-12 07:00:00,0.5672413372387529,3384.9991147470655,cand_003 (USDJPY)
2015-02-18 07:00:00,0.5672413372387529,3385.5663560843045,cand_003 (USDJPY)
2015-02-24 07:00:00,0.5672413372387529,3386.133597421543,cand_003 (USDJPY)
2015-02-24 08:41:40,0.0,3386.133597421543,cand_003 (USDJPY)
2015-02-24 13:00:00,10.964775048825093,3397.0983724703683,cand_003 (USDJPY)
2015-02-26 07:00:00,0.5672413372387529,3397.665613807607,cand_003 (USDJPY)
2015-02-27 07:00:00,0.5672413372387529,3398.232855144846,cand_003 (USDJPY)
2015-03-02 07:00:00,0.5672413372387529,3398.800096482085,cand_003 (USDJPY)
2015-03-04 07:00:00,0.5672413372387529,3399.3673378193234,cand_003 (USDJPY)
2015-03-05 07:00:00,0.5672413372387529,3399.934579156562,cand_003 (USDJPY)
2015-03-06 07:00:00,0.5672413372387529,3400.501820493801,cand_003 (USDJPY)
2015-03-09 07:00:00,0.5672413372387529,3401.06906183104,cand_003 (USDJPY)
2015-03-10 07:00:00,0.5672413372387529,3401.6363031682786,cand_003 (USDJPY)
2015-03-11 07:00:00,0.5672413372387529,3402.203544505517,cand_003 (USDJPY)
2015-03-12 07:00:00,0.5672413372387529,3402.770785842756,cand_003 (USDJPY)
2015-03-19 08:00:00,0.7436604753931685,3403.5144463181496,cand_002 (EURJPY)
2015-03-23 08:00:00,0.7436604753931685,3404.2581067935425,cand_002 (EURJPY)
2015-03-24 08:00:00,0.7436604753931685,3405.0017672689355,cand_002 (EURJPY)
2015-03-26 07:10:20,0.0,3405.0017672689355,cand_003 (USDJPY)
2015-03-26 13:00:00,30.253816721628887,3435.2555839905644,cand_003 (USDJPY)
2015-03-27 07:00:00,0.5672413372387529,3435.8228253278035,cand_003 (USDJPY)
2015-03-31 07:00:00,0.5672413372387529,3436.3900666650425,cand_003 (USDJPY)
2015-03-31 08:51:40,0.0,3436.3900666650425,cand_002 (EURJPY)
2015-03-31 15:00:00,41.57805717923205,3477.9681238442745,cand_002 (EURJPY)
2015-04-08 07:00:00,0.5672413372387529,3478.535365181513,cand_003 (USDJPY)
2015-04-09 07:00:00,0.5672413372387529,3479.1026065187516,cand_003 (USDJPY)
2015-04-13 07:00:00,0.5672413372387529,3479.6698478559906,cand_003 (USDJPY)
2015-04-14 08:19:40,0.0,3479.6698478559906,cand_002 (EURJPY)
2015-04-14 15:00:00,-20.963788801333422,3458.706059054657,cand_002 (EURJPY)
2015-04-20 08:03:40,0.0,3458.706059054657,cand_002 (EURJPY)
2015-04-20 08:29:40,0.0,3458.706059054657,cand_003 (USDJPY)
2015-04-20 13:00:00,-12.689188714030903,3446.016870340626,cand_003 (USDJPY)
2015-04-20 15:00:00,5.871199453229065,3451.8880697938553,cand_002 (EURJPY)
2015-04-21 07:00:00,0.5672413372387529,3452.4553111310943,cand_003 (USDJPY)
2015-04-24 08:00:00,0.7436604753931685,3453.1989716064872,cand_002 (EURJPY)
2015-04-30 07:04:40,0.0,3453.1989716064872,cand_003 (USDJPY)
2015-04-30 08:00:00,0.7436604753931685,3453.9426320818807,cand_002 (EURJPY)
2015-04-30 13:00:00,-13.023861103001767,3440.918770978879,cand_003 (USDJPY)
2015-05-01 07:00:00,0.5672413372387529,3441.4860123161175,cand_003 (USDJPY)
2015-05-06 08:00:00,0.7436604753931685,3442.229672791511,cand_002 (EURJPY)
2015-05-08 07:00:00,0.5672413372387529,3442.7969141287494,cand_003 (USDJPY)
2015-05-11 07:00:00,0.5672413372387529,3443.3641554659885,cand_003 (USDJPY)
2015-05-12 08:00:00,0.7436604753931685,3444.1078159413814,cand_002 (EURJPY)
2015-05-12 08:05:40,0.0,3444.1078159413814,cand_002 (EURJPY)
2015-05-12 15:00:00,27.210536794636038,3471.3183527360175,cand_002 (EURJPY)
2015-05-13 08:00:00,0.7436604753931685,3472.062013211411,cand_002 (EURJPY)
2015-05-15 07:00:00,0.5672413372387529,3472.6292545486494,cand_003 (USDJPY)
2015-05-15 08:00:00,0.7436604753931685,3473.372915024043,cand_002 (EURJPY)
2015-05-18 07:00:00,0.5672413372387529,3473.9401563612814,cand_003 (USDJPY)
2015-05-20 07:00:00,0.5672413372387529,3474.5073976985204,cand_003 (USDJPY)
2015-05-20 09:42:40,0.0,3474.5073976985204,cand_003 (USDJPY)
2015-05-20 13:00:00,-9.901197541502432,3464.606200157018,cand_003 (USDJPY)
2015-05-21 07:00:00,0.5672413372387529,3465.1734414942566,cand_003 (USDJPY)
2015-05-25 07:00:00,0.5672413372387529,3465.740682831495,cand_003 (USDJPY)
2015-05-26 07:00:00,0.5672413372387529,3466.307924168734,cand_003 (USDJPY)
2015-05-26 09:00:40,0.0,3466.307924168734,cand_003 (USDJPY)
2015-05-26 12:01:40,34.845068105239356,3501.1529922739737,cand_003 (USDJPY)
2015-05-26 12:01:40,42.8011951013501,3543.9541873753233,cand_003 (USDJPY)
2015-05-27 07:00:00,0.5672413372387529,3544.5214287125623,cand_003 (USDJPY)
2015-05-28 07:00:00,0.5672413372387529,3545.0886700498013,cand_003 (USDJPY)
2015-05-28 08:00:00,0.7436604753931685,3545.8323305251943,cand_002 (EURJPY)
2015-05-29 07:00:00,0.5672413372387529,3546.399571862433,cand_003 (USDJPY)
2015-06-01 07:00:00,0.5672413372387529,3546.966813199672,cand_003 (USDJPY)
2015-06-02 07:00:00,0.5672413372387529,3547.534054536911,cand_003 (USDJPY)
2015-06-04 07:00:00,0.5672413372387529,3548.1012958741494,cand_003 (USDJPY)
2015-06-08 07:00:00,0.5672413372387529,3548.668537211388,cand_003 (USDJPY)
2015-06-09 08:00:00,0.7436604753931685,3549.4121976867814,cand_002 (EURJPY)
2015-06-09 08:57:40,0.0,3549.4121976867814,cand_003 (USDJPY)
2015-06-09 13:00:00,5.116516861893551,3554.528714548675,cand_003 (USDJPY)
2015-06-10 07:15:40,0.0,3554.528714548675,cand_003 (USDJPY)
2015-06-10 07:49:20,34.88364051617159,3589.4123550648465,cand_003 (USDJPY)
2015-06-10 07:49:20,51.74659098960523,3641.158946054452,cand_003 (USDJPY)
2015-06-10 08:41:20,0.0,3641.158946054452,cand_002 (EURJPY)
2015-06-10 11:06:40,-67.98915896282043,3573.1697870916314,cand_002 (EURJPY)
2015-06-16 07:00:00,0.5672413372387529,3573.73702842887,cand_003 (USDJPY)
2015-06-18 08:25:40,0.0,3573.73702842887,cand_003 (USDJPY)
2015-06-18 13:00:00,15.826033308961206,3589.5630617378315,cand_003 (USDJPY)
2015-06-23 07:00:00,0.5672413372387529,3590.1303030750705,cand_003 (USDJPY)
2015-07-02 07:00:00,0.5672413372387529,3590.697544412309,cand_003 (USDJPY)
2015-07-02 08:00:00,0.7436604753931685,3591.441204887702,cand_002 (EURJPY)
2015-07-08 09:30:40,0.0,3591.441204887702,cand_003 (USDJPY)
2015-07-08 13:00:00,14.095947230383011,3605.537152118085,cand_003 (USDJPY)
2015-07-09 08:00:00,0.7436604753931685,3606.2808125934785,cand_002 (EURJPY)
2015-07-09 08:07:40,0.0,3606.2808125934785,cand_002 (EURJPY)
2015-07-09 15:00:00,-8.570686978906267,3597.7101256145725,cand_002 (EURJPY)
2015-07-10 07:00:00,0.5672413372387529,3598.277366951811,cand_003 (USDJPY)
2015-07-10 08:00:00,0.7436604753931685,3599.021027427204,cand_002 (EURJPY)
2015-07-10 08:50:40,0.0,3599.021027427204,cand_002 (EURJPY)
2015-07-10 15:00:00,77.45595681457546,3676.47698424178,cand_002 (EURJPY)
2015-07-13 07:00:00,0.5672413372387529,3677.0442255790185,cand_003 (USDJPY)
2015-07-13 08:00:00,0.7436604753931685,3677.7878860544115,cand_002 (EURJPY)
2015-07-13 09:48:40,0.0,3677.7878860544115,cand_003 (USDJPY)
2015-07-13 13:00:00,25.27627398735883,3703.0641600417703,cand_003 (USDJPY)
2015-07-14 07:00:00,0.5672413372387529,3703.6314013790093,cand_003 (USDJPY)
2015-07-22 08:00:00,0.7436604753931685,3704.3750618544027,cand_002 (EURJPY)
2015-07-28 07:00:00,0.5672413372387529,3704.9423031916413,cand_003 (USDJPY)
2015-07-30 07:00:00,0.5672413372387529,3705.50954452888,cand_003 (USDJPY)
2015-08-11 07:00:00,0.5672413372387529,3706.076785866119,cand_003 (USDJPY)
2015-08-11 08:00:00,0.7436604753931685,3706.8204463415123,cand_002 (EURJPY)
2015-08-12 08:00:00,0.7436604753931685,3707.564106816905,cand_002 (EURJPY)
2015-08-25 08:00:00,0.7436604753931685,3708.307767292298,cand_002 (EURJPY)
2015-08-27 07:00:00,0.5672413372387529,3708.875008629537,cand_003 (USDJPY)
2015-08-28 07:00:00,0.5672413372387529,3709.442249966776,cand_003 (USDJPY)
2015-08-31 07:00:00,0.5672413372387529,3710.009491304015,cand_003 (USDJPY)
2015-08-31 08:00:00,0.7436604753931685,3710.7531517794077,cand_002 (EURJPY)
2015-09-01 09:02:40,0.0,3710.7531517794077,cand_003 (USDJPY)
2015-09-01 13:00:00,27.30132556130118,3738.054477340709,cand_003 (USDJPY)
2015-09-03 07:00:00,0.5672413372387529,3738.6217186779477,cand_003 (USDJPY)
2015-09-04 07:18:40,0.0,3738.6217186779477,cand_003 (USDJPY)
2015-09-04 13:00:00,3.8118617862444193,3742.4335804641923,cand_003 (USDJPY)
2015-09-08 08:00:00,0.7436604753931685,3743.1772409395853,cand_002 (EURJPY)
2015-09-09 07:00:00,0.5672413372387529,3743.7444822768243,cand_003 (USDJPY)
2015-09-09 08:00:00,0.7436604753931685,3744.4881427522178,cand_002 (EURJPY)
2015-09-09 09:46:40,0.0,3744.4881427522178,cand_003 (USDJPY)
2015-09-09 13:00:00,-3.434646296980649,3741.053496455237,cand_003 (USDJPY)
2015-09-10 07:00:00,0.5672413372387529,3741.6207377924757,cand_003 (USDJPY)
2015-09-10 07:53:40,0.0,3741.6207377924757,cand_003 (USDJPY)
2015-09-10 13:00:00,24.850842984429768,3766.4715807769053,cand_003 (USDJPY)
2015-09-11 07:00:00,0.5672413372387529,3767.0388221141443,cand_003 (USDJPY)
2015-09-14 08:00:00,0.7436604753931685,3767.7824825895377,cand_002 (EURJPY)
2015-09-15 08:56:40,0.0,3767.7824825895377,cand_002 (EURJPY)
2015-09-15 09:00:40,0.0,3767.7824825895377,cand_003 (USDJPY)
2015-09-15 13:00:00,5.783025433149086,3773.5655080226866,cand_003 (USDJPY)
2015-09-15 15:00:00,12.928537364710236,3786.494045387397,cand_002 (EURJPY)
2015-09-17 07:00:00,0.5672413372387529,3787.0612867246355,cand_003 (USDJPY)
2015-09-17 08:13:40,0.0,3787.0612867246355,cand_003 (USDJPY)
2015-09-17 13:00:00,2.4873532637919316,3789.5486399884276,cand_003 (USDJPY)
2015-09-18 08:00:00,0.7436604753931685,3790.2923004638205,cand_002 (EURJPY)
2015-09-22 07:00:00,0.5672413372387529,3790.8595418010595,cand_003 (USDJPY)
2015-09-24 08:00:00,0.7436604753931685,3791.603202276453,cand_002 (EURJPY)
2015-09-25 07:00:00,0.5672413372387529,3792.1704436136915,cand_003 (USDJPY)
2015-09-25 09:24:40,0.0,3792.1704436136915,cand_003 (USDJPY)
2015-09-25 13:00:00,18.81255894952324,3810.9830025632145,cand_003 (USDJPY)
2015-09-28 08:13:40,0.0,3810.9830025632145,cand_002 (EURJPY)
2015-09-28 15:00:00,10.771921986070046,3821.7549245492846,cand_002 (EURJPY)
2015-09-29 08:04:40,0.0,3821.7549245492846,cand_003 (USDJPY)
2015-09-29 13:00:00,-21.529644954896867,3800.2252795943878,cand_003 (USDJPY)
2015-10-01 07:00:00,0.5672413372387529,3800.7925209316268,cand_003 (USDJPY)
2015-10-02 07:00:00,0.5672413372387529,3801.359762268866,cand_003 (USDJPY)
2015-10-07 08:00:00,0.7436604753931685,3802.1034227442588,cand_002 (EURJPY)
2015-10-15 08:00:00,0.7436604753931685,3802.8470832196517,cand_002 (EURJPY)
2015-10-16 07:00:00,0.5672413372387529,3803.4143245568907,cand_003 (USDJPY)
2015-10-19 07:00:00,0.5672413372387529,3803.9815658941297,cand_003 (USDJPY)
2015-10-23 07:00:00,0.5672413372387529,3804.5488072313683,cand_003 (USDJPY)
2015-10-26 07:00:00,0.5672413372387529,3805.116048568607,cand_003 (USDJPY)
2015-10-29 07:00:00,0.5672413372387529,3805.683289905846,cand_003 (USDJPY)
2015-10-30 08:00:00,0.7436604753931685,3806.4269503812393,cand_002 (EURJPY)
2015-11-04 07:00:00,0.5672413372387529,3806.994191718478,cand_003 (USDJPY)
2015-11-09 07:00:00,0.5672413372387529,3807.5614330557164,cand_003 (USDJPY)
2015-11-09 08:00:00,0.7436604753931685,3808.30509353111,cand_002 (EURJPY)
2015-11-19 08:00:00,0.7436604753931685,3809.0487540065033,cand_002 (EURJPY)
2015-11-23 07:00:00,0.5672413372387529,3809.615995343742,cand_003 (USDJPY)
2015-12-01 07:00:00,0.5672413372387529,3810.1832366809804,cand_003 (USDJPY)
2015-12-02 07:00:00,0.5672413372387529,3810.7504780182194,cand_003 (USDJPY)
2015-12-04 08:00:00,0.7436604753931685,3811.494138493613,cand_002 (EURJPY)
2015-12-10 08:00:00,0.7436604753931685,3812.237798969006,cand_002 (EURJPY)
2015-12-11 07:00:00,0.5672413372387529,3812.8050403062443,cand_003 (USDJPY)
2015-12-15 08:02:40,0.0,3812.8050403062443,cand_003 (USDJPY)
2015-12-15 13:00:00,-14.711404081287057,3798.0936362249577,cand_003 (USDJPY)
2015-12-16 07:00:00,0.5672413372387529,3798.660877562196,cand_003 (USDJPY)
2015-12-17 07:00:00,0.5672413372387529,3799.228118899435,cand_003 (USDJPY)
2015-12-18 07:00:00,0.5672413372387529,3799.795360236674,cand_003 (USDJPY)
2015-12-24 09:53:40,0.0,3799.795360236674,cand_003 (USDJPY)
2015-12-24 13:00:00,5.374611670337184,3805.169971907011,cand_003 (USDJPY)
2016-01-04 07:39:40,0.0,3805.169971907011,cand_003 (USDJPY)
2016-01-04 13:00:00,14.915610962693009,3820.085582869704,cand_003 (USDJPY)
2016-01-08 07:00:00,0.5672413372387529,3820.6528242069426,cand_003 (USDJPY)
2016-01-08 08:00:00,0.7436604753931685,3821.396484682336,cand_002 (EURJPY)
2016-01-12 08:42:40,0.0,3821.396484682336,cand_003 (USDJPY)
2016-01-12 13:00:00,-26.331342874622912,3795.065141807713,cand_003 (USDJPY)
2016-01-13 07:00:00,0.5672413372387529,3795.6323831449517,cand_003 (USDJPY)
2016-01-13 08:00:00,0.7436604753931685,3796.376043620345,cand_002 (EURJPY)
2016-01-19 07:00:00,0.5672413372387529,3796.943284957584,cand_003 (USDJPY)
2016-01-19 07:35:40,0.0,3796.943284957584,cand_003 (USDJPY)
2016-01-19 13:00:00,6.682102952672509,3803.6253879102564,cand_003 (USDJPY)
2016-01-20 08:07:40,0.0,3803.6253879102564,cand_003 (USDJPY)
2016-01-20 13:00:00,14.711404081287057,3818.3367919915436,cand_003 (USDJPY)
2016-01-21 08:01:20,0.0,3818.3367919915436,cand_003 (USDJPY)
2016-01-21 13:00:00,-11.48947328577094,3806.8473187057725,cand_003 (USDJPY)
2016-01-22 07:00:00,0.5672413372387529,3807.4145600430115,cand_003 (USDJPY)
2016-01-22 07:31:40,0.0,3807.4145600430115,cand_003 (USDJPY)
2016-01-22 08:00:00,0.7436604753931685,3808.158220518405,cand_002 (EURJPY)
2016-01-22 13:00:00,4.991723767701026,3813.149944286106,cand_003 (USDJPY)
2016-01-25 07:00:00,0.5672413372387529,3813.7171856233444,cand_003 (USDJPY)
2016-01-26 08:23:40,0.0,3813.7171856233444,cand_003 (USDJPY)
2016-01-26 13:00:00,-25.486153282137167,3788.2310323412075,cand_003 (USDJPY)
2016-01-27 07:00:00,0.5672413372387529,3788.798273678446,cand_003 (USDJPY)
2016-01-28 07:00:00,0.5672413372387529,3789.3655150156847,cand_003 (USDJPY)
2016-02-01 07:00:00,0.5672413372387529,3789.9327563529237,cand_003 (USDJPY)
2016-02-02 07:26:40,0.0,3789.9327563529237,cand_003 (USDJPY)
2016-02-02 13:00:00,-19.064981344594486,3770.867775008329,cand_003 (USDJPY)
2016-02-08 07:00:00,0.5672413372387529,3771.435016345568,cand_003 (USDJPY)
2016-02-08 07:31:40,0.0,3771.435016345568,cand_003 (USDJPY)
2016-02-08 08:00:00,0.7436604753931685,3772.1786768209613,cand_002 (EURJPY)
2016-02-08 08:44:40,0.0,3772.1786768209613,cand_002 (EURJPY)
2016-02-08 11:58:40,-37.37269550397524,3734.8059813169857,cand_003 (USDJPY)
2016-02-08 13:05:40,48.39482092692353,3783.2008022439095,cand_002 (EURJPY)
2016-02-08 13:05:40,-46.991905440094314,3736.208896803815,cand_002 (EURJPY)
2016-03-02 07:00:00,0.5672413372387529,3736.7761381410537,cand_003 (USDJPY)
2016-03-02 08:00:00,0.7436604753931685,3737.519798616447,cand_002 (EURJPY)
2016-03-02 08:45:40,0.0,3737.519798616447,cand_003 (USDJPY)
2016-03-02 13:00:00,2.4306291300680565,3739.9504277465153,cand_003 (USDJPY)
2016-03-03 07:00:00,0.5672413372387529,3740.5176690837543,cand_003 (USDJPY)
2016-03-03 07:06:40,0.0,3740.5176690837543,cand_003 (USDJPY)
2016-03-03 08:00:00,0.7436604753931685,3741.2613295591473,cand_002 (EURJPY)
2016-03-03 08:30:40,0.0,3741.2613295591473,cand_002 (EURJPY)
2016-03-03 13:00:00,-16.180559144735426,3725.0807704144117,cand_003 (USDJPY)
2016-03-03 15:00:00,5.878636057982997,3730.9594064723947,cand_002 (EURJPY)
2016-03-04 07:00:00,0.5672413372387529,3731.5266478096337,cand_003 (USDJPY)
2016-03-04 07:53:40,0.0,3731.5266478096337,cand_003 (USDJPY)
2016-03-04 08:00:00,0.7436604753931685,3732.2703082850267,cand_002 (EURJPY)
2016-03-04 13:00:00,-9.129749322857728,3723.140558962169,cand_003 (USDJPY)
2016-03-08 08:00:00,0.7436604753931685,3723.884219437562,cand_002 (EURJPY)
2016-03-10 07:00:00,0.5672413372387529,3724.4514607748006,cand_003 (USDJPY)
2016-03-10 08:00:00,0.7436604753931685,3725.195121250194,cand_002 (EURJPY)
2016-03-11 07:00:00,0.5672413372387529,3725.762362587433,cand_003 (USDJPY)
2016-03-11 09:16:40,0.0,3725.762362587433,cand_003 (USDJPY)
2016-03-11 13:00:00,3.7381204124033816,3729.500482999836,cand_003 (USDJPY)
2016-03-14 07:00:00,0.5672413372387529,3730.0677243370747,cand_003 (USDJPY)
2016-03-15 07:53:40,0.0,3730.0677243370747,cand_003 (USDJPY)
2016-03-15 13:00:00,0.8508620058581293,3730.918586342933,cand_003 (USDJPY)
2016-03-16 07:00:00,0.5672413372387529,3731.4858276801715,cand_003 (USDJPY)
2016-03-16 08:00:00,0.7436604753931685,3732.229488155565,cand_002 (EURJPY)
2016-03-17 07:21:40,0.0,3732.229488155565,cand_003 (USDJPY)
2016-03-17 13:00:00,45.390651805845,3777.62013996141,cand_003 (USDJPY)
2016-03-22 07:00:00,0.5672413372387529,3778.1873812986487,cand_003 (USDJPY)
2016-03-23 07:00:00,0.5672413372387529,3778.7546226358872,cand_003 (USDJPY)
2016-03-24 07:00:00,0.5672413372387529,3779.3218639731263,cand_003 (USDJPY)
2016-03-24 08:00:00,0.7436604753931685,3780.0655244485197,cand_002 (EURJPY)
2016-03-25 07:00:00,0.5672413372387529,3780.6327657857582,cand_003 (USDJPY)
2016-03-28 07:00:00,0.5672413372387529,3781.200007122997,cand_003 (USDJPY)
2016-03-29 07:00:00,0.5672413372387529,3781.767248460236,cand_003 (USDJPY)
2016-03-30 08:14:40,0.0,3781.767248460236,cand_003 (USDJPY)
2016-03-30 13:00:00,-3.1311721815579157,3778.636076278678,cand_003 (USDJPY)
2016-04-01 08:00:00,0.7436604753931685,3779.379736754071,cand_002 (EURJPY)
2016-04-04 08:24:40,0.0,3779.379736754071,cand_002 (EURJPY)
2016-04-04 15:00:00,-11.459807925808727,3767.9199288282625,cand_002 (EURJPY)
2016-04-05 08:12:40,0.0,3767.9199288282625,cand_002 (EURJPY)
2016-04-05 09:27:40,0.0,3767.9199288282625,cand_003 (USDJPY)
2016-04-05 13:00:00,11.968792215737688,3779.888721044,cand_003 (USDJPY)
2016-04-05 15:00:00,24.120627519377422,3804.0093485633774,cand_002 (EURJPY)
2016-04-07 08:18:40,0.0,3804.0093485633774,cand_002 (EURJPY)
2016-04-07 08:18:40,0.0,3804.0093485633774,cand_003 (USDJPY)
2016-04-07 13:00:00,34.09120436804905,3838.1005529314266,cand_003 (USDJPY)
2016-04-07 15:00:00,56.0943096589067,3894.1948625903333,cand_002 (EURJPY)
2016-04-13 07:00:00,0.5672413372387529,3894.762103927572,cand_003 (USDJPY)
2016-04-13 09:37:40,0.0,3894.762103927572,cand_003 (USDJPY)
2016-04-13 13:00:00,7.430861517827663,3902.1929654453998,cand_003 (USDJPY)
2016-04-14 07:00:00,0.5672413372387529,3902.7602067826383,cand_003 (USDJPY)
2016-04-15 07:00:00,0.5672413372387529,3903.3274481198773,cand_003 (USDJPY)
2016-04-19 07:00:00,0.5672413372387529,3903.8946894571163,cand_003 (USDJPY)
2016-04-19 08:00:00,0.7436604753931685,3904.6383499325093,cand_002 (EURJPY)
2016-04-21 07:00:00,0.5672413372387529,3905.205591269748,cand_003 (USDJPY)
2016-04-22 08:00:00,0.7436604753931685,3905.9492517451413,cand_002 (EURJPY)
2016-04-22 08:47:40,0.0,3905.9492517451413,cand_002 (EURJPY)
2016-04-22 15:00:00,17.721429128619203,3923.6706808737604,cand_002 (EURJPY)
2016-04-25 07:00:00,0.5672413372387529,3924.2379222109994,cand_003 (USDJPY)
2016-04-25 08:00:00,0.7436604753931685,3924.9815826863924,cand_002 (EURJPY)
2016-04-26 07:00:00,0.5672413372387529,3925.548824023631,cand_003 (USDJPY)
2016-04-27 07:00:00,0.5672413372387529,3926.11606536087,cand_003 (USDJPY)
2016-05-03 07:36:40,0.0,3926.11606536087,cand_003 (USDJPY)
2016-05-03 13:00:00,6.971396034664273,3933.087461395534,cand_003 (USDJPY)
2016-05-04 07:00:00,0.5672413372387529,3933.654702732773,cand_003 (USDJPY)
2016-05-04 08:00:00,0.7436604753931685,3934.3983632081663,cand_002 (EURJPY)
2016-05-05 07:00:00,0.5672413372387529,3934.965604545405,cand_003 (USDJPY)
2016-05-06 07:00:00,0.5672413372387529,3935.5328458826434,cand_003 (USDJPY)
2016-05-09 07:00:00,0.5672413372387529,3936.1000872198824,cand_003 (USDJPY)
2016-05-10 07:00:00,0.5672413372387529,3936.6673285571214,cand_003 (USDJPY)
2016-05-10 08:00:00,0.7436604753931685,3937.4109890325144,cand_002 (EURJPY)
2016-05-11 07:00:00,0.5672413372387529,3937.978230369753,cand_003 (USDJPY)
2016-05-11 08:00:00,0.7436604753931685,3938.7218908451464,cand_002 (EURJPY)
2016-05-12 07:00:00,0.5672413372387529,3939.2891321823854,cand_003 (USDJPY)
2016-05-12 07:37:40,0.0,3939.2891321823854,cand_003 (USDJPY)
2016-05-12 08:00:00,0.7436604753931685,3940.0327926577784,cand_002 (EURJPY)
2016-05-12 08:10:40,0.0,3940.0327926577784,cand_002 (EURJPY)
2016-05-12 13:00:00,20.468903654260398,3960.501696312039,cand_003 (USDJPY)
2016-05-12 15:00:00,2.9225856682951523,3963.424281980334,cand_002 (EURJPY)
2016-05-13 09:22:40,0.0,3963.424281980334,cand_003 (USDJPY)
2016-05-13 13:00:00,-12.249576677670868,3951.174705302663,cand_003 (USDJPY)
2016-05-16 07:00:00,0.5672413372387529,3951.741946639902,cand_003 (USDJPY)
2016-05-18 07:00:00,0.5672413372387529,3952.309187977141,cand_003 (USDJPY)
2016-05-18 09:59:40,0.0,3952.309187977141,cand_003 (USDJPY)
2016-05-18 13:00:00,-4.923654807232375,3947.3855331699083,cand_003 (USDJPY)
2016-05-19 07:00:00,0.5672413372387529,3947.9527745071473,cand_003 (USDJPY)
2016-05-19 08:51:40,0.0,3947.9527745071473,cand_003 (USDJPY)
2016-05-19 13:00:00,-23.214351726495963,3924.738422780651,cand_003 (USDJPY)
2016-05-25 07:00:00,0.5672413372387529,3925.30566411789,cand_003 (USDJPY)
2016-05-27 07:00:00,0.5672413372387529,3925.8729054551286,cand_003 (USDJPY)
2016-05-30 07:00:00,0.5672413372387529,3926.440146792367,cand_003 (USDJPY)
2016-05-30 07:26:40,0.0,3926.440146792367,cand_003 (USDJPY)
2016-05-30 08:00:00,0.7436604753931685,3927.1838072677606,cand_002 (EURJPY)
2016-05-30 08:44:40,0.0,3927.1838072677606,cand_002 (EURJPY)
2016-05-30 13:00:00,-0.3063103221089266,3926.8774969456517,cand_003 (USDJPY)
2016-05-30 15:00:00,17.461147962231596,3944.3386449078835,cand_002 (EURJPY)
2016-05-31 07:00:00,0.5672413372387529,3944.905886245122,cand_003 (USDJPY)
2016-05-31 08:00:00,0.7436604753931685,3945.649546720515,cand_002 (EURJPY)
2016-06-01 08:02:40,0.0,3945.649546720515,cand_003 (USDJPY)
2016-06-01 13:00:00,32.120040721144385,3977.7695874416595,cand_003 (USDJPY)
2016-06-03 07:19:40,0.0,3977.7695874416595,cand_003 (USDJPY)
2016-06-03 13:00:00,-21.175119119122645,3956.594468322537,cand_003 (USDJPY)
2016-06-07 07:00:00,0.5672413372387529,3957.1617096597756,cand_003 (USDJPY)
2016-06-07 08:00:00,0.7436604753931685,3957.9053701351686,cand_002 (EURJPY)
2016-06-10 07:00:00,0.5672413372387529,3958.4726114724076,cand_003 (USDJPY)
2016-06-13 07:55:40,0.0,3958.4726114724076,cand_003 (USDJPY)
2016-06-13 13:00:00,-1.7669567654987155,3956.7056547069087,cand_003 (USDJPY)
2016-06-14 09:16:40,0.0,3956.7056547069087,cand_003 (USDJPY)
2016-06-14 13:00:00,-4.1777324487634155,3952.5279222581457,cand_003 (USDJPY)
2016-06-15 07:00:00,0.5672413372387529,3953.0951635953843,cand_003 (USDJPY)
2016-06-16 07:30:40,0.0,3953.0951635953843,cand_003 (USDJPY)
2016-06-16 08:18:40,0.0,3953.0951635953843,cand_002 (EURJPY)
2016-06-16 13:00:00,0.10777585407536305,3953.2029394494593,cand_003 (USDJPY)
2016-06-16 15:00:00,45.50086618693101,3998.703805636391,cand_002 (EURJPY)
2016-06-20 08:00:00,0.7436604753931685,3999.447466111784,cand_002 (EURJPY)
2016-06-21 08:00:00,0.7436604753931685,4000.1911265871768,cand_002 (EURJPY)
2016-06-21 08:08:40,0.0,4000.1911265871768,cand_002 (EURJPY)
2016-06-21 15:00:00,15.773038683089105,4015.9641652702658,cand_002 (EURJPY)
2016-06-23 07:00:00,0.5672413372387529,4016.531406607505,cand_003 (USDJPY)
2016-06-30 07:00:00,0.5672413372387529,4017.098647944744,cand_003 (USDJPY)
2016-07-01 07:00:00,0.5672413372387529,4017.6658892819823,cand_003 (USDJPY)
2016-07-01 08:00:00,0.7436604753931685,4018.4095497573753,cand_002 (EURJPY)
2016-07-04 07:00:00,0.5672413372387529,4018.9767910946143,cand_003 (USDJPY)
2016-07-04 08:00:00,0.7436604753931685,4019.7204515700078,cand_002 (EURJPY)
2016-07-05 09:51:20,0.0,4019.7204515700078,cand_003 (USDJPY)
2016-07-05 13:00:00,8.922706234765583,4028.643157804773,cand_003 (USDJPY)
2016-07-11 08:00:00,0.7436604753931685,4029.386818280166,cand_002 (EURJPY)
2016-07-11 08:06:40,0.0,4029.386818280166,cand_002 (EURJPY)
2016-07-11 15:00:00,82.99994565863153,4112.386763938798,cand_002 (EURJPY)
2016-07-12 07:00:00,0.5672413372387529,4112.954005276037,cand_003 (USDJPY)
2016-07-12 08:00:00,0.7436604753931685,4113.69766575143,cand_002 (EURJPY)
2016-07-12 09:39:40,0.0,4113.69766575143,cand_003 (USDJPY)
2016-07-12 13:00:00,24.03117925211977,4137.728845003549,cand_003 (USDJPY)
2016-07-13 07:00:00,0.5672413372387529,4138.296086340788,cand_003 (USDJPY)
2016-07-13 08:00:00,0.7436604753931685,4139.039746816182,cand_002 (EURJPY)
2016-07-14 07:00:00,0.5672413372387529,4139.60698815342,cand_003 (USDJPY)
2016-07-14 08:00:00,0.7436604753931685,4140.350648628813,cand_002 (EURJPY)
2016-07-14 08:40:40,0.0,4140.350648628813,cand_002 (EURJPY)
2016-07-14 08:45:40,0.0,4140.350648628813,cand_003 (USDJPY)
2016-07-14 13:00:00,51.060228971546344,4191.4108776003595,cand_003 (USDJPY)
2016-07-14 15:00:00,100.54289627315637,4291.953773873516,cand_002 (EURJPY)
2016-07-15 07:00:00,0.5672413372387529,4292.521015210756,cand_003 (USDJPY)
2016-07-15 08:00:00,0.7436604753931685,4293.264675686149,cand_002 (EURJPY)
2016-07-18 07:00:00,0.5672413372387529,4293.831917023387,cand_003 (USDJPY)
2016-07-19 07:00:00,0.5672413372387529,4294.399158360626,cand_003 (USDJPY)
2016-07-19 08:00:00,0.7436604753931685,4295.142818836019,cand_002 (EURJPY)
2016-07-20 07:00:00,0.5672413372387529,4295.710060173258,cand_003 (USDJPY)
2016-07-21 07:00:00,0.5672413372387529,4296.277301510497,cand_003 (USDJPY)
2016-07-21 08:00:00,0.7436604753931685,4297.02096198589,cand_002 (EURJPY)
2016-07-25 07:00:00,0.5672413372387529,4297.588203323128,cand_003 (USDJPY)
2016-07-26 07:28:40,0.0,4297.588203323128,cand_003 (USDJPY)
2016-07-26 13:00:00,11.696516373863085,4309.2847196969915,cand_003 (USDJPY)
2016-07-27 08:00:00,0.7436604753931685,4310.028380172385,cand_002 (EURJPY)
2016-07-28 09:10:40,0.0,4310.028380172385,cand_003 (USDJPY)
2016-07-28 13:00:00,-14.022205856541971,4296.006174315843,cand_003 (USDJPY)
2016-08-02 09:06:40,0.0,4296.006174315843,cand_003 (USDJPY)
2016-08-02 13:00:00,20.85462776358275,4316.860802079425,cand_003 (USDJPY)
2016-08-08 07:00:00,0.5672413372387529,4317.428043416665,cand_003 (USDJPY)
2016-08-09 07:00:00,0.5672413372387529,4317.995284753903,cand_003 (USDJPY)
2016-08-12 07:00:00,0.5672413372387529,4318.562526091142,cand_003 (USDJPY)
2016-08-16 09:06:40,0.0,4318.562526091142,cand_003 (USDJPY)
2016-08-16 13:00:00,6.063809895082269,4324.626335986224,cand_003 (USDJPY)
2016-08-18 08:00:00,0.7436604753931685,4325.369996461617,cand_002 (EURJPY)
2016-08-19 07:00:00,0.5672413372387529,4325.937237798857,cand_003 (USDJPY)
2016-08-22 07:00:00,0.5672413372387529,4326.504479136095,cand_003 (USDJPY)
2016-08-24 07:00:00,0.5672413372387529,4327.071720473334,cand_003 (USDJPY)
2016-08-29 07:00:00,0.5672413372387529,4327.638961810573,cand_003 (USDJPY)
2016-08-29 08:00:00,0.7436604753931685,4328.382622285966,cand_002 (EURJPY)
2016-08-29 08:39:40,0.0,4328.382622285966,cand_002 (EURJPY)
2016-08-29 08:39:40,0.0,4328.382622285966,cand_003 (USDJPY)
2016-08-29 13:00:00,-12.0538784163235,4316.3287438696425,cand_003 (USDJPY)
2016-08-29 15:00:00,-32.57604712459774,4283.752696745045,cand_002 (EURJPY)
2016-08-30 07:00:00,0.5672413372387529,4284.319938082283,cand_003 (USDJPY)
2016-08-31 07:00:00,0.5672413372387529,4284.887179419522,cand_003 (USDJPY)
2016-09-01 07:00:00,0.5672413372387529,4285.4544207567615,cand_003 (USDJPY)
2016-09-02 07:00:00,0.5672413372387529,4286.021662094,cand_003 (USDJPY)
2016-09-02 09:32:40,0.0,4286.021662094,cand_003 (USDJPY)
2016-09-02 13:00:00,0.6012758174730781,4286.622937911473,cand_003 (USDJPY)
2016-09-05 07:00:00,0.5672413372387529,4287.1901792487115,cand_003 (USDJPY)
2016-09-06 07:00:00,0.5672413372387529,4287.757420585951,cand_003 (USDJPY)
2016-09-08 07:29:40,0.0,4287.757420585951,cand_003 (USDJPY)
2016-09-08 13:00:00,-10.604576799678487,4277.152843786273,cand_003 (USDJPY)
2016-09-09 07:00:00,0.5672413372387529,4277.720085123511,cand_003 (USDJPY)
2016-09-12 07:00:00,0.5672413372387529,4278.28732646075,cand_003 (USDJPY)
2016-09-14 07:00:00,0.5672413372387529,4278.854567797988,cand_003 (USDJPY)
2016-09-14 08:00:00,0.7436604753931685,4279.598228273382,cand_002 (EURJPY)
2016-09-14 09:27:40,0.0,4279.598228273382,cand_003 (USDJPY)
2016-09-14 12:19:40,-41.64402277338305,4237.954205499998,cand_003 (USDJPY)
2016-09-21 08:00:00,0.7436604753931685,4238.697865975391,cand_002 (EURJPY)
2016-09-21 08:03:40,0.0,4238.697865975391,cand_002 (EURJPY)
2016-09-21 10:35:40,-74.34745602743202,4164.35040994796,cand_002 (EURJPY)
2016-10-03 07:00:00,0.5672413372387529,4164.917651285199,cand_003 (USDJPY)
2016-10-03 08:00:00,0.7436604753931685,4165.661311760592,cand_002 (EURJPY)
2016-10-04 07:00:00,0.5672413372387529,4166.228553097831,cand_003 (USDJPY)
2016-10-04 08:00:00,0.7436604753931685,4166.972213573224,cand_002 (EURJPY)
2016-10-05 07:00:00,0.5672413372387529,4167.539454910462,cand_003 (USDJPY)
2016-10-06 07:00:00,0.5672413372387529,4168.106696247702,cand_003 (USDJPY)
2016-10-07 07:00:00,0.5672413372387529,4168.67393758494,cand_003 (USDJPY)
2016-10-11 07:00:00,0.5672413372387529,4169.241178922179,cand_003 (USDJPY)
2016-10-14 07:00:00,0.5672413372387529,4169.808420259418,cand_003 (USDJPY)
2016-10-14 07:13:40,0.0,4169.808420259418,cand_003 (USDJPY)
2016-10-14 13:00:00,11.035680215979937,4180.844100475398,cand_003 (USDJPY)
2016-10-17 07:00:00,0.5672413372387529,4181.411341812636,cand_003 (USDJPY)
2016-10-21 07:00:00,0.5672413372387529,4181.978583149876,cand_003 (USDJPY)
2016-10-25 07:00:00,0.5672413372387529,4182.545824487114,cand_003 (USDJPY)
2016-10-26 07:00:00,0.5672413372387529,4183.113065824353,cand_003 (USDJPY)
2016-10-27 07:00:00,0.5672413372387529,4183.680307161591,cand_003 (USDJPY)
2016-10-27 08:00:00,0.7436604753931685,4184.423967636985,cand_002 (EURJPY)
2016-10-28 07:00:00,0.5672413372387529,4184.991208974224,cand_003 (USDJPY)
2016-10-28 09:17:40,0.0,4184.991208974224,cand_003 (USDJPY)
2016-10-28 13:00:00,-10.077042356046446,4174.914166618177,cand_003 (USDJPY)
2016-11-07 07:00:00,0.5672413372387529,4175.481407955416,cand_003 (USDJPY)
2016-11-07 08:00:00,0.7436604753931685,4176.225068430809,cand_002 (EURJPY)
2016-11-08 07:00:00,0.5672413372387529,4176.792309768048,cand_003 (USDJPY)
2016-11-10 07:00:00,0.5672413372387529,4177.359551105286,cand_003 (USDJPY)
2016-11-10 08:00:00,0.7436604753931685,4178.10321158068,cand_002 (EURJPY)
2016-11-11 07:00:00,0.5672413372387529,4178.670452917919,cand_003 (USDJPY)
2016-11-14 07:00:00,0.5672413372387529,4179.237694255157,cand_003 (USDJPY)
2016-11-14 08:00:00,0.7436604753931685,4179.981354730551,cand_002 (EURJPY)
2016-11-15 07:00:00,0.5672413372387529,4180.54859606779,cand_003 (USDJPY)
2016-11-16 07:00:00,0.5672413372387529,4181.115837405028,cand_003 (USDJPY)
2016-11-16 08:00:00,0.7436604753931685,4181.859497880421,cand_002 (EURJPY)
2016-11-16 09:24:40,0.0,4181.859497880421,cand_003 (USDJPY)
2016-11-16 13:00:00,15.831705722333593,4197.691203602755,cand_003 (USDJPY)
2016-11-17 07:00:00,0.5672413372387529,4198.258444939994,cand_003 (USDJPY)
2016-11-17 08:00:00,0.7436604753931685,4199.002105415387,cand_002 (EURJPY)
2016-11-17 08:37:40,0.0,4199.002105415387,cand_003 (USDJPY)
2016-11-17 13:00:00,-21.024800164754375,4177.9773052506325,cand_003 (USDJPY)
2016-11-18 07:00:00,0.5672413372387529,4178.544546587871,cand_003 (USDJPY)
2016-11-18 08:00:00,0.7436604753931685,4179.288207063264,cand_002 (EURJPY)
2016-11-18 09:29:40,0.0,4179.288207063264,cand_003 (USDJPY)
2016-11-18 13:00:00,-28.78749786486671,4150.500709198398,cand_003 (USDJPY)
2016-11-21 08:00:00,0.7436604753931685,4151.244369673791,cand_002 (EURJPY)
2016-11-25 08:00:00,0.7436604753931685,4151.988030149184,cand_002 (EURJPY)
2016-11-28 08:00:00,0.7436604753931685,4152.731690624578,cand_002 (EURJPY)
2016-12-01 07:00:00,0.5672413372387529,4153.298931961816,cand_003 (USDJPY)
2016-12-01 08:00:00,0.7436604753931685,4154.042592437209,cand_002 (EURJPY)
2016-12-02 07:00:00,0.5672413372387529,4154.609833774448,cand_003 (USDJPY)
2016-12-02 08:00:00,0.7436604753931685,4155.353494249841,cand_002 (EURJPY)
2016-12-07 07:00:00,0.5672413372387529,4155.92073558708,cand_003 (USDJPY)
2016-12-08 08:00:00,0.7436604753931685,4156.664396062473,cand_002 (EURJPY)
2016-12-09 07:00:00,0.5672413372387529,4157.231637399712,cand_003 (USDJPY)
2016-12-12 07:00:00,0.5672413372387529,4157.79887873695,cand_003 (USDJPY)
2016-12-12 08:00:00,0.7436604753931685,4158.542539212344,cand_002 (EURJPY)
2016-12-12 08:18:40,0.0,4158.542539212344,cand_002 (EURJPY)
2016-12-12 08:20:40,0.0,4158.542539212344,cand_003 (USDJPY)
2016-12-12 13:00:00,4.112499694980959,4162.655038907325,cand_003 (USDJPY)
2016-12-12 15:00:00,34.427761708326734,4197.082800615652,cand_002 (EURJPY)
2016-12-13 07:00:00,0.5672413372387529,4197.65004195289,cand_003 (USDJPY)
2016-12-13 07:48:40,0.0,4197.65004195289,cand_003 (USDJPY)
2016-12-13 08:00:00,0.7436604753931685,4198.393702428284,cand_002 (EURJPY)
2016-12-13 13:00:00,2.8503877196247336,4201.2440901479085,cand_003 (USDJPY)
2016-12-14 07:00:00,0.5672413372387529,4201.811331485147,cand_003 (USDJPY)
2016-12-15 07:00:00,0.5672413372387529,4202.378572822386,cand_003 (USDJPY)
2016-12-15 08:00:00,0.7436604753931685,4203.1222332977795,cand_002 (EURJPY)
2016-12-16 07:00:00,0.5672413372387529,4203.689474635018,cand_003 (USDJPY)
2016-12-19 08:53:20,0.0,4203.689474635018,cand_003 (USDJPY)
2016-12-19 13:00:00,-14.637662707446019,4189.051811927572,cand_003 (USDJPY)
2016-12-20 07:00:00,0.5672413372387529,4189.619053264811,cand_003 (USDJPY)
2016-12-20 07:14:40,0.0,4189.619053264811,cand_003 (USDJPY)
2016-12-20 13:00:00,8.131404569317523,4197.750457834129,cand_003 (USDJPY)
2016-12-22 07:00:00,0.5672413372387529,4198.317699171367,cand_003 (USDJPY)
2016-12-27 07:00:00,0.5672413372387529,4198.884940508606,cand_003 (USDJPY)
2016-12-28 07:00:00,0.5672413372387529,4199.452181845844,cand_003 (USDJPY)
2016-12-29 08:43:40,0.0,4199.452181845844,cand_003 (USDJPY)
2016-12-29 13:00:00,0.14748274768207575,4199.5996645935265,cand_003 (USDJPY)
2016-12-30 08:00:00,0.7436604753931685,4200.3433250689195,cand_002 (EURJPY)
2017-01-03 07:00:00,0.5672413372387529,4200.910566406159,cand_003 (USDJPY)
2017-01-03 09:10:40,0.0,4200.910566406159,cand_003 (USDJPY)
2017-01-03 13:00:00,28.299670314841382,4229.210236721,cand_003 (USDJPY)
2017-01-04 07:00:00,0.5672413372387529,4229.777478058239,cand_003 (USDJPY)
2017-01-05 07:19:40,0.0,4229.777478058239,cand_003 (USDJPY)
2017-01-05 08:00:00,0.7436604753931685,4230.5211385336315,cand_002 (EURJPY)
2017-01-05 13:00:00,-30.551618423679233,4199.969520109953,cand_003 (USDJPY)
2017-01-09 07:00:00,0.5672413372387529,4200.536761447192,cand_003 (USDJPY)
2017-01-12 08:48:40,0.0,4200.536761447192,cand_003 (USDJPY)
2017-01-12 13:00:00,1.0919395741845994,4201.628701021376,cand_003 (USDJPY)
2017-01-13 08:00:00,0.7436604753931685,4202.372361496769,cand_002 (EURJPY)
2017-01-16 08:38:40,0.0,4202.372361496769,cand_003 (USDJPY)
2017-01-16 08:39:40,0.0,4202.372361496769,cand_002 (EURJPY)
2017-01-16 13:00:00,-22.63009314914005,4179.742268347629,cand_003 (USDJPY)
2017-01-16 15:00:00,-0.39042174958141346,4179.351846598048,cand_002 (EURJPY)
2017-01-17 07:21:40,0.0,4179.351846598048,cand_003 (USDJPY)
2017-01-17 13:00:00,27.233256600832526,4206.5851031988805,cand_003 (USDJPY)
2017-01-19 07:00:00,0.5672413372387529,4207.152344536119,cand_003 (USDJPY)
2017-01-20 07:00:00,0.5672413372387529,4207.719585873358,cand_003 (USDJPY)
2017-01-23 08:06:40,0.0,4207.719585873358,cand_003 (USDJPY)
2017-01-23 13:00:00,-13.483326586165157,4194.236259287192,cand_003 (USDJPY)
2017-01-25 07:00:00,0.5672413372387529,4194.803500624432,cand_003 (USDJPY)
2017-01-25 08:00:00,0.7436604753931685,4195.547161099825,cand_002 (EURJPY)
2017-01-27 07:00:00,0.5672413372387529,4196.114402437063,cand_003 (USDJPY)
2017-01-27 08:00:00,0.7436604753931685,4196.858062912457,cand_002 (EURJPY)
2017-01-27 08:02:40,0.0,4196.858062912457,cand_003 (USDJPY)
2017-01-27 08:40:40,0.0,4196.858062912457,cand_002 (EURJPY)
2017-01-27 13:00:00,-4.583310004889124,4192.274752907568,cand_003 (USDJPY)
2017-01-27 15:00:00,4.39131510719666,4196.666068014764,cand_002 (EURJPY)
2017-02-01 08:00:00,0.7436604753931685,4197.409728490157,cand_002 (EURJPY)
2017-02-02 07:47:40,0.0,4197.409728490157,cand_003 (USDJPY)
2017-02-02 13:00:00,5.601508205232685,4203.01123669539,cand_003 (USDJPY)
2017-02-03 07:00:00,0.5672413372387529,4203.5784780326285,cand_003 (USDJPY)
2017-02-08 07:00:00,0.5672413372387529,4204.145719369868,cand_003 (USDJPY)
2017-02-09 07:00:00,0.5672413372387529,4204.7129607071065,cand_003 (USDJPY)
2017-02-10 07:00:00,0.5672413372387529,4205.280202044345,cand_003 (USDJPY)
2017-02-10 08:00:00,0.7436604753931685,4206.023862519738,cand_002 (EURJPY)
2017-02-13 07:00:00,0.5672413372387529,4206.5911038569775,cand_003 (USDJPY)
2017-02-15 07:00:00,0.5672413372387529,4207.158345194216,cand_003 (USDJPY)
2017-02-21 07:00:00,0.5672413372387529,4207.725586531455,cand_003 (USDJPY)
2017-02-28 07:00:00,0.5672413372387529,4208.292827868694,cand_003 (USDJPY)
2017-03-01 07:00:00,0.5672413372387529,4208.860069205933,cand_003 (USDJPY)
2017-03-01 08:00:00,0.7436604753931685,4209.603729681326,cand_002 (EURJPY)
2017-03-02 07:00:00,0.5672413372387529,4210.170971018564,cand_003 (USDJPY)
2017-03-03 07:00:00,0.5672413372387529,4210.738212355804,cand_003 (USDJPY)
2017-03-09 07:00:00,0.5672413372387529,4211.305453693042,cand_003 (USDJPY)
2017-03-10 07:00:00,0.5672413372387529,4211.872695030281,cand_003 (USDJPY)
2017-03-10 08:00:00,0.7436604753931685,4212.616355505674,cand_002 (EURJPY)
2017-03-10 08:22:40,0.0,4212.616355505674,cand_003 (USDJPY)
2017-03-10 13:00:00,-5.556128898253585,4207.06022660742,cand_003 (USDJPY)
2017-03-15 07:00:00,0.5672413372387529,4207.62746794466,cand_003 (USDJPY)
2017-03-29 07:00:00,0.5672413372387529,4208.194709281898,cand_003 (USDJPY)
2017-03-30 07:00:00,0.5672413372387529,4208.761950619137,cand_003 (USDJPY)
2017-03-31 07:00:00,0.5672413372387529,4209.329191956375,cand_003 (USDJPY)
2017-04-04 09:46:40,0.0,4209.329191956375,cand_003 (USDJPY)
2017-04-04 13:00:00,-8.931214854824164,4200.397977101551,cand_003 (USDJPY)
2017-04-10 07:00:00,0.5672413372387529,4200.9652184387905,cand_003 (USDJPY)
2017-04-18 07:00:00,0.5672413372387529,4201.532459776029,cand_003 (USDJPY)
2017-04-20 07:00:00,0.5672413372387529,4202.099701113268,cand_003 (USDJPY)
2017-04-24 07:00:00,0.5672413372387529,4202.666942450506,cand_003 (USDJPY)
2017-04-24 08:00:00,0.7436604753931685,4203.4106029259,cand_002 (EURJPY)
2017-04-24 08:55:40,0.0,4203.4106029259,cand_002 (EURJPY)
2017-04-24 15:00:00,-30.768952169392346,4172.641650756507,cand_002 (EURJPY)
2017-04-25 07:00:00,0.5672413372387529,4173.208892093746,cand_003 (USDJPY)
2017-04-25 08:00:00,0.7436604753931685,4173.952552569139,cand_002 (EURJPY)
2017-04-25 08:38:40,0.0,4173.952552569139,cand_002 (EURJPY)
2017-04-25 09:45:40,0.0,4173.952552569139,cand_003 (USDJPY)
2017-04-25 13:00:00,3.854404886537326,4177.806957455677,cand_003 (USDJPY)
2017-04-25 15:00:00,35.33874579068337,4213.14570324636,cand_002 (EURJPY)
2017-04-26 07:00:00,0.5672413372387529,4213.712944583599,cand_003 (USDJPY)
2017-04-26 09:34:20,0.0,4213.712944583599,cand_003 (USDJPY)
2017-04-26 13:00:00,-11.415731911929903,4202.297212671669,cand_003 (USDJPY)
2017-04-27 07:00:00,0.5672413372387529,4202.864454008908,cand_003 (USDJPY)
2017-05-01 07:00:00,0.5672413372387529,4203.431695346147,cand_003 (USDJPY)
2017-05-01 09:26:40,0.0,4203.431695346147,cand_003 (USDJPY)
2017-05-01 13:00:00,-6.59985295877289,4196.831842387373,cand_003 (USDJPY)
2017-05-04 07:00:00,0.5672413372387529,4197.399083724612,cand_003 (USDJPY)
2017-05-05 08:00:00,0.7436604753931685,4198.142744200006,cand_002 (EURJPY)
2017-05-08 07:00:00,0.5672413372387529,4198.709985537244,cand_003 (USDJPY)
2017-05-08 08:00:00,0.7436604753931685,4199.453646012637,cand_002 (EURJPY)
2017-05-10 07:00:00,0.5672413372387529,4200.020887349876,cand_003 (USDJPY)
2017-05-11 07:00:00,0.5672413372387529,4200.588128687115,cand_003 (USDJPY)
2017-05-16 09:13:40,0.0,4200.588128687115,cand_003 (USDJPY)
2017-05-16 13:00:00,-14.53272306005685,4186.055405627058,cand_003 (USDJPY)
2017-05-22 07:00:00,0.5672413372387529,4186.622646964297,cand_003 (USDJPY)
2017-05-24 07:00:00,0.5672413372387529,4187.189888301536,cand_003 (USDJPY)
2017-05-26 08:02:40,0.0,4187.189888301536,cand_003 (USDJPY)
2017-05-26 08:52:40,0.0,4187.189888301536,cand_002 (EURJPY)
2017-05-26 13:00:00,22.54217074186804,4209.732059043404,cand_003 (USDJPY)
2017-05-26 15:00:00,34.82933836503905,4244.561397408443,cand_002 (EURJPY)
2017-05-31 07:00:00,0.5672413372387529,4245.128638745681,cand_003 (USDJPY)
2017-06-01 07:00:00,0.5672413372387529,4245.69588008292,cand_003 (USDJPY)
2017-06-02 07:00:00,0.5672413372387529,4246.263121420159,cand_003 (USDJPY)
2017-06-06 09:50:40,0.0,4246.263121420159,cand_003 (USDJPY)
2017-06-06 13:00:00,-6.460878831149396,4239.802242589009,cand_003 (USDJPY)
2017-06-08 07:00:00,0.5672413372387529,4240.369483926248,cand_003 (USDJPY)
2017-06-09 07:00:00,0.5672413372387529,4240.9367252634875,cand_003 (USDJPY)
2017-06-09 08:00:00,0.7436604753931685,4241.68038573888,cand_002 (EURJPY)
2017-06-09 09:52:40,0.0,4241.68038573888,cand_003 (USDJPY)
2017-06-09 13:00:00,-4.571965178144349,4237.108420560736,cand_003 (USDJPY)
2017-06-12 07:00:00,0.5672413372387529,4237.675661897974,cand_003 (USDJPY)
2017-06-16 07:00:00,0.5672413372387529,4238.242903235214,cand_003 (USDJPY)
2017-06-16 08:00:00,0.7436604753931685,4238.986563710607,cand_002 (EURJPY)
2017-06-16 09:42:40,0.0,4238.986563710607,cand_003 (USDJPY)
2017-06-16 13:00:00,-4.024577287708952,4234.961986422898,cand_003 (USDJPY)
2017-06-19 07:00:00,0.5672413372387529,4235.529227760137,cand_003 (USDJPY)
2017-06-20 07:00:00,0.5672413372387529,4236.096469097375,cand_003 (USDJPY)
2017-06-27 07:00:00,0.5672413372387529,4236.663710434614,cand_003 (USDJPY)
2017-06-28 07:00:00,0.5672413372387529,4237.230951771853,cand_003 (USDJPY)
2017-07-03 07:00:00,0.5672413372387529,4237.798193109092,cand_003 (USDJPY)
2017-07-04 07:00:00,0.5672413372387529,4238.36543444633,cand_003 (USDJPY)
2017-07-05 07:00:00,0.5672413372387529,4238.93267578357,cand_003 (USDJPY)
2017-07-07 07:00:00,0.5672413372387529,4239.499917120808,cand_003 (USDJPY)
2017-07-07 08:00:00,0.7436604753931685,4240.243577596201,cand_002 (EURJPY)
2017-07-10 07:00:00,0.5672413372387529,4240.81081893344,cand_003 (USDJPY)
2017-07-12 08:00:00,0.7436604753931685,4241.554479408833,cand_002 (EURJPY)
2017-07-14 07:00:00,0.5672413372387529,4242.121720746072,cand_003 (USDJPY)
2017-07-18 08:00:00,0.7436604753931685,4242.865381221465,cand_002 (EURJPY)
2017-07-20 07:00:00,0.5672413372387529,4243.432622558704,cand_003 (USDJPY)
2017-07-25 09:06:40,0.0,4243.432622558704,cand_003 (USDJPY)
2017-07-25 12:59:40,31.615763172339133,4275.048385731043,cand_003 (USDJPY)
2017-07-25 12:59:40,-29.666721937586775,4245.381663793456,cand_003 (USDJPY)
2017-08-02 07:00:00,0.5672413372387529,4245.9489051306955,cand_003 (USDJPY)
2017-08-02 07:00:40,0.0,4245.9489051306955,cand_003 (USDJPY)
2017-08-02 08:00:00,0.7436604753931685,4246.6925656060885,cand_002 (EURJPY)
2017-08-02 13:00:00,-2.867404959741896,4243.825160646346,cand_003 (USDJPY)
2017-08-03 07:00:00,0.5672413372387529,4244.392401983585,cand_003 (USDJPY)
2017-08-14 07:00:00,0.5672413372387529,4244.959643320824,cand_003 (USDJPY)
2017-08-14 07:10:40,0.0,4244.959643320824,cand_003 (USDJPY)
2017-08-14 08:00:00,0.7436604753931685,4245.703303796217,cand_002 (EURJPY)
2017-08-14 13:00:00,1.9654912335322787,4247.668795029749,cand_003 (USDJPY)
2017-08-15 07:00:00,0.5672413372387529,4248.236036366989,cand_003 (USDJPY)
2017-08-15 08:00:00,0.7436604753931685,4248.979696842382,cand_002 (EURJPY)
2017-08-15 08:30:40,0.0,4248.979696842382,cand_003 (USDJPY)
2017-08-15 08:32:40,0.0,4248.979696842382,cand_002 (EURJPY)
2017-08-15 13:00:00,0.975655100050655,4249.955351942432,cand_003 (USDJPY)
2017-08-15 15:00:00,-25.994651917368202,4223.9607000250635,cand_002 (EURJPY)
2017-08-18 09:51:40,0.0,4223.9607000250635,cand_003 (USDJPY)
2017-08-18 13:00:00,0.10493964738916929,4224.0656396724535,cand_003 (USDJPY)
2017-08-22 07:00:00,0.5672413372387529,4224.632881009692,cand_003 (USDJPY)
2017-08-23 07:00:00,0.5672413372387529,4225.200122346931,cand_003 (USDJPY)
2017-08-25 07:00:00,0.5672413372387529,4225.767363684169,cand_003 (USDJPY)
2017-08-28 08:00:00,0.7436604753931685,4226.511024159563,cand_002 (EURJPY)
2017-08-30 07:00:00,0.5672413372387529,4227.078265496802,cand_003 (USDJPY)
2017-08-30 09:16:40,0.0,4227.078265496802,cand_003 (USDJPY)
2017-08-30 13:00:00,-8.4150252379369,4218.663240258865,cand_003 (USDJPY)
2017-08-31 07:00:00,0.5672413372387529,4219.230481596103,cand_003 (USDJPY)
2017-09-08 08:00:40,0.0,4219.230481596103,cand_003 (USDJPY)
2017-09-08 13:00:00,10.47978370548596,4229.710265301589,cand_003 (USDJPY)
2017-09-11 07:00:00,0.5672413372387529,4230.277506638828,cand_003 (USDJPY)
2017-09-12 07:00:00,0.5672413372387529,4230.844747976067,cand_003 (USDJPY)
2017-09-13 07:00:00,0.5672413372387529,4231.411989313306,cand_003 (USDJPY)
2017-09-14 07:00:00,0.5672413372387529,4231.979230650544,cand_003 (USDJPY)
2017-09-15 07:00:00,0.5672413372387529,4232.546471987784,cand_003 (USDJPY)
2017-09-15 08:00:00,0.7436604753931685,4233.290132463177,cand_002 (EURJPY)
2017-09-15 08:23:40,0.0,4233.290132463177,cand_002 (EURJPY)
2017-09-15 09:13:40,0.0,4233.290132463177,cand_003 (USDJPY)
2017-09-15 13:00:00,33.609049231396114,4266.899181694573,cand_003 (USDJPY)
2017-09-15 15:00:00,89.10911646398641,4356.008298158558,cand_002 (EURJPY)
2017-09-18 07:00:00,0.5672413372387529,4356.575539495798,cand_003 (USDJPY)
2017-09-18 09:43:40,0.0,4356.575539495798,cand_003 (USDJPY)
2017-09-18 13:00:00,-5.4540254575506095,4351.1215140382465,cand_003 (USDJPY)
2017-09-19 08:00:00,0.7436604753931685,4351.86517451364,cand_002 (EURJPY)
2017-09-19 08:17:40,0.0,4351.86517451364,cand_002 (EURJPY)
2017-09-19 15:00:00,-23.741360676926906,4328.123813836713,cand_002 (EURJPY)
2017-09-21 07:00:00,0.5672413372387529,4328.691055173952,cand_003 (USDJPY)
2017-09-25 07:00:00,0.5672413372387529,4329.258296511191,cand_003 (USDJPY)
2017-09-27 07:00:00,0.5672413372387529,4329.82553784843,cand_003 (USDJPY)
2017-09-27 09:57:40,0.0,4329.82553784843,cand_003 (USDJPY)
2017-09-27 13:00:00,8.193801116413786,4338.019338964843,cand_003 (USDJPY)
2017-09-28 07:00:00,0.5672413372387529,4338.586580302082,cand_003 (USDJPY)
2017-09-28 09:03:40,0.0,4338.586580302082,cand_003 (USDJPY)
2017-09-28 13:00:00,-24.201351653291393,4314.385228648791,cand_003 (USDJPY)
2017-09-29 07:00:00,0.5672413372387529,4314.952469986029,cand_003 (USDJPY)
2017-09-29 08:00:00,0.7436604753931685,4315.696130461423,cand_002 (EURJPY)
2017-10-02 07:00:00,0.5672413372387529,4316.263371798662,cand_003 (USDJPY)
2017-10-03 07:00:00,0.5672413372387529,4316.8306131359,cand_003 (USDJPY)
2017-10-17 07:00:00,0.5672413372387529,4317.397854473139,cand_003 (USDJPY)
2017-10-20 07:00:00,0.5672413372387529,4317.9650958103775,cand_003 (USDJPY)
2017-10-20 08:00:00,0.7436604753931685,4318.708756285771,cand_002 (EURJPY)
2017-10-23 07:00:00,0.5672413372387529,4319.27599762301,cand_003 (USDJPY)
2017-10-27 07:00:00,0.5672413372387529,4319.8432389602485,cand_003 (USDJPY)
2017-11-01 07:00:00,0.5672413372387529,4320.410480297487,cand_003 (USDJPY)
2017-11-02 07:00:00,0.5672413372387529,4320.977721634727,cand_003 (USDJPY)
2017-11-06 07:00:00,0.5672413372387529,4321.544962971965,cand_003 (USDJPY)
2017-11-09 07:23:40,0.0,4321.544962971965,cand_003 (USDJPY)
2017-11-09 13:00:00,8.497275231836518,4330.042238203801,cand_003 (USDJPY)
2017-11-13 07:00:00,0.5672413372387529,4330.609479541041,cand_003 (USDJPY)
2017-11-22 09:46:40,0.0,4330.609479541041,cand_003 (USDJPY)
2017-11-22 13:00:00,-3.2899997559847667,4327.319479785056,cand_003 (USDJPY)
2017-11-27 08:00:00,0.7436604753931685,4328.063140260449,cand_002 (EURJPY)
2017-11-29 07:00:00,0.5672413372387529,4328.630381597688,cand_003 (USDJPY)
2017-11-30 07:00:00,0.5672413372387529,4329.197622934927,cand_003 (USDJPY)
2017-11-30 09:03:40,0.0,4329.197622934927,cand_003 (USDJPY)
2017-11-30 13:00:00,6.764352946572129,4335.961975881499,cand_003 (USDJPY)
2017-12-01 07:00:00,0.5672413372387529,4336.529217218737,cand_003 (USDJPY)
2017-12-01 08:00:00,0.7436604753931685,4337.27287769413,cand_002 (EURJPY)
2017-12-07 07:00:00,0.5672413372387529,4337.840119031369,cand_003 (USDJPY)
2017-12-07 08:37:40,0.0,4337.840119031369,cand_003 (USDJPY)
2017-12-07 13:00:00,3.8260428196753886,4341.666161851044,cand_003 (USDJPY)
2017-12-08 07:00:00,0.5672413372387529,4342.233403188284,cand_003 (USDJPY)
2017-12-18 07:00:00,0.5672413372387529,4342.800644525522,cand_003 (USDJPY)
2017-12-21 07:00:00,0.5672413372387529,4343.367885862761,cand_003 (USDJPY)
2017-12-21 09:35:40,0.0,4343.367885862761,cand_003 (USDJPY)
2017-12-21 13:00:00,-5.147715135441683,4338.22017072732,cand_003 (USDJPY)
2018-01-10 08:36:40,0.0,4338.22017072732,cand_002 (EURJPY)
2018-01-10 09:03:40,0.0,4338.22017072732,cand_003 (USDJPY)
2018-01-10 13:00:00,31.870454532759332,4370.090625260079,cand_003 (USDJPY)
2018-01-10 15:00:00,12.880199433809679,4382.970824693888,cand_002 (EURJPY)
2018-01-15 08:00:00,0.7436604753931685,4383.714485169281,cand_002 (EURJPY)
2018-01-17 07:00:00,0.5672413372387529,4384.2817265065205,cand_003 (USDJPY)
2018-01-18 07:00:00,0.5672413372387529,4384.848967843759,cand_003 (USDJPY)
2018-01-25 08:27:40,0.0,4384.848967843759,cand_003 (USDJPY)
2018-01-25 13:00:00,-15.341041965622074,4369.507925878137,cand_003 (USDJPY)
2018-01-26 08:24:40,0.0,4369.507925878137,cand_003 (USDJPY)
2018-01-26 13:00:00,3.3779221632567737,4372.885848041394,cand_003 (USDJPY)
2018-01-30 08:14:20,0.0,4372.885848041394,cand_002 (EURJPY)
2018-01-30 13:56:40,-56.31740780152465,4316.568440239869,cand_002 (EURJPY)
2018-01-30 13:56:40,50.23352145233314,4366.801961692202,cand_002 (EURJPY)
2018-01-31 07:00:00,0.5672413372387529,4367.3692030294405,cand_003 (USDJPY)
2018-02-01 07:00:00,0.5672413372387529,4367.93644436668,cand_003 (USDJPY)
2018-02-01 08:36:40,0.0,4367.93644436668,cand_003 (USDJPY)
2018-02-01 13:00:00,6.001413347986006,4373.937857714665,cand_003 (USDJPY)
2018-02-02 07:00:00,0.5672413372387529,4374.505099051905,cand_003 (USDJPY)
2018-02-02 08:38:40,0.0,4374.505099051905,cand_003 (USDJPY)
2018-02-02 13:00:00,2.736939452176983,4377.242038504081,cand_003 (USDJPY)
2018-02-05 07:00:00,0.5672413372387529,4377.80927984132,cand_003 (USDJPY)
2018-02-07 08:04:40,0.0,4377.80927984132,cand_002 (EURJPY)
2018-02-07 09:30:40,0.0,4377.80927984132,cand_003 (USDJPY)
2018-02-07 13:00:00,-1.506025750368889,4376.303254090952,cand_003 (USDJPY)
2018-02-07 15:00:00,13.605268397318019,4389.908522488269,cand_002 (EURJPY)
2018-02-08 07:00:00,0.5672413372387529,4390.475763825509,cand_003 (USDJPY)
2018-02-08 08:00:40,0.0,4390.475763825509,cand_003 (USDJPY)
2018-02-08 13:00:00,-6.367284010505001,4384.108479815003,cand_003 (USDJPY)
2018-02-13 08:10:20,0.0,4384.108479815003,cand_003 (USDJPY)
2018-02-13 13:00:00,29.51073056984612,4413.61921038485,cand_003 (USDJPY)
2018-02-19 07:00:00,0.5672413372387529,4414.186451722088,cand_003 (USDJPY)
2018-02-19 08:21:40,0.0,4414.186451722088,cand_003 (USDJPY)
2018-02-19 13:00:00,-3.621835938269437,4410.564615783818,cand_003 (USDJPY)
2018-02-20 07:00:00,0.5672413372387529,4411.131857121058,cand_003 (USDJPY)
2018-02-20 09:35:40,0.0,4411.131857121058,cand_003 (USDJPY)
2018-02-20 13:00:00,8.735516593476795,4419.867373714535,cand_003 (USDJPY)
2018-02-21 07:00:00,0.5672413372387529,4420.434615051773,cand_003 (USDJPY)
2018-02-21 08:00:00,0.7436604753931685,4421.178275527166,cand_002 (EURJPY)
2018-02-22 07:00:00,0.5672413372387529,4421.745516864405,cand_003 (USDJPY)
2018-02-27 07:00:00,0.5672413372387529,4422.312758201644,cand_003 (USDJPY)
2018-02-28 07:00:00,0.5672413372387529,4422.879999538883,cand_003 (USDJPY)
2018-03-02 07:58:40,0.0,4422.879999538883,cand_003 (USDJPY)
2018-03-02 13:00:00,12.734568021010002,4435.614567559893,cand_003 (USDJPY)
2018-03-06 07:00:00,0.5672413372387529,4436.181808897131,cand_003 (USDJPY)
2018-03-06 08:00:00,0.7436604753931685,4436.925469372525,cand_002 (EURJPY)
2018-03-09 07:00:00,0.5672413372387529,4437.492710709764,cand_003 (USDJPY)
2018-03-12 07:00:00,0.5672413372387529,4438.059952047002,cand_003 (USDJPY)
2018-03-13 07:00:00,0.5672413372387529,4438.627193384241,cand_003 (USDJPY)
2018-03-13 07:18:40,0.0,4438.627193384241,cand_003 (USDJPY)
2018-03-13 08:00:00,0.7436604753931685,4439.370853859635,cand_002 (EURJPY)
2018-03-13 13:00:00,23.134937939282537,4462.505791798917,cand_003 (USDJPY)
2018-03-20 07:00:00,0.5672413372387529,4463.073033136156,cand_003 (USDJPY)
2018-03-20 08:00:00,0.7436604753931685,4463.8166936115485,cand_002 (EURJPY)
2018-03-27 07:00:00,0.5672413372387529,4464.383934948788,cand_003 (USDJPY)
2018-03-28 07:00:00,0.5672413372387529,4464.951176286027,cand_003 (USDJPY)
2018-03-29 07:00:00,0.5672413372387529,4465.518417623265,cand_003 (USDJPY)
2018-03-30 07:00:00,0.5672413372387529,4466.085658960504,cand_003 (USDJPY)
2018-04-05 07:00:00,0.5672413372387529,4466.652900297742,cand_003 (USDJPY)
2018-04-06 07:00:00,0.5672413372387529,4467.220141634982,cand_003 (USDJPY)
2018-04-09 07:00:00,0.5672413372387529,4467.78738297222,cand_003 (USDJPY)
2018-04-10 07:00:00,0.5672413372387529,4468.354624309459,cand_003 (USDJPY)
2018-04-10 08:00:00,0.7436604753931685,4469.098284784852,cand_002 (EURJPY)
2018-04-13 07:00:00,0.5672413372387529,4469.665526122091,cand_003 (USDJPY)
2018-04-13 09:03:20,0.0,4469.665526122091,cand_003 (USDJPY)
2018-04-13 13:00:00,-0.8962413128372296,4468.769284809254,cand_003 (USDJPY)
2018-04-18 07:00:00,0.5672413372387529,4469.336526146492,cand_003 (USDJPY)
2018-04-18 08:00:00,0.7436604753931685,4470.080186621886,cand_002 (EURJPY)
2018-04-19 07:00:00,0.5672413372387529,4470.647427959125,cand_003 (USDJPY)
2018-04-20 07:00:00,0.5672413372387529,4471.214669296363,cand_003 (USDJPY)
2018-04-25 07:00:00,0.5672413372387529,4471.781910633602,cand_003 (USDJPY)
2018-04-25 09:57:40,0.0,4471.781910633602,cand_003 (USDJPY)
2018-04-25 13:00:00,-5.510749591274484,4466.271161042328,cand_003 (USDJPY)
2018-05-02 07:00:00,0.5672413372387529,4466.838402379566,cand_003 (USDJPY)
2018-05-09 07:00:00,0.5672413372387529,4467.405643716806,cand_003 (USDJPY)
2018-05-10 07:00:00,0.5672413372387529,4467.972885054044,cand_003 (USDJPY)
2018-05-17 07:00:00,0.5672413372387529,4468.540126391283,cand_003 (USDJPY)
2018-05-17 09:19:40,0.0,4468.540126391283,cand_003 (USDJPY)
2018-05-17 13:00:00,8.199473529786173,4476.739599921069,cand_003 (USDJPY)
2018-05-18 07:00:00,0.5672413372387529,4477.306841258308,cand_003 (USDJPY)
2018-05-21 07:00:00,0.5672413372387529,4477.8740825955465,cand_003 (USDJPY)
2018-05-21 07:14:40,0.0,4477.8740825955465,cand_003 (USDJPY)
2018-05-21 13:00:00,0.2552586017574388,4478.129341197304,cand_003 (USDJPY)
2018-05-31 08:00:00,0.7436604753931685,4478.873001672697,cand_002 (EURJPY)
2018-05-31 08:36:40,0.0,4478.873001672697,cand_002 (EURJPY)
2018-05-31 15:00:00,25.96118719597551,4504.834188868673,cand_002 (EURJPY)
2018-06-01 07:00:00,0.5672413372387529,4505.401430205911,cand_003 (USDJPY)
2018-06-01 08:00:00,0.7436604753931685,4506.145090681304,cand_002 (EURJPY)
2018-06-04 07:00:00,0.5672413372387529,4506.712332018544,cand_003 (USDJPY)
2018-06-04 08:00:00,0.7436604753931685,4507.455992493937,cand_002 (EURJPY)
2018-06-07 07:00:00,0.5672413372387529,4508.023233831175,cand_003 (USDJPY)
2018-06-11 07:00:00,0.5672413372387529,4508.590475168414,cand_003 (USDJPY)
2018-06-11 08:00:00,0.7436604753931685,4509.334135643808,cand_002 (EURJPY)
2018-06-11 09:07:40,0.0,4509.334135643808,cand_003 (USDJPY)
2018-06-11 13:00:00,7.371301177417593,4516.705436821225,cand_003 (USDJPY)
2018-06-12 07:00:00,0.5672413372387529,4517.272678158464,cand_003 (USDJPY)
2018-06-12 08:00:00,0.7436604753931685,4518.016338633857,cand_002 (EURJPY)
2018-06-13 07:00:00,0.5672413372387529,4518.583579971096,cand_003 (USDJPY)
2018-06-15 07:00:00,0.5672413372387529,4519.150821308334,cand_003 (USDJPY)
2018-06-15 09:00:40,0.0,4519.150821308334,cand_003 (USDJPY)
2018-06-15 13:00:00,-19.342929599841476,4499.807891708493,cand_003 (USDJPY)
2018-06-19 08:50:20,0.0,4499.807891708493,cand_002 (EURJPY)
2018-06-19 08:53:20,0.0,4499.807891708493,cand_003 (USDJPY)
2018-06-19 13:00:00,-12.133292203536925,4487.674599504956,cand_003 (USDJPY)
2018-06-19 15:00:00,35.584153747563114,4523.258753252519,cand_002 (EURJPY)
2018-06-21 07:00:00,0.5672413372387529,4523.825994589758,cand_003 (USDJPY)
2018-06-21 08:14:40,0.0,4523.825994589758,cand_003 (USDJPY)
2018-06-21 13:00:00,-18.80405032946466,4505.021944260294,cand_003 (USDJPY)
2018-06-25 08:23:20,0.0,4505.021944260294,cand_002 (EURJPY)
2018-06-25 15:00:00,-45.65703488676358,4459.364909373529,cand_002 (EURJPY)
2018-06-29 08:00:00,0.7436604753931685,4460.108569848923,cand_002 (EURJPY)
2018-07-02 07:00:00,0.5672413372387529,4460.675811186162,cand_003 (USDJPY)
2018-07-03 07:00:00,0.5672413372387529,4461.2430525234,cand_003 (USDJPY)
2018-07-10 07:00:00,0.5672413372387529,4461.810293860639,cand_003 (USDJPY)
2018-07-10 08:09:40,0.0,4461.810293860639,cand_003 (USDJPY)
2018-07-10 13:00:00,1.8350257259673657,4463.645319586607,cand_003 (USDJPY)
2018-07-11 07:00:00,0.5672413372387529,4464.212560923846,cand_003 (USDJPY)
2018-07-11 08:00:00,0.7436604753931685,4464.9562213992385,cand_002 (EURJPY)
2018-07-12 07:00:00,0.5672413372387529,4465.523462736477,cand_003 (USDJPY)
2018-07-12 08:00:00,0.7436604753931685,4466.267123211871,cand_002 (EURJPY)
2018-07-13 07:00:00,0.5672413372387529,4466.8343645491095,cand_003 (USDJPY)
2018-07-30 07:00:00,0.5672413372387529,4467.401605886348,cand_003 (USDJPY)
2018-08-01 07:00:00,0.5672413372387529,4467.968847223587,cand_003 (USDJPY)
2018-08-01 09:19:40,0.0,4467.968847223587,cand_003 (USDJPY)
2018-08-01 13:00:00,-4.861258260136113,4463.107588963451,cand_003 (USDJPY)
2018-08-10 07:22:40,0.0,4463.107588963451,cand_003 (USDJPY)
2018-08-10 08:09:40,0.0,4463.107588963451,cand_002 (EURJPY)
2018-08-10 13:00:00,-12.677843887286128,4450.429745076165,cand_003 (USDJPY)
2018-08-10 15:00:00,16.95545883896424,4467.385203915129,cand_002 (EURJPY)
2018-08-14 07:00:00,0.5672413372387529,4467.952445252367,cand_003 (USDJPY)
2018-08-14 09:18:40,0.0,4467.952445252367,cand_003 (USDJPY)
2018-08-14 13:00:00,-4.909473773801406,4463.042971478566,cand_003 (USDJPY)
2018-08-15 07:00:00,0.5672413372387529,4463.610212815805,cand_003 (USDJPY)
2018-08-21 08:00:00,0.7436604753931685,4464.353873291198,cand_002 (EURJPY)
2018-08-21 08:29:40,0.0,4464.353873291198,cand_002 (EURJPY)
2018-08-21 15:00:00,1.0783076893200942,4465.432180980519,cand_002 (EURJPY)
2018-08-22 07:00:00,0.5672413372387529,4465.999422317757,cand_003 (USDJPY)
2018-08-22 08:00:00,0.7436604753931685,4466.74308279315,cand_002 (EURJPY)
2018-08-23 07:00:00,0.5672413372387529,4467.310324130389,cand_003 (USDJPY)
2018-08-24 07:00:00,0.5672413372387529,4467.877565467628,cand_003 (USDJPY)
2018-08-27 08:00:00,0.7436604753931685,4468.621225943021,cand_002 (EURJPY)
2018-08-28 07:00:00,0.5672413372387529,4469.18846728026,cand_003 (USDJPY)
2018-09-04 07:00:00,0.5672413372387529,4469.755708617498,cand_003 (USDJPY)
2018-09-04 09:02:40,0.0,4469.755708617498,cand_003 (USDJPY)
2018-09-04 13:00:00,5.042775488052514,4474.798484105551,cand_003 (USDJPY)
2018-09-05 07:00:00,0.5672413372387529,4475.36572544279,cand_003 (USDJPY)
2018-09-11 07:00:00,0.5672413372387529,4475.932966780028,cand_003 (USDJPY)
2018-09-11 08:00:00,0.7436604753931685,4476.676627255422,cand_002 (EURJPY)
2018-09-11 08:40:40,0.0,4476.676627255422,cand_002 (EURJPY)
2018-09-11 15:00:00,-28.114084272238735,4448.562542983183,cand_002 (EURJPY)
2018-09-13 07:00:00,0.5672413372387529,4449.129784320422,cand_003 (USDJPY)
2018-09-13 08:00:00,0.7436604753931685,4449.873444795816,cand_002 (EURJPY)
2018-09-14 07:00:00,0.5672413372387529,4450.440686133054,cand_003 (USDJPY)
2018-09-18 07:00:00,0.5672413372387529,4451.007927470293,cand_003 (USDJPY)
2018-09-18 08:00:00,0.7436604753931685,4451.751587945686,cand_002 (EURJPY)
2018-09-18 09:17:40,0.0,4451.751587945686,cand_003 (USDJPY)
2018-09-18 13:00:00,-6.889146040764654,4444.862441904921,cand_003 (USDJPY)
2018-09-21 07:00:00,0.5672413372387529,4445.4296832421605,cand_003 (USDJPY)
2018-09-21 08:00:00,0.7436604753931685,4446.1733437175535,cand_002 (EURJPY)
2018-09-21 09:47:40,0.0,4446.1733437175535,cand_003 (USDJPY)
2018-09-21 13:00:00,-7.4450425512586325,4438.728301166295,cand_003 (USDJPY)
2018-09-28 07:00:00,0.5672413372387529,4439.295542503533,cand_003 (USDJPY)
2018-10-01 07:00:00,0.5672413372387529,4439.862783840772,cand_003 (USDJPY)
2018-10-04 07:00:00,0.5672413372387529,4440.430025178011,cand_003 (USDJPY)
2018-10-12 08:00:00,0.7436604753931685,4441.173685653404,cand_002 (EURJPY)
2018-10-12 08:24:40,0.0,4441.173685653404,cand_002 (EURJPY)
2018-10-12 15:00:00,-33.77334048998075,4407.4003451634235,cand_002 (EURJPY)
2018-10-19 07:00:00,0.5672413372387529,4407.967586500663,cand_003 (USDJPY)
2018-10-22 07:00:00,0.5672413372387529,4408.5348278379015,cand_003 (USDJPY)
2018-10-22 08:00:00,0.7436604753931685,4409.2784883132945,cand_002 (EURJPY)
2018-10-22 09:33:20,0.0,4409.2784883132945,cand_003 (USDJPY)
2018-10-22 13:00:00,2.8163532393904083,4412.094841552685,cand_003 (USDJPY)
2018-10-23 09:43:40,0.0,4412.094841552685,cand_003 (USDJPY)
2018-10-23 13:00:00,2.5242239507124506,4414.619065503397,cand_003 (USDJPY)
2018-10-24 07:00:00,0.5672413372387529,4415.1863068406365,cand_003 (USDJPY)
2018-10-26 08:31:40,0.0,4415.1863068406365,cand_002 (EURJPY)
2018-10-26 15:00:00,19.115792519981394,4434.302099360617,cand_002 (EURJPY)
2018-10-30 07:00:00,0.5672413372387529,4434.869340697856,cand_003 (USDJPY)
2018-10-30 08:00:00,0.7436604753931685,4435.613001173249,cand_002 (EURJPY)
2018-10-31 07:00:00,0.5672413372387529,4436.180242510488,cand_003 (USDJPY)
2018-11-07 08:00:00,0.7436604753931685,4436.923902985882,cand_002 (EURJPY)
2018-11-09 07:00:00,0.5672413372387529,4437.49114432312,cand_003 (USDJPY)
2018-11-13 07:00:00,0.5672413372387529,4438.058385660359,cand_003 (USDJPY)
2018-11-21 07:00:00,0.5672413372387529,4438.6256269975975,cand_003 (USDJPY)
2018-11-26 07:00:00,0.5672413372387529,4439.192868334836,cand_003 (USDJPY)
2018-11-26 08:00:00,0.7436604753931685,4439.93652881023,cand_002 (EURJPY)
2018-12-07 07:00:00,0.5672413372387529,4440.5037701474685,cand_003 (USDJPY)
2018-12-11 07:00:00,0.5672413372387529,4441.071011484707,cand_003 (USDJPY)
2018-12-20 07:43:40,0.0,4441.071011484707,cand_003 (USDJPY)
2018-12-20 13:00:00,17.56179180091179,4458.632803285619,cand_003 (USDJPY)
2018-12-27 07:00:00,0.5672413372387529,4459.200044622858,cand_003 (USDJPY)
2018-12-27 08:00:00,0.7436604753931685,4459.943705098251,cand_002 (EURJPY)
2018-12-28 09:56:40,0.0,4459.943705098251,cand_003 (USDJPY)
2018-12-28 13:00:00,3.497042844076912,4463.440747942328,cand_003 (USDJPY)
2019-01-02 08:10:40,0.0,4463.440747942328,cand_003 (USDJPY)
2019-01-02 13:00:00,6.812568460237422,4470.253316402565,cand_003 (USDJPY)
2019-01-04 07:00:00,0.5672413372387529,4470.820557739804,cand_003 (USDJPY)
2019-01-07 07:00:00,0.5672413372387529,4471.387799077043,cand_003 (USDJPY)
2019-01-07 08:00:00,0.7436604753931685,4472.131459552436,cand_002 (EURJPY)
2019-01-08 07:00:00,0.5672413372387529,4472.698700889675,cand_003 (USDJPY)
2019-01-09 07:00:00,0.5672413372387529,4473.2659422269135,cand_003 (USDJPY)
2019-01-10 08:00:00,0.7436604753931685,4474.009602702306,cand_002 (EURJPY)
2019-01-15 07:00:00,0.5672413372387529,4474.576844039546,cand_003 (USDJPY)
2019-01-15 07:16:40,0.0,4474.576844039546,cand_003 (USDJPY)
2019-01-15 08:00:00,0.7436604753931685,4475.320504514939,cand_002 (EURJPY)
2019-01-15 13:00:00,-10.664137140088556,4464.656367374851,cand_003 (USDJPY)
2019-01-16 07:00:00,0.5672413372387529,4465.223608712089,cand_003 (USDJPY)
2019-01-17 07:00:00,0.5672413372387529,4465.790850049328,cand_003 (USDJPY)
2019-01-18 07:00:00,0.5672413372387529,4466.358091386566,cand_003 (USDJPY)
2019-01-21 07:00:00,0.5672413372387529,4466.925332723806,cand_003 (USDJPY)
2019-01-23 07:00:00,0.5672413372387529,4467.492574061044,cand_003 (USDJPY)
2019-01-23 08:00:00,0.7436604753931685,4468.236234536437,cand_002 (EURJPY)
2019-01-25 07:00:00,0.5672413372387529,4468.803475873676,cand_003 (USDJPY)
2019-02-04 07:00:00,0.5672413372387529,4469.370717210915,cand_003 (USDJPY)
2019-02-07 07:00:00,0.5672413372387529,4469.937958548154,cand_003 (USDJPY)
2019-02-12 07:00:00,0.5672413372387529,4470.505199885392,cand_003 (USDJPY)
2019-02-13 07:00:00,0.5672413372387529,4471.072441222632,cand_003 (USDJPY)
2019-02-14 07:00:01,0.5672413372387529,4471.63968255987,cand_003 (USDJPY)
2019-02-14 08:00:00,0.7436604753931685,4472.383343035263,cand_002 (EURJPY)
2019-02-20 07:00:00,0.5672413372387529,4472.950584372502,cand_003 (USDJPY)
2019-02-20 08:00:00,0.7436604753931685,4473.694244847895,cand_002 (EURJPY)
2019-02-21 07:00:00,0.5672413372387529,4474.261486185134,cand_003 (USDJPY)
2019-02-21 08:00:00,0.7436604753931685,4475.005146660527,cand_002 (EURJPY)
2019-03-01 07:00:00,0.5672413372387529,4475.572387997766,cand_003 (USDJPY)
2019-03-08 07:52:40,0.0,4475.572387997766,cand_003 (USDJPY)
2019-03-08 13:00:00,-5.507913384588291,4470.0644746131775,cand_003 (USDJPY)
2019-03-14 07:00:00,0.5672413372387529,4470.631715950416,cand_003 (USDJPY)
2019-03-14 08:00:00,0.7436604753931685,4471.37537642581,cand_002 (EURJPY)
2019-03-15 07:00:00,0.5672413372387529,4471.9426177630485,cand_003 (USDJPY)
2019-03-20 07:00:00,0.5672413372387529,4472.509859100287,cand_003 (USDJPY)
2019-03-27 07:00:00,0.5672413372387529,4473.077100437526,cand_003 (USDJPY)
2019-03-29 07:00:00,0.5672413372387529,4473.644341774765,cand_003 (USDJPY)
2019-04-01 07:00:00,0.5672413372387529,4474.211583112004,cand_003 (USDJPY)
2019-04-03 07:00:00,0.5672413372387529,4474.778824449242,cand_003 (USDJPY)
2019-04-25 07:00:00,0.5672413372387529,4475.346065786482,cand_003 (USDJPY)
2019-05-02 07:00:00,0.5672413372387529,4475.91330712372,cand_003 (USDJPY)
2019-05-14 07:00:00,0.5672413372387529,4476.480548460959,cand_003 (USDJPY)
2019-05-14 08:00:00,0.7436604753931685,4477.224208936352,cand_002 (EURJPY)
2019-05-17 09:29:40,0.0,4477.224208936352,cand_003 (USDJPY)
2019-05-17 13:00:00,-9.149602769661085,4468.0746061666905,cand_003 (USDJPY)
2019-05-20 07:00:00,0.5672413372387529,4468.64184750393,cand_003 (USDJPY)
2019-05-31 07:55:20,0.0,4468.64184750393,cand_003 (USDJPY)
2019-05-31 08:24:40,0.0,4468.64184750393,cand_002 (EURJPY)
2019-05-31 13:00:00,10.428731985134473,4479.070579489064,cand_003 (USDJPY)
2019-05-31 15:00:00,-5.194468420621282,4473.876111068443,cand_002 (EURJPY)
2019-06-11 07:00:00,0.5672413372387529,4474.443352405682,cand_003 (USDJPY)
2019-06-25 07:38:40,0.0,4474.443352405682,cand_003 (USDJPY)
2019-06-25 13:00:00,-17.210102171823763,4457.233250233858,cand_003 (USDJPY)
2019-06-26 07:00:00,0.5672413372387529,4457.800491571097,cand_003 (USDJPY)
2019-06-27 07:00:00,0.5672413372387529,4458.367732908336,cand_003 (USDJPY)
2019-07-01 07:00:00,0.5672413372387529,4458.934974245574,cand_003 (USDJPY)
2019-07-01 08:00:00,0.7436604753931685,4459.678634720967,cand_002 (EURJPY)
2019-07-22 07:00:00,0.5672413372387529,4460.245876058207,cand_003 (USDJPY)
2019-07-23 07:00:00,0.5672413372387529,4460.813117395445,cand_003 (USDJPY)
2019-07-23 07:39:40,0.0,4460.813117395445,cand_003 (USDJPY)
2019-07-23 13:00:00,-0.8905688994648421,4459.922548495981,cand_003 (USDJPY)
2019-08-01 07:00:00,0.5672413372387529,4460.489789833219,cand_003 (USDJPY)
2019-08-06 07:00:00,0.5672413372387529,4461.057031170458,cand_003 (USDJPY)
2019-08-06 07:01:40,0.0,4461.057031170458,cand_003 (USDJPY)
2019-08-06 08:00:00,0.7436604753931685,4461.800691645851,cand_002 (EURJPY)
2019-08-06 13:00:00,-13.542886926575227,4448.257804719276,cand_003 (USDJPY)
2019-08-08 07:00:00,0.5672413372387529,4448.825046056514,cand_003 (USDJPY)
2019-08-14 07:00:00,0.5672413372387529,4449.392287393754,cand_003 (USDJPY)
2019-08-14 08:00:00,0.7436604753931685,4450.135947869147,cand_002 (EURJPY)
2019-08-16 07:00:00,0.5672413372387529,4450.703189206385,cand_003 (USDJPY)
2019-08-21 07:00:00,0.5672413372387529,4451.270430543624,cand_003 (USDJPY)
2019-08-29 07:00:00,0.5672413372387529,4451.837671880863,cand_003 (USDJPY)
2019-09-05 07:00:00,0.5672413372387529,4452.404913218102,cand_003 (USDJPY)
2019-09-09 07:00:00,0.5672413372387529,4452.97215455534,cand_003 (USDJPY)
2019-09-10 07:00:00,0.5672413372387529,4453.53939589258,cand_003 (USDJPY)
2019-09-12 07:00:00,0.5672413372387529,4454.106637229818,cand_003 (USDJPY)
2019-09-17 07:00:00,0.5672413372387529,4454.673878567057,cand_003 (USDJPY)
2019-10-09 07:00:00,0.5672413372387529,4455.241119904295,cand_003 (USDJPY)
2019-10-10 07:00:00,0.5672413372387529,4455.808361241534,cand_003 (USDJPY)
2019-10-10 08:00:00,0.7436604753931685,4456.552021716928,cand_002 (EURJPY)
2019-10-11 07:00:00,0.5672413372387529,4457.119263054166,cand_003 (USDJPY)
2019-10-14 07:00:00,0.5672413372387529,4457.686504391405,cand_003 (USDJPY)
2019-10-16 07:00:00,0.5672413372387529,4458.2537457286435,cand_003 (USDJPY)
2019-11-08 07:00:00,0.5672413372387529,4458.820987065883,cand_003 (USDJPY)
2019-11-26 07:00:00,0.5672413372387529,4459.3882284031215,cand_003 (USDJPY)
2019-12-13 07:00:00,0.5672413372387529,4459.95546974036,cand_003 (USDJPY)
2020-01-14 07:00:00,0.5672413372387529,4460.5227110775995,cand_003 (USDJPY)
2020-01-31 07:00:00,0.5672413372387529,4461.089952414838,cand_003 (USDJPY)
2020-02-20 07:00:00,0.5672413372387529,4461.657193752077,cand_003 (USDJPY)
2020-02-20 09:17:40,0.0,4461.657193752077,cand_003 (USDJPY)
2020-02-20 13:00:00,27.006360065937027,4488.6635538180135,cand_003 (USDJPY)
2020-02-21 07:00:00,0.5672413372387529,4489.230795155252,cand_003 (USDJPY)
2020-03-03 08:00:00,0.7436604753931685,4489.974455630646,cand_002 (EURJPY)
2020-03-10 08:00:00,0.7436604753931685,4490.718116106039,cand_002 (EURJPY)
2020-03-10 08:05:40,0.0,4490.718116106039,cand_002 (EURJPY)
2020-03-10 15:00:00,7.603928360895147,4498.322044466934,cand_002 (EURJPY)
2020-03-11 07:00:00,0.5672413372387529,4498.889285804173,cand_003 (USDJPY)
2020-03-11 08:00:00,0.7436604753931685,4499.632946279566,cand_002 (EURJPY)
2020-03-13 07:00:00,0.5672413372387529,4500.200187616805,cand_003 (USDJPY)
2020-03-13 07:42:40,0.0,4500.200187616805,cand_003 (USDJPY)
2020-03-13 08:00:00,0.7436604753931685,4500.943848092198,cand_002 (EURJPY)
2020-03-13 08:03:40,0.0,4500.943848092198,cand_002 (EURJPY)
2020-03-13 13:00:00,45.589186273878575,4546.533034366077,cand_003 (USDJPY)
2020-03-13 15:00:00,43.83134841967335,4590.36438278575,cand_002 (EURJPY)
2020-03-17 07:00:00,0.5672413372387529,4590.931624122988,cand_003 (USDJPY)
2020-03-17 08:00:00,0.7436604753931685,4591.675284598381,cand_002 (EURJPY)
2020-03-18 07:00:00,0.5672413372387529,4592.2425259356205,cand_003 (USDJPY)
2020-03-19 07:00:00,0.5672413372387529,4592.809767272858,cand_003 (USDJPY)
2020-03-19 08:00:00,0.7436604753931685,4593.553427748251,cand_002 (EURJPY)
2020-03-20 07:00:00,0.5672413372387529,4594.120669085491,cand_003 (USDJPY)
2020-03-23 07:00:00,0.5672413372387529,4594.687910422728,cand_003 (USDJPY)
2020-03-24 08:00:00,0.7436604753931685,4595.431570898121,cand_002 (EURJPY)
2020-03-25 07:00:00,0.5672413372387529,4595.998812235361,cand_003 (USDJPY)
2020-03-25 08:00:00,0.7436604753931685,4596.742472710754,cand_002 (EURJPY)
2020-03-25 08:07:40,0.0,4596.742472710754,cand_002 (EURJPY)
2020-03-25 15:00:00,-12.099355934646852,4584.643116776106,cand_002 (EURJPY)
2020-03-26 08:00:00,0.7436604753931685,4585.386777251499,cand_002 (EURJPY)
2020-03-31 07:00:00,0.5672413372387529,4585.954018588738,cand_003 (USDJPY)
2020-04-03 07:00:00,0.5672413372387529,4586.521259925976,cand_003 (USDJPY)
2020-04-06 07:00:00,0.5672413372387529,4587.088501263215,cand_003 (USDJPY)
2020-04-06 08:00:00,0.7436604753931685,4587.832161738608,cand_002 (EURJPY)
2020-04-06 08:44:40,0.0,4587.832161738608,cand_002 (EURJPY)
2020-04-06 09:59:40,0.0,4587.832161738608,cand_003 (USDJPY)
2020-04-06 13:00:00,-0.15599136774065706,4587.676170370867,cand_003 (USDJPY)
2020-04-06 15:00:00,-29.76501052761157,4557.9111598432555,cand_002 (EURJPY)
2020-04-07 07:00:00,0.5672413372387529,4558.478401180494,cand_003 (USDJPY)
2020-04-08 07:00:00,0.5672413372387529,4559.045642517733,cand_003 (USDJPY)
2020-04-08 08:00:00,0.7436604753931685,4559.789302993126,cand_002 (EURJPY)
2020-04-08 08:19:20,0.0,4559.789302993126,cand_003 (USDJPY)
2020-04-08 13:00:00,-8.548326952188006,4551.240976040937,cand_003 (USDJPY)
2020-04-09 07:00:00,0.5672413372387529,4551.808217378177,cand_003 (USDJPY)
2020-04-13 07:50:40,0.0,4551.808217378177,cand_003 (USDJPY)
2020-04-13 13:00:00,-6.146059888981888,4545.662157489194,cand_003 (USDJPY)
2020-04-16 07:00:00,0.5672413372387529,4546.229398826434,cand_003 (USDJPY)
2020-04-17 07:00:00,0.5672413372387529,4546.796640163672,cand_003 (USDJPY)
2020-04-20 07:00:00,0.5672413372387529,4547.363881500911,cand_003 (USDJPY)
2020-04-27 09:17:40,0.0,4547.363881500911,cand_003 (USDJPY)
2020-04-27 13:00:00,-2.0647584675490607,4545.299123033362,cand_003 (USDJPY)
2020-05-01 07:00:00,0.5672413372387529,4545.8663643706,cand_003 (USDJPY)
2020-05-11 07:00:00,0.5672413372387529,4546.433605707839,cand_003 (USDJPY)
2020-05-11 09:37:40,0.0,4546.433605707839,cand_003 (USDJPY)
2020-05-11 13:00:00,3.9678531539850765,4550.401458861825,cand_003 (USDJPY)
2020-05-12 07:00:00,0.5672413372387529,4550.968700199062,cand_003 (USDJPY)
2020-05-20 07:00:00,0.5672413372387529,4551.535941536302,cand_003 (USDJPY)
2020-05-21 07:00:00,0.5672413372387529,4552.1031828735395,cand_003 (USDJPY)
2020-05-26 07:00:00,0.5672413372387529,4552.670424210779,cand_003 (USDJPY)
2020-05-29 07:47:40,0.0,4552.670424210779,cand_003 (USDJPY)
2020-05-29 13:00:00,0.8451895924857419,4553.515613803264,cand_003 (USDJPY)
2020-06-03 07:00:00,0.5672413372387529,4554.082855140503,cand_003 (USDJPY)
2020-06-03 08:00:00,0.7436604753931685,4554.826515615896,cand_002 (EURJPY)
2020-06-08 07:00:00,0.5672413372387529,4555.3937569531345,cand_003 (USDJPY)
2020-06-08 08:00:00,0.7436604753931685,4556.137417428527,cand_002 (EURJPY)
2020-06-10 08:45:40,0.0,4556.137417428527,cand_003 (USDJPY)
2020-06-10 13:00:00,4.807370333098431,4560.944787761626,cand_003 (USDJPY)
2020-06-15 08:03:40,0.0,4560.944787761626,cand_003 (USDJPY)
2020-06-15 13:00:00,-17.122179764551756,4543.822607997074,cand_003 (USDJPY)
2020-06-16 07:00:00,0.5672413372387529,4544.389849334313,cand_003 (USDJPY)
2020-06-23 07:00:00,0.5672413372387529,4544.957090671552,cand_003 (USDJPY)
2020-06-23 08:00:00,0.7436604753931685,4545.700751146945,cand_002 (EURJPY)
2020-06-25 07:00:00,0.5672413372387529,4546.267992484183,cand_003 (USDJPY)
2020-06-29 07:00:00,0.5672413372387529,4546.835233821423,cand_003 (USDJPY)
2020-06-30 07:00:00,0.5672413372387529,4547.402475158661,cand_003 (USDJPY)
2020-07-01 07:00:00,0.5672413372387529,4547.9697164959,cand_003 (USDJPY)
2020-07-06 07:00:00,0.5672413372387529,4548.536957833139,cand_003 (USDJPY)
2020-07-06 08:00:00,0.7436604753931685,4549.280618308532,cand_002 (EURJPY)
2020-07-10 09:33:40,0.0,4549.280618308532,cand_003 (USDJPY)
2020-07-10 13:00:00,2.6546894582773635,4551.935307766809,cand_003 (USDJPY)
2020-07-20 07:00:00,0.5672413372387529,4552.502549104048,cand_003 (USDJPY)
2020-07-31 08:00:00,0.7436604753931685,4553.246209579441,cand_002 (EURJPY)
2020-08-03 07:00:00,0.5672413372387529,4553.813450916679,cand_003 (USDJPY)
2020-08-04 07:00:00,0.5672413372387529,4554.380692253918,cand_003 (USDJPY)
2020-08-11 07:00:00,0.5672413372387529,4554.9479335911565,cand_003 (USDJPY)
2020-08-12 07:00:00,0.5672413372387529,4555.515174928395,cand_003 (USDJPY)
2020-08-13 07:00:00,0.5672413372387529,4556.082416265634,cand_003 (USDJPY)
2020-08-24 07:00:00,0.5672413372387529,4556.649657602872,cand_003 (USDJPY)
2020-08-28 07:00:00,0.5672413372387529,4557.216898940111,cand_003 (USDJPY)
2020-08-28 08:00:00,0.7436604753931685,4557.960559415504,cand_002 (EURJPY)
2020-09-01 08:00:00,0.7436604753931685,4558.704219890897,cand_002 (EURJPY)
2020-09-02 07:00:00,0.5672413372387529,4559.271461228135,cand_003 (USDJPY)
2020-09-23 07:00:00,0.5672413372387529,4559.838702565374,cand_003 (USDJPY)
2020-09-30 08:00:00,0.7436604753931685,4560.582363040767,cand_002 (EURJPY)
2020-10-02 08:01:40,0.0,4560.582363040767,cand_002 (EURJPY)
2020-10-02 15:00:00,7.774970270235577,4568.357333311002,cand_002 (EURJPY)
2020-10-05 07:00:00,0.5672413372387529,4568.924574648241,cand_003 (USDJPY)
2020-11-02 07:00:00,0.5672413372387529,4569.491815985479,cand_003 (USDJPY)
2020-11-04 07:00:00,0.5672413372387529,4570.059057322718,cand_003 (USDJPY)
2020-11-10 07:00:00,0.5672413372387529,4570.626298659956,cand_003 (USDJPY)
2020-11-10 08:00:00,0.7436604753931685,4571.369959135349,cand_002 (EURJPY)
2020-11-11 07:00:00,0.5672413372387529,4571.937200472588,cand_003 (USDJPY)
2020-11-11 09:14:40,0.0,4571.937200472588,cand_003 (USDJPY)
2020-11-11 13:00:00,0.9671464799920738,4572.90434695258,cand_003 (USDJPY)
2020-11-12 07:00:00,0.5672413372387529,4573.471588289818,cand_003 (USDJPY)
2020-12-10 07:00:00,0.5672413372387529,4574.038829627058,cand_003 (USDJPY)
2020-12-18 07:00:00,0.5672413372387529,4574.606070964295,cand_003 (USDJPY)
2020-12-21 07:00:00,0.5672413372387529,4575.173312301535,cand_003 (USDJPY)
2020-12-28 08:00:00,0.7436604753931685,4575.916972776928,cand_002 (EURJPY)
2021-01-07 07:00:00,0.5672413372387529,4576.484214114165,cand_003 (USDJPY)
2021-01-07 09:34:40,0.0,4576.484214114165,cand_003 (USDJPY)
2021-01-07 13:00:00,16.08696432409103,4592.5711784382565,cand_003 (USDJPY)
2021-01-11 07:00:00,0.5672413372387529,4593.138419775496,cand_003 (USDJPY)
2021-01-14 07:00:00,0.5672413372387529,4593.705661112734,cand_003 (USDJPY)
2021-01-19 07:00:00,0.5672413372387529,4594.272902449973,cand_003 (USDJPY)
2021-01-19 08:00:00,0.7436604753931685,4595.016562925366,cand_002 (EURJPY)
2021-01-29 07:00:00,0.5672413372387529,4595.583804262604,cand_003 (USDJPY)
2021-02-16 07:00:00,0.5672413372387529,4596.151045599843,cand_003 (USDJPY)
2021-02-17 07:00:00,0.5672413372387529,4596.718286937081,cand_003 (USDJPY)
2021-02-22 07:00:00,0.5672413372387529,4597.28552827432,cand_003 (USDJPY)
2021-02-24 07:00:00,0.5672413372387529,4597.852769611558,cand_003 (USDJPY)
2021-02-25 07:00:00,0.5672413372387529,4598.420010948797,cand_003 (USDJPY)
2021-02-26 07:00:00,0.5672413372387529,4598.987252286035,cand_003 (USDJPY)
2021-03-01 07:00:00,0.5672413372387529,4599.5544936232745,cand_003 (USDJPY)
2021-03-05 07:00:00,0.5672413372387529,4600.121734960512,cand_003 (USDJPY)
2021-03-05 08:12:40,0.0,4600.121734960512,cand_003 (USDJPY)
2021-03-05 13:00:00,16.200412591538782,4616.322147552051,cand_003 (USDJPY)
2021-03-09 07:00:00,0.5672413372387529,4616.88938888929,cand_003 (USDJPY)
2021-03-09 08:00:00,0.7436604753931685,4617.633049364683,cand_002 (EURJPY)
2021-03-10 07:00:00,0.5672413372387529,4618.200290701921,cand_003 (USDJPY)
2021-03-11 07:00:00,0.5672413372387529,4618.76753203916,cand_003 (USDJPY)
2021-03-11 07:53:40,0.0,4618.76753203916,cand_003 (USDJPY)
2021-03-11 08:00:00,0.7436604753931685,4619.511192514553,cand_002 (EURJPY)
2021-03-11 08:45:40,0.0,4619.511192514553,cand_002 (EURJPY)
2021-03-11 13:00:00,-15.692731594710098,4603.818460919843,cand_003 (USDJPY)
2021-03-11 15:00:00,-4.6590328783382,4599.159428041505,cand_002 (EURJPY)
2021-03-12 07:00:00,0.5672413372387529,4599.726669378743,cand_003 (USDJPY)
2021-03-12 08:12:40,0.0,4599.726669378743,cand_003 (USDJPY)
2021-03-12 13:00:00,6.1403874756095,4605.867056854353,cand_003 (USDJPY)
2021-03-15 07:00:00,0.5672413372387529,4606.434298191592,cand_003 (USDJPY)
2021-03-15 09:01:40,0.0,4606.434298191592,cand_003 (USDJPY)
2021-03-15 13:00:00,-11.540525006122428,4594.893773185469,cand_003 (USDJPY)
2021-03-18 08:00:00,0.7436604753931685,4595.637433660862,cand_002 (EURJPY)
2021-03-25 07:00:00,0.5672413372387529,4596.2046749981,cand_003 (USDJPY)
2021-03-29 07:00:00,0.5672413372387529,4596.7719163353395,cand_003 (USDJPY)
2021-03-31 07:00:00,0.5672413372387529,4597.339157672577,cand_003 (USDJPY)
2021-03-31 08:00:00,0.7436604753931685,4598.08281814797,cand_002 (EURJPY)
2021-04-01 07:00:00,0.5672413372387529,4598.65005948521,cand_003 (USDJPY)
2021-04-13 07:00:00,0.5672413372387529,4599.217300822447,cand_003 (USDJPY)
2021-04-20 08:00:00,0.7436604753931685,4599.96096129784,cand_002 (EURJPY)
2021-04-27 07:00:00,0.5672413372387529,4600.52820263508,cand_003 (USDJPY)
2021-04-28 07:00:00,0.5672413372387529,4601.095443972317,cand_003 (USDJPY)
2021-04-28 09:58:40,0.0,4601.095443972317,cand_003 (USDJPY)
2021-04-28 13:00:00,-8.90568899464842,4592.1897549776695,cand_003 (USDJPY)
2021-04-30 07:00:00,0.5672413372387529,4592.756996314908,cand_003 (USDJPY)
2021-05-03 07:00:00,0.5672413372387529,4593.324237652147,cand_003 (USDJPY)
2021-05-06 07:00:00,0.5672413372387529,4593.891478989385,cand_003 (USDJPY)
2021-05-12 07:00:00,0.5672413372387529,4594.458720326624,cand_003 (USDJPY)
2021-05-13 07:00:00,0.5672413372387529,4595.025961663862,cand_003 (USDJPY)
2021-05-31 07:00:00,0.5672413372387529,4595.593203001101,cand_003 (USDJPY)
2021-06-22 07:00:00,0.5672413372387529,4596.160444338339,cand_003 (USDJPY)
2021-07-08 08:35:40,0.0,4596.160444338339,cand_003 (USDJPY)
2021-07-08 13:00:00,18.36727449979082,4614.52771883813,cand_003 (USDJPY)
2021-08-05 07:00:00,0.5672413372387529,4615.094960175369,cand_003 (USDJPY)
2021-08-19 07:00:00,0.5672413372387529,4615.662201512607,cand_003 (USDJPY)
2021-09-03 07:00:00,0.5672413372387529,4616.229442849846,cand_003 (USDJPY)
2021-09-22 07:00:00,0.5672413372387529,4616.796684187084,cand_003 (USDJPY)
2021-09-22 09:37:40,0.0,4616.796684187084,cand_003 (USDJPY)
2021-09-22 13:00:00,-5.646887512211785,4611.149796674872,cand_003 (USDJPY)
2021-09-27 07:00:00,0.5672413372387529,4611.7170380121115,cand_003 (USDJPY)
2021-09-28 07:00:00,0.5672413372387529,4612.284279349349,cand_003 (USDJPY)
2021-09-28 09:37:40,0.0,4612.284279349349,cand_003 (USDJPY)
2021-09-28 13:00:00,-3.2616376891228294,4609.022641660227,cand_003 (USDJPY)
2021-09-29 07:00:00,0.5672413372387529,4609.589882997465,cand_003 (USDJPY)
2021-10-05 07:00:00,0.5672413372387529,4610.157124334704,cand_003 (USDJPY)
2021-10-08 07:00:00,0.5672413372387529,4610.724365671942,cand_003 (USDJPY)
2021-10-11 07:00:00,0.5672413372387529,4611.2916070091815,cand_003 (USDJPY)
2021-10-11 08:00:00,0.7436604753931685,4612.035267484574,cand_002 (EURJPY)
2021-10-12 07:00:00,0.5672413372387529,4612.602508821812,cand_003 (USDJPY)
2021-10-13 07:00:00,0.5672413372387529,4613.169750159052,cand_003 (USDJPY)
2021-10-14 07:00:00,0.5672413372387529,4613.736991496289,cand_003 (USDJPY)
2021-10-15 07:00:00,0.5672413372387529,4614.304232833529,cand_003 (USDJPY)
2021-10-15 08:19:40,0.0,4614.304232833529,cand_003 (USDJPY)
2021-10-15 13:00:00,14.08743861032443,4628.391671443853,cand_003 (USDJPY)
2021-10-18 07:00:00,0.5672413372387529,4628.958912781091,cand_003 (USDJPY)
2021-10-18 08:00:00,0.7436604753931685,4629.702573256484,cand_002 (EURJPY)
2021-10-20 07:00:00,0.5672413372387529,4630.269814593723,cand_003 (USDJPY)
2021-10-26 07:00:00,0.5672413372387529,4630.8370559309615,cand_003 (USDJPY)
2021-10-27 07:00:00,0.5672413372387529,4631.4042972682,cand_003 (USDJPY)
2021-10-29 08:00:00,0.7436604753931685,4632.147957743593,cand_002 (EURJPY)
2021-11-02 07:34:40,0.0,4632.147957743593,cand_003 (USDJPY)
2021-11-02 13:00:00,9.291413103970772,4641.439370847564,cand_003 (USDJPY)
2021-11-04 07:00:00,0.5672413372387529,4642.006612184802,cand_003 (USDJPY)
2021-11-11 07:00:00,0.5672413372387529,4642.573853522041,cand_003 (USDJPY)
2021-11-12 07:00:00,0.5672413372387529,4643.141094859279,cand_003 (USDJPY)
2021-11-17 07:00:00,0.5672413372387529,4643.708336196518,cand_003 (USDJPY)
2021-11-22 07:00:00,0.5672413372387529,4644.275577533756,cand_003 (USDJPY)
2021-11-23 07:00:00,0.5672413372387529,4644.842818870995,cand_003 (USDJPY)
2021-11-24 07:00:00,0.5672413372387529,4645.4100602082335,cand_003 (USDJPY)
2021-11-26 08:31:40,0.0,4645.4100602082335,cand_002 (EURJPY)
2021-11-26 08:31:40,0.0,4645.4100602082335,cand_003 (USDJPY)
2021-11-26 13:00:00,21.83879148369199,4667.248851691926,cand_003 (USDJPY)
2021-11-26 15:00:00,-18.58407528007528,4648.66477641185,cand_002 (EURJPY)
2021-11-29 08:04:40,0.0,4648.66477641185,cand_003 (USDJPY)
2021-11-29 08:06:40,0.0,4648.66477641185,cand_002 (EURJPY)
2021-11-29 13:00:00,-14.146998950734499,4634.517777461116,cand_003 (USDJPY)
2021-11-29 15:00:00,-36.38358875861076,4598.134188702505,cand_002 (EURJPY)
2021-11-30 07:10:40,0.0,4598.134188702505,cand_003 (USDJPY)
2021-11-30 13:00:00,25.630799823133053,4623.764988525638,cand_003 (USDJPY)
2021-12-01 07:00:00,0.5672413372387529,4624.332229862877,cand_003 (USDJPY)
2021-12-03 07:00:00,0.5672413372387529,4624.899471200115,cand_003 (USDJPY)
2021-12-03 08:58:40,0.0,4624.899471200115,cand_003 (USDJPY)
2021-12-03 13:00:00,-5.8113875000110236,4619.088083700104,cand_003 (USDJPY)
2021-12-07 07:00:00,0.5672413372387529,4619.655325037344,cand_003 (USDJPY)
2021-12-07 08:00:00,0.7436604753931685,4620.3989855127365,cand_002 (EURJPY)
2021-12-17 08:00:00,0.7436604753931685,4621.1426459881295,cand_002 (EURJPY)
2022-01-04 07:00:00,0.5672413372387529,4621.709887325367,cand_003 (USDJPY)
2022-01-04 08:00:00,0.7436604753931685,4622.45354780076,cand_002 (EURJPY)
2022-01-05 07:00:00,0.5672413372387529,4623.020789138,cand_003 (USDJPY)
2022-01-06 07:00:00,0.5672413372387529,4623.588030475237,cand_003 (USDJPY)
2022-01-10 07:00:00,0.5672413372387529,4624.155271812477,cand_003 (USDJPY)
2022-01-17 07:00:00,0.5672413372387529,4624.722513149714,cand_003 (USDJPY)
2022-01-18 07:00:00,0.5672413372387529,4625.289754486954,cand_003 (USDJPY)
2022-01-18 08:00:00,0.7436604753931685,4626.033414962347,cand_002 (EURJPY)
2022-01-19 07:48:40,0.0,4626.033414962347,cand_003 (USDJPY)
2022-01-19 13:00:00,-13.820835181822215,4612.212579780524,cand_003 (USDJPY)
2022-01-27 07:00:00,0.5672413372387529,4612.779821117763,cand_003 (USDJPY)
2022-01-31 07:00:00,0.5672413372387529,4613.347062455001,cand_003 (USDJPY)
2022-01-31 08:00:00,0.7436604753931685,4614.090722930394,cand_002 (EURJPY)
2022-02-08 07:00:00,0.5672413372387529,4614.657964267633,cand_003 (USDJPY)
2022-02-08 08:25:40,0.0,4614.657964267633,cand_003 (USDJPY)
2022-02-08 13:00:00,-14.717076494659445,4599.940887772973,cand_003 (USDJPY)
2022-02-09 07:00:00,0.5672413372387529,4600.508129110212,cand_003 (USDJPY)
2022-02-25 07:00:00,0.5672413372387529,4601.07537044745,cand_003 (USDJPY)
2022-02-28 07:00:00,0.5672413372387529,4601.6426117846895,cand_003 (USDJPY)
2022-03-03 07:00:00,0.5672413372387529,4602.209853121927,cand_003 (USDJPY)
2022-03-08 07:00:00,0.5672413372387529,4602.777094459167,cand_003 (USDJPY)
2022-03-09 07:00:00,0.5672413372387529,4603.344335796404,cand_003 (USDJPY)
2022-03-10 07:00:00,0.5672413372387529,4603.911577133644,cand_003 (USDJPY)
2022-03-11 07:00:00,0.5672413372387529,4604.478818470881,cand_003 (USDJPY)
2022-03-11 07:15:40,0.0,4604.478818470881,cand_003 (USDJPY)
2022-03-11 08:00:00,0.7436604753931685,4605.222478946274,cand_002 (EURJPY)
2022-03-11 13:00:00,9.461585505142398,4614.684064451418,cand_003 (USDJPY)
2022-03-14 07:00:00,0.5672413372387529,4615.251305788655,cand_003 (USDJPY)
2022-03-15 07:00:00,0.5672413372387529,4615.818547125895,cand_003 (USDJPY)
2022-03-15 08:00:00,0.7436604753931685,4616.562207601288,cand_002 (EURJPY)
2022-03-17 07:00:00,0.5672413372387529,4617.1294489385255,cand_003 (USDJPY)
2022-03-17 08:00:00,0.7436604753931685,4617.873109413918,cand_002 (EURJPY)
2022-03-18 07:00:00,0.5672413372387529,4618.440350751158,cand_003 (USDJPY)
2022-03-18 08:00:00,0.7436604753931685,4619.184011226551,cand_002 (EURJPY)
2022-03-21 07:00:00,0.5672413372387529,4619.7512525637885,cand_003 (USDJPY)
2022-03-22 07:00:00,0.5672413372387529,4620.318493901028,cand_003 (USDJPY)
2022-03-22 07:16:40,0.0,4620.318493901028,cand_003 (USDJPY)
2022-03-22 08:00:00,0.7436604753931685,4621.062154376421,cand_002 (EURJPY)
2022-03-22 13:00:00,29.666721937586775,4650.728876314008,cand_003 (USDJPY)
2022-03-23 07:00:00,0.5672413372387529,4651.296117651245,cand_003 (USDJPY)
2022-03-24 07:00:00,0.5672413372387529,4651.863358988485,cand_003 (USDJPY)
2022-03-24 08:36:40,0.0,4651.863358988485,cand_003 (USDJPY)
2022-03-24 13:00:00,11.234214684013502,4663.097573672498,cand_003 (USDJPY)
2022-03-25 07:00:00,0.5672413372387529,4663.664815009736,cand_003 (USDJPY)
2022-03-25 08:00:00,0.7436604753931685,4664.408475485129,cand_002 (EURJPY)
2022-03-28 07:00:00,0.5672413372387529,4664.975716822368,cand_003 (USDJPY)
2022-03-28 08:00:00,0.7436604753931685,4665.719377297761,cand_002 (EURJPY)
2022-03-28 08:59:40,0.0,4665.719377297761,cand_002 (EURJPY)
2022-03-28 09:57:40,0.0,4665.719377297761,cand_003 (USDJPY)
2022-03-28 11:50:40,149.05186908305276,4814.771246380813,cand_002 (EURJPY)
2022-03-28 11:50:40,51.11736192733792,4865.888608308151,cand_002 (EURJPY)
2022-03-28 13:00:00,45.682781094522966,4911.571389402674,cand_003 (USDJPY)
2022-03-29 07:00:00,0.5672413372387529,4912.1386307399125,cand_003 (USDJPY)
2022-03-29 08:00:00,0.7436604753931685,4912.8822912153055,cand_002 (EURJPY)
2022-03-31 07:00:00,0.5672413372387529,4913.449532552544,cand_003 (USDJPY)
2022-03-31 08:00:00,0.7436604753931685,4914.193193027937,cand_002 (EURJPY)
2022-04-01 07:00:00,0.5672413372387529,4914.760434365176,cand_003 (USDJPY)
2022-04-01 08:00:00,0.7436604753931685,4915.5040948405685,cand_002 (EURJPY)
2022-04-04 07:00:00,0.5672413372387529,4916.071336177807,cand_003 (USDJPY)
2022-04-04 08:00:00,0.7436604753931685,4916.8149966532,cand_002 (EURJPY)
2022-04-06 07:00:00,0.5672413372387529,4917.382237990439,cand_003 (USDJPY)
2022-04-07 07:00:00,0.5672413372387529,4917.949479327677,cand_003 (USDJPY)
2022-04-08 07:00:00,0.5672413372387529,4918.516720664916,cand_003 (USDJPY)
2022-04-11 07:00:00,0.5672413372387529,4919.083962002154,cand_003 (USDJPY)
2022-04-11 08:00:00,0.7436604753931685,4919.827622477547,cand_002 (EURJPY)
2022-04-11 08:52:40,0.0,4919.827622477547,cand_002 (EURJPY)
2022-04-11 09:16:40,0.0,4919.827622477547,cand_003 (USDJPY)
2022-04-11 13:00:00,9.685645833351705,4929.513268310899,cand_003 (USDJPY)
2022-04-11 15:00:00,50.937024262055075,4980.450292572954,cand_002 (EURJPY)
2022-04-12 07:00:00,0.5672413372387529,4981.017533910193,cand_003 (USDJPY)
2022-04-12 09:25:40,0.0,4981.017533910193,cand_003 (USDJPY)
2022-04-12 13:00:00,-3.431810090294455,4977.585723819899,cand_003 (USDJPY)
2022-04-13 07:00:00,0.5672413372387529,4978.152965157136,cand_003 (USDJPY)
2022-04-13 09:20:40,0.0,4978.152965157136,cand_003 (USDJPY)
2022-04-13 13:00:00,12.241068057612287,4990.394033214749,cand_003 (USDJPY)
2022-04-15 07:00:00,0.5672413372387529,4990.961274551988,cand_003 (USDJPY)
2022-04-15 08:00:00,0.7436604753931685,4991.704935027381,cand_002 (EURJPY)
2022-04-15 09:19:40,0.0,4991.704935027381,cand_003 (USDJPY)
2022-04-15 13:00:00,-9.28290448391219,4982.422030543468,cand_003 (USDJPY)
2022-04-18 07:00:00,0.5672413372387529,4982.989271880707,cand_003 (USDJPY)
2022-04-19 07:00:00,0.5672413372387529,4983.556513217945,cand_003 (USDJPY)
2022-04-19 07:40:40,0.0,4983.556513217945,cand_003 (USDJPY)
2022-04-19 08:00:00,0.7436604753931685,4984.300173693338,cand_002 (EURJPY)
2022-04-19 13:00:00,10.695335413636686,4994.995509106975,cand_003 (USDJPY)
2022-04-20 07:00:00,0.5672413372387529,4995.562750444214,cand_003 (USDJPY)
2022-04-20 08:00:00,0.7436604753931685,4996.306410919607,cand_002 (EURJPY)
2022-04-21 07:00:00,0.5672413372387529,4996.873652256845,cand_003 (USDJPY)
2022-04-21 08:00:00,0.7436604753931685,4997.617312732238,cand_002 (EURJPY)
2022-04-22 07:00:00,0.5672413372387529,4998.184554069477,cand_003 (USDJPY)
2022-04-22 08:04:20,0.0,4998.184554069477,cand_002 (EURJPY)
2022-04-22 15:00:00,-0.29002758540333573,4997.894526484073,cand_002 (EURJPY)
2022-04-25 09:48:40,0.0,4997.894526484073,cand_003 (USDJPY)
2022-04-25 13:00:00,-5.882292667165867,4992.012233816908,cand_003 (USDJPY)
2022-04-28 07:00:00,0.5672413372387529,4992.579475154145,cand_003 (USDJPY)
2022-04-28 08:00:00,0.7436604753931685,4993.323135629538,cand_002 (EURJPY)
2022-04-28 08:36:40,0.0,4993.323135629538,cand_003 (USDJPY)
2022-04-28 08:42:20,0.0,4993.323135629538,cand_002 (EURJPY)
2022-04-28 13:00:00,25.71304981703267,5019.036185446572,cand_003 (USDJPY)
2022-04-28 15:00:00,32.378977098618556,5051.4151625451905,cand_002 (EURJPY)
2022-04-29 07:00:00,0.5672413372387529,5051.982403882428,cand_003 (USDJPY)
2022-05-02 07:00:00,0.5672413372387529,5052.549645219668,cand_003 (USDJPY)
2022-05-02 08:00:00,0.7436604753931685,5053.293305695061,cand_002 (EURJPY)
2022-05-02 09:06:40,0.0,5053.293305695061,cand_003 (USDJPY)
2022-05-02 13:00:00,-27.60479967672391,5025.688506018336,cand_003 (USDJPY)
2022-05-05 08:00:00,0.7436604753931685,5026.432166493729,cand_002 (EURJPY)
2022-05-06 07:00:00,0.5672413372387529,5026.999407830968,cand_003 (USDJPY)
2022-05-09 07:00:00,0.5672413372387529,5027.566649168206,cand_003 (USDJPY)
2022-05-09 09:41:20,0.0,5027.566649168206,cand_003 (USDJPY)
2022-05-09 13:00:00,-0.9075861395820047,5026.659063028625,cand_003 (USDJPY)
2022-05-10 08:00:00,0.7436604753931685,5027.402723504018,cand_002 (EURJPY)
2022-05-12 09:22:40,0.0,5027.402723504018,cand_003 (USDJPY)
2022-05-12 13:00:00,27.048903166229934,5054.451626670248,cand_003 (USDJPY)
2022-05-17 07:00:00,0.5672413372387529,5055.018868007486,cand_003 (USDJPY)
2022-05-17 08:00:00,0.7436604753931685,5055.762528482879,cand_002 (EURJPY)
2022-05-18 07:20:20,0.0,5055.762528482879,cand_003 (USDJPY)
2022-05-18 08:00:00,0.7436604753931685,5056.506188958272,cand_002 (EURJPY)
2022-05-18 13:00:00,-10.71235265375385,5045.793836304518,cand_003 (USDJPY)
2022-05-19 08:00:00,0.7436604753931685,5046.537496779911,cand_002 (EURJPY)
2022-05-20 08:00:00,0.7436604753931685,5047.281157255304,cand_002 (EURJPY)
2022-05-24 08:00:00,0.7436604753931685,5048.024817730697,cand_002 (EURJPY)
2022-05-24 09:48:40,0.0,5048.024817730697,cand_003 (USDJPY)
2022-05-24 13:00:00,5.031430661307738,5053.056248392005,cand_003 (USDJPY)
2022-05-26 07:00:00,0.5672413372387529,5053.623489729243,cand_003 (USDJPY)
2022-05-31 07:00:00,0.5672413372387529,5054.190731066482,cand_003 (USDJPY)
2022-06-01 07:00:00,0.5672413372387529,5054.7579724037205,cand_003 (USDJPY)
2022-06-01 08:09:20,0.0,5054.7579724037205,cand_003 (USDJPY)
2022-06-01 13:00:00,1.097611987556987,5055.855584391277,cand_003 (USDJPY)
2022-06-02 07:00:00,0.5672413372387529,5056.422825728516,cand_003 (USDJPY)
2022-06-03 07:00:00,0.5672413372387529,5056.990067065754,cand_003 (USDJPY)
2022-06-06 07:00:00,0.5672413372387529,5057.557308402993,cand_003 (USDJPY)
2022-06-06 08:00:00,0.7436604753931685,5058.300968878386,cand_002 (EURJPY)
2022-06-07 07:00:00,0.5672413372387529,5058.8682102156245,cand_003 (USDJPY)
2022-06-07 07:44:40,0.0,5058.8682102156245,cand_003 (USDJPY)
2022-06-07 08:00:00,0.7436604753931685,5059.611870691017,cand_002 (EURJPY)
2022-06-07 13:00:00,-8.979430368489458,5050.632440322528,cand_003 (USDJPY)
2022-06-08 07:00:00,0.5672413372387529,5051.199681659767,cand_003 (USDJPY)
2022-06-08 09:51:40,0.0,5051.199681659767,cand_003 (USDJPY)
2022-06-08 13:00:00,18.571481381196772,5069.771163040963,cand_003 (USDJPY)
2022-06-09 07:00:00,0.5672413372387529,5070.3384043782025,cand_003 (USDJPY)
2022-06-09 08:00:00,0.7436604753931685,5071.0820648535955,cand_002 (EURJPY)
2022-06-10 07:00:00,0.5672413372387529,5071.649306190833,cand_003 (USDJPY)
2022-06-13 07:00:00,0.5672413372387529,5072.216547528073,cand_003 (USDJPY)
2022-06-13 07:09:40,0.0,5072.216547528073,cand_003 (USDJPY)
2022-06-13 11:46:40,-40.67120388001859,5031.545343648053,cand_003 (USDJPY)
2022-06-13 11:46:40,38.05225062598726,5069.597594274041,cand_003 (USDJPY)
2022-06-14 07:00:00,0.5672413372387529,5070.164835611279,cand_003 (USDJPY)
2022-06-15 07:00:00,0.5672413372387529,5070.732076948518,cand_003 (USDJPY)
2022-06-15 08:00:00,0.7436604753931685,5071.475737423911,cand_002 (EURJPY)
2022-06-15 08:35:40,0.0,5071.475737423911,cand_002 (EURJPY)
2022-06-15 15:00:00,-38.42121846118805,5033.054518962723,cand_002 (EURJPY)
2022-06-20 07:00:00,0.5672413372387529,5033.621760299961,cand_003 (USDJPY)
2022-06-20 08:00:00,0.7436604753931685,5034.365420775354,cand_002 (EURJPY)
2022-06-20 08:59:40,0.0,5034.365420775354,cand_002 (EURJPY)
2022-06-20 15:00:00,-6.834239768863218,5027.53118100649,cand_002 (EURJPY)
2022-06-21 07:00:00,0.5672413372387529,5028.09842234373,cand_003 (USDJPY)
2022-06-22 07:00:00,0.5672413372387529,5028.665663680968,cand_003 (USDJPY)
2022-06-22 08:00:00,0.7436604753931685,5029.4093241563605,cand_002 (EURJPY)
2022-06-28 07:00:00,0.5672413372387529,5029.9765654936,cand_003 (USDJPY)
2022-06-29 07:00:00,0.5672413372387529,5030.543806830838,cand_003 (USDJPY)
2022-06-30 07:00:00,0.5672413372387529,5031.111048168077,cand_003 (USDJPY)
2022-07-01 08:05:40,0.0,5031.111048168077,cand_003 (USDJPY)
2022-07-01 13:00:00,-34.70098880558071,4996.410059362495,cand_003 (USDJPY)
2022-07-05 08:00:00,0.7436604753931685,4997.153719837888,cand_002 (EURJPY)
2022-07-11 08:00:00,0.7436604753931685,4997.897380313281,cand_002 (EURJPY)
2022-07-14 08:00:00,0.7436604753931685,4998.641040788674,cand_002 (EURJPY)
2022-07-14 08:22:40,0.0,4998.641040788674,cand_002 (EURJPY)
2022-07-14 15:00:00,14.780251948439224,5013.421292737114,cand_002 (EURJPY)
2022-07-15 08:00:00,0.7436604753931685,5014.164953212507,cand_002 (EURJPY)
2022-07-21 08:00:00,0.7436604753931685,5014.9086136879,cand_002 (EURJPY)
2022-07-29 08:21:40,0.0,5014.9086136879,cand_002 (EURJPY)
2022-07-29 15:00:00,-26.299552712279404,4988.609060975621,cand_002 (EURJPY)
2022-08-03 07:00:00,0.5672413372387529,4989.176302312859,cand_003 (USDJPY)
2022-08-04 07:00:00,0.5672413372387529,4989.743543650098,cand_003 (USDJPY)
2022-08-04 08:00:00,0.7436604753931685,4990.487204125491,cand_002 (EURJPY)
2022-08-04 09:17:40,0.0,4990.487204125491,cand_003 (USDJPY)
2022-08-04 13:00:00,-6.724646052965416,4983.762558072525,cand_003 (USDJPY)
2022-08-05 08:00:00,0.7436604753931685,4984.506218547918,cand_002 (EURJPY)
2022-08-08 07:00:00,0.5672413372387529,4985.073459885157,cand_003 (USDJPY)
2022-08-09 07:00:00,0.5672413372387529,4985.640701222395,cand_003 (USDJPY)
2022-08-09 09:22:40,0.0,4985.640701222395,cand_003 (USDJPY)
2022-08-09 13:00:00,-14.345533418768062,4971.295167803628,cand_003 (USDJPY)
2022-08-10 07:00:00,0.5672413372387529,4971.862409140866,cand_003 (USDJPY)
2022-08-15 08:57:40,0.0,4971.862409140866,cand_002 (EURJPY)
2022-08-15 15:00:00,29.921179227444135,5001.78358836831,cand_002 (EURJPY)
2022-08-16 07:00:00,0.5672413372387529,5002.350829705549,cand_003 (USDJPY)
2022-08-17 07:00:00,0.5672413372387529,5002.918071042787,cand_003 (USDJPY)
2022-08-17 09:21:40,0.0,5002.918071042787,cand_003 (USDJPY)
2022-08-17 13:00:00,9.722516520272226,5012.640587563059,cand_003 (USDJPY)
2022-08-18 07:00:00,0.5672413372387529,5013.207828900298,cand_003 (USDJPY)
2022-08-18 09:04:40,0.0,5013.207828900298,cand_003 (USDJPY)
2022-08-18 13:00:00,-4.742137579315974,5008.465691320982,cand_003 (USDJPY)
2022-08-19 07:00:00,0.5672413372387529,5009.0329326582205,cand_003 (USDJPY)
2022-08-19 09:54:40,0.0,5009.0329326582205,cand_003 (USDJPY)
2022-08-19 13:00:00,3.1141549414407534,5012.147087599661,cand_003 (USDJPY)
2022-08-22 07:00:00,0.5672413372387529,5012.7143289369,cand_003 (USDJPY)
2022-08-22 08:00:00,0.7436604753931685,5013.457989412293,cand_002 (EURJPY)
2022-08-23 07:00:00,0.5672413372387529,5014.025230749531,cand_003 (USDJPY)
2022-08-24 07:42:40,0.0,5014.025230749531,cand_003 (USDJPY)
2022-08-24 13:00:00,-0.7487585651551539,5013.276472184376,cand_003 (USDJPY)
2022-08-25 09:35:40,0.0,5013.276472184376,cand_003 (USDJPY)
2022-08-25 13:00:00,-1.3301809358248757,5011.946291248551,cand_003 (USDJPY)
2022-08-29 07:00:00,0.5672413372387529,5012.51353258579,cand_003 (USDJPY)
2022-08-29 07:32:40,0.0,5012.51353258579,cand_003 (USDJPY)
2022-08-29 08:00:00,0.7436604753931685,5013.257193061183,cand_002 (EURJPY)
2022-08-29 08:05:40,0.0,5013.257193061183,cand_002 (EURJPY)
2022-08-29 13:00:00,-8.389499377761155,5004.867693683422,cand_003 (USDJPY)
2022-08-29 15:00:00,37.88950122128194,5042.757194904703,cand_002 (EURJPY)
2022-08-30 07:00:00,0.5672413372387529,5043.324436241942,cand_003 (USDJPY)
2022-08-31 07:00:00,0.5672413372387529,5043.89167757918,cand_003 (USDJPY)
2022-09-01 07:00:00,0.5672413372387529,5044.458918916419,cand_003 (USDJPY)
2022-09-02 07:00:00,0.5672413372387529,5045.0261602536575,cand_003 (USDJPY)
2022-09-02 07:49:40,0.0,5045.0261602536575,cand_003 (USDJPY)
2022-09-02 08:00:00,0.7436604753931685,5045.7698207290505,cand_002 (EURJPY)
2022-09-02 08:03:40,0.0,5045.7698207290505,cand_002 (EURJPY)
2022-09-02 13:00:00,-1.0919395741845994,5044.677881154867,cand_003 (USDJPY)
2022-09-02 15:00:00,16.576191996513725,5061.25407315138,cand_002 (EURJPY)
2022-09-05 07:00:00,0.5672413372387529,5061.821314488619,cand_003 (USDJPY)
2022-09-05 08:04:40,0.0,5061.821314488619,cand_002 (EURJPY)
2022-09-05 10:33:40,-38.21299352807796,5023.60832096054,cand_002 (EURJPY)
2022-09-05 10:33:40,51.8818448960421,5075.490165856582,cand_002 (EURJPY)
2022-09-06 07:00:00,0.5672413372387529,5076.057407193821,cand_003 (USDJPY)
2022-09-06 07:52:40,0.0,5076.057407193821,cand_003 (USDJPY)
2022-09-06 08:00:00,0.7436604753931685,5076.801067669214,cand_002 (EURJPY)
2022-09-06 08:22:40,0.0,5076.801067669214,cand_002 (EURJPY)
2022-09-06 11:43:40,40.22166512025687,5117.022732789471,cand_003 (USDJPY)
2022-09-06 11:43:40,43.19826403741723,5160.220996826888,cand_003 (USDJPY)
2022-09-06 15:00:00,27.827774989212365,5188.0487718161,cand_002 (EURJPY)
2022-09-07 07:00:00,0.5672413372387529,5188.616013153339,cand_003 (USDJPY)
2022-09-07 07:01:40,0.0,5188.616013153339,cand_003 (USDJPY)
2022-09-07 08:00:00,0.7436604753931685,5189.359673628732,cand_002 (EURJPY)
2022-09-07 13:00:00,-4.172060035391028,5185.187613593341,cand_003 (USDJPY)
2022-09-08 07:00:00,0.5672413372387529,5185.754854930579,cand_003 (USDJPY)
2022-09-08 08:00:00,0.7436604753931685,5186.498515405972,cand_002 (EURJPY)
2022-09-09 07:07:40,0.0,5186.498515405972,cand_003 (USDJPY)
2022-09-09 08:00:00,0.7436604753931685,5187.242175881365,cand_002 (EURJPY)
2022-09-09 13:00:00,35.463928404166836,5222.706104285532,cand_003 (USDJPY)
2022-09-12 08:00:00,0.7436604753931685,5223.449764760925,cand_002 (EURJPY)
2022-09-12 08:42:40,0.0,5223.449764760925,cand_002 (EURJPY)
2022-09-12 15:00:00,8.035251436623184,5231.485016197548,cand_002 (EURJPY)
2022-09-13 09:10:40,0.0,5231.485016197548,cand_003 (USDJPY)
2022-09-13 13:00:00,-2.512879123967675,5228.972137073581,cand_003 (USDJPY)
2022-09-14 07:00:00,0.5672413372387529,5229.539378410819,cand_003 (USDJPY)
2022-09-15 07:00:00,0.5672413372387529,5230.106619748058,cand_003 (USDJPY)
2022-09-15 08:26:40,0.0,5230.106619748058,cand_003 (USDJPY)
2022-09-15 13:00:00,-12.587085273327927,5217.51953447473,cand_003 (USDJPY)
2022-09-16 07:00:00,0.5672413372387529,5218.086775811968,cand_003 (USDJPY)
2022-09-16 09:05:40,0.0,5218.086775811968,cand_003 (USDJPY)
2022-09-16 13:00:00,-13.696042087629689,5204.390733724338,cand_003 (USDJPY)
2022-09-21 07:00:00,0.5672413372387529,5204.957975061578,cand_003 (USDJPY)
2022-09-21 07:41:20,0.0,5204.957975061578,cand_003 (USDJPY)
2022-09-21 08:00:00,0.7436604753931685,5205.701635536971,cand_002 (EURJPY)
2022-09-21 08:57:20,0.0,5205.701635536971,cand_002 (EURJPY)
2022-09-21 09:02:40,53.14049025064503,5258.842125787615,cand_002 (EURJPY)
2022-09-21 09:02:40,-35.77006886641141,5223.072056921204,cand_002 (EURJPY)
2022-09-21 10:11:20,-25.99950669233824,5197.072550228866,cand_003 (USDJPY)
2022-09-21 10:11:20,40.65560474324452,5237.72815497211,cand_003 (USDJPY)
2022-09-26 07:00:00,0.5672413372387529,5238.295396309349,cand_003 (USDJPY)
2022-09-26 08:30:20,0.0,5238.295396309349,cand_003 (USDJPY)
2022-09-26 13:00:00,-8.780895900455896,5229.514500408893,cand_003 (USDJPY)
2022-09-27 07:00:00,0.5672413372387529,5230.081741746131,cand_003 (USDJPY)
2022-09-28 07:00:00,0.5672413372387529,5230.64898308337,cand_003 (USDJPY)
2022-09-29 07:00:00,0.5672413372387529,5231.216224420608,cand_003 (USDJPY)
2022-09-29 08:00:00,0.7436604753931685,5231.959884896001,cand_002 (EURJPY)
2022-09-29 08:34:40,0.0,5231.959884896001,cand_003 (USDJPY)
2022-09-29 13:00:00,4.43015484383466,5236.390039739836,cand_003 (USDJPY)
2022-09-30 07:00:00,0.5672413372387529,5236.957281077075,cand_003 (USDJPY)
2022-09-30 08:00:00,0.7436604753931685,5237.700941552468,cand_002 (EURJPY)
2022-10-03 07:00:00,0.5672413372387529,5238.268182889706,cand_003 (USDJPY)
2022-10-03 07:05:40,0.0,5238.268182889706,cand_003 (USDJPY)
2022-10-03 13:00:00,4.6513789653577735,5242.919561855064,cand_003 (USDJPY)
2022-10-04 07:00:00,0.5672413372387529,5243.486803192302,cand_003 (USDJPY)
2022-10-04 08:00:00,0.7436604753931685,5244.230463667695,cand_002 (EURJPY)
2022-10-04 08:58:40,0.0,5244.230463667695,cand_002 (EURJPY)
2022-10-04 15:00:00,32.248836515424756,5276.47930018312,cand_002 (EURJPY)
2022-10-06 07:00:00,0.5672413372387529,5277.046541520359,cand_003 (USDJPY)
2022-10-06 08:00:00,0.7436604753931685,5277.790201995752,cand_002 (EURJPY)
2022-10-07 07:00:00,0.5672413372387529,5278.35744333299,cand_003 (USDJPY)
2022-10-10 07:00:00,0.5672413372387529,5278.924684670229,cand_003 (USDJPY)
2022-10-12 07:00:00,0.5672413372387529,5279.491926007468,cand_003 (USDJPY)
2022-10-12 08:00:00,0.7436604753931685,5280.2355864828605,cand_002 (EURJPY)
2022-10-14 07:00:00,0.5672413372387529,5280.802827820099,cand_003 (USDJPY)
2022-10-14 08:00:00,0.7436604753931685,5281.546488295492,cand_002 (EURJPY)
2022-10-17 07:00:00,0.5672413372387529,5282.113729632731,cand_003 (USDJPY)
2022-10-18 07:00:00,0.5672413372387529,5282.680970969969,cand_003 (USDJPY)
2022-10-18 08:00:00,0.7436604753931685,5283.424631445362,cand_002 (EURJPY)
2022-10-20 07:00:00,0.5672413372387529,5283.991872782601,cand_003 (USDJPY)
2022-10-21 07:00:00,0.5672413372387529,5284.559114119839,cand_003 (USDJPY)
2022-10-25 08:00:00,0.7436604753931685,5285.302774595232,cand_002 (EURJPY)
2022-10-26 09:53:20,0.0,5285.302774595232,cand_003 (USDJPY)
2022-10-26 13:00:00,22.27840352005202,5307.581178115284,cand_003 (USDJPY)
2022-10-27 07:57:40,0.0,5307.581178115284,cand_003 (USDJPY)
2022-10-27 08:08:40,0.0,5307.581178115284,cand_002 (EURJPY)
2022-10-27 13:00:00,-26.181023920254642,5281.400154195029,cand_003 (USDJPY)
2022-10-27 15:00:00,-34.219536775216646,5247.180617419814,cand_002 (EURJPY)
2022-10-31 07:00:00,0.5672413372387529,5247.747858757051,cand_003 (USDJPY)
2022-11-01 07:00:00,0.5672413372387529,5248.315100094291,cand_003 (USDJPY)
2022-11-04 07:00:00,0.5672413372387529,5248.882341431528,cand_003 (USDJPY)
2022-11-07 08:00:00,0.7436604753931685,5249.626001906921,cand_002 (EURJPY)
2022-11-09 08:00:00,0.7436604753931685,5250.369662382314,cand_002 (EURJPY)
2022-11-15 09:24:40,0.0,5250.369662382314,cand_003 (USDJPY)
2022-11-15 13:00:00,19.430852007113483,5269.800514389428,cand_003 (USDJPY)
2022-11-16 07:00:00,0.5672413372387529,5270.367755726667,cand_003 (USDJPY)
2022-11-16 08:00:00,0.7436604753931685,5271.11141620206,cand_002 (EURJPY)
2022-11-21 07:00:00,0.5672413372387529,5271.678657539298,cand_003 (USDJPY)
2022-11-21 08:29:40,0.0,5271.678657539298,cand_003 (USDJPY)
2022-11-21 13:00:00,38.002333388310255,5309.680990927609,cand_003 (USDJPY)
2022-11-22 07:00:00,0.5672413372387529,5310.248232264847,cand_003 (USDJPY)
2022-11-23 07:00:00,0.5672413372387529,5310.815473602086,cand_003 (USDJPY)
2022-11-23 08:00:00,0.7436604753931685,5311.559134077479,cand_002 (EURJPY)
2022-11-28 08:01:40,0.0,5311.559134077479,cand_002 (EURJPY)
2022-11-28 08:02:40,0.0,5311.559134077479,cand_003 (USDJPY)
2022-11-28 13:00:00,15.349550585680653,5326.90868466316,cand_003 (USDJPY)
2022-11-28 13:02:40,-78.73877113462868,5248.169913528531,cand_002 (EURJPY)
2022-11-29 09:20:40,0.0,5248.169913528531,cand_003 (USDJPY)
2022-11-29 13:00:00,11.673826720373533,5259.843740248904,cand_003 (USDJPY)
2022-12-01 07:17:40,0.0,5259.843740248904,cand_003 (USDJPY)
2022-12-01 13:00:00,-4.654215172043968,5255.18952507686,cand_003 (USDJPY)
2022-12-02 09:08:40,0.0,5255.18952507686,cand_003 (USDJPY)
2022-12-02 13:00:00,34.26988538927926,5289.459410466139,cand_003 (USDJPY)
2022-12-05 08:00:00,0.7436604753931685,5290.203070941532,cand_002 (EURJPY)
2022-12-06 07:00:00,0.5672413372387529,5290.770312278772,cand_003 (USDJPY)
2022-12-06 08:00:00,0.7436604753931685,5291.513972754165,cand_002 (EURJPY)
2022-12-06 08:22:20,0.0,5291.513972754165,cand_003 (USDJPY)
2022-12-06 13:00:00,-26.73124801737623,5264.782724736788,cand_003 (USDJPY)
2022-12-07 07:00:00,0.5672413372387529,5265.349966074026,cand_003 (USDJPY)
2022-12-07 08:00:00,0.7436604753931685,5266.093626549419,cand_002 (EURJPY)
2022-12-07 08:12:20,0.0,5266.093626549419,cand_003 (USDJPY)
2022-12-07 08:26:40,0.0,5266.093626549419,cand_002 (EURJPY)
2022-12-07 13:00:00,-8.006611475124998,5258.087015074294,cand_003 (USDJPY)
2022-12-07 15:00:00,32.57976542697471,5290.666780501269,cand_002 (EURJPY)
2022-12-08 07:00:00,0.5672413372387529,5291.234021838507,cand_003 (USDJPY)
2022-12-08 08:00:00,0.7436604753931685,5291.9776823139,cand_002 (EURJPY)
2022-12-09 08:00:00,0.7436604753931685,5292.721342789293,cand_002 (EURJPY)
2022-12-12 07:00:00,0.5672413372387529,5293.288584126532,cand_003 (USDJPY)
2022-12-13 07:00:00,0.5672413372387529,5293.85582546377,cand_003 (USDJPY)
2022-12-15 07:00:00,0.5672413372387529,5294.42306680101,cand_003 (USDJPY)
2022-12-15 07:06:40,0.0,5294.42306680101,cand_003 (USDJPY)
2022-12-15 13:00:00,36.28926454984922,5330.712331350858,cand_003 (USDJPY)
2022-12-16 07:00:00,0.5672413372387529,5331.279572688097,cand_003 (USDJPY)
2022-12-16 08:00:00,0.7436604753931685,5332.02323316349,cand_002 (EURJPY)
2022-12-23 07:00:00,0.5672413372387529,5332.590474500728,cand_003 (USDJPY)
2022-12-23 08:00:00,0.7436604753931685,5333.334134976121,cand_002 (EURJPY)
2022-12-26 08:00:00,0.7436604753931685,5334.077795451514,cand_002 (EURJPY)
2022-12-27 07:00:00,0.5672413372387529,5334.645036788753,cand_003 (USDJPY)
2022-12-28 07:00:00,0.5672413372387529,5335.212278125991,cand_003 (USDJPY)
2022-12-28 08:00:00,0.7436604753931685,5335.955938601384,cand_002 (EURJPY)
2022-12-30 08:35:40,0.0,5335.955938601384,cand_002 (EURJPY)
2022-12-30 09:48:40,0.0,5335.955938601384,cand_003 (USDJPY)
2022-12-30 13:00:00,14.793654075186675,5350.749592676571,cand_003 (USDJPY)
2022-12-30 15:00:00,18.27173788041015,5369.021330556981,cand_002 (EURJPY)
2023-01-04 09:11:40,0.0,5369.021330556981,cand_003 (USDJPY)
2023-01-04 13:00:00,-0.5218620302596527,5368.499468526721,cand_003 (USDJPY)
2023-01-05 07:00:00,0.5672413372387529,5369.06670986396,cand_003 (USDJPY)
2023-01-05 08:00:00,0.7436604753931685,5369.810370339353,cand_002 (EURJPY)
2023-01-05 08:41:40,0.0,5369.810370339353,cand_002 (EURJPY)
2023-01-05 15:00:00,0.7287872658853051,5370.539157605238,cand_002 (EURJPY)
2023-01-06 07:00:00,0.5672413372387529,5371.1063989424765,cand_003 (USDJPY)
2023-01-06 07:45:40,0.0,5371.1063989424765,cand_003 (USDJPY)
2023-01-06 08:00:00,0.7436604753931685,5371.8500594178695,cand_002 (EURJPY)
2023-01-06 13:00:00,12.03118876283395,5383.881248180704,cand_003 (USDJPY)
2023-01-09 08:00:00,0.7436604753931685,5384.6249086560965,cand_002 (EURJPY)
2023-01-10 08:00:00,0.7436604753931685,5385.3685691314895,cand_002 (EURJPY)
2023-01-11 07:00:00,0.5672413372387529,5385.935810468728,cand_003 (USDJPY)
2023-01-13 08:55:40,0.0,5385.935810468728,cand_003 (USDJPY)
2023-01-13 13:00:00,4.506732424361892,5390.44254289309,cand_003 (USDJPY)
2023-01-17 08:00:00,0.7436604753931685,5391.186203368483,cand_002 (EURJPY)
2023-01-19 07:36:40,0.0,5391.186203368483,cand_003 (USDJPY)
2023-01-19 13:00:00,-33.54098027092746,5357.645223097556,cand_003 (USDJPY)
2023-01-20 07:00:00,0.5672413372387529,5358.212464434794,cand_003 (USDJPY)
2023-01-20 07:20:40,0.0,5358.212464434794,cand_003 (USDJPY)
2023-01-20 08:00:00,0.7436604753931685,5358.956124910187,cand_002 (EURJPY)
2023-01-20 13:00:00,17.678076275045733,5376.634201185233,cand_003 (USDJPY)
2023-01-23 07:00:00,0.5672413372387529,5377.201442522472,cand_003 (USDJPY)
2023-01-23 07:54:40,0.0,5377.201442522472,cand_003 (USDJPY)
2023-01-23 08:00:00,0.7436604753931685,5377.9451029978645,cand_002 (EURJPY)
2023-01-23 08:24:40,0.0,5377.9451029978645,cand_002 (EURJPY)
2023-01-23 13:00:00,6.891982247450848,5384.837085245315,cand_003 (USDJPY)
2023-01-23 15:00:00,0.3420838186808575,5385.179169063997,cand_002 (EURJPY)
2023-01-24 07:00:00,0.5672413372387529,5385.746410401234,cand_003 (USDJPY)
2023-01-25 07:00:00,0.5672413372387529,5386.313651738474,cand_003 (USDJPY)
2023-01-25 08:00:00,0.7436604753931685,5387.057312213867,cand_002 (EURJPY)
2023-01-27 07:00:00,0.5672413372387529,5387.624553551104,cand_003 (USDJPY)
2023-01-31 07:00:00,0.5672413372387529,5388.191794888344,cand_003 (USDJPY)
2023-02-01 07:00:00,0.5672413372387529,5388.759036225581,cand_003 (USDJPY)
2023-02-01 08:00:00,0.7436604753931685,5389.502696700974,cand_002 (EURJPY)
2023-02-01 09:22:40,0.0,5389.502696700974,cand_003 (USDJPY)
2023-02-01 13:00:00,-25.123118826304367,5364.37957787467,cand_003 (USDJPY)
2023-02-06 07:00:00,0.5672413372387529,5364.946819211909,cand_003 (USDJPY)
2023-02-06 08:00:00,0.7436604753931685,5365.690479687302,cand_002 (EURJPY)
2023-02-07 07:00:00,0.5672413372387529,5366.25772102454,cand_003 (USDJPY)
2023-02-09 07:00:00,0.5672413372387529,5366.824962361779,cand_003 (USDJPY)
2023-02-09 08:00:00,0.7436604753931685,5367.568622837172,cand_002 (EURJPY)
2023-02-10 07:00:00,0.5672413372387529,5368.13586417441,cand_003 (USDJPY)
2023-02-13 07:00:00,0.5672413372387529,5368.7031055116495,cand_003 (USDJPY)
2023-02-13 08:00:00,0.7436604753931685,5369.446765987042,cand_002 (EURJPY)
2023-02-13 08:14:20,0.0,5369.446765987042,cand_002 (EURJPY)
2023-02-13 08:14:20,0.0,5369.446765987042,cand_003 (USDJPY)
2023-02-13 13:00:00,10.995973322373226,5380.442739309416,cand_003 (USDJPY)
2023-02-13 15:00:00,23.362093834476386,5403.804833143891,cand_002 (EURJPY)
2023-02-14 08:00:00,0.7436604753931685,5404.548493619284,cand_002 (EURJPY)
2023-02-15 07:00:00,0.5672413372387529,5405.115734956524,cand_003 (USDJPY)
2023-02-15 08:00:00,0.7436604753931685,5405.859395431917,cand_002 (EURJPY)
2023-02-15 08:44:40,0.0,5405.859395431917,cand_003 (USDJPY)
2023-02-15 13:00:00,3.190732521967985,5409.050127953884,cand_003 (USDJPY)
2023-02-16 07:00:00,0.5672413372387529,5409.617369291123,cand_003 (USDJPY)
2023-02-17 07:00:00,0.5672413372387529,5410.184610628361,cand_003 (USDJPY)
2023-02-17 08:00:00,0.7436604753931685,5410.928271103754,cand_002 (EURJPY)
2023-02-20 08:00:00,0.7436604753931685,5411.671931579147,cand_002 (EURJPY)
2023-02-21 07:00:00,0.5672413372387529,5412.239172916386,cand_003 (USDJPY)
2023-02-21 09:04:40,0.0,5412.239172916386,cand_003 (USDJPY)
2023-02-21 13:00:00,1.0096895802849801,5413.248862496671,cand_003 (USDJPY)
2023-02-22 07:00:00,0.5672413372387529,5413.816103833909,cand_003 (USDJPY)
2023-02-23 07:00:00,0.5672413372387529,5414.383345171148,cand_003 (USDJPY)
2023-02-27 07:00:00,0.5672413372387529,5414.950586508387,cand_003 (USDJPY)
2023-03-01 07:00:00,0.5672413372387529,5415.517827845625,cand_003 (USDJPY)
2023-03-01 08:00:00,0.7436604753931685,5416.261488321018,cand_002 (EURJPY)
2023-03-01 08:48:40,0.0,5416.261488321018,cand_002 (EURJPY)
2023-03-01 15:00:00,5.491932610778549,5421.753420931796,cand_002 (EURJPY)
2023-03-02 07:00:00,0.5672413372387529,5422.320662269035,cand_003 (USDJPY)
2023-03-02 07:38:40,0.0,5422.320662269035,cand_003 (USDJPY)
2023-03-02 13:00:00,5.227128922655108,5427.54779119169,cand_003 (USDJPY)
2023-03-03 07:00:00,0.5672413372387529,5428.115032528929,cand_003 (USDJPY)
2023-03-07 09:29:40,0.0,5428.115032528929,cand_003 (USDJPY)
2023-03-07 13:00:00,-13.179852470742423,5414.935180058186,cand_003 (USDJPY)
2023-03-08 07:00:00,0.5672413372387529,5415.502421395425,cand_003 (USDJPY)
2023-03-08 08:00:00,0.7436604753931685,5416.246081870818,cand_002 (EURJPY)
2023-03-09 08:43:40,0.0,5416.246081870818,cand_002 (EURJPY)
2023-03-09 08:47:40,0.0,5416.246081870818,cand_003 (USDJPY)
2023-03-09 13:00:00,19.54146406787504,5435.787545938692,cand_003 (USDJPY)
2023-03-09 15:00:00,14.731914017538667,5450.519459956231,cand_002 (EURJPY)
2023-03-10 07:00:00,0.5672413372387529,5451.0867012934705,cand_003 (USDJPY)
2023-03-15 07:00:00,0.5672413372387529,5451.653942630708,cand_003 (USDJPY)
2023-03-15 08:00:00,0.7436604753931685,5452.397603106101,cand_002 (EURJPY)
2023-03-15 08:09:40,0.0,5452.397603106101,cand_002 (EURJPY)
2023-03-15 09:10:40,0.0,5452.397603106101,cand_003 (USDJPY)
2023-03-15 12:27:40,-38.54764074200489,5413.849962364096,cand_002 (EURJPY)
2023-03-15 12:27:40,53.52905284903797,5467.379015213135,cand_002 (EURJPY)
2023-03-15 13:00:00,-22.27556731336583,5445.103447899769,cand_003 (USDJPY)
2023-03-17 08:33:40,0.0,5445.103447899769,cand_003 (USDJPY)
2023-03-17 13:00:00,-10.564869906071774,5434.538577993697,cand_003 (USDJPY)
2023-03-20 09:28:40,0.0,5434.538577993697,cand_003 (USDJPY)
2023-03-20 13:00:00,11.929085322130975,5446.467663315829,cand_003 (USDJPY)
2023-03-22 07:00:00,0.5672413372387529,5447.034904653066,cand_003 (USDJPY)
2023-03-22 08:00:00,0.7436604753931685,5447.778565128459,cand_002 (EURJPY)
2023-03-23 08:00:00,0.7436604753931685,5448.522225603852,cand_002 (EURJPY)
2023-03-29 07:00:00,0.5672413372387529,5449.089466941092,cand_003 (USDJPY)
2023-03-29 08:00:00,0.7436604753931685,5449.833127416485,cand_002 (EURJPY)
2023-03-29 08:52:40,0.0,5449.833127416485,cand_002 (EURJPY)
2023-03-29 08:58:40,0.0,5449.833127416485,cand_003 (USDJPY)
2023-03-29 13:00:00,-12.192852543946994,5437.640274872538,cand_003 (USDJPY)
2023-03-29 15:00:00,32.01086516329894,5469.651140035836,cand_002 (EURJPY)
2023-03-30 07:00:00,0.5672413372387529,5470.218381373075,cand_003 (USDJPY)
2023-03-31 07:00:00,0.5672413372387529,5470.785622710313,cand_003 (USDJPY)
2023-03-31 08:00:00,0.7436604753931685,5471.529283185706,cand_002 (EURJPY)
2023-04-03 07:00:00,0.5672413372387529,5472.096524522945,cand_003 (USDJPY)
2023-04-03 08:15:40,0.0,5472.096524522945,cand_003 (USDJPY)
2023-04-03 13:00:00,-10.20750786361136,5461.889016659334,cand_003 (USDJPY)
2023-04-04 07:00:00,0.5672413372387529,5462.456257996572,cand_003 (USDJPY)
2023-04-04 08:00:00,0.7436604753931685,5463.199918471965,cand_002 (EURJPY)
2023-04-07 07:00:00,0.5672413372387529,5463.767159809204,cand_003 (USDJPY)
2023-04-10 07:00:00,0.5672413372387529,5464.334401146442,cand_003 (USDJPY)
2023-04-10 08:00:00,0.7436604753931685,5465.078061621835,cand_002 (EURJPY)
2023-04-11 07:00:00,0.5672413372387529,5465.645302959074,cand_003 (USDJPY)
2023-04-11 08:00:00,0.7436604753931685,5466.388963434467,cand_002 (EURJPY)
2023-04-12 07:00:00,0.5672413372387529,5466.956204771705,cand_003 (USDJPY)
2023-04-12 08:00:00,0.7436604753931685,5467.699865247098,cand_002 (EURJPY)
2023-04-17 07:00:00,0.5672413372387529,5468.267106584337,cand_003 (USDJPY)
2023-04-17 08:00:00,0.7436604753931685,5469.01076705973,cand_002 (EURJPY)
2023-04-17 08:08:40,0.0,5469.01076705973,cand_002 (EURJPY)
2023-04-17 08:14:40,0.0,5469.01076705973,cand_003 (USDJPY)
2023-04-17 13:00:00,-7.490421858237732,5461.520345201492,cand_003 (USDJPY)
2023-04-17 15:00:00,-31.073852964303544,5430.446492237188,cand_002 (EURJPY)
2023-04-18 07:00:00,0.5672413372387529,5431.0137335744275,cand_003 (USDJPY)
2023-04-19 07:00:00,0.5672413372387529,5431.580974911665,cand_003 (USDJPY)
2023-04-19 09:00:40,0.0,5431.580974911665,cand_003 (USDJPY)
2023-04-19 13:00:00,11.48947328577094,5443.070448197437,cand_003 (USDJPY)
2023-04-20 07:00:00,0.5672413372387529,5443.637689534675,cand_003 (USDJPY)
2023-04-24 07:00:00,0.5672413372387529,5444.204930871914,cand_003 (USDJPY)
2023-04-24 08:00:00,0.7436604753931685,5444.948591347307,cand_002 (EURJPY)
2023-04-25 07:00:00,0.5672413372387529,5445.515832684545,cand_003 (USDJPY)
2023-04-25 08:00:00,0.7436604753931685,5446.259493159938,cand_002 (EURJPY)
2023-04-27 08:00:00,0.7436604753931685,5447.003153635331,cand_002 (EURJPY)
2023-04-27 08:47:40,0.0,5447.003153635331,cand_002 (EURJPY)
2023-04-27 14:46:20,54.74047576345343,5501.743629398785,cand_002 (EURJPY)
2023-04-27 14:46:20,-39.12397761043459,5462.619651788351,cand_002 (EURJPY)
2023-05-01 07:00:00,0.5672413372387529,5463.1868931255885,cand_003 (USDJPY)
2023-05-01 08:00:00,0.7436604753931685,5463.9305536009815,cand_002 (EURJPY)
2023-05-02 07:00:00,0.5672413372387529,5464.497794938221,cand_003 (USDJPY)
2023-05-02 07:30:20,0.0,5464.497794938221,cand_003 (USDJPY)
2023-05-02 08:00:00,0.7436604753931685,5465.241455413614,cand_002 (EURJPY)
2023-05-02 08:02:40,0.0,5465.241455413614,cand_002 (EURJPY)
2023-05-02 12:27:40,-41.436761688907346,5423.804693724706,cand_002 (EURJPY)
2023-05-02 12:27:40,56.00953236471188,5479.814226089418,cand_002 (EURJPY)
2023-05-02 13:00:00,-12.714714574206646,5467.099511515212,cand_003 (USDJPY)
2023-05-04 09:36:40,0.0,5467.099511515212,cand_003 (USDJPY)
2023-05-04 13:00:00,-17.737636615455802,5449.361874899756,cand_003 (USDJPY)
2023-05-08 07:00:00,0.5672413372387529,5449.929116236995,cand_003 (USDJPY)
2023-05-08 08:00:00,0.7436604753931685,5450.6727767123875,cand_002 (EURJPY)
2023-05-09 07:00:00,0.5672413372387529,5451.240018049626,cand_003 (USDJPY)
2023-05-10 07:00:00,0.5672413372387529,5451.807259386865,cand_003 (USDJPY)
2023-05-10 09:20:40,0.0,5451.807259386865,cand_003 (USDJPY)
2023-05-10 13:00:00,-11.537688799436234,5440.2695705874285,cand_003 (USDJPY)
2023-05-15 08:00:00,0.7436604753931685,5441.013231062821,cand_002 (EURJPY)
2023-05-15 08:56:20,0.0,5441.013231062821,cand_002 (EURJPY)
2023-05-15 15:00:00,3.11221908952041,5444.125450152342,cand_002 (EURJPY)
2023-05-19 08:00:00,0.7436604753931685,5444.869110627735,cand_002 (EURJPY)
2023-05-23 08:00:00,0.7436604753931685,5445.612771103128,cand_002 (EURJPY)
2023-05-31 08:07:40,0.0,5445.612771103128,cand_002 (EURJPY)
2023-05-31 15:00:00,10.433556469766154,5456.046327572894,cand_002 (EURJPY)
2023-06-05 07:00:00,0.5672413372387529,5456.613568910132,cand_003 (USDJPY)
2023-06-08 07:00:00,0.5672413372387529,5457.1808102473715,cand_003 (USDJPY)
2023-06-09 08:00:00,0.7436604753931685,5457.924470722764,cand_002 (EURJPY)
2023-06-09 08:37:40,0.0,5457.924470722764,cand_002 (EURJPY)
2023-06-09 15:00:00,-4.160780359824778,5453.763690362939,cand_002 (EURJPY)
2023-06-12 07:00:00,0.5672413372387529,5454.330931700178,cand_003 (USDJPY)
2023-06-14 07:00:00,0.5672413372387529,5454.898173037416,cand_003 (USDJPY)
2023-06-15 07:00:00,0.5672413372387529,5455.465414374655,cand_003 (USDJPY)
2023-06-15 07:02:40,0.0,5455.465414374655,cand_003 (USDJPY)
2023-06-15 08:00:00,0.7436604753931685,5456.209074850048,cand_002 (EURJPY)
2023-06-15 08:02:40,0.0,5456.209074850048,cand_002 (EURJPY)
2023-06-15 13:00:00,-8.165439049551848,5448.043635800495,cand_003 (USDJPY)
2023-06-15 15:00:00,-3.9488371243377243,5444.0947986761585,cand_002 (EURJPY)
2023-06-16 07:00:00,0.5672413372387529,5444.662040013396,cand_003 (USDJPY)
2023-06-16 08:00:00,0.7436604753931685,5445.405700488789,cand_002 (EURJPY)
2023-06-16 08:40:40,0.0,5445.405700488789,cand_002 (EURJPY)
2023-06-16 09:38:40,0.0,5445.405700488789,cand_003 (USDJPY)
2023-06-16 13:00:00,2.0534136408042856,5447.459114129593,cand_003 (USDJPY)
2023-06-16 15:00:00,23.473642905785365,5470.932757035379,cand_002 (EURJPY)
2023-06-19 07:00:00,0.5672413372387529,5471.4999983726175,cand_003 (USDJPY)
2023-06-19 08:00:00,0.7436604753931685,5472.24365884801,cand_002 (EURJPY)
2023-06-20 07:00:00,0.5672413372387529,5472.810900185249,cand_003 (USDJPY)
2023-06-20 08:00:00,0.7436604753931685,5473.554560660642,cand_002 (EURJPY)
2023-06-21 07:00:00,0.5672413372387529,5474.1218019978805,cand_003 (USDJPY)
2023-06-21 08:00:00,0.7436604753931685,5474.8654624732735,cand_002 (EURJPY)
2023-06-21 08:07:40,0.0,5474.8654624732735,cand_003 (USDJPY)
2023-06-21 13:00:00,2.3568877562270187,5477.2223502295,cand_003 (USDJPY)
2023-06-22 07:00:00,0.5672413372387529,5477.78959156674,cand_003 (USDJPY)
2023-06-23 07:00:00,0.5672413372387529,5478.356832903977,cand_003 (USDJPY)
2023-06-23 08:00:00,0.7436604753931685,5479.10049337937,cand_002 (EURJPY)
2023-06-23 08:37:40,0.0,5479.10049337937,cand_003 (USDJPY)
2023-06-23 13:00:00,-3.366577336511998,5475.733916042858,cand_003 (USDJPY)
2023-06-26 07:00:00,0.5672413372387529,5476.301157380098,cand_003 (USDJPY)
2023-06-26 08:00:00,0.7436604753931685,5477.044817855491,cand_002 (EURJPY)
2023-06-27 07:00:00,0.5672413372387529,5477.612059192728,cand_003 (USDJPY)
2023-06-28 07:00:00,0.5672413372387529,5478.179300529968,cand_003 (USDJPY)
2023-06-29 07:00:00,0.5672413372387529,5478.746541867205,cand_003 (USDJPY)
2023-06-29 07:56:40,0.0,5478.746541867205,cand_003 (USDJPY)
2023-06-29 13:00:00,-9.782076860682295,5468.964465006524,cand_003 (USDJPY)
2023-06-30 07:00:00,0.5672413372387529,5469.531706343762,cand_003 (USDJPY)
2023-07-03 07:00:00,0.5672413372387529,5470.098947681001,cand_003 (USDJPY)
2023-07-03 08:00:00,0.7436604753931685,5470.842608156394,cand_002 (EURJPY)
2023-07-04 07:00:00,0.5672413372387529,5471.4098494936325,cand_003 (USDJPY)
2023-07-05 07:00:00,0.5672413372387529,5471.977090830871,cand_003 (USDJPY)
2023-07-06 07:30:40,0.0,5471.977090830871,cand_003 (USDJPY)
2023-07-06 08:34:20,0.0,5471.977090830871,cand_002 (EURJPY)
2023-07-06 13:00:00,-4.132353141784315,5467.844737689087,cand_003 (USDJPY)
2023-07-06 15:00:00,-36.997108650810134,5430.847629038277,cand_002 (EURJPY)
2023-07-07 08:38:40,0.0,5430.847629038277,cand_003 (USDJPY)
2023-07-07 13:00:00,20.843282936837973,5451.690911975114,cand_003 (USDJPY)
2023-07-10 08:00:00,0.7436604753931685,5452.434572450507,cand_002 (EURJPY)
2023-07-17 07:00:00,0.5672413372387529,5453.001813787746,cand_003 (USDJPY)
2023-07-17 08:00:00,0.7436604753931685,5453.745474263139,cand_002 (EURJPY)
2023-07-18 07:38:40,0.0,5453.745474263139,cand_003 (USDJPY)
2023-07-18 13:00:00,6.648068472438185,5460.393542735577,cand_003 (USDJPY)
2023-07-19 07:00:00,0.5672413372387529,5460.960784072816,cand_003 (USDJPY)
2023-07-19 08:00:00,0.7436604753931685,5461.704444548209,cand_002 (EURJPY)
2023-07-19 08:49:40,0.0,5461.704444548209,cand_002 (EURJPY)
2023-07-19 08:50:40,0.0,5461.704444548209,cand_003 (USDJPY)
2023-07-19 13:00:00,14.6461713275046,5476.350615875714,cand_003 (USDJPY)
2023-07-19 15:00:00,10.745893869431285,5487.096509745144,cand_002 (EURJPY)
2023-07-21 07:00:00,0.5672413372387529,5487.663751082384,cand_003 (USDJPY)
2023-07-24 07:00:00,0.5672413372387529,5488.2309924196215,cand_003 (USDJPY)
2023-07-24 08:00:00,0.7436604753931685,5488.9746528950145,cand_002 (EURJPY)
2023-07-25 07:00:00,0.5672413372387529,5489.541894232254,cand_003 (USDJPY)
2023-07-26 09:28:40,0.0,5489.541894232254,cand_003 (USDJPY)
2023-07-26 13:00:00,14.305826525161349,5503.847720757414,cand_003 (USDJPY)
2023-07-31 07:00:00,0.5672413372387529,5504.414962094654,cand_003 (USDJPY)
2023-07-31 08:00:00,0.7436604753931685,5505.158622570047,cand_002 (EURJPY)
2023-07-31 09:48:40,0.0,5505.158622570047,cand_003 (USDJPY)
2023-07-31 13:00:00,10.882525054925473,5516.041147624972,cand_003 (USDJPY)
2023-08-01 07:00:00,0.5672413372387529,5516.60838896221,cand_003 (USDJPY)
2023-08-02 07:00:00,0.5672413372387529,5517.175630299449,cand_003 (USDJPY)
2023-08-02 08:00:00,0.7436604753931685,5517.919290774842,cand_002 (EURJPY)
2023-08-03 07:00:00,0.5672413372387529,5518.48653211208,cand_003 (USDJPY)
2023-08-03 07:04:40,0.0,5518.48653211208,cand_003 (USDJPY)
2023-08-03 10:31:40,40.56654785329803,5559.053079965378,cand_003 (USDJPY)
2023-08-03 10:31:40,-22.644274182571017,5536.408805782807,cand_003 (USDJPY)
2023-08-08 07:00:00,0.5672413372387529,5536.976047120046,cand_003 (USDJPY)
2023-08-08 08:00:00,0.7436604753931685,5537.719707595439,cand_002 (EURJPY)
2023-08-08 08:59:40,0.0,5537.719707595439,cand_002 (EURJPY)
2023-08-08 14:11:40,-55.48078976670734,5482.238917828731,cand_002 (EURJPY)
2023-08-08 14:11:40,58.21931946734267,5540.458237296074,cand_002 (EURJPY)
2023-08-09 07:00:00,0.5672413372387529,5541.025478633313,cand_003 (USDJPY)
2023-08-10 07:00:00,0.5672413372387529,5541.592719970551,cand_003 (USDJPY)
2023-08-10 07:14:20,0.0,5541.592719970551,cand_003 (USDJPY)
2023-08-10 13:00:00,-6.191439195960988,5535.40128077459,cand_003 (USDJPY)
2023-08-11 07:00:00,0.5672413372387529,5535.968522111829,cand_003 (USDJPY)
2023-08-14 07:00:00,0.5672413372387529,5536.535763449067,cand_003 (USDJPY)
2023-08-15 07:00:00,0.5672413372387529,5537.103004786306,cand_003 (USDJPY)
2023-08-15 09:44:40,0.0,5537.103004786306,cand_003 (USDJPY)
2023-08-15 13:00:00,-6.701956399475866,5530.40104838683,cand_003 (USDJPY)
2023-09-05 07:00:00,0.5672413372387529,5530.968289724069,cand_003 (USDJPY)
2023-09-05 08:56:20,0.0,5530.968289724069,cand_003 (USDJPY)
2023-09-05 13:00:00,10.67548196683333,5541.643771690902,cand_003 (USDJPY)
2023-09-06 07:00:00,0.5672413372387529,5542.21101302814,cand_003 (USDJPY)
2023-09-07 07:00:00,0.5672413372387529,5542.778254365379,cand_003 (USDJPY)
2023-09-11 07:32:20,0.0,5542.778254365379,cand_003 (USDJPY)
2023-09-11 13:00:00,-17.941843496861754,5524.836410868517,cand_003 (USDJPY)
2023-09-13 07:00:00,0.5672413372387529,5525.403652205756,cand_003 (USDJPY)
2023-09-13 08:00:00,0.7436604753931685,5526.147312681149,cand_002 (EURJPY)
2023-09-19 07:00:00,0.5672413372387529,5526.714554018387,cand_003 (USDJPY)
2023-09-19 09:45:40,0.0,5526.714554018387,cand_003 (USDJPY)
2023-09-19 13:00:00,-8.758206246966346,5517.956347771421,cand_003 (USDJPY)
2023-09-21 07:00:00,0.5672413372387529,5518.5235891086595,cand_003 (USDJPY)
2023-09-22 07:00:00,0.5672413372387529,5519.090830445898,cand_003 (USDJPY)
2023-09-22 08:00:00,0.7436604753931685,5519.834490921291,cand_002 (EURJPY)
2023-09-22 09:36:40,0.0,5519.834490921291,cand_003 (USDJPY)
2023-09-22 13:00:00,0.38288790263615824,5520.217378823927,cand_003 (USDJPY)
2023-09-25 07:00:00,0.5672413372387529,5520.784620161166,cand_003 (USDJPY)
2023-09-26 07:00:00,0.5672413372387529,5521.351861498404,cand_003 (USDJPY)
2023-09-26 09:21:40,0.0,5521.351861498404,cand_003 (USDJPY)
2023-09-26 13:00:00,-8.687301079811501,5512.664560418592,cand_003 (USDJPY)
2023-09-28 07:00:00,0.5672413372387529,5513.231801755832,cand_003 (USDJPY)
2023-09-29 07:00:00,0.5672413372387529,5513.7990430930695,cand_003 (USDJPY)
2023-09-29 08:00:00,0.7436604753931685,5514.5427035684625,cand_002 (EURJPY)
2023-10-02 07:00:00,0.5672413372387529,5515.109944905702,cand_003 (USDJPY)
2023-10-02 08:00:00,0.7436604753931685,5515.853605381095,cand_002 (EURJPY)
2023-10-09 07:00:00,0.5672413372387529,5516.4208467183325,cand_003 (USDJPY)
2023-10-11 07:00:00,0.5672413372387529,5516.988088055572,cand_003 (USDJPY)
2023-10-11 08:53:40,0.0,5516.988088055572,cand_003 (USDJPY)
2023-10-11 13:00:00,-11.217197443896339,5505.770890611675,cand_003 (USDJPY)
2023-10-12 07:00:00,0.5672413372387529,5506.3381319489135,cand_003 (USDJPY)
2023-10-16 07:00:00,0.5672413372387529,5506.905373286152,cand_003 (USDJPY)
2023-10-18 07:00:00,0.5672413372387529,5507.472614623391,cand_003 (USDJPY)
2023-10-26 07:00:00,0.5672413372387529,5508.039855960629,cand_003 (USDJPY)
2023-10-26 09:05:40,0.0,5508.039855960629,cand_003 (USDJPY)
2023-10-26 09:47:40,42.51814167406796,5550.557997634697,cand_003 (USDJPY)
2023-10-26 09:47:40,-26.220730813861355,5524.337266820836,cand_003 (USDJPY)
2023-10-31 08:00:00,0.7436604753931685,5525.080927296229,cand_002 (EURJPY)
2023-10-31 08:36:40,0.0,5525.080927296229,cand_002 (EURJPY)
2023-10-31 15:00:00,71.04188521430939,5596.122812510538,cand_002 (EURJPY)
2023-11-01 07:00:00,0.5672413372387529,5596.690053847777,cand_003 (USDJPY)
2023-11-07 07:00:00,0.5672413372387529,5597.257295185015,cand_003 (USDJPY)
2023-11-07 08:38:40,0.0,5597.257295185015,cand_003 (USDJPY)
2023-11-07 13:00:00,-2.4533187835576067,5594.8039764014575,cand_003 (USDJPY)
2023-11-08 07:00:00,0.5672413372387529,5595.371217738696,cand_003 (USDJPY)
2023-11-08 09:16:40,0.0,5595.371217738696,cand_003 (USDJPY)
2023-11-08 13:00:00,1.1656809480256374,5596.5368986867215,cand_003 (USDJPY)
2023-11-13 07:00:00,0.5672413372387529,5597.10414002396,cand_003 (USDJPY)
2023-11-22 07:00:00,0.5672413372387529,5597.671381361199,cand_003 (USDJPY)
2023-11-22 07:15:40,0.0,5597.671381361199,cand_003 (USDJPY)
2023-11-22 08:00:00,0.7436604753931685,5598.415041836592,cand_002 (EURJPY)
2023-11-22 08:13:40,0.0,5598.415041836592,cand_002 (EURJPY)
2023-11-22 13:00:00,14.249102391437473,5612.664144228029,cand_003 (USDJPY)
2023-11-22 15:00:00,-9.098685916435416,5603.565458311594,cand_002 (EURJPY)
2023-11-23 07:00:00,0.5672413372387529,5604.132699648832,cand_003 (USDJPY)
2023-11-24 07:00:00,0.5672413372387529,5604.699940986071,cand_003 (USDJPY)
2023-11-24 08:00:00,0.7436604753931685,5605.443601461464,cand_002 (EURJPY)
2023-11-27 08:00:00,0.7436604753931685,5606.187261936857,cand_002 (EURJPY)
2023-12-01 07:00:00,0.5672413372387529,5606.754503274095,cand_003 (USDJPY)
2023-12-01 09:52:40,0.0,5606.754503274095,cand_003 (USDJPY)
2023-12-01 13:00:00,-12.99549903613983,5593.759004237956,cand_003 (USDJPY)
2023-12-05 08:24:20,0.0,5593.759004237956,cand_003 (USDJPY)
2023-12-05 13:00:00,-9.716844106899837,5584.042160131055,cand_003 (USDJPY)
2023-12-06 07:00:00,0.5672413372387529,5584.609401468295,cand_003 (USDJPY)
2023-12-07 07:49:40,0.0,5584.609401468295,cand_003 (USDJPY)
2023-12-07 08:22:40,0.0,5584.609401468295,cand_002 (EURJPY)
2023-12-07 12:13:40,71.96307224879439,5656.572473717089,cand_003 (USDJPY)
2023-12-07 12:13:40,41.0461504039334,5697.618624121023,cand_003 (USDJPY)
2023-12-07 15:00:00,68.33496108387826,5765.953585204901,cand_002 (EURJPY)
2023-12-11 07:00:00,0.5672413372387529,5766.520826542139,cand_003 (USDJPY)
2023-12-11 08:00:00,0.7436604753931685,5767.264487017532,cand_002 (EURJPY)
2023-12-11 08:15:40,0.0,5767.264487017532,cand_002 (EURJPY)
2023-12-11 09:40:40,0.0,5767.264487017532,cand_003 (USDJPY)
2023-12-11 13:00:00,17.105162524434594,5784.369649541966,cand_003 (USDJPY)
2023-12-11 15:00:00,31.40106357347654,5815.770713115444,cand_002 (EURJPY)
2023-12-12 07:22:40,0.0,5815.770713115444,cand_003 (USDJPY)
2023-12-12 13:00:00,2.966672193758678,5818.737385309202,cand_003 (USDJPY)
2023-12-13 07:00:00,0.5672413372387529,5819.304626646441,cand_003 (USDJPY)
2023-12-13 08:33:40,0.0,5819.304626646441,cand_003 (USDJPY)
2023-12-13 13:00:00,-7.359956350672819,5811.944670295768,cand_003 (USDJPY)
2023-12-19 07:00:00,0.5672413372387529,5812.511911633006,cand_003 (USDJPY)
2023-12-19 09:01:40,0.0,5812.511911633006,cand_003 (USDJPY)
2023-12-19 13:00:00,36.96428174116334,5849.47619337417,cand_003 (USDJPY)
2023-12-20 07:00:00,0.5672413372387529,5850.043434711408,cand_003 (USDJPY)
2023-12-20 08:00:00,0.7436604753931685,5850.787095186801,cand_002 (EURJPY)
2023-12-27 07:00:00,0.5672413372387529,5851.35433652404,cand_003 (USDJPY)
2023-12-27 08:00:00,0.7436604753931685,5852.097996999433,cand_002 (EURJPY)
2023-12-28 09:03:40,0.0,5852.097996999433,cand_003 (USDJPY)
2023-12-28 13:00:00,10.925068155218382,5863.023065154652,cand_003 (USDJPY)
2024-01-02 07:00:00,0.5672413372387529,5863.590306491889,cand_003 (USDJPY)
2024-01-03 07:00:00,0.5672413372387529,5864.157547829129,cand_003 (USDJPY)
2024-01-03 09:14:40,0.0,5864.157547829129,cand_003 (USDJPY)
2024-01-03 13:00:00,13.401076592265538,5877.558624421394,cand_003 (USDJPY)
2024-01-04 07:00:00,0.5672413372387529,5878.125865758632,cand_003 (USDJPY)
2024-01-04 07:34:40,0.0,5878.125865758632,cand_003 (USDJPY)
2024-01-04 08:00:00,0.7436604753931685,5878.869526234025,cand_002 (EURJPY)
2024-01-04 13:00:00,20.40934331385033,5899.278869547876,cand_003 (USDJPY)
2024-01-05 07:00:00,0.5672413372387529,5899.846110885114,cand_003 (USDJPY)
2024-01-05 08:00:00,0.7436604753931685,5900.589771360507,cand_002 (EURJPY)
2024-01-05 08:23:40,0.0,5900.589771360507,cand_003 (USDJPY)
2024-01-05 08:31:40,0.0,5900.589771360507,cand_002 (EURJPY)
2024-01-05 13:00:00,5.116516861893551,5905.706288222401,cand_003 (USDJPY)
2024-01-05 15:00:00,-18.45021639450451,5887.256071827896,cand_002 (EURJPY)
2024-01-08 07:00:00,0.5672413372387529,5887.823313165135,cand_003 (USDJPY)
2024-01-10 07:00:00,0.5672413372387529,5888.390554502374,cand_003 (USDJPY)
2024-01-10 08:00:00,0.7436604753931685,5889.1342149777665,cand_002 (EURJPY)
2024-01-10 08:52:40,0.0,5889.1342149777665,cand_003 (USDJPY)
2024-01-10 08:57:20,0.0,5889.1342149777665,cand_002 (EURJPY)
2024-01-10 13:00:00,-5.088154795031614,5884.046060182734,cand_003 (USDJPY)
2024-01-10 15:00:00,22.164800469093386,5906.210860651829,cand_002 (EURJPY)
2024-01-11 07:00:00,0.5672413372387529,5906.778101989066,cand_003 (USDJPY)
2024-01-11 08:00:00,0.7436604753931685,5907.521762464459,cand_002 (EURJPY)
2024-01-12 08:00:00,0.7436604753931685,5908.265422939852,cand_002 (EURJPY)
2024-01-15 07:00:00,0.5672413372387529,5908.832664277092,cand_003 (USDJPY)
2024-01-15 08:00:00,0.7436604753931685,5909.576324752485,cand_002 (EURJPY)
2024-01-15 09:01:40,0.0,5909.576324752485,cand_003 (USDJPY)
2024-01-15 13:00:00,12.03118876283395,5921.607513515319,cand_003 (USDJPY)
2024-01-16 07:00:00,0.5672413372387529,5922.174754852556,cand_003 (USDJPY)
2024-01-17 07:00:00,0.5672413372387529,5922.741996189796,cand_003 (USDJPY)
2024-01-17 07:37:40,0.0,5922.741996189796,cand_003 (USDJPY)
2024-01-17 13:00:00,5.298034089809952,5928.040030279605,cand_003 (USDJPY)
2024-01-18 07:00:00,0.5672413372387529,5928.607271616844,cand_003 (USDJPY)
2024-01-19 07:00:00,0.5672413372387529,5929.174512954082,cand_003 (USDJPY)
2024-01-19 07:32:40,0.0,5929.174512954082,cand_003 (USDJPY)
2024-01-19 08:00:00,0.7436604753931685,5929.918173429475,cand_002 (EURJPY)
2024-01-19 08:24:40,0.0,5929.918173429475,cand_002 (EURJPY)
2024-01-19 12:07:40,59.816702168487204,5989.734875597962,cand_002 (EURJPY)
2024-01-19 12:07:40,-50.33465927698661,5939.400216320975,cand_002 (EURJPY)
2024-01-19 13:00:00,-25.151480893166305,5914.248735427809,cand_003 (USDJPY)
2024-01-23 08:00:00,0.7436604753931685,5914.992395903202,cand_002 (EURJPY)
2024-01-23 08:40:20,0.0,5914.992395903202,cand_003 (USDJPY)
2024-01-23 13:00:00,-5.638378892153204,5909.35401701105,cand_003 (USDJPY)
2024-01-25 07:00:00,0.5672413372387529,5909.921258348288,cand_003 (USDJPY)
2024-01-26 07:00:00,0.5672413372387529,5910.488499685527,cand_003 (USDJPY)
2024-01-29 07:00:00,0.5672413372387529,5911.055741022765,cand_003 (USDJPY)
2024-01-31 07:00:00,0.5672413372387529,5911.622982360004,cand_003 (USDJPY)
2024-02-05 07:00:00,0.5672413372387529,5912.190223697242,cand_003 (USDJPY)
2024-02-06 07:00:00,0.5672413372387529,5912.757465034481,cand_003 (USDJPY)
2024-02-08 07:00:00,0.5672413372387529,5913.324706371719,cand_003 (USDJPY)
2024-02-08 07:31:40,0.0,5913.324706371719,cand_003 (USDJPY)
2024-02-08 08:00:00,0.7436604753931685,5914.068366847112,cand_002 (EURJPY)
2024-02-08 08:46:40,0.0,5914.068366847112,cand_002 (EURJPY)
2024-02-08 13:00:00,18.072309004426668,5932.140675851539,cand_003 (USDJPY)
2024-02-08 15:00:00,8.269504486372034,5940.410180337911,cand_002 (EURJPY)
2024-02-09 07:00:00,0.5672413372387529,5940.97742167515,cand_003 (USDJPY)
2024-02-13 07:00:00,0.5672413372387529,5941.544663012388,cand_003 (USDJPY)
2024-02-14 07:00:00,0.5672413372387529,5942.111904349627,cand_003 (USDJPY)
2024-02-16 07:00:00,0.5672413372387529,5942.679145686865,cand_003 (USDJPY)
2024-02-20 07:00:00,0.5672413372387529,5943.2463870241045,cand_003 (USDJPY)
2024-02-26 07:00:00,0.5672413372387529,5943.813628361342,cand_003 (USDJPY)
2024-02-28 07:00:00,0.5672413372387529,5944.380869698582,cand_003 (USDJPY)
2024-02-28 09:37:40,0.0,5944.380869698582,cand_003 (USDJPY)
2024-02-28 13:00:00,-3.916801433633589,5940.464068264948,cand_003 (USDJPY)
2024-03-01 07:00:00,0.5672413372387529,5941.0313096021855,cand_003 (USDJPY)
2024-03-01 08:00:00,0.7436604753931685,5941.7749700775785,cand_002 (EURJPY)
2024-03-04 07:00:00,0.5672413372387529,5942.342211414818,cand_003 (USDJPY)
2024-03-04 08:00:00,0.7436604753931685,5943.085871890211,cand_002 (EURJPY)
2024-03-04 08:30:20,0.0,5943.085871890211,cand_003 (USDJPY)
2024-03-04 08:31:20,0.0,5943.085871890211,cand_002 (EURJPY)
2024-03-04 13:00:00,0.7913016654480604,5943.877173555658,cand_003 (USDJPY)
2024-03-04 15:00:00,0.8403363371942804,5944.717509892853,cand_002 (EURJPY)
2024-03-06 09:07:40,0.0,5944.717509892853,cand_003 (USDJPY)
2024-03-06 13:00:00,-3.3325428562776733,5941.384967036575,cand_003 (USDJPY)
2024-03-07 08:35:40,0.0,5941.384967036575,cand_002 (EURJPY)
2024-03-07 08:50:40,0.0,5941.384967036575,cand_003 (USDJPY)
2024-03-07 13:00:00,14.345533418768062,5955.730500455344,cand_003 (USDJPY)
2024-03-07 15:00:00,32.33807577247193,5988.068576227815,cand_002 (EURJPY)
2024-03-12 07:00:00,0.5672413372387529,5988.635817565053,cand_003 (USDJPY)
2024-03-12 08:00:00,0.7436604753931685,5989.379478040446,cand_002 (EURJPY)
2024-03-12 08:36:40,0.0,5989.379478040446,cand_002 (EURJPY)
2024-03-12 08:37:40,0.0,5989.379478040446,cand_003 (USDJPY)
2024-03-12 13:00:00,-5.34908581016144,5984.030392230285,cand_003 (USDJPY)
2024-03-12 15:00:00,-7.365957008769334,5976.664435221515,cand_002 (EURJPY)
2024-03-14 07:00:00,0.5672413372387529,5977.231676558755,cand_003 (USDJPY)
2024-03-15 07:00:00,0.5672413372387529,5977.798917895992,cand_003 (USDJPY)
2024-03-18 07:00:00,0.5672413372387529,5978.366159233232,cand_003 (USDJPY)
2024-03-19 07:00:00,0.5672413372387529,5978.9334005704695,cand_003 (USDJPY)
2024-03-19 07:42:40,0.0,5978.9334005704695,cand_003 (USDJPY)
2024-03-19 08:00:00,0.7436604753931685,5979.6770610458625,cand_002 (EURJPY)
2024-03-19 08:04:40,0.0,5979.6770610458625,cand_002 (EURJPY)
2024-03-19 13:00:00,23.56604135558399,6003.243102401447,cand_003 (USDJPY)
2024-03-19 15:00:00,-1.0894625964509919,6002.153639804996,cand_002 (EURJPY)
2024-03-20 07:00:00,0.5672413372387529,6002.720881142234,cand_003 (USDJPY)
2024-03-20 07:11:40,0.0,6002.720881142234,cand_003 (USDJPY)
2024-03-20 08:00:00,0.7436604753931685,6003.464541617627,cand_002 (EURJPY)
2024-03-20 13:00:00,7.8903270009910536,6011.354868618619,cand_003 (USDJPY)
2024-03-21 08:00:00,0.7436604753931685,6012.098529094012,cand_002 (EURJPY)
2024-03-21 08:55:20,0.0,6012.098529094012,cand_002 (EURJPY)
2024-03-21 15:00:00,-12.006398375222705,6000.092130718789,cand_002 (EURJPY)
2024-03-22 07:00:00,0.5672413372387529,6000.659372056027,cand_003 (USDJPY)
2024-03-27 07:00:00,0.5672413372387529,6001.226613393266,cand_003 (USDJPY)
2024-03-27 08:00:00,0.7436604753931685,6001.970273868659,cand_002 (EURJPY)
2024-04-02 07:00:00,0.5672413372387529,6002.537515205897,cand_003 (USDJPY)
2024-04-08 07:00:00,0.5672413372387529,6003.104756543136,cand_003 (USDJPY)
2024-04-11 07:00:00,0.5672413372387529,6003.671997880374,cand_003 (USDJPY)
2024-04-12 07:00:00,0.5672413372387529,6004.239239217613,cand_003 (USDJPY)
2024-04-15 07:00:00,0.5672413372387529,6004.806480554851,cand_003 (USDJPY)
2024-04-15 07:39:40,0.0,6004.806480554851,cand_003 (USDJPY)
2024-04-15 08:00:00,0.7436604753931685,6005.550141030244,cand_002 (EURJPY)
2024-04-15 08:53:40,0.0,6005.550141030244,cand_002 (EURJPY)
2024-04-15 13:00:00,0.0,6005.550141030244,cand_003 (USDJPY)
2024-04-15 15:00:00,1.1117724107127869,6006.6619134409575,cand_002 (EURJPY)
2024-04-16 07:00:00,0.5672413372387529,6007.229154778196,cand_003 (USDJPY)
2024-04-16 09:31:40,0.0,6007.229154778196,cand_003 (USDJPY)
2024-04-16 13:00:00,0.36587066251899564,6007.595025440714,cand_003 (USDJPY)
2024-04-22 07:00:00,0.5672413372387529,6008.162266777954,cand_003 (USDJPY)
2024-04-25 07:00:00,0.5672413372387529,6008.7295081151915,cand_003 (USDJPY)
2024-04-25 07:57:40,0.0,6008.7295081151915,cand_003 (USDJPY)
2024-04-25 08:00:00,0.7436604753931685,6009.4731685905845,cand_002 (EURJPY)
2024-04-25 08:17:40,0.0,6009.4731685905845,cand_002 (EURJPY)
2024-04-25 13:00:00,-0.5105172035148776,6008.96265138707,cand_003 (USDJPY)
2024-04-25 15:00:00,0.0966758618011119,6009.059327248871,cand_002 (EURJPY)
2024-04-26 07:00:00,0.5672413372387529,6009.626568586109,cand_003 (USDJPY)
2024-04-26 08:00:00,0.7436604753931685,6010.370229061502,cand_002 (EURJPY)
2024-04-26 09:57:40,0.0,6010.370229061502,cand_003 (USDJPY)
2024-04-26 11:01:40,44.04061742321678,6054.4108464847195,cand_003 (USDJPY)
2024-04-26 11:01:40,-36.20134214257721,6018.209504342141,cand_003 (USDJPY)
2024-04-30 07:00:00,0.5672413372387529,6018.776745679381,cand_003 (USDJPY)
2024-05-01 07:00:00,0.5672413372387529,6019.3439870166185,cand_003 (USDJPY)
2024-05-06 07:00:00,0.5672413372387529,6019.911228353858,cand_003 (USDJPY)
2024-05-06 08:00:00,0.7436604753931685,6020.654888829251,cand_002 (EURJPY)
2024-05-07 07:00:00,0.5672413372387529,6021.222130166489,cand_003 (USDJPY)
2024-05-07 08:00:00,0.7436604753931685,6021.9657906418815,cand_002 (EURJPY)
2024-05-08 07:00:00,0.5672413372387529,6022.533031979121,cand_003 (USDJPY)
2024-05-09 07:00:00,0.5672413372387529,6023.100273316359,cand_003 (USDJPY)
2024-05-09 09:50:20,0.0,6023.100273316359,cand_003 (USDJPY)
2024-05-09 13:00:00,3.20207734871276,6026.302350665072,cand_003 (USDJPY)
2024-05-10 07:00:00,0.5672413372387529,6026.869592002311,cand_003 (USDJPY)
2024-05-13 07:00:00,0.5672413372387529,6027.436833339549,cand_003 (USDJPY)
2024-05-14 07:00:00,0.5672413372387529,6028.004074676788,cand_003 (USDJPY)
2024-05-15 07:00:00,0.5672413372387529,6028.571316014026,cand_003 (USDJPY)
2024-05-17 07:00:00,0.5672413372387529,6029.138557351265,cand_003 (USDJPY)
2024-05-17 08:00:00,0.7436604753931685,6029.882217826658,cand_002 (EURJPY)
2024-05-20 07:00:00,0.5672413372387529,6030.449459163896,cand_003 (USDJPY)
2024-05-21 07:00:00,0.5672413372387529,6031.016700501135,cand_003 (USDJPY)
2024-05-22 07:00:00,0.5672413372387529,6031.583941838373,cand_003 (USDJPY)
2024-05-22 09:27:20,0.0,6031.583941838373,cand_003 (USDJPY)
2024-05-22 13:00:00,-1.4861723035655328,6030.097769534808,cand_003 (USDJPY)
2024-05-23 07:00:00,0.5672413372387529,6030.665010872046,cand_003 (USDJPY)
2024-05-24 07:00:00,0.5672413372387529,6031.232252209285,cand_003 (USDJPY)
2024-05-29 07:00:00,0.5672413372387529,6031.799493546523,cand_003 (USDJPY)
2024-05-30 07:00:00,0.5672413372387529,6032.366734883763,cand_003 (USDJPY)
2024-05-30 08:23:40,0.0,6032.366734883763,cand_002 (EURJPY)
2024-05-30 15:00:00,-3.1308106014052393,6029.235924282357,cand_002 (EURJPY)
2024-06-03 07:00:00,0.5672413372387529,6029.803165619595,cand_003 (USDJPY)
2024-06-03 08:00:00,0.7436604753931685,6030.546826094988,cand_002 (EURJPY)
2024-06-04 09:16:40,0.0,6030.546826094988,cand_003 (USDJPY)
2024-06-04 13:00:00,24.45377404836264,6055.00060014335,cand_003 (USDJPY)
2024-06-06 08:00:00,0.7436604753931685,6055.744260618743,cand_002 (EURJPY)
2024-06-07 09:07:40,0.0,6055.744260618743,cand_003 (USDJPY)
2024-06-07 13:00:00,-4.886784120311857,6050.857476498431,cand_003 (USDJPY)
2024-06-10 07:00:00,0.5672413372387529,6051.424717835671,cand_003 (USDJPY)
2024-06-11 07:00:00,0.5672413372387529,6051.9919591729085,cand_003 (USDJPY)
2024-06-13 07:00:00,0.5672413372387529,6052.559200510148,cand_003 (USDJPY)
2024-06-13 08:17:40,0.0,6052.559200510148,cand_003 (USDJPY)
2024-06-13 13:00:00,0.0,6052.559200510148,cand_003 (USDJPY)
2024-06-14 07:00:00,0.5672413372387529,6053.126441847386,cand_003 (USDJPY)
2024-06-14 08:00:00,0.7436604753931685,6053.870102322779,cand_002 (EURJPY)
2024-06-14 08:52:40,0.0,6053.870102322779,cand_003 (USDJPY)
2024-06-14 08:56:40,0.0,6053.870102322779,cand_002 (EURJPY)
2024-06-14 11:46:20,-65.9775573768819,5987.892544945897,cand_002 (EURJPY)
2024-06-14 11:46:20,62.59687685574457,6050.489421801642,cand_002 (EURJPY)
2024-06-14 13:00:00,-36.64946279899583,6013.839959002646,cand_003 (USDJPY)
2024-06-17 07:00:00,0.5672413372387529,6014.407200339884,cand_003 (USDJPY)
2024-06-20 07:00:00,0.5672413372387529,6014.974441677123,cand_003 (USDJPY)
2024-06-21 07:00:00,0.5672413372387529,6015.541683014361,cand_003 (USDJPY)
2024-06-24 07:00:00,0.5672413372387529,6016.1089243516,cand_003 (USDJPY)
2024-06-25 07:00:00,0.5672413372387529,6016.676165688838,cand_003 (USDJPY)
2024-06-26 07:00:00,0.5672413372387529,6017.243407026077,cand_003 (USDJPY)
2024-06-27 07:00:00,0.5672413372387529,6017.8106483633155,cand_003 (USDJPY)
2024-06-28 07:00:00,0.5672413372387529,6018.377889700554,cand_003 (USDJPY)
2024-07-01 07:00:00,0.5672413372387529,6018.945131037793,cand_003 (USDJPY)
2024-07-01 08:00:00,0.7436604753931685,6019.688791513186,cand_002 (EURJPY)
2024-07-02 07:00:00,0.5672413372387529,6020.256032850424,cand_003 (USDJPY)
2024-07-03 07:00:00,0.5672413372387529,6020.823274187663,cand_003 (USDJPY)
2024-07-03 08:08:40,0.0,6020.823274187663,cand_003 (USDJPY)
2024-07-03 13:00:00,2.8390428928799585,6023.662317080543,cand_003 (USDJPY)
2024-07-04 07:00:00,0.5672413372387529,6024.229558417781,cand_003 (USDJPY)
2024-07-04 08:00:00,0.7436604753931685,6024.973218893174,cand_002 (EURJPY)
2024-07-09 07:00:00,0.5672413372387529,6025.540460230413,cand_003 (USDJPY)
2024-07-10 07:00:00,0.5672413372387529,6026.107701567651,cand_003 (USDJPY)
2024-07-16 07:00:00,0.5672413372387529,6026.6749429048905,cand_003 (USDJPY)
2024-07-16 08:00:00,0.7436604753931685,6027.4186033802835,cand_002 (EURJPY)
2024-07-17 08:04:40,0.0,6027.4186033802835,cand_003 (USDJPY)
2024-07-17 11:00:40,39.55373844565824,6066.972341825942,cand_003 (USDJPY)
2024-07-17 11:00:40,44.53808807597516,6111.510429901917,cand_003 (USDJPY)
2024-07-19 07:00:00,0.5672413372387529,6112.077671239155,cand_003 (USDJPY)
2024-07-19 08:01:40,0.0,6112.077671239155,cand_003 (USDJPY)
2024-07-19 13:00:00,-10.669809553460942,6101.407861685694,cand_003 (USDJPY)
2024-07-22 07:00:00,0.5672413372387529,6101.975103022933,cand_003 (USDJPY)
2024-07-24 07:02:40,0.0,6101.975103022933,cand_003 (USDJPY)
2024-07-24 08:08:40,0.0,6101.975103022933,cand_002 (EURJPY)
2024-07-24 13:00:00,4.067120388001858,6106.042223410935,cand_003 (USDJPY)
2024-07-24 15:00:00,12.876481131432714,6118.918704542368,cand_002 (EURJPY)
2024-07-30 07:00:00,0.5672413372387529,6119.485945879605,cand_003 (USDJPY)
2024-07-30 07:42:40,0.0,6119.485945879605,cand_003 (USDJPY)
2024-07-30 08:00:00,0.7436604753931685,6120.229606354998,cand_002 (EURJPY)
2024-07-30 08:05:40,0.0,6120.229606354998,cand_002 (EURJPY)
2024-07-30 13:00:00,15.976352263329476,6136.205958618328,cand_003 (USDJPY)
2024-07-30 15:00:00,18.00402010926861,6154.2099787275965,cand_002 (EURJPY)
2024-08-06 08:00:00,0.7436604753931685,6154.9536392029895,cand_002 (EURJPY)
2024-08-08 07:00:00,0.5672413372387529,6155.520880540229,cand_003 (USDJPY)
2024-08-08 08:00:00,0.7436604753931685,6156.264541015622,cand_002 (EURJPY)
2024-08-09 07:00:00,0.5672413372387529,6156.83178235286,cand_003 (USDJPY)
2024-08-09 08:00:00,0.7436604753931685,6157.575442828253,cand_002 (EURJPY)
2024-08-12 07:00:00,0.5672413372387529,6158.142684165492,cand_003 (USDJPY)
2024-08-12 08:00:00,0.7436604753931685,6158.886344640885,cand_002 (EURJPY)
2024-08-12 08:34:40,0.0,6158.886344640885,cand_002 (EURJPY)
2024-08-12 15:00:00,23.533135743816818,6182.419480384701,cand_002 (EURJPY)
2024-08-13 07:00:00,0.5672413372387529,6182.98672172194,cand_003 (USDJPY)
2024-08-13 07:23:40,0.0,6182.98672172194,cand_003 (USDJPY)
2024-08-13 08:00:00,0.7436604753931685,6183.730382197333,cand_002 (EURJPY)
2024-08-13 13:00:00,9.472930331887174,6193.20331252922,cand_003 (USDJPY)
2024-08-14 08:00:00,0.7436604753931685,6193.946973004613,cand_002 (EURJPY)
2024-08-15 07:00:00,0.5672413372387529,6194.514214341852,cand_003 (USDJPY)
2024-08-16 07:00:00,0.5672413372387529,6195.08145567909,cand_003 (USDJPY)
2024-08-19 07:33:40,0.0,6195.08145567909,cand_003 (USDJPY)
2024-08-19 08:33:40,0.0,6195.08145567909,cand_002 (EURJPY)
2024-08-19 13:00:00,-4.53509449122383,6190.546361187866,cand_003 (USDJPY)
2024-08-19 15:00:00,-18.27917448516408,6172.267186702702,cand_002 (EURJPY)
2024-08-20 07:00:00,0.5672413372387529,6172.834428039941,cand_003 (USDJPY)
2024-08-20 08:00:00,0.7436604753931685,6173.578088515334,cand_002 (EURJPY)
2024-08-20 08:24:40,0.0,6173.578088515334,cand_002 (EURJPY)
2024-08-20 08:24:40,0.0,6173.578088515334,cand_003 (USDJPY)
2024-08-20 13:00:00,-31.561308003964214,6142.016780511369,cand_003 (USDJPY)
2024-08-20 15:00:00,-45.47111976791529,6096.5456607434535,cand_002 (EURJPY)
2024-08-27 07:00:00,0.5672413372387529,6097.112902080693,cand_003 (USDJPY)
2024-08-27 08:00:00,0.7436604753931685,6097.856562556086,cand_002 (EURJPY)
2024-08-29 07:00:00,0.5672413372387529,6098.423803893324,cand_003 (USDJPY)
2024-08-29 08:00:00,0.7436604753931685,6099.1674643687165,cand_002 (EURJPY)
2024-08-29 08:03:40,0.0,6099.1674643687165,cand_002 (EURJPY)
2024-08-29 08:10:40,0.0,6099.1674643687165,cand_003 (USDJPY)
2024-08-29 11:07:40,59.61405468894256,6158.781519057659,cand_002 (EURJPY)
2024-08-29 11:07:40,-46.55686406198931,6112.22465499567,cand_002 (EURJPY)
2024-08-29 13:00:00,-11.97162842242388,6100.253026573246,cand_003 (USDJPY)
2024-09-02 07:00:00,0.5672413372387529,6100.820267910485,cand_003 (USDJPY)
2024-09-02 08:00:00,0.7436604753931685,6101.563928385878,cand_002 (EURJPY)
2024-09-03 07:00:00,0.5672413372387529,6102.131169723116,cand_003 (USDJPY)
2024-09-03 08:00:00,0.7436604753931685,6102.874830198509,cand_002 (EURJPY)
2024-09-05 09:28:40,0.0,6102.874830198509,cand_003 (USDJPY)
2024-09-05 13:00:00,-22.86549830409413,6080.009331894415,cand_003 (USDJPY)
2024-09-06 08:06:40,0.0,6080.009331894415,cand_003 (USDJPY)
2024-09-06 08:08:40,0.0,6080.009331894415,cand_002 (EURJPY)
2024-09-06 13:00:00,0.794137872134254,6080.80346976655,cand_003 (USDJPY)
2024-09-06 15:00:00,-11.2776111093374,6069.525858657212,cand_002 (EURJPY)
2024-09-10 07:00:00,0.5672413372387529,6070.09309999445,cand_003 (USDJPY)
2024-09-11 07:11:40,0.0,6070.09309999445,cand_003 (USDJPY)
2024-09-11 08:24:20,0.0,6070.09309999445,cand_002 (EURJPY)
2024-09-11 13:00:00,-18.988403764067254,6051.104696230383,cand_003 (USDJPY)
2024-09-11 15:00:00,-53.31301948093625,5997.791676749446,cand_002 (EURJPY)
2024-10-01 07:00:00,0.5672413372387529,5998.358918086686,cand_003 (USDJPY)
2024-10-01 08:00:00,0.7436604753931685,5999.102578562079,cand_002 (EURJPY)
2024-10-01 09:14:40,0.0,5999.102578562079,cand_003 (USDJPY)
2024-10-01 13:00:00,-28.730773731142836,5970.371804830935,cand_003 (USDJPY)
2024-10-02 07:00:00,0.5672413372387529,5970.939046168174,cand_003 (USDJPY)
2024-10-02 08:37:20,0.0,5970.939046168174,cand_002 (EURJPY)
2024-10-02 11:31:40,59.38909739513613,6030.32814356331,cand_002 (EURJPY)
2024-10-02 11:31:40,-52.6214152388206,5977.706728324489,cand_002 (EURJPY)
2024-10-03 07:00:00,0.5672413372387529,5978.273969661728,cand_003 (USDJPY)
2024-10-04 07:00:00,0.5672413372387529,5978.841210998966,cand_003 (USDJPY)
2024-10-07 07:00:00,0.5672413372387529,5979.408452336205,cand_003 (USDJPY)
2024-10-08 07:00:00,0.5672413372387529,5979.975693673443,cand_003 (USDJPY)
2024-10-09 07:00:00,0.5672413372387529,5980.542935010682,cand_003 (USDJPY)
2024-10-09 08:16:40,0.0,5980.542935010682,cand_003 (USDJPY)
2024-10-09 13:00:00,2.1753705283106175,5982.718305538992,cand_003 (USDJPY)
2024-10-10 07:00:00,0.5672413372387529,5983.285546876231,cand_003 (USDJPY)
2024-10-10 07:30:40,0.0,5983.285546876231,cand_003 (USDJPY)
2024-10-10 12:28:40,-21.260205319708458,5962.025341556522,cand_003 (USDJPY)
2024-10-10 12:28:40,42.2228925580352,6004.248234114558,cand_003 (USDJPY)
2024-11-01 08:00:00,0.7436604753931685,6004.991894589951,cand_002 (EURJPY)
2024-11-05 07:00:00,0.5672413372387529,6005.559135927189,cand_003 (USDJPY)
2024-11-05 08:00:00,0.7436604753931685,6006.302796402582,cand_002 (EURJPY)
2024-11-07 07:00:00,0.5672413372387529,6006.870037739821,cand_003 (USDJPY)
2024-11-11 07:00:00,0.5672413372387529,6007.437279077059,cand_003 (USDJPY)
2024-11-12 07:00:00,0.5672413372387529,6008.004520414298,cand_003 (USDJPY)
2024-11-13 07:00:00,0.5672413372387529,6008.5717617515365,cand_003 (USDJPY)
2024-11-13 08:04:40,0.0,6008.5717617515365,cand_003 (USDJPY)
2024-11-13 13:00:00,-2.7823187591560834,6005.78944299238,cand_003 (USDJPY)
2024-11-14 07:00:00,0.5672413372387529,6006.356684329619,cand_003 (USDJPY)
2024-11-14 08:00:00,0.7436604753931685,6007.100344805012,cand_002 (EURJPY)
2024-11-15 07:00:00,0.5672413372387529,6007.66758614225,cand_003 (USDJPY)
2024-11-20 07:00:00,0.5672413372387529,6008.2348274794895,cand_003 (USDJPY)
2024-11-20 08:01:40,0.0,6008.2348274794895,cand_003 (USDJPY)
2024-11-20 13:00:00,17.55328318085321,6025.788110660342,cand_003 (USDJPY)
2024-11-21 08:12:40,0.0,6025.788110660342,cand_003 (USDJPY)
2024-11-21 13:00:00,11.092404349703813,6036.880515010046,cand_003 (USDJPY)
2024-11-27 08:30:40,0.0,6036.880515010046,cand_003 (USDJPY)
2024-11-27 08:52:40,0.0,6036.880515010046,cand_002 (EURJPY)
2024-11-27 13:00:00,25.996670485652047,6062.877185495698,cand_003 (USDJPY)
2024-11-27 15:00:00,-4.711089111615722,6058.166096384082,cand_002 (EURJPY)
2024-11-29 09:27:40,0.0,6058.166096384082,cand_003 (USDJPY)
2024-11-29 13:00:00,-13.690369674257303,6044.475726709825,cand_003 (USDJPY)
2024-12-04 07:00:00,0.5672413372387529,6045.042968047063,cand_003 (USDJPY)
2024-12-04 08:00:00,0.7436604753931685,6045.786628522456,cand_002 (EURJPY)
2024-12-04 09:17:40,0.0,6045.786628522456,cand_003 (USDJPY)
2024-12-04 13:00:00,21.319765660118527,6067.106394182575,cand_003 (USDJPY)
2024-12-05 07:00:00,0.5672413372387529,6067.673635519814,cand_003 (USDJPY)
2024-12-05 08:50:40,0.0,6067.673635519814,cand_002 (EURJPY)
2024-12-05 14:32:40,58.9354645051463,6126.60910002496,cand_002 (EURJPY)
2024-12-05 14:32:40,-45.41162692988383,6081.197473095076,cand_002 (EURJPY)
2024-12-06 08:00:00,0.7436604753931685,6081.941133570469,cand_002 (EURJPY)
2024-12-10 07:00:00,0.5672413372387529,6082.508374907708,cand_003 (USDJPY)
2024-12-10 08:00:00,0.7436604753931685,6083.2520353831005,cand_002 (EURJPY)
2024-12-11 07:00:00,0.5672413372387529,6083.819276720339,cand_003 (USDJPY)
2024-12-11 08:00:00,0.7436604753931685,6084.562937195732,cand_002 (EURJPY)
2024-12-12 07:00:00,0.5672413372387529,6085.130178532971,cand_003 (USDJPY)
2024-12-12 07:33:40,0.0,6085.130178532971,cand_003 (USDJPY)
2024-12-12 08:00:00,0.7436604753931685,6085.873839008364,cand_002 (EURJPY)
2024-12-12 08:07:40,0.0,6085.873839008364,cand_002 (EURJPY)
2024-12-12 13:00:00,-9.833128581033783,6076.04071042733,cand_003 (USDJPY)
2024-12-12 15:00:00,-33.843988235143094,6042.196722192187,cand_002 (EURJPY)
2024-12-13 07:00:00,0.5672413372387529,6042.763963529425,cand_003 (USDJPY)
2024-12-16 07:00:00,0.5672413372387529,6043.331204866664,cand_003 (USDJPY)
2024-12-17 07:00:00,0.5672413372387529,6043.8984462039025,cand_003 (USDJPY)
2024-12-19 07:00:00,0.5672413372387529,6044.465687541141,cand_003 (USDJPY)
2024-12-19 08:36:40,0.0,6044.465687541141,cand_003 (USDJPY)
2024-12-19 13:00:00,50.01934111771324,6094.485028658854,cand_003 (USDJPY)
2024-12-20 07:00:00,0.5672413372387529,6095.052269996093,cand_003 (USDJPY)
2024-12-23 07:00:00,0.5672413372387529,6095.6195113333315,cand_003 (USDJPY)
2024-12-23 09:17:40,0.0,6095.6195113333315,cand_003 (USDJPY)
2024-12-23 13:00:00,-0.03687068692051894,6095.582640646411,cand_003 (USDJPY)
2024-12-24 07:00:00,0.5672413372387529,6096.14988198365,cand_003 (USDJPY)
2024-12-25 07:00:00,0.5672413372387529,6096.717123320888,cand_003 (USDJPY)
2024-12-26 03:26:40,0.0,6096.717123320888,cand_003 (USDJPY)
2024-12-26 13:00:00,-1.2621119753562253,6095.455011345532,cand_003 (USDJPY)
2024-12-27 07:00:00,0.5672413372387529,6096.022252682771,cand_003 (USDJPY)
2024-12-30 07:00:00,0.5672413372387529,6096.589494020009,cand_003 (USDJPY)
2025-01-02 08:26:40,0.0,6096.589494020009,cand_002 (EURJPY)
2025-01-02 08:27:40,0.0,6096.589494020009,cand_003 (USDJPY)
2025-01-02 13:00:00,-10.72086127381243,6085.868632746196,cand_003 (USDJPY)
2025-01-02 15:00:00,26.459439714488934,6112.328072460686,cand_002 (EURJPY)
2025-01-03 07:00:00,0.5672413372387529,6112.895313797924,cand_003 (USDJPY)
2025-01-06 07:00:00,0.5672413372387529,6113.462555135163,cand_003 (USDJPY)
2025-01-06 08:00:00,0.7436604753931685,6114.206215610556,cand_002 (EURJPY)
2025-01-07 07:00:00,0.5672413372387529,6114.773456947794,cand_003 (USDJPY)
2025-01-07 08:00:00,0.7436604753931685,6115.517117423187,cand_002 (EURJPY)
2025-01-08 07:00:00,0.5672413372387529,6116.084358760426,cand_003 (USDJPY)
2025-01-10 07:00:00,0.5672413372387529,6116.651600097664,cand_003 (USDJPY)
2025-01-15 07:13:40,0.0,6116.651600097664,cand_003 (USDJPY)
2025-01-15 13:00:00,23.004472431717623,6139.656072529382,cand_003 (USDJPY)
2025-01-20 08:00:00,0.7436604753931685,6140.399733004775,cand_002 (EURJPY)
2025-01-20 08:29:40,0.0,6140.399733004775,cand_002 (EURJPY)
2025-01-20 15:00:00,23.588910279471303,6163.988643284247,cand_002 (EURJPY)
2025-01-21 08:00:00,0.7436604753931685,6164.73230375964,cand_002 (EURJPY)
2025-01-22 07:00:00,0.5672413372387529,6165.299545096877,cand_003 (USDJPY)
2025-01-22 08:00:00,0.7436604753931685,6166.04320557227,cand_002 (EURJPY)
2025-01-22 09:56:40,0.0,6166.04320557227,cand_003 (USDJPY)
2025-01-22 13:00:00,-11.872361188407098,6154.170844383863,cand_003 (USDJPY)
2025-01-23 07:00:00,0.5672413372387529,6154.738085721103,cand_003 (USDJPY)
2025-01-23 07:05:20,0.0,6154.738085721103,cand_003 (USDJPY)
2025-01-23 13:00:00,-12.439602525645851,6142.298483195456,cand_003 (USDJPY)
2025-01-24 08:40:20,0.0,6142.298483195456,cand_003 (USDJPY)
2025-01-24 13:00:00,-38.705712646486305,6103.59277054897,cand_003 (USDJPY)
2025-01-27 08:00:00,0.7436604753931685,6104.336431024363,cand_002 (EURJPY)
2025-01-27 08:04:40,0.0,6104.336431024363,cand_002 (EURJPY)
2025-01-27 11:05:40,-42.63033675191338,6061.706094272449,cand_002 (EURJPY)
2025-01-27 11:05:40,60.42352911640803,6122.129623388857,cand_002 (EURJPY)
2025-02-03 07:00:00,0.5672413372387529,6122.6968647260965,cand_003 (USDJPY)
2025-02-04 07:00:00,0.5672413372387529,6123.264106063334,cand_003 (USDJPY)
2025-02-11 07:00:00,0.5672413372387529,6123.831347400574,cand_003 (USDJPY)
2025-02-12 07:00:00,0.5672413372387529,6124.398588737811,cand_003 (USDJPY)
2025-02-12 08:00:00,0.7436604753931685,6125.142249213204,cand_002 (EURJPY)
2025-02-13 07:00:00,0.5672413372387529,6125.709490550444,cand_003 (USDJPY)
2025-02-13 08:00:00,0.7436604753931685,6126.453151025837,cand_002 (EURJPY)
2025-02-18 07:00:00,0.5672413372387529,6127.020392363074,cand_003 (USDJPY)
2025-02-19 08:29:40,0.0,6127.020392363074,cand_003 (USDJPY)
2025-02-19 13:00:00,-5.644051305525591,6121.376341057549,cand_003 (USDJPY)
2025-02-20 08:27:40,0.0,6121.376341057549,cand_003 (USDJPY)
2025-02-20 08:41:40,0.0,6121.376341057549,cand_002 (EURJPY)
2025-02-20 13:00:00,0.30347411542273284,6121.679815172973,cand_003 (USDJPY)
2025-02-20 15:00:00,-5.004834999396024,6116.674980173577,cand_002 (EURJPY)
2025-02-21 08:00:00,0.7436604753931685,6117.41864064897,cand_002 (EURJPY)
2025-02-24 08:00:00,0.7436604753931685,6118.162301124363,cand_002 (EURJPY)
2025-02-25 09:33:40,0.0,6118.162301124363,cand_003 (USDJPY)
2025-02-25 13:00:00,-17.834067642786394,6100.328233481576,cand_003 (USDJPY)
2025-02-28 07:00:00,0.5672413372387529,6100.895474818814,cand_003 (USDJPY)
2025-02-28 09:42:40,0.0,6100.895474818814,cand_003 (USDJPY)
2025-02-28 13:00:00,3.848732473164939,6104.744207291979,cand_003 (USDJPY)
2025-03-03 07:00:00,0.5672413372387529,6105.311448629218,cand_003 (USDJPY)
2025-03-05 07:00:00,0.5672413372387529,6105.8786899664565,cand_003 (USDJPY)
2025-03-06 09:01:40,0.0,6105.8786899664565,cand_003 (USDJPY)
2025-03-06 13:00:00,26.810661804589657,6132.689351771046,cand_003 (USDJPY)
2025-03-12 07:00:00,0.5672413372387529,6133.2565931082845,cand_003 (USDJPY)
2025-03-12 07:34:40,0.0,6133.2565931082845,cand_003 (USDJPY)
2025-03-12 13:00:00,12.175835303829832,6145.432428412114,cand_003 (USDJPY)
2025-03-13 07:30:40,0.0,6145.432428412114,cand_003 (USDJPY)
2025-03-13 08:19:40,0.0,6145.432428412114,cand_002 (EURJPY)
2025-03-13 13:00:00,-11.217197443896339,6134.215230968218,cand_003 (USDJPY)
2025-03-13 15:00:00,7.737787246465918,6141.953018214684,cand_002 (EURJPY)
2025-03-14 07:00:00,0.5672413372387529,6142.520259551922,cand_003 (USDJPY)
2025-03-14 07:42:40,0.0,6142.520259551922,cand_003 (USDJPY)
2025-03-14 08:00:00,0.7436604753931685,6143.263920027315,cand_002 (EURJPY)
2025-03-14 08:04:40,0.0,6143.263920027315,cand_002 (EURJPY)
2025-03-14 13:00:00,15.763636761864943,6159.02755678918,cand_003 (USDJPY)
2025-03-14 15:00:00,47.45297493483808,6206.480531724018,cand_002 (EURJPY)
2025-03-17 07:00:00,0.5672413372387529,6207.0477730612565,cand_003 (USDJPY)
2025-03-17 07:57:40,0.0,6207.0477730612565,cand_003 (USDJPY)
2025-03-17 08:00:00,0.7436604753931685,6207.7914335366495,cand_002 (EURJPY)
2025-03-17 13:00:00,-13.812326561763633,6193.979106974886,cand_003 (USDJPY)
2025-03-18 07:00:00,0.5672413372387529,6194.546348312124,cand_003 (USDJPY)
2025-03-18 09:21:40,0.0,6194.546348312124,cand_003 (USDJPY)
2025-03-18 13:00:00,-2.538404984143419,6192.007943327981,cand_003 (USDJPY)
2025-03-19 07:00:00,0.5672413372387529,6192.57518466522,cand_003 (USDJPY)
2025-03-19 08:57:20,0.0,6192.57518466522,cand_003 (USDJPY)
2025-03-19 13:00:00,-0.6069482308454657,6191.968236434374,cand_003 (USDJPY)
2025-03-21 07:00:00,0.5672413372387529,6192.535477771613,cand_003 (USDJPY)
2025-03-21 07:15:40,0.0,6192.535477771613,cand_003 (USDJPY)
2025-03-21 13:00:00,0.30347411542273284,6192.838951887035,cand_003 (USDJPY)
2025-03-24 07:00:00,0.5672413372387529,6193.406193224275,cand_003 (USDJPY)
2025-03-24 08:00:00,0.7436604753931685,6194.149853699668,cand_002 (EURJPY)
2025-03-25 07:00:00,0.5672413372387529,6194.717095036905,cand_003 (USDJPY)
2025-03-26 07:00:00,0.5672413372387529,6195.284336374145,cand_003 (USDJPY)
2025-03-26 08:00:00,0.7436604753931685,6196.027996849538,cand_002 (EURJPY)
2025-03-26 08:03:40,0.0,6196.027996849538,cand_003 (USDJPY)
2025-03-26 13:00:00,-18.290696919263585,6177.737299930273,cand_003 (USDJPY)
2025-03-28 07:00:00,0.5672413372387529,6178.304541267513,cand_003 (USDJPY)
2025-04-02 07:00:00,0.5672413372387529,6178.8717826047505,cand_003 (USDJPY)
2025-04-04 07:54:40,0.0,6178.8717826047505,cand_003 (USDJPY)
2025-04-04 12:26:20,41.56035467614033,6220.432137280892,cand_003 (USDJPY)
2025-04-04 12:26:20,-43.586824353425776,6176.845312927466,cand_003 (USDJPY)
2025-04-08 08:00:00,0.7436604753931685,6177.588973402859,cand_002 (EURJPY)
2025-04-10 08:00:00,0.7436604753931685,6178.332633878252,cand_002 (EURJPY)
2025-04-11 08:00:00,0.7436604753931685,6179.076294353645,cand_002 (EURJPY)
2025-04-17 08:00:00,0.7436604753931685,6179.819954829038,cand_002 (EURJPY)
2025-04-21 08:00:00,0.7436604753931685,6180.563615304431,cand_002 (EURJPY)
2025-04-21 08:51:20,0.0,6180.563615304431,cand_002 (EURJPY)
2025-04-21 15:00:00,8.29181430063383,6188.855429605064,cand_002 (EURJPY)
2025-04-25 08:00:00,0.7436604753931685,6189.599090080457,cand_002 (EURJPY)
2025-04-25 08:12:20,0.0,6189.599090080457,cand_002 (EURJPY)
2025-04-25 15:00:00,-13.069832855034935,6176.529257225422,cand_002 (EURJPY)
2025-05-01 07:00:00,0.5672413372387529,6177.096498562661,cand_003 (USDJPY)
2025-05-01 07:20:20,0.0,6177.096498562661,cand_003 (USDJPY)
2025-05-01 08:00:00,0.7436604753931685,6177.840159038054,cand_002 (EURJPY)
2025-05-01 08:23:40,0.0,6177.840159038054,cand_002 (EURJPY)
2025-05-01 13:00:00,19.955550244059328,6197.7957092821125,cand_003 (USDJPY)
2025-05-01 15:00:00,37.882064616528,6235.677773898641,cand_002 (EURJPY)
2025-05-02 07:00:00,0.5672413372387529,6236.24501523588,cand_003 (USDJPY)
2025-05-07 08:00:00,0.7436604753931685,6236.988675711273,cand_002 (EURJPY)
2025-05-08 07:00:00,0.5672413372387529,6237.555917048511,cand_003 (USDJPY)
2025-05-08 08:13:20,0.0,6237.555917048511,cand_003 (USDJPY)
2025-05-08 13:00:00,28.01037723284962,6265.5662942813615,cand_003 (USDJPY)
2025-05-09 07:00:00,0.5672413372387529,6266.133535618599,cand_003 (USDJPY)
2025-05-09 08:00:00,0.7436604753931685,6266.877196093992,cand_002 (EURJPY)
2025-05-12 07:00:00,0.5672413372387529,6267.444437431232,cand_003 (USDJPY)
2025-05-12 08:00:00,0.7436604753931685,6268.1880979066245,cand_002 (EURJPY)
2025-05-13 07:00:00,0.5672413372387529,6268.755339243862,cand_003 (USDJPY)
2025-05-14 08:05:40,0.0,6268.755339243862,cand_003 (USDJPY)
2025-05-14 13:00:00,37.398221364150984,6306.153560608014,cand_003 (USDJPY)
2025-05-15 08:47:40,0.0,6306.153560608014,cand_002 (EURJPY)
2025-05-15 09:21:40,0.0,6306.153560608014,cand_003 (USDJPY)
2025-05-15 13:00:00,-5.5958357918602974,6300.5577248161535,cand_003 (USDJPY)
2025-05-15 15:00:00,-1.6286164411110389,6298.929108375042,cand_002 (EURJPY)
2025-05-20 08:23:40,0.0,6298.929108375042,cand_003 (USDJPY)
2025-05-20 13:00:00,3.0999739080097846,6302.029082283052,cand_003 (USDJPY)
2025-05-21 08:42:20,0.0,6302.029082283052,cand_003 (USDJPY)
2025-05-21 13:00:00,-16.623007387781655,6285.406074895271,cand_003 (USDJPY)
2025-05-27 08:00:00,0.7436604753931685,6286.149735370664,cand_002 (EURJPY)
2025-05-27 08:01:40,0.0,6286.149735370664,cand_002 (EURJPY)
2025-05-27 15:00:00,46.96215902107859,6333.111894391742,cand_002 (EURJPY)
2025-05-28 07:00:00,0.5672413372387529,6333.67913572898,cand_003 (USDJPY)
2025-05-28 08:00:00,0.7436604753931685,6334.422796204373,cand_002 (EURJPY)
2025-05-29 07:00:00,0.5672413372387529,6334.990037541612,cand_003 (USDJPY)
2025-05-29 08:00:00,0.7436604753931685,6335.733698017005,cand_002 (EURJPY)
2025-06-02 09:30:40,0.0,6335.733698017005,cand_003 (USDJPY)
2025-06-02 13:00:00,9.166620009778248,6344.900318026783,cand_003 (USDJPY)
2025-06-03 08:00:00,0.7436604753931685,6345.643978502176,cand_002 (EURJPY)
2025-06-04 07:00:00,0.5672413372387529,6346.211219839415,cand_003 (USDJPY)
2025-06-04 08:00:00,0.7436604753931685,6346.954880314808,cand_002 (EURJPY)
2025-06-04 08:34:40,0.0,6346.954880314808,cand_003 (USDJPY)
2025-06-04 13:00:00,-12.714714574206646,6334.240165740601,cand_003 (USDJPY)
2025-06-06 07:00:00,0.5672413372387529,6334.80740707784,cand_003 (USDJPY)
2025-06-06 09:23:40,0.0,6334.80740707784,cand_003 (USDJPY)
2025-06-06 13:00:00,5.153387548814071,6339.960794626653,cand_003 (USDJPY)
2025-06-09 07:00:00,0.5672413372387529,6340.528035963893,cand_003 (USDJPY)
2025-06-10 07:00:00,0.5672413372387529,6341.09527730113,cand_003 (USDJPY)
2025-06-11 07:00:00,0.5672413372387529,6341.66251863837,cand_003 (USDJPY)
2025-06-16 07:00:00,0.5672413372387529,6342.2297599756075,cand_003 (USDJPY)
2025-06-17 07:00:00,0.5672413372387529,6342.797001312847,cand_003 (USDJPY)
2025-06-17 08:00:00,0.7436604753931685,6343.54066178824,cand_002 (EURJPY)
2025-06-18 07:00:00,0.5672413372387529,6344.107903125478,cand_003 (USDJPY)
2025-06-19 07:00:00,0.5672413372387529,6344.675144462717,cand_003 (USDJPY)
2025-06-19 09:30:40,0.0,6344.675144462717,cand_003 (USDJPY)
2025-06-19 13:00:00,3.5480945644283994,6348.223239027146,cand_003 (USDJPY)
2025-06-20 07:00:00,0.5672413372387529,6348.790480364383,cand_003 (USDJPY)
2025-06-23 07:00:00,0.5672413372387529,6349.357721701623,cand_003 (USDJPY)
2025-06-23 07:08:40,0.0,6349.357721701623,cand_003 (USDJPY)
2025-06-23 08:00:00,0.7436604753931685,6350.101382177016,cand_002 (EURJPY)
2025-06-23 08:05:40,0.0,6350.101382177016,cand_002 (EURJPY)
2025-06-23 13:00:00,37.401057570837175,6387.502439747852,cand_003 (USDJPY)
2025-06-23 15:00:00,14.560872108198238,6402.063311856051,cand_002 (EURJPY)
2025-06-24 08:00:00,0.7436604753931685,6402.806972331444,cand_002 (EURJPY)
2025-06-24 09:17:40,0.0,6402.806972331444,cand_003 (USDJPY)
2025-06-24 13:00:00,6.1432236822956945,6408.950196013739,cand_003 (USDJPY)
2025-06-26 09:13:20,0.0,6408.950196013739,cand_003 (USDJPY)
2025-06-26 13:00:00,13.264938671328238,6422.215134685068,cand_003 (USDJPY)
2025-06-30 07:52:40,0.0,6422.215134685068,cand_003 (USDJPY)
2025-06-30 13:00:00,-13.367042112031212,6408.848092573036,cand_003 (USDJPY)
2025-07-03 07:00:00,0.5672413372387529,6409.415333910274,cand_003 (USDJPY)
2025-07-04 07:00:00,0.5672413372387529,6409.9825752475135,cand_003 (USDJPY)
2025-07-07 07:00:00,0.5672413372387529,6410.549816584751,cand_003 (USDJPY)
2025-07-07 07:44:20,0.0,6410.549816584751,cand_003 (USDJPY)
2025-07-07 08:00:00,0.7436604753931685,6411.293477060144,cand_002 (EURJPY)
2025-07-07 08:43:40,0.0,6411.293477060144,cand_002 (EURJPY)
2025-07-07 13:00:00,17.82555902272781,6429.119036082872,cand_003 (USDJPY)
2025-07-07 15:00:00,-3.06759946099682,6426.051436621876,cand_002 (EURJPY)
2025-07-08 07:00:00,0.5672413372387529,6426.6186779591135,cand_003 (USDJPY)
2025-07-08 08:00:00,0.7436604753931685,6427.3623384345065,cand_002 (EURJPY)
2025-07-09 07:00:00,0.5672413372387529,6427.929579771746,cand_003 (USDJPY)
2025-07-10 08:00:00,0.7436604753931685,6428.673240247139,cand_002 (EURJPY)
2025-07-11 07:00:00,0.5672413372387529,6429.2404815843765,cand_003 (USDJPY)
2025-07-11 07:25:40,0.0,6429.2404815843765,cand_003 (USDJPY)
2025-07-11 08:00:00,0.7436604753931685,6429.9841420597695,cand_002 (EURJPY)
2025-07-11 13:00:00,-6.211292642764344,6423.772849417006,cand_003 (USDJPY)
2025-07-14 07:00:00,0.5672413372387529,6424.340090754244,cand_003 (USDJPY)
2025-07-15 07:00:00,0.5672413372387529,6424.907332091483,cand_003 (USDJPY)
2025-07-16 07:00:00,0.5672413372387529,6425.474573428721,cand_003 (USDJPY)
2025-07-16 08:00:00,0.7436604753931685,6426.218233904114,cand_002 (EURJPY)
2025-07-17 07:00:00,0.5672413372387529,6426.785475241353,cand_003 (USDJPY)
2025-07-17 08:00:00,0.7436604753931685,6427.529135716746,cand_002 (EURJPY)
2025-07-17 09:30:40,0.0,6427.529135716746,cand_003 (USDJPY)
2025-07-17 13:00:00,-1.4861723035655328,6426.04296341318,cand_003 (USDJPY)
2025-07-18 07:00:00,0.5672413372387529,6426.610204750419,cand_003 (USDJPY)
2025-07-18 08:00:00,0.7436604753931685,6427.353865225812,cand_002 (EURJPY)
2025-07-18 08:30:40,0.0,6427.353865225812,cand_003 (USDJPY)
2025-07-18 13:00:00,-3.5083876708216866,6423.84547755499,cand_003 (USDJPY)
2025-07-25 07:00:00,0.5672413372387529,6424.412718892228,cand_003 (USDJPY)
2025-07-25 08:00:00,0.7436604753931685,6425.156379367621,cand_002 (EURJPY)
2025-07-28 07:00:00,0.5672413372387529,6425.72362070486,cand_003 (USDJPY)
2025-07-28 09:21:40,0.0,6425.72362070486,cand_003 (USDJPY)
2025-07-28 13:00:00,9.175128629836829,6434.898749334697,cand_003 (USDJPY)
2025-07-29 07:00:00,0.5672413372387529,6435.465990671935,cand_003 (USDJPY)
2025-07-29 08:55:40,0.0,6435.465990671935,cand_002 (EURJPY)
2025-07-29 15:00:00,0.7510970801471002,6436.217087752082,cand_002 (EURJPY)
2025-07-30 08:22:40,0.0,6436.217087752082,cand_002 (EURJPY)
2025-07-30 15:00:00,-5.815424917574577,6430.401662834508,cand_002 (EURJPY)
2025-07-31 07:00:00,0.5672413372387529,6430.9689041717465,cand_003 (USDJPY)
2025-08-01 07:00:00,0.5672413372387529,6431.536145508985,cand_003 (USDJPY)
2025-08-01 08:00:00,0.7436604753931685,6432.279805984378,cand_002 (EURJPY)
2025-08-07 07:00:00,0.5672413372387529,6432.847047321617,cand_003 (USDJPY)
2025-08-07 08:00:00,0.7436604753931685,6433.59070779701,cand_002 (EURJPY)
2025-08-12 07:00:00,0.5672413372387529,6434.157949134248,cand_003 (USDJPY)
2025-08-13 07:00:00,0.5672413372387529,6434.725190471487,cand_003 (USDJPY)
2025-08-13 08:00:00,0.7436604753931685,6435.46885094688,cand_002 (EURJPY)
2025-08-14 09:12:40,0.0,6435.46885094688,cand_003 (USDJPY)
2025-08-14 13:00:00,-16.166378111304457,6419.302472835576,cand_003 (USDJPY)
2025-08-15 08:13:40,0.0,6419.302472835576,cand_003 (USDJPY)
2025-08-15 13:00:00,4.864094466822306,6424.166567302398,cand_003 (USDJPY)
2025-08-18 07:00:00,0.5672413372387529,6424.733808639636,cand_003 (USDJPY)
2025-08-19 07:00:00,0.5672413372387529,6425.301049976875,cand_003 (USDJPY)
2025-08-19 08:00:00,0.7436604753931685,6426.044710452268,cand_002 (EURJPY)
2025-08-20 09:11:40,0.0,6426.044710452268,cand_003 (USDJPY)
2025-08-20 13:00:00,-8.383826964388767,6417.660883487879,cand_003 (USDJPY)
2025-08-22 07:00:00,0.5672413372387529,6418.228124825117,cand_003 (USDJPY)
2025-08-26 07:00:00,0.5672413372387529,6418.795366162356,cand_003 (USDJPY)
2025-08-27 07:00:00,0.5672413372387529,6419.362607499595,cand_003 (USDJPY)
2025-08-27 07:20:40,0.0,6419.362607499595,cand_003 (USDJPY)
2025-08-27 13:00:00,2.0307239873147354,6421.393331486909,cand_003 (USDJPY)
2025-09-02 07:00:00,0.5672413372387529,6421.960572824148,cand_003 (USDJPY)
2025-09-02 07:33:40,0.0,6421.960572824148,cand_003 (USDJPY)
2025-09-02 08:00:00,0.7436604753931685,6422.704233299541,cand_002 (EURJPY)
2025-09-02 08:56:40,0.0,6422.704233299541,cand_002 (EURJPY)
2025-09-02 13:00:00,26.002342899024434,6448.706576198565,cand_003 (USDJPY)
2025-09-02 15:00:00,4.904440835217946,6453.611017033783,cand_002 (EURJPY)
2025-09-03 07:00:00,0.5672413372387529,6454.178258371021,cand_003 (USDJPY)
2025-09-04 07:00:00,0.5672413372387529,6454.7454997082605,cand_003 (USDJPY)
2025-09-08 07:00:00,0.5672413372387529,6455.312741045498,cand_003 (USDJPY)
2025-09-08 08:00:00,0.7436604753931685,6456.056401520891,cand_002 (EURJPY)
2025-09-09 08:22:40,0.0,6456.056401520891,cand_003 (USDJPY)
2025-09-09 13:00:00,25.228058473693537,6481.284459994586,cand_003 (USDJPY)
2025-09-12 07:00:00,0.5672413372387529,6481.851701331823,cand_003 (USDJPY)
2025-09-16 09:16:40,0.0,6481.851701331823,cand_003 (USDJPY)
2025-09-16 13:00:00,-3.9366548804369454,6477.915046451387,cand_003 (USDJPY)
2025-09-18 07:00:00,0.5672413372387529,6478.482287788625,cand_003 (USDJPY)
2025-09-18 08:12:40,0.0,6478.482287788625,cand_003 (USDJPY)
2025-09-18 13:00:00,-0.1531551610544633,6478.32913262757,cand_003 (USDJPY)
2025-09-19 07:00:00,0.5672413372387529,6478.89637396481,cand_003 (USDJPY)
2025-09-22 07:00:00,0.5672413372387529,6479.463615302047,cand_003 (USDJPY)
2025-09-24 07:00:00,0.5672413372387529,6480.030856639287,cand_003 (USDJPY)
2025-09-24 09:12:40,0.0,6480.030856639287,cand_003 (USDJPY)
2025-09-24 13:00:00,10.442913018565442,6490.473769657852,cand_003 (USDJPY)
2025-09-25 07:00:00,0.5672413372387529,6491.04101099509,cand_003 (USDJPY)
2025-09-26 07:00:00,0.5672413372387529,6491.608252332329,cand_003 (USDJPY)
2025-09-29 08:32:40,0.0,6491.608252332329,cand_003 (USDJPY)
2025-09-29 13:00:00,4.733628959257394,6496.341881291586,cand_003 (USDJPY)
2025-09-30 08:21:40,0.0,6496.341881291586,cand_003 (USDJPY)
2025-09-30 13:00:00,11.920576702072394,6508.262457993658,cand_003 (USDJPY)
2025-10-01 07:51:40,0.0,6508.262457993658,cand_003 (USDJPY)
2025-10-01 13:00:00,16.257136725262658,6524.519594718921,cand_003 (USDJPY)
2025-10-03 07:00:00,0.5672413372387529,6525.08683605616,cand_003 (USDJPY)
2025-10-03 08:00:00,0.7436604753931685,6525.830496531553,cand_002 (EURJPY)
2025-10-06 07:00:00,0.5672413372387529,6526.397737868791,cand_003 (USDJPY)
2025-10-06 07:36:40,0.0,6526.397737868791,cand_003 (USDJPY)
2025-10-06 08:00:00,0.7436604753931685,6527.141398344184,cand_002 (EURJPY)
2025-10-06 13:00:00,5.581654758429329,6532.723053102614,cand_003 (USDJPY)
2025-10-07 07:00:00,0.5672413372387529,6533.290294439852,cand_003 (USDJPY)
2025-10-08 07:00:00,0.5672413372387529,6533.8575357770915,cand_003 (USDJPY)
2025-10-08 08:00:00,0.7436604753931685,6534.601196252484,cand_002 (EURJPY)
2025-10-09 07:00:00,0.5672413372387529,6535.168437589722,cand_003 (USDJPY)
2025-10-09 09:13:40,0.0,6535.168437589722,cand_003 (USDJPY)
2025-10-09 13:00:00,-12.754421467813359,6522.414016121909,cand_003 (USDJPY)
2025-10-10 07:00:00,0.5672413372387529,6522.981257459148,cand_003 (USDJPY)
2025-10-14 07:11:40,0.0,6522.981257459148,cand_003 (USDJPY)
2025-10-14 08:59:40,0.0,6522.981257459148,cand_002 (EURJPY)
2025-10-14 13:00:00,-8.389499377761155,6514.591758081387,cand_003 (USDJPY)
2025-10-14 15:00:00,0.4870976113825254,6515.078855692769,cand_002 (EURJPY)
2025-10-16 08:00:00,0.7436604753931685,6515.822516168162,cand_002 (EURJPY)
2025-10-17 08:53:40,0.0,6515.822516168162,cand_003 (USDJPY)
2025-10-17 13:00:00,2.348379136168437,6518.170895304331,cand_003 (USDJPY)
2025-10-20 07:00:00,0.5672413372387529,6518.738136641569,cand_003 (USDJPY)
2025-10-20 08:00:00,0.7436604753931685,6519.481797116962,cand_002 (EURJPY)
2025-10-21 07:00:00,0.5672413372387529,6520.049038454201,cand_003 (USDJPY)
2025-10-21 08:00:00,0.7436604753931685,6520.792698929594,cand_002 (EURJPY)
2025-10-21 08:09:40,0.0,6520.792698929594,cand_003 (USDJPY)
2025-10-21 08:15:40,0.0,6520.792698929594,cand_002 (EURJPY)
2025-10-21 13:00:00,19.39398132019296,6540.186680249786,cand_003 (USDJPY)
2025-10-21 15:00:00,20.94519728944859,6561.131877539236,cand_002 (EURJPY)
2025-10-22 07:00:00,0.5672413372387529,6561.699118876473,cand_003 (USDJPY)
2025-10-23 07:00:00,0.5672413372387529,6562.266360213713,cand_003 (USDJPY)
2025-10-23 08:00:00,0.7436604753931685,6563.010020689106,cand_002 (EURJPY)
2025-10-23 09:56:40,0.0,6563.010020689106,cand_003 (USDJPY)
2025-10-23 13:00:00,-2.155517081507261,6560.8545036075975,cand_003 (USDJPY)
2025-10-24 07:00:00,0.5672413372387529,6561.421744944837,cand_003 (USDJPY)
2025-10-24 08:29:40,0.0,6561.421744944837,cand_003 (USDJPY)
2025-10-24 13:00:00,-3.1878963152817916,6558.233848629555,cand_003 (USDJPY)
2025-10-27 07:00:00,0.5672413372387529,6558.801089966793,cand_003 (USDJPY)
2025-10-28 07:41:40,0.0,6558.801089966793,cand_003 (USDJPY)
2025-10-28 08:25:40,0.0,6558.801089966793,cand_002 (EURJPY)
2025-10-28 13:00:00,3.24745665569186,6562.048546622485,cand_003 (USDJPY)
2025-10-28 15:00:00,-11.392878483023342,6550.655668139462,cand_002 (EURJPY)
2025-10-30 07:00:00,0.5672413372387529,6551.222909476701,cand_003 (USDJPY)
2025-10-30 09:40:40,0.0,6551.222909476701,cand_003 (USDJPY)
2025-10-30 13:00:00,18.886300323364278,6570.1092098000645,cand_003 (USDJPY)
2025-10-31 07:00:00,0.5672413372387529,6570.676451137304,cand_003 (USDJPY)
2025-10-31 08:00:00,0.7436604753931685,6571.420111612697,cand_002 (EURJPY)
2025-11-03 07:00:00,0.5672413372387529,6571.987352949935,cand_003 (USDJPY)
2025-11-04 07:00:00,0.5672413372387529,6572.554594287174,cand_003 (USDJPY)
2025-11-06 07:00:00,0.5672413372387529,6573.121835624412,cand_003 (USDJPY)
2025-11-10 07:00:00,0.5672413372387529,6573.689076961651,cand_003 (USDJPY)
2025-11-10 08:00:00,0.7436604753931685,6574.432737437044,cand_002 (EURJPY)
2025-11-10 09:19:40,0.0,6574.432737437044,cand_003 (USDJPY)
2025-11-10 13:00:00,0.2580948084436326,6574.690832245487,cand_003 (USDJPY)
2025-11-11 07:00:00,0.5672413372387529,6575.258073582726,cand_003 (USDJPY)
2025-11-12 07:00:00,0.5672413372387529,6575.8253149199645,cand_003 (USDJPY)
2025-11-12 08:00:00,0.7436604753931685,6576.5689753953575,cand_002 (EURJPY)
2025-11-13 07:00:00,0.5672413372387529,6577.136216732596,cand_003 (USDJPY)
2025-11-17 07:00:00,0.5672413372387529,6577.703458069835,cand_003 (USDJPY)
2025-11-18 07:00:00,0.5672413372387529,6578.270699407073,cand_003 (USDJPY)
2025-11-19 07:00:00,0.5672413372387529,6578.837940744312,cand_003 (USDJPY)
2025-11-20 07:00:00,0.5672413372387529,6579.40518208155,cand_003 (USDJPY)
2025-11-20 08:00:00,0.7436604753931685,6580.148842556943,cand_002 (EURJPY)
2025-11-20 08:00:40,0.0,6580.148842556943,cand_003 (USDJPY)
2025-11-20 08:11:40,0.0,6580.148842556943,cand_002 (EURJPY)
2025-11-20 13:00:00,-8.074680435593647,6572.074162121349,cand_003 (USDJPY)
2025-11-20 15:00:00,-0.9890684322729142,6571.0850936890765,cand_002 (EURJPY)
2025-11-21 07:00:00,0.5672413372387529,6571.652335026316,cand_003 (USDJPY)
2025-11-25 07:00:00,0.5672413372387529,6572.219576363554,cand_003 (USDJPY)
2025-11-26 08:00:00,0.7436604753931685,6572.963236838947,cand_002 (EURJPY)
2025-11-26 08:12:40,0.0,6572.963236838947,cand_002 (EURJPY)
2025-11-26 15:00:00,0.18963342122525798,6573.152870260172,cand_002 (EURJPY)
2025-11-27 08:00:00,0.7436604753931685,6573.896530735565,cand_002 (EURJPY)
2025-11-28 08:00:00,0.7436604753931685,6574.640191210958,cand_002 (EURJPY)
2025-12-05 07:30:40,0.0,6574.640191210958,cand_003 (USDJPY)
2025-12-05 13:00:00,-18.387127946594177,6556.253063264364,cand_003 (USDJPY)
2025-12-08 08:00:00,0.7436604753931685,6556.996723739757,cand_002 (EURJPY)
2025-12-08 08:01:40,0.0,6556.996723739757,cand_002 (EURJPY)
2025-12-08 15:00:00,9.80144506568196,6566.798168805439,cand_002 (EURJPY)
2025-12-09 07:00:00,0.5672413372387529,6567.365410142677,cand_003 (USDJPY)
2025-12-09 09:16:40,0.0,6567.365410142677,cand_003 (USDJPY)
2025-12-09 13:00:00,-3.3438876830224484,6564.021522459655,cand_003 (USDJPY)
2025-12-10 07:00:00,0.5672413372387529,6564.5887637968935,cand_003 (USDJPY)
2025-12-11 08:00:00,0.7436604753931685,6565.3324242722865,cand_002 (EURJPY)
2025-12-15 07:58:40,0.0,6565.3324242722865,cand_003 (USDJPY)
2025-12-15 13:00:00,-2.158353288193455,6563.174070984092,cand_003 (USDJPY)
2025-12-17 07:00:00,0.5672413372387529,6563.741312321332,cand_003 (USDJPY)
2025-12-17 08:12:40,0.0,6563.741312321332,cand_003 (USDJPY)
2025-12-17 13:00:00,6.639559852379603,6570.380872173711,cand_003 (USDJPY)
2025-12-18 07:00:00,0.5672413372387529,6570.948113510949,cand_003 (USDJPY)
2025-12-18 08:00:00,0.7436604753931685,6571.691773986342,cand_002 (EURJPY)
2025-12-18 09:00:00,0.0,6571.691773986342,cand_003 (USDJPY)
2025-12-18 13:00:00,-2.912784266720996,6568.778989719622,cand_003 (USDJPY)
2025-12-19 07:00:00,0.5672413372387529,6569.34623105686,cand_003 (USDJPY)
2025-12-19 08:00:00,0.7436604753931685,6570.089891532253,cand_002 (EURJPY)
2025-12-19 08:40:40,0.0,6570.089891532253,cand_002 (EURJPY)
2025-12-19 08:40:40,0.0,6570.089891532253,cand_003 (USDJPY)
2025-12-19 13:00:00,37.02951449494579,6607.119406027199,cand_003 (USDJPY)
2025-12-19 15:00:00,48.285874667278435,6655.405280694477,cand_002 (EURJPY)
2025-12-22 07:00:00,0.5672413372387529,6655.972522031716,cand_003 (USDJPY)
2025-12-26 07:00:00,0.5672413372387529,6656.5397633689545,cand_003 (USDJPY)
2025-12-26 08:00:00,0.7436604753931685,6657.283423844347,cand_002 (EURJPY)
2025-12-29 07:00:00,0.5672413372387529,6657.850665181586,cand_003 (USDJPY)
2025-12-31 07:00:00,0.5672413372387529,6658.417906518825,cand_003 (USDJPY)
2026-01-02 07:00:00,0.5672413372387529,6658.985147856063,cand_003 (USDJPY)
2026-01-02 08:34:40,0.0,6658.985147856063,cand_003 (USDJPY)
2026-01-02 13:00:00,-6.112025408747563,6652.873122447316,cand_003 (USDJPY)
2026-01-05 07:00:00,0.5672413372387529,6653.440363784554,cand_003 (USDJPY)
2026-01-07 07:56:40,0.0,6653.440363784554,cand_003 (USDJPY)
2026-01-07 13:00:00,-6.557309858479984,6646.883053926074,cand_003 (USDJPY)
2026-01-08 07:00:00,0.5672413372387529,6647.450295263313,cand_003 (USDJPY)
2026-01-09 07:00:00,0.5672413372387529,6648.0175366005515,cand_003 (USDJPY)
2026-01-09 08:00:00,0.7436604753931685,6648.761197075944,cand_002 (EURJPY)
2026-01-09 08:05:20,0.0,6648.761197075944,cand_003 (USDJPY)
2026-01-09 13:00:00,8.131404569317523,6656.892601645262,cand_003 (USDJPY)
2026-01-12 07:00:00,0.5672413372387529,6657.459842982501,cand_003 (USDJPY)
2026-01-12 08:00:00,0.7436604753931685,6658.203503457894,cand_002 (EURJPY)
2026-01-13 07:00:00,0.5672413372387529,6658.7707447951325,cand_003 (USDJPY)
2026-01-13 08:00:00,0.7436604753931685,6659.5144052705255,cand_002 (EURJPY)
2026-01-14 07:00:00,0.5672413372387529,6660.081646607764,cand_003 (USDJPY)
2026-01-15 07:00:00,0.5672413372387529,6660.648887945003,cand_003 (USDJPY)
2026-01-20 08:00:00,0.7436604753931685,6661.3925484203955,cand_002 (EURJPY)
2026-01-20 08:09:40,0.0,6661.3925484203955,cand_002 (EURJPY)
2026-01-20 15:00:00,27.180790375620305,6688.573338796016,cand_002 (EURJPY)
2026-01-22 07:00:00,0.5672413372387529,6689.140580133255,cand_003 (USDJPY)
2026-01-22 08:00:00,0.7436604753931685,6689.884240608648,cand_002 (EURJPY)
2026-01-22 08:12:20,0.0,6689.884240608648,cand_003 (USDJPY)
2026-01-22 08:17:40,0.0,6689.884240608648,cand_002 (EURJPY)
2026-01-22 13:00:00,-7.079171888739637,6682.805068719908,cand_003 (USDJPY)
2026-01-22 15:00:00,9.738233925273542,6692.543302645182,cand_002 (EURJPY)
2026-01-23 07:00:00,0.5672413372387529,6693.1105439824205,cand_003 (USDJPY)
2026-01-23 08:47:40,0.0,6693.1105439824205,cand_003 (USDJPY)
2026-01-23 09:43:40,44.870207878928454,6737.980751861349,cand_003 (USDJPY)
2026-01-23 09:43:40,-23.878024091065303,6714.102727770283,cand_003 (USDJPY)
2026-01-30 07:00:00,0.5672413372387529,6714.669969107522,cand_003 (USDJPY)
2026-01-30 07:41:20,0.0,6714.669969107522,cand_003 (USDJPY)
2026-01-30 08:00:00,0.7436604753931685,6715.413629582915,cand_002 (EURJPY)
2026-01-30 13:00:00,2.132827428017711,6717.5464570109325,cand_003 (USDJPY)
2026-02-02 07:00:00,0.5672413372387529,6718.113698348171,cand_003 (USDJPY)
2026-02-02 08:00:00,0.7436604753931685,6718.857358823564,cand_002 (EURJPY)
2026-02-03 07:00:00,0.5672413372387529,6719.424600160803,cand_003 (USDJPY)
2026-02-04 07:00:00,0.5672413372387529,6719.991841498041,cand_003 (USDJPY)
2026-02-04 08:00:00,0.7436604753931685,6720.735501973434,cand_002 (EURJPY)
2026-02-05 07:00:00,0.5672413372387529,6721.302743310673,cand_003 (USDJPY)
2026-02-05 08:00:00,0.7436604753931685,6722.046403786066,cand_002 (EURJPY)
2026-02-05 09:17:40,0.0,6722.046403786066,cand_003 (USDJPY)
2026-02-05 13:00:00,4.580473798202929,6726.626877584268,cand_003 (USDJPY)
2026-02-06 07:00:00,0.5672413372387529,6727.194118921507,cand_003 (USDJPY)
2026-02-06 08:00:00,0.7436604753931685,6727.9377793969,cand_002 (EURJPY)
2026-02-06 08:06:40,0.0,6727.9377793969,cand_002 (EURJPY)
2026-02-06 15:00:00,8.615306607429858,6736.55308600433,cand_002 (EURJPY)
2026-02-11 07:29:40,0.0,6736.55308600433,cand_003 (USDJPY)
2026-02-11 08:08:40,0.0,6736.55308600433,cand_002 (EURJPY)
2026-02-11 13:00:00,-7.80524080040524,6728.747845203925,cand_003 (USDJPY)
2026-02-11 15:00:00,-28.366928833872414,6700.380916370053,cand_002 (EURJPY)
2026-02-16 07:00:00,0.5672413372387529,6700.948157707291,cand_003 (USDJPY)
2026-02-16 09:20:40,0.0,6700.948157707291,cand_003 (USDJPY)
2026-02-16 13:00:00,5.541947864822616,6706.490105572114,cand_003 (USDJPY)
2026-02-17 08:20:40,0.0,6706.490105572114,cand_003 (USDJPY)
2026-02-17 13:00:00,-5.96737886775168,6700.522726704362,cand_003 (USDJPY)
2026-02-18 07:00:00,0.5672413372387529,6701.0899680416005,cand_003 (USDJPY)
2026-02-18 08:00:00,0.7436604753931685,6701.8336285169935,cand_002 (EURJPY)
2026-02-19 07:00:00,0.5672413372387529,6702.400869854232,cand_003 (USDJPY)
2026-02-19 08:00:00,0.7436604753931685,6703.144530329625,cand_002 (EURJPY)
2026-02-20 07:00:00,0.5672413372387529,6703.711771666864,cand_003 (USDJPY)
2026-02-20 09:55:40,0.0,6703.711771666864,cand_003 (USDJPY)
2026-02-20 13:00:00,-9.759387207192743,6693.952384459671,cand_003 (USDJPY)
2026-02-24 07:00:00,0.5672413372387529,6694.519625796909,cand_003 (USDJPY)
2026-02-24 08:00:00,0.7436604753931685,6695.263286272302,cand_002 (EURJPY)
2026-02-24 09:05:40,0.0,6695.263286272302,cand_003 (USDJPY)
2026-02-24 13:00:00,16.191903971480205,6711.455190243782,cand_003 (USDJPY)
2026-02-25 07:00:00,0.5672413372387529,6712.022431581021,cand_003 (USDJPY)
2026-02-26 08:00:00,0.7436604753931685,6712.766092056414,cand_002 (EURJPY)
2026-03-02 07:00:00,0.5672413372387529,6713.3333333936525,cand_003 (USDJPY)
2026-03-02 08:00:00,0.7436604753931685,6714.0769938690455,cand_002 (EURJPY)
2026-03-02 08:03:40,0.0,6714.0769938690455,cand_003 (USDJPY)
2026-03-02 13:00:00,-0.6154568509040469,6713.461537018142,cand_003 (USDJPY)
2026-03-03 07:00:00,0.5672413372387529,6714.02877835538,cand_003 (USDJPY)
2026-03-03 08:35:40,0.0,6714.02877835538,cand_002 (EURJPY)
2026-03-03 15:00:00,18.866666260724685,6732.895444616105,cand_002 (EURJPY)
2026-03-04 07:00:00,0.5672413372387529,6733.462685953344,cand_003 (USDJPY)
2026-03-06 07:00:00,0.5672413372387529,6734.029927290582,cand_003 (USDJPY)
2026-03-06 07:28:40,0.0,6734.029927290582,cand_003 (USDJPY)
2026-03-06 08:00:00,0.7436604753931685,6734.773587765975,cand_002 (EURJPY)
2026-03-06 13:00:00,2.226422248662105,6737.000010014637,cand_003 (USDJPY)
2026-03-09 07:00:00,0.5672413372387529,6737.567251351876,cand_003 (USDJPY)
2026-03-09 08:00:00,0.7436604753931685,6738.310911827269,cand_002 (EURJPY)
2026-03-09 08:22:40,0.0,6738.310911827269,cand_002 (EURJPY)
2026-03-09 15:00:00,0.141295490324702,6738.452207317593,cand_002 (EURJPY)
2026-03-11 07:00:00,0.5672413372387529,6739.019448654832,cand_003 (USDJPY)
2026-03-11 08:00:00,0.7436604753931685,6739.763109130225,cand_002 (EURJPY)
2026-03-12 07:00:00,0.5672413372387529,6740.330350467463,cand_003 (USDJPY)
2026-03-13 07:00:00,0.5672413372387529,6740.897591804702,cand_003 (USDJPY)
2026-03-13 07:35:40,0.0,6740.897591804702,cand_003 (USDJPY)
2026-03-13 13:00:00,-2.6319998047878133,6738.265591999914,cand_003 (USDJPY)
2026-03-16 07:00:00,0.5672413372387529,6738.832833337153,cand_003 (USDJPY)
2026-03-17 07:00:00,0.5672413372387529,6739.400074674391,cand_003 (USDJPY)
2026-03-18 08:22:40,0.0,6739.400074674391,cand_003 (USDJPY)
2026-03-18 13:00:00,-9.600559632765894,6729.799515041625,cand_003 (USDJPY)
2026-03-19 07:00:00,0.5672413372387529,6730.366756378864,cand_003 (USDJPY)
2026-03-20 08:00:00,0.7436604753931685,6731.110416854257,cand_002 (EURJPY)
2026-03-23 07:00:00,0.5672413372387529,6731.6776581914955,cand_003 (USDJPY)
2026-03-25 07:00:00,0.5672413372387529,6732.244899528734,cand_003 (USDJPY)
2026-03-25 07:44:40,0.0,6732.244899528734,cand_003 (USDJPY)
2026-03-25 13:00:00,-2.7482842789217576,6729.496615249813,cand_003 (USDJPY)
2026-03-27 07:00:00,0.5672413372387529,6730.063856587051,cand_003 (USDJPY)
2026-03-30 07:00:00,0.5672413372387529,6730.63109792429,cand_003 (USDJPY)
2026-03-31 07:00:00,0.5672413372387529,6731.198339261528,cand_003 (USDJPY)
2026-03-31 08:11:40,0.0,6731.198339261528,cand_002 (EURJPY)
2026-03-31 15:00:00,-13.014058319380448,6718.184280942148,cand_002 (EURJPY)
2026-04-01 09:46:40,0.0,6718.184280942148,cand_003 (USDJPY)
2026-04-01 13:00:00,-15.043240263571727,6703.141040678576,cand_003 (USDJPY)
2026-04-02 07:00:00,0.5672413372387529,6703.708282015815,cand_003 (USDJPY)
2026-04-03 07:00:00,0.5672413372387529,6704.275523353053,cand_003 (USDJPY)
2026-04-06 07:00:00,0.5672413372387529,6704.842764690292,cand_003 (USDJPY)
2026-04-07 07:00:00,0.5672413372387529,6705.4100060275305,cand_003 (USDJPY)
2026-04-08 08:00:00,0.7436604753931685,6706.153666502923,cand_002 (EURJPY)
2026-04-08 08:51:40,0.0,6706.153666502923,cand_003 (USDJPY)
2026-04-08 13:00:00,-12.774274914616715,6693.379391588307,cand_003 (USDJPY)
2026-04-10 07:00:00,0.5672413372387529,6693.946632925546,cand_003 (USDJPY)
2026-04-10 09:29:40,0.0,6693.946632925546,cand_003 (USDJPY)
2026-04-10 13:00:00,-4.5237496644790545,6689.422883261067,cand_003 (USDJPY)
2026-04-13 07:00:00,0.5672413372387529,6689.990124598306,cand_003 (USDJPY)
2026-04-17 07:00:00,0.5672413372387529,6690.557365935544,cand_003 (USDJPY)
2026-04-21 07:00:00,0.5672413372387529,6691.124607272783,cand_003 (USDJPY)
2026-04-22 07:00:00,0.5672413372387529,6691.691848610021,cand_003 (USDJPY)
2026-04-23 07:00:00,0.5672413372387529,6692.25908994726,cand_003 (USDJPY)
2026-04-24 07:00:00,0.5672413372387529,6692.826331284498,cand_003 (USDJPY)
2026-04-30 07:00:00,0.5672413372387529,6693.393572621737,cand_003 (USDJPY)
2026-04-30 07:28:40,0.0,6693.393572621737,cand_003 (USDJPY)
2026-04-30 10:57:40,45.363140600988935,6738.756713222726,cand_003 (USDJPY)
2026-04-30 10:57:40,-22.023144918294584,6716.733568304431,cand_003 (USDJPY)
2026-05-01 09:46:40,0.0,6716.733568304431,cand_003 (USDJPY)
2026-05-01 13:00:00,-12.714714574206646,6704.018853730225,cand_003 (USDJPY)
2026-05-06 07:00:00,0.5672413372387529,6704.586095067463,cand_003 (USDJPY)
2026-05-08 07:00:00,0.5672413372387529,6705.153336404702,cand_003 (USDJPY)
2026-05-11 07:00:00,0.5672413372387529,6705.72057774194,cand_003 (USDJPY)
2026-05-12 07:00:00,0.5672413372387529,6706.287819079179,cand_003 (USDJPY)
2026-05-13 07:00:00,0.5672413372387529,6706.8550604164175,cand_003 (USDJPY)
2026-05-14 08:00:00,0.7436604753931685,6707.59872089181,cand_002 (EURJPY)
2026-05-15 07:00:00,0.5672413372387529,6708.165962229049,cand_003 (USDJPY)
2026-05-18 07:00:00,0.5672413372387529,6708.733203566288,cand_003 (USDJPY)
2026-05-19 07:00:00,0.5672413372387529,6709.300444903526,cand_003 (USDJPY)
2026-06-16 07:00:00,0.5672413372387529,6709.867686240765,cand_003 (USDJPY)
2026-06-18 07:00:00,0.5672413372387529,6710.434927578003,cand_003 (USDJPY)
2026-06-19 07:00:00,0.5672413372387529,6711.002168915242,cand_003 (USDJPY)
2026-06-19 08:39:40,0.0,6711.002168915242,cand_002 (EURJPY)
2026-06-19 15:00:00,-24.94237234468687,6686.059796570555,cand_002 (EURJPY)
2026-06-22 07:00:00,0.5672413372387529,6686.627037907793,cand_003 (USDJPY)
2026-06-22 09:01:40,0.0,6686.627037907793,cand_003 (USDJPY)
2026-06-22 13:00:00,0.3148189421675079,6686.9418568499605,cand_003 (USDJPY)
2026-06-30 07:00:00,0.5672413372387529,6687.509098187199,cand_003 (USDJPY)
2026-06-30 08:00:00,0.7436604753931685,6688.252758662592,cand_002 (EURJPY)
2026-07-01 07:00:00,0.5672413372387529,6688.8199999998305,cand_003 (USDJPY)
