sim,final_return_pct,max_dd_pct,phase1_outcome,phase1_days,phase1_return_pct,phase2_outcome,phase2_days,phase2_return_pct
1,165.19746119847954,5.4793692817829465,passed,85,8.087269406150055,passed,48,5.249545785240417
2,169.8416642389192,3.6300076922872355,passed,67,8.853571705179263,passed,63,5.889538135186645
3,157.57917367817979,14.926579886051522,breach_static,58,-11.559142534437083,breach_static,58,-11.559142534437083
4,179.16266688688438,5.7045720863734894,passed,251,8.234594623545387,passed,190,5.939048821984172
5,168.3787351292918,5.925523489084862,passed,95,8.514518328454512,passed,72,5.960013771361794
6,175.9807370298744,5.159239386388114,passed,101,9.705308440773685,passed,67,5.296482109092238
7,133.49834577495395,8.085839500016027,passed,91,8.138958303973109,passed,65,5.2245646087365705
8,183.33486558574964,5.476989621925579,passed,132,13.195812562248733,passed,123,5.660976542382801
9,121.0111419457415,13.049446231767698,passed,89,8.724518795823144,passed,63,6.71011228677485
10,161.59948207591935,4.645409494703986,passed,59,8.797304708963916,passed,54,5.227235252635465
11,124.35651291253751,4.289277298889827,passed,137,8.63259401430383,passed,85,7.049492000998692
12,140.8968297151875,7.235214447245456,passed,198,9.619041560630182,passed,81,5.002807003029441
13,188.8635025455465,6.261365890098372,passed,191,8.56505435870929,passed,81,5.317268550983245
14,112.26602171336081,7.3129303812656214,passed,221,9.559736775910288,passed,198,5.5922652978418474
15,161.96359955280366,3.9363317151830794,passed,109,8.56914790425769,passed,54,5.153089768301067
16,179.96618876556533,3.236408067053721,passed,21,8.908444519848867,passed,21,7.623642891003102
17,183.26627562562606,4.618806749034687,passed,84,8.010329886780255,passed,79,6.414199913713858
18,186.00221673169526,4.580440622021547,passed,53,9.766522435726266,passed,27,5.366502570311815
19,141.79851615325038,4.769691928540928,passed,59,8.489632169700734,passed,29,5.484935988489492
20,181.8268457600627,3.021413131586171,passed,73,8.0136622677766,passed,68,5.870921304066079
21,184.73127132093725,7.402905779624443,passed,44,8.179434079664926,passed,37,6.45401098259335
22,176.64322470279998,3.3780251474005576,passed,38,8.360948773836352,passed,34,5.105402283737548
23,186.17383144758253,4.666626318798447,passed,127,8.4540014230593,passed,63,6.512136984153671
24,143.47239033276446,12.042955378752735,passed,97,8.293690778651563,passed,21,5.070042724711676
25,146.9252650338655,4.652396381856951,passed,129,8.867535741291888,passed,100,5.245675196992261
26,236.23081360722958,4.144643563878143,passed,177,8.685789458438741,passed,127,5.203791760129994
27,110.42432342196209,10.88697194713778,passed,44,8.695851551688506,passed,12,5.32243043625682
28,137.5297282906197,5.351449470175605,passed,48,8.164004426172422,passed,47,6.796952803427048
29,200.42090103730476,4.33422769470476,passed,57,8.17698026457716,passed,21,6.364694038686647
30,202.06804081857626,3.7285701077177524,passed,22,9.95939259090235,passed,21,5.852088283477808
31,169.46327986477323,4.890430084719193,passed,84,10.156625459662783,passed,48,5.145607733316582
32,135.35170152500206,5.869937261778023,passed,51,8.04440632540626,passed,22,5.531827885740759
33,138.71772919639653,6.920134795090509,passed,127,8.012323244946318,passed,110,5.418512935346675
34,157.74379672553906,4.213909671490148,passed,146,9.29435385909212,passed,73,5.174349783895837
35,195.26870301977718,5.330684069048807,passed,54,9.65904844013059,passed,18,5.067075987062797
36,187.57058556619822,4.513064829008544,passed,100,10.236363370371215,passed,89,6.60809630337138
37,181.28432419699564,8.935347111422038,passed,136,10.134047565292391,passed,130,7.771487429275092
38,164.0825055902718,5.043770019238981,passed,164,8.01091081843175,passed,129,5.956282759887954
39,141.18602934053217,10.311290303781496,passed,29,8.006220179818202,passed,21,5.892779644252788
40,203.32317254030824,6.364280834900131,passed,100,8.973076845483918,passed,69,5.473233965719659
41,164.10005463505803,3.671771890316824,passed,93,9.044915982706092,passed,82,6.877699803207427
42,170.69744633326133,6.833444238908985,passed,53,8.982013193209415,passed,30,5.136642515034673
43,192.6834026829656,2.7473559247179127,passed,56,9.153679700459172,passed,3,5.3827289318935545
44,181.93153277374398,5.061830918149782,passed,116,9.260561992235727,passed,25,7.45118813479988
45,141.67022168133227,11.720049332145766,passed,63,9.260696611763674,passed,57,7.8146951754560545
46,180.7105341692601,6.466970527029785,passed,161,9.076581381430127,passed,139,5.666848670123836
47,180.40847225516404,5.142677733912839,passed,44,10.2751391547365,passed,20,5.007328243992726
48,130.2098934529025,6.337693569282788,passed,94,8.216015796993737,passed,68,6.681855661942926
49,131.99026539730943,4.147047031959343,passed,22,8.643854476025382,passed,13,5.695272970658949
50,181.6553726072007,6.419300512001367,passed,94,8.344115592605416,passed,53,5.071135361875179
51,176.66984942845696,4.542299395991713,passed,28,8.113632656162562,passed,8,5.221407706399028
52,137.82114594980465,6.226614046688446,passed,22,8.083828494863399,passed,19,5.020851420127337
53,175.47555294299167,3.874140846715556,passed,45,8.425690891313863,passed,28,5.00027843343076
54,160.30963041081537,3.9971010443501243,passed,28,8.356672462952108,passed,12,5.604169185469732
55,183.7747711479127,7.899998711612917,passed,55,8.33201045625158,passed,22,5.747190360369214
56,198.61473341719642,4.262062186969971,passed,31,8.235680559997371,passed,21,5.271749825987726
57,180.13199991009304,8.46477076475362,passed,91,8.53240688457233,passed,75,5.912488089730039
58,193.77946021583838,5.371058786269893,passed,54,10.615251195619702,passed,52,5.323280877684344
59,146.4309583147446,7.114827938522714,passed,148,8.190021901944423,passed,37,5.000491247309857
60,186.0397913778064,3.7422460214970323,passed,130,8.570532622258153,passed,98,5.2442208189915185
61,159.55751019853386,7.0806052574841125,passed,138,12.010354144073364,passed,137,6.741073479627535
62,233.94400069520157,5.3525233728132156,passed,40,8.00586109457555,passed,8,5.652368036467426
63,204.03455545191412,4.23241716179446,passed,31,8.87233362756743,passed,21,5.043068266128747
64,164.34413650568695,6.917090405872655,passed,189,8.726261948321845,passed,159,5.347785496431512
65,130.17096137670174,6.70013301909257,passed,141,8.400830456613795,passed,101,5.467389271068357
66,169.28655697102673,4.3004531488543885,passed,15,9.658856985240739,passed,8,6.301279666055426
67,205.83531087641651,2.9093829826904045,passed,66,8.252702184402704,passed,46,5.6931670733020745
68,173.39791060965157,3.3827216821061943,passed,96,8.495775442000998,passed,46,5.0195715296790455
69,181.89071993160331,5.616050429865187,passed,77,8.267027821359019,passed,22,5.2232553379460755
70,153.63069151358974,6.226076748965045,passed,51,8.201846017667801,passed,38,5.038736588429504
71,168.03031998642015,10.55635803801871,breach_static,37,-10.53606358558945,breach_static,37,-10.53606358558945
72,185.0998831987693,3.97831212200612,passed,39,8.007634720347756,passed,9,5.915708756566973
73,192.83266177505124,4.300633077010525,passed,94,8.578824981716293,passed,85,5.195189662805477
74,152.13834091484335,5.567950368227435,passed,73,9.292739213963653,passed,58,5.393649874369122
75,157.26607782094172,8.758129691362921,passed,94,8.04257010617071,passed,69,5.087630403453702
76,171.0303815442797,3.911630636782236,passed,133,8.008925751308183,passed,55,5.339596314306072
77,151.271703875591,4.948108218231908,passed,198,9.662649415538937,passed,110,5.053665526606954
78,146.7558899315412,9.491619575968443,passed,167,8.83373985271314,passed,24,5.013417252386354
79,120.15129223335288,7.58064653628263,passed,91,8.145332748964806,passed,61,5.01237642936232
80,72.35800366898076,11.410755002399458,passed,443,8.016000396113498,passed,375,5.518066841726887
81,180.65043707489116,3.7211967294752806,passed,59,8.539184223053553,passed,55,5.58665874495472
82,180.7171117227221,3.6831263615746948,passed,96,9.088778675810328,passed,94,7.550647065753768
83,167.7739145859221,5.7164976488537524,passed,63,8.95910761514569,passed,42,5.974578408326292
84,104.90789568825423,5.041460343203736,passed,57,11.543523816639102,passed,45,5.3790330379433815
85,209.04196784875046,4.042433069096008,passed,24,8.66622796486627,passed,19,5.014380328681112
86,121.91050173912296,7.54448803093107,passed,190,8.342661061305634,passed,176,5.963331744937572
87,163.31828617026014,5.07558974735666,passed,55,8.02296526991122,passed,37,5.693598237459674
88,187.16440239387032,5.935354257949564,passed,140,8.653818563113536,passed,18,5.0289547350764074
89,161.92895153220803,5.006428839691017,passed,24,8.737290810719035,passed,21,5.785246167586711
90,180.07674680125714,5.680738509781903,passed,148,8.348126527857481,passed,136,5.623693651564854
91,165.23275930995771,3.7533559669885066,passed,106,9.377445719191769,passed,96,5.420221218954113
92,190.16117936193578,4.389319444370275,passed,115,9.19373578304985,passed,55,5.116524204747952
93,186.4805827033277,4.225961862872831,passed,215,8.201658190391159,passed,158,6.1015756704233315
94,172.41525483966868,5.869603512839569,passed,85,9.254516809660052,passed,62,5.5990015154415484
95,157.54448969220527,7.951056918872008,passed,61,8.134438193307014,passed,48,5.756828190220631
96,171.67587204601585,5.525974017810737,passed,33,8.58558626494239,passed,10,5.408396242555336
97,190.02131229851352,4.1598567777503765,passed,52,8.020139477825182,passed,46,5.191275097667103
98,201.96249865031217,7.300304424418575,passed,169,8.006552837548986,passed,22,5.085587688346727
99,148.50204959329304,7.057594572328169,passed,146,8.479372523603468,passed,96,5.011582152252947
100,122.1176386125216,5.870517556623409,passed,69,8.113575474748892,passed,21,5.238746298668917
101,136.25528796343337,4.068485256946003,passed,38,8.229294199789216,passed,34,6.672549681698459
102,193.19221605155198,3.8051600620294543,passed,27,8.883641848880973,passed,15,5.452259141601656
103,198.7348187380557,10.390912566895002,passed,214,9.636944601791765,passed,164,5.967687885049111
104,142.5479943280351,6.62636514064749,passed,48,8.231903552491593,passed,34,5.381900990394417
105,179.7615578950617,3.955240355878505,passed,45,8.283314335789417,passed,45,8.283314335789417
106,161.80653115681955,4.296557979892404,passed,28,8.006986169789098,passed,21,6.372056750936217
107,169.56146484326698,4.4550718170484265,passed,114,8.462536549766941,passed,100,5.096344081986404
108,163.82287757336846,5.282718904463833,passed,162,8.212889598895345,passed,151,6.619707869282765
109,164.99055268442575,5.719619227233656,passed,59,8.14785448606865,passed,37,5.464395716022863
110,188.3014802799932,5.760103896479905,passed,125,10.320614648779358,passed,111,5.144455414140037
111,180.91823443346553,4.724889448179562,passed,24,8.738137705963634,passed,18,5.178024740490517
112,158.26647370642323,3.4728091688424794,passed,94,9.74456495701932,passed,64,5.371575236375636
113,210.82571063802274,8.071709503666934,passed,214,8.317179090349281,passed,88,5.105036649473504
114,180.63404777726163,5.899120306658853,passed,144,8.628280817885692,passed,96,5.813792286957664
115,149.05054238722877,8.210671541727752,passed,21,8.532023602913096,passed,16,5.417395408724501
116,187.40852943176267,6.379504013469832,passed,68,11.043988886961586,passed,36,5.01499057904029
117,181.0425493927641,5.661450527425962,passed,107,10.217408607628187,passed,107,10.217408607628187
118,156.7433935793438,6.544223515026387,passed,64,8.269268983618838,passed,58,5.181302822621281
119,134.8214053325315,5.000371260268059,passed,117,8.87145747375968,passed,30,5.0333915228847115
120,207.87920854907753,6.350322350995108,passed,58,8.317955849345072,passed,55,7.2780050225751625
121,189.55421782903375,5.052673180974283,passed,63,8.79479815494626,passed,58,5.0068620127076136
122,150.6397702086919,7.010071412452479,passed,120,8.398293921814393,passed,32,5.107040562784926
123,168.8880901357679,5.9389083853413664,passed,97,8.792146511748221,passed,76,5.505268890391224
124,196.98962192988594,4.343294672927214,passed,131,8.048030181339971,passed,129,6.875179019520727
125,206.62637353359744,6.523304022962126,passed,27,8.224240703024432,passed,10,5.5794428005049745
126,202.6792004767295,4.103101286024122,passed,13,8.041761820520898,passed,12,5.305176157560254
127,179.4907524540763,5.689051613795702,passed,76,8.398208241976391,passed,8,5.417478395074182
128,188.8777182314445,4.678097642944824,passed,70,8.05410048872519,passed,40,5.69125747297714
129,164.87819076588534,5.277708449633191,passed,111,8.342926553832664,passed,103,6.011102244180266
130,148.65074700851176,4.948952449828452,passed,56,8.923969188384007,passed,23,5.082583707368671
131,161.57478877029746,3.168737730000496,passed,122,9.33047677937866,passed,55,5.496034654617898
132,146.41326356538164,4.32625976344442,passed,13,8.311999491435241,passed,6,6.188529282480659
133,134.0829792917709,6.306797808925929,passed,48,8.015756121369598,passed,35,6.145303578797812
134,171.65656375108017,5.213706101547799,passed,51,10.202300055387493,passed,51,10.202300055387493
135,190.50477178965713,3.6296516595300767,passed,12,9.454312035361045,passed,2,5.328773502477269
136,184.3911701520228,4.78307459018745,passed,79,8.01950064618675,passed,58,5.254047899569603
137,188.53597398320971,8.327434936051233,passed,85,8.149291931208369,passed,77,5.802580911572397
138,173.51259006311537,3.3563203897566716,passed,60,8.003969100448893,passed,48,6.158351514605975
139,227.90635856638616,4.492683038408011,passed,26,10.085234825035606,passed,3,5.9455735097584395
140,180.44143099746677,4.441208258000486,passed,51,8.0022165286749,passed,44,5.7693921098085355
141,115.89131796290593,8.037921101978956,passed,141,8.299450077672322,passed,120,5.516894605251266
142,165.256915234965,4.533383663724864,passed,101,8.063610197261074,passed,35,5.015644534652175
143,151.4469707285434,5.897941110087179,passed,108,8.445650671767568,passed,63,5.127389416512296
144,142.20920056771652,7.6847735437897535,passed,77,8.275109331417019,passed,63,5.544995443585643
145,157.883495481188,4.159230760034867,passed,68,8.189658836567947,passed,62,5.534639988474699
146,127.92012606290908,6.171127565111786,passed,87,8.138257377762127,passed,41,5.6870410615621925
147,130.2976774168588,8.763034314060496,passed,198,9.67057406929126,passed,156,5.610040585209508
148,118.10715742051241,8.159370639727916,passed,143,8.094537779974353,passed,22,6.014631351778998
149,158.67926921141472,6.335136765625818,passed,17,8.19004306597979,passed,9,5.8022430934276725
150,169.54149317768722,4.864600032337702,passed,59,9.56899543202827,passed,21,5.866722091966303
151,192.41998363774235,3.012516021833398,passed,26,8.223317870442347,passed,13,6.170849279454549
152,154.2716419929512,3.67841479423447,passed,100,9.18780660748919,passed,94,6.01091335769528
153,127.22883192141276,9.3154851291167,passed,123,8.102876708813467,passed,119,6.084858927452919
154,227.9372015089507,8.582128568099098,passed,69,8.142534954463908,passed,62,5.014697302096294
155,161.678053188004,5.525387079774491,passed,94,9.397636818065823,passed,89,6.121614066633763
156,197.43622208047205,6.640662462065363,passed,167,9.006316464776965,passed,76,5.321094543527427
157,195.85827098907745,6.349132310058203,passed,106,8.485716720648263,passed,79,5.021243358033356
158,171.47789280193524,6.8324741518385705,passed,46,8.234650249016727,passed,36,5.122740450107766
159,171.96394552085644,3.279107407516995,passed,127,8.022844148060093,passed,60,5.3457214544961
160,252.45033064303163,3.746491033528983,passed,89,8.010514311008876,passed,81,7.42471198734298
161,139.37503314174506,9.535987375531828,passed,270,8.190866865602576,passed,70,5.1732359885929835
162,178.4995183420557,5.319153716780881,passed,81,8.40015086459578,passed,76,5.077205165162368
163,175.80458203697594,6.908466720788972,passed,247,8.173125029503204,passed,221,5.033208373165432
164,189.9157818182818,5.716342416628352,passed,59,8.275613960344153,passed,48,5.78947444471638
165,163.87442739924492,6.680884140449393,passed,18,8.607103153175055,passed,12,7.763842181235936
166,237.39248249562414,2.8408206343824554,passed,33,10.553361934811356,passed,28,7.187984801486991
167,219.34930804814647,4.032594623241733,passed,82,11.303652797904796,passed,50,5.024395784306224
168,178.81104539426232,4.848339624583998,passed,63,9.034099305765952,passed,57,5.732890695249515
169,188.12633136782253,10.412231641782085,breach_static,41,-10.052220380235699,breach_static,41,-10.052220380235699
170,103.84092097267347,6.006332840585394,passed,152,9.782604359902326,passed,70,6.01692899415196
171,134.54000405392472,5.807607723290017,passed,106,8.001342481221574,passed,53,5.1550679264524835
172,153.57793546916452,6.414210712930219,passed,306,8.618533610529845,passed,170,5.395811520833194
173,182.97746529493196,8.081186775445094,passed,70,9.747479215058586,passed,50,5.339924932355111
174,150.0614149826477,7.399642026988472,passed,145,8.342792477099724,passed,109,5.019383237095032
175,216.13625948882836,5.022097827269718,passed,98,10.075512753499227,passed,89,6.822937474843971
176,145.84229725138624,5.48186607569225,passed,90,10.168184662148793,passed,22,5.921596127929263
177,185.0535912051544,4.604869948649255,passed,13,8.09021949996447,passed,7,5.595128497750768
178,212.7823028382213,2.46108188559085,passed,59,8.256533945621669,passed,50,5.014181045510435
179,154.70451301836184,3.739652456955705,passed,85,10.399903755986028,passed,21,5.349335867851268
180,155.25983046740555,5.252095843947966,passed,58,8.324558321879017,passed,35,5.451923780884349
181,172.51831164545504,4.321124298003507,passed,94,10.097609414529462,passed,94,5.354245438281691
182,169.46334684488642,4.9596344602387985,passed,96,8.002684087045475,passed,48,5.550512246375883
183,125.84391096754351,6.674090548905228,passed,112,9.375026507414287,passed,65,6.745973602088862
184,153.28940141933808,6.41211199391349,passed,149,10.975006430032352,passed,112,5.207808783499801
185,149.13712168050967,4.326699952034115,passed,59,8.128212492246845,passed,48,5.009806236664516
186,170.861491427929,5.164378965541559,passed,52,8.1919374212154,passed,28,5.320555353681167
187,177.40755109819415,6.264662146858094,passed,63,8.67629447926519,passed,51,5.12058634867778
188,135.96031863926163,5.936006715174769,passed,101,8.38256154744521,passed,97,5.1583177332124475
189,207.4128611861998,2.8040599689469325,passed,75,8.793078177846226,passed,20,5.320119702355908
190,173.5006704358701,4.943865177076682,passed,40,9.017606798551725,passed,8,5.096992981647586
191,174.24282150015608,5.305979614631,passed,94,8.375068122468154,passed,28,5.520333420782708
192,140.90856643891289,6.473352421806432,passed,150,9.181318610662137,passed,46,7.239582920211851
193,195.57561502965584,3.0187420368782254,passed,54,8.256105385859879,passed,37,6.522748711142157
194,154.83246112872538,5.446313565593424,passed,111,8.218446646683407,passed,65,5.39894593540069
195,159.29348373943844,10.781173724319999,passed,123,8.776067420801525,passed,58,5.469090915116914
196,141.97037250425558,5.116835719962504,passed,86,8.17136712674591,passed,77,5.557354741563225
197,160.12707075466054,7.882546363476292,passed,175,8.187045066132036,passed,159,5.2389897837558985
198,169.9011652165088,5.244648672867325,passed,149,8.9082590929759,passed,89,5.886261536352966
199,85.14230535555865,8.91762502666469,passed,69,8.133085365354663,passed,34,5.096873231590382
200,122.36363555525757,6.02371962138618,passed,58,8.112291585357045,passed,37,7.293920313423263
201,163.81226688189395,5.325894641107337,passed,61,8.00920364060056,passed,58,5.024333545564752
202,177.28901683665757,6.363449707818071,passed,44,8.240212662357083,passed,27,5.999381067274578
203,162.43439723534672,6.32447886000037,passed,164,8.938933148476313,passed,135,5.034676235769298
204,150.04721470846386,4.385731467253941,passed,83,8.580422550366485,passed,24,5.1209969694033575
205,215.91972559268333,4.934190245547064,passed,81,8.169621114705162,passed,13,5.935624119228855
206,168.5431628766646,4.420746832755563,passed,121,9.21289340446143,passed,101,5.702802316305511
207,182.68114548214655,4.388075293435218,passed,143,8.413962824840038,passed,90,5.241310945149014
208,157.75668996454525,5.175785631771972,passed,64,8.009210090182982,passed,54,5.49524921831912
209,202.38977494748846,6.983222846454999,passed,62,8.17233807735871,passed,55,5.290156550870551
210,137.12913581092542,7.518851399776978,passed,31,8.006485461814993,passed,21,5.9807665714349145
211,206.08341305566933,5.894415384361737,passed,24,9.410715926588974,passed,12,5.842498419574382
212,137.722466750448,8.708599959839603,passed,48,8.272115114731871,passed,44,5.879888223194896
213,190.6836825986162,3.3145520071027237,passed,145,10.509817390194097,passed,115,5.800660191264018
214,175.47078823703637,7.931442586715495,passed,21,8.065190223803853,passed,19,6.877951559703188
215,201.94088654469323,2.828287629315992,passed,59,8.77302924383352,passed,40,6.803383537385388
216,149.63178963982853,4.874861019913286,passed,36,9.764424337655718,passed,21,5.561700768579048
217,215.56698777071773,4.339882290512683,passed,94,8.21256947122555,passed,46,5.052995025773233
218,212.92076001867076,4.904703880817257,passed,93,9.615032005085734,passed,89,5.622164477878067
219,184.29504393125723,3.980743121144666,passed,59,8.179147571608048,passed,40,5.61304887179801
220,187.01278369804592,4.42494049686502,passed,22,8.948443870369616,passed,22,8.948443870369616
221,150.0471477025914,5.922652489079703,passed,158,8.013083551894473,passed,101,5.171806682458269
222,175.91264663740617,7.8101289486296395,passed,65,10.74595867939876,passed,49,7.370970849988456
223,146.41376264063916,6.66288908859658,passed,133,8.086062826599516,passed,109,5.229568620104574
224,172.59347065829442,5.18995105754541,passed,47,11.736984599196877,passed,28,5.820949410279508
225,202.5424478941445,4.603067532823008,passed,58,8.993628062844227,passed,40,6.337983655854651
226,183.22884767751205,5.774421322550174,passed,91,10.140970386808611,passed,81,5.800894831023595
227,177.10698898769232,3.9882164886925633,passed,39,9.132006620381915,passed,37,6.605441892662611
228,235.15040153743118,2.4672090014798473,passed,63,8.159866075423206,passed,48,6.704172829611488
229,146.59717144134893,14.909875859059007,passed,98,9.704842853327712,passed,60,5.297147595654206
230,170.71406149393283,12.257758055094001,passed,203,8.83197176632169,passed,203,8.83197176632169
231,178.75803462202256,3.2307485314340614,passed,64,8.161966808810583,passed,35,5.125813456468453
232,155.17718244626755,6.012421438463549,passed,177,10.78657542845345,passed,167,5.2778219601042675
233,185.04198692043863,4.4843261700702834,passed,87,8.729382259222218,passed,81,6.610836017153687
234,167.39650705933502,4.562079076374494,passed,81,9.710641328226899,passed,54,5.956044490840351
235,153.71715315381013,3.8484250155575563,passed,85,8.087004453000146,passed,63,5.345425534298864
236,157.01669504099021,5.655371529533979,passed,32,8.011313914033803,passed,17,5.846469033237844
237,138.61307506964872,5.026622391238049,passed,69,10.763762811264787,passed,34,5.021610596526838
238,122.76914786009839,5.3813129997185865,passed,217,8.067615117294679,passed,127,6.156531042239721
239,182.82694203871378,3.1748002193252365,passed,69,8.485950160332223,passed,47,5.103399104069584
240,145.62446576170055,4.705864550246148,passed,55,11.015061520739211,passed,53,5.000550684911831
241,193.01490909018128,2.7255710858056945,passed,18,8.319040194251093,passed,13,5.490624002360733
242,195.80442426373548,4.799569590682046,passed,38,8.281112099744558,passed,38,8.281112099744558
243,169.7241219193477,5.2371195671447826,passed,59,8.155186720572738,passed,39,5.714607403296945
244,150.89464905224267,4.426129626381574,passed,111,8.895498633483289,passed,91,5.208563778846709
245,166.94841381763393,4.580690089869087,passed,133,8.054101926374413,passed,116,5.019227143748095
246,194.3936481086204,4.200636590681197,passed,97,8.81307431854166,passed,65,5.2758716545900475
247,116.28965899445016,9.04702764172307,passed,89,8.078701522065401,passed,37,6.229664971426274
248,167.62955096216095,8.140775835465533,passed,227,8.046987808771156,passed,161,6.314614468333701
249,159.37943730678836,5.238469784853678,passed,84,8.954217499231465,passed,37,5.293053698458916
250,143.09173870971384,4.541834850774112,passed,137,8.01709609527621,passed,106,5.001555003364255
251,187.0763241568842,3.2431736455951485,passed,77,8.711936164972789,passed,66,5.012382073159727
252,136.05345383923245,9.724211451394158,passed,49,9.619685502792352,passed,32,6.197965685027884
253,142.41849597860897,10.046032050256638,passed,298,8.724682186948908,passed,93,6.118868126185961
254,169.26230673613492,5.768283043054503,passed,40,8.122415834080332,passed,18,6.883537802627648
255,153.68177120705036,5.224151975706208,passed,59,8.224514987364294,passed,45,6.493325825756968
256,161.04379978777627,9.472655467709398,passed,158,8.149908134392803,passed,145,5.241191893042618
257,153.22589557534582,7.648816744631957,passed,59,8.604019164140752,passed,53,5.819921379480997
258,177.34452947438965,2.7976276600512104,passed,61,8.084545001272158,passed,44,5.61334478772848
259,178.47706324189113,8.40772901427579,passed,75,8.119260011596264,passed,59,5.618597546216142
260,179.55687910180006,5.949532043526977,passed,81,8.456105516897194,passed,71,5.120588361649148
261,138.6336529219319,7.947923201954139,passed,86,8.033456769560022,passed,80,6.679088379824427
262,149.73043979372545,4.98646692772505,passed,55,10.693443720922048,passed,8,5.287957909799412
263,182.18716242199577,4.278182122714247,passed,54,8.899998641023043,passed,15,6.608216639393816
264,197.25993970267433,6.448734188792966,passed,77,8.0865099951809,passed,46,5.001441664560158
265,153.59547656361622,5.284855290204028,passed,105,8.412717291021398,passed,96,6.226587270074169
266,174.58010658700394,5.297131694304021,passed,47,9.242558717285476,passed,41,6.764152457201256
267,238.11589871036443,3.1906414246451806,passed,59,8.220056140459775,passed,59,6.496640820007515
268,149.0658321873524,7.125956434155331,passed,98,8.599168547262416,passed,97,5.273864896556213
269,189.88600261147027,3.106193812680282,passed,38,8.848308853138853,passed,21,5.451501965694439
270,175.80441989404954,4.655780155451154,passed,73,8.91125227609708,passed,12,5.413021035756693
271,216.6572699970716,2.5682815877515,passed,35,8.816091558407324,passed,27,7.127977711192934
272,136.27928421867887,7.531926292303198,passed,106,9.418858345686655,passed,94,7.005832048934657
273,161.09655084687589,7.018408846545139,passed,60,9.351059892590863,passed,58,7.185027482791018
274,184.8373379763194,6.32361004869437,passed,69,8.885096555774163,passed,46,6.767711835983126
275,182.76054927212587,3.608608385277216,passed,33,9.343443956422348,passed,13,5.014322681133687
276,151.02600189209187,7.606712148234241,passed,50,8.16690458405358,passed,36,6.338891415088432
277,156.1899450844327,10.34870373194937,passed,48,8.304182335670562,passed,24,6.075339285521819
278,173.11791783389867,6.970637584408092,passed,50,8.608447161145083,passed,38,5.233517934993337
279,168.7857329475276,4.1797136933451595,passed,43,9.321276318582372,passed,22,5.487388229167545
280,174.861825868143,6.024348964820366,passed,59,8.977054379039062,passed,26,5.078879215366938
281,179.78184959955706,5.683439933709984,passed,81,8.11451155761571,passed,72,6.5236692344782465
282,153.42279439269805,7.479117880818728,passed,118,8.005883451481965,passed,53,5.386526416722259
283,182.16435843573336,11.483711204384704,passed,117,9.230307322160481,passed,99,5.483324160946257
284,135.06795911799213,6.873160813745918,passed,56,9.717862624811202,passed,40,6.133752329102471
285,141.5903925944585,4.521127881572787,passed,85,8.381137386333105,passed,72,5.8239767100230155
286,186.2926770072644,4.8613610509010865,passed,53,8.077195022617211,passed,34,5.466358575409047
287,139.2802385540449,8.980957653524538,passed,48,8.026169841510477,passed,48,6.202602390555323
288,152.09804244764462,9.479965355306566,passed,112,8.59479831756753,passed,110,5.957439360220751
289,185.11766863988203,4.927825431195687,passed,59,8.888038390292397,passed,59,8.888038390292397
290,184.65228670374273,3.8635892210192897,passed,88,8.330437350449426,passed,85,5.178053856145115
291,196.80491914545502,6.27096916467348,passed,160,8.861982444941274,passed,123,5.6299929570214235
292,156.46128666613515,4.77360277915329,passed,106,8.336610237501606,passed,53,5.011792812892013
293,152.0502778061461,7.618653507411286,passed,247,9.70802946336331,passed,28,5.537802106485823
294,129.87657630554273,5.685456685571394,passed,140,8.009027078508634,passed,7,5.018227178846746
295,146.74406521037739,5.453594546824937,passed,101,8.24325957184251,passed,81,5.976878091586935
296,176.99816177242295,4.313830230509542,passed,122,10.781700890788382,passed,91,5.2004439315437745
297,113.05621513602927,6.527059864662651,passed,85,8.919876532530191,passed,26,5.419682926303149
298,158.30061403612424,4.5120365013650865,passed,53,8.201108623312493,passed,34,5.365238336722422
299,154.21359546596824,7.684276308429412,passed,85,8.120810170145054,passed,67,5.114955897229101
300,156.40815275861453,5.563759155492906,passed,100,9.027888807495788,passed,98,6.542906329202625
301,175.0796019272639,6.637327631684571,passed,147,8.239913314567815,passed,125,5.144603190018926
302,187.66018091539874,4.774959366869857,passed,155,8.190840418893174,passed,81,5.016803036818662
303,170.82032360115056,4.7377703167747915,passed,161,8.558263574369596,passed,159,6.359636151232206
304,174.44776780831836,6.612014383040295,passed,18,8.254663573039146,passed,9,5.349592565651307
305,175.38170226737907,4.862640050220099,passed,66,8.041438428122415,passed,58,5.0126581104628976
306,126.86229642169909,5.533337434694496,passed,161,8.148997485041122,passed,68,5.071800514291502
307,183.9490535676221,13.800396888442423,passed,267,9.152908348901967,passed,251,5.096169558350283
308,201.44675165774314,5.097820527749324,passed,76,8.015017310536376,passed,24,5.650032418704232
309,119.0602587410884,9.239422941298061,passed,68,8.010479286065909,passed,60,6.301972714943327
310,172.69855420146297,3.4468651243377884,passed,92,8.369904796746663,passed,59,6.46827651085764
311,165.3456622123907,12.973327620953615,passed,48,8.041815212556692,passed,21,6.82199634311389
312,147.181034731014,11.95179630648001,passed,85,8.028378041689166,passed,57,5.078881183997752
313,165.00335025461968,8.108216762462435,passed,173,8.1197916587469,passed,170,6.322657654107089
314,179.24390108232666,8.291596998320685,passed,46,9.117729245693585,passed,28,5.245328965015061
315,162.12306660119512,4.204712850862102,passed,59,8.088359472913375,passed,58,7.651356746704652
316,164.86642055058715,10.23621131806999,passed,275,8.760952901901597,passed,228,5.178117455049103
317,170.3130098095084,4.041069444916091,passed,96,8.634152440245678,passed,73,5.867917812504664
318,187.8769727852321,3.7489768233505414,passed,40,8.756039889590728,passed,18,5.1563784479444985
319,147.14175458371807,8.491752714676789,passed,135,8.237089266338526,passed,100,5.002480798894204
320,226.75796605164157,3.617054533908163,passed,47,8.017250736224547,passed,43,6.545326968468634
321,164.22997768672064,6.969885001127459,passed,89,8.680429995545058,passed,21,6.161887537966448
322,162.8179135857379,4.865579053471472,passed,84,9.38839174186108,passed,32,5.39212782931402
323,216.0131220554966,2.906219729378931,passed,13,8.167611805172736,passed,11,5.00349482250535
324,189.53270881252843,3.8478626759199637,passed,78,9.430710475120385,passed,59,5.064749433966842
325,155.6713519932342,13.600226230422383,passed,72,8.149851977529954,passed,38,5.117684428933833
326,198.23572429993965,5.571709589236532,passed,71,9.341109974291427,passed,50,5.009404390296579
327,203.03718420447677,4.184646316940535,passed,93,8.803883040614435,passed,28,5.567137867661587
328,186.44400043343063,4.108926661014527,passed,89,8.415177171287347,passed,80,5.202472899998889
329,157.73177255416883,5.3219846546395875,passed,84,8.328358607732532,passed,69,5.213786434955692
330,121.85028182281594,6.551676829269311,passed,28,8.05591272188999,passed,15,5.7483666203123285
331,179.9351633932562,3.9140768297199644,passed,73,9.06216423843147,passed,49,5.604224462525664
332,175.54575155720497,6.721232014137518,passed,94,8.192619350143083,passed,81,5.259762275966717
333,180.81777113607146,4.779819882346071,passed,91,8.307457940622731,passed,55,5.027246384167117
334,188.84566963726206,4.652859647003078,passed,83,10.152516494876696,passed,63,5.2626676222925495
335,122.17242416858487,12.610418595311693,passed,335,8.110655895701036,passed,316,5.0063854741955405
336,150.11248430642547,5.698784756456079,passed,127,8.05871020864668,passed,47,5.350269006442243
337,150.8946575394066,3.2037689280794877,passed,28,8.464646329058878,passed,11,5.458194816016948
338,168.87377437144363,3.9695609892577326,passed,50,8.326222469815203,passed,40,5.381261753500977
339,175.7266558920138,5.848447085243208,passed,121,8.29770901161595,passed,115,7.675989533057881
340,138.61989669000891,4.3102744937103425,passed,98,8.022642542432212,passed,55,5.489477425548994
341,181.30751578668142,5.245488443075148,passed,68,10.275527918889749,passed,53,7.231134659471539
342,187.08159859295282,3.8816290554217607,passed,67,8.008540421443966,passed,40,5.145741691434225
343,142.76306461548498,9.234691521533232,passed,141,8.001817030776358,passed,77,5.012919323920073
344,144.68953905283942,6.00108772891022,passed,58,8.502493228393849,passed,31,5.3232888572673165
345,189.1950620318698,3.272671182371801,passed,30,8.860867335743162,passed,19,5.625765685540718
346,148.47247863462752,7.942140422068275,passed,32,9.887476647775273,passed,12,5.4927759641985485
347,146.59184070263845,4.425997043422273,passed,57,9.535114047670445,passed,15,5.36818475206664
348,160.18135075170804,5.897259357094796,passed,33,8.80083731567507,passed,22,6.812311752550659
349,164.08459150350646,5.859317917610679,passed,147,8.488323353688386,passed,140,6.303921493416209
350,216.50645088569144,6.72218495403501,passed,74,8.01237700987154,passed,59,5.834969187632821
351,200.4706347928154,2.488912763585474,passed,63,8.958954431850575,passed,63,8.958954431850575
352,169.15298806618338,6.444150580124304,passed,88,9.032091909926043,passed,68,5.149208958641149
353,109.36275249010512,5.492411856940007,passed,63,8.006530191685822,passed,34,5.898996985454952
354,163.0991708939457,7.317700337697532,passed,69,8.472166559986638,passed,48,7.125828607840945
355,215.88001364736846,5.5282877211730215,passed,67,8.102990352563634,passed,60,5.807243316817345
356,173.5878325928954,3.388156723928173,passed,146,8.37017622175198,passed,51,5.396861960931143
357,171.40663814757048,5.586056088191806,passed,100,8.018512003906263,passed,94,5.0173635648029125
358,167.7342283245859,8.099762076840337,passed,101,9.648349732688377,passed,88,5.740087665698668
359,182.86558730978032,4.922145072560358,passed,40,8.380252100121632,passed,34,6.500036625048322
360,167.5780433573861,3.730548210192379,passed,106,12.087063946363097,passed,85,5.568027324328351
361,77.62501473949182,6.952508189481399,passed,100,8.483269736909493,passed,96,6.163447265875521
362,153.76759663982665,4.494475492665247,passed,93,8.871360101920157,passed,41,5.0101919551310825
363,173.0609109999573,4.558270912138833,passed,46,9.42122958128575,passed,13,5.31022477605545
364,176.92903470027227,7.15191415212458,passed,226,8.096831616591317,passed,161,5.105163637096721
365,204.46111346634717,6.64469931324638,passed,89,8.120393914889345,passed,39,5.004846000763741
366,183.00220713008005,8.691104715292315,passed,66,8.634575197062833,passed,24,5.450148509776831
367,150.52052773341757,3.723018610482381,passed,21,8.01129166489205,passed,18,5.327413000208048
368,176.18528675092446,5.110198538846474,passed,35,8.919077820301347,passed,29,5.911137225775787
369,174.20029655374188,4.511432033181801,passed,47,9.319262430723985,passed,18,5.63475487307965
370,162.22807504166803,7.008590226559308,passed,28,8.016094744199087,passed,22,6.446011965522946
371,177.98136180171605,5.830605621511318,passed,262,9.389905870022929,passed,94,5.268321366815587
372,172.27259007359095,5.465957212912458,passed,71,8.074932554883896,passed,56,5.012121525103486
373,161.74102613499386,6.449676477894438,passed,96,8.015084553296559,passed,30,5.025503186639146
374,173.7785333020242,4.789371802751025,passed,100,8.183945407165115,passed,76,5.243310392831968
375,164.92295044247948,5.613960260873991,passed,64,8.133661264429781,passed,61,5.732920229074101
376,191.16901580028767,3.429048590367656,passed,21,10.859820477485993,passed,3,5.8829389841531965
377,160.22696422836722,6.418781007112151,passed,122,8.174648672136865,passed,109,5.734430470416552
378,220.76495406612312,2.433608288988853,passed,22,8.061592201432788,passed,15,5.932614832681948
379,155.1370158956725,3.6563871591431734,passed,18,10.336091991857298,passed,8,5.87927069090568
380,147.11234531503473,8.14581981113285,passed,90,9.41862014538517,passed,60,6.305683538898554
381,238.8991882953579,4.837764531338388,passed,94,9.35623760024682,passed,45,5.9212491209956974
382,137.650759657881,9.591885748396342,passed,91,8.608322235787092,passed,23,5.034677548083977
383,198.7678934237862,2.9196987592311574,passed,55,8.068626112835942,passed,35,5.903114816444388
384,186.961162654135,5.042737667953576,passed,13,8.886945167393634,passed,9,6.809230624411122
385,185.11794597956435,4.459689549170023,passed,107,8.274444982652106,passed,80,5.261974413660475
386,163.82474551035884,3.9590302536670103,passed,35,9.067033897988264,passed,21,5.0130953487911745
387,160.40302585139722,5.6937168522938,passed,92,8.024524049289194,passed,82,5.1521984570069845
388,138.7241209100448,6.089760761456631,passed,95,9.314312506291289,passed,76,5.10931369368004
389,153.77500476111288,5.957205823093028,passed,93,9.57054324070732,passed,90,5.676683587194709
390,159.25959662453118,5.692117740439129,passed,85,9.902526681607405,passed,73,5.004208067627869
391,186.04588899695878,12.404400730798638,breach_static,85,-10.355080716847642,breach_static,85,-10.355080716847642
392,146.3846673816915,5.628113735401634,passed,22,9.40927826479443,passed,12,5.422812090330509
393,169.31741219557438,5.297331331976884,passed,58,9.234662376247549,passed,27,5.044122301222109
394,185.24191782306514,7.187644009719124,passed,12,9.028157528736847,passed,12,9.028157528736847
395,138.53276675270885,5.111617375494851,passed,136,8.871801140016089,passed,21,5.652176538406795
396,159.84483849916478,6.326961945336134,passed,154,8.003451259313966,passed,45,5.1935036374697985
397,240.96023587160533,5.9619957452812455,passed,69,8.85271971301449,passed,40,5.419734789416619
398,201.66398700679258,3.811262632527589,passed,98,8.457121357193408,passed,26,5.113771756614538
399,180.02232341183552,3.2052062551907743,passed,52,8.993508386557657,passed,12,5.5222266150994015
400,141.9505517464289,7.571342144685618,passed,158,8.146677021255243,passed,104,5.10789823957718
401,179.5746736468053,5.275800804168446,passed,124,9.139493663971997,passed,100,5.495755846040762
402,171.57808877651254,4.574720889030147,passed,94,9.240459467608098,passed,83,5.074955598819009
403,195.86650590108317,7.365197858002862,passed,30,8.39755749720954,passed,18,5.909650283356749
404,165.9132843636978,5.995904945432741,passed,106,9.490594439079715,passed,94,5.796706512342298
405,211.07437773746227,4.2982219255790755,passed,24,8.955438334165233,passed,12,5.120898021227305
406,174.81846450558584,4.394875827180169,passed,25,8.158407888593455,passed,20,5.108167916070605
407,143.85267425263405,10.338660873563734,passed,181,8.159764459746398,passed,145,5.247660902242957
408,234.5346640439238,3.15127463912096,passed,64,9.688344429921036,passed,53,5.0207950193349005
409,168.8815262391537,6.44707625699479,passed,63,8.30347271105152,passed,63,8.30347271105152
410,131.84223759219532,5.455595753727094,passed,195,8.95633625868346,passed,100,6.371535319920407
411,218.68089185953417,4.534483785274928,passed,17,8.296093476243161,passed,9,5.710194766785914
412,184.37840614958333,9.676638395766082,passed,255,8.537980654207434,passed,193,5.459866156788418
413,181.22124516955233,5.771708188177237,passed,65,8.230935859609744,passed,28,5.354865292364597
414,80.48899233602084,8.484190016024288,passed,289,8.114834513101998,passed,65,5.56955571971125
415,137.66350067992104,5.424397255567516,passed,69,8.010675423170067,passed,22,5.658561706521992
416,161.40516689893582,4.6651610518797915,passed,133,9.06282950331474,passed,91,5.012626226561978
417,154.28310398822478,8.67664988118117,passed,107,8.198813751638689,passed,102,5.195714112531857
418,167.9501737872166,5.601421008491438,passed,64,8.121769029419301,passed,53,5.693275287408239
419,181.2773070279493,7.614448674968551,passed,28,8.315236871885578,passed,19,5.766054705502466
420,122.97833010298476,5.630115042192717,passed,83,8.007335582217534,passed,68,5.524405384401554
421,171.68099372556333,5.332224592737605,passed,40,8.009694775268382,passed,21,5.388175324065503
422,189.56611371796868,3.1910619831430584,passed,69,11.851222689800744,passed,22,5.003263722827667
423,171.73255349378223,5.320754475844614,passed,112,8.639781075237307,passed,100,5.4993709212872055
424,221.12314978760983,3.2052177845123153,passed,101,8.577301901651202,passed,69,5.814163842391773
425,175.22209338077306,4.354833930347911,passed,68,8.3888007154453,passed,47,5.584166810331803
426,182.99002745669532,7.118524896292993,passed,64,8.320831842601972,passed,10,6.01848414637467
427,147.5715081455645,5.98896034348355,passed,38,8.341804710636724,passed,11,5.3394645563843435
428,165.883656865994,5.973199460649292,passed,104,8.065399641310877,passed,74,5.064800445602025
429,180.82290799569805,3.037436971745399,passed,50,8.334987884589061,passed,48,5.694493999701167
430,229.42837445538288,3.1122460063803152,passed,97,8.002406247255145,passed,40,5.451673933655421
431,194.0594407163806,5.939916669930589,passed,63,8.592494249376514,passed,63,5.028129590817065
432,170.21429909265242,6.619705659146866,passed,218,8.123240595860803,passed,180,6.497493099453289
433,153.6203415968961,4.491608584038464,passed,181,8.384611946686471,passed,77,5.190705484324631
434,121.92945195365982,6.380668911279852,passed,109,8.27283320890022,passed,16,5.001175366455257
435,182.39100057225244,3.988325969630032,passed,40,8.682716778815468,passed,32,6.675237347688756
436,156.08538366327923,5.057168659450539,passed,92,12.696585424631657,passed,89,5.681767026434326
437,166.06604117357557,9.344438664980007,passed,87,8.021427618668199,passed,77,5.018186268723102
438,170.36093250745688,5.246069800867195,passed,207,8.43541603142799,passed,152,5.598273242135687
439,161.93827423707455,5.147926543063842,passed,137,8.009884968400538,passed,115,6.1578051978471215
440,174.7141064972052,4.374316080658679,passed,76,9.878460419921954,passed,52,7.107306012610093
441,160.91214762865235,3.385400580348851,passed,50,8.18421596266301,passed,48,6.422591265734345
442,176.1248435653322,6.124209983207002,passed,70,9.488550568512899,passed,63,6.632653799415333
443,154.92023257262355,4.634614895368874,passed,63,8.110824194324252,passed,53,5.467361892686684
444,152.52565916795646,6.889953554725755,passed,189,8.020932201214181,passed,171,5.124385826359856
445,132.54888592444934,9.745639319117293,passed,7,9.904742940025834,passed,3,7.550913377989654
446,181.10954471364934,9.570829837809582,passed,55,9.965516430821442,passed,40,5.124071413390996
447,135.42864673845122,6.864375310861378,passed,196,9.356827252395927,passed,180,5.17882992845089
448,173.38355794589106,3.8080108496281198,passed,21,8.735101404587486,passed,15,5.526885488543387
449,172.6703685723654,3.8588484562373973,passed,148,9.702007197257888,passed,98,5.155101188798317
450,190.27705237875546,5.5721427020929255,passed,79,8.352060866955501,passed,54,5.006469030180072
451,190.47018912656887,4.341927463234712,passed,131,9.997437769341232,passed,104,5.129139601255739
452,118.00690917786278,9.350361074202281,passed,144,8.568661603725847,passed,95,5.7340142998961285
453,172.1840869658402,3.2153614448617147,passed,67,8.86577655993972,passed,37,5.635493858268248
454,176.2444136709433,5.056183955588088,passed,75,8.373546910793085,passed,59,5.020146033769701
455,167.3698847922763,5.691867077237026,passed,39,11.597199266191339,passed,37,6.536867337439878
456,181.76694516713377,5.5004410937915,passed,63,8.33707220747193,passed,34,5.075139148218311
457,120.93727946317188,6.127989232166623,passed,37,8.790120415244228,passed,24,6.834410705668059
458,150.4470252597551,3.7049224964791536,passed,57,10.279503234127718,passed,45,7.336411984599511
459,176.38273741301737,4.355032705111779,passed,156,8.01695099421391,passed,76,5.009995825114633
460,137.86437528979084,5.048186080208245,passed,55,8.50884339780733,passed,30,6.61224423880491
461,168.68928105863117,3.451984601386013,passed,60,8.668944207937624,passed,46,5.630474587038581
462,141.94351973828367,6.557262846052074,passed,61,9.2308748543817,passed,40,6.441567224786038
463,126.00079163895063,5.814140215875427,passed,104,8.205589433039506,passed,77,5.001267546913923
464,183.27915186816037,4.760053814718405,passed,75,8.06940112524417,passed,59,5.6683899319159625
465,186.46442724414186,5.353321472051666,passed,70,8.003774183904234,passed,51,5.350180106813207
466,143.7579598052037,5.431355571743395,passed,35,8.206470838395607,passed,16,5.817224298735613
467,216.55003950590168,3.5009324714153855,passed,65,8.701004828174398,passed,57,5.381039558035394
468,147.07719562097967,6.275147278817457,passed,124,8.369381086283067,passed,100,5.012146674914675
469,165.36116430514008,7.142346694687099,passed,374,8.32444610641776,passed,313,5.350110248048412
470,135.34341691310453,7.050455320164334,passed,70,9.546662167975661,passed,58,6.742820893534818
471,193.07505456488255,4.62589837985253,passed,22,8.704344972558165,passed,14,5.8625679764327865
472,178.94621257062173,5.138432974863681,passed,89,8.03355026093351,passed,63,5.965975161665771
473,182.4431994679048,5.776169298488849,passed,189,9.216808458465664,passed,105,7.067773935287813
474,158.8615637169462,5.60440851099086,passed,201,8.18332514821658,passed,140,5.657527434743037
475,132.17544977382056,6.935679426023718,passed,279,8.012275104227996,passed,158,5.152913717371077
476,201.107746852017,5.327797830530012,passed,88,9.491833699599205,passed,85,6.066963728243424
477,173.23662474818215,11.345079910326003,breach_static,122,-11.23199009980188,breach_static,122,-11.23199009980188
478,192.35175649312643,6.35326264116378,passed,168,9.191710593328173,passed,6,5.197705569071398
479,98.47756089881537,12.079530503526746,passed,55,8.499892579925783,passed,12,5.413550892142238
480,214.51487793004182,6.425276487739538,passed,209,8.011953684820128,passed,68,5.929701018457245
481,169.01464315711223,7.752953622010321,passed,179,8.120916485972085,passed,167,5.331835360203385
482,104.70309459254845,6.902643655427594,passed,65,8.539810728921516,passed,60,5.7846599979421764
483,215.58427621920865,8.186668818146622,passed,68,9.343374560031315,passed,48,5.614501348652601
484,224.55837632909402,3.17388587118181,passed,97,9.04695080833311,passed,67,5.510635927613494
485,164.75235817341888,6.926373503944561,passed,60,8.315705494581426,passed,33,5.825686029764521
486,171.86383658446633,4.2100246624929305,passed,80,9.212344582287923,passed,50,5.011486512777519
487,144.48858360816033,4.667785737145294,passed,76,8.26898162995584,passed,62,5.893184580533273
488,170.169527847901,5.689117845888313,passed,100,9.132826058312604,passed,21,5.00447731397744
489,166.97960149525173,5.880497220904657,passed,77,8.012263775070206,passed,32,5.588481893146713
490,171.78516698729146,4.737417964883498,passed,106,8.46480605024913,passed,69,5.164371136157597
491,185.64657072643533,8.028145954624103,passed,29,8.102464001622668,passed,21,5.406291241521921
492,146.98208847151423,5.789310143868605,passed,138,8.987596873095738,passed,76,6.180749065535718
493,144.56667401474797,7.207813453798676,passed,90,9.205231308456629,passed,50,5.0162548431377685
494,133.99025199855586,5.06094312649482,passed,53,8.112165460566256,passed,40,5.191286612308166
495,180.85517670027582,2.5010880264012374,passed,72,8.191232123331925,passed,56,5.838475225141737
496,181.44028255283396,6.4171549782269,passed,80,8.009178072619406,passed,4,5.988215823397036
497,190.2439291932942,6.479190322856246,passed,91,9.603941367834977,passed,61,5.002872287481197
498,168.35097291929193,3.7880639008622334,passed,70,8.035681121978676,passed,50,5.645392937636506
499,156.79051793772035,3.7932660073358884,passed,35,8.012805436039883,passed,22,5.368778698448096
500,158.43092661895759,7.028558474218878,passed,116,8.693876331848305,passed,106,6.204374633018794
501,167.44464175026036,3.6236992442990146,passed,76,9.110570953607699,passed,60,6.3051769306280425
502,194.31887612807506,6.072456352659905,passed,64,8.680952436544121,passed,23,5.840127430863085
503,140.20067826625905,6.608418402457884,passed,78,8.044967471515307,passed,62,5.468660356307153
504,169.10754174261635,4.185728598325339,passed,63,8.123369387808399,passed,33,6.2398688780255895
505,138.54859841513237,7.221611292882353,passed,80,10.009731062345839,passed,50,5.314462376691154
506,205.1042270417036,3.194322236077122,passed,118,8.943493975274874,passed,75,5.012038415344455
507,141.41794472548202,4.735405556768506,passed,22,8.005471936429664,passed,11,5.027281191148725
508,150.8672556575966,6.687560715922386,passed,32,8.786557229468261,passed,30,7.676635960953915
509,158.47520813978053,5.18945324714015,passed,220,9.529697214026566,passed,94,5.037607912392916
510,141.20098583023312,6.754108911896406,passed,53,8.46970404075702,passed,30,5.013175888975208
511,110.40940569536338,5.999534024698783,passed,55,8.001337364896145,passed,20,6.017765485233939
512,110.20927311377315,6.155896232711658,passed,77,8.612958637172397,passed,77,8.612958637172397
513,111.44257285016153,9.844638662042598,passed,224,9.375914198409818,passed,217,5.588813990350827
514,172.0948264941803,5.287249130167222,passed,60,8.698621313875465,passed,55,5.012850498905763
515,168.36273916682103,6.116194538255594,passed,17,8.959712994920066,passed,17,8.959712994920066
516,200.14702596302521,4.217131864470858,passed,40,8.017276877416691,passed,18,6.277125501787584
517,172.70978012731342,3.758998377875985,passed,123,9.262881853128047,passed,83,5.14642648182968
518,193.4135183668305,4.551937212150622,passed,58,8.842965885598385,passed,33,5.155762448683121
519,183.7687474527586,3.9902711214723996,passed,41,9.529461623030699,passed,22,5.835354785718216
520,188.79634350085416,4.199095051020358,passed,53,8.669927990413573,passed,44,5.678816396593289
521,141.42719497038203,12.726806216317424,passed,21,8.35901596989721,passed,12,7.090890641570069
522,127.33209625695343,4.751880548341806,passed,127,8.700668023062953,passed,47,5.369971921897587
523,175.89765540357698,10.737480166208965,passed,68,8.470160653660885,passed,63,5.537748420216859
524,141.5690416459612,5.683599491570018,passed,51,8.777078472289169,passed,46,5.325489483600365
525,177.3498350628302,4.825386378892738,passed,68,8.227724683409532,passed,64,6.16063000802658
526,121.22152591791861,9.93861189520341,passed,89,8.21564568462314,passed,70,5.0000895485739605
527,134.5586013642579,5.717429989306934,passed,106,8.658456973938256,passed,24,5.7565456261012615
528,201.4828519029209,5.259938231152453,passed,50,10.417722965008425,passed,38,5.006080704129756
529,189.71264206145716,3.2221896898647393,passed,43,8.293416526380092,passed,11,5.2595535706553065
530,197.61933505778208,5.2414945765928005,passed,85,9.107933139411495,passed,29,5.006235429215766
531,132.97534326992212,5.692100822887201,passed,144,8.001148990696638,passed,85,5.220291194232374
532,164.84665906550165,6.092305075787239,passed,34,8.909102330878294,passed,27,5.306865060902632
533,174.56691783849035,3.416162849023485,passed,42,8.579002227192678,passed,22,5.101930084057016
534,172.75774065531033,3.7386338725221013,passed,86,8.694371325443306,passed,22,6.536193482647623
535,172.42654774918918,9.86456700674577,passed,58,9.282773784029597,passed,53,5.761822115858473
536,216.4416547096082,10.446604112693453,passed,131,8.450618380034246,passed,64,5.2582156200639885
537,154.0519560996431,4.825274075399892,passed,95,8.053172052052116,passed,86,5.0978162618976475
538,138.92680301301712,10.029617787682486,breach_static,128,-10.009203819716571,breach_static,128,-10.009203819716571
539,152.42603261318806,8.53357281604971,passed,70,9.482689145085432,passed,43,6.05122200128243
540,172.8460903713922,7.1766499013502045,passed,96,9.5679635568229,passed,24,6.245197933619018
541,127.18233474146001,7.289110043354794,passed,142,8.07196651351072,passed,22,5.951932244490221
542,145.79353223007573,5.961696496048095,passed,18,9.564902963926937,passed,17,7.8759872616055215
543,210.02636626116887,3.094710862274925,passed,18,10.021149182739064,passed,7,5.449944518242522
544,165.7698532029692,7.073859992698929,passed,113,8.362170899680944,passed,94,5.469291702252077
545,189.0206459420356,3.923120013872763,passed,55,8.054468384453518,passed,33,5.916975230333543
546,200.49439686062664,2.976146128566468,passed,69,8.40321274746383,passed,60,5.243903979124331
547,180.59247856206127,4.961051814056635,passed,40,8.001190663228552,passed,15,5.057802368872677
548,107.59169932676951,10.703690430828532,passed,59,10.23487772992091,passed,35,5.006339772329271
549,165.07562770701853,5.7192910729820055,passed,169,8.584811613401744,passed,53,5.259968015142524
550,164.4087963634584,4.644773385861453,passed,54,8.835729292726313,passed,39,5.011542976673611
551,202.0549981995092,4.143494079911054,passed,103,8.159071114745364,passed,32,5.341287323842181
552,192.65270127603972,6.063568151303054,passed,126,8.22306284660419,passed,91,5.1420321060909435
553,134.324012965928,6.7192216045515964,passed,50,9.146825903913403,passed,37,5.945970391859845
554,179.49330944904065,5.381350249716754,passed,42,8.011233059224775,passed,18,5.417918040113356
555,184.12983202631472,3.745826806117397,passed,36,8.07057312669417,passed,27,7.043696963692514
556,132.3131660015515,6.585548117551713,passed,53,12.980895073990006,passed,46,5.250927956581664
557,231.43109893264074,7.45484697399785,passed,146,8.069827500293435,passed,24,5.020088401843781
558,144.89418525046256,5.504038480784713,passed,48,8.477002708956348,passed,13,5.027525040638503
559,144.93049550044307,6.863413610613002,passed,70,11.003802988906575,passed,64,6.26865359898543
560,180.42134470689894,3.245028823434134,passed,37,8.65080591880172,passed,29,5.424884241131234
561,175.02722276304382,3.8598465846735084,passed,70,8.363114914396164,passed,65,5.745331647994556
562,180.71642698921363,6.955223643943244,passed,52,9.012648828404757,passed,38,7.794689785575559
563,175.51890609731387,5.04843313405409,passed,69,8.677319181681732,passed,63,5.260732483118402
564,190.03088154709573,3.7085469259482315,passed,75,9.178861583744657,passed,34,6.032265821259353
565,155.02575465778654,7.119962883617055,passed,37,8.338078148436834,passed,22,5.837726946611643
566,125.5110068714075,5.372587825064247,passed,172,9.92699809540083,passed,109,5.585304401613311
567,150.83164086393072,7.165471271069482,passed,33,8.223162694453556,passed,4,5.003545360459993
568,187.48217605692292,6.5053121311777735,passed,98,9.400542104453201,passed,91,6.2667453527679
569,156.892511792315,5.627227474366596,passed,109,8.458984790364221,passed,98,5.153339101843901
570,165.08897658734273,5.846337019509078,passed,120,8.549455256343585,passed,98,5.264539348042474
571,154.10877933954487,4.998298846748119,passed,105,8.224958603751919,passed,39,5.12872318494948
572,152.09312153571028,4.095475924314149,passed,62,8.25723913259715,passed,29,5.004881260460081
573,178.28972187727805,5.423174007705326,passed,47,8.80397465598306,passed,16,7.251276833864839
574,141.829523622516,3.757446414596324,passed,162,8.441019790563109,passed,145,5.026432591248309
575,178.78989476314203,6.055240919599692,passed,62,8.025354224198967,passed,52,5.680684543014025
576,202.88256329765954,4.560822178294639,passed,32,8.125171072916505,passed,28,6.269588237596713
577,161.18811263472276,5.230500375996087,passed,43,12.94804181259741,passed,34,6.797393055832801
578,165.83251370543258,6.730897564745204,passed,12,8.649174730033371,passed,5,5.870282369594815
579,150.24220153949233,5.118158701969207,passed,209,9.061791379513817,passed,98,5.16455860708227
580,139.81075982807997,4.74747799741448,passed,6,9.038605359376263,passed,5,5.016889508450029
581,196.03915330181434,4.572685176265276,passed,40,9.789957825261709,passed,22,5.020990117782365
582,169.86270018214836,6.12609444667959,passed,123,12.381066144626217,passed,50,5.3447366812821695
583,191.76449867673955,10.802514406759128,breach_static,106,-10.296266521156817,breach_static,106,-10.296266521156817
584,194.13568379170775,5.242133189849591,passed,81,8.005425960858004,passed,65,5.528203344058391
585,150.16118629407944,4.429800364704492,passed,64,8.131455062541182,passed,34,5.030971285685948
586,147.43735622748267,4.281201157232207,passed,16,8.253918734807431,passed,12,5.075844280668873
587,208.8820098412873,3.763524806634231,passed,117,10.267605969246052,passed,63,5.338013370372119
588,135.0063410215848,5.210888635818435,passed,144,8.182886620697527,passed,100,5.239517566865226
589,154.74403848360595,4.771924148747474,passed,21,8.021993374185232,passed,12,5.38998137469795
590,163.5353593135286,4.504465371798213,passed,45,8.46607569162192,passed,34,5.489033676369903
591,168.41177277128315,6.488954924259809,passed,89,8.171051101861648,passed,19,5.324622476535046
592,159.12934141732939,3.7364807643847127,passed,50,8.13680886032837,passed,42,7.028789073089836
593,173.99554651770143,3.025479798748145,passed,159,8.605141861682286,passed,54,5.037049565496465
594,178.5450125195597,4.652519533078063,passed,76,8.57904513489498,passed,68,6.281174369144282
595,213.5890691100321,4.22102707738035,passed,13,8.517406905196667,passed,3,5.073832886642404
596,115.15608165084359,5.929382401286838,passed,110,8.247151963283695,passed,109,5.101118058690157
597,146.33591302602142,7.467865225575701,passed,196,8.107250259158905,passed,156,6.479178589024204
598,174.01354553395493,8.04572038152916,passed,48,8.010614750511614,passed,35,5.1440254851317535
599,141.5408760904707,6.661408937800806,passed,317,8.465301727410711,passed,158,5.444290003579644
600,207.2324340297497,3.8198083378474865,passed,91,8.346665609506964,passed,76,5.388145033727554
601,161.0004978584681,4.87164908110396,passed,98,9.79410682651045,passed,91,5.850229538988927
602,179.92041475328406,8.06654262696851,passed,74,8.020717464903315,passed,53,5.682440110216835
603,223.57340580699878,5.292156891304538,passed,32,9.789114723798686,passed,31,7.404552536240994
604,170.9825112021678,11.429506054191618,passed,63,9.159329924352843,passed,43,6.054700861580087
605,224.91778430207034,4.828667886653139,passed,217,8.515490927658664,passed,159,6.061384640925915
606,140.30646006715114,6.840698845016894,passed,184,12.66592028891762,passed,181,5.475087340868923
607,197.1567489412478,5.753858318755958,passed,48,9.935828476790821,passed,48,9.935828476790821
608,130.18410546473066,6.010481866797264,passed,50,8.440899814562886,passed,31,5.005488704335503
609,155.93274767356124,8.055615114538448,passed,58,8.36741622294106,passed,18,6.767484565458548
610,155.98102250761622,6.923875176420448,passed,231,8.145909591752854,passed,228,7.345863634344796
611,152.3919233290071,3.8628363026610213,passed,70,10.909903341168881,passed,27,5.126984373567733
612,168.3745697779815,9.311158069403184,passed,16,8.90389141507959,passed,7,5.162845684363138
613,157.92349854967944,7.079333268442419,passed,55,9.59113905012381,passed,36,6.0482042294268235
614,176.52751001060872,5.958171064197244,passed,157,11.184605430298733,passed,144,5.671875357428591
615,164.238556811626,7.767954731267823,passed,280,10.711522665469865,passed,15,5.034235430912815
616,171.20505651426186,5.589154151685345,passed,35,8.695678280864438,passed,28,6.395911815725497
617,195.40370732844434,7.500054366233086,passed,70,8.01601516110213,passed,43,5.9230921541003845
618,196.614147883834,4.88919892451217,passed,175,8.006850197850257,passed,152,5.551656684970685
619,160.06920369495523,4.580217568452538,passed,96,8.296619315494036,passed,76,5.003260640920226
620,156.9995362108748,3.828576391316453,passed,58,8.290816308215954,passed,55,5.77473737652443
621,235.8874187564198,4.402849882576556,passed,58,9.073504146121802,passed,24,5.455709165750133
622,206.0993357873895,6.28612360713621,passed,19,8.151476774062715,passed,12,6.4664909574596585
623,173.66417909911766,6.361640701823444,passed,190,8.003094485013795,passed,152,5.218641804032398
624,215.7204638868817,4.597599194031076,passed,196,8.62948063173703,passed,142,5.648733942122264
625,166.31773469923897,6.865157182096755,passed,164,8.713019945268673,passed,148,5.011606050629269
626,177.4731242195104,7.417129983567822,passed,26,8.615358415720408,passed,5,5.164599512343293
627,185.66194075427376,3.9696523847476213,passed,40,8.449945464759079,passed,20,5.005153238559901
628,136.71235599392654,5.384136469374335,passed,247,9.164938564761105,passed,99,5.015936420235656
629,170.77715972854693,3.4508717917291687,passed,35,11.092809684839345,passed,33,5.218850215778081
630,256.01858609864274,4.02121940116626,passed,37,8.195683806394104,passed,25,6.269536148721855
631,171.31091964032112,5.133308705511832,passed,62,8.012565163356022,passed,50,5.453521391924787
632,162.59309611719743,4.375264237836567,passed,65,8.612915291206424,passed,45,5.152567323471424
633,200.7741666406812,3.270539756631012,passed,37,9.149636886375646,passed,21,5.210471022283514
634,169.8082091144372,5.244094525722281,passed,44,9.909165374664287,passed,15,5.5669304858575686
635,156.1979260838109,6.722199761554741,passed,55,8.140407913511382,passed,22,6.16207105612292
636,162.35261938557875,10.437265934937969,passed,133,8.65006881686603,passed,77,5.002768088604936
637,175.04176985961988,3.9313024734949957,passed,111,8.82420476651744,passed,44,5.143375745920964
638,113.9013576957748,6.563877233575148,passed,107,8.012403715879234,passed,94,5.170678947154639
639,163.58086452866957,6.939996684310104,passed,173,8.178487959397508,passed,146,5.049610005995642
640,180.39794560333368,5.045002038957641,passed,81,8.291601066565901,passed,63,5.571100353558944
641,138.7876578035475,6.9378814418404255,passed,223,8.052593827971588,passed,41,6.157723941361981
642,145.92687668260376,4.832925346161084,passed,76,10.375230172710982,passed,70,5.078672071985468
643,168.51248404618687,5.9298918419510995,passed,77,9.567384181206284,passed,59,6.113935356384381
644,194.2327938105698,3.0825793409604145,passed,91,11.05401286234924,passed,89,5.73935289092431
645,175.64765462788552,3.360928393497086,passed,110,8.927618095952393,passed,46,5.506820941828172
646,106.06659246124633,12.350901553951905,passed,61,8.017452230738552,passed,46,5.678468966902672
647,107.58202593330459,6.237702502013906,passed,94,8.064560298877478,passed,85,5.575345916917618
648,193.01973868061378,5.029474187202947,passed,96,8.242432655168574,passed,56,5.419788033200801
649,223.64284794277145,3.365315253969635,passed,28,9.882245638139597,passed,24,5.069911007964256
650,182.9994751169284,7.52510191484452,passed,101,8.363911131394076,passed,101,5.809543692729835
651,147.01183066575885,6.069455774171061,passed,62,8.039670961117885,passed,62,8.039670961117885
652,198.2800895549357,5.806409465187609,passed,73,8.72703785840827,passed,39,5.544098769239314
653,184.9807872300262,7.162742968436825,passed,37,9.15577443535065,passed,16,5.277548550388933
654,198.14435740750994,6.222957539344468,passed,30,8.00081124038121,passed,12,5.067978074559942
655,169.46902815106978,3.974220820132556,passed,144,11.572188244035765,passed,46,5.308111769541557
656,148.50648508413374,7.056723830380716,passed,86,11.635137954860376,passed,76,5.441201911576221
657,151.1419612350403,7.406334296794107,passed,111,8.465343259422053,passed,91,5.172418475755558
658,132.0686753240852,11.524337435426983,passed,81,8.744682537349568,passed,12,6.232304054651294
659,150.0079717262529,6.36050975890625,passed,101,8.579127687132381,passed,95,5.7705853309636845
660,123.1287275360518,5.801727434053083,passed,73,8.109403919275193,passed,46,7.327546456968226
661,141.60228413314502,6.744584167241066,passed,92,9.66706569095177,passed,51,5.036431939663677
662,193.6993738364634,3.1642592789965436,passed,21,10.418502860113987,passed,11,7.3252389098955595
663,161.9424117942442,6.097367129014846,passed,101,8.59527395239077,passed,83,7.358633171466389
664,189.52125433290146,4.2208799480148285,passed,44,9.810208167333489,passed,40,5.121549628483368
665,146.79159403383076,7.31069236889977,passed,175,9.846131005453262,passed,166,5.698309785788136
666,165.72937388203016,3.944993106525142,passed,57,8.018909756938797,passed,35,5.001164994566376
667,171.2357102073149,4.470916756303589,passed,83,8.568874049327334,passed,35,5.058241000166097
668,172.31746642661386,4.044397424138755,passed,48,8.450481672664711,passed,13,5.013210595439865
669,190.0035347912486,7.264893082602001,passed,101,8.324495490909921,passed,94,5.016649189292011
670,132.1270201373809,6.746678146938131,passed,62,8.192673133258532,passed,59,6.057420936648805
671,161.24029250120765,5.180309259813582,passed,89,11.176971358304066,passed,85,6.15278516856772
672,141.42332718100258,4.671984593768454,passed,11,8.784435272635882,passed,8,6.209250360185914
673,204.12766304556334,5.346083993485989,passed,63,8.111348295476951,passed,21,6.07947562768083
674,118.66594884910961,7.079789334949897,passed,100,8.088882927106944,passed,100,7.030505338527404
675,208.79046641080689,4.236617316187286,passed,77,10.074514967551806,passed,69,5.216807476355578
676,159.90935090192386,3.681368477938311,passed,96,8.11455541235886,passed,91,5.25172472942621
677,146.867576150956,4.514042548596642,passed,29,9.69633491385611,passed,15,5.422161942813841
678,181.14036327814688,3.514165859611404,passed,98,8.303168879558932,passed,83,5.405153597434764
679,159.83493290121524,5.399493607979373,passed,109,9.05947470556514,passed,101,5.1343939578718745
680,153.60801337487985,5.865697219305196,passed,107,8.034371133027495,passed,100,5.064281201592413
681,167.37261822686378,4.594619249426837,passed,50,8.057016395724137,passed,19,5.81372730988321
682,169.42314987951423,6.647203582816366,passed,18,8.676086765769986,passed,18,8.676086765769986
683,153.54434313973243,6.374237642311481,passed,73,13.208121322685141,passed,32,5.08388458894018
684,160.9350364794774,5.995239910225285,passed,111,9.838181847770189,passed,111,9.838181847770189
685,113.89839414855842,6.728196702058951,passed,158,8.461068236604795,passed,135,5.777417981940514
686,208.68251881927847,4.143940425005067,passed,89,8.641769259410648,passed,37,5.849855340898524
687,149.7600814477874,10.766964531272576,passed,63,9.041172425229904,passed,17,5.002431095352811
688,120.15201532449522,5.452223137910786,passed,85,8.000912448461506,passed,70,5.0974753305568665
689,159.96458193859198,6.964818862147385,passed,106,8.237821548611922,passed,96,5.324260163266192
690,159.17765637677448,3.98106015844776,passed,55,8.084891493740054,passed,31,5.248249483439449
691,145.122240669175,6.1612592621373246,passed,35,8.201967788678832,passed,24,5.385498085521023
692,201.29953254614966,7.392514496396196,passed,133,9.237274131990025,passed,70,5.23004072916029
693,165.65620731555094,4.048072405969292,passed,59,8.38176276731848,passed,48,5.088848781050448
694,134.1436682013496,8.839688867354292,passed,109,11.014190247770639,passed,63,5.767173468443332
695,116.70547223771592,5.050789211343912,passed,26,8.42416769334502,passed,11,5.262087210703248
696,159.36663646462014,6.713618949526512,passed,224,8.504219320378459,passed,217,6.589841671513441
697,143.87580198948245,8.04669721145748,passed,72,8.013960778239348,passed,60,5.668643895419323
698,167.99392804582155,5.496092046415243,passed,68,8.009785066624197,passed,34,5.48961239752721
699,157.6929252998608,4.183537361386433,passed,42,8.041050975365206,passed,13,5.32146422242914
700,151.6698742842682,6.710441848399902,passed,102,8.513776884048085,passed,26,5.838547748559786
701,140.08539056992134,3.9833429914077643,passed,89,9.604374473303778,passed,55,5.085730301770308
702,134.92344233625846,6.011278604492294,passed,145,9.633499537964575,passed,30,5.24251288758284
703,138.16524202974722,5.46671530393264,passed,45,8.585481631036828,passed,45,8.585481631036828
704,148.58443572109655,3.38823365305275,passed,26,8.736428379088611,passed,22,5.136952171286491
705,161.29181541651624,4.840633784170931,passed,50,9.035431100364843,passed,35,5.445763881860866
706,177.6591255008009,9.375592638313972,passed,96,8.223294849785168,passed,50,5.381020208416443
707,132.38647291253446,6.06983042260213,passed,93,9.87810588302418,passed,85,6.211839632011129
708,131.15169049139408,5.415629832111516,passed,96,8.022214627220281,passed,40,5.196004698877621
709,131.13528796162254,4.6092752816578,passed,24,9.547907339457984,passed,21,5.016924861873107
710,193.71399630186815,5.715447774126782,passed,66,10.04201390438164,passed,46,5.399481163142772
711,189.496186641736,3.9801446295479104,passed,59,9.664865734125904,passed,45,5.150474295482543
712,176.7704102486271,6.40493026053696,passed,110,8.844199223731074,passed,93,5.766269170496896
713,173.4287708137424,4.558645533188024,passed,53,9.493716381001116,passed,24,5.315599806852944
714,205.98851603694345,4.703415792602686,passed,89,8.218764347525997,passed,69,5.29523682200006
715,226.4073178748764,6.468878316531386,passed,68,12.716928151407348,passed,34,5.351472148607028
716,190.2746494182879,3.786048364765239,passed,82,8.257261207841804,passed,81,6.48179582228452
717,125.39301205376563,12.337727992358841,passed,58,8.577420331343543,passed,42,5.377344181395549
718,213.16327003071177,4.881845893944063,passed,85,8.115529591157621,passed,22,6.800577181305156
719,163.57733514408886,4.979903684514024,passed,100,11.123571011171807,passed,60,5.001523943645725
720,172.49334856626294,3.3165302449985683,passed,13,8.429402565371479,passed,9,5.870530947198671
721,96.28351233097794,9.767903820847165,passed,217,8.985857076755742,passed,198,5.029140947018651
722,190.69922059753674,4.289882447252674,passed,77,8.063095826911315,passed,50,5.706959338955042
723,184.89447098924842,3.794547991794539,passed,60,9.32702044603202,passed,34,5.561954288359239
724,232.00516974699053,4.435496685259268,passed,72,9.034994436188315,passed,53,5.456741566316592
725,179.4754134031007,5.497767677862333,passed,89,8.545590698889782,passed,31,5.513207348440852
726,181.91800120187403,4.024428553877537,passed,23,8.641623399358366,passed,22,5.689974961870314
727,153.37046590500432,9.495212426345077,passed,128,8.643245942178845,passed,123,7.3211643627769885
728,150.08668470454128,9.350283309947386,passed,56,8.994365228250011,passed,43,6.092776723478344
729,165.36572810713506,4.904066957589677,passed,91,8.030778038794883,passed,73,6.229517611284674
730,179.40141373335462,7.148487207776996,passed,44,8.055191396575934,passed,37,5.27014987900114
731,181.6334158341975,6.305292414549854,passed,310,10.274019211719976,passed,203,5.165446926295325
732,174.09297231770333,4.598763214226195,passed,128,8.469262227681384,passed,116,6.396210566652316
733,205.94384107766334,2.9553990721309367,passed,99,8.503988591044752,passed,40,5.0023203064414545
734,139.14613712278305,3.4688139716370103,passed,21,8.553240957991237,passed,19,5.5233073785654785
735,150.3785063679934,5.687534670435895,passed,48,8.012772030648897,passed,35,5.8468434811294046
736,183.0015453796066,4.624955659452802,passed,124,9.690282771819136,passed,120,5.176242998604552
737,175.44630414421962,5.967557465629908,passed,50,11.953424769032672,passed,12,5.016133106718557
738,199.37651929751726,4.5926830995287835,passed,56,8.743064610931818,passed,48,6.22598790106863
739,156.1622735020431,5.382679891547671,passed,56,8.218744741477213,passed,32,5.746569742433483
740,116.88182376638956,6.156192606151526,passed,91,8.618838967964049,passed,64,5.0036261421863015
741,160.2749010997818,4.062753325190558,passed,62,8.568203796389874,passed,22,5.00548767531277
742,156.77765173522113,5.880236312312054,passed,26,8.397570007566202,passed,15,7.328463568105903
743,158.39629966336304,5.48674986641817,passed,88,8.196129396344777,passed,32,5.2443453643501226
744,191.41990227409616,3.7055534883147065,passed,41,8.208263572611152,passed,32,5.591199661974988
745,126.05280249991813,6.269040561571811,passed,69,10.69663889047372,passed,38,5.010694294402307
746,181.95892680125937,9.169140791657158,passed,34,8.011696803375878,passed,27,5.0138354543668
747,178.2120125958772,4.707576034394271,passed,91,9.175042582522197,passed,85,5.1750841815837445
748,176.84251435634283,6.318711680509867,passed,83,8.831364587158518,passed,48,5.515216743327933
749,173.9900744318665,7.645300887941625,passed,50,8.420304572186964,passed,50,8.420304572186964
750,156.321557324882,7.628507235464727,passed,39,9.352890344894615,passed,13,6.201703351544086
751,158.81640414075466,7.139962342203401,passed,57,9.284646267416763,passed,29,5.012148993634358
752,176.24154725980162,5.550861518698844,passed,80,8.321356650352874,passed,44,5.7216938289015085
753,181.73005908434968,7.387866987733041,passed,119,8.074889437774857,passed,101,5.4620363297144925
754,159.22043911579968,3.8908314675517204,passed,58,8.368240979539031,passed,44,5.280602551048164
755,234.82250189967044,6.970833676157394,passed,320,8.103026013039894,passed,185,5.643506712046142
756,158.8493570732535,4.178110357675579,passed,53,8.38750395813086,passed,45,5.628573933499603
757,159.68815003039634,7.20130671865504,passed,28,8.844198230814193,passed,28,7.181075943644921
758,191.24122869130593,6.8923848847841915,passed,29,8.035884798750903,passed,18,5.938859389769835
759,146.6037999704055,8.15476352676906,passed,37,8.044832127038681,passed,31,5.988958295380753
760,169.08854249314956,6.682562551798737,passed,135,9.463663192846061,passed,124,5.0697943594260275
761,227.56462093483677,5.913057567715958,passed,135,8.744736020405309,passed,80,5.535864644165245
762,217.86389932754432,3.994514187098646,passed,78,9.620751537951522,passed,76,5.764281609655764
763,187.49147260754592,5.110730731305573,passed,68,9.47286914827201,passed,40,5.018166892358122
764,164.1038641689261,6.162113066956443,passed,53,8.601213175994516,passed,33,6.219767886517746
765,199.7613696765792,4.291597796277495,passed,60,9.990391823763067,passed,34,5.4661987789338395
766,163.50356546069574,6.483285677476405,passed,34,8.008326068458294,passed,21,5.5352094008530806
767,164.50015739649425,5.447602552980568,passed,121,8.306278685824054,passed,93,5.655298627477845
768,176.36779045377202,4.144515092727496,passed,119,13.438327419228546,passed,56,5.745013528088094
769,207.89762179722268,2.4963656578589783,passed,85,8.117394748549621,passed,61,5.519052495095433
770,166.44607959281768,4.826604968602464,passed,170,9.830478812669963,passed,152,5.074879714377367
771,183.5124116696631,5.235090307774581,passed,63,8.823907020711253,passed,23,5.2467419740073185
772,171.4945370486455,2.897287334148352,passed,30,8.362972537239543,passed,11,5.196626670829363
773,196.59972008200523,3.7705836143153224,passed,86,8.037793559891915,passed,47,6.712626988308301
774,138.99845047009163,8.751910256302763,passed,94,8.594933816191563,passed,44,5.53951932869019
775,146.05628551847735,7.1706783191892765,passed,94,8.058726266356597,passed,91,5.720693649683994
776,175.55472240981177,6.343511284207453,passed,39,9.100844956921739,passed,36,5.720903655496734
777,169.29492309361925,4.362045750065477,passed,111,11.341376714913554,passed,9,5.178767402772633
778,186.86179436274318,4.812427728642935,passed,94,9.978789340478954,passed,89,5.01594003768886
779,167.90280400565254,6.736766771967022,passed,44,8.926796725083296,passed,15,5.134885798634192
780,218.02488160780572,3.5565807226498656,passed,11,8.735555879000811,passed,10,5.8343433355595
781,183.9484928037619,4.822439103312888,passed,198,8.092315512209325,passed,55,5.505417672492574
782,140.7173817938744,6.273147143501699,passed,111,8.190132815595351,passed,61,5.6972337091018455
783,131.02936975206615,5.747792787113799,passed,96,8.490101372190995,passed,94,6.000683066640611
784,139.250249921055,11.051198869687905,passed,59,11.853999652440272,passed,47,7.463711937066186
785,210.02923876290603,2.929485331033462,passed,35,8.701643703992712,passed,29,5.802630106017381
786,175.66971605683682,5.491906073139287,passed,104,8.375627568533673,passed,100,5.318676807730016
787,134.5953882582186,6.144530053616308,passed,122,8.10200309593123,passed,69,6.059952862729179
788,130.74352631617288,18.428929746684762,passed,96,8.368997551542678,passed,63,5.762123342542047
789,161.39245436621096,3.7172494961216023,passed,61,8.80024616089039,passed,46,5.583428073292285
790,194.35871003453565,3.4915532260343745,passed,59,8.136482742120998,passed,38,5.089647583152757
791,146.1837778721627,5.113583544143265,passed,110,8.494555826136207,passed,75,6.394430238446458
792,202.98432682246096,4.247621835491406,passed,41,8.099789186695073,passed,5,5.940180664159245
793,132.63367143889707,3.9910941200424292,passed,127,8.016164084481092,passed,127,8.016164084481092
794,164.43537290589515,9.262613096501441,passed,101,9.072286564331634,passed,14,5.3979696590565895
795,132.44219274755596,5.787433723914527,passed,50,9.496768778119202,passed,34,5.746817244426539
796,135.3018143314877,7.578155805502476,passed,83,9.18326832206997,passed,62,5.05831107877146
797,175.59347401817527,5.3183851546772996,passed,54,8.368882219218898,passed,44,6.458658888205426
798,165.52071640840916,10.815308723503554,passed,198,8.081993758901218,passed,144,5.120150411078872
799,177.3789012747284,3.8882193058079397,passed,96,8.089299952914232,passed,95,7.418593795763129
800,199.96296439678133,5.086350182979865,passed,147,8.00418108532841,passed,144,6.874553713406795
801,178.9343416632198,3.8322975595828908,passed,81,10.266374240389474,passed,76,7.480526550468758
802,164.2620569689925,4.02033710250183,passed,96,8.054977881098125,passed,59,5.554926876819377
803,176.0054275569974,3.8709143672182296,passed,85,11.706169547415634,passed,34,5.803393585732475
804,191.51651562090711,5.303372069004978,passed,107,8.092848510693562,passed,12,5.34531672840175
805,188.09549520552446,4.168164796364467,passed,12,8.021566627875254,passed,8,6.367444942598266
806,173.28192352426254,3.9124859632747735,passed,91,8.761972269802353,passed,81,7.342869732079227
807,139.554276859018,5.348214408387368,passed,50,8.13853971192331,passed,40,5.351726984921723
808,170.31909608300944,4.929421617408828,passed,53,8.19078478005142,passed,50,6.30320981660224
809,187.32715987688698,4.124841414667704,passed,77,8.148356189253981,passed,77,8.148356189253981
810,159.2269651048079,3.614479925457043,passed,86,8.284219657161152,passed,69,7.127973384296582
811,112.04718206412116,8.435462989762769,passed,89,8.97677091111786,passed,48,5.201632944143575
812,89.32591061313036,9.510562645657586,passed,55,8.359757806116397,passed,43,7.5101796568481705
813,168.84204599865953,7.204118324943205,passed,37,10.753585355964024,passed,21,6.438825337830156
814,145.78687740374963,5.052678825714269,passed,101,9.053055765776596,passed,57,5.063576790169511
815,175.6325580348821,4.948044205188949,passed,95,9.597998197518788,passed,82,5.214547544316894
816,96.13090483106403,11.731849595659781,passed,105,8.404661476390874,passed,94,5.7492380789901265
817,169.31467100319816,5.375502319620158,passed,53,8.190218859285526,passed,44,5.965067304163485
818,200.20477138345828,4.098806993587699,passed,70,8.591709750002119,passed,51,5.994257350395871
819,157.62459762632767,6.121225266785438,passed,131,9.197623806626986,passed,107,5.014101423716211
820,191.0486037666336,4.475508027882835,passed,63,10.607147544689655,passed,40,5.209685304735023
821,144.38378917719342,5.988634969675543,passed,66,8.015498255722676,passed,50,5.794327262294696
822,152.31285284211285,7.08457160858446,passed,59,8.723680392493671,passed,12,6.560715019323715
823,177.68574404931684,3.9681866101322494,passed,91,8.850747773133062,passed,68,5.330990067032659
824,189.80711296305307,5.12460814066508,passed,100,8.195211081048415,passed,94,5.103950878295338
825,192.8479323294926,3.764672053933675,passed,58,8.03195989200216,passed,29,6.210372285869381
826,129.08550686653814,5.7479197264071695,passed,65,8.346365644534814,passed,12,5.598050834650614
827,212.11471908720029,3.35137254973554,passed,22,8.119241945664424,passed,15,6.493076299323763
828,136.01124339056958,9.386665128585053,passed,94,8.584682483250372,passed,94,5.8215376208795355
829,162.2923560647387,4.599680759563647,passed,94,8.905735928109237,passed,69,5.080061967718419
830,186.59832006037206,10.128418903104594,passed,96,8.548640139459597,passed,94,5.267442356449692
831,175.25342767277837,4.34251828901262,passed,76,8.054468972597562,passed,70,5.071006435256664
832,249.38738967208306,4.552234884194312,passed,114,9.224821615607738,passed,91,5.546740248852755
833,153.47843145639374,4.717413437940666,passed,183,8.20914816355458,passed,180,5.339964448891954
834,170.76335596575447,4.9400294397636175,passed,145,8.147370719441739,passed,101,5.083393548365778
835,163.96730559649546,11.073267757144711,passed,70,9.540744488429564,passed,35,6.060820076906892
836,201.6139911199834,4.120163274572162,passed,80,8.336004749687387,passed,65,5.010039875385819
837,204.28609321543996,2.874878042898822,passed,68,8.368382234473826,passed,38,5.439478832475375
838,158.54461260160258,7.041704898830823,passed,109,8.690850678150696,passed,94,5.000716713809927
839,226.1045620686251,6.76170751031106,passed,53,9.940880575108025,passed,28,5.004655247035972
840,138.63816298632048,11.239031319880427,passed,93,8.83104020583425,passed,45,6.8454620128479915
841,184.07692197079285,5.461800939918758,passed,100,9.397482702846727,passed,94,6.787893157328262
842,155.36431247167422,3.929089230206185,passed,77,9.258112698655484,passed,35,5.018921462974912
843,145.68046444053272,5.750605827419679,passed,72,8.40972756911973,passed,36,5.3814885433487225
844,183.58371356156198,4.425356208844381,passed,44,8.005246184665292,passed,28,5.737446839604421
845,181.62127645523864,4.066738029750986,passed,24,8.17855517093995,passed,18,6.003365876566358
846,123.35959722886156,6.490307812602627,passed,33,8.47466328947506,passed,28,5.031123841130469
847,183.52947079412928,7.412003610814677,passed,69,8.001644174796517,passed,45,5.417188450686616
848,166.1871713889116,6.647904802028372,passed,66,9.143492280175924,passed,60,5.136083862550578
849,149.94404055896493,3.8498061948557956,passed,96,8.888106874990708,passed,57,5.50797938219838
850,158.99270007595706,5.349133248053936,passed,37,8.234795645848525,passed,19,5.7557901915044285
851,130.76307079400684,6.620260621701498,passed,147,8.236169676462657,passed,135,6.389001417100948
852,183.3058434532974,3.2602860219934713,passed,43,8.008890802131653,passed,37,7.666707854564847
853,218.80042547550852,5.023944557827872,passed,50,8.221859456176484,passed,50,8.221859456176484
854,157.75914079594767,5.623312584965574,passed,146,8.811313040308022,passed,101,6.273651630162136
855,152.34996357276742,8.163864556248935,passed,209,8.362489007199914,passed,155,5.250063936043836
856,131.54254993548352,5.399167711901639,passed,42,8.282875034874394,passed,38,6.2532625572897516
857,221.16587329194664,5.0794824254333255,passed,51,8.011291480098869,passed,18,5.349343235915582
858,146.11710271945694,7.872088456277051,passed,165,8.155260362381078,passed,46,5.247575764328349
859,181.81031327132393,8.662638900010586,passed,104,8.66747856241239,passed,38,5.2497245375490165
860,176.5407614778041,5.315741367135749,passed,113,9.748864809448566,passed,97,5.758976603351806
861,137.0194037070422,9.388113826749024,passed,336,8.959749198718203,passed,326,6.438758566133229
862,207.87074183836708,5.705760021716623,passed,94,8.382894377376871,passed,56,5.680642670091984
863,128.66428797120398,7.361421061157802,passed,305,9.917433089345916,passed,271,5.140269889922
864,166.26442295339595,4.423111991268036,passed,54,8.58449845113347,passed,36,5.447186353962996
865,171.22758564905794,4.379208086925544,passed,157,9.200220562356186,passed,142,6.366338525267978
866,163.94939992082146,5.47213810227763,passed,91,8.000398750600679,passed,74,5.121560256090629
867,154.90193644747637,8.6321501943988,passed,238,9.392234040537906,passed,222,5.646635038977177
868,150.31802104659909,6.629282166420106,passed,48,8.865043689752117,passed,47,6.663511218398188
869,182.88875346037563,6.201297808541143,passed,44,9.826087104615233,passed,23,5.008820877623266
870,207.17464873044338,2.9445729704713113,passed,50,9.66026433424052,passed,34,5.521320320307455
871,152.58520686925525,7.124149331736626,passed,29,9.703211309539949,passed,18,5.28687534299721
872,166.91097831691275,6.002904128249599,passed,123,8.344519314496846,passed,69,7.161994056128362
873,175.71949437857793,9.39783695605007,passed,159,8.501937160095707,passed,72,7.1261178681778725
874,133.3370231962687,8.550557629677916,passed,181,8.013123943216605,passed,167,5.645473141540647
875,158.22648865234675,7.724475627874285,passed,322,9.419673357120706,passed,293,5.012470839399441
876,206.1281791397072,3.213116163412798,passed,73,9.10021780088357,passed,8,5.8726087978359764
877,206.18528710612205,7.5745068998080605,passed,98,9.04476511755643,passed,77,5.932150691074356
878,151.8509809342338,5.2283011962865515,passed,65,9.804536742359637,passed,59,6.550327972434178
879,197.71667948640044,3.6995886682429298,passed,36,8.59256202979335,passed,10,5.545957667140655
880,162.16571666673124,3.1912508204860703,passed,61,9.143424926072141,passed,49,5.723790788096905
881,172.24371998977736,2.8855363478407785,passed,53,8.733859565088498,passed,35,5.286141392862986
882,129.80638023915873,4.676808366765167,passed,28,8.702897824210588,passed,18,7.780854950861693
883,167.35992796989038,12.058715438582297,passed,35,8.211636349677963,passed,20,6.101477204576944
884,247.8689084690156,3.709305182077989,passed,94,9.568837850406142,passed,86,6.029831535009245
885,215.00055449515702,3.9665429287335936,passed,59,8.895198965657048,passed,46,5.594655796559511
886,153.90451901008552,4.668531028026031,passed,45,8.902027577318483,passed,30,7.108590003161086
887,154.42591596963754,10.785509707976033,passed,55,8.134656029028275,passed,43,5.501121706791956
888,142.39207264116754,8.079540092605033,passed,152,8.183686688502267,passed,22,5.22828397741173
889,180.88783025886443,6.617860645543401,passed,65,8.446332622854458,passed,59,5.976423380058282
890,157.9022327938775,5.679055428390059,passed,127,8.847270910001725,passed,125,5.0365675491258255
891,180.3159818481214,4.628660504081533,passed,127,8.497778460571137,passed,113,5.0489497137049755
892,205.7607353597107,3.007417797399417,passed,95,8.426020480235774,passed,82,6.6186481788544915
893,176.2501206269999,4.884024949603354,passed,27,8.435525028129675,passed,12,7.0257469044950005
894,170.83441580578932,4.743426540061053,passed,59,9.799809216903398,passed,30,6.512207886780819
895,189.506767978376,2.667159514325594,passed,74,8.047404482289666,passed,30,5.360596792539929
896,187.94665266476335,4.95485425797721,passed,19,8.139436385054255,passed,19,8.139436385054255
897,193.9455753200177,4.370760305230034,passed,34,8.032401424837321,passed,31,5.261380107832236
898,154.15113617208505,6.470214783282863,passed,212,8.711026303902504,passed,161,5.0208026498838265
899,140.44226526607991,5.160581986627966,passed,122,8.230995118336404,passed,66,5.4996565970425015
900,203.04294927433136,9.722663575887418,passed,120,8.166384861844111,passed,60,5.293171312272693
901,149.3762023920191,7.972961790838615,passed,231,8.382527823253994,passed,88,5.243247858596289
902,170.40262679979693,5.423746851632854,passed,129,9.762985295763071,passed,96,6.171379912790442
903,165.50949717817898,4.966813599121757,passed,52,8.083416384348574,passed,41,6.098866107284073
904,141.7936357293048,7.19662308798847,passed,156,9.793473889112004,passed,146,5.1248443794515985
905,124.8128673041649,8.267863506908032,passed,45,8.240354606365807,passed,35,5.674630146257309
906,174.33704406353849,10.536537716679971,passed,279,9.627416838080416,passed,271,6.43992329047014
907,174.2513740059025,4.77017563925838,passed,46,8.003076644981121,passed,41,5.432860200063505
908,154.98874842959708,4.490336004588102,passed,45,8.534383935366385,passed,30,5.575054039959038
909,153.06970720161254,4.969312857930011,passed,102,8.34209634201506,passed,68,5.309805851579497
910,190.0250745441519,3.7588806805243387,passed,142,8.639445701261629,passed,73,6.519876266155578
911,166.55468110731175,4.957386065995558,passed,122,8.30054358147696,passed,88,5.012801885402429
912,147.85349196030717,6.36523765596748,passed,119,8.111923770692918,passed,107,5.001717039030629
913,144.32751852991922,5.328455712320661,passed,89,8.97129784305637,passed,70,5.009369015081555
914,199.66004468259933,8.126289314055429,passed,100,8.386812495556818,passed,65,5.006965125466811
915,163.77385729685759,4.892409010825471,passed,13,10.026235190360921,passed,5,5.695788254605083
916,171.29644060412548,7.901008970172829,passed,135,8.025323179458187,passed,40,5.970406557748564
917,146.68290517911066,10.14845306340856,passed,100,8.128397966119682,passed,22,5.358658362213453
918,163.34800885600967,5.692170686281181,passed,131,8.536621643173659,passed,122,6.670282778936154
919,166.78997332910765,6.90702773257466,passed,222,8.717065321563776,passed,68,5.544030347300488
920,180.71823014809883,4.059195941525675,passed,101,9.453681986566508,passed,96,5.3955075004427755
921,229.33680590775722,5.43969994301147,passed,66,8.346513406719524,passed,11,5.041825043229808
922,178.29797855703444,4.2569186072139775,passed,62,8.869264133784572,passed,40,5.033488089994931
923,152.80064870897397,14.77974427473748,passed,25,8.637231961954406,passed,12,5.143825393653367
924,142.4304950428556,8.038821173863509,passed,54,8.201894847664782,passed,22,5.109936139404492
925,174.20569068295882,3.5811167114700226,passed,61,8.864886809085704,passed,60,6.987188499832797
926,138.48333789367763,6.482311072144033,passed,58,9.341713015940467,passed,53,7.208988971677899
927,159.77947357128474,10.274904403032826,breach_static,25,-10.227856086850384,breach_static,25,-10.227856086850384
928,187.62654510117295,3.126904439412463,passed,73,8.091097496148247,passed,52,5.44530213577088
929,155.72476961060696,6.7323026089079026,passed,244,8.043559322463235,passed,101,5.207943472874987
930,132.42206905526896,8.090770440967798,passed,313,8.083574433616313,passed,156,5.305405696154608
931,169.0168086035774,3.9810515841652654,passed,148,11.004439568347069,passed,63,5.012582043867009
932,144.96833195498894,5.407655031135709,passed,92,8.002201585617176,passed,40,5.048193063458206
933,181.70118485205816,7.442916003983226,passed,45,8.027681387161657,passed,22,5.014516960239335
934,199.79745151701957,7.382698992784614,passed,69,9.433584796249717,passed,44,6.156611276424284
935,169.03379787143118,3.9746394846337774,passed,29,8.001908126037316,passed,18,5.32335908066115
936,148.9997068307456,6.607089282859404,passed,198,9.071799054364792,passed,194,5.493232002009019
937,170.12346817699827,4.30920446414589,passed,135,9.298639983885316,passed,93,6.123370515892224
938,149.07606370483654,4.861785909730002,passed,58,8.291373396383328,passed,50,6.036847155682623
939,220.5633378345762,3.8447036114425073,passed,62,10.426074843408383,passed,59,6.39689328423052
940,165.45413312217852,4.38122990115845,passed,125,9.445407054913968,passed,109,5.475522675987077
941,141.4257326144485,4.827492269507286,passed,122,9.566327337380343,passed,106,5.088270644412196
942,170.47729724635406,6.427840801810379,passed,91,8.402709771487494,passed,58,5.794185945425578
943,141.47050424727436,3.801144423204393,passed,123,8.023047986594722,passed,85,5.259400620025012
944,167.90877203136495,5.582087273744406,passed,40,8.127370475593242,passed,27,5.994247515498419
945,129.35568807323534,9.851256418897849,passed,134,10.798331588555365,passed,5,5.051142483292104
946,164.03347050576923,7.613644493354212,passed,360,9.483111252303633,passed,337,5.019791314370647
947,128.00901672661743,10.056359483821192,passed,21,8.192247843040935,passed,21,7.661060081906168
948,193.83093205673038,4.3285970495058885,passed,35,8.005404722250752,passed,28,5.908085395606655
949,210.03703344420495,3.8845778088916108,passed,59,9.454812096651688,passed,49,5.215520097026061
950,213.04374230140883,4.315318571539806,passed,11,11.721263524671976,passed,4,5.902791294994358
951,177.14880948960746,6.835752612489107,passed,199,8.313898594189606,passed,199,8.313898594189606
952,163.05501126621186,7.45408649545491,passed,22,10.327350467385843,passed,15,5.063776536308651
953,173.19008246932182,4.424300749716542,passed,117,8.157838919868986,passed,101,6.64958164144871
954,153.37053726773075,5.653632795388683,passed,97,8.053395545655073,passed,83,5.917655550168677
955,132.4618137828973,6.278303519700809,passed,12,8.453638311324575,passed,12,5.61196290275221
956,177.90962869221195,5.721600280195997,passed,81,8.969552857744635,passed,65,5.06043423198641
957,182.31572504823302,5.228653627219273,passed,129,9.372747271610816,passed,93,6.349949297232471
958,144.24295584546167,6.973258314429658,passed,40,8.625477058173491,passed,40,5.527238785590471
959,90.05545952800782,10.956147121503152,passed,364,8.269595643632055,passed,122,5.025359619062919
960,171.87688299107958,4.085968117433808,passed,63,10.126688022208729,passed,57,5.0082705805240435
961,169.22811986542933,5.029502612013467,passed,147,8.017036662904097,passed,48,5.306661071570096
962,181.56633645607621,7.080257828135256,passed,181,8.896125865630555,passed,144,5.5272905689916385
963,154.63600796197179,3.7411048384002275,passed,111,9.137238702989968,passed,69,6.377301184570161
964,148.67590880321703,5.319802922252311,passed,49,8.4321131987547,passed,28,5.164231350940773
965,153.5852677165372,4.21645469109021,passed,45,8.95567846609806,passed,35,5.471772648100703
966,163.85038939194288,4.871817655623509,passed,143,9.24119664418448,passed,84,5.419983511280657
967,121.34280597327893,5.922260431554315,passed,164,8.023843417190758,passed,35,5.133609815467599
968,178.12069132294468,4.09177332159243,passed,28,8.174434016913402,passed,14,5.8730210470138156
969,188.0645136379953,4.165457609277816,passed,94,8.78398119774253,passed,74,5.676060210899925
970,149.06017505184624,5.166550878471989,passed,50,8.884508852711814,passed,38,6.845100273639582
971,170.65133241749328,5.120492439927798,passed,40,8.071147415116876,passed,35,5.576836381870676
972,205.97285821905672,5.261794831488046,passed,69,9.510162272681978,passed,52,5.8856200757750665
973,190.35812031802496,6.3484185830757225,passed,112,8.161785964323487,passed,58,5.230848271028732
974,169.5011063730116,7.791268671413226,passed,46,8.689097840519743,passed,20,5.199129804963287
975,178.74822353277108,5.0664194359606265,passed,147,8.054824540994732,passed,123,5.013061353764314
976,185.64110198398365,5.837519103167284,passed,21,10.168081426416498,passed,21,10.168081426416498
977,143.65706465093083,5.405583021859414,passed,77,8.017339199195384,passed,49,6.374020173165262
978,154.3246279251644,6.669971923658256,passed,72,8.029428979437814,passed,63,5.1668208716491915
979,175.08052005907567,4.476262139937946,passed,26,8.020196914155031,passed,7,5.358953323006643
980,189.5558075700715,8.973409813062515,passed,48,9.203143972367723,passed,23,5.070399704861872
981,188.97822734386236,4.810634249568406,passed,64,8.571486353645973,passed,18,5.9187109774710756
982,198.14574157906813,4.171290177990676,passed,76,8.6561857592367,passed,65,6.218522270005145
983,197.22645723494966,3.4622832191102666,passed,61,10.51521308409502,passed,14,5.158234529956762
984,163.75048200665768,8.90455568808489,passed,130,8.186653639732322,passed,111,5.8443463311314
985,185.02602245397725,4.809735156231752,passed,147,8.335663588639374,passed,123,6.354467715401446
986,187.04088707735033,7.456235920257538,passed,61,9.4429301018629,passed,55,5.198820706071938
987,172.36991787273263,5.147047983155367,passed,82,8.250688396670869,passed,42,5.97144448214415
988,181.1369065765216,4.277755722735378,passed,109,11.01139761549559,passed,50,6.777527380403714
989,194.01510649619632,4.948883953162344,passed,64,12.914443405619714,passed,31,5.136027171930313
990,225.62808910270945,5.211098325616301,passed,37,8.256620862306253,passed,18,5.062363316006491
991,175.30745953080614,4.73186378109864,passed,42,8.326370252071392,passed,36,5.525244133759322
992,162.45611874374566,3.8116368553505295,passed,141,9.093929478971186,passed,63,5.214649948596772
993,140.34363220679143,6.654144158657043,passed,162,8.84407129289675,passed,98,5.336762066593348
994,175.36037079234683,5.862907772032125,passed,64,8.941652315271465,passed,38,5.74474376426839
995,198.706793411638,4.722937267750503,passed,45,9.296951483940585,passed,39,5.522842535360062
996,133.8334329529483,8.18797762571371,passed,60,8.01344404535782,passed,34,5.005311488541819
997,167.01056803115702,7.0142986837984065,passed,122,8.897383562494587,passed,98,5.370887281861059
998,163.56262409094958,8.626534906462412,passed,58,8.065752742440235,passed,35,5.116374908342136
999,162.26416865203538,4.5325554276630164,passed,118,8.659291367909837,passed,98,5.101869905034984
1000,200.44936780211737,4.770055429954146,passed,54,8.272639744732269,passed,48,5.691101446014324
1001,145.44641321299866,4.631761407606463,passed,60,8.001360284852431,passed,19,5.088265687487081
1002,161.49524959445594,4.105153663173105,passed,93,8.436890428440913,passed,69,5.365438480316853
1003,173.89408705746607,5.047321022936966,passed,28,8.328519270849121,passed,26,5.146731039189301
1004,176.36483191277438,3.3840582824950864,passed,74,8.967216669913004,passed,69,5.2285041740354865
1005,202.35103190139517,4.918110919829784,passed,34,8.351372643372468,passed,32,6.319342131789596
1006,134.8894901573631,9.502036953144335,passed,207,8.017682236476077,passed,151,5.314850615092448
1007,236.21257308968083,3.1527676996846927,passed,57,8.020206638144334,passed,26,5.246646628420049
1008,153.99516829007968,4.325131215452973,passed,70,8.784689214714225,passed,59,5.003579289881199
1009,171.63333672943205,6.301479736761134,passed,50,10.11246694155663,passed,31,5.023268145596593
1010,166.54699164127527,4.417063529196504,passed,60,9.227866953345409,passed,54,6.17812991202269
1011,168.4640931056347,5.868925212481133,passed,94,8.114743288034498,passed,94,6.402695483980492
1012,137.68409011247152,7.927818761614401,passed,326,8.83352456945361,passed,255,5.02239295421989
1013,150.25256068929286,7.776622230951366,passed,57,8.733582518374817,passed,34,5.396845727558164
1014,138.99376117930072,5.175934477328522,passed,70,8.293051156574482,passed,59,5.007019656401224
1015,148.6729787705967,2.992803421915176,passed,54,9.480053327620208,passed,40,5.585573102094976
1016,146.5555113463246,5.50370552759821,passed,50,8.521022565191782,passed,21,5.208076402842354
1017,207.86223302530357,3.2019610887227143,passed,35,8.374453644605872,passed,27,6.089659356190014
1018,134.25752222145923,6.372184577455066,passed,103,8.430608399969097,passed,64,5.326527447564922
1019,191.4639095710241,4.06202470539869,passed,100,8.03626500563681,passed,13,5.143222958361604
1020,135.17828644063252,3.3487877822346976,passed,87,10.691150478687405,passed,58,6.725585438453785
1021,164.2486880401121,3.5609331806384517,passed,63,9.522504302896229,passed,14,5.481591155492249
1022,204.24455857267293,5.016867947558992,passed,68,8.956735693960049,passed,61,5.954325879500777
1023,166.31579533054227,5.073297928842381,passed,85,8.003105147993539,passed,80,6.320645574907324
1024,138.60622273848657,4.026059517705702,passed,76,9.14921187502129,passed,71,7.142651162335367
1025,151.97159680436206,4.7248973218255665,passed,148,8.001586454005526,passed,121,5.016132966838471
1026,140.18728820492825,4.460740003514011,passed,106,8.014042496454476,passed,83,6.1566440351315865
1027,119.05881420037207,4.469138122242876,passed,37,8.489702842644032,passed,24,6.181448860212102
1028,204.91335992259968,3.334520288901606,passed,109,8.115893205246994,passed,34,5.578663788877014
1029,167.53054876595806,6.07586588154493,passed,60,9.013987882316265,passed,35,5.203865692662957
1030,175.76412099305549,5.966630404582717,passed,131,8.32682627896386,passed,113,5.358766900142298
1031,137.69205179840327,7.4151013898594895,passed,28,8.093163610237863,passed,12,6.696904436679407
1032,158.29668770365174,5.413305629920157,passed,37,8.58971525314416,passed,32,7.9420390942849695
1033,154.46816549173238,3.8155483941852615,passed,96,8.020690558550193,passed,36,5.456629877297314
1034,146.9344993669197,9.264941539785456,passed,44,8.000989218468234,passed,21,6.083788155050862
1035,151.04474227312852,4.440063650100455,passed,59,11.234588899399633,passed,30,5.2121892427731575
1036,169.0621540710308,10.854593006172102,passed,35,8.534964357599772,passed,32,5.632844228018907
1037,175.32336927066643,4.386975176891418,passed,77,8.052453081883604,passed,62,5.464395960547508
1038,125.52923704885673,4.502439442306052,passed,60,8.427595601165594,passed,41,5.315259780299764
1039,192.1431931795121,2.90572155541559,passed,198,8.451421408744931,passed,103,5.817934240708467
1040,159.75483443396143,4.995357637752865,passed,181,10.169884545984464,passed,32,6.456416789502795
1041,232.2275611230409,3.6800327139936875,passed,95,9.149922958140966,passed,54,5.092668292287916
1042,178.8346820228453,4.408663283772394,passed,85,8.391123607366758,passed,77,5.789917797494404
1043,165.5430293293062,4.724851377754251,passed,218,9.30954069305705,passed,150,5.002555676883413
1044,164.78540290284127,3.523580683830125,passed,38,8.347362512069711,passed,28,5.379908427553115
1045,132.84589446009508,4.862082121190819,passed,32,9.000699880202422,passed,26,5.0058564845451015
1046,165.53674736173366,5.599584501488925,passed,45,9.629745074040773,passed,25,5.183372649725793
1047,127.95320831065249,8.623506491228152,passed,98,8.297055923929664,passed,91,5.011082884222584
1048,123.03227688780795,9.42024727853576,passed,136,8.067520332371615,passed,80,5.9556056662664725
1049,186.93969418525018,3.4362834260584383,passed,85,8.196181411426128,passed,69,7.902358825437417
1050,112.43145674181547,7.955284248960297,passed,73,8.46510923320032,passed,44,5.009413723344847
1051,173.34069762600643,5.402295895941707,passed,117,8.225867898284655,passed,76,5.40380971794332
1052,180.0185887376052,4.199143842657847,passed,21,8.00959915896058,passed,21,8.00959915896058
1053,82.95534271516622,6.067443914896421,passed,127,9.802871486308229,passed,118,5.687047608793483
1054,182.48582753123122,7.627082505430794,passed,28,9.424300673448771,passed,11,5.263000386505312
1055,176.92602699402906,6.722245956395467,passed,181,11.465534781158304,passed,58,5.214018895347405
1056,159.8225765942147,3.6508843201556798,passed,32,8.748353948219755,passed,24,5.020054484923464
1057,171.26932114510942,5.046409485802896,passed,38,9.582453342911057,passed,21,5.780263054326218
1058,142.73842926458062,5.864154413064829,passed,48,8.016239635809619,passed,9,5.255849202865814
1059,161.96072122658384,6.088174482671726,passed,55,9.183180107775723,passed,46,5.180692844725909
1060,201.3903857551693,3.167382076148464,passed,85,8.508242872355098,passed,83,5.973275408219902
1061,198.16541300521357,4.46747910126125,passed,62,8.83789544422806,passed,62,8.83789544422806
1062,150.27558166792204,4.675886219605362,passed,36,8.73240460708693,passed,15,5.663298839486108
1063,162.1324060696151,3.0950686903348035,passed,29,8.305839657671754,passed,29,8.305839657671754
1064,148.05290598911523,5.145474477723463,passed,69,8.046371777397443,passed,69,6.623005627494938
1065,134.89303532505673,8.492320668104519,passed,46,8.017162163354907,passed,19,6.333182282738936
1066,164.39719059705484,3.692784308165762,passed,24,8.828613894350944,passed,5,5.449522927093287
1067,170.39014444177803,5.546453345848935,passed,172,8.797830060403244,passed,81,5.705343591353951
1068,141.34538934880868,6.53886390700629,passed,89,8.479929285195498,passed,85,5.721141679515274
1069,175.4572300209337,5.5489951719102635,passed,91,8.5544224175496,passed,59,5.467962115969427
1070,141.1284124591502,6.262800410401663,passed,106,8.403572559330108,passed,104,5.205958365035035
1071,197.79828422236196,4.052325695132404,passed,68,8.262305318639385,passed,68,8.262305318639385
1072,200.19738791632977,4.727058564935241,passed,248,11.432143065488653,passed,154,5.3137626471138955
1073,97.56811014177296,7.391254866778789,passed,24,10.577451437867701,passed,23,5.308170773421872
1074,227.4638173173234,3.212223179204817,passed,35,13.174916605476339,passed,12,5.493228303377928
1075,169.51380975266312,4.91080178586911,passed,62,8.845169767414474,passed,60,6.429812027185444
1076,175.54392848257794,5.273834202162407,passed,96,8.205480992139869,passed,63,5.013442200567653
1077,193.52021986254525,6.805157644396679,passed,235,8.021360755677032,passed,146,5.000335361991515
1078,119.20478348584096,8.782124274936361,passed,147,8.0024996346018,passed,121,5.367249302233312
1079,158.1866359375674,8.306153656191611,passed,89,8.982928202029772,passed,75,5.019721616982542
1080,186.908160960601,6.038500019274837,passed,43,9.074549475077287,passed,22,6.526019680996642
1081,174.00839449245916,3.7564905229863483,passed,91,8.153751678748854,passed,44,5.475490410275108
1082,159.95382502488633,8.025935447756435,passed,233,8.012486231666527,passed,125,5.108220848853073
1083,193.8787625982079,4.867166916726867,passed,90,8.5369535254457,passed,64,6.156077734916998
1084,167.9222887829422,5.504792874499883,passed,48,8.33610080334164,passed,21,5.358789975049305
1085,253.0496261603966,5.4734570689518005,passed,63,8.347514655354304,passed,55,5.021839015675789
1086,212.79072977334926,3.7896062521730953,passed,40,9.340435520573953,passed,29,6.156332910997397
1087,206.91730397000788,5.540864380471571,passed,75,8.650099221667684,passed,51,5.443673540960936
1088,228.59694766934294,3.888533161546453,passed,29,8.220818707473732,passed,22,5.214502845367486
1089,174.36714908496364,4.17780578431625,passed,28,8.041498287380922,passed,25,5.5081071500768575
1090,142.0633953099411,5.222829816287509,passed,34,9.224347651490472,passed,31,5.027039852832194
1091,182.13828323457878,7.3712517164205575,passed,29,8.53641426247127,passed,15,5.064973435658726
1092,150.32504897909575,4.983634051244402,passed,58,8.009175586724403,passed,31,7.758392265704495
1093,185.9694890794796,4.04517989386564,passed,58,9.287854957079468,passed,50,5.441581246844485
1094,200.40987174135006,4.2229407168618325,passed,51,10.420228830869792,passed,26,5.333906602409999
1095,167.51355246624868,11.627419416352007,passed,115,8.712747188153692,passed,104,7.3398682451162545
1096,150.98282644628105,3.432829762091163,passed,75,8.61878252411612,passed,38,5.2118694502112595
1097,154.67419239031454,4.4343348602446,passed,76,9.445016572801968,passed,19,5.108165326309733
1098,187.4972590103303,4.0074280920471965,passed,65,8.597747975985248,passed,43,6.349146933853822
1099,154.1477452124422,4.709964195604767,passed,137,8.120371726396547,passed,85,5.914152695244179
1100,149.62924436038057,7.702449255076085,passed,170,10.03562793511421,passed,81,5.258981810448482
1101,183.63544680785697,4.800767121184775,passed,80,9.007060304655322,passed,80,9.007060304655322
1102,160.77087384584513,4.762784622775705,passed,28,8.178191433991323,passed,21,5.159924435346319
1103,166.42059600703084,8.632170151630318,passed,101,8.042928493989843,passed,79,5.338643634879858
1104,163.59903095616372,5.97190622422415,passed,97,9.478037096589919,passed,42,5.079909311688691
1105,140.4230943454583,7.911740457411637,passed,98,8.920689015588422,passed,89,5.281812647626061
1106,158.82357190136202,4.585004987589946,passed,89,8.010871290838061,passed,77,5.454234320243101
1107,205.2291547338838,10.754561275313042,passed,186,8.319779324249366,passed,165,5.016278816132513
1108,186.5796941419693,4.856035887821554,passed,45,8.023744095599072,passed,45,8.023744095599072
1109,161.27568676009153,4.206521528642733,passed,60,8.258203386670937,passed,22,5.017422395658366
1110,127.48209231471704,7.631188784056837,passed,29,8.409273868010668,passed,10,5.975563623979241
1111,172.61928076685015,4.106131090511342,passed,73,8.877526321106943,passed,64,7.671729215839096
1112,200.3013247625561,4.196508520682424,passed,83,8.59655141158353,passed,79,5.055329168909073
1113,158.29278057374424,4.191252184142711,passed,82,8.026469135966252,passed,32,5.464595977820141
1114,149.2359602063074,5.054629959518408,passed,148,11.065584143373396,passed,127,5.014579488624804
1115,178.84862568396423,3.251164860282129,passed,38,8.390559836860124,passed,25,5.3190686090611505
1116,166.4166294111194,4.985978793706091,passed,117,8.400080793490527,passed,115,6.355386316397027
1117,228.8411890221892,3.303195025932198,passed,58,8.180353225679804,passed,35,6.015930958564342
1118,139.48397782379223,6.544246034291505,passed,35,8.069977312565179,passed,34,6.04651401436711
1119,169.20274668105395,6.144630053644509,passed,91,8.022336669708707,passed,12,5.6618826191674465
1120,213.83924926377009,5.502559570628072,passed,50,9.007977426436753,passed,32,5.683896677747113
1121,177.44552338263975,4.64771823865357,passed,101,8.670064894343433,passed,94,6.131046722974043
1122,137.87131740892863,6.668144252264218,passed,181,8.399423200927458,passed,50,5.0087604950221465
1123,156.23942251074143,3.78566658978873,passed,137,9.689596310649007,passed,100,5.162801433402153
1124,115.52691980724231,4.954797294974135,passed,161,8.009382183043478,passed,100,5.119285756291858
1125,141.0417799730709,4.346879470307038,passed,73,8.52897772928516,passed,41,5.895318387069759
1126,153.5430829745195,6.756650837852509,passed,60,8.44619261098185,passed,50,5.616232462435122
1127,166.22291790120772,5.6505890752058825,passed,38,8.097256679810872,passed,21,5.118981136265299
1128,167.19475255004332,8.89885004636914,passed,56,8.020649996565755,passed,47,5.015204234671944
1129,174.57426456771802,4.7637776590066325,passed,78,8.66062875834206,passed,51,5.801652234710386
1130,132.01613948481884,5.599385615033728,passed,67,8.27631473424324,passed,19,5.956095688599117
1131,147.5684872768909,4.539456854427121,passed,44,9.480913551416382,passed,35,6.3954363996442165
1132,183.9974201596035,4.823250014800123,passed,40,8.304801955779716,passed,40,6.2623927969178705
1133,159.72130603998585,7.038987197400296,passed,50,8.259185496881871,passed,40,6.097639152234735
1134,213.5653646699047,4.420246606868586,passed,89,8.193117582727783,passed,58,5.267129905435652
1135,150.0827896584425,4.2309711666869205,passed,147,9.09962061349252,passed,122,5.480422795717743
1136,142.66998652122743,4.855668879703157,passed,38,8.001000373019785,passed,20,5.857301553366767
1137,209.69423155426963,4.499830928261729,passed,58,8.617836059588857,passed,37,5.494338804775678
1138,172.7336629942048,3.142446777015663,passed,85,9.664414313611758,passed,54,6.3157146920985285
1139,122.67727430567837,5.049349349548981,passed,48,8.399526225053267,passed,28,5.446672709709355
1140,164.9987544166183,6.6446049297835055,passed,106,8.0017542396293,passed,101,5.576489060128176
1141,150.01855562028476,5.344460456127993,passed,44,8.526681981245353,passed,13,5.040522710084661
1142,160.86681171420398,4.174156400124637,passed,140,8.073195471255069,passed,94,5.011583348360005
1143,175.61631525965228,5.950053516356782,passed,87,8.874508439559193,passed,76,5.017709137642079
1144,213.59453743874113,4.202836487726504,passed,81,10.574598983264893,passed,68,5.444443728752457
1145,210.03459506542063,4.894865730943376,passed,19,8.595630438308133,passed,4,5.22601871464099
1146,162.92795590603046,6.564427647363917,passed,46,8.146046414780628,passed,21,5.659122554659635
1147,164.58368122901334,4.6266749119747,passed,73,8.421810060573343,passed,53,5.217911159915811
1148,149.90434327048402,9.301645062921684,passed,140,8.26017947395361,passed,89,5.5078344402374135
1149,156.74762949583072,4.916939828474281,passed,104,8.084564770115477,passed,93,6.438085837303542
1150,118.48934766861751,7.30745296708633,passed,63,8.761581430904219,passed,41,5.939297566971735
1151,182.01526888801322,6.853590933967244,passed,55,8.757949556919066,passed,40,7.503807462700629
1152,156.89262675103933,6.105002329071304,passed,96,8.221549866698318,passed,80,5.533344362465642
1153,174.59561439594125,5.674905158154689,passed,98,8.309107039938347,passed,94,5.318905108929206
1154,162.61588353296713,7.747337889827251,passed,93,8.000828273368255,passed,69,5.201667927659681
1155,147.4278575789913,6.14736404773824,passed,68,8.531262676371698,passed,13,5.3135184450140205
1156,157.06054304451135,5.586637189954162,passed,80,8.236267856267364,passed,63,5.021941646702843
1157,188.2794138570474,6.6168421556436,passed,50,8.233391235550137,passed,22,5.215960056048141
1158,175.03039305323037,7.431120346831352,passed,199,8.49354571501355,passed,123,5.977352726977525
1159,180.07502535299142,5.137688653341954,passed,235,11.39999060664556,passed,233,5.362790117328631
1160,122.16875999675318,4.404906324050977,passed,63,8.392862310478954,passed,58,6.9924237433488745
1161,222.26650149465578,3.8289181222937017,passed,40,9.38732154198143,passed,8,5.191169960674236
1162,157.93387333727543,4.871253492657592,passed,301,8.002138402448367,passed,278,5.122754132139673
1163,225.24739390130287,3.606997148012572,passed,55,9.545804695152583,passed,33,5.475060771621965
1164,208.78229697949192,3.0337043440571274,passed,63,9.093652061135927,passed,53,6.540730953244034
1165,142.74037093839144,5.243758011964935,passed,70,8.064077484177856,passed,63,6.576689300494887
1166,131.8536837132028,6.524709429622779,passed,148,8.178228106149877,passed,127,5.964545727120885
1167,165.13154698435457,3.732471556591089,passed,44,9.198821722820206,passed,27,5.000297510585949
1168,206.8480662276737,7.729926577138254,passed,154,9.492309858980196,passed,111,6.680612186673529
1169,151.33191947454208,3.455133072368978,passed,79,8.45746054798111,passed,66,5.23164868855468
1170,97.60215461146362,23.489659780925646,breach_static,103,-10.152284634810982,breach_static,103,-10.152284634810982
1171,186.50076438927914,6.802481342874085,passed,94,10.042023164117996,passed,66,6.901134843664392
1172,165.32023501937115,6.252351831748254,passed,60,12.092348538356323,passed,27,5.194221543015143
1173,217.4594337313837,6.366888565708178,passed,55,9.955897028092542,passed,33,5.02587429123913
1174,157.9010700727403,4.644739445029402,passed,142,8.443473918417975,passed,133,5.418708316052467
1175,162.20377148215533,5.84276749501622,passed,32,8.773479758000292,passed,21,5.642771297884375
1176,165.26251509617828,8.500253734330316,passed,243,9.179895269945693,passed,237,5.061882958916453
1177,140.9644939823616,4.543004205635007,passed,147,8.017744663359938,passed,118,5.015574373788256
1178,137.00948609181953,4.1831652662961005,passed,68,8.000304965820382,passed,45,5.159464152276105
1179,218.4526431491726,6.598863758962881,passed,102,8.290892766578818,passed,59,5.052794051596798
1180,181.56162830608906,3.6654974071591484,passed,84,11.071914317104659,passed,80,5.470614555730546
1181,167.92658283843522,4.949717818199369,passed,70,8.008397428502011,passed,43,5.235277760597867
1182,166.94175873391384,4.903515314091351,passed,75,8.531525527617202,passed,22,5.5365612580463575
1183,161.2191981587776,3.421456837516808,passed,37,8.440291504069709,passed,21,5.435461975869149
1184,139.12979747632437,5.540026252243669,passed,65,8.316877669560974,passed,64,6.798259161505382
1185,226.0438375116678,2.7438885430099385,passed,28,11.28898292641285,passed,20,5.134674609147516
1186,176.56755336698922,5.503912858560059,passed,51,8.831856440582552,passed,22,5.789163037979206
1187,147.05692013295052,7.011726961662794,passed,96,8.366658690752239,passed,29,5.380848995638199
1188,133.5082584684808,5.862995957304803,passed,69,8.414710561677419,passed,40,5.001745012071979
1189,166.3465602234738,12.35763974427598,passed,45,8.100626337121696,passed,11,5.005111005548524
1190,189.39316826664913,6.562236017694659,passed,111,8.089236911943075,passed,93,6.096166431226102
1191,175.24394297947387,5.710821004826467,passed,89,9.103098901474338,passed,64,5.081502568581864
1192,185.60934259604903,5.137253569184197,passed,37,9.105393187137366,passed,27,6.221070005921758
1193,190.55123599351015,7.465069449718158,passed,55,8.06613546481254,passed,32,5.185702528450298
1194,121.75703554584754,8.89646065398554,passed,149,8.722530153154274,passed,85,5.07163674059492
1195,151.40560863435843,4.198464852196659,passed,68,11.227757827511265,passed,50,6.32173010524828
1196,127.15048170465577,4.932513255806243,passed,167,9.75120772737743,passed,144,5.020553553846452
1197,151.79411361435902,4.731601269035831,passed,41,9.159304141185576,passed,24,5.702683616375581
1198,105.78966078188743,6.935751464080264,passed,104,8.02386234497041,passed,81,5.3411598237019575
1199,214.10489332621702,4.496406821598444,passed,78,8.94024993241862,passed,34,5.450665313813707
1200,187.68528611102693,3.768333256100099,passed,104,8.148812371853808,passed,43,5.327018831964492
1201,204.5065196379754,4.377242445784798,passed,100,8.849155548978448,passed,94,7.157595935443717
1202,199.00768130369886,4.295921375125692,passed,100,8.73042586560777,passed,53,5.085570123391392
1203,164.8885665566064,7.016677653286751,passed,78,8.02471424579425,passed,50,6.097199825238242
1204,129.60451474949247,5.902010330953742,passed,63,9.220235934400867,passed,11,5.3204448524422965
1205,155.42188153579838,7.937104833479744,passed,90,10.14838839051948,passed,63,5.182485722605401
1206,171.0247701696899,3.5927731002088876,passed,35,8.555136574250199,passed,18,6.338472710065979
1207,196.16022462039112,3.9488589043557156,passed,37,8.131660940265917,passed,32,5.412449810454301
1208,184.8773747671625,9.41566322837915,passed,121,8.212868803644513,passed,9,5.354102969325303
1209,172.50493695422912,5.920798776144709,passed,79,8.956842174073397,passed,60,5.712287810991912
1210,177.29637559489854,5.8005313412926185,passed,38,8.222751980184828,passed,15,5.157763251528702
1211,143.06130974754717,7.138734457035064,passed,89,8.798412133982536,passed,59,5.005288035447819
1212,129.97773178140187,7.419870780357576,passed,148,8.00023270296084,passed,124,5.346251814932734
1213,126.39395756660848,14.059101772819105,breach_static,101,-11.41750205735339,breach_static,101,-11.41750205735339
1214,139.3108589663982,5.534905321143806,passed,37,8.021593884545307,passed,28,6.296567009863141
1215,123.42982548461596,4.619508951246768,passed,32,9.425994602991672,passed,24,6.243286221985178
1216,152.0399214816852,5.424703667524169,passed,75,8.141806477005886,passed,8,5.200034479009852
1217,113.1569915234178,7.732455067213626,passed,78,8.16949627798187,passed,46,6.1984814019386825
1218,167.00921699461097,8.974014970490327,passed,55,8.239508109333782,passed,46,6.738442760390351
1219,154.51061365827644,5.205593022971812,passed,22,11.247304538184899,passed,12,5.268986078858462
1220,118.24020172428851,7.504059770164783,passed,94,8.466557658719509,passed,81,5.003447094979796
1221,191.74928690906432,7.295601204213605,passed,73,8.708636375806345,passed,32,5.2691994234892015
1222,209.77423613569832,3.626161772023298,passed,50,8.092244486587541,passed,31,5.609064469986524
1223,220.01084307286405,6.055614026188443,passed,50,8.048601382672205,passed,27,5.054091001296945
1224,159.82875092194408,3.96773973535074,passed,24,8.484218210325922,passed,12,5.936658602798062
1225,232.12750461893697,3.225163019899835,passed,69,9.009460991385666,passed,50,5.512734102712158
1226,144.31279928538441,7.623213992175708,passed,234,8.328171934493579,passed,210,5.86779888066411
1227,168.34320726847557,4.4399998866850225,passed,104,8.242065407797883,passed,98,5.461916330040428
1228,151.77758508098051,7.305812997117124,passed,156,8.006129904632719,passed,94,5.443656884830128
1229,127.98651723302181,3.744338356881722,passed,140,9.100832784907475,passed,135,6.866828165991512
1230,138.10908784924547,4.738666100326011,passed,109,8.860129941937611,passed,94,5.487345840265245
1231,167.1322555700303,3.928066355206213,passed,13,8.341600978170227,passed,3,5.344406390440626
1232,191.400876249784,3.5625434032606136,passed,38,8.28907083743291,passed,32,6.837331178467676
1233,230.20731968021343,3.204412221993959,passed,38,8.58225668818211,passed,22,5.062818943470915
1234,213.00283838593813,6.155963302513419,passed,230,8.744739992189011,passed,181,5.4600454141577215
1235,137.43926054930097,5.748256273238414,passed,147,8.01735350072994,passed,122,6.239029126964324
1236,191.76593845842365,4.965141167957766,passed,69,10.518141334067854,passed,22,5.708573975230147
1237,166.48249693098563,11.548148294749575,passed,33,8.372313849069734,passed,27,6.388897222698886
1238,153.50778008771707,4.8478702327643015,passed,89,10.994408082515793,passed,77,5.316038000662249
1239,193.99453631976766,6.767677085014692,passed,135,8.588215128360211,passed,122,5.04944459506147
1240,171.33475312620908,3.8640115912979915,passed,12,8.526616642980223,passed,7,6.7587171236980215
1241,148.55638825415772,8.125798726731846,passed,60,8.001209685675281,passed,44,5.613251727714186
1242,158.20253104548613,4.461311558549847,passed,93,8.356831319658053,passed,27,5.473318576117991
1243,154.62431988074093,4.6307446615256005,passed,51,8.850765085604007,passed,45,5.048675783972367
1244,154.88386802752137,4.940315446983899,passed,56,9.995714537057477,passed,32,5.938637889158449
1245,132.45100590848006,6.535359077446053,passed,77,8.081322731238538,passed,33,5.01380633160069
1246,173.94684556225468,3.9899627711966907,passed,96,8.883807866195049,passed,64,5.69114208699959
1247,158.7088205406312,4.569491678851354,passed,18,8.672525330869597,passed,18,8.672525330869597
1248,170.43920360509114,3.3749726503875617,passed,100,8.116546775973399,passed,88,5.69262862767288
1249,171.5432348350863,4.33552390012427,passed,55,9.288832522065116,passed,22,5.868761129246369
1250,166.955119894636,6.2759813392149,passed,66,8.528409991053444,passed,43,6.538184202308539
1251,165.14474985908234,7.800263052163101,passed,100,8.663392285192328,passed,93,5.64806936973048
1252,179.98797467706947,3.7220748929696215,passed,94,8.89372949182816,passed,72,7.483564977834467
1253,217.00648828910386,3.7493833131544188,passed,30,8.180286353881794,passed,20,5.108818027229622
1254,161.12293353950116,3.4948793257543596,passed,40,8.001870315644389,passed,40,8.001870315644389
1255,169.39082918187677,4.802053386599607,passed,106,8.012923390949211,passed,38,5.3805054243011075
1256,183.48926687984667,3.5105422167141556,passed,30,9.66574672899647,passed,30,9.66574672899647
1257,202.52714491057685,3.9358067324382087,passed,67,8.434945839714247,passed,59,6.037980690307387
1258,137.07730196987725,5.472192575543283,passed,8,9.341500575409324,passed,8,9.341500575409324
1259,205.56102006068176,4.460388559856643,passed,41,8.31969574863296,passed,25,6.204889143959735
1260,107.82193756644078,5.203903653293283,passed,77,8.362261407186944,passed,63,5.005845352472882
1261,143.613763463843,4.364902329613839,passed,170,9.491951629597018,passed,161,5.879469916911795
1262,162.3957945116445,5.298202011396669,passed,50,8.754645856456866,passed,50,8.754645856456866
1263,184.89990980204692,3.136294993286422,passed,46,8.181556092375741,passed,21,5.307022634174996
1264,141.19831226192497,5.606544416623283,passed,50,8.212431403600462,passed,33,5.162140582879493
1265,204.07417960697444,3.3502887891691646,passed,96,8.14969885142025,passed,89,5.166441377256414
1266,158.61292601034762,5.526757568060135,passed,83,9.196676824124683,passed,56,6.443965722124423
1267,160.1861425750507,4.060360342612675,passed,100,8.022493575010659,passed,80,5.006510691241828
1268,169.753104295922,4.668618240684384,passed,83,8.80919027642937,passed,76,6.760819827046238
1269,188.61992563058004,3.6640978351795894,passed,94,8.197908360258266,passed,80,5.003397547052524
1270,195.32492237724068,7.122516874294653,passed,86,8.447207510247656,passed,60,5.578524536590912
1271,184.16261226443615,4.3282339639859355,passed,103,8.282353846685897,passed,98,5.789698830582135
1272,197.81344859534843,3.9287700088436517,passed,47,8.486733965884952,passed,44,5.781219683791017
1273,154.87528806955436,8.458346071295507,passed,58,8.019455447635714,passed,50,5.101166109672262
1274,157.75838399786005,5.383430231242202,passed,104,8.8105729097526,passed,39,5.2918470604612855
1275,180.30215657985508,5.157305120229911,passed,36,9.499859801163657,passed,35,7.060228983017791
1276,144.3117168903233,12.511306258959554,breach_static,144,-10.138518729390489,breach_static,144,-10.138518729390489
1277,186.65540256000818,5.327570409591368,passed,36,8.801339251870278,passed,21,5.428543817138576
1278,189.8364862624335,4.971281014337438,passed,80,8.467273272796838,passed,64,5.981776822527252
1279,199.10355375926594,4.802522374663151,passed,100,8.25227728097422,passed,93,5.093062501224055
1280,176.04022570422106,3.809212935505764,passed,59,8.21202449999603,passed,12,5.805493764741443
1281,167.57835249821085,5.68680281253316,passed,58,8.049425245263553,passed,35,5.057358500000131
1282,127.5977725340505,6.618423106347203,passed,113,8.645978766944928,passed,69,5.006691282464026
1283,195.66200740105126,5.8629989681398635,passed,91,8.132156610570075,passed,5,5.20711172199706
1284,186.19432492286387,5.527407856149418,passed,45,8.279244289488075,passed,35,5.987747264745202
1285,131.16449432348696,5.437032893042596,passed,122,8.246719022238459,passed,110,5.928994621588379
1286,139.4011804885595,9.406633582175612,passed,69,8.211035058147287,passed,59,5.973603668726102
1287,206.6559896793668,5.430208960196116,passed,38,9.992827539771888,passed,17,5.208921062382621
1288,122.05558467609863,8.023628285100877,passed,58,8.539965932551219,passed,52,5.4391928459259775
1289,130.45062589539143,5.244685157517106,passed,190,8.20927470504711,passed,144,6.573151174564784
1290,188.52992008689796,4.019124379960626,passed,59,8.28113458776829,passed,35,5.22885744851147
1291,162.86667055078254,4.840822294205317,passed,83,9.096167319891958,passed,79,5.260485364474099
1292,110.85659736095921,7.537244046320232,passed,109,9.33286289337123,passed,44,5.032971906628836
1293,133.6234381321287,5.9679782444004275,passed,32,8.5799665590512,passed,24,5.12834014797503
1294,126.58924576232123,4.7467310458860945,passed,67,10.171701611221362,passed,36,5.018330147643524
1295,140.66711115968872,4.840273376642061,passed,62,8.147303570913799,passed,44,6.960911454194996
1296,152.49063879386887,7.187558492640986,passed,124,9.148984320677545,passed,45,5.806745416657821
1297,139.73751765825006,6.444688078311966,passed,45,11.18607249842647,passed,24,5.558225377505632
1298,180.55107589850712,4.715430428024366,passed,50,8.38665884273324,passed,36,5.209784099016668
1299,163.95371276469447,2.9132842575431224,passed,109,8.021319191118614,passed,41,5.029302867741259
1300,132.27478436349958,8.26238889456981,passed,285,8.259125936533774,passed,50,5.311830498116499
1301,152.32509638441184,4.3429064017579,passed,53,8.651075433944788,passed,51,5.301331188583802
1302,146.82168840675146,5.130109044694684,passed,58,8.97463944539043,passed,55,5.694321294197269
1303,182.52421424970856,4.995194061185321,passed,49,8.000958676380154,passed,37,5.1668953125684425
1304,238.49783907136936,4.356668416648816,passed,28,9.92453754163769,passed,25,5.411625937724218
1305,153.7459232902001,7.12436419471388,passed,76,8.008261348409196,passed,75,6.7138844024999145
1306,171.92126863861472,4.889162259291378,passed,140,8.290879274314644,passed,115,5.444304039486969
1307,174.10815751782698,2.826384228479082,passed,16,8.140470924019994,passed,16,8.140470924019994
1308,156.1529798692926,5.212743001051677,passed,101,8.826217951309845,passed,42,5.932863949020106
1309,171.3156530550624,5.770910653721152,passed,69,8.14586581633252,passed,62,5.279326313722255
1310,186.9678363403851,2.896059504547654,passed,62,9.154999855677426,passed,58,5.799845786759517
1311,147.53264775839506,5.804605465294178,passed,27,8.104206583228146,passed,13,6.234849486483385
1312,172.0589897208513,9.271049133017145,passed,67,8.717285405836094,passed,60,6.745770469144108
1313,173.8260881310105,3.318239756130508,passed,54,8.060561649436826,passed,40,6.182432718362185
1314,186.83284292355657,3.697450591541249,passed,89,8.22878283195565,passed,77,5.585253756650932
1315,146.5362902668756,8.170439983941998,passed,53,10.058835686375357,passed,36,5.122746446814608
1316,156.63386777518417,6.099945335518537,passed,69,8.30596430212378,passed,55,5.120108639201559
1317,147.66448967853364,5.955637181191233,passed,164,8.011247513437713,passed,91,6.324791685074915
1318,133.46363088698334,9.999937060575926,passed,203,8.651340811227048,passed,148,5.334748623765373
1319,156.46140851821136,5.577732215072624,passed,23,9.115995873153725,passed,16,5.2195564226697355
1320,132.0783822565095,9.672309752662771,passed,217,9.215059130292303,passed,100,5.039703721564592
1321,181.77678517194695,4.277840528066966,passed,48,8.041896402658356,passed,13,5.51586171712688
1322,129.4210250795232,4.484012859072318,passed,109,8.638251358549143,passed,69,5.239197574348542
1323,196.08780987582665,4.1823649361013775,passed,40,9.516599830167038,passed,19,5.28609518019918
1324,195.37455797896013,5.096213024561935,passed,34,9.592318919583365,passed,19,5.072227832597176
1325,124.66334697338675,5.565061077843153,passed,11,9.434923451948807,passed,8,7.666128824517449
1326,171.01689741325217,7.279955334390096,passed,133,8.557381033923871,passed,109,5.382446190183021
1327,159.35481236291218,5.5307182552474,passed,59,9.111666905390226,passed,4,5.2741878751666915
1328,104.68966335973167,8.093853612723,passed,104,8.061118120763467,passed,95,5.79050876493985
1329,191.34278151303357,3.2527671179895656,passed,44,8.01566712877062,passed,28,6.330518327212831
1330,219.08651209968872,4.105072653275344,passed,131,8.370419939689299,passed,69,5.018536746555169
1331,215.21588754762578,4.998080055894247,passed,30,8.632326665660806,passed,12,5.1906558712524475
1332,199.10884446981697,4.081383117115623,passed,29,9.129963982417033,passed,24,6.012855076743362
1333,176.32112701948347,4.2241775382265585,passed,40,8.094465634400771,passed,16,5.131600425466387
1334,220.88268343803742,5.368436748643178,passed,37,8.155946648875045,passed,20,5.541792565194981
1335,160.98172858436993,6.039352853485366,passed,145,8.61008221384061,passed,103,5.824043981983773
1336,169.83072816826854,3.4003407289552716,passed,37,11.492277116432614,passed,32,5.071848379677202
1337,178.87247216600173,3.6386998775028467,passed,53,10.016902298831432,passed,11,5.383992836429519
1338,176.26985205225566,4.696252724605894,passed,98,8.108106424348826,passed,28,5.106492534674234
1339,186.64106424106964,3.8817016090020195,passed,55,8.212474150526795,passed,50,5.722579078962253
1340,160.9973435513675,3.953958143613457,passed,76,9.475220305723763,passed,25,6.354438755270664
1341,162.5132823352173,5.787432569994138,passed,142,8.226312335528064,passed,98,5.380754616221406
1342,220.51293743869365,2.959755378608031,passed,73,8.187732243237345,passed,52,5.3052793977196755
1343,178.7291091930753,5.355927581335871,passed,55,9.819442498875386,passed,32,5.325325550297744
1344,159.99138298197423,5.447425184468882,passed,100,8.661852347917876,passed,82,5.562075753438345
1345,175.96799674835825,3.649282727576268,passed,28,9.620573205097461,passed,26,6.763784654741367
1346,129.9877978986857,4.4120074604307336,passed,48,8.0040409022893,passed,16,5.693139758597554
1347,153.93001638961545,3.5039906714669673,passed,60,8.017968962450439,passed,24,5.588636708197692
1348,164.96311258242585,5.1842999585047105,passed,43,9.264556274203217,passed,42,6.5311578308481
1349,165.7249625221668,5.0435783213898615,passed,60,9.19839952519883,passed,51,6.204371968364031
1350,182.95553629189652,8.531617722193682,passed,248,8.7960823265266,passed,174,5.840417976032253
1351,178.43410899076497,8.95387540201802,passed,104,9.04001019564269,passed,34,5.269406234605745
1352,172.8657572935769,4.8537636920417935,passed,21,9.374816260312514,passed,13,5.016597471976403
1353,176.65603914260987,3.4749668211399998,passed,13,8.089973465051381,passed,5,6.199847636319045
1354,102.18636229712881,11.263864194708892,passed,264,8.542516193746419,passed,44,5.061101023017223
1355,128.42281560340925,6.017316108622759,passed,55,8.49566270501212,passed,35,5.881966968160102
1356,214.6944460905714,4.822258162207409,passed,70,9.49414299878628,passed,56,6.529917057967949
1357,223.3622400009088,7.078004433796875,passed,193,8.945219057368604,passed,161,5.772469336056307
1358,156.93470043913962,7.245192685994651,passed,48,8.000811743354518,passed,29,5.309273154646577
1359,160.94294695228126,6.138209254858196,passed,154,8.228603834731828,passed,130,5.303142199926336
1360,143.542583080881,5.361245555528176,passed,35,8.42947282037423,passed,21,6.228419447195654
1361,173.9805264540974,10.05854197412361,passed,156,10.717409313535065,passed,142,5.159822629073085
1362,162.12386076421018,7.567732827332627,passed,181,10.290492695433429,passed,27,5.085350281374246
1363,151.23812758948262,5.307908944792193,passed,86,8.012402256598318,passed,27,6.450890575811097
1364,167.38962409616605,5.43593011425294,passed,70,8.36962265022352,passed,56,5.039769745394418
1365,176.6958966122749,5.158738358587503,passed,101,9.128669281243539,passed,59,5.15718157554359
1366,182.51818409391484,5.072753247714072,passed,48,8.254144639227423,passed,7,5.476709805792335
1367,147.32826734909068,3.866828943490999,passed,85,8.124251717288633,passed,67,5.048032816263404
1368,204.04787072090454,4.381772613873092,passed,69,8.005054606136186,passed,55,5.980266279198454
1369,116.01401330285785,7.485957877149602,passed,123,8.005820134537235,passed,84,6.176290411934193
1370,196.64604728786048,6.665223086050237,passed,106,8.411740388271372,passed,76,5.225638215402273
1371,112.61832986396207,6.1548901444539,passed,231,9.483392242404886,passed,217,5.080104547582276
1372,143.63843943933307,5.9247045500834075,passed,49,9.4909017716585,passed,23,5.002129398773114
1373,132.03094367211202,5.769541346841969,passed,172,8.00627728094545,passed,135,5.4961856283577415
1374,164.86515570361954,7.166582791362251,passed,129,8.644498194741068,passed,67,5.006634894838813
1375,125.0013708243194,9.26925879060725,passed,190,9.428970755623833,passed,152,5.645982914273984
1376,124.6614963369388,5.500172603371912,passed,48,8.195075661218887,passed,39,6.337030715204572
1377,111.5697242397252,6.7333453076508984,passed,105,8.785975073149777,passed,77,5.2624603561213235
1378,177.74517624613625,5.402976751812211,passed,98,8.391297005155574,passed,91,5.678838199465375
1379,172.987517558553,4.291945967657789,passed,27,8.060108111833596,passed,23,5.265424653133333
1380,185.01882221868607,3.5107612928155563,passed,98,8.59521591972836,passed,93,5.182112344360257
1381,147.9897456908747,5.137600162629276,passed,92,8.554804221462886,passed,87,7.707866959076615
1382,125.47593588018229,4.480122445419116,passed,53,8.354081768111365,passed,21,6.660842468534756
1383,143.72225192649603,7.321021012842086,passed,35,8.024737229749457,passed,33,5.594795735212688
1384,173.24274377283945,3.082826552797228,passed,39,8.579389900297741,passed,25,5.025026660470289
1385,197.41894754605775,4.315734692680814,passed,50,8.925594168814666,passed,13,5.9484129404100194
1386,166.08555178449956,3.6848978754867785,passed,61,8.081606121420881,passed,4,5.110700678214908
1387,170.29361805867333,4.939466221285587,passed,15,9.480254064589344,passed,15,9.480254064589344
1388,167.604129990807,6.527805604463596,passed,48,8.253900084056598,passed,35,5.34182799512839
1389,206.4373453658719,4.410169727645595,passed,49,11.665430528734454,passed,22,5.371894619484863
1390,191.05838164177965,5.3763306622268505,passed,83,8.988065807802204,passed,22,6.690792473737828
1391,158.47218706872255,6.846265818776648,passed,147,9.1736468583131,passed,50,5.3501243334129756
1392,182.8901291923661,4.68346389253353,passed,51,8.14623305656934,passed,50,7.328044151736179
1393,138.50526847993083,3.9672516151492467,passed,63,8.24502223677932,passed,32,6.355572827299194
1394,212.65206904937997,3.929742794732405,passed,40,9.147068381334655,passed,35,5.018423222911994
1395,221.25805856341523,4.325726921146589,passed,69,8.312501728721088,passed,64,6.741605125861905
1396,149.23734065930256,7.635578678605944,passed,32,8.179398546128457,passed,13,5.859686952525567
1397,150.80890392909532,6.114465554987053,passed,124,8.463681805639833,passed,34,5.799768232943769
1398,168.7800215302716,4.192837118074034,passed,50,9.852267956421912,passed,36,7.513131386363225
1399,167.77966885028087,6.476460078738334,passed,80,8.175814902847577,passed,76,5.068523298296479
1400,125.32652234733624,9.198185548666158,passed,100,9.232990465887259,passed,59,5.0083102200356056
1401,144.4105489995436,4.600264629689374,passed,106,8.08317426075389,passed,36,5.248514115013947
1402,178.42315508588783,4.943456298471576,passed,63,8.329748139981374,passed,42,7.250389217212261
1403,153.57222870434794,5.0547142348045995,passed,17,9.740239061208511,passed,12,5.030841852699441
1404,185.0722625569327,3.6446296196526276,passed,44,8.477892326560333,passed,19,5.455602887725131
1405,162.4639096115571,6.054968871894531,passed,120,8.439346844666563,passed,59,5.088024548873227
1406,179.95158346889644,6.990705253126256,passed,136,8.673744371021751,passed,48,5.231847047325111
1407,232.0573561108613,5.210154921358775,passed,163,11.336363271631612,passed,86,5.162015754620142
1408,179.1394696484002,9.539559518095595,passed,296,9.52462255935107,passed,21,5.5201418617977005
1409,135.6917512335772,7.327395428824701,passed,161,9.062230832030194,passed,12,6.651617333120896
1410,182.6675636043495,6.621750282294153,passed,32,8.653821816487262,passed,18,6.294188573697368
1411,188.17471904318856,5.6795077779299845,passed,32,9.113354902362358,passed,18,5.920162063333012
1412,149.6433378087923,3.609159015228538,passed,76,8.358474914137659,passed,41,5.077921181237621
1413,224.05930511831338,3.8627647215018617,passed,25,8.772717073564262,passed,22,6.247176693540024
1414,168.3157671462027,6.280488616608519,passed,272,9.474731329914675,passed,196,5.128561318980984
1415,144.0751976420701,7.973743780986879,passed,69,8.59633852001187,passed,55,5.9944608569178826
1416,188.81416873766705,4.466630547557711,passed,68,8.085266694887206,passed,59,5.349005763247039
1417,156.6748993156022,6.735425007344967,passed,18,8.089527667896723,passed,10,5.058915180731782
1418,179.2932471742055,5.448648365171019,passed,66,9.725639441507328,passed,56,5.53624020138761
1419,192.4937727048183,4.743756839304266,passed,44,9.377495136393076,passed,32,5.226853850605306
1420,169.00198831187416,3.760561757865032,passed,87,8.440880604547463,passed,85,6.791546719447661
1421,207.88600086036814,4.724633937662046,passed,51,9.97590967650619,passed,50,5.931504172090385
1422,124.841467064936,7.258376171489796,passed,177,8.477665795320434,passed,48,5.902635888197683
1423,152.58925843326853,4.943107260254495,passed,123,8.705737122368419,passed,35,5.263738033046805
1424,164.03418858573917,3.9999826445334765,passed,84,8.012112212772514,passed,48,6.005653146477252
1425,156.79191424337628,8.137594292315718,passed,170,8.019218827683506,passed,155,5.561066298059947
1426,195.4382792036058,4.91756142445326,passed,73,8.154878154176926,passed,60,5.023159721189829
1427,190.7698126959443,8.111451381869795,passed,46,8.284959311421458,passed,20,5.1605475710156945
1428,159.2626019483057,5.1492133661020025,passed,321,8.12705950170396,passed,188,6.195847765239004
1429,115.59214977828347,7.47372960789972,passed,90,9.02594864065338,passed,35,5.000265447466368
1430,168.37608191278557,3.6486580777794653,passed,100,8.437411854501264,passed,64,6.101967691872834
1431,178.00334038823405,3.9071796988948853,passed,22,8.020539062935605,passed,8,6.454884053323506
1432,197.11686230927506,3.849069971454038,passed,100,9.40968733099734,passed,81,6.099075614114091
1433,171.35459119898718,6.670905641525199,passed,42,8.078401283230342,passed,21,5.0199939705407814
1434,144.69359057982777,5.356021888675239,passed,47,10.56393273564229,passed,28,7.465105156226226
1435,176.95775848404392,4.771302618363447,passed,52,8.531657248998492,passed,32,5.0227476428810425
1436,168.7488799196123,4.46634261647534,passed,44,8.340269740840057,passed,13,6.40327560645344
1437,148.5818904839692,4.066249585242571,passed,40,9.015455408273532,passed,32,5.080852852883355
1438,180.65179226739696,6.56246232280371,passed,23,9.626087850564048,passed,8,5.263793428832986
1439,168.9417576621457,7.404517875728884,passed,29,9.909448939362765,passed,24,7.622284715389771
1440,136.2837412048536,10.336511915017569,passed,66,8.00564516568869,passed,66,5.996304307595368
1441,188.66874419614908,3.70167961195023,passed,61,9.331699969572483,passed,44,5.658379903938382
1442,218.76225858044558,4.077184335839857,passed,85,8.827118445244064,passed,76,5.418292407352743
1443,175.73439516043598,2.743036807081804,passed,34,8.176524874412028,passed,28,5.1143270129333285
1444,174.1898992167414,6.4840898550533845,passed,247,8.83511761093203,passed,149,5.300943885040876
1445,170.34521702362682,5.760284552316097,passed,156,8.016833596297413,passed,48,7.231352919831013
1446,165.24560163346348,4.825276378819962,passed,19,10.285084570086678,passed,8,5.831316459605107
1447,148.84426967935843,9.633742106208535,passed,134,9.181784243159651,passed,28,5.440255479759282
1448,139.23081758979134,4.53171683000607,passed,78,9.376891618677474,passed,50,5.021530723349543
1449,151.90735011676972,9.62061450542195,passed,320,8.430087640775863,passed,314,5.0803536980292385
1450,209.52803333161648,3.8146269921339746,passed,66,8.35727953350236,passed,60,5.5355916802819705
1451,156.49635567462363,6.941141431226237,passed,94,8.187550611729645,passed,65,5.947368942921716
1452,132.02785250099714,6.472102096766832,passed,32,8.397858937565639,passed,26,6.0292843054583045
1453,136.71711241776353,4.48224037141745,passed,66,8.031975975402993,passed,12,6.219389291614097
1454,133.22254388977197,7.7808639473820245,passed,28,9.96059822855031,passed,21,5.073990067688494
1455,166.86471239214092,5.933978708358095,passed,34,8.074024039596228,passed,33,6.84743045148275
1456,159.84775784316096,6.651640888337369,passed,217,8.523269246347143,passed,127,5.028007461367778
1457,134.493784798681,8.714652282282666,passed,237,8.983390425423554,passed,237,8.983390425423554
1458,206.36069825737553,2.8995055432512675,passed,35,9.954378966933808,passed,12,5.156111283955589
1459,150.17597669886635,8.764808953219253,passed,181,8.318005823354335,passed,121,5.886184246994874
1460,144.7776169448073,3.999745206408472,passed,25,8.73766906521487,passed,23,7.421456380826452
1461,177.8932905388484,4.963144653831205,passed,59,9.092700918362763,passed,37,5.926483531200755
1462,154.20150133584443,7.504501257041755,passed,97,8.51447483565857,passed,91,5.836078105399856
1463,170.45159190442115,4.291997920492825,passed,115,8.393947354390141,passed,58,5.109013712444366
1464,123.43992683522309,9.436749288331082,passed,270,8.418248812390573,passed,230,5.866956405789736
1465,103.47079325858198,5.734424161504643,passed,131,8.40944564599413,passed,106,5.323350133897131
1466,172.38256765729622,5.0092770568293,passed,60,8.144600259786339,passed,44,5.001761193168086
1467,173.30742716896955,5.098564257210738,passed,50,8.905708942091017,passed,22,5.277724078823676
1468,238.6817613140805,2.9626722746640155,passed,11,8.014810813059148,passed,5,5.0877547607161455
1469,128.8417978810913,8.954923578835944,passed,128,8.094549168636856,passed,35,5.083898144697763
1470,177.0839583370299,4.476913104794771,passed,107,9.272545505693142,passed,105,5.018940300559205
1471,199.1381902081759,4.787166770406909,passed,81,8.035260570059766,passed,65,5.002096322320582
1472,165.70489312592477,5.8579609518117595,passed,157,8.885849977605398,passed,149,5.105616435161764
1473,201.96868216974312,4.513842605518506,passed,28,8.557620297175239,passed,12,5.604182946986058
1474,168.55443232919,6.649328812816098,passed,60,8.781385161273958,passed,60,6.54100386668548
1475,158.20154464556282,6.833025792470723,passed,142,8.055258532969267,passed,115,6.383584025776923
1476,168.28358561833704,8.148228030899189,passed,39,8.856331894702008,passed,7,5.637507010763199
1477,152.9059783576371,6.137748754078454,passed,177,8.726753428375389,passed,167,6.842206967085285
1478,189.50075549064476,4.345404131576001,passed,77,9.076229050050566,passed,13,5.576582159116028
1479,165.9444763040101,8.859576960820158,passed,62,8.404341552162364,passed,54,5.199400348257188
1480,140.15342269195034,10.42001717515807,passed,94,8.956989711299968,passed,55,5.396657547602857
1481,188.7624072810992,6.022785936576671,passed,82,8.648843921674644,passed,69,6.573017481066579
1482,161.5882404770841,5.282920411493815,passed,181,8.137117882144796,passed,173,6.327041916611953
1483,136.93314916423026,4.368114363914802,passed,152,8.495136099153866,passed,99,6.613911249790871
1484,163.61001629750513,5.6558317545863135,passed,48,8.02131681422804,passed,30,5.190892183024087
1485,138.056797687073,8.304671083155911,passed,69,8.293624564937407,passed,58,5.546553845854452
1486,119.88163791741017,8.805224030246933,passed,336,9.027834688741931,passed,115,6.183055749660427
1487,166.65267882689835,4.375934423434145,passed,55,8.19762519205276,passed,35,6.336683746441074
1488,149.078105515067,4.750585794187796,passed,35,8.56788233771062,passed,35,8.56788233771062
1489,176.37515275817628,4.004111845783096,passed,42,8.810017729498476,passed,22,5.496822549836322
1490,161.13803842572852,5.118241266440847,passed,55,8.027298222763445,passed,13,5.764643776530698
1491,181.13816693751025,3.3394092544603993,passed,55,8.089537842674366,passed,21,5.130081011713639
1492,196.1083891627296,4.817730141738212,passed,73,8.400226356099804,passed,22,5.11601349910471
1493,138.02809858179526,8.661231062910586,passed,25,9.509836558583174,passed,21,5.645876986360987
1494,167.42979668720616,3.912188717923773,passed,28,8.602139287801226,passed,20,5.344043747316207
1495,164.59549242545313,4.061400145157471,passed,55,8.781051058597944,passed,52,5.264041554340948
1496,186.69673742362667,4.429961376713775,passed,35,8.01374889529811,passed,21,6.712823813110069
1497,162.3908438695123,5.535384424098401,passed,98,9.223587625355112,passed,53,6.507759311752825
1498,206.13879077308232,3.6262825687366615,passed,27,8.735300660873957,passed,24,5.231135958356203
1499,194.09929259271058,5.811695301607985,passed,49,8.067868925459653,passed,35,5.892959986110036
1500,142.15375763166472,7.7378335603282276,passed,203,9.028404700298598,passed,100,5.318287154203416
1501,157.24815004515645,9.036517572928894,passed,154,8.274509546901987,passed,100,5.624297600639738
1502,162.90619225830386,12.445836785555953,passed,77,8.794346821346299,passed,58,5.018058585534035
1503,165.69176021641536,5.312248202421151,passed,76,8.334273980120788,passed,4,5.478198918953936
1504,183.56656957641908,5.948901595873186,passed,57,8.018311889650409,passed,43,5.173370090031093
1505,178.44592471318578,6.2189871267993,passed,55,8.389781011034536,passed,37,5.185704496141108
1506,217.6763711498348,5.410028557249819,passed,17,8.574155202008015,passed,16,6.245382423314294
1507,143.71549450249748,15.379579904429457,passed,444,8.007360889820369,passed,93,5.077575675654122
1508,168.78943931874656,5.253096687946698,passed,123,8.203658553620553,passed,20,5.504858669531032
1509,174.21683658533865,6.271624017144283,passed,69,8.97167178485525,passed,53,5.006214892068472
1510,201.57987894240614,5.980953442377782,passed,23,8.284005309382492,passed,13,6.931235857452389
1511,203.05716867739494,6.5255259819594205,passed,120,8.130574151625414,passed,98,5.136354168912338
1512,179.06070341708252,3.208413369204266,passed,56,8.448646775193902,passed,40,5.422217421728992
1513,167.65605837803142,4.865338952508544,passed,101,8.0058920934839,passed,91,5.1372696839864895
1514,165.60248943640744,10.25626730014605,breach_static,209,-10.235904758169545,breach_static,209,-10.235904758169545
1515,183.28880632384235,8.67828302475838,passed,147,12.018747425866593,passed,115,5.731907980125861
1516,143.8915999229696,5.977035967807791,passed,98,9.866599907439388,passed,37,5.1285524264686355
1517,175.17058238362063,7.6017729058961185,passed,70,8.771399418026672,passed,64,5.654850718142845
1518,125.71394795864865,6.59643271460626,passed,228,8.428821899988058,passed,171,5.508619134817971
1519,152.43758390093583,5.311860291001435,passed,81,9.108478522227115,passed,58,5.380366306205309
1520,125.44332456899241,7.729472785229956,passed,96,9.332154322801012,passed,6,5.314143710205421
1521,201.24976543241021,5.335427173724291,passed,100,9.935961446073716,passed,73,5.223809976644445
1522,154.54838566246661,5.629713228762619,passed,46,10.353482153260574,passed,38,5.011523151446973
1523,174.86803165974413,5.652235206506064,passed,208,8.477605602077109,passed,156,5.580700131084515
1524,186.6312942646029,3.415268031241693,passed,13,11.366068042959787,passed,7,5.5598812581179935
1525,153.2168144768051,4.411858340574857,passed,90,8.156132240789283,passed,78,7.482413557367207
1526,200.74267488573963,3.7551380714206357,passed,22,8.58056841954915,passed,17,6.601961999718098
1527,186.75528968834314,5.174300091500856,passed,52,9.515521375785575,passed,49,5.232169751635918
1528,182.54906177427665,2.928519626573436,passed,31,9.293643480140478,passed,8,5.504095143457288
1529,167.48271923567688,4.613732606619627,passed,109,10.00122626662263,passed,96,5.193099889909503
1530,184.61931589944066,5.377630370691427,passed,57,10.10449731916565,passed,22,5.01528714890298
1531,182.38974585285962,6.367112869554234,passed,144,8.003003603908443,passed,85,5.996418561922878
1532,212.17637316288713,4.789621582450553,passed,39,8.003840020945297,passed,16,5.65265323381634
1533,172.50281764654568,4.029492321550123,passed,96,8.355579570023064,passed,39,5.6319568882345905
1534,103.05919839829967,7.550178667378653,passed,196,8.619094978891528,passed,161,5.188187810414857
1535,176.64851262184337,2.725915633395825,passed,49,9.027149492749542,passed,26,5.452546866272501
1536,108.3311167378878,10.372647114678726,passed,141,9.952346648120681,passed,98,5.257690803022097
1537,167.24925442969837,5.189393388390692,passed,45,8.579464299606121,passed,28,5.747113438051055
1538,180.57613377684416,7.838354086421634,passed,89,8.40456249690391,passed,59,5.013670363768807
1539,201.5956174953863,4.217490228349489,passed,32,10.739573356563415,passed,25,5.006035502573591
1540,212.83578476387453,3.168219339434692,passed,87,9.01875775799963,passed,63,6.2722817792011165
1541,176.61244464630514,9.982140827382654,passed,369,8.4244971116481,passed,360,5.554741818406761
1542,181.3735173458406,5.002436536002076,passed,136,8.21518150009759,passed,119,5.122877716191088
1543,151.72045000140227,6.324232154847194,passed,101,9.296939196775412,passed,101,7.596213529812679
1544,143.96040264556808,7.630821197555458,passed,144,8.24464146197994,passed,32,5.119301014387712
1545,170.49314333587776,6.195286258291644,passed,106,9.158628247064883,passed,104,6.0675291150456445
1546,181.67809457356333,6.097501570777403,passed,122,8.273960255359714,passed,89,5.6871315845969495
1547,149.04845524783573,5.703880529340133,passed,70,8.16739034472651,passed,69,5.944045739244008
1548,159.16475070366377,3.848216906363898,passed,68,8.020200975307645,passed,62,7.642323392710937
1549,152.99565811225614,8.111022577619874,passed,69,8.349828018424411,passed,22,5.487520650449196
1550,129.50234341546812,6.9349981267878285,passed,110,8.504355986483315,passed,76,5.056585245440193
1551,200.83960820575214,7.651576929549138,passed,85,8.092050691301168,passed,65,5.000437318580531
1552,192.9201876069546,4.41482990029331,passed,96,9.738567880086935,passed,71,6.493942777770023
1553,179.9910991092216,3.624316491458588,passed,122,8.720945512571522,passed,92,6.084716931809786
1554,158.04155479448042,7.301282822388636,passed,75,8.427265004071248,passed,43,5.213874791996709
1555,199.11685312868622,4.4341720222723,passed,159,8.493531990497605,passed,145,5.1266990354210895
1556,160.66034876223316,8.420331944608057,passed,25,9.109276510287234,passed,11,5.320867778270277
1557,167.96725721726128,5.362882977566447,passed,16,8.087940183761312,passed,11,5.166103371520103
1558,186.6653389426457,3.1622847362454936,passed,17,8.013208372768489,passed,3,6.262747142485758
1559,151.68614131199644,9.342584728868047,passed,216,8.062296862219398,passed,191,6.383288663788234
1560,174.86409895756685,4.440534461607709,passed,87,8.559415920384206,passed,76,6.590815637742131
1561,144.15130677689424,5.393888156211572,passed,58,8.685089971988935,passed,21,5.291923717724734
1562,190.7445874619905,6.692507794169724,passed,141,9.235583110204937,passed,83,5.818814317005305
1563,137.96452655165993,7.316510327841693,passed,97,8.930365928715167,passed,24,5.068443346945051
1564,110.59408593610058,6.855413226037944,passed,230,9.300814643037025,passed,187,5.37305612513026
1565,191.9114484510109,4.462684450559873,passed,62,8.007585429561415,passed,29,5.427889945894537
1566,189.52961384237992,3.9394969362585046,passed,27,8.276392971467384,passed,21,6.4576682686923625
1567,191.15099634242853,4.062395051509298,passed,36,9.229972380118179,passed,22,6.433483365776116
1568,162.03054972009966,6.813853420955931,passed,52,8.018073594360086,passed,45,5.453520400016543
1569,189.81973524791167,3.1003266162620524,passed,55,8.392053407002088,passed,22,5.308514370610462
1570,135.99329164387592,6.119659940198054,passed,76,8.371700239866065,passed,40,5.02641737104863
1571,136.4157069107669,8.156059750667733,passed,289,8.804407183582509,passed,34,5.416294839116476
1572,143.72957808593725,6.7310581378826075,passed,13,9.04054540010264,passed,12,6.9861593098588415
1573,134.0020455199812,7.3955455860046095,passed,89,8.259193563149037,passed,54,5.060036533616996
1574,159.558366258136,3.768339865901355,passed,109,8.049810353701915,passed,94,6.375391172154088
1575,193.4248302569573,6.188329874682602,passed,159,9.12226406840222,passed,125,5.048180185762963
1576,94.55782700514195,9.915631514470133,passed,76,8.910547377573819,passed,69,6.110153125016926
1577,163.42469550597735,8.357028708415317,passed,52,8.087884526154587,passed,22,5.674393339242378
1578,153.0380963478581,4.87024752613515,passed,64,8.28275643640055,passed,37,5.104219254632336
1579,157.5506434494339,8.828147034402303,passed,55,8.152528665618375,passed,53,7.614779766871527
1580,196.22722882800971,3.2917326453012743,passed,82,8.24324880041052,passed,49,5.436248826856116
1581,147.7853026958849,5.656430357622157,passed,267,11.03773837156452,passed,94,5.976611123286468
1582,212.1812677864972,4.611429677432467,passed,43,8.379411291365258,passed,31,6.884469022800199
1583,131.95006110917663,7.724307429849358,passed,50,8.571481178551533,passed,9,5.042151119413707
1584,131.08392281968483,9.9863568913912,passed,66,10.359082346852366,passed,13,5.359495416940829
1585,198.49907138073482,5.950895640213397,passed,85,9.276025197582038,passed,21,5.164352172479814
1586,163.26150502557795,5.788111956816607,passed,63,8.013491285209362,passed,18,5.179345773107835
1587,185.56134836576788,4.58362082862271,passed,40,8.086269805535062,passed,15,5.175634111941885
1588,159.31186461545767,7.764229788189349,passed,95,8.724667205379323,passed,80,5.4716213577848505
1589,170.7192054191105,4.077594603835713,passed,52,8.657428332310047,passed,44,5.658056589623195
1590,129.40930363531206,5.772043295723834,passed,82,8.500393126871186,passed,63,6.339233079567497
1591,187.5115186117578,2.87610258864882,passed,98,8.884718381470936,passed,92,5.0719941051030615
1592,185.74352273890065,5.8703706681217245,passed,121,8.39583346014856,passed,91,5.154221265800052
1593,187.566528104391,7.484255209477469,passed,26,8.526708040455322,passed,12,6.273462548172648
1594,172.3635724829327,8.284511057258687,passed,96,9.01634045679569,passed,65,6.007180547061219
1595,191.39893454438413,3.634893590490154,passed,46,9.43778873006429,passed,30,5.013535890268295
1596,196.2123474724998,6.345455986950359,passed,104,8.40731241581134,passed,31,5.220211627330662
1597,187.99411136637246,4.602612991639193,passed,64,8.449653274367819,passed,59,6.684874373590599
1598,132.89897395465667,6.462266879802902,passed,129,8.689023633504389,passed,106,5.2659752694902195
1599,185.01219706803886,6.8968732293694295,passed,69,8.486953563262567,passed,60,5.204719757117737
1600,212.37760866883778,4.954695737682438,passed,44,11.985759936370876,passed,24,5.227979165205543
1601,140.94220178296916,7.227501189617806,passed,76,9.140298451794472,passed,28,5.63531502003205
1602,141.64153510829115,8.88235362231103,passed,63,8.180620507458226,passed,59,5.484909065184773
1603,205.8040717333256,4.970594125290175,passed,103,9.797434322194643,passed,75,7.180912946440432
1604,111.88371618530364,9.276025013894525,passed,91,9.633849104036152,passed,51,5.004049692607748
1605,170.13692490507873,4.332218792341793,passed,105,9.65862174997354,passed,101,5.6882497611602245
1606,187.48887294029558,4.232432852113846,passed,83,9.773142669430989,passed,17,5.294988404186474
1607,187.77301602319324,6.443791438021607,passed,48,8.176135820659303,passed,24,6.099838329632301
1608,171.25310663708623,4.983970142496568,passed,159,8.630226005744412,passed,76,5.192622174882278
1609,179.4143143159261,3.860661985753057,passed,40,9.940847052065438,passed,11,5.579996439863333
1610,221.5888300376722,5.4546900371150935,passed,32,8.00140410112773,passed,5,5.192362050271981
1611,175.749307905199,4.606055455378414,passed,110,8.144670514215257,passed,98,6.359190660995528
1612,147.98849012029714,5.487820293600784,passed,60,8.31448220215092,passed,48,5.291315410282027
1613,224.44809954089578,4.733605330146101,passed,49,8.001976728892046,passed,18,7.347165734115069
1614,156.90912280255858,6.121942454249779,passed,83,8.177078236764391,passed,59,6.659884646403236
1615,181.47629583361234,9.92342503898904,passed,317,8.861607281136541,passed,316,6.9430055426402015
1616,173.99784837964125,5.452176228497673,passed,66,8.010958817091197,passed,42,5.081130951122059
1617,171.2215683169156,5.022846112411835,passed,58,9.900396603730034,passed,53,5.262064189128757
1618,154.362191257324,6.167201438740326,passed,62,8.003774834670342,passed,32,6.098965155885239
1619,173.51467189443846,6.286835928229722,passed,37,9.022725777773877,passed,30,6.908312280436668
1620,166.2211378913641,5.222831848520002,passed,39,9.144655581291117,passed,7,5.134596628560151
1621,137.01521395974808,6.957973656839682,passed,173,9.171070223992373,passed,81,5.809615513288335
1622,179.58989307721066,5.280207771285598,passed,85,8.929083780358438,passed,28,5.18887407764046
1623,98.18669598693582,13.53791719518843,passed,357,8.005734833573053,passed,63,5.375583294493458
1624,105.2809165166296,6.4674427968929304,passed,102,8.251227402641836,passed,73,5.819489484960227
1625,163.27232203037818,4.76578615321177,passed,25,10.659097605069956,passed,18,5.345110340409565
1626,166.81729935505794,4.461982926663216,passed,99,8.012150072689517,passed,22,5.44306772962142
1627,186.17773227439764,5.383757757340422,passed,107,8.056679106747278,passed,22,6.288776552123809
1628,129.8212071892322,9.08819543286064,passed,12,8.976676385102245,passed,12,5.283749072551602
1629,176.51911939542043,6.157609066938672,passed,67,8.865894907075699,passed,34,6.136175907987407
1630,205.61021714139375,3.1737544689844674,passed,91,8.00668772050306,passed,8,5.198773844798099
1631,179.06535511785168,4.179740147875184,passed,89,8.702559908690466,passed,22,5.782285695851308
1632,173.0182556900131,4.613652428860336,passed,58,8.80000640526406,passed,49,7.0105442455765
1633,153.29981156551787,11.080288897118853,passed,381,8.2788027308214,passed,28,5.384949073828804
1634,144.32801432448136,3.605943103220982,passed,144,9.568232207067684,passed,133,5.321961342379078
1635,163.27206278894644,4.898380402683884,passed,101,8.005708505227439,passed,97,5.524202209272477
1636,201.40854178815744,4.837367916669692,passed,100,9.90785374719032,passed,93,5.386652568580308
1637,167.7833467492681,4.353290206880802,passed,91,8.858089598835805,passed,60,5.5257179108361365
1638,142.5577245451357,6.990610203985511,passed,26,8.435047447315625,passed,26,6.29388533335411
1639,157.41749929469324,6.062377089989336,passed,85,8.960217786136715,passed,44,5.683636445049656
1640,150.80746485999703,5.548357637628895,passed,35,8.44985017429316,passed,22,6.445867244804493
1641,136.6312984554022,5.716914206813404,passed,22,8.052139797352131,passed,21,5.135338662784972
1642,183.64274315116796,8.320754668767556,passed,40,9.095641940283539,passed,26,6.680461001669857
1643,183.6201639215688,4.0633286632143495,passed,47,9.197454174658382,passed,47,9.197454174658382
1644,233.4912131227894,6.865579648992096,passed,112,8.430781850837477,passed,90,5.034581103212665
1645,194.78195920813963,2.9764626819554114,passed,63,9.972535710236862,passed,51,5.02241015530267
1646,128.2648901212759,8.642658831991582,passed,76,8.233954228784789,passed,60,7.266263458149624
1647,156.78746821897352,6.221963246074155,passed,50,9.05584597691249,passed,45,6.346932960893792
1648,185.2620833782707,4.252045711016674,passed,150,8.009944373338085,passed,111,5.635960183302258
1649,149.71900288288631,7.317214188496505,passed,76,8.061520838911118,passed,37,6.006681210559495
1650,126.3567428100369,4.730690500466392,passed,130,11.017978217098134,passed,94,5.773459418716587
1651,176.62801336462857,5.385802617873998,passed,126,9.150036770442703,passed,121,5.692937758769401
1652,159.67935271350746,3.0888553031864805,passed,89,8.505976358837453,passed,81,5.0727819163892685
1653,194.97208814958057,3.2962858000150455,passed,60,9.491719459952508,passed,28,5.051170255895787
1654,216.5207796696527,2.56381603297088,passed,31,8.18150096728749,passed,13,5.080592492028702
1655,156.8343846156822,5.192646049993803,passed,34,9.135576957636848,passed,22,5.003463410473286
1656,179.9892492552733,4.039839046056618,passed,94,8.015725834197184,passed,12,5.927108388705626
1657,160.58176393214472,7.842792386457022,passed,32,9.074313148739343,passed,19,5.182544176993287
1658,163.7755636067882,11.805222288304343,passed,32,8.043514613307657,passed,16,5.039310342017589
1659,161.57483871584176,6.191957584523714,passed,119,8.739644275419645,passed,94,6.094459689042608
1660,193.06340796831702,4.865466772441432,passed,31,8.196352059687651,passed,13,5.389974781382678
1661,108.35541719918393,5.966140642051142,passed,110,9.87818703676766,passed,12,5.033578771008096
1662,181.28828695319922,3.6378725226536424,passed,40,9.29723729952916,passed,28,6.365593685752913
1663,179.4043216616879,7.240355819740543,passed,22,10.031915011573078,passed,22,6.010199160646823
1664,149.78979216257926,5.872990475838302,passed,60,10.982694906502456,passed,55,7.776827819075138
1665,178.81004384159897,3.6510550159274735,passed,46,8.04197869947545,passed,22,6.2573430487457005
1666,144.4863638462241,5.659423713543723,passed,27,8.508150480127853,passed,18,5.234694053176447
1667,195.2155236219748,3.2091569489092224,passed,111,8.429113190225923,passed,97,5.876229940828948
1668,193.17036647996298,3.5548586799805166,passed,111,9.563031063453021,passed,28,5.480400342928582
1669,153.34568813551493,5.965353247182567,passed,85,8.000255457232841,passed,62,5.194600095046797
1670,172.1222115572476,4.042272620572582,passed,64,9.013075521772617,passed,21,5.359210488316757
1671,206.01836585799532,4.584624471328967,passed,100,8.009501979551548,passed,24,5.01057920855279
1672,120.82165822579131,5.191693893819506,passed,66,8.012534550135486,passed,62,6.07284890214006
1673,193.09923990810597,9.665307372069092,passed,46,9.736451353815845,passed,22,5.384510840427348
1674,217.9628974904387,4.802107033937725,passed,124,8.031917200127946,passed,89,5.401826998922665
1675,167.1104396587019,7.068908364780942,passed,60,8.948809417650194,passed,50,5.731608281723011
1676,186.2724160124224,6.425955997891346,passed,74,8.167949669263553,passed,64,7.22640605732614
1677,169.44555979480026,4.49472686835992,passed,66,9.070990739812835,passed,32,5.059528567522875
1678,169.76235052288362,5.015099112200953,passed,93,8.013938438719425,passed,17,5.033542606409358
1679,142.00188525206912,9.156664134415792,passed,65,8.917315409637938,passed,55,5.376014854845468
1680,160.86638018575883,5.897841464023953,passed,94,9.441927446544952,passed,52,5.465960571452233
1681,158.94279083385229,5.175844855995201,passed,59,8.17839974242025,passed,21,6.068004732665622
1682,179.6572208771151,5.148828548652475,passed,144,8.223027603262745,passed,133,5.161304130792477
1683,161.05459874724306,6.846914943645098,passed,58,9.141082548941704,passed,50,6.1334029045391425
1684,162.6549266462463,6.241383624405091,passed,167,8.801914475473161,passed,165,6.757746868465864
1685,161.46396545283608,4.858495323536646,passed,21,10.669390280181613,passed,21,6.6817340790283675
1686,182.74623951187272,5.007304399462257,passed,48,9.296458477580183,passed,34,5.488721112658634
1687,171.05238042456844,4.59402014786213,passed,49,9.396717131298127,passed,36,5.3095763883603375
1688,217.11296098599067,5.05946902038221,passed,21,9.216239949798567,passed,10,7.085608313427483
1689,139.25411344638877,5.536054032321053,passed,58,8.462076661928597,passed,21,5.022224171827228
1690,157.49667063547554,5.879733048514225,passed,91,8.350802935545554,passed,40,5.37651896364133
1691,144.337501696483,6.9284400514891695,passed,98,8.23135248318927,passed,80,5.008585604163773
1692,209.34028010993745,6.437431189888794,passed,180,8.78690664646058,passed,126,5.651002742841693
1693,154.11111252827845,6.840758878357553,passed,28,8.675139538604837,passed,25,5.834069208164716
1694,172.86085788351744,4.8149167321631365,passed,83,8.02671688941128,passed,62,5.5244416024011755
1695,117.01084988764205,9.589820518777033,passed,349,9.13845419436614,passed,314,5.351733449228413
1696,174.535074656312,4.865621170462609,passed,24,9.503112185802799,passed,13,7.049134269130386
1697,167.40942043527428,4.67380247952548,passed,49,8.60731484116175,passed,45,6.174020086146914
1698,179.6444490361865,5.292099144491466,passed,37,8.176245875491507,passed,31,6.8886431522069635
1699,138.79328147606117,5.764044576746418,passed,130,8.132969814012835,passed,81,5.255057267023866
1700,170.85095422067678,6.146475949435994,passed,61,10.835065554825052,passed,46,6.203227776495224
1701,149.8541382659746,5.933833134219539,passed,158,8.468330125429823,passed,103,5.02049311233963
1702,156.4416860247811,5.117360029187484,passed,65,9.054646370700258,passed,28,5.069754326060538
1703,192.25547573330388,5.311514084081765,passed,65,8.314776331697038,passed,22,5.773967200247698
1704,190.40165837312207,3.3645947332907946,passed,72,8.206539602278863,passed,23,5.185206662113195
1705,185.79464182906946,7.183045885858405,passed,115,8.410950067210866,passed,96,5.499803413815196
1706,192.31806814410004,4.019431354605339,passed,64,8.144640722332653,passed,37,5.568312467657477
1707,157.84590831930996,6.923892509336121,passed,133,10.912270256408307,passed,78,6.3665247408593695
1708,150.52009154292588,15.697304067182483,breach_static,108,-10.720557369628992,breach_static,108,-10.720557369628992
1709,169.0664842380892,5.3384293653709625,passed,161,10.118314208557067,passed,156,6.920632043845498
1710,180.31606809142252,10.087764742453603,passed,194,8.254608586199886,passed,165,5.084345840955762
1711,167.34299227298914,4.431868821765873,passed,75,9.494405400505679,passed,26,5.6103193029276355
1712,166.63075966619328,6.896898524556034,passed,111,8.230209692153668,passed,105,5.6408580942357345
1713,175.64602045532123,6.64956184094583,passed,152,8.878503531875005,passed,58,5.527780554783401
1714,180.76383536658668,7.366620715754708,passed,158,8.116583403333522,passed,149,5.117984629460892
1715,213.43184132686312,2.999343798260955,passed,44,8.567526915178814,passed,29,5.460766029800568
1716,193.89256741300923,4.636494414461924,passed,80,8.893407433879519,passed,71,6.544873656190275
1717,158.0903287176186,7.876187756224569,passed,101,9.347259188865365,passed,38,6.371588837040876
1718,182.8767408825998,8.179579709349587,passed,101,8.207192184262047,passed,94,6.516584686301141
1719,168.61833494423766,5.955118433204298,passed,121,8.206882376363511,passed,58,5.020269446652281
1720,173.94608279234842,8.1996360880696,passed,55,9.86948504808045,passed,32,5.266006082689412
1721,163.0681374582377,5.787303509909673,passed,60,8.304848093709904,passed,50,5.410362492853427
1722,160.36466881729052,7.1445744828864814,passed,132,9.051814155685701,passed,128,5.737222168611256
1723,173.74787119768288,4.955312976951375,passed,59,8.526873141948709,passed,38,5.683454185760239
1724,119.44192554302413,9.75687367867243,passed,123,9.604882239878187,passed,11,5.015614565546089
1725,178.37539106311016,5.165476905051257,passed,65,8.0292874639442,passed,48,5.158740371483517
1726,141.68202379902036,7.010058977309123,passed,49,8.003083300964398,passed,22,5.744463970183689
1727,160.44276638929932,6.499206107952858,passed,55,9.214720703451018,passed,51,7.189621744914865
1728,141.35447542714755,6.664764532101378,passed,91,8.40245690800161,passed,65,5.279041471737145
1729,168.9540488807702,8.178405809870313,passed,40,8.362626429909703,passed,3,5.123233515214065
1730,179.844373159303,7.400030052226391,passed,69,11.590773067594373,passed,64,6.193930604648479
1731,180.9701285245505,5.282060539403335,passed,118,8.127245681420337,passed,41,5.821788267425054
1732,174.24352071508494,5.558884664379586,passed,79,8.431645465958981,passed,50,5.5979320631284635
1733,143.12573859563113,7.910138533819744,passed,96,9.312654810667276,passed,66,5.28010545247537
1734,198.756526997954,3.008861068474721,passed,36,8.504365007522185,passed,26,5.024233265852596
1735,186.89283368262187,5.3366048698049475,passed,16,10.837743880610562,passed,12,5.470647836680387
1736,184.42098111819888,3.668422569383307,passed,60,8.023428551850852,passed,53,5.10297433237763
1737,184.7622068207247,3.7360382292435608,passed,91,8.314431582902039,passed,59,5.017023367656348
1738,149.4621047671602,4.750367532392316,passed,83,8.27303297107338,passed,60,5.035126109882482
1739,135.79535205162506,6.760441334945233,passed,66,8.186423869389326,passed,60,5.0787340627385325
1740,156.60637041293293,6.047253752850889,passed,52,8.223890370438802,passed,28,6.360610337808259
1741,131.33611285439747,7.229342759360667,passed,151,8.80238607309094,passed,124,5.050240759094438
1742,200.6312477499544,4.493649215184628,passed,63,8.39224688149265,passed,4,6.854188313242338
1743,166.31489624278615,5.462455032872185,passed,65,8.481024944855786,passed,50,5.0580230080956134
1744,117.14510489600443,5.730199585421792,passed,109,8.374580781054352,passed,100,5.027549039852319
1745,185.25160601958794,5.479378397802439,passed,38,8.239892892504596,passed,34,5.608460329054044
1746,152.27656642720154,6.645310585667932,passed,58,8.931300350878546,passed,56,6.779753958731938
1747,165.5703396975451,7.47418171371942,passed,65,8.348465799595918,passed,19,5.498119065401852
1748,171.3694999111114,5.141581693178232,passed,50,8.63896575087455,passed,26,5.026100575773973
1749,126.9583201568234,6.065689388369831,passed,26,8.182853973242832,passed,12,6.715655311432256
1750,139.51508135625232,12.726569102840408,passed,89,8.718445153358601,passed,53,5.000665433014229
1751,167.33691378432357,4.562374824678322,passed,68,8.157057849049231,passed,47,5.771602713556323
1752,201.51195597299426,3.7227195944971343,passed,68,9.4588130382262,passed,50,5.262104546272717
1753,148.83586735306068,4.09769675287418,passed,47,8.238578891810366,passed,21,5.011908911363538
1754,136.0105894509235,8.91736960427983,passed,78,8.029648017734736,passed,18,5.112262040999882
1755,146.31226580173745,4.646634474926924,passed,61,9.173146273703004,passed,13,5.019695892515297
1756,148.12237665758846,6.473691587732139,passed,156,8.000980126801128,passed,155,5.7496224035958665
1757,209.60957138084774,5.684973605199494,passed,50,8.014505541508399,passed,11,5.200482473217627
1758,176.2998093328293,5.733895191828273,passed,78,8.720950597724531,passed,63,6.237568238915681
1759,153.14557706605285,6.399330422456625,passed,89,8.146685549046806,passed,76,5.42501425063191
1760,171.24700796099464,4.5562397695773384,passed,20,8.245164339958965,passed,14,5.163634476982826
1761,162.75728767086463,4.5220121996323135,passed,49,8.19851720205438,passed,29,5.784429805415092
1762,184.92615787984613,4.068259285476756,passed,195,8.730824013227823,passed,135,5.7578554072507115
1763,146.3746780796929,6.013458973290471,passed,198,8.701841995276327,passed,144,5.025924797009806
1764,173.37321956028623,4.890174171351843,passed,28,8.236208051488592,passed,25,6.760222835758034
1765,185.82214910508387,7.413532876727505,passed,218,10.476321529874966,passed,199,5.205629879799356
1766,202.17630462510078,3.6911292504703654,passed,58,9.34843241833001,passed,23,5.548258467164047
1767,131.91175490363668,7.941641944272358,passed,337,8.176178246214372,passed,332,7.300252915356031
1768,129.65416840712004,6.746794006843975,passed,17,8.213561966537952,passed,17,8.213561966537952
1769,146.96451897273514,7.870606758770156,passed,183,8.043165074141934,passed,104,5.14636750169053
1770,192.8699750636516,3.5864098202305557,passed,144,8.03084824193354,passed,101,5.011493536648781
1771,146.43017470600537,6.36032170812469,passed,136,8.075658616271397,passed,25,5.010706888209482
1772,144.59738663935494,5.731872482155119,passed,159,8.179810911695395,passed,79,5.6891737877621695
1773,143.68153644192438,5.046782818593282,passed,44,8.78860724689805,passed,27,5.197718296242937
1774,150.2769260975028,5.979846564110613,passed,48,9.0531777731925,passed,17,5.43437285327919
1775,164.2144973317448,5.506139739753892,passed,105,8.296491846137544,passed,60,5.0076772276770765
1776,123.25619621210157,7.264029149017929,passed,85,8.8323136983804,passed,76,5.117549508016506
1777,138.22408324467435,6.651530610782075,passed,212,8.041149405496096,passed,160,5.4718259562034355
1778,187.39890132539588,3.555725594772099,passed,61,8.161070753965149,passed,35,5.808246198446532
1779,211.18613221201534,4.203817006682576,passed,94,8.554568785874238,passed,82,5.008287977270465
1780,210.48421481810476,4.512155529486076,passed,80,8.202782811216514,passed,29,5.523740839053937
1781,157.50661858940975,4.608178962923283,passed,101,8.701790467593607,passed,94,6.471102947837348
1782,169.62430019428942,4.011414002737259,passed,220,8.184499696784364,passed,159,6.552339927903494
1783,142.19972031561227,3.810460838675472,passed,50,9.242806298324634,passed,50,6.424101989451847
1784,177.7092894996222,4.478783176653295,passed,49,8.273496914904754,passed,22,5.041983281926088
1785,195.95367343942308,8.561656033489685,passed,34,8.127340914884718,passed,22,5.20361607229618
1786,179.25506658421645,4.627426448449744,passed,94,8.028821809540343,passed,45,5.158233276824298
1787,198.7763511316037,6.498365549361336,passed,72,9.752156318812766,passed,64,5.010019732506188
1788,124.06786882055907,9.451363916243068,passed,257,8.305877382341386,passed,249,5.134016108629869
1789,164.47620396013477,12.105144834205921,passed,85,9.031518232104485,passed,32,5.239624118272346
1790,171.18074475151178,5.496305235204561,passed,66,9.243117825741543,passed,59,5.522634297535478
1791,178.64798079229894,5.736373101332739,passed,33,8.999978396337326,passed,21,5.2787144134402775
1792,144.1815126563147,9.445708344779632,passed,235,8.006535302069073,passed,228,7.071948474834566
1793,158.56402772905142,4.781429346034102,passed,63,8.44183696223666,passed,48,5.184543208937642
1794,147.49698711719952,5.859609428066199,passed,98,8.216081008271292,passed,97,5.009896548986004
1795,163.37653608861777,4.988792044083355,passed,135,8.481905044136395,passed,133,5.786260761310413
1796,144.91117961785326,7.320720547401459,passed,104,8.84888256123897,passed,53,5.133747282447065
1797,187.33748836010875,5.250715761436863,passed,159,8.219391534392638,passed,109,5.111838800362589
1798,129.27478921127914,5.825861225098133,passed,248,8.279787638708957,passed,63,5.440530652462727
1799,160.82696072523146,7.180698734716937,passed,40,8.334435025851871,passed,28,5.514106194676849
1800,152.12442215573114,5.948167096234616,passed,16,9.097279670136448,passed,10,7.374498810109187
1801,153.4638859337925,4.7997047624222695,passed,78,8.3131431943686,passed,76,5.251833312200671
1802,125.39032554575415,8.048861552823308,passed,158,8.922342630056356,passed,73,5.076920211007896
1803,144.65519386024224,8.792582867547218,passed,69,8.009999385615307,passed,41,5.462190909990139
1804,204.781619749757,6.044542810248675,passed,163,8.141353488779712,passed,144,5.107352399917109
1805,166.25570171895623,6.406396396417229,passed,65,8.37744747796496,passed,63,7.835935924492454
1806,168.4555914705693,5.522427918482097,passed,94,8.669860897533098,passed,94,6.871227653767065
1807,204.20737002085593,3.8272725735202804,passed,126,10.719194764696605,passed,96,6.215116406553345
1808,153.13237602675298,5.672597343772634,passed,97,8.013383711455035,passed,58,5.016659364597964
1809,155.35293371183835,7.6629989055056775,passed,131,9.029998183710752,passed,96,5.590110828180661
1810,175.0519122768588,5.764609288719828,passed,109,8.173388480891198,passed,102,7.182462394169353
1811,187.28984499153518,6.026773961810226,passed,63,8.644325535000252,passed,57,5.453410645931656
1812,194.33051639383464,3.4467162291755162,passed,69,9.280852219193303,passed,21,5.211449970554516
1813,168.35821825950097,4.524983594089547,passed,232,8.524652421754109,passed,149,5.019138727892503
1814,135.42134818372756,10.366589052306177,breach_static,50,-10.305576521241877,breach_static,50,-10.305576521241877
1815,147.40395638150184,6.803423262896984,passed,209,10.57501566616268,passed,209,10.57501566616268
1816,211.95567140608995,4.033961134088912,passed,97,8.381609770444376,passed,94,5.406531034491446
1817,163.91183992433676,6.071148421832512,passed,49,8.278961230125258,passed,35,5.184171438730201
1818,183.73553872279768,4.741399533891013,passed,63,8.052179590437047,passed,37,5.251562954685984
1819,125.20389396137345,6.088545381910309,passed,170,9.030517487290822,passed,145,5.285252747576674
1820,147.2374051665183,5.840928363199738,breach_daily,94,-0.952248659958399,passed,78,5.0557991046300765
1821,170.36090973318306,5.275239940693952,passed,81,8.610730981031356,passed,50,5.553459805343719
1822,199.6381940676951,4.4685476902898404,passed,45,9.063784201699754,passed,45,9.063784201699754
1823,191.02356720507908,3.62283947925272,passed,28,9.131448872983938,passed,13,5.666084105761238
1824,184.14459923762738,3.886341394429633,passed,69,8.82609760489701,passed,50,5.227134854330839
1825,190.1375817668309,4.083782574228042,passed,46,8.924906778955389,passed,42,6.607725949917187
1826,129.7602407128374,7.073457209387368,passed,101,8.075197607242778,passed,82,5.143841965690332
1827,172.99759921208735,5.279581153397475,passed,70,9.093668491871941,passed,59,5.029157137153462
1828,138.00802312888476,10.717589340600025,passed,417,8.213778780252134,passed,395,5.006609474303647
1829,141.45122533027737,6.19569798877704,passed,76,8.519589399602378,passed,50,5.2390472285046785
1830,184.85402284965525,2.760263748511355,passed,85,8.02139465982199,passed,81,6.153763335208318
1831,190.97660940220013,7.037233342731453,passed,33,8.733882897571753,passed,21,5.881299640688975
1832,176.61179763042617,3.7477134123056275,passed,43,8.508692843658562,passed,22,5.619732513765929
1833,132.67849645203614,5.03980672874262,passed,83,9.173253660003322,passed,50,5.13376978492226
1834,180.5997992720175,6.989310803581253,passed,35,8.080635779711809,passed,27,5.013583193155036
1835,216.70960462396778,3.387661476184985,passed,42,10.273916711467779,passed,41,5.004636047021949
1836,187.21758028389849,4.3346912034552725,passed,38,8.80544668908756,passed,32,5.368551854442405
1837,170.27763933054683,5.337056772328025,passed,96,9.45355956735867,passed,48,5.219893990945557
1838,128.8034711450066,9.049497106709945,passed,34,8.931949255287153,passed,24,5.157180743218914
1839,144.95620374999248,4.329785510409302,passed,43,8.212971780126587,passed,30,5.300015924549872
1840,178.56176067055097,7.147478105533338,passed,353,10.7196907770591,passed,287,5.140500048936314
1841,147.0667121628241,5.705927445025528,passed,93,8.037997728190739,passed,85,5.186031138768765
1842,167.23171758089325,4.599702406039071,passed,59,11.903769819965193,passed,40,5.113437219688977
1843,144.75270857278954,5.877914244842004,passed,97,8.10912224299134,passed,60,5.011692090236419
1844,164.19615167697242,6.905062297936773,passed,30,8.4877917288805,passed,26,5.559513850338327
1845,198.63489618913422,4.286172737889922,passed,63,10.075487225477664,passed,48,7.401021317815948
1846,177.02967990023873,5.476145786718085,passed,126,9.165538205910618,passed,101,5.691040781475465
1847,157.93795616552848,4.857103574771328,passed,94,8.456567417890648,passed,66,5.973530688005457
1848,161.70967079139845,8.643644877904716,passed,154,8.212997264954547,passed,149,6.085887346325336
1849,169.0254157558188,3.1623654554223926,passed,63,8.178122053726188,passed,58,5.597354919935982
1850,147.2056022665192,5.100056460964272,passed,109,8.699461303427425,passed,101,5.360155991994375
1851,205.9984861313135,4.790008168476531,passed,67,9.374018803554819,passed,67,9.374018803554819
1852,180.1151419498069,5.066700384257546,passed,94,8.139902983607318,passed,16,6.025565916970077
1853,148.00002452654897,7.404522285449808,passed,40,8.01251745269096,passed,18,5.195089043947387
1854,157.11480774696582,3.5684615125286734,passed,66,8.464357694782931,passed,61,5.108012258831063
1855,154.5487839370965,4.251459909302937,passed,89,8.208999266119488,passed,72,6.077441308788534
1856,188.78797317319663,5.203153147054285,passed,95,8.102869371739164,passed,69,5.919109143625567
1857,139.88882446588073,7.161071680636456,passed,63,8.4094738002497,passed,19,6.305194284778226
1858,155.97612391820732,7.157920403861922,passed,63,10.235044024218197,passed,31,6.984001298555409
1859,174.15897217145252,5.131702828179914,passed,12,8.631464836465398,passed,5,7.316870842715106
1860,189.4715453069676,5.051300707998014,passed,31,8.127116718444993,passed,22,5.024284836912951
1861,141.40725008414813,4.4096857767355395,passed,145,8.498923055951657,passed,140,6.940482977434015
1862,154.0834034509262,4.950815364976757,passed,23,9.608261749016433,passed,21,5.0067058164360745
1863,176.32239780062835,5.801854455080565,passed,119,9.349076448849281,passed,83,5.179352257831571
1864,172.46280450328925,6.060931800576846,passed,69,8.017505844842443,passed,58,5.772698651369024
1865,154.15062811593444,5.536164368538957,passed,114,8.000245158907337,passed,57,6.228973159429607
1866,196.99561943840638,5.873031085722542,passed,80,8.280999483962237,passed,44,5.304315583951258
1867,151.81868953731978,6.002100724352105,passed,43,8.496830467007243,passed,16,5.320231383530238
1868,155.5054688766611,7.7260212435487725,passed,110,8.613601768708223,passed,98,5.201988335960417
1869,186.73264853740125,7.409309319369763,passed,38,13.118793838337762,passed,21,6.869325792216907
1870,106.80019817264382,7.072617314409079,passed,100,9.62765289507541,passed,29,5.583260441081794
1871,158.45597868971697,3.9089572750766015,passed,10,8.266894408192593,passed,9,7.414103781787862
1872,187.66078473900043,3.624247755698872,passed,218,8.005289955520677,passed,85,5.015802387889079
1873,144.42274847994403,7.7501189153789145,passed,116,10.919994919818542,passed,69,6.075007887665929
1874,186.00060855965833,4.646815483158828,passed,20,8.13445339215242,passed,9,5.225755182900493
1875,185.18328585734722,3.45095985939135,passed,76,8.02328880558325,passed,12,5.459799821707678
1876,189.09427508037186,5.371422690733063,passed,64,8.367820435281349,passed,51,5.105622365508311
1877,131.17527760024234,3.2789512158518974,passed,58,8.005864560358923,passed,33,5.374246741616662
1878,167.67193247337556,6.023541879535483,passed,22,9.207886216611438,passed,22,6.838178806162842
1879,175.30568326359148,4.129687911598194,passed,53,8.013140490343895,passed,38,6.490715495230681
1880,193.30074453059703,3.862979629404727,passed,33,8.185726050294972,passed,22,5.228521956356591
1881,168.718354724364,8.407799091807783,passed,122,9.08151739024543,passed,94,5.1514006942037005
1882,164.7470830742375,3.5512568560566713,passed,54,8.747179732100218,passed,22,5.421313973472097
1883,202.91856473027207,7.231908263201939,passed,44,9.391284666120958,passed,27,5.430704474287351
1884,104.60338058885021,8.850002916864089,passed,244,8.859688163016898,passed,228,5.024306156032843
1885,134.38921628156112,5.2410518853228885,passed,65,8.963170997596027,passed,46,6.072667325340952
1886,140.3320612856037,7.849060047809331,passed,186,8.326936999357248,passed,101,5.336356736435266
1887,197.18234460727015,6.4745296561601995,passed,63,8.496649832591752,passed,30,5.243614210997016
1888,159.32925525416573,4.255480347539915,passed,101,8.845236493690312,passed,63,5.709874843038376
1889,182.5837691002397,7.1034233183949596,passed,56,8.028146279500925,passed,34,5.625632854576756
1890,184.40644060778317,4.753051220995607,passed,83,8.610849248983566,passed,22,5.016612899243245
1891,173.7165716115006,7.059798804729447,passed,22,8.819495506812247,passed,18,6.748700741562219
1892,162.31733329565498,5.879884650637233,passed,148,8.440318564798055,passed,120,5.5885232323114264
1893,180.1805955328119,6.95375494340133,passed,136,8.417551340953878,passed,101,5.061807683059016
1894,189.7743206999781,3.429053963232938,passed,44,8.009369988069647,passed,35,7.2780768733204715
1895,201.43439137944216,3.5886304585055,passed,111,9.265544158341044,passed,106,6.7295914996566175
1896,157.41514276189417,3.15123155740197,passed,115,8.604884492494769,passed,113,6.881469172042509
1897,177.37200562645552,4.0052248442778975,passed,100,8.125536581981008,passed,66,5.40922255470655
1898,140.64038247449582,5.504705139046565,passed,210,8.385549452912766,passed,94,5.011144285294589
1899,173.7569470402914,5.387142559971007,passed,27,8.58494962375076,passed,27,8.58494962375076
1900,130.08579238217496,5.201077376609837,passed,53,8.023663884147236,passed,25,5.087503481204836
1901,176.87497071067608,4.14623498750715,passed,85,8.141987133717365,passed,76,7.034923656134673
1902,178.00961172039987,5.754540184232774,passed,231,12.267397729802276,passed,105,5.137055295239135
1903,138.17230262938023,5.689776199346486,passed,152,9.041885057182043,passed,140,5.02199609198406
1904,143.76735723192093,4.420634006011104,passed,101,10.817192419000321,passed,59,5.8190751054576495
1905,138.05612745983075,8.00937903502773,passed,91,10.357077186304075,passed,70,5.018817688461574
1906,176.84469594639566,4.983550843096904,passed,38,8.027721019355871,passed,32,5.190512240160028
1907,179.58652378301858,5.28617205501321,passed,62,8.391147421008927,passed,59,5.06918219353889
1908,120.3457948328372,4.1441366403507836,passed,85,9.973464031368273,passed,83,5.079583683907063
1909,187.36858155985755,3.9110168835058454,passed,30,8.031855609354999,passed,9,5.922163361536326
1910,175.89911489411776,6.192451564032457,passed,48,8.986619284851338,passed,23,6.1558107309014565
1911,160.40183298528436,5.2181288901141505,passed,81,8.215739357807571,passed,76,6.205049767942317
1912,146.35669162164552,7.975369052772657,passed,31,9.063029431288317,passed,31,9.063029431288317
1913,153.13742349237756,3.8330472194671366,passed,96,8.344521276521743,passed,34,5.651809531684515
1914,174.58289513121747,5.062353155988492,passed,48,8.889285935454128,passed,31,5.65276963977841
1915,182.45297434057886,3.6818273592351436,passed,100,9.547387864135892,passed,46,5.019004178649733
1916,135.5018184644285,5.785030191294655,passed,36,11.857946187866242,passed,21,5.018933259117508
1917,178.5571474130689,8.478769190385679,passed,88,8.837008430170634,passed,88,8.837008430170634
1918,180.6557454830258,3.4442494268476738,passed,13,8.49922061792987,passed,3,5.321716736951099
1919,136.61011813234603,7.922893502739282,passed,194,8.544050104884127,passed,38,5.4617924508640225
1920,119.85624702382287,6.6810762937231924,passed,55,8.3888090991596,passed,40,5.00565683945049
1921,212.0145065537515,10.82279333533445,passed,26,9.102647214483772,passed,16,6.417744984125284
1922,147.5961424585455,4.232782328358886,passed,58,8.024815618298597,passed,37,6.023867867115396
1923,143.5073340760606,5.053671098030428,passed,108,10.640531022372969,passed,74,5.34861008078491
1924,148.59919168610492,5.548489109308808,passed,322,8.533325651709722,passed,180,5.321745756859264
1925,172.22110939758247,4.1138647276562175,passed,106,8.189896529491957,passed,94,6.193873320607968
1926,149.34133918186103,5.106533682206706,passed,34,9.614006959899024,passed,17,5.999345484557939
1927,154.47936229665197,4.868813767814978,passed,66,8.275619073527295,passed,66,8.275619073527295
1928,174.9286262253888,3.396542387802843,passed,35,9.73265013108351,passed,34,6.578901744303489
1929,192.74604498166266,7.455071243063388,passed,51,8.097473395443133,passed,29,5.859818266930827
1930,219.00334532351988,4.388421408781731,passed,50,8.148270538777002,passed,1,5.26928066444583
1931,182.19861004678552,7.048577171073613,passed,85,8.146746985948749,passed,76,5.4544936189061755
1932,148.15355971540615,5.29831508813063,passed,21,10.616501948460622,passed,19,5.777053796429921
1933,148.8053288503894,9.267886119210303,passed,68,8.394679504606595,passed,60,6.6641277590546055
1934,126.72273292095042,5.7786067563843275,passed,103,8.35518836819138,passed,58,6.275490021081076
1935,165.69382567496916,4.7269308860584776,passed,117,8.034777347994071,passed,103,5.123989204198431
1936,189.3446588669056,3.3357218348109776,passed,19,8.988539831216835,passed,18,6.4846647569870575
1937,191.79022017161776,7.398469424204832,passed,46,8.037732375727092,passed,37,5.2260135345916
1938,137.91041902169377,4.8915340428290826,passed,49,9.823833439843677,passed,4,5.495080011745368
1939,167.85534705154723,5.864672165834514,passed,164,8.869511417011665,passed,163,6.136112973656549
1940,185.12553363511296,4.281372184263393,passed,77,9.429681309598582,passed,43,7.24977680886425
1941,154.21107645790588,7.057741260116545,passed,105,8.565676685406043,passed,98,5.83423862432757
1942,162.58105253787312,4.18271753328125,passed,62,8.429451966354073,passed,39,5.54808979609005
1943,194.8742666803991,4.719195076105966,passed,144,8.125834486017203,passed,96,5.0046407335021525
1944,168.55580108451522,4.827957891336219,passed,96,8.035530475433127,passed,62,5.827221533936955
1945,192.12580027211047,3.065315320378077,passed,61,8.643003796174087,passed,22,5.199796150183444
1946,217.64354190676235,6.065775103322331,passed,46,8.545441519493547,passed,28,5.534625389702108
1947,167.91233487820026,3.1031016038387333,passed,27,8.696583476258123,passed,19,5.8729186928319965
1948,161.26008380521998,2.9893192456338524,passed,13,8.488890955483019,passed,13,8.488890955483019
1949,107.11523638226316,4.5773995907490965,passed,51,9.5623689623215,passed,23,5.0943859378235645
1950,151.24718014633376,4.91680728810199,passed,81,8.013403133560049,passed,50,5.055903240998805
1951,149.82173488892485,8.022793545945891,passed,76,12.096384877372724,passed,59,5.021607371230741
1952,165.10581298008154,4.800184033196792,passed,140,8.10113441797682,passed,106,6.383839581719686
1953,187.91472916790744,3.2132452164977297,passed,77,8.600334163632883,passed,62,5.0969390740216
1954,193.3018732084013,4.96535266317135,passed,33,11.084020217404156,passed,21,6.859749556098049
1955,132.84629000353016,8.172877382412361,passed,317,8.598292891334358,passed,228,5.296060789923596
1956,167.40025615729257,4.7286151834180234,passed,96,8.23048842166103,passed,48,5.296012402114569
1957,177.90794962099116,5.2788445540850475,passed,60,8.862222473055393,passed,58,5.032528593029384
1958,149.13606946527054,7.676029968441156,passed,131,8.59548381843842,passed,97,5.275073309239597
1959,166.6302018417672,5.130506417984428,passed,28,8.083130550226114,passed,21,5.943187961590901
1960,206.22248422802957,3.232690873675044,passed,38,8.118820562223439,passed,20,5.154571515875861
1961,179.38801856338378,3.4901164751922313,passed,120,9.10621541214569,passed,94,6.735762708686321
1962,182.28079956449204,3.0030775905109817,passed,66,9.469309920150382,passed,45,5.496429597885766
1963,154.03408674021253,3.641756084982422,passed,71,9.044747134592734,passed,50,5.905247546268755
1964,187.68396952100903,6.6059022930885725,passed,69,8.397619381389742,passed,62,5.048136801879943
1965,116.61333146544419,8.640572882686772,passed,109,9.202176989960776,passed,98,5.029473192109535
1966,215.6572383886924,5.403390585699135,passed,18,8.656927810459436,passed,18,8.656927810459436
1967,163.22855709391052,5.208212217226914,passed,133,8.158715804726757,passed,110,5.185227849750529
1968,166.5852911893213,4.7078702345368875,passed,32,9.56750806515483,passed,12,5.8287285196366945
1969,204.6899432870259,4.456692046441592,passed,13,8.343831669836966,passed,12,5.519301296786305
1970,197.7340427100699,6.892303356176341,passed,23,9.1132984724843,passed,18,5.054822760456745
1971,211.98703244871984,4.21685326844516,passed,148,8.012664019914695,passed,38,5.680291498093815
1972,146.43279403073097,5.6778499844767945,passed,26,9.303123262924263,passed,21,6.01933808592916
1973,131.37556858607562,5.808002367183128,passed,354,8.68029404713997,passed,135,5.327296988374575
1974,166.34240497578853,6.248344492870039,passed,26,8.424163048612488,passed,13,6.300240905527188
1975,176.76157372524108,5.33410162060425,passed,65,9.96238098925053,passed,49,5.391491354013889
1976,201.39526416169397,3.348259828391013,passed,87,9.295758229477835,passed,80,6.454096497916217
1977,134.7518506997948,5.102282198404787,passed,39,8.000374986254144,passed,21,5.016759085527767
1978,236.8521703635487,4.098615254635283,passed,94,9.366987130287185,passed,66,6.1444287286105626
1979,140.3631634291571,4.501572309341923,passed,32,8.01850475367778,passed,28,7.883886189651523
1980,169.20223272162755,5.212115782013841,passed,53,8.907319753020747,passed,24,5.259694883280508
1981,169.35060701565288,5.9518060969568305,passed,95,9.048107388961647,passed,28,6.247148641682498
1982,192.64991865019314,2.990156904579552,passed,80,9.644138702126837,passed,70,5.6139309126652215
1983,145.11890810870716,5.1346789948408915,passed,39,13.755845684200786,passed,20,5.285587943183367
1984,203.10322901092331,5.386716061265112,passed,67,9.646446004583442,passed,57,5.384375547217668
1985,150.93232698313068,6.5071267937592605,passed,123,8.190323343585293,passed,62,5.021524647619291
1986,194.83436525320664,4.601362343791485,passed,59,8.23530638108263,passed,31,5.572547918080706
1987,171.69533068140032,4.924657558887614,passed,82,8.5763770145334,passed,44,5.1364279048385475
1988,142.4433181085202,6.785673213522192,passed,37,12.066733835898003,passed,27,5.917604436044388
1989,166.8227365685106,6.103773679512111,passed,135,8.15087662071865,passed,106,5.045668923037527
1990,163.65088656372103,4.652010113410364,passed,62,8.208439600463624,passed,59,6.73584312709008
1991,168.9302727476198,4.6601197035431605,passed,53,9.644838983696346,passed,34,5.487341065609286
1992,142.9492795608921,4.911778295357431,passed,90,8.917527545751991,passed,60,6.491958300166578
1993,205.88015498845462,2.7613088165115327,passed,56,8.219248829123638,passed,44,6.142418816298889
1994,196.55850664683737,3.196460607553276,passed,48,8.310894811287039,passed,34,5.145188195051742
1995,150.41049804168512,8.533539764746742,passed,229,8.741565358821068,passed,220,6.638067915367674
1996,173.23703097076157,8.13461811150466,passed,227,8.249127297287838,passed,73,5.433597628803488
1997,191.52308972317252,5.08460091534748,passed,305,8.832947482644338,passed,263,5.070634736271429
1998,148.49698015690524,8.19060319397158,passed,48,8.382317264142403,passed,48,8.382317264142403
1999,194.99331073455664,6.950820438891035,passed,69,8.034217660179731,passed,58,5.081237831627727
2000,82.82944231144901,7.496720341110555,passed,85,8.329285548583565,passed,13,5.016159779924245
2001,154.52767500401882,6.367004435574497,passed,32,8.00923093218342,passed,28,6.948897478727933
2002,99.65083832549118,5.385653814661259,passed,226,12.375459972126723,passed,106,5.017729686992123
2003,157.0614010763879,4.427010886923046,passed,70,8.1952603963793,passed,37,5.5301783540107285
2004,135.15062316458756,6.071787097975712,passed,58,8.090938351540466,passed,19,5.209665597045654
2005,187.03371990064048,3.829392875801859,passed,120,8.03287410841067,passed,91,5.025704795983144
2006,140.32142972808987,5.154765952624436,passed,81,8.893931588914539,passed,60,5.17990043628167
2007,164.48612112736583,4.485294664172606,passed,203,8.077604683638985,passed,151,5.692078025788949
2008,183.89215957701873,5.382059905820389,passed,125,8.126655118472769,passed,98,5.212277170312252
2009,188.6877035668527,4.659634352524886,passed,83,9.287642608164326,passed,67,5.766669167651917
2010,145.99210040356013,9.4622820958533,passed,74,8.818817451147432,passed,27,5.544218556754865
2011,210.485240801018,3.39629739027325,passed,24,10.029108825811406,passed,22,6.8557448272335675
2012,212.76248085955714,3.247689754596393,passed,28,9.08714946643161,passed,13,5.105308739651493
2013,180.97128050019825,6.114230150400674,passed,54,9.282576000856047,passed,37,5.503226074469469
2014,134.17461467702228,5.512861792165748,passed,110,8.039045654086285,passed,110,8.039045654086285
2015,160.05236264752457,5.3468833546350725,passed,100,8.391493472460066,passed,69,5.097716039531663
2016,180.6141235802353,7.200347206395495,passed,89,9.085262570577711,passed,59,5.388333456005512
2017,161.17408453793084,7.443786181847053,passed,101,8.325169479502858,passed,98,5.746171572102976
2018,136.63942510687028,5.724313082896997,passed,46,8.70131003519894,passed,45,6.613897274740355
2019,139.27542896347123,7.953154276538863,passed,25,8.205926043150624,passed,17,5.127708020215849
2020,131.453768443979,5.6851087559009885,passed,120,8.006533471483056,passed,29,6.7519296645281335
2021,161.37068735282557,6.76157536780629,passed,50,8.345639080586631,passed,46,5.766625918601176
2022,167.28800413248757,3.962753289124081,passed,60,9.485045628567267,passed,45,5.045113811323754
2023,126.38053556536323,10.392462915755013,passed,178,9.70985422748405,passed,140,5.856081375529998
2024,155.87233772808636,3.069688650570375,passed,96,8.4834258121119,passed,63,5.167638473786473
2025,208.0288453445143,3.1138600730215686,passed,104,8.839983663289864,passed,76,5.629903885307885
2026,168.36402127840967,5.605220305953932,passed,179,8.107405178786875,passed,138,5.586074629134652
2027,151.58732233939514,7.699431466577514,passed,107,8.101517794326929,passed,76,6.261779212281415
2028,171.68019572552802,8.18969760793272,passed,101,9.343451394035785,passed,60,6.6233104852802205
2029,194.25939157993923,10.43027789108125,passed,64,8.621497567639992,passed,44,5.3840243897626205
2030,147.13494403397095,5.347671599800048,passed,21,8.570439319233646,passed,11,5.526454567763772
2031,193.88125048025765,4.268847697752222,passed,49,8.327953657230157,passed,26,5.806002611101757
2032,177.24557889008022,8.004658263656287,passed,145,9.316728207164825,passed,39,5.011755360225778
2033,187.5582122461465,6.172253798302123,passed,98,8.804119130226674,passed,39,6.915908756927069
2034,143.12124466886576,3.7852456820645206,passed,65,8.43555034759429,passed,27,5.549776025257924
2035,157.11735650367044,7.481020629698573,passed,103,8.191055945713344,passed,46,6.0908873527406815
2036,222.09429497803538,7.603679671831714,passed,69,9.185308775322909,passed,35,5.011294003402966
2037,168.627360525074,5.564838246744667,passed,45,9.827769224321337,passed,28,5.0144384381877405
2038,207.05895406304333,4.695083232583579,passed,66,8.387011353493046,passed,23,6.081988892917689
2039,148.1409403923474,4.715510994946961,passed,39,8.011255865107758,passed,34,5.402508645867465
2040,162.97609738430717,8.880844829233567,passed,140,8.190881566177799,passed,3,5.15304025808514
2041,147.13443423908114,4.734204362738921,passed,67,8.326725494719046,passed,35,5.24411160942202
2042,159.90179396908445,4.022917034244215,passed,34,8.331031218702801,passed,15,5.898276405184744
2043,168.17446539597412,7.472278872874714,passed,139,8.485317489227251,passed,139,8.485317489227251
2044,171.208979980836,4.819295990326702,passed,50,9.413734541894424,passed,43,5.166726838330016
2045,189.4712704439813,3.975690891729502,passed,98,8.760213706000751,passed,56,5.189329988510494
2046,180.51521214274143,6.213250373851549,passed,81,8.09443380775432,passed,28,5.070668358158215
2047,126.11534756584568,5.210992141962514,passed,59,8.455384464643512,passed,11,6.360357347770651
2048,177.22233860034527,5.743889510194481,passed,38,9.079636415196335,passed,38,9.079636415196335
2049,165.13930734827125,6.139744095718496,passed,98,8.173553631358743,passed,89,6.562819761196881
2050,148.03470117868693,7.94173896893354,passed,250,8.001575944943596,passed,214,5.055479124659423
2051,136.5908004179548,5.314570021604149,passed,196,8.517875209756752,passed,180,5.007103992155071
2052,141.04395045449826,13.20853885298017,passed,85,10.966544997778538,passed,63,5.210909336887171
2053,150.00988158592068,5.324476235892328,passed,24,8.327736328886704,passed,16,6.703258959184777
2054,162.56274808080872,5.860273708743613,passed,101,8.850147757214755,passed,76,5.936499714436172
2055,164.55347688087946,7.503558853112695,passed,50,8.92055314664506,passed,39,5.023550815210376
2056,171.84702159948446,6.073887046130542,passed,124,8.974937188810861,passed,124,8.974937188810861
2057,163.0163602631045,5.680831308379686,passed,42,8.01088421445586,passed,19,6.709173653463951
2058,148.61302550535248,5.432011297465658,passed,95,8.001759210547977,passed,85,6.05378353963697
2059,200.35854178182527,4.439682789606181,passed,98,8.204836539000326,passed,54,5.505353157628945
2060,178.22561733367414,4.968639487014938,passed,34,9.19061613574046,passed,22,7.425329779618561
2061,132.9046872573223,8.102997661385023,passed,207,10.503590587005608,passed,183,5.292711238355197
2062,142.5569349648314,7.751181023998035,passed,96,8.258295977362407,passed,89,6.679928629063681
2063,186.68265030425584,4.920845270149467,passed,59,8.012996541438255,passed,28,5.111323763327524
2064,154.8248275771814,6.908395470348028,passed,121,8.020427993875302,passed,109,5.568284498584464
2065,136.7183421676215,4.878150352761771,passed,122,8.861818344600625,passed,11,5.911369712959669
2066,177.56679159628055,4.473002209107105,passed,40,8.552353692068927,passed,29,5.6226978209675815
2067,199.0056863579781,4.485383753320288,passed,122,11.741545480840475,passed,87,5.0172821980747795
2068,186.76038963693,6.756025720038101,passed,146,8.96495944517197,passed,120,5.618362139025224
2069,183.6362972664893,4.769001555664796,passed,69,8.941853923583887,passed,63,5.256984232050521
2070,230.39234823923175,3.350936235824045,passed,13,8.406960207473869,passed,12,6.325543508275122
2071,176.44283080262642,3.227662712568928,passed,101,12.909604324623224,passed,100,5.352764292843704
2072,183.90528863074022,5.585018410958875,passed,37,8.032588047586975,passed,21,6.001525463845292
2073,123.97201728924485,5.617950843287581,passed,89,9.190684012154371,passed,55,5.450463395739447
2074,109.73737839074028,6.823474971283735,passed,105,9.090469574621828,passed,54,5.257337760776903
2075,158.0897472476208,4.679549716252562,passed,60,8.107923395471639,passed,46,5.268030354318531
2076,165.61244551214364,8.84942852777219,passed,97,8.005767410334098,passed,77,5.596527400070017
2077,153.9339147676698,7.108133246528892,passed,94,8.024764660018025,passed,80,5.6018469933105
2078,181.98823628799317,4.596903121285913,passed,97,8.566802266391417,passed,55,6.7442803553117825
2079,152.36071842330975,7.09066569480068,passed,87,9.158512582889045,passed,73,5.388147748044503
2080,151.5923156400972,6.004465120591327,passed,101,8.90407814164853,passed,19,5.001728824484619
2081,143.77710390015022,7.40998291952083,passed,89,8.49074910265104,passed,50,5.4707608312232425
2082,139.749185307368,7.597201123374712,passed,154,8.843186794073233,passed,148,5.763948068652058
2083,168.8358686775435,4.101925850258178,passed,55,9.245658082433405,passed,32,5.35705885163269
2084,164.98329072804813,9.953920030450377,passed,148,9.319833032051083,passed,128,5.143537315268953
2085,146.08713370852783,6.353303490016166,passed,31,9.321340895701201,passed,14,5.232042786606517
2086,164.65776226147403,6.559372750515903,passed,24,8.107108835191346,passed,14,5.282875129675468
2087,169.25783954721587,6.25633040726832,passed,68,9.572807547721162,passed,44,5.246296391488436
2088,207.94085209629603,6.013927594118592,passed,44,8.677909577499342,passed,28,5.718551814637318
2089,154.41285244567132,8.982159404933991,passed,38,8.317996482806533,passed,25,5.023915659975708
2090,194.95291343753655,3.089265172013411,passed,14,8.066011580681165,passed,4,5.927896613527728
2091,170.4946388368276,3.6788619043677238,passed,105,9.448614541313095,passed,45,5.420361006098595
2092,138.61279815816084,7.027004025040274,passed,24,8.202316456224533,passed,22,6.310680044800754
2093,174.0781693237916,4.333697424440444,passed,106,10.175383375651847,passed,81,6.02150950905036
2094,140.21125795629726,4.536965295291882,passed,25,8.325860317438005,passed,13,5.584498037157948
2095,170.24143033622482,6.297512632100183,passed,121,8.004002286179833,passed,103,5.56200250126313
2096,122.35182852078448,5.5402710644774,passed,156,8.452645852116646,passed,12,5.007301667037223
2097,226.99846096581578,6.856392613628579,passed,116,8.005276922624937,passed,97,6.814771431048694
2098,148.69739461716307,5.83043152565513,passed,72,8.044824607556667,passed,66,6.638930885274741
2099,182.43006306809377,3.7558145324244925,passed,63,8.145098733592704,passed,59,6.51155716419467
2100,184.55210951836972,4.264136933373771,passed,66,10.022936806294247,passed,58,5.79238944155982
2101,132.48766644957374,10.231853554955768,passed,105,8.645696008214765,passed,60,6.503676443451423
2102,151.47385964326367,4.602624475910908,passed,63,8.016363636698243,passed,34,6.090755035324702
2103,199.90208329156033,3.875301745585038,passed,21,8.839789489403982,passed,21,8.839789489403982
2104,173.05977366721663,3.7342770957096807,passed,66,8.836049674578872,passed,66,8.836049674578872
2105,177.39158954910246,6.18092933712106,passed,80,8.37732388457908,passed,71,6.071482160634734
2106,163.7651176129085,4.85832155303523,passed,93,8.510383974355529,passed,76,5.010641210843381
2107,138.7142113194146,10.581319635036984,passed,116,8.986724428106285,passed,9,5.012733879087716
2108,137.53957093632314,6.194956105578359,passed,199,9.420142460379965,passed,102,5.0271360987333535
2109,196.54735616262252,5.637977192448842,passed,69,8.003722064658714,passed,12,6.098916720569014
2110,187.97274227042027,6.611915168559139,passed,33,11.122120144396419,passed,24,6.349556623572927
2111,153.7597480754462,9.18049495458865,passed,109,8.467474698173838,passed,98,5.861657053767555
2112,167.80192382196222,8.381103062148714,passed,140,8.063981403639374,passed,21,5.045692282634762
2113,224.87575934547107,4.517137011869432,passed,30,8.01340099224812,passed,27,5.969811404822956
2114,177.2929497013782,4.983122200108071,passed,122,8.576445778668894,passed,85,5.87839497497189
2115,155.76270322572992,10.647901778493845,breach_static,48,-10.254041683424653,breach_static,48,-10.254041683424653
2116,182.22880890808813,5.9787648220290865,passed,178,8.051649187379105,passed,144,5.274237270459525
2117,188.10887984551218,3.1012590952455334,passed,57,10.978796282316395,passed,44,7.359395071748875
2118,173.9620649761229,5.659094650976238,passed,94,9.032423038024206,passed,75,6.658898063269403
2119,145.6204119361819,4.862820470943658,passed,118,8.307408985793941,passed,105,5.136113254820995
2120,129.93329389951703,8.70099980000455,passed,381,8.053269394298912,passed,374,5.5349811708522045
2121,168.20524217746828,5.034005238979152,passed,94,9.237563353584655,passed,52,5.003583996341421
2122,158.2461642374311,9.525499743419182,passed,212,8.159391159400919,passed,78,5.865841477921108
2123,154.8077015251112,5.8620499819757965,passed,85,8.793188920054607,passed,82,5.158689069675537
2124,201.58903795755964,7.468752678441066,passed,34,8.498357435268943,passed,28,6.523903788608343
2125,153.94317885588484,8.114710721184467,passed,136,9.73799789378662,passed,65,5.580904403112119
2126,198.5900352372491,4.665140753762177,passed,57,9.294854853202338,passed,21,5.057592732210314
2127,202.40948075535607,4.619238817656184,passed,65,8.294134529666163,passed,57,5.1613618776645165
2128,142.26803120712734,5.685929361803312,passed,23,8.053131190949214,passed,22,7.2549091811868305
2129,160.30491810349488,5.5250751219594685,passed,103,8.920310512897412,passed,37,5.163880418122835
2130,164.20599340607959,6.908170559008478,passed,42,10.882305448027662,passed,35,5.299362301042021
2131,116.77226336101012,11.254319441430665,passed,40,8.118497466512498,passed,18,5.2889596947599316
2132,211.18976262841588,5.9385462803110505,passed,94,8.164993918531383,passed,75,5.491957810366199
2133,117.63295027209199,4.714280482771004,passed,167,8.265150037058898,passed,77,5.289991594279608
2134,187.40913785690174,6.385768422991338,passed,160,8.45375307240901,passed,18,5.020412409636821
2135,126.81130787717092,5.901751486527234,passed,161,8.274124003525053,passed,100,5.355954476291469
2136,149.0788534534849,6.549764420807494,passed,92,8.96739948181482,passed,12,5.034631161362424
2137,116.62499039067416,6.899802388921121,passed,51,8.273097785881678,passed,21,5.125114301800759
2138,157.12313676665593,6.461703726618301,passed,50,8.12958921100626,passed,42,5.001733296810884
2139,185.11622363685913,3.632031977090903,passed,60,8.515299038107639,passed,49,5.597922999126337
2140,135.58945280772394,6.080314199857251,passed,100,8.777535471821807,passed,83,5.161115293832252
2141,200.93650168391406,2.8772369551674886,passed,96,9.258016542718206,passed,57,5.158366159766725
2142,95.49241120336862,12.041858313706054,breach_static,152,-10.883914362676128,breach_static,152,-10.883914362676128
2143,190.26825494912356,4.959106747490159,passed,28,8.005198173344773,passed,21,7.743692823594106
2144,142.40133386830655,5.317812673764925,passed,36,8.498056799160825,passed,36,8.498056799160825
2145,177.10187787469368,5.917682937042834,passed,63,8.849618189258624,passed,40,6.246245205353462
2146,164.9174931906983,4.917182110291112,passed,59,8.315770891890327,passed,21,5.166209329162408
2147,185.19477048325618,3.727893603095288,passed,85,8.047801700899448,passed,76,5.043404062906931
2148,170.11779241372787,5.572111630387552,passed,21,10.79801134557352,passed,13,6.108168003138914
2149,166.98803477207966,3.9497071096491267,passed,15,8.049625894676327,passed,13,6.499786140128205
2150,136.42140413118148,12.322600817967151,breach_static,115,-10.085806915810103,breach_static,115,-10.085806915810103
2151,171.03011054464798,4.906239997728348,passed,159,8.356410306696805,passed,151,6.269422125797153
2152,183.91857771087078,2.576935247946195,passed,62,8.764045087220417,passed,58,5.006892305820809
2153,152.39830935502297,5.198935353077345,passed,113,8.23319591079057,passed,112,5.579624900462488
2154,156.9578073175189,5.851743197846256,passed,139,11.177205356930564,passed,69,5.8265204701862805
2155,156.53810725612297,4.224852063326622,passed,96,8.091914743770046,passed,49,5.626761511092249
2156,126.75830377412952,15.973823271265786,breach_static,252,-10.52328425208705,passed,153,5.021497494102833
2157,195.7575315167722,4.972297217861527,passed,32,8.01635164296368,passed,16,5.289007931176393
2158,164.82116906979644,3.9403364329642803,passed,109,9.262549970925393,passed,89,5.304797149027984
2159,156.0989317464886,5.240789774599111,passed,34,8.12238709234634,passed,10,5.552306957847719
2160,149.06262480541454,4.589276949853857,passed,96,8.417535168896006,passed,48,6.2102814017356955
2161,212.93005090403,6.2756798979898125,passed,28,8.255241194201734,passed,16,5.408391927357781
2162,150.06795944706363,4.193839381032719,passed,112,8.5006195324981,passed,76,6.841741977946025
2163,198.39621100344377,5.879223193864998,passed,187,9.187823790929661,passed,183,7.279804883104601
2164,218.48956441494627,3.9409950243748706,passed,76,8.373217925933973,passed,49,5.721449157202785
2165,132.38529867597558,8.39635581612035,passed,47,9.670955181379792,passed,27,5.271759287147537
2166,157.94469348298153,4.58505567823665,passed,13,8.52327546278422,passed,7,7.302602464429064
2167,174.8131966488148,3.742017835957171,passed,50,8.946559161889201,passed,26,5.591548212350661
2168,141.8631601499017,4.65005861171427,passed,24,8.136773640705908,passed,5,5.9340454033950385
2169,160.84597444698497,4.916609566920571,passed,140,9.371754766779205,passed,101,5.2934933913473925
2170,140.58631459672662,6.486716742354511,passed,85,8.971851505353555,passed,63,5.4623365224441445
2171,157.30693713162478,5.664971686107418,passed,31,8.898055192891752,passed,21,5.5397387923135755
2172,176.02923038351622,4.031426260717856,passed,24,8.77390672179068,passed,21,5.917659312662593
2173,173.10345435016674,7.773678881173514,passed,32,10.439206677235745,passed,12,5.083579387971815
2174,147.49111498179644,14.855078009118861,passed,73,8.076851492959513,passed,68,5.615164477545775
2175,193.2081716394704,4.96944784311773,passed,70,8.145657305172382,passed,68,5.344189901348639
2176,159.01514911438457,5.99775527154764,passed,77,8.148892368371863,passed,55,5.806243996396088
2177,202.98362481747301,8.554460859917743,passed,57,8.37143473217723,passed,34,5.005600995124371
2178,145.88478263387134,7.114515747257539,passed,136,9.075733705931421,passed,134,5.65792050010181
2179,96.0974481828865,5.951677098223989,passed,69,8.861916438569107,passed,50,5.1073375066371
2180,202.75977268573078,4.762302952749776,passed,62,8.821446413752554,passed,48,6.617849105481355
2181,192.42536476214,6.499133955710043,passed,22,8.01230584939323,passed,14,7.699369581883575
2182,167.26141546384983,3.6760849413730257,passed,98,8.025504501456515,passed,50,5.672944007604763
2183,184.65655420746603,7.862849032566594,passed,178,8.350583569823456,passed,13,5.161610647837822
2184,160.52344935115565,5.234869605120719,passed,56,8.67843847890748,passed,37,6.322437945134296
2185,149.40046606251832,5.338893671343814,passed,63,9.826898480866175,passed,8,5.2000279029901675
2186,175.98147657680622,6.807246602107685,passed,81,9.053211757230507,passed,77,7.464799591750149
2187,115.52635482895357,8.239270220137097,passed,163,9.475343886584064,passed,100,5.01958063737864
2188,150.11114488207622,5.033843868000038,passed,179,8.949141010023443,passed,98,5.756042341417755
2189,165.99539931540664,14.246078178322424,passed,338,9.409160775167202,passed,26,6.0365380583284445
2190,132.4339570224924,6.577003574081017,passed,58,10.282047116140426,passed,44,5.692481604177946
2191,149.43253386260955,6.485551334217134,passed,77,8.439101189317944,passed,63,5.239624809066035
2192,195.92780728123932,5.074442354800881,passed,62,8.428775069544713,passed,60,6.398255005820475
2193,189.98359171174366,3.7455017071070964,passed,106,8.243709622031092,passed,98,5.060408693251639
2194,186.91433790495128,4.634917676403643,passed,37,8.31314703989985,passed,16,6.261751371665314
2195,117.12376889203333,7.198505560694554,passed,26,9.065962725216071,passed,24,7.164786710883386
2196,176.99202421186507,3.316104322822165,passed,68,9.08833181185338,passed,59,5.391829008470017
2197,161.3518245402405,5.803093016775517,passed,59,8.18373293963539,passed,46,6.599430263912676
2198,178.23831314032574,4.052992426437085,passed,21,8.974478975256428,passed,21,8.974478975256428
2199,182.96313803303144,3.5027144793139597,passed,59,9.172059750232986,passed,17,5.154788843141422
2200,191.7117180304585,3.358639035111445,passed,36,8.657789787929637,passed,22,5.432226095346682
2201,156.1949168630485,3.8458821675018977,passed,58,8.270348933592553,passed,40,6.227007640824622
2202,184.8302201705887,10.309638291284614,passed,55,8.26942840773295,passed,48,7.652223886928389
2203,165.40055603655634,3.9543469520682875,passed,105,11.401313973649962,passed,104,5.386803137822582
2204,162.28687076672225,5.322802732208618,passed,30,10.63316197592259,passed,15,5.451366414357861
2205,165.3002968195628,5.9101458819447945,passed,52,12.301989185875595,passed,45,6.0918475910795244
2206,107.92897525944079,5.224184009384854,passed,73,8.174147580194946,passed,21,6.0905353343794655
2207,192.5094500037823,3.542208931336769,passed,20,9.08363102692762,passed,12,7.304446577663382
2208,159.6514954730757,5.843665217459563,passed,144,8.2116087358308,passed,114,5.388279474792768
2209,178.87325373945075,5.140826522239025,passed,75,8.14488563100928,passed,17,5.568401645003607
2210,136.5179792867294,5.923677244695497,passed,154,8.694393261289823,passed,7,6.036624743517294
2211,142.20622515145647,7.443363961367735,passed,119,9.388903348965982,passed,32,5.333105688952888
2212,150.120951997043,5.579580479989652,passed,81,9.148682153629073,passed,34,5.75686956010093
2213,141.6690660800421,5.5449340992704865,passed,133,8.295063208110731,passed,95,5.167462710391857
2214,178.4138539444357,5.732261573466562,passed,199,9.027954564709662,passed,163,5.6949930762395296
2215,155.56993668970557,5.367148899104733,passed,136,8.21936845850011,passed,83,5.380712326551906
2216,120.21510352650427,5.462095082360243,passed,96,9.726680662927588,passed,76,5.23952620019672
2217,146.2039745282167,5.599559569480071,passed,62,8.214482948415602,passed,40,5.793495294279816
2218,125.47740660310839,10.168356250301542,passed,76,8.411958755042793,passed,73,6.023693138317654
2219,216.60857554316365,3.4749335722792747,passed,36,9.76747776271818,passed,13,5.461777353981101
2220,180.77618187520693,4.2966091371401856,passed,35,8.522177644951778,passed,32,5.119997327085546
2221,146.67166910259186,6.713953586855144,passed,34,8.495866209148573,passed,9,6.054023765068051
2222,178.6539365678449,6.584267823595219,passed,24,8.823326198613767,passed,14,5.008883609038661
2223,174.77378612731832,3.6237635686912557,passed,137,8.18759220656753,passed,83,5.244963559287541
2224,162.3828436075664,7.140189239537935,passed,110,10.833406579276206,passed,110,10.833406579276206
2225,141.22732513002418,7.326921066918911,passed,125,9.061378395936437,passed,98,5.932981861493247
2226,175.8720160366158,9.52949608410167,passed,50,8.000143906097112,passed,40,5.070573057943362
2227,127.20306233150573,4.3172599497132245,passed,115,8.769997842655751,passed,112,7.499539496327534
2228,148.50415896246244,4.478913113199055,passed,144,8.000689873316968,passed,62,6.841018363572449
2229,122.94661715212447,5.8078486416574515,passed,64,9.613868117524316,passed,64,9.613868117524316
2230,168.05029206660805,4.583196000127587,passed,58,9.451603681884224,passed,40,5.652137277770897
2231,154.07111613157505,7.678220838303225,passed,94,9.21411211875023,passed,63,5.855320946571929
2232,211.95373379625212,7.3676232151920455,passed,89,8.623147224040606,passed,85,7.649201411525408
2233,175.11486922745115,4.217378462633303,passed,15,8.031313474590206,passed,13,7.323734301110196
2234,183.5694474399926,7.967396384793239,passed,110,8.69771363437537,passed,100,5.179837640202312
2235,86.939289690167,8.060790444119721,passed,100,8.094666945635343,passed,93,5.733659148153447
2236,149.2173536300436,4.3305813818621015,passed,85,8.126189139626971,passed,74,5.404677235368327
2237,154.99447052346346,9.771750316208923,passed,137,9.363725998426808,passed,59,5.99608009555761
2238,163.7517552393542,5.196634315129467,passed,24,8.741483312035502,passed,12,5.014445639947818
2239,177.85554987712064,4.786134243186412,passed,63,8.154427989295222,passed,40,5.6865841259128524
2240,166.47414168454338,5.68630724536747,passed,57,8.491014768203463,passed,37,5.422608924973127
2241,138.17721538487274,7.146290769361278,passed,34,8.114088797679653,passed,34,8.114088797679653
2242,164.47866876833234,4.7785839676733195,passed,79,8.68745570940359,passed,75,7.379441998456171
2243,131.04095557298248,5.027505099494749,passed,110,8.024069462018058,passed,110,8.024069462018058
2244,170.29011310473746,4.861929454101368,passed,46,8.006464104316958,passed,26,5.453036586527116
2245,126.94898826484126,9.253178060477596,passed,50,8.160199957315918,passed,50,8.160199957315918
2246,167.50424662163894,6.87667419579458,passed,69,10.253314067124286,passed,62,5.82139637633583
2247,202.79173705561658,3.8298999984363764,passed,34,9.193967769417434,passed,24,5.456480253719009
2248,169.93452521427974,3.789167427993128,passed,144,10.649282141208282,passed,32,5.574530939293854
2249,145.46083097132652,4.624778591828769,passed,74,8.942700642775335,passed,7,5.0348422956359995
2250,230.10363221664107,5.29766853825234,passed,69,9.26451290589445,passed,66,5.010907700760514
2251,154.54063101708218,6.696312346879668,passed,70,8.054012468192528,passed,37,6.565458907113175
2252,99.32879016551131,9.957109657341832,passed,131,10.18500926773822,passed,13,6.055472297297504
2253,156.4550865956323,13.071804282971272,passed,66,9.313888632161405,passed,12,6.257385682653993
2254,187.8473086083718,7.297502969516705,passed,163,8.003369653221837,passed,72,5.147419576571632
2255,144.7789621089495,5.840532535327603,passed,161,8.381503887351439,passed,72,5.40955492079771
2256,161.64293946632236,5.084597021248784,passed,102,8.583946221553806,passed,69,5.741622558880799
2257,177.0514023353541,8.49236930742585,passed,198,8.904071181155416,passed,18,6.007768100014266
2258,204.25918220893288,3.74855854426222,passed,94,8.21335296123511,passed,89,5.523393479417171
2259,163.2081146576955,7.087643621339105,passed,111,8.240501409673385,passed,20,6.099121963262899
2260,162.77571271817638,5.535807048431289,passed,28,8.075302984311472,passed,18,6.343763275070113
2261,127.08276119154797,6.378150088522721,passed,44,8.558387983817695,passed,28,6.098599987457365
2262,214.3376098076736,4.794932526761069,passed,96,8.398240925697763,passed,66,5.005707124507208
2263,135.67772660401104,7.234667709716229,passed,21,9.387192628575702,passed,21,9.387192628575702
2264,203.07398869218122,6.948982991306505,passed,156,8.670790121387295,passed,128,5.293606212681268
2265,118.3941682055086,7.66955486935736,passed,66,9.215575224841665,passed,32,5.159867658224493
2266,117.10254898185428,7.318293602777769,passed,193,8.573888990425637,passed,100,5.051262634657938
2267,133.06148587797514,5.521261028262506,passed,53,8.232018206660928,passed,13,5.008235781961501
2268,143.26696424260751,9.01289265613649,passed,105,8.347601722354426,passed,91,5.572136186946186
2269,153.53279048275462,7.273294697385083,passed,71,8.972599078913944,passed,60,5.387839217157553
2270,210.2833091437426,6.835769798943965,passed,89,8.006083750233351,passed,49,5.0039083740413215
2271,187.38923883113384,5.300929982479087,passed,75,8.342506930672734,passed,68,5.0102501011098255
2272,147.33208324645375,4.370226060162694,passed,146,8.530848067115727,passed,121,5.30542836789325
2273,162.7624738138015,6.487739641323836,passed,101,9.659579050459444,passed,101,5.671922849306221
2274,201.22706377185716,3.5224110662987043,passed,100,9.398195735925707,passed,66,6.169238245355513
2275,166.07778402148074,6.749823251133084,passed,133,8.006308957757602,passed,27,5.861412949867173
2276,171.9956712220359,5.656670211734537,passed,67,8.002765134652968,passed,17,5.088917926195435
2277,170.66568615631178,5.78011694048352,passed,101,8.828312030479957,passed,40,5.994030661454763
2278,132.84008281290136,4.144556242002779,passed,98,9.295853662873753,passed,91,5.880010865411145
2279,182.51477315251438,3.6834716452004708,passed,50,8.503869112832806,passed,40,5.190874287983549
2280,211.75137444557896,4.398931023745467,passed,44,9.373975424167359,passed,21,5.256301876190794
2281,193.37534065072083,4.460980228221753,passed,65,9.171193318809934,passed,54,5.014056715476611
2282,203.69015194695103,9.25042451823696,passed,203,8.553087126107673,passed,194,6.180974329098321
2283,230.29948344300166,7.7393647444797775,passed,206,9.022961236139192,passed,144,6.791488370622911
2284,145.64570638125122,5.654052982553572,passed,123,8.066919173357356,passed,106,5.0118291985718155
2285,167.87069101753733,11.855611885417503,passed,238,8.01529202267892,passed,214,5.001381451909537
2286,150.84816635841452,5.9000081377045674,passed,80,8.19377421382197,passed,38,5.844725574531284
2287,163.02193488915253,4.931432081401168,passed,85,10.482951886242908,passed,36,5.683236617915277
2288,164.16845059381777,4.56053779849228,passed,37,8.171971864264215,passed,16,5.431557588513436
2289,186.44403937932688,4.346606707424245,passed,59,8.020380769507728,passed,34,6.29140172993905
2290,153.1375408968095,5.231922574309909,passed,46,8.111836922733184,passed,4,5.170102183802006
2291,172.99061756155442,6.570648555748453,passed,32,8.321525059400358,passed,25,5.722636622988264
2292,162.3322528006362,5.151123660647771,passed,123,8.42734928172244,passed,77,5.528722483215498
2293,197.58808621308881,4.876118892897094,passed,124,8.07437633365511,passed,59,6.249542211662384
2294,207.4582186049288,3.790259282077387,passed,59,8.805486243153027,passed,47,5.00552529313627
2295,154.35260711268364,5.731450777551372,passed,100,8.912039363328073,passed,91,6.1381064750748004
2296,131.03484826569024,7.2096489695757535,passed,220,9.158931286786466,passed,85,5.8288375357195665
2297,167.17387980445682,8.939224551042509,passed,38,9.879846879898292,passed,27,5.019823789422806
2298,205.18629470463074,6.364093032008055,passed,96,8.045853108319513,passed,76,5.798111758957036
2299,184.66005030077648,6.7629205728932025,passed,66,8.066196478177389,passed,22,5.484822567977754
2300,189.20856035075212,4.238616556128482,passed,48,8.02504072163648,passed,44,7.659373982707995
2301,137.9796653065015,7.324575288934089,passed,318,9.641375935113384,passed,106,5.041002101298742
2302,230.72727624784895,3.7636526478404098,passed,22,8.05918027298489,passed,13,7.884491542105887
2303,204.1393430747279,8.519648055352727,passed,24,8.978000829712185,passed,12,5.635593899878821
2304,165.1786144078382,3.704108094093786,passed,101,9.187408344831717,passed,91,5.163532065821008
2305,156.1366830343347,7.944896854215639,passed,183,8.091977830250396,passed,21,5.400528524292092
2306,188.03767055047626,4.080422187840464,passed,53,8.045725100504386,passed,45,5.503803253652206
2307,120.6461673320125,8.370250079888784,passed,94,8.84437055500995,passed,75,5.916113873281437
2308,113.58542496915898,9.444050055260645,passed,103,8.076589137047986,passed,16,6.129900629501117
2309,170.28991920592597,2.756592477887247,passed,31,8.30182163714106,passed,21,7.270108961685828
2310,161.65441969670303,6.1530303678102,passed,50,8.013689836915795,passed,38,6.448451571425484
2311,134.2715407257034,5.24641551926234,passed,111,8.71396055225777,passed,82,5.616374553020642
2312,167.10788829666606,10.901160756422774,passed,247,10.067000954204165,passed,228,5.405433438909357
2313,133.35842039587388,5.814878368331007,passed,34,10.678328088930966,passed,32,6.631179049746305
2314,144.84443897527922,6.695533537380964,passed,77,9.175280882079129,passed,63,5.250899971016443
2315,137.96672657108311,4.321063496574803,passed,69,8.284103394151865,passed,50,5.628962549516192
2316,156.18062673995027,5.998374570169703,passed,83,8.183889383092602,passed,75,6.120781741465864
2317,150.86016661292058,4.603022915855865,passed,140,8.022070982937723,passed,96,5.219388399952685
2318,186.34229347560586,5.434146716923777,passed,44,8.058047636495335,passed,29,5.80515465446807
2319,176.6688310973821,9.424025253183663,passed,72,8.077116772341242,passed,64,6.610298176620533
2320,178.14910439995438,10.508001724320273,passed,150,10.133100366226655,passed,125,5.237554792053101
2321,168.89836744905747,6.272641290598961,passed,111,8.871303346199632,passed,100,5.014517141911701
2322,173.21174130708948,12.163378601028349,passed,69,8.20128951007466,passed,35,5.220073651344848
2323,208.12677364158262,5.775915827814024,passed,76,10.521730998163669,passed,70,5.45508558828407
2324,136.26482225490344,6.813672754362673,passed,60,9.941559730009786,passed,58,6.731392546890058
2325,162.045843561329,3.2696342902741744,passed,53,8.342916416995717,passed,10,5.074054528692473
2326,150.22768361635625,6.199449793689105,passed,46,8.59630808791425,passed,21,5.4811701915055355
2327,169.65227492836422,5.498812147240745,passed,97,9.344565095061363,passed,96,6.986045897351922
2328,113.18556335892885,4.954867372923408,passed,96,8.177353905949737,passed,55,5.2046237721646404
2329,176.70441700413622,7.134739415106058,passed,193,9.310157061675062,passed,173,5.871154625340158
2330,128.0249415178967,5.08030538058743,passed,63,8.297962229158685,passed,13,6.069825899151526
2331,129.48488436927443,6.8806531082414555,passed,85,8.14259967692128,passed,61,5.560044240136319
2332,161.82387987909146,8.203793531895217,passed,66,8.261203297664533,passed,34,5.1474651168615715
2333,178.96176281729836,4.8035453871589455,passed,50,8.008555519657868,passed,25,5.003212134517554
2334,158.6601673299616,12.891707342797131,breach_static,63,-10.292407110536605,breach_static,63,-10.292407110536605
2335,159.25547175927642,4.746564554739435,passed,144,8.925695562146462,passed,104,6.461798402673513
2336,157.63444258949045,5.368491583177898,passed,139,8.530406534877377,passed,40,5.233390104905711
2337,145.6974000664839,7.423787786074651,passed,161,8.073414081495688,passed,144,5.467317742815658
2338,155.50479745426867,5.571677235390802,passed,80,8.669867271510512,passed,28,5.818223437621328
2339,138.5356002297075,5.212434842507826,passed,66,8.659023491312755,passed,32,6.5367500055405925
2340,168.98923491153207,4.48728779753184,passed,80,8.589442233290656,passed,60,5.078473365329583
2341,143.54204230813892,12.357844749148668,passed,53,8.139453176521606,passed,47,5.007669755219446
2342,178.71189666611454,5.376143712300032,passed,52,8.527932955855766,passed,24,5.0665100348483705
2343,140.5944976583938,4.5342739044603135,passed,100,8.102090704579723,passed,98,5.126467036163307
2344,209.15970463309307,5.065418728970069,passed,64,8.75439156568929,passed,59,5.652335983646983
2345,197.55305720809812,3.2520500253651203,passed,50,8.287721408512837,passed,30,5.446246753195894
2346,162.96355042377405,6.846142939566439,passed,43,8.19180313989376,passed,34,5.826845590361018
2347,194.40325163785766,4.847197948752397,passed,66,8.638682054347946,passed,45,5.062892451617085
2348,187.72318463381356,4.029089281435247,passed,50,9.163895250155196,passed,46,6.501826745463446
2349,159.16959890488246,8.610738817374198,passed,136,8.468782656169417,passed,104,6.854790971771152
2350,169.08222909701084,5.685631106513657,passed,70,8.202408243493853,passed,68,6.956292473847769
2351,198.69700571304364,9.195912510830324,passed,280,9.561955858589766,passed,137,5.066722188991268
2352,97.58308255889176,7.215444288136057,passed,254,8.087707582433312,passed,126,5.7200769138660235
2353,164.66949081449326,5.805436854867167,passed,38,8.502972045618161,passed,34,6.064363154463659
2354,175.34873363822285,7.42404339542309,passed,102,8.128389849066231,passed,78,5.355164745417174
2355,185.73873574350088,5.96793804194704,passed,48,8.281131988556844,passed,41,5.892493257402975
2356,150.35711480640245,6.365156268876538,passed,110,8.81772515521706,passed,94,6.156570873471878
2357,180.50798628822173,4.46521715201096,passed,63,9.23279714861771,passed,58,6.394933267846525
2358,177.22441135615043,3.9439464176094683,passed,61,9.2604792686247,passed,51,7.314973880605935
2359,195.8400232802322,2.9428381543456195,passed,40,10.46909505221092,passed,22,5.85470387339766
2360,201.5325414404589,6.977508791590553,passed,76,8.225611210624017,passed,68,6.167159900163277
2361,259.80290143707987,3.959865997654323,passed,37,8.020728696115809,passed,14,6.385667204968293
2362,172.10959832226195,7.943548885295655,passed,136,8.169974949545523,passed,131,5.407379251155864
2363,197.73219880972937,5.3768294959603695,passed,19,9.23296419722619,passed,18,5.211248346299935
2364,145.87481802715655,5.959945703014302,passed,14,8.006828822668034,passed,9,7.971198171015836
2365,180.6183416652921,4.693964150589427,passed,111,9.226610663187529,passed,24,5.886510947153756
2366,179.84975419637075,3.9117397434826144,passed,40,8.743503953824794,passed,21,7.679834554724629
2367,115.35140014774043,7.798536936314846,passed,101,11.525118861234084,passed,66,5.715341049403544
2368,175.2638551806767,4.15651545010498,passed,135,8.444405406122812,passed,48,5.326805874031315
2369,137.15550785270537,6.144025171555103,passed,48,8.455334642073243,passed,44,5.3478251258515686
2370,133.0936516269491,6.924399900176606,passed,137,8.489987795857235,passed,73,5.083461634324071
2371,145.1580129862699,6.238112859151648,passed,37,8.021107645511872,passed,37,8.021107645511872
2372,188.89784613653063,5.411155610552831,passed,116,9.375845721602971,passed,22,6.30446830431759
2373,147.9472104857259,4.635950113755868,passed,40,9.902072828713958,passed,25,6.063429687048449
2374,190.6997308445026,6.355963921416274,passed,57,8.332873172319788,passed,48,5.6340293650609
2375,192.2877318139606,3.789394230431966,passed,60,10.263838251733826,passed,28,5.793022608022103
2376,145.40445161243284,5.593207886916344,passed,91,9.295884990950775,passed,74,5.162755120496931
2377,164.68297800247248,4.984753196974152,passed,28,8.093590658946459,passed,22,6.66163625831433
2378,176.9387174732068,3.35860498474126,passed,40,8.394146824831484,passed,26,5.1503806459249235
2379,145.0199123546088,5.99455641355051,passed,50,8.512304721823227,passed,46,6.945560892134495
2380,196.8811634160807,3.914293652134434,passed,67,8.115678318160512,passed,44,6.741850955544049
2381,176.08457984808302,4.638270693317292,passed,120,8.551372894950937,passed,120,8.551372894950937
2382,195.14510173187105,6.01463989156745,passed,129,8.013110190600825,passed,110,5.021492835079822
2383,151.57147198889837,5.554497721935937,passed,27,8.350343802018024,passed,12,6.42035009083568
2384,179.23486070668528,4.55202042972185,passed,42,8.058357335779975,passed,35,5.062369543130973
2385,191.244357320429,3.428806826190485,passed,33,8.674815770702992,passed,22,5.519232403300056
2386,184.42958145235616,4.302550383728276,passed,35,8.254568825780506,passed,30,5.592248305892866
2387,184.61410436379637,4.4376181887649615,passed,100,8.122614609367984,passed,89,6.2872397132258895
2388,174.4908106205927,3.193775426973476,passed,91,9.265982854137977,passed,45,5.91791757569633
2389,172.17949395680415,8.010965875623189,passed,32,8.136716386645993,passed,28,5.144789526084015
2390,168.74201302217563,3.5997100279345404,passed,40,12.402889626816505,passed,15,5.0973035895044205
2391,204.06339714474626,7.351806634041479,passed,73,8.428494546794063,passed,66,5.751115791262684
2392,224.98519095360638,2.662169654746733,passed,100,8.063305782969765,passed,95,7.849069508139639
2393,165.87733727897188,7.079182067559878,passed,100,9.64614996611477,passed,41,5.434655093437679
2394,200.92196631574222,3.516166631688172,passed,32,8.543360277944068,passed,22,5.044671133488987
2395,130.12473066551902,4.374894579596784,passed,111,8.383939925555284,passed,34,6.1490089677649795
2396,177.39514600539798,5.870444415674491,passed,89,8.089453124442048,passed,76,5.861094686525603
2397,201.0603549663292,4.511208736367364,passed,54,8.936038066710816,passed,20,7.934559160929289
2398,205.37957769547683,3.932154362972894,passed,18,8.296825932986795,passed,5,5.685572493094759
2399,181.0526504145928,6.1301411638281635,passed,101,8.013455171235883,passed,59,6.313010982597511
2400,164.03314178031985,6.240437474764728,passed,47,9.15302639198934,passed,20,5.017503299280679
2401,188.6650989907685,6.212527930847007,passed,101,8.17815042791561,passed,68,5.762954749228055
2402,152.15739792652664,3.7544420208848015,passed,58,8.034928774679573,passed,34,5.4550819251148575
2403,182.87744052906865,4.33640575231941,passed,52,8.014774420038373,passed,42,5.670217357319296
2404,188.7493326033146,4.480186151101283,passed,50,8.436438588496365,passed,42,5.7164137064140474
2405,155.2873979193862,4.506407217358724,passed,100,9.86301530874587,passed,40,5.444189142147016
2406,175.7736006997978,9.735857433206977,passed,176,9.463978873124246,passed,170,5.0008847567803105
2407,156.57041952079723,10.72649908400286,passed,58,8.085711383812622,passed,28,5.18433710611752
2408,185.98267463742576,5.764112745510296,passed,74,8.012306207692843,passed,59,5.464128853675465
2409,208.5832803545913,4.64708003538083,passed,50,9.800621132485476,passed,50,9.800621132485476
2410,153.63302416597273,7.137297609398854,passed,38,8.38768689745637,passed,36,6.168321447902514
2411,167.60514328306857,5.418110237886503,passed,35,8.562859117726607,passed,13,6.581624567936695
2412,175.9728406086435,7.9454319919662915,passed,90,8.040636676284585,passed,31,5.324107088080865
2413,185.07401948425212,5.672423947707002,passed,181,8.042602210693438,passed,141,7.974256827784076
2414,186.8079593069202,5.828988866005709,passed,83,8.757780069370625,passed,60,5.950925599312162
2415,223.0358694831319,5.32139898438174,passed,52,10.095242708764541,passed,22,5.217390885347251
2416,197.008260300086,4.265423041014985,passed,34,8.618466837094086,passed,15,5.014745638410356
2417,120.93248604557694,5.542254064086013,passed,98,8.006703920638003,passed,50,5.772674795153243
2418,180.67633952624328,3.7994345383898196,passed,35,8.831081001058783,passed,28,5.353732209629025
2419,179.3820826341217,4.936650240267552,passed,59,11.471346185203801,passed,28,5.187878312096017
2420,114.76732651304738,6.4028998529334995,passed,60,8.488394507011222,passed,51,6.785307699630994
2421,168.12748927642275,5.938244689842738,passed,141,8.302850404793126,passed,122,5.947886162077087
2422,161.74253768032298,4.40160883823583,passed,81,8.129781313221706,passed,78,5.190290525164976
2423,150.8014547328276,4.109645077282818,passed,41,8.09849524740267,passed,33,5.338051801780175
2424,168.3980717409512,6.547050569995244,passed,128,8.545849861228593,passed,119,6.782764429457155
2425,180.5669541962426,5.36261395401332,passed,63,8.068207582077335,passed,4,5.855368198168742
2426,155.40955155985242,9.22495117031634,passed,28,8.890113224099627,passed,28,8.890113224099627
2427,143.7197230541534,4.7912673068251825,passed,181,8.329372427601744,passed,176,6.0489947831054325
2428,177.7363935142605,5.126327587653353,passed,161,9.020163339905984,passed,120,5.002048519923741
2429,156.14380308129606,7.310068297428043,passed,27,10.222046826847574,passed,18,6.16990619615887
2430,187.29953832057808,8.551778693944774,passed,83,10.652374283401711,passed,54,5.771593841274569
2431,174.7696194910139,7.706513819243849,passed,99,8.001201661889358,passed,83,5.209385992340754
2432,163.04218908432512,4.3400079999103225,passed,98,8.008659713716227,passed,26,5.179653932620032
2433,179.17825297507085,6.320632536121876,passed,25,8.149207433668625,passed,6,5.129289441879514
2434,187.7445518162811,5.532346324028879,passed,69,8.44523934455854,passed,33,6.145674362808862
2435,187.04252485840075,4.9097858824422005,passed,44,12.164610048886114,passed,18,5.1612597245852765
2436,166.58866332408468,5.160549508153993,passed,68,9.03663487182509,passed,22,6.949492740130014
2437,185.31364925032196,4.549961592700422,passed,114,8.546262759842605,passed,103,5.161736207674927
2438,226.95616378154543,3.5060518788129844,passed,18,9.911071182469279,passed,13,6.502665854038692
2439,163.5501031331736,5.334025832172895,passed,213,10.839892322528112,passed,185,5.232043623632188
2440,166.1610929582423,11.368557456528418,passed,52,10.801609430130888,passed,15,5.836637770896003
2441,223.94774155553586,3.8422558342173048,passed,40,8.774469254878303,passed,33,6.174792403896623
2442,154.27568886080348,4.5956796635016035,passed,107,13.181736070510075,passed,82,5.165025326866357
2443,160.0976375882465,7.7701695768255306,passed,101,9.403949488546036,passed,85,6.0347731607836685
2444,157.33261341393862,4.938903312104036,passed,51,8.564342855333829,passed,17,6.110267973223649
2445,128.44062130576464,4.498189617468864,passed,233,8.968148652721531,passed,227,6.000925124812673
2446,175.42810540907837,4.246129606960021,passed,28,8.49132839419855,passed,28,8.49132839419855
2447,156.0669420989543,4.147564072858942,passed,138,9.057906267686278,passed,101,5.005823020132727
2448,159.71592769223045,6.035188942506864,passed,78,8.251410202248977,passed,75,5.491521427989743
2449,148.9888306852141,7.824536621056788,passed,68,8.11444368354126,passed,54,5.454799777077146
2450,111.26031407383716,10.141074298086474,passed,119,8.64377680625421,passed,98,5.385759984587701
2451,228.93268504089167,3.303976651642465,passed,63,8.145123442571567,passed,32,5.433125530391858
2452,213.42090573420975,3.87503495333231,passed,66,8.135421077486882,passed,47,5.1407973198712265
2453,112.33218272941392,6.919835993610916,passed,83,8.013895911727897,passed,46,6.528232991170202
2454,151.15729083964987,6.70602397633636,passed,135,8.865859361977368,passed,133,5.2193122118969315
2455,158.30892827706552,5.113424001566283,passed,100,9.028407162636643,passed,85,5.002419075100151
2456,147.97896413466663,5.119296729501851,passed,149,8.45456937489455,passed,127,5.472699460334285
2457,192.34667988920523,2.9388170974739856,passed,105,8.514377410027517,passed,92,5.234265063316146
2458,173.62822112679538,5.767738495451802,passed,91,8.63997560430445,passed,82,5.617467270469323
2459,173.51300160482256,3.524044928109757,passed,69,8.49500723722285,passed,7,5.186329639253717
2460,150.621129942646,6.833976378763945,passed,176,8.08760165458855,passed,69,5.229655951724355
2461,212.846210724476,2.3341282776801755,passed,59,8.7545655432955,passed,22,5.27741539851494
2462,165.65675348334773,6.05275096341364,passed,47,8.14204507068077,passed,45,6.1895843531798
2463,132.3713242576077,6.103095459358052,passed,114,8.027338860215561,passed,31,5.040570611368844
2464,203.3207061714867,4.206643713847049,passed,152,9.906895029561191,passed,117,6.369455666336954
2465,162.1254460821662,5.474238034189475,passed,176,8.002112874450384,passed,167,5.229040149091335
2466,139.79258264638082,7.460683978822718,passed,85,8.399677998752075,passed,80,5.927710533594932
2467,97.21009721014424,7.790215530726388,passed,28,8.38879786326807,passed,10,5.005591261500575
2468,148.10714036935147,9.031306822351448,passed,37,8.019865037227936,passed,18,6.26025801971446
2469,209.0589426544335,4.987107420919183,passed,61,8.348627313364698,passed,13,5.158934518440561
2470,157.79101759615855,6.253960018962632,passed,110,9.38450019616317,passed,94,5.5043665548826
2471,152.86627769103936,5.768633641021541,passed,63,8.224637491811727,passed,61,5.92261626440691
2472,151.12996547471923,6.702007548962206,passed,37,12.227589027585605,passed,22,5.173017297402449
2473,177.91102456192127,3.920054448918426,passed,57,8.404465852009334,passed,38,6.083182924835917
2474,157.62838884005745,4.20315043479392,passed,22,8.153770335601628,passed,6,5.1685473670788795
2475,170.16042904973582,7.757833566551846,passed,66,8.42487559814673,passed,38,5.251328372273245
2476,215.70535396087402,4.699119959257223,passed,67,8.690595350492947,passed,27,7.267927840288513
2477,139.94478611904714,8.11166286207896,passed,45,8.225223603375674,passed,41,6.202396055895232
2478,149.5340830130527,8.21290419253712,passed,33,11.421252008372296,passed,12,6.144439997970008
2479,198.97637275437427,3.6585193407411833,passed,98,8.642511926784735,passed,59,5.095815463640019
2480,188.06673618758475,7.16520724646453,passed,28,10.18779457883603,passed,28,10.18779457883603
2481,193.26822180071878,5.526925658731748,passed,46,8.425258566420425,passed,45,5.524090319816599
2482,176.78966711607288,4.359210855060085,passed,51,8.051958427343564,passed,13,5.16786462470451
2483,164.4216483097531,4.054932927538332,passed,194,8.009278948228005,passed,109,5.252580912025295
2484,112.1507221753964,5.806359996995766,passed,100,8.178757203270258,passed,70,5.757376148643911
2485,127.00772826622502,7.8283027402665395,passed,27,9.484461051247761,passed,16,6.428432626888525
2486,151.68531957456662,4.194834677654071,passed,142,13.416528096478974,passed,123,5.558688774687526
2487,156.01620165718427,7.599781877163216,passed,63,8.57260133179729,passed,45,5.0116793647391855
2488,146.69746639947445,6.157555679166337,passed,113,9.251541453864887,passed,89,5.429742492160283
2489,232.22944806979206,4.423146450110672,passed,119,8.754146259235007,passed,70,5.188225643265332
2490,110.19790860264268,5.6919311812707365,passed,61,8.461671970860852,passed,40,5.4606453753917705
2491,152.06954970638068,5.230209332848037,passed,54,12.162499511315827,passed,52,6.173537508608606
2492,108.97261059461889,8.61032679920681,passed,317,8.34314665275986,passed,317,8.34314665275986
2493,162.76245624554534,9.833398760518355,passed,314,8.383765517758302,passed,251,5.730290679768557
2494,182.18015456941092,3.729610873315585,passed,48,9.63304079512648,passed,26,5.599225396705942
2495,183.04195591505103,6.587381464030133,passed,50,11.421447057272083,passed,45,5.31617760748655
2496,161.20780229353892,5.640393492444808,passed,143,8.126851225160191,passed,60,5.526083093348233
2497,159.06557273585472,5.412584431220839,passed,101,8.152910794455593,passed,89,5.441063549419889
2498,175.79128932374522,6.920392681188127,passed,65,8.472231454276734,passed,23,5.443007950556322
2499,195.66708640480442,9.373260575299232,passed,248,9.736608059046548,passed,244,6.181618097155339
2500,217.41360435600282,5.328318621049295,passed,70,8.156545161584683,passed,69,6.8848026820278685
2501,168.96996251628104,4.135003203265566,passed,49,9.684613008880305,passed,31,6.756194307450647
2502,206.26587903077436,5.291744717477343,passed,156,8.394859444602854,passed,106,6.780094852407004
2503,143.37506289272568,6.570538000613661,passed,155,9.222355445778252,passed,125,6.057394055435972
2504,200.50758185297627,4.266551420455218,passed,34,8.166706036682614,passed,13,6.458432423603289
2505,171.1100976973742,4.047420286186005,passed,96,9.17373284236287,passed,69,6.2158542558949925
2506,177.45366960249638,6.862119747253723,passed,174,8.28457243143812,passed,124,5.175329588599653
2507,163.84639868352556,4.704688065490419,passed,225,10.150674553140426,passed,101,5.553897487004189
2508,173.73371281864814,5.346961582232673,passed,60,8.603231250434028,passed,18,5.241363654603615
2509,152.54714006392862,6.1561424998079035,passed,131,8.074211961170995,passed,111,5.7217855147364105
2510,171.5413907607571,4.443260058712846,passed,81,9.478373095227855,passed,22,5.127921424532889
2511,201.6842126356898,8.455037480468896,passed,144,8.0608679005306,passed,93,5.769114283161425
2512,143.42463332367376,6.060158446052707,passed,7,9.751234690481581,passed,7,9.751234690481581
2513,155.8939340748382,10.085735532903835,passed,226,9.083104571017998,passed,57,5.078758827389218
2514,150.49274101841243,6.820897461289419,passed,54,9.121473365164023,passed,30,5.574999045918583
2515,149.15315502421674,5.5166946628831415,passed,61,9.46522224556059,passed,45,6.335594790109544
2516,106.80508084598448,6.037504843060454,passed,159,8.18493232783859,passed,99,5.95899029445901
2517,144.63766349767718,8.856114944756078,passed,89,8.73309693070401,passed,69,6.197275162429228
2518,136.61361562020113,6.504191850420432,passed,89,8.617658268152507,passed,62,5.778460540380048
2519,160.95069826004246,5.196586204611684,passed,79,8.184624817946439,passed,60,7.750839980075108
2520,174.0628833558474,3.7153423282818197,passed,20,12.205699706566019,passed,4,6.24791748619391
2521,198.89158954722234,4.29760256126438,passed,54,9.423912956599922,passed,44,5.577852360394786
2522,115.35981280557701,5.941705846108522,passed,62,9.078166227015473,passed,7,5.984834305830344
2523,200.19918108107925,6.2975342484201615,passed,117,8.786873519406457,passed,92,5.433086909924301
2524,180.1941468915063,4.7948009437364485,passed,68,8.948935999582886,passed,42,5.592837732786093
2525,158.3116410409091,9.139357952027824,passed,214,8.45064091570058,passed,212,5.634344350552611
2526,200.05345365978746,6.194482052612375,passed,94,8.790763371437516,passed,89,5.004621292289602
2527,152.93675961537673,7.576021947625216,passed,120,8.255621990653616,passed,120,8.255621990653616
2528,174.34376110947335,3.78863799838983,passed,69,8.015787365605952,passed,59,5.41759760651086
2529,192.66559200841357,8.684981980119977,passed,48,8.288312160703226,passed,48,8.288312160703226
2530,206.15444809935033,4.031807374485219,passed,39,8.262851771928158,passed,32,5.072276513814655
2531,163.25008987902896,4.670933368911337,passed,112,10.080929674927642,passed,59,5.347171541384954
2532,195.04440381648377,5.152916805629716,passed,50,8.316123485458537,passed,26,5.058377618419985
2533,172.73817391668058,4.146612619344463,passed,121,9.301122355340485,passed,70,5.479603473397443
2534,157.32917003317942,4.615052415947568,passed,84,8.3695166906542,passed,80,5.167008782856652
2535,135.79817077302198,8.37783389069407,passed,114,10.392863041769296,passed,101,7.415752190950942
2536,207.75506174483013,4.729115691750904,passed,75,8.857974423480087,passed,26,5.5186094328568025
2537,144.22423339616927,9.680645604508115,passed,21,9.06042410751069,passed,14,5.204482805590338
2538,180.02789827561844,4.986721116350589,passed,24,9.427702312057606,passed,13,5.312533461453328
2539,163.17636915590305,3.4621416270000136,passed,98,9.284671373874055,passed,38,5.0178149609339195
2540,162.7735598915585,4.639214557442468,passed,159,8.644268121378907,passed,100,5.353268869631211
2541,204.2257523703782,5.03567835946923,passed,36,8.481859392205738,passed,14,7.425460304020826
2542,145.95216378917831,6.5553062914537605,passed,328,9.221637399687177,passed,97,5.122612640733193
2543,178.48123224258532,3.7079068970309716,passed,48,8.412849050251324,passed,30,5.902023199196704
2544,170.21041439773094,6.113211217705371,passed,104,8.129445355689668,passed,82,5.293932167199822
2545,186.38472810339067,4.306895306829168,passed,8,8.41804603320615,passed,8,8.41804603320615
2546,170.96223926146922,7.925707330023998,passed,161,9.324826894470428,passed,98,5.3825796904475975
2547,210.8897972861278,4.903267101824456,passed,46,8.105166376421757,passed,28,5.796577858830698
2548,154.30751254077185,3.569359699466115,passed,106,8.014319755188982,passed,44,5.597636224523672
2549,129.20267072635747,6.072636153398988,passed,28,8.469818416658859,passed,22,6.342752670999041
2550,152.71614189742263,6.902387324544558,passed,247,8.400443249710609,passed,35,5.016065520201196
2551,158.28807498140173,6.7196918064768605,passed,119,10.352197296343535,passed,110,5.0164804766075655
2552,174.34340197771357,3.8759797480835427,passed,75,8.357067559838782,passed,63,5.018529451618892
2553,145.33665781574086,5.9548860728658415,passed,70,8.971032741540231,passed,64,5.251104564366171
2554,147.29009148200765,4.020270519740649,passed,58,8.649155424111932,passed,47,5.701342748759641
2555,137.58911584127182,7.2465478818348625,passed,109,8.74041773190719,passed,53,6.169178686248156
2556,138.4549758462662,5.4586284716479545,passed,74,8.843638436610046,passed,68,7.027028688587578
2557,177.00818917955425,7.1414891605335775,passed,24,9.238065705655906,passed,17,6.3308003838632665
2558,181.72243961807646,5.33304143426467,passed,163,8.417267046740772,passed,106,5.927853881258116
2559,135.86522313550998,6.79060451358586,passed,145,8.391953043058686,passed,140,6.124575969847967
2560,179.52245627553557,3.004192874247738,passed,13,9.338747503026212,passed,13,5.774382844466741
2561,169.20808113856106,10.756688245172414,passed,86,9.316272398142189,passed,46,5.247371197839579
2562,160.20049975481248,6.670726535024421,passed,130,8.021482569629889,passed,115,5.120951211609803
2563,199.27181476595104,4.114345377609533,passed,89,9.701362006025294,passed,65,5.255671272582241
2564,177.6206105619351,8.49123556496873,passed,80,8.012862411694343,passed,63,5.070920523784794
2565,204.36623171429042,5.044426392787108,passed,90,9.258515769046639,passed,41,5.681124728622966
2566,175.41558697078537,6.251828086599969,passed,103,8.512624136173663,passed,94,5.162372450011077
2567,145.81226106442804,8.119678941224366,passed,65,8.081624555035294,passed,60,5.298994433092186
2568,172.2216975445051,6.497338402139749,passed,44,8.412600403166891,passed,24,5.917640433902971
2569,149.73853606475424,4.466379933595839,passed,69,8.299049685195016,passed,58,6.207365020367983
2570,172.16611370594146,6.716562144311844,passed,63,8.602026828046782,passed,29,7.2429735238936255
2571,219.94132659668674,6.4034467518716625,passed,35,8.43713326758051,passed,20,5.005255713444345
2572,152.90151842473026,5.6283794323632605,passed,64,9.467350258740414,passed,61,5.835617508118274
2573,130.8986563491581,9.731443119426896,passed,59,8.80670277435791,passed,32,5.433547382283477
2574,188.10926178584054,3.396893459792612,passed,26,9.20169330224394,passed,24,5.162206204068798
2575,193.1491142528297,6.236863830609679,passed,24,9.013590673753624,passed,19,6.121050653784743
2576,176.41878618239573,7.9450238729096405,passed,188,8.237105201510285,passed,157,5.776831686019723
2577,176.13513314422136,3.9454103624692554,passed,89,8.456460043013747,passed,69,5.089801637676361
2578,200.62041559560603,6.205817959665138,passed,75,9.974026168124105,passed,64,5.2281554743301095
2579,185.3403783479275,4.613124710352109,passed,167,13.809917579516796,passed,144,5.986224083910252
2580,184.90394046797292,4.0771880973372765,passed,51,8.20232099975211,passed,50,5.182482149584344
2581,135.29611698669893,5.295243461732321,passed,58,8.950108052300365,passed,35,5.5588426730463825
2582,175.92600195854823,5.201513800313782,passed,29,11.867305559252351,passed,26,5.0073191199604405
2583,162.44504854245943,5.676757758757715,passed,32,9.108117945521288,passed,12,5.059732307146492
2584,174.31804597934953,6.452536754321768,passed,69,9.183575830334355,passed,63,6.8936670813357415
2585,217.46200938574708,2.6256400875495807,passed,60,8.01978679732025,passed,50,5.734796686929733
2586,168.21116152907175,3.9647214351626427,passed,203,8.765466195258442,passed,94,5.002404443066455
2587,194.0316875185659,4.5950465553274435,passed,57,8.242152128656555,passed,19,5.189721471408526
2588,144.53445717275156,6.488790264825853,passed,75,9.225562991359283,passed,50,5.080408094523103
2589,184.10903034644573,7.65008402745143,passed,60,8.691435285061932,passed,39,6.324932218754098
2590,148.80776642462527,8.619969448971572,passed,154,9.416361038697495,passed,123,6.475729675078301
2591,148.52140506584323,11.054447195989658,passed,61,9.06083815428962,passed,61,9.06083815428962
2592,184.07606389530395,4.1921829349689865,passed,45,10.615456463637884,passed,36,5.014374087334561
2593,136.8824860854275,8.650914132744436,passed,325,12.855414239939677,passed,257,5.181298915177646
2594,177.16375395754085,5.807702377568458,passed,103,8.156882718597934,passed,91,5.015226708725873
2595,155.4809418518244,5.5354896853026805,passed,32,9.730321944855792,passed,27,6.102767551396249
2596,160.9904952874146,5.950233975367287,passed,138,9.64608367589972,passed,53,6.285166133400311
2597,144.37994490258913,4.990307741521676,passed,22,8.392965912953443,passed,20,6.4865812267614675
2598,150.50457473700595,4.8798869955547195,passed,88,8.025898126217278,passed,81,5.439357722782212
2599,166.0880087855173,4.695926112723595,passed,48,8.007406504709325,passed,28,5.158461233440859
2600,187.62994099613,5.487451535010224,passed,60,9.060255348925894,passed,31,5.020992580004857
2601,181.17898154764075,4.7024152276292845,passed,53,8.440327765078948,passed,18,5.1150214463917765
2602,153.724865053029,5.331447664066326,passed,101,8.454058012773613,passed,55,5.470302011953021
2603,143.98563509406043,5.908185569287226,passed,36,8.164846096752655,passed,8,6.380348466394836
2604,114.61033427520131,7.3014364109050085,passed,69,8.073537662564423,passed,68,6.854536028838365
2605,140.28918682929574,8.033349402200157,passed,180,8.013619346287193,passed,59,5.701520089338685
2606,173.81439813528323,4.021170758516975,passed,27,8.471612342347878,passed,21,5.706086781704411
2607,160.32909814800783,9.897705495389692,passed,349,8.724092941980622,passed,176,5.353253068511554
2608,189.25643562024342,3.8882424690820554,passed,115,8.473183958520213,passed,89,5.89152213555364
2609,177.95265306053034,6.36214193505113,passed,123,8.448992684196366,passed,40,5.378081304296134
2610,163.7260097357407,8.499508481300715,passed,192,8.014581150594102,passed,156,5.076572425058212
2611,132.97428378008945,8.566000925563987,passed,76,8.008369590041632,passed,41,5.131307694390719
2612,224.63993593213146,3.296893192038391,passed,12,8.872446035916415,passed,12,8.872446035916415
2613,122.66810365653598,7.2703831573564734,passed,147,8.039345949533772,passed,114,6.525852753548689
2614,166.97279953316757,5.315244221335467,passed,58,8.448922934965664,passed,8,5.4516983967791255
2615,142.57025787132153,5.849294331991958,passed,45,9.790803154377903,passed,32,5.94447286945381
2616,202.16498013703838,3.900423999309451,passed,31,8.654515844025168,passed,13,6.236770377431311
2617,186.81598397941207,6.425809620551401,passed,38,8.01522995343209,passed,23,7.715883813245528
2618,113.74243123219685,8.472533948364692,passed,28,8.846108715718003,passed,19,5.407366369700695
2619,175.39695541410748,5.675053995606287,passed,41,8.200060137441302,passed,36,5.468873561747412
2620,188.85731545015813,3.48207581511354,passed,58,9.656095132811359,passed,53,5.536563902400782
2621,140.21589196177717,6.557658567572858,passed,105,10.131412588065736,passed,98,5.921702982009092
2622,148.43775609135727,3.972721010075135,passed,107,8.946394387154566,passed,101,5.740573245616054
2623,149.8278306464324,6.379360669931068,passed,98,8.769347763496139,passed,70,5.494921206650116
2624,194.65801321997498,5.698184406088277,passed,48,8.630930889954968,passed,18,5.027149348468729
2625,145.7188816776789,10.94304830940417,passed,154,9.035320294501314,passed,144,5.8211518855529
2626,168.5960497936745,9.08764561456643,passed,196,8.217989862978058,passed,21,5.643843856189967
2627,195.05929946398558,3.4101314828558325,passed,35,8.092802771642283,passed,13,5.908998955904821
2628,184.08954690773461,4.8765218844327665,passed,47,9.322406054447828,passed,37,5.022486540285653
2629,184.16875503483965,4.9007084373716525,passed,27,8.507417850932342,passed,22,5.123065244440395
2630,172.54790855262527,5.046500050212807,passed,80,8.174706956389755,passed,24,5.0582394419514065
2631,187.57220055983316,5.920701651820327,passed,64,8.001715533051424,passed,50,5.971910513060719
2632,165.00192732569397,4.434482313792168,passed,100,8.016832715389155,passed,87,5.030552809360178
2633,195.1840943711489,3.384779259429643,passed,79,8.104366282879516,passed,69,6.007615378448472
2634,171.4130880904212,5.5804970419601565,passed,98,9.147742775113453,passed,37,6.147591263735985
2635,178.74840653254202,12.794512220204227,passed,49,8.11969472095102,passed,26,5.054484197061138
2636,136.90054104488985,4.668600237771739,passed,73,8.671221214505076,passed,59,5.837370903477468
2637,170.55136994964445,4.258535359924949,passed,43,8.861348274139381,passed,13,6.621796690230597
2638,208.3780114039392,4.84794877120969,passed,69,12.149131757162724,passed,60,6.599879945960696
2639,175.61735300579176,6.159473985472804,passed,89,9.08447413375779,passed,24,5.636375454816545
2640,166.8411058238657,3.2305764402496475,passed,118,8.343682246602757,passed,118,8.343682246602757
2641,173.96011548169085,6.252155345764489,passed,35,8.48722898234957,passed,18,5.530370288408193
2642,167.40035727875684,3.431504238015938,passed,56,8.836101901130778,passed,23,5.355459341831836
2643,181.67592549907292,3.8049427512513763,passed,68,8.02121419845494,passed,43,5.2514772981988145
2644,166.89611467468137,3.8102417830617687,passed,29,8.282535846082517,passed,14,5.100793980086937
2645,153.00850111178335,5.052291393099915,passed,85,8.438847374112113,passed,57,6.918921186007521
2646,141.02823981383975,4.456394665525572,passed,68,8.194671219057103,passed,63,5.832894602021077
2647,199.89087119464472,2.897368811939677,passed,23,9.242113810696729,passed,10,5.141761429501357
2648,137.49060080469627,6.262744845983005,passed,80,8.029191714317374,passed,68,5.013532819715416
2649,177.87892841780626,4.509557976481035,passed,87,9.917011774906292,passed,18,5.025454880283187
2650,178.03998710649472,5.30814208891072,passed,144,8.314319367718138,passed,125,6.046227482912103
2651,112.96455029483337,6.207158380696445,passed,73,8.01394842294718,passed,66,5.252691715709323
2652,201.85553496235426,4.674842438171043,passed,32,9.181455606508472,passed,32,9.181455606508472
2653,211.69588024602467,4.3970344154503955,passed,51,8.536748547370765,passed,50,6.605826114022362
2654,176.30147961960176,3.604631911470338,passed,55,8.824460865300976,passed,45,5.693809979191511
2655,147.22376274653098,4.939169882713108,passed,76,8.723610794496107,passed,32,5.374713582355528
2656,180.01483784705084,4.233068369125917,passed,91,12.69634041539236,passed,81,6.220856502601602
2657,177.64827398203403,5.627351218938679,passed,109,8.51634035137332,passed,102,5.11138446277799
2658,132.83564234017868,5.113725420526557,passed,198,9.284858955591325,passed,193,6.007720898789515
2659,141.51030309617343,3.451514890924151,passed,109,8.021907881478608,passed,65,5.029976554898652
2660,195.1205273666427,5.055786141680946,passed,61,8.662676125476532,passed,51,5.119306910371368
2661,205.23124143620555,5.805533400808096,passed,193,9.122622023830118,passed,159,5.024794667197874
2662,172.41210411406027,11.117053503093256,passed,198,8.11491190949123,passed,186,5.021970377608653
2663,150.21838297925237,6.065276761670174,passed,136,9.206823250764984,passed,131,5.022441883656348
2664,164.79055583481502,4.190258612844433,passed,93,8.116709209050121,passed,65,5.4371957473100085
2665,144.6698183540542,6.842362110641511,passed,29,8.00052047704234,passed,12,5.4885126288872765
2666,141.39301439251955,4.403917944048496,passed,135,8.39622322545428,passed,109,5.009940537689883
2667,139.53053683972865,5.097876192171737,passed,136,8.384500929101367,passed,67,5.304599867199178
2668,179.98348176779223,5.158567146941971,passed,89,8.02093600435574,passed,22,5.007479220279487
2669,198.04446900427646,4.985017995878748,passed,60,8.006655215518798,passed,43,5.695332951032417
2670,159.9300498070108,3.1506404896760687,passed,76,8.28336727903276,passed,52,5.624295980835359
2671,177.88053360548935,6.785243712835237,passed,174,8.035198018733913,passed,146,5.003984738034473
2672,178.2439909842141,6.3062689537574625,passed,80,8.000275306292416,passed,63,6.741973209686103
2673,154.62859779220614,5.6266081845237,passed,96,8.962413039576278,passed,51,5.009567704075235
2674,140.89118309243415,6.536171276987712,passed,21,10.194464194898224,passed,7,5.140869175800833
2675,219.40631288298852,3.0395719846925515,passed,53,10.227677720344431,passed,37,6.251949040965443
2676,164.7305753871975,5.2818984145656245,passed,51,8.188585451282314,passed,51,8.188585451282314
2677,169.37723798543192,3.7681122305017842,passed,131,8.302810553420992,passed,51,5.004460377308706
2678,196.1639582042137,3.574936773627331,passed,46,9.438296558710825,passed,43,5.021854709305118
2679,130.99979064274362,4.623287998041384,passed,93,8.225372707189393,passed,83,6.615490136127122
2680,155.06296337079309,4.716549900515835,passed,164,8.814415656901776,passed,127,6.091047914008985
2681,153.68565854873216,5.356769410756741,passed,35,8.405210794657304,passed,22,5.003725430495387
2682,193.570805797536,2.825001555774135,passed,63,8.464503079686626,passed,62,6.977876983051323
2683,170.81881570559426,4.629648409606175,passed,69,9.274666131747056,passed,59,5.392152380704873
2684,165.25288863936797,6.202429338462339,passed,146,8.627613160420644,passed,55,5.38274589631742
2685,167.32714413381368,6.89378133607158,passed,160,9.296117623977196,passed,89,5.017311172382688
2686,143.50184234309515,5.400931452770497,passed,37,8.082698042741864,passed,31,7.543001661548532
2687,187.08603214353872,7.926273016778418,passed,22,8.449303397319108,passed,22,8.449303397319108
2688,153.6455862601794,3.6642020784438643,passed,67,8.169724635701758,passed,49,5.031093481564297
2689,200.14631314809526,5.336832577523845,passed,78,8.005405950058474,passed,42,5.245690977329542
2690,163.13222500752906,4.581789310915006,passed,167,10.778477828572042,passed,50,5.131553437731928
2691,165.257736361861,5.244708203763319,passed,81,9.379314580286113,passed,22,6.682751739360238
2692,197.50345279737584,4.6771150346664605,passed,46,8.038739856326327,passed,21,5.349640916553855
2693,170.37696519479653,5.023396507355894,passed,71,8.365049406061376,passed,9,5.028851484135477
2694,157.3047278424363,4.095090026538949,passed,97,8.076495829458175,passed,91,5.56630477763056
2695,199.16668149547604,4.5066740926441256,passed,93,9.28914636180107,passed,34,5.6612653946442215
2696,185.562588534815,5.598767994625924,passed,93,8.540796451974408,passed,76,5.199641486366002
2697,155.45895539979546,4.190475489235498,passed,59,8.371346997091656,passed,26,5.361962399206899
2698,193.64006902552387,5.205630784460694,passed,24,10.660108321837836,passed,22,5.186990965774285
2699,121.22538836911158,5.898461219315478,passed,233,9.269954214724985,passed,94,5.2566231900816
2700,168.19717939326074,7.212392860972155,passed,124,8.665905144692164,passed,21,5.598368690580413
2701,130.9019811464449,8.086175146654199,passed,12,8.999053489561227,passed,8,5.601141458289294
2702,136.9134897485924,11.54303447501908,passed,88,9.29724909392775,passed,51,5.606911905851386
2703,177.85183207659244,4.900729800933423,passed,100,8.02127436554796,passed,58,5.2626705656738215
2704,224.3352482121617,3.60421142440384,passed,91,8.806286215946301,passed,68,5.869159253492362
2705,150.83138971927616,6.134946268024871,passed,64,8.054193479717696,passed,60,5.000015025259952
2706,166.0388211760334,5.76789675751577,passed,84,8.015176885035547,passed,58,5.712845467828798
2707,170.93096292867588,6.129112677676673,passed,39,8.029344902315415,passed,24,5.075611340517794
2708,153.68964389859366,9.196080567957962,passed,95,8.53766998191745,passed,89,7.000286563844238
2709,213.20297609772894,2.719546437496763,passed,89,8.266725104679761,passed,84,6.788792579000602
2710,134.3352477808492,7.194770984281405,passed,231,8.093197254738204,passed,63,5.325509082629942
2711,149.14633446480826,5.646452574196141,passed,48,8.006334782008718,passed,31,5.612293122025647
2712,157.4125966761963,8.338466178662776,passed,191,8.073768808003322,passed,167,5.092087032521864
2713,166.08414927325686,7.350905062277088,passed,44,9.994810593144777,passed,33,5.508898362413972
2714,145.22852492740688,8.280120085259721,passed,109,9.117364265888629,passed,109,7.264050395917776
2715,193.63064003581877,4.510585702780149,passed,24,8.912955693890812,passed,21,5.314776579819824
2716,142.04657819701788,4.636216001937429,passed,50,8.06528844579164,passed,13,5.627085271745802
2717,131.44467121175856,13.076077640012333,passed,145,9.290454489679023,passed,133,5.063542225120354
2718,187.54182320661906,9.897145903107932,passed,224,8.5081508158088,passed,207,5.470173712358228
2719,143.05678075895472,5.549185730380806,passed,142,8.159943218179988,passed,94,5.188203067065578
2720,168.36843581739686,5.910964814983802,passed,96,8.15898816473064,passed,94,6.329607768146728
2721,163.98200164649862,6.581211473271491,passed,105,8.196170475937237,passed,32,5.557953311092323
2722,190.66993758749513,3.5260592427264115,passed,54,9.451254849823254,passed,54,9.451254849823254
2723,148.14830886272082,4.084036211205316,passed,86,8.025781898968987,passed,86,8.025781898968987
2724,111.34208156791252,5.542330367477845,passed,159,8.00248508918382,passed,100,5.0679110640515335
2725,170.96766631523818,7.9201596252483215,passed,103,8.298281845758293,passed,94,6.304746260153293
2726,171.88475356376767,6.329228940172614,passed,80,8.266187898901833,passed,80,8.266187898901833
2727,151.9772487294004,5.9107719180800045,passed,50,8.353272509775135,passed,45,6.095152531897208
2728,141.82428756470654,5.439741978399571,passed,127,8.217152154893203,passed,22,5.028151229564726
2729,159.30415278450644,5.465205627175291,passed,48,8.436457143111475,passed,32,5.141161415005091
2730,199.7594396465492,3.249407977916009,passed,32,8.254302432847439,passed,27,6.230232893349874
2731,204.59295993912002,3.9910679615414133,passed,59,9.518464623111278,passed,22,6.505738508912207
2732,170.2850644640379,3.7282386205720703,passed,113,11.157365401565356,passed,79,7.350415132660704
2733,133.78877908017319,7.6868675122165016,passed,152,8.00191588676251,passed,107,5.182178481712318
2734,174.89452929728378,6.365506919819131,passed,173,8.05592129438688,passed,58,5.180566879954118
2735,160.66046250510163,6.60513255002774,passed,26,8.821322610616944,passed,12,6.51596068470266
2736,116.1862570323223,5.642302875511424,passed,52,8.625685530246162,passed,46,6.899070402070029
2737,153.9076660852583,8.155006310299683,passed,152,8.764041340209626,passed,147,5.021836223596332
2738,190.4193485420958,2.9281978907411443,passed,113,8.344361504957497,passed,84,5.354098949002117
2739,132.6287483975832,8.885211215650415,passed,238,8.236803300708328,passed,38,5.234297149053546
2740,159.4569837901348,5.750356982761136,passed,94,8.259058654963125,passed,60,5.721067398891222
2741,170.2699264096265,4.933541100712515,passed,66,8.2137110290623,passed,56,5.61044438802929
2742,138.52535663932156,5.934693974636225,passed,19,8.119920112718093,passed,18,6.407872308664109
2743,135.99178671454717,7.123060840231159,passed,42,8.373446138590634,passed,21,5.579432358447045
2744,150.45966952813217,4.680015719103382,passed,34,8.299539029624947,passed,27,5.597633065130259
2745,151.1512921615148,5.672723505590397,passed,159,8.368446069782332,passed,136,5.423225369699991
2746,162.99853759389632,5.686763698569252,passed,62,9.376241717176548,passed,22,5.4578389663234805
2747,217.8254876070001,3.083063375680968,passed,33,8.91909588272437,passed,12,5.006721877288256
2748,151.82858108387788,4.453780937578097,passed,97,9.574555828451835,passed,68,5.002573641841601
2749,197.88833184860133,3.9044814972491078,passed,144,8.631101223911376,passed,22,5.002670715893753
2750,152.4677382142496,5.177121217648302,passed,117,9.53112061690653,passed,80,5.575077247518623
2751,195.8965137097911,4.371246796224635,passed,47,8.799229566489464,passed,38,6.573360495272618
2752,190.8670712163021,4.59134333585857,passed,86,8.53919242582819,passed,19,6.165094194678611
2753,188.89138694821224,4.80038617055164,passed,104,9.430895654026795,passed,61,5.049099356896503
2754,164.7083807039266,4.382706618145987,passed,76,10.756875960379354,passed,48,5.400681411932107
2755,182.66652717907738,4.4105374067137335,passed,94,9.075926615950891,passed,46,5.002313843095685
2756,178.9633215192815,5.6083942255982455,passed,43,8.939123814626026,passed,27,5.127578833657798
2757,175.9177983198002,8.034870447899678,passed,144,8.086646521565498,passed,48,5.308864309983252
2758,179.5359347601303,5.143978487883703,passed,21,8.217586031923553,passed,16,5.028589145382356
2759,123.52216086903903,8.18877485983545,passed,28,10.502201054001237,passed,11,5.349799150249557
2760,146.731554154207,8.282541199490137,passed,88,8.726992907386633,passed,38,5.536575477645234
2761,167.97127251943724,3.4578735879455507,passed,200,9.351848101790594,passed,104,5.022243313805919
2762,151.1122248509908,4.85459211890689,passed,110,8.168432828958627,passed,96,6.685215829970903
2763,179.1797130922688,18.964297988987493,breach_static,221,-11.933867005657417,breach_static,221,-11.933867005657417
2764,171.41514338467493,5.2802895712559685,passed,52,10.298608712965574,passed,30,5.7108496146608845
2765,172.10243470969345,3.9380573141664974,passed,51,8.190612293037125,passed,45,5.8568662515099845
2766,180.0873666415356,5.275887133652759,passed,165,11.243612771748257,passed,151,6.256991126427125
2767,165.11105076415623,4.097137246167456,passed,106,11.13092586190323,passed,93,6.710435096029155
2768,198.5871019756876,7.106050490694188,passed,69,8.045417411599075,passed,60,5.016691582598298
2769,107.85557073266499,8.603451009676442,passed,315,9.795516435161344,passed,308,5.834349414085871
2770,146.60776161592614,3.826485456605323,passed,63,9.710112064343669,passed,28,5.450325898480912
2771,144.04481705840104,6.361189433932969,passed,68,8.208166443529485,passed,20,6.110814627201244
2772,138.8918677839313,5.620841383868191,passed,101,8.458828226112459,passed,101,8.458828226112459
2773,170.927097204614,4.128981542392672,passed,12,9.902098024035698,passed,12,9.902098024035698
2774,156.3112321511849,4.036769754349742,passed,49,8.826539706584779,passed,8,5.110948319490682
2775,202.99538909550097,6.391592247543879,passed,99,8.009233351235157,passed,96,6.78415083165127
2776,143.93270053923794,10.239646394861166,passed,50,8.523749776806277,passed,47,5.397983837136433
2777,199.3673668898799,3.7999937105561035,passed,50,10.240253066833116,passed,32,5.002156074410058
2778,219.63807980259614,2.879836471534763,passed,44,8.20461414621838,passed,43,5.050865759438361
2779,233.94789107646923,2.860607908136355,passed,110,11.038276566315663,passed,63,5.070376145057609
2780,190.8444635490884,11.684661761947174,passed,60,10.878787478350738,passed,59,5.369564189133991
2781,144.18784417717774,6.217897717549428,passed,73,8.507604428951577,passed,45,6.462057576711855
2782,129.88999613336364,10.64037603694669,passed,255,9.428940233377347,passed,253,5.841885921328349
2783,159.04881013723454,4.3353667294865,passed,80,8.027863946601709,passed,59,5.345302261754514
2784,173.75655269755504,4.481340508918469,passed,46,8.373648797808997,passed,35,5.249566145118623
2785,227.10874632284188,5.008993796820409,passed,48,8.668330941000013,passed,29,6.759395295476889
2786,129.0238931797436,4.396401464551521,passed,107,9.677464641221011,passed,84,6.572165255295959
2787,160.57818231621624,4.09430656865095,passed,115,8.223724838021408,passed,92,5.046385823416344
2788,140.42012077841264,10.311049256241569,passed,316,8.243536530241013,passed,11,5.904888896583316
2789,154.25471871483634,4.593342812593326,passed,99,8.356321741305784,passed,98,5.963653654566303
2790,160.75631036792,4.60346096270925,passed,46,9.013395311650685,passed,40,5.045979923717558
2791,164.42799923373013,7.296666196013015,passed,57,9.04299912582136,passed,21,6.493354032105714
2792,151.95689228210134,6.096034761557553,passed,54,8.082698147570921,passed,45,6.300819039595318
2793,170.28229710073944,4.883551396254612,passed,27,8.490590364078688,passed,16,5.729528904067505
2794,195.77434191109,3.9008781251862086,passed,77,9.153289769651462,passed,56,6.239865849634008
2795,195.65240438696816,5.290355047003743,passed,111,8.394644208529378,passed,94,5.280393826375507
2796,194.35650427171504,4.63289251340412,passed,96,8.009908830351332,passed,21,5.0746425942755025
2797,154.93170552862262,7.67329358156333,passed,224,8.36662946487614,passed,221,7.394242597745393
2798,127.21277057454773,5.69516977785344,passed,26,8.213900823936736,passed,12,5.6266879815446424
2799,160.36647363788936,5.751024518424356,passed,111,8.108486598983845,passed,98,5.4188481691450185
2800,150.4826149193048,5.1101119857221615,passed,76,8.254077070969167,passed,50,5.8566159599155565
2801,104.76689827756206,7.045496473095686,passed,109,8.903962466507842,passed,48,5.011035662951424
2802,201.49092221911062,5.231801955869815,passed,32,10.303004659260129,passed,26,6.22000385951047
2803,190.97124301182032,4.903504496792667,passed,61,8.759380297560693,passed,12,5.153062299816646
2804,164.9835361739428,3.734562451098195,passed,54,8.785686759211075,passed,44,6.219349111876538
2805,144.21060039522598,4.358833590902803,passed,13,8.135523615361006,passed,11,5.076391083632448
2806,150.43772459175662,4.691844858673449,passed,121,8.451438313047731,passed,57,6.105799592718908
2807,137.42097297002246,10.62988214189888,passed,37,10.863167874690483,passed,37,10.863167874690483
2808,188.8829970448521,5.060928762652959,passed,87,8.898998757299914,passed,46,5.777902011305547
2809,169.35517598595246,4.3765080059846255,passed,54,8.252413283925254,passed,45,5.364768586688884
2810,195.57775885471509,4.217000600979367,passed,62,8.029349995954927,passed,49,5.564019860364988
2811,175.71290782453883,8.707039409693468,passed,44,8.342537406353955,passed,36,5.929092009348347
2812,221.41557512094673,4.159281376834934,passed,94,8.766019111067337,passed,68,5.646584498179652
2813,135.74142870670735,5.0652849567965,passed,101,8.16429736841966,passed,63,5.402304692342086
2814,212.49056615055787,3.4639039272804086,passed,89,9.842364163688465,passed,69,7.20956046288348
2815,196.49022398348555,4.34430931060195,passed,32,9.078656260610618,passed,5,6.7999146908602315
2816,175.63594879415527,4.73637637982137,passed,26,8.61677803743397,passed,15,5.904143129157391
2817,151.40241739174613,5.049822924815337,passed,114,8.085041183747865,passed,107,5.526718321204438
2818,159.4862997436093,5.414584120231517,passed,38,9.207091567599912,passed,34,7.285731710104848
2819,203.93842888248005,2.493305644052842,passed,39,8.931047333865028,passed,8,5.3214604330745985
2820,189.05064615630107,5.431101865266162,passed,77,8.613810951187828,passed,58,5.0149346759226
2821,191.25036124678508,4.699286108991433,passed,26,8.026461881815017,passed,20,5.128474690681406
2822,177.89647870462238,10.096148058322793,passed,47,8.00326647297842,passed,37,5.0186720920417205
2823,196.24513191424614,5.648214923083691,passed,113,8.293873886460412,passed,26,5.434034123418541
2824,173.23939563380173,3.6286830728700585,passed,62,8.503995901923744,passed,33,5.007914535211122
2825,159.30880555065806,7.322832306163566,passed,52,9.685546558920155,passed,52,9.685546558920155
2826,137.7741331274931,5.245656963732201,passed,158,9.184587446177584,passed,77,5.098102561076323
2827,163.50462679256043,4.5751961054170325,passed,37,8.412232735585379,passed,27,6.65165091284452
2828,168.73855882972896,2.700638287171627,passed,33,9.052453295894214,passed,24,5.804769460376602
2829,121.76669703159182,8.055919630320382,passed,69,8.320688690535016,passed,36,5.60136137680638
2830,174.95393461796397,4.693796041683543,passed,65,8.058840472330031,passed,58,5.392819953182615
2831,158.66365081466628,5.186240292562147,passed,103,8.393195755598404,passed,101,6.71809776896124
2832,150.79330931582095,6.837655470946101,passed,53,8.362489406079487,passed,27,5.427237944829444
2833,154.96033668545905,4.845438408842177,passed,39,9.836440550723236,passed,24,5.052591146018703
2834,174.25053328724812,4.244180467189631,passed,63,8.877867426322016,passed,56,5.1481670308058725
2835,181.40761295704831,6.36773914730699,passed,135,8.068104225251238,passed,117,6.058214920327276
2836,155.23518327716496,4.5376274280001185,passed,50,8.462802932928803,passed,35,5.877175682151026
2837,147.85493126686197,4.963581612732202,passed,72,8.294902605162925,passed,35,5.52010806668084
2838,164.7282457580876,4.046444977733366,passed,51,8.622639493410954,passed,33,5.446868531592086
2839,187.18087122080584,3.5008363388993824,passed,69,11.00989423077956,passed,3,6.577668035438022
2840,164.22982126762236,4.989119858908227,passed,122,8.531768853488808,passed,103,5.397244395080403
2841,178.87561456086334,6.322447976405623,passed,159,8.51566617681716,passed,146,6.737288483914128
2842,118.19459920945383,6.057838886323827,passed,55,8.041447271111913,passed,55,8.041447271111913
2843,157.5871345355029,5.195368646997033,passed,53,8.181886164727835,passed,27,5.4317802687158245
2844,180.72624629504935,6.378662398024659,passed,156,10.390253812475958,passed,92,5.026611472609632
2845,205.99521371933776,3.0208237552526893,passed,40,8.335058103831061,passed,22,5.076471039938957
2846,163.4256390635283,8.586455882605271,passed,98,8.61306578663239,passed,98,7.999083763205173
2847,122.46221524047489,4.700749390866098,passed,24,8.95705558742872,passed,18,6.442328789707075
2848,205.2518728833669,6.794293584096247,passed,77,8.079852270869047,passed,31,5.6629877832723
2849,161.7005854295961,3.7575181261339683,passed,102,8.010086121795968,passed,34,5.698825821775411
2850,170.83634602118164,3.526535764534001,passed,98,8.711352535083194,passed,24,6.083249432553806
2851,127.46012726269117,8.37513477655593,passed,82,8.015907903509989,passed,25,5.963188635377237
2852,182.30645428914733,6.328703849041122,passed,29,8.005509715511305,passed,22,5.3831763895688
2853,163.0888112414981,3.5527544587714295,passed,9,8.206003228344416,passed,4,6.002879544379525
2854,157.4307905621302,6.311932154722391,passed,67,8.533290014699624,passed,25,6.6858454986508775
2855,153.42587187491742,7.400099963130356,passed,193,8.068606057098492,passed,100,5.427967141799828
2856,127.74351351219701,4.897839517694733,passed,58,8.584373026013559,passed,28,6.2785617334790045
2857,175.10189329103002,6.278180502927086,passed,144,9.126692122087853,passed,135,6.166213637150042
2858,147.9661146120386,6.74783633231921,passed,196,8.950816356667634,passed,79,5.080029583436363
2859,142.33998027978933,7.692350248956751,passed,123,9.38963391869363,passed,103,5.061734074831925
2860,153.67797010699613,5.365532348142543,passed,66,8.02853869524014,passed,4,5.351463155966818
2861,160.43620580104295,7.465175853557778,passed,185,8.460891954294848,passed,19,5.735751423231483
2862,156.4957165826322,9.043483907690597,passed,94,9.6729910791995,passed,32,5.190028747374131
2863,163.5618115874526,4.595687571815846,passed,129,8.15418262751284,passed,115,5.011115025332491
2864,178.95713055884235,5.045861603114569,passed,24,8.48346526350503,passed,21,5.589858957589833
2865,160.76448882148514,6.406072577123788,passed,69,8.687146704606308,passed,59,5.42245156684118
2866,165.6126586600987,8.611095095637117,passed,159,8.353178562772667,passed,140,5.476899220619913
2867,136.26116792934423,5.355708742678426,passed,59,8.66554111264004,passed,45,6.699547439824793
2868,117.10315953587207,9.506330061003416,passed,62,9.097538354298539,passed,51,5.020475926857193
2869,156.87883156788027,4.01455695154871,passed,91,8.439294209671377,passed,64,5.127982617620863
2870,174.45179677812214,5.124599740366949,passed,63,8.177162525013792,passed,8,5.248005866317262
2871,186.33486270572948,4.708418074723868,passed,159,8.309372690533912,passed,96,5.3706831394828125
2872,163.6882115400125,6.786315507755887,passed,65,8.125989788512843,passed,49,5.087079493322411
2873,192.1153060720934,7.156985218185849,passed,70,8.579591468604942,passed,24,5.806830541567343
2874,162.1683257785551,6.779105456003284,passed,104,10.153223549713907,passed,60,6.837638912011013
2875,182.9683380178164,4.1674040392553025,passed,100,8.497362581553624,passed,70,5.150544874492069
2876,156.45302750355577,6.780898278247478,passed,64,8.391643782818448,passed,38,5.278600478187534
2877,152.52411549940894,5.182770975380409,passed,57,11.060900444194278,passed,50,5.669443310347799
2878,137.53020863006796,5.836886504533662,passed,120,8.004077350155159,passed,88,5.340586521728086
2879,95.09484950296661,7.849315675151631,passed,79,8.045997321064302,passed,63,5.0011348816352275
2880,147.88188645281082,5.998990735913845,passed,24,8.512486409599251,passed,2,6.981328468499837
2881,148.41986662760752,3.975803881181866,passed,46,9.40846612124906,passed,37,5.31726921009954
2882,140.20621442249396,10.07705875753113,passed,198,9.465998788220409,passed,181,5.1824512080662855
2883,121.98527166072881,9.480016238665353,passed,96,9.127391581471667,passed,5,5.290320581823016
2884,234.82130000565817,3.870484854491312,passed,53,8.923307063258168,passed,26,5.003929620631697
2885,144.6290770007353,4.117616034862318,passed,69,8.029817287756869,passed,60,5.064148461373819
2886,150.96602966472523,3.4004243040008584,passed,105,8.747991596299443,passed,63,5.0250280405670145
2887,158.50001599584496,4.086591904151542,passed,76,12.1952296398822,passed,63,5.254922695919739
2888,162.0777400114016,5.221201143467953,passed,36,8.225046819606675,passed,14,5.313591359373238
2889,132.50210294106668,11.83260037576654,passed,225,8.087865069365296,passed,13,5.227646550001963
2890,117.0397520629284,4.624150987241254,passed,53,8.435589163589707,passed,44,5.042398423125705
2891,203.4313291286276,5.169529073087228,passed,40,8.022426465019183,passed,28,5.5132854403032505
2892,147.66950496095674,5.684711978062048,passed,161,10.094426163060799,passed,158,6.098127482412918
2893,211.394877405701,4.71699841537068,passed,56,8.283872821028492,passed,44,6.671269566338145
2894,123.91386865368416,11.257966423221609,breach_static,252,-11.039452616741253,breach_static,252,-11.039452616741253
2895,126.97342889124302,8.079753551214194,passed,218,8.106235442540143,passed,98,5.010377783541675
2896,120.9858755157374,6.77399017742879,passed,41,8.278366509223932,passed,38,5.546885565124726
2897,162.09103968356337,6.582377217752401,passed,44,8.286491471706103,passed,18,5.000278355898602
2898,148.9143577899946,5.037458801721327,passed,127,8.927655480307738,passed,101,5.407563751908029
2899,179.55526400992343,5.798833980925824,passed,250,8.574343250202343,passed,150,5.008145722237578
2900,199.16665655642407,4.6256471263963945,passed,198,8.594614227094022,passed,196,5.67781309252684
2901,206.76052608152565,3.4001673835506807,passed,85,8.979349508633128,passed,70,6.131520311634131
2902,183.76749361305488,6.061694731567793,passed,152,8.21855863700003,passed,98,5.968327751514035
2903,166.2062353917291,5.290134524161555,passed,83,8.995203009027563,passed,23,5.403037195284077
2904,149.18312757463087,9.52497844522426,passed,69,8.791859500053146,passed,25,5.005744964491066
2905,161.89603182691016,3.914370155582514,passed,55,8.554436555120404,passed,35,5.942411175666384
2906,140.09531265134348,6.455743891429039,passed,50,8.258245016674293,passed,25,5.08845306184087
2907,168.94559719197804,5.359009685430878,passed,280,9.62524734847079,passed,272,5.670497186085033
2908,209.97247540790957,5.965315055275252,passed,8,9.258694412466383,passed,6,7.608058538460027
2909,176.16329065379168,5.447996361264621,passed,158,8.002157083181128,passed,153,6.42876461843811
2910,206.2819266117403,5.710977692790522,passed,82,10.440585865075725,passed,47,5.110235717151301
2911,165.80381534641214,4.132853344609335,passed,62,8.367955295663322,passed,48,5.448415523016803
2912,141.60386513200712,6.072300427260765,passed,88,8.01833004529524,passed,69,5.32273373669836
2913,168.96622581751873,5.854148749908795,passed,21,8.604656164251967,passed,21,8.604656164251967
2914,150.08067664101543,5.79865075077939,passed,91,10.58043991294484,passed,28,5.013040937435331
2915,173.78310318316704,7.3947687316236825,passed,125,8.076439950953308,passed,76,6.679009256783219
2916,142.07604477423592,5.157984840831261,passed,90,8.278992363706038,passed,72,5.0522059351817195
2917,189.144931622746,4.428552030948604,passed,50,9.14932512241624,passed,44,6.641715768247147
2918,195.6740888801364,4.859824937337299,passed,127,10.60965673737213,passed,93,5.441694350230608
2919,193.57703016717443,8.042099028499571,passed,147,8.211347695650995,passed,120,5.114052158042148
2920,145.73652233735382,5.99722016981287,passed,60,8.006199639482436,passed,45,5.105224765201122
2921,156.62346654514653,4.4662929531278035,passed,40,11.39619158268832,passed,19,5.322702940910684
2922,140.48734669311048,10.426456793808162,passed,42,9.200350276157486,passed,36,5.566698703872852
2923,161.56802511513692,7.0953868929611446,passed,34,9.586310938679944,passed,32,6.2209338053556
2924,167.32120765359016,5.747057540352845,passed,104,8.039238141531646,passed,57,5.491328901525994
2925,160.0152544264601,4.365046996249981,passed,93,9.569852096176179,passed,50,5.217947081778829
2926,151.7002128561436,9.911989385854403,passed,93,8.170417381434024,passed,73,5.078382135305537
2927,147.02471206973985,5.541958804242048,passed,57,8.009628157720684,passed,38,7.302749724787372
2928,152.7058871951317,5.5961253336147605,passed,252,8.196477347197195,passed,189,5.311645117097363
2929,135.75195021445916,5.266809310127874,passed,197,8.808061709671744,passed,191,6.695127471880635
2930,168.0116891576305,4.644829143429829,passed,39,8.286169200061998,passed,39,8.286169200061998
2931,185.59808074207623,3.2793675390540913,passed,137,8.522460222466721,passed,91,5.972806706775846
2932,147.01873167852915,6.495443656691535,passed,196,8.039382995063393,passed,55,5.161988741236212
2933,143.03026472920632,5.580230516597176,passed,233,8.00852656553408,passed,48,5.7995048667504046
2934,167.19765480556413,8.318442163556721,passed,26,8.470594485341177,passed,22,6.850439755669524
2935,161.2119470730213,5.1601224615560914,passed,79,8.098509645623576,passed,54,5.101873525516321
2936,140.13856242505213,9.591437898535334,passed,68,9.029124347155303,passed,21,5.966036892066584
2937,131.39380114332843,7.083799996209748,passed,50,8.62629296884554,passed,37,6.985251220218225
2938,144.51095565065773,3.574933374218009,passed,86,9.320048948459924,passed,80,5.845017718357126
2939,167.7822473130045,9.000738274085702,passed,156,8.055038823834604,passed,100,5.105471312491594
2940,152.47966194722164,7.399585421772437,passed,54,8.94660574443713,passed,50,7.772563231870366
2941,183.59423694763487,4.8440246096001625,passed,124,9.067715526833297,passed,83,5.189072212736567
2942,120.73118073837144,7.534669749024256,passed,161,8.650563717031702,passed,75,5.544735840940995
2943,221.87941741831048,4.915464823599999,passed,30,8.691886280685512,passed,12,5.213197666536296
2944,186.86105205320845,4.330834844666572,passed,50,8.013195021507702,passed,45,5.00074837167479
2945,124.08949596300442,6.238897085351001,passed,91,8.563501668343587,passed,34,5.67329682156632
2946,185.08894017004067,3.537499754196453,passed,89,8.111017008827194,passed,44,5.189988250121669
2947,135.83271988914188,5.127820817058178,passed,32,8.83056465115879,passed,32,8.83056465115879
2948,179.66917333518944,5.324810050507677,passed,67,8.96456562612229,passed,46,5.187499143109209
2949,154.50134415656981,5.697851710977702,passed,60,8.497049359277309,passed,46,5.349210888954659
2950,153.19209561930393,7.586283467625273,passed,26,10.335418833295297,passed,18,7.015886025818574
2951,173.08342875772138,4.205621406489986,passed,58,8.770201197898686,passed,44,5.134184520775142
2952,154.85843041999297,4.209223998924018,passed,100,9.861157072071048,passed,85,5.31928741999077
2953,176.80994838826157,6.539099982121288,passed,58,8.484398832124906,passed,40,5.137870256715282
2954,182.36640454903323,7.216291597904213,passed,85,8.176016271543652,passed,53,5.1348833165695495
2955,178.33092080308904,4.0249224904328855,passed,24,8.072412068481395,passed,18,5.209052127904923
2956,191.3424673631471,5.0731630442668605,passed,142,8.258066274549702,passed,16,5.063043322042882
2957,111.12773203339121,7.728157960064225,passed,111,8.369825343688664,passed,54,6.0023042521891945
2958,168.82038726574123,3.980450372939976,passed,64,8.010880473501425,passed,61,7.8098946730182695
2959,167.68593428435233,5.336480353231608,passed,50,8.390954714087705,passed,41,5.008017854118885
2960,167.77429885932892,7.400136695010086,passed,35,9.061107385040934,passed,14,5.034027368568106
2961,203.54189853332159,7.292641834161162,passed,36,8.001290252949978,passed,23,5.021985495115122
2962,201.8158689407453,4.534451648434472,passed,54,8.156626092160145,passed,46,5.1649330566721385
2963,170.547412271985,7.468842423171132,passed,147,8.11354242584519,passed,142,6.159417785664512
2964,163.79119100895414,4.298483245783586,passed,63,8.688822623636128,passed,58,5.073767299585308
2965,182.56483929781155,3.181188325189503,passed,125,8.596956533276124,passed,85,5.7274866588557405
2966,151.0824681075698,4.064485688147837,passed,66,8.626773816886901,passed,9,6.041395546468231
2967,215.81562199272096,5.8624343926547455,passed,73,10.456837538690312,passed,30,5.068371944418759
2968,119.04718458093745,7.305661334721577,passed,265,9.038443470376967,passed,250,5.005369025501039
2969,200.25435480826513,4.11727607261698,passed,24,8.643044607776474,passed,20,7.21073754159518
2970,144.27980088276132,5.11804203906846,passed,21,8.712344030115094,passed,3,5.311495149786505
2971,174.3675837853005,5.626096212129343,passed,60,9.866613656890477,passed,38,5.316140260200108
2972,106.07542906540269,9.553272214978973,passed,100,8.388906843681522,passed,73,6.370279205999951
2973,207.687052698371,5.048274476801362,passed,45,8.592421991380593,passed,28,6.669727514773105
2974,180.18176838745904,3.8596466840192862,passed,66,8.907973636926659,passed,54,5.152523486987337
2975,164.53928328144292,5.757259258017852,passed,91,8.109527142111816,passed,27,5.0139271517404715
2976,129.87636723789709,6.692487682181407,passed,94,9.33230255529509,passed,89,5.602054602779827
2977,150.18830174243055,11.537325775837715,passed,75,8.134385962029667,passed,63,6.984609327936586
2978,119.4392984989765,7.345840560141588,passed,163,8.7902735007513,passed,143,5.308022044422334
2979,221.82362926521728,2.7394660886270636,passed,56,8.676949525765076,passed,40,7.110888052165754
2980,201.88689200131304,4.988035222419676,passed,94,8.257152805914615,passed,50,5.314217675837463
2981,177.9251013421097,3.39800809536915,passed,131,9.495464794132701,passed,108,5.892396948373779
2982,161.34834238840065,5.707822775880108,passed,100,8.04566322091118,passed,57,5.287242374676127
2983,138.36044182634893,19.295957505814698,passed,101,8.12563384619327,passed,89,5.6826472816744245
2984,206.3678135503739,2.983762717602341,passed,50,8.055252114423572,passed,41,5.161221365296131
2985,139.21997828611623,5.495470509214097,passed,130,11.46063369431607,passed,98,5.001586717038187
2986,157.8593273420776,3.7571938405678766,passed,75,8.363281424774783,passed,64,6.524233369983867
2987,219.56880582223945,4.097629221182909,passed,176,8.66764954337338,passed,89,6.877251257786732
2988,159.46050475726273,5.72931617306462,passed,120,8.329007455321925,passed,12,5.252879269901745
2989,217.4911646196753,4.160640927227978,passed,68,8.56219616968037,passed,64,6.7764974671084
2990,170.57082971844585,5.199841157705114,passed,63,8.828504522192393,passed,57,7.3655426009830105
2991,175.76186931400412,6.058909032809578,passed,55,8.611496144526964,passed,25,5.592519035310373
2992,128.07639251495021,8.170032248053158,passed,83,8.447822803644222,passed,55,5.87482158115733
2993,141.92948302880083,6.612747179970412,passed,94,8.763406643564187,passed,77,5.127470938465573
2994,165.12458723411157,4.6178097856931934,passed,108,8.649906986637546,passed,103,5.053701481662176
2995,147.89263325059832,8.704693987193743,passed,166,8.252673689761503,passed,159,7.501054528521189
2996,196.34879844303316,5.847923393280922,passed,28,8.048712970739214,passed,18,5.974058068405785
2997,182.76107865283416,5.271801794073793,passed,25,8.079816787132565,passed,24,5.9132809777506345
2998,164.24664015997985,5.802804068208999,passed,28,8.01190746917566,passed,8,6.796873691901162
2999,159.81377537174518,6.925375290054321,passed,120,8.356362697030173,passed,16,5.1537784366630035
3000,176.11430760309082,5.646958197619156,passed,57,8.960933658823379,passed,40,5.038081427581154
3001,151.96500468421976,10.386313935094934,passed,148,8.974595640079052,passed,116,6.4300540993966315
3002,134.69557816589707,4.814897137176324,passed,94,8.351905944919169,passed,23,5.998496667178399
3003,179.06917267546177,4.310486388114381,passed,66,9.215535816779742,passed,63,5.191547537014873
3004,163.53326816985202,9.300275084069815,passed,225,9.136148827028624,passed,133,5.72726217187578
3005,159.64217122238077,7.283180135607045,passed,28,8.018850154844781,passed,21,5.477563018126408
3006,173.70521082279367,6.879948497151764,passed,77,8.750662873829596,passed,28,5.338037370137538
3007,154.10892460737023,4.930534654281332,passed,100,8.039056188838822,passed,76,5.348298262071505
3008,147.054298140333,4.666766686504861,passed,172,8.002940978583561,passed,91,6.223985686126543
3009,160.81723873813368,5.210120278752593,passed,28,8.104204334976384,passed,24,5.586114037931456
3010,210.2317252679668,4.228539359105692,passed,43,8.44921321219141,passed,27,5.003679107152936
3011,162.0835815004833,10.510356843643407,passed,199,10.095214759005167,passed,17,5.231120068763095
3012,143.05201795035632,4.511819946237281,passed,157,10.607205093118676,passed,75,5.510625558477322
3013,146.27032425293498,6.730603338791316,passed,58,10.00112661845478,passed,49,6.192936584864572
3014,212.36049302985487,7.052549959898174,passed,58,9.13643199262113,passed,36,5.253893862364611
3015,149.6556141762508,8.202614917081945,passed,58,8.534787008785472,passed,52,7.040850990511172
3016,198.84788788473088,5.159440993413627,passed,109,8.906569114229113,passed,29,5.259645396140411
3017,130.56043033899834,7.707997404043204,passed,125,10.085857674568931,passed,7,5.377428968328757
3018,141.24474747433376,5.994983012877773,passed,67,8.879740469776308,passed,50,5.993250516273441
3019,153.05777660391504,4.7223915043812115,passed,22,8.429715544040794,passed,12,7.845626126464467
3020,192.68654755108327,7.081744724225268,passed,98,9.239578531299998,passed,36,5.410833712008434
3021,145.43563527011818,5.509418072580234,passed,70,8.078456864886974,passed,63,5.209725526839559
3022,157.7260727729647,6.708018951251575,passed,22,8.850346350463445,passed,12,6.34336511994853
3023,171.60663019001748,5.41626945832786,passed,28,9.218846191461738,passed,19,5.703244350417003
3024,181.80629702536453,6.249413230332372,passed,125,10.001584325434386,passed,105,5.143599897285744
3025,175.23185708781588,8.206525445631835,passed,38,8.524412606787557,passed,30,7.9285347224516745
3026,159.68157714786614,6.207205466909693,passed,219,8.60048781771745,passed,217,6.02268389463847
3027,171.8147633545096,5.777152779512985,passed,38,8.010617908001127,passed,28,6.9184959667158985
3028,155.49839307152862,4.897566304366193,passed,80,8.04496458103019,passed,35,5.206450298010257
3029,191.61281000486684,4.275834365852633,passed,156,8.401288123589445,passed,101,5.01915914534683
3030,154.13967653383668,3.796880521767155,passed,62,8.536134093845572,passed,39,5.266944922126204
3031,126.04706946352464,4.70126124427021,passed,22,8.708734709184451,passed,18,5.618880386630987
3032,134.91191059037737,7.824813389319307,passed,190,8.17763431792924,passed,30,5.9803479879635635
3033,161.02253967340855,6.899907061699717,passed,85,8.01142172249467,passed,30,5.706083052127786
3034,160.08341895357415,4.824360676961402,passed,104,8.020207312307637,passed,83,5.518181064332994
3035,145.31236034989794,7.4550483586862395,passed,89,8.389557648272628,passed,80,5.736548843240796
3036,137.03472671700675,4.343627057772002,passed,96,8.908225340020625,passed,50,5.454060535114502
3037,100.97804945625977,6.102592119047576,passed,119,8.588946834073209,passed,101,5.45992875314234
3038,135.76206966886676,6.059631814223049,passed,28,8.704727386980625,passed,20,5.381443721700641
3039,156.51426839940194,5.708939239173544,passed,132,8.7883292412841,passed,80,5.953757184846409
3040,204.56766383965524,4.912185270983831,passed,48,8.338078899283818,passed,16,6.943522180100237
3041,170.3943287636039,7.745595399616688,passed,8,8.351320622395853,passed,7,7.640043557707532
3042,166.3391797704479,8.559333460748572,passed,145,8.113892826764225,passed,101,5.899487645500767
3043,205.90772282686123,4.435458090764289,passed,63,9.049371123408667,passed,40,5.1911637168044145
3044,157.8997075875706,9.769485744356846,passed,69,8.250560396654594,passed,7,6.504042809959509
3045,164.48297043792945,6.105591102068017,passed,131,8.385447293754677,passed,127,5.416775513351779
3046,153.71781933252228,5.416379774572698,passed,113,8.966474240686217,passed,44,5.450230119768151
3047,160.062655054601,7.2124956884103515,passed,80,9.109851621835997,passed,12,5.2638807044136815
3048,179.63909785298014,8.114487513655753,passed,154,8.591946323662757,passed,126,5.177410812211325
3049,189.81620350639824,8.447333173565132,passed,159,8.489379380626772,passed,158,5.614107164603888
3050,190.46775123141853,7.0154873086685345,passed,146,8.1565455455753,passed,27,5.338660814376173
3051,169.2947324652969,7.475094099017587,passed,149,8.015755385752833,passed,110,5.423516642320569
3052,181.95880996382482,4.632861536144419,passed,24,8.375724542046491,passed,16,5.146332971853473
3053,218.6356950125336,6.076036780502904,passed,13,8.355908368300756,passed,1,5.26928066444583
3054,159.32131470304233,3.474229769240953,passed,55,8.021925469716805,passed,35,5.287084744080683
3055,149.16238283658,4.928620445058194,passed,65,8.466742600189491,passed,53,5.813773334886729
3056,174.34548180975776,14.346236649157934,passed,28,8.012173751407481,passed,24,5.906324038097965
3057,167.01326632067176,3.730818929976887,passed,111,8.02092280650777,passed,50,6.470553295770287
3058,172.847362398556,5.0387271388467765,passed,68,8.122424310236331,passed,43,5.876671528303934
3059,155.80952649466474,6.516987072171103,passed,159,8.561735482226096,passed,109,6.432896155753953
3060,123.58120719895633,5.824353793061125,passed,85,8.675230015739599,passed,76,5.8072835872533535
3061,179.78773853980238,5.199393023347449,passed,30,8.395670713067084,passed,21,5.293508726264395
3062,149.1304789474756,6.330918405236112,passed,13,9.999638491581564,passed,3,7.740837540808143
3063,170.5890902575734,3.6853985556104183,passed,13,8.012751624549974,passed,12,5.777753287032739
3064,188.71822563202585,3.4213380506390787,passed,104,8.767386225002438,passed,90,5.384743197365394
3065,114.09355606959704,7.448149101525335,passed,221,8.37487699339572,passed,46,5.213331982403058
3066,171.2843662438107,4.20743619078044,passed,66,8.840737045369806,passed,42,5.371166475897149
3067,168.45586731213533,8.628517791975195,passed,185,8.422567476232935,passed,149,5.364158268935126
3068,206.08127944853973,4.22572091703257,passed,214,8.952432389532362,passed,77,5.638675614969224
3069,189.83530783640558,4.843328558834371,passed,56,8.019652491706575,passed,37,5.833022847869751
3070,213.27951114367232,6.270414149215508,passed,207,8.217380155574073,passed,135,5.414973954176627
3071,109.31146290767929,7.299068904862666,passed,131,8.762924145553374,passed,121,6.610559226135693
3072,176.4969608149288,4.32170739347709,passed,71,10.261476074379594,passed,25,5.1694790990101325
3073,206.048654707866,4.427709803794512,passed,68,8.009037165272037,passed,54,5.759051372773705
3074,142.74670299372366,8.22074482205438,passed,212,9.071772123284116,passed,164,5.040185924653895
3075,167.51894607618212,6.185023039019969,passed,85,9.688732336746497,passed,52,5.009143012897432
3076,176.4029240091253,5.738358167272262,passed,73,8.072385986562104,passed,69,5.057150542163047
3077,151.14005229589543,3.8322393366460603,passed,97,9.328897433721695,passed,94,5.461450450174299
3078,171.25418978278887,3.83697240758739,passed,19,9.939885462692777,passed,3,5.376607390094623
3079,149.81320513345696,6.942516159961169,passed,249,8.475746874333389,passed,140,5.174406684334598
3080,139.67893568539944,8.01797780259674,passed,188,9.882092412842658,passed,89,5.023194279471066
3081,164.3890832961433,4.794793162013057,passed,107,8.009609881487044,passed,70,5.790085507558507
3082,170.82173485874006,3.6411856409030476,passed,95,8.12618925124584,passed,50,6.086290450735188
3083,156.58562023000945,5.939537593783838,passed,67,8.547204612142112,passed,54,5.772459805324703
3084,198.13189446971293,5.112139867708034,passed,37,9.707208598106565,passed,27,5.639231824338764
3085,134.0292831679032,5.729086903674785,passed,122,8.863019158067885,passed,101,5.565512074609669
3086,188.9716505204657,3.7299843107915454,passed,64,10.517674899547579,passed,50,6.061694163607445
3087,151.72960749240104,7.25129770262051,passed,100,8.299662935180807,passed,100,8.299662935180807
3088,141.88903451489864,14.872271217396053,breach_static,240,-10.324745563087456,breach_static,240,-10.324745563087456
3089,153.26797743653233,6.359477237602739,passed,140,9.088189541291136,passed,135,6.2561123133098695
3090,157.8601018143774,9.528951850456796,passed,55,9.405280888120648,passed,46,5.278829313395761
3091,190.8852664979298,3.301034817889587,passed,45,8.123335293298206,passed,38,5.017419642758658
3092,186.8202438581652,6.550472082393554,passed,138,8.116761236196757,passed,122,5.00087273322547
3093,185.19399720509318,6.856906475628454,passed,119,13.14648078867231,passed,104,5.3904992753568415
3094,151.68303775326984,3.858766034186043,passed,59,11.020847458580874,passed,48,5.568726182493111
3095,231.24355391742733,3.2088948560377895,passed,71,8.301761873169134,passed,26,5.460795295198473
3096,159.72582097280258,6.033489293075508,passed,80,8.84003072412931,passed,50,5.423083488887648
3097,190.37985855187168,6.6453457507639495,passed,59,9.399780333200592,passed,37,5.924334566580924
3098,189.54760764128528,5.057021300476335,passed,119,8.146360469266778,passed,101,5.537820066441768
3099,126.2219020811691,6.17498420893782,passed,77,8.005509388545029,passed,54,5.012742399950865
3100,162.81072784058196,6.036272136720245,passed,172,8.066690492020289,passed,33,5.978222854487769
3101,128.99306980308353,4.335327557423569,passed,109,9.245489758671477,passed,101,5.131026275500039
3102,161.88736620736486,5.230485940377713,passed,64,8.034506155769128,passed,40,5.248669708942844
3103,218.844957352433,4.386430405573467,passed,59,8.57448443552058,passed,8,5.694239554213509
3104,150.8672144326463,9.007347217739548,passed,395,8.301632649264224,passed,297,5.394543495548221
3105,155.84635520679316,4.545848963172581,passed,60,9.211604890225434,passed,36,6.1355457760642995
3106,205.62519676598689,3.8966284020779334,passed,78,8.38198050325678,passed,37,5.990738023262465
3107,187.0554865372593,6.256821598194459,passed,98,9.444111946857436,passed,60,5.407212880129775
3108,188.73127739686862,6.083840408726935,passed,91,9.78380731553139,passed,56,5.511768257506544
3109,175.24438255835747,5.26679538063611,passed,85,9.230765788705074,passed,76,5.001889727812592
3110,140.30910451462114,5.922704338090054,passed,218,8.170337273112604,passed,52,7.2213174295270965
3111,178.53889252698485,3.2448633104124074,passed,66,10.093062077196802,passed,57,5.7480630388729415
3112,161.19630010065578,4.095175153183831,passed,27,8.13196162245764,passed,3,5.31231107417609
3113,176.3102376962663,4.472675516843921,passed,46,9.020358795599082,passed,28,6.220727323888942
3114,141.56327151054722,4.193658354651492,passed,36,10.094116827880907,passed,21,5.108412588549105
3115,163.39825517789245,4.2562689487244505,passed,109,9.240229228079656,passed,96,5.61677172231283
3116,173.3744066390738,4.469690799399158,passed,60,11.627268921989797,passed,36,5.572536116203564
3117,181.62908797840157,7.170763426355475,passed,26,10.210393137983198,passed,26,10.210393137983198
3118,183.31003963783323,5.368882553147136,passed,105,8.45282417040547,passed,101,7.235818659604676
3119,159.08529796722576,4.739899161228825,passed,59,8.00049073229756,passed,58,6.3515768890782365
3120,124.38795156850438,7.101739240013105,passed,97,8.255920661044192,passed,85,5.0219605590443805
3121,188.3574692973188,3.0363733229663135,passed,191,8.284189575402667,passed,89,5.487580423343297
3122,105.76257641206865,6.853722992416224,passed,127,8.277682147502974,passed,50,5.989818311697626
3123,146.80862816492427,10.703033680686739,passed,55,8.152968890658464,passed,19,6.055131632731947
3124,169.1274408178145,6.794482871632885,passed,35,8.305973419481361,passed,12,5.184174705522082
3125,127.38143857757693,6.659455312374201,passed,42,9.235391041044538,passed,33,5.268312867767011
3126,231.1612275457254,2.2820561185599497,passed,83,8.103227903131094,passed,50,5.547814642333382
3127,169.4422121265312,5.725275033319073,passed,101,8.058912990402822,passed,52,6.607782756285263
3128,144.93820043746354,6.035020398459818,passed,53,8.351109489222953,passed,53,7.170680266429108
3129,130.0300005752495,6.6905073749102835,passed,41,8.065955920046687,passed,18,6.461662712238203
3130,164.3684204875512,4.884267864776481,passed,73,8.36508596593677,passed,40,5.234892729324092
3131,177.5551273832858,5.244033725922286,passed,27,8.251320246140082,passed,27,8.251320246140082
3132,171.02454032059694,6.949101253880932,passed,76,8.773605657557226,passed,59,5.16502691600258
3133,160.01371288094583,5.493129144709166,passed,195,8.02663134692796,passed,176,5.015284731363456
3134,165.61990227365416,4.417167385220192,passed,132,8.000895708834754,passed,50,5.145484915574472
3135,194.01232752278514,5.048596600559743,passed,77,8.447452420415335,passed,66,6.423737836283405
3136,137.350724661326,6.719306786853868,passed,44,8.017028914703172,passed,28,5.110438760636016
3137,179.77732444950328,5.02808610030256,passed,94,8.094122788035985,passed,47,5.8510217298385125
3138,172.6486798113442,5.519857617107702,passed,27,8.612227843794473,passed,6,5.639777490239184
3139,201.9840518495582,8.01993760551261,passed,107,8.107958378115821,passed,100,5.534625956650352
3140,158.02283094198705,4.647718220674315,passed,86,8.323617527550887,passed,66,6.78284236595732
3141,179.3730530343181,5.192492067919166,passed,70,8.142428215580932,passed,21,5.051229207797325
3142,153.5862472307048,5.425069946680345,passed,154,8.2824899364353,passed,88,5.033804095403771
3143,183.56705121267623,4.915746924224453,passed,59,8.260320690788703,passed,50,5.779478507675506
3144,227.602186996682,3.4980462716942315,passed,59,8.835766873481333,passed,48,5.84241426863501
3145,171.56899232757485,7.133150229188755,passed,75,8.167428284423849,passed,14,5.048679457005756
3146,192.95747991739032,3.8223821658446537,passed,59,8.005963587260112,passed,59,8.005963587260112
3147,183.72383728996144,5.602942246598328,passed,41,8.54040609313409,passed,12,5.000038022657183
3148,152.32143030622547,5.358377503712672,passed,38,9.495940012369864,passed,13,5.16808416232748
3149,183.1786118880872,8.898115977571798,passed,38,8.625099233958334,passed,20,5.247616267521971
3150,134.0852416409592,7.436034313356737,passed,49,8.383136990869634,passed,18,5.24787433628946
3151,208.04100330964954,5.417091423202595,passed,54,8.485082140759914,passed,46,6.1701196199734465
3152,156.14152066937555,8.088004511416575,passed,64,8.446563419537068,passed,58,5.532746012137646
3153,154.78234052516302,7.343656337317957,passed,53,8.006317189940294,passed,9,5.244662355497143
3154,184.91418176269048,4.937479206396599,passed,69,10.539363847380656,passed,55,5.512182632329821
3155,177.10919611703298,9.210544213071994,passed,59,8.014734145679725,passed,42,5.630095468057839
3156,178.74716129518058,4.569302349102363,passed,80,9.866734053859826,passed,31,5.001960916942072
3157,158.6095409307033,4.5531666150885535,passed,83,8.019127065142339,passed,50,5.001890501575557
3158,183.98591893789563,5.3244219560252475,passed,82,8.181051362679504,passed,50,5.480670664407072
3159,132.29133785946584,8.141602009645341,passed,40,8.340543631096264,passed,18,5.428922961443483
3160,205.0400832333791,4.639422571695732,passed,145,8.335726281426314,passed,63,5.476933463703637
3161,185.40892681210136,5.583305350139063,passed,59,8.165225904485517,passed,40,5.5924054039015125
3162,210.89161001579632,9.770311015528769,passed,22,8.117215618420959,passed,12,5.098458795999816
3163,128.04329436040746,4.441419486472664,passed,90,8.144092295182915,passed,39,5.002399048267159
3164,156.07513949165443,6.317849364510578,passed,127,9.49985104639497,passed,12,5.251605132140447
3165,200.7069929127367,3.3746150938383033,passed,56,8.01791967361407,passed,38,5.621089595256934
3166,169.37242558124206,3.0993090771773075,passed,77,8.649422280265506,passed,48,6.950150403159827
3167,130.46609815398176,6.43145273450427,passed,158,8.495639240035002,passed,136,5.738561685743582
3168,151.13506325836806,6.797697575294752,passed,98,8.44338363261361,passed,80,5.514668822661317
3169,159.2320064367402,3.4247417781302545,passed,38,9.094665151629755,passed,23,5.272611862616272
3170,132.6664012229759,6.548335960444899,passed,150,8.683703245236796,passed,66,6.989783455162613
3171,144.8122793664981,5.013228937571196,passed,46,8.292495312960524,passed,22,5.5851182129531995
3172,165.85428745302212,4.236508232885088,passed,36,9.307526062335869,passed,21,5.256396141969422
3173,161.90682982151304,5.750511067949709,passed,213,13.03851231435955,passed,142,5.332069357798197
3174,134.84487219117352,5.552340694160323,passed,109,8.183505490304,passed,4,6.363200404362646
3175,186.1223815546311,7.338024414283531,passed,110,8.231279734881603,passed,3,5.2325234257927455
3176,192.73212880015262,3.9370779999174688,passed,98,8.861706069800013,passed,19,5.776710436127552
3177,173.2533681641037,6.478125337657173,passed,43,8.442484426885244,passed,23,6.569231625525562
3178,151.96416932992344,5.195108880028818,passed,168,8.1681400088355,passed,103,6.390376476899862
3179,160.6616565992517,4.98437746729042,passed,134,8.425245227499989,passed,51,6.945748792423023
3180,173.98700253378405,5.005601975423937,passed,79,8.891870056568818,passed,5,5.649078933149454
3181,153.06083070495586,7.991552518816181,passed,94,8.695691098688819,passed,76,5.571722441579463
3182,173.01426631257874,4.083974031647983,passed,49,8.645351406685876,passed,34,5.103661116407476
3183,191.1165824996749,3.6816852726252547,passed,44,10.301647711179607,passed,40,6.018296087029951
3184,95.46822751126302,9.15736891929438,passed,55,8.61262856654086,passed,15,5.4678229726417005
3185,170.53639549867916,4.400228174095053,passed,94,8.502004550603814,passed,26,5.7500876113642185
3186,213.8561040572768,5.234047506895628,passed,81,11.114573955256525,passed,59,6.206337737755985
3187,145.3785203702347,7.290663947289858,passed,15,8.441361448575213,passed,13,5.238332387456435
3188,171.24684267464022,5.006762300360559,passed,94,8.281221494313339,passed,65,5.081605979541992
3189,76.508373114782,5.959244628792992,passed,87,8.855910292748481,passed,73,5.525420504772072
3190,173.67685083882023,11.427622980501638,passed,354,12.036237872234068,passed,258,6.237160001273523
3191,211.85816976589592,4.38864491804895,passed,85,8.495530437785526,passed,32,5.007949331067252
3192,197.40916307636084,3.2725874101973953,passed,63,12.043368886754525,passed,56,5.196770621156777
3193,167.63725870443008,5.508946568724775,passed,64,9.82057166597976,passed,51,5.328757722369448
3194,206.5860570298456,6.621737724405155,passed,94,11.284085373985286,passed,89,5.2154613246412795
3195,182.9827284422607,5.550854667408957,passed,50,8.002184455691786,passed,26,6.8439781550656775
3196,124.82244179761861,5.955349715232936,passed,50,9.378694830459722,passed,34,5.295885627475072
3197,167.14031825773407,5.142251764520246,passed,104,9.373547094707813,passed,98,5.0943688996514025
3198,179.33340403876898,4.605738664105595,passed,22,8.740984661648255,passed,16,5.6063860591225145
3199,185.52079282652284,3.869757948444767,passed,131,8.971601168959808,passed,101,5.75095437615214
3200,181.33294110628836,3.0643788921368156,passed,62,8.488997943799447,passed,48,5.412665989416676
3201,170.20042345163193,4.532106798315409,passed,62,8.014661873599426,passed,10,5.398125688496624
3202,155.32415663099326,5.5503903873383695,passed,71,9.573396276847234,passed,65,5.943504378425346
3203,197.35725141245263,3.8698480470247216,passed,141,11.475167410958843,passed,46,5.008653171802813
3204,218.77248236913545,4.129695578818993,passed,83,8.908059965191594,passed,74,7.0285491342073625
3205,209.07889018380556,6.389501638032518,passed,96,9.536352266183211,passed,83,7.055384218081118
3206,122.67891020953145,6.693577847091984,passed,58,8.357523425267853,passed,27,6.1037900720598115
3207,136.147487972446,3.4385961801688936,passed,213,8.043165378100149,passed,91,5.276501013392476
3208,201.06228415402913,4.851825396442633,passed,62,8.642091465427605,passed,15,5.102257156346868
3209,131.88022057151082,8.024131270578323,passed,158,8.285470482578727,passed,137,5.393387840973118
3210,152.76519474417444,8.226737840640103,passed,336,8.051368792532765,passed,308,5.015765892767066
3211,164.0075137284389,5.377638281130808,passed,83,8.436930160830979,passed,48,5.3197961067682265
3212,189.3629207071732,2.891846010899381,passed,81,8.33870009325155,passed,80,6.922207715552431
3213,195.97285988195824,7.177440199879374,passed,100,8.272260833001098,passed,81,5.429615683112954
3214,157.06222279213912,7.33868977604536,passed,180,8.291424549181347,passed,171,6.941898110855704
3215,134.87579248410796,5.965721720178553,passed,20,9.722135389604558,passed,13,5.3497435795801795
3216,129.52331003139938,4.522617935153121,passed,66,8.100128258775285,passed,39,5.746592556688945
3217,209.41949666408894,8.495674748969272,passed,23,8.170312196774931,passed,13,5.780115179352552
3218,141.78888579152314,4.201721602516339,passed,143,8.062728668587816,passed,94,5.005005497982418
3219,181.28725182976123,9.360187131078696,passed,62,9.60937628303169,passed,46,5.0734602050865885
3220,144.29046107433726,6.527953644959979,passed,76,8.278155929879238,passed,76,8.278155929879238
3221,160.12540111381549,6.42927392157983,passed,102,9.017210422909372,passed,100,5.3014149842962155
3222,154.5024631153835,6.125771760890361,passed,72,8.10419901541466,passed,65,5.460467809900038
3223,139.78452280404207,5.791645926871746,passed,50,8.359972220187938,passed,44,5.8430941332781705
3224,152.52545299799544,5.628574726835085,passed,105,8.585432033997797,passed,100,6.367891651513213
3225,166.60516548136206,5.547585155324213,passed,169,8.851920573852446,passed,33,5.928725813319868
3226,166.4756614002116,3.9351079642275897,passed,96,8.314312230507559,passed,81,5.002740732220889
3227,134.1301423223901,8.64109719109305,passed,276,8.139364057896415,passed,252,5.108209792087548
3228,169.29911721469546,4.902439715360337,passed,123,8.227135174716471,passed,16,5.026043954748993
3229,209.66753636883695,3.2852640358213248,passed,59,8.083558429057348,passed,14,5.064348792812834
3230,173.19445475786597,5.88317211323352,passed,63,9.047244371297847,passed,27,5.791304811298881
3231,153.68243033231755,5.985601846899852,passed,65,8.043761943146666,passed,53,5.532696575003637
3232,185.57766319669878,6.097518655051417,passed,91,8.280997769994624,passed,77,5.065094831945149
3233,139.52710700832483,9.885476532692135,passed,22,9.835281221393167,passed,13,5.408472265682751
3234,165.7062463964536,6.072190536973012,passed,55,8.112925825801277,passed,36,6.206029156059989
3235,139.3778480471299,6.46606741719183,passed,86,8.214237357156652,passed,76,6.816349782618736
3236,169.0731393295176,4.441636125640542,passed,83,10.540690126591734,passed,56,5.13036606014543
3237,157.42169848686004,5.436382322218978,passed,87,8.224430730448784,passed,71,5.206840952184266
3238,202.0585592728271,5.712933695051233,passed,68,8.234037906134972,passed,65,6.093813367788781
3239,167.41836630472346,6.399725387022852,passed,111,8.311581675486446,passed,104,7.0397347056195825
3240,171.36690963078996,3.6456684060822178,passed,7,11.066790748248966,passed,4,6.969949171327916
3241,153.92073026249088,4.346848464495105,passed,62,8.888670454489134,passed,22,5.121101745596457
3242,119.15137285799969,5.5828369415607515,passed,98,8.072665196837981,passed,53,6.986481683464452
3243,164.7718113514922,3.960925162130962,passed,65,8.018657411817841,passed,63,6.379249884823568
3244,157.66987626467147,6.088019475459629,passed,216,8.865191965712938,passed,37,5.836666188737816
3245,148.63847051399586,4.404249031483872,passed,82,10.308120746505956,passed,31,6.0942378558690224
3246,141.41880464586953,4.597996197754685,passed,50,8.462061720453985,passed,25,5.459850481694972
3247,199.46421621784668,2.9388756928058637,passed,36,8.248175930039526,passed,19,6.18815790032432
3248,138.96688541613207,6.459416663610174,passed,59,8.343567710636425,passed,54,5.85622167711719
3249,176.8284664575825,7.917067470378862,passed,50,8.690710216018061,passed,24,5.247252373582145
3250,225.4366054826097,5.3313536166796105,passed,89,13.371543578712908,passed,85,6.025286504260841
3251,170.7230554328658,4.826962803215923,passed,73,8.717469981459146,passed,65,5.0829215682483
3252,145.64040698738566,4.740972618687511,passed,63,8.00999681266843,passed,21,5.831258580814147
3253,200.96413143914052,5.943232904554714,passed,100,10.53983435034831,passed,32,5.302859435783569
3254,161.12521885729768,9.642537694864636,passed,369,8.126053824692981,passed,333,5.551581295702812
3255,200.03717278617614,6.2250478605150015,passed,111,8.37599029595706,passed,111,8.37599029595706
3256,213.9002283580599,4.688355213505182,passed,116,8.92727110711764,passed,76,5.085440049616463
3257,134.4550976112924,4.60920348773296,passed,82,8.014904362030894,passed,24,5.014320838045139
3258,185.5861321732072,4.697933626335892,passed,94,8.492522764803855,passed,91,7.242640832441749
3259,165.29391053374366,10.90738579558,breach_static,208,-10.821776094510572,breach_static,208,-10.821776094510572
3260,120.96373133088076,13.59897042557624,passed,66,9.584358624551781,passed,57,5.272065945286575
3261,182.82438928962986,4.936636364631656,passed,81,8.003498993812741,passed,70,5.102263820358233
3262,189.23842358885165,6.509246519176232,passed,104,8.979347792876236,passed,70,6.495102709282929
3263,169.7717048917395,6.998526511065699,passed,58,8.032472669523383,passed,58,6.889615250939163
3264,170.2043219305964,4.953792514577675,passed,84,9.05095705896304,passed,27,5.104055186473966
3265,161.41831528826143,4.622813855351183,passed,91,8.462890207408048,passed,82,5.452076467812095
3266,202.6899328861092,3.6469926327783404,passed,35,8.045479920717359,passed,24,5.948573307205951
3267,152.97117566720445,7.161892359169536,passed,59,8.246588135224385,passed,27,6.022464525202431
3268,163.5806653236051,12.11658453699017,breach_static,64,-10.423030219289942,breach_static,64,-10.423030219289942
3269,203.08976863543253,8.141715789529693,passed,43,8.12920318929249,passed,15,6.6315630109374135
3270,144.04844963283327,6.8707046027868826,passed,28,8.32807681033383,passed,12,5.341575506412388
3271,174.42120808299654,5.608411569085985,passed,98,8.985759842846107,passed,89,5.357793691368751
3272,158.20132567153794,6.23768138347703,passed,91,8.065798600015395,passed,26,5.608976962245005
3273,189.20570049847117,10.106534552981524,passed,242,8.097793188874913,passed,148,5.109280217867096
3274,147.79437153336468,7.984413223450344,passed,85,8.764955017448761,passed,35,5.448173803599676
3275,197.58427046902221,3.6262249804831628,passed,73,8.01961135063818,passed,66,5.582218287943697
3276,111.3785946038004,7.239497923019905,passed,60,8.007319509299716,passed,20,5.663147138112046
3277,168.30851932890752,5.795237261027588,passed,105,9.181314140194319,passed,37,5.647874978134659
3278,154.14294999304823,8.015713625408415,passed,101,8.669231347262517,passed,50,5.685282845898754
3279,151.64888922605007,5.74048650152602,passed,88,8.168638918474901,passed,59,5.287989509651703
3280,150.06146836645007,7.408319747692747,passed,37,8.035380284998217,passed,24,5.9727428308427255
3281,207.41358924392773,3.316634151405086,passed,85,8.059610845878161,passed,40,5.574149303244402
3282,231.61010105065068,4.203139596747276,passed,76,10.741475352900931,passed,14,5.456550004349592
3283,109.56378027084268,5.167687559977868,passed,125,8.683760333520052,passed,101,5.7879204538948015
3284,226.18082763259153,3.6511153992028755,passed,28,8.119311346206736,passed,21,5.548232818324683
3285,161.14294828497697,3.876208114559718,passed,98,9.863074732952072,passed,49,5.25056982097154
3286,150.2719342127047,3.5728233487675225,passed,81,8.264758480941993,passed,44,5.5522278085414545
3287,190.04956738857342,3.5420126810764465,passed,46,8.01199976648359,passed,42,5.758908741985369
3288,147.5345814552622,7.759336717834145,passed,101,8.374976850787895,passed,85,6.0324787822198855
3289,173.6511620664023,6.1609870050708455,passed,76,9.585850697931363,passed,72,5.785205604821453
3290,136.13190395099534,6.1028557739855325,passed,107,8.288344028523365,passed,92,5.2418220761189405
3291,143.04764651510484,3.755396796131178,passed,244,8.016770099858128,passed,158,5.476684477976423
3292,159.2104183883019,4.6520011672763895,passed,97,8.155666169707132,passed,75,5.294279148395864
3293,193.25377335056095,4.844475087964828,passed,123,8.029669921467676,passed,100,5.058090970574969
3294,121.99188804816839,10.156379504132024,passed,90,9.428409058577735,passed,67,5.332314129371962
3295,201.19189862034577,3.778423538602903,passed,17,9.460870118592313,passed,16,5.43915426766608
3296,171.29333600670066,7.63553620695649,passed,67,8.451705779068842,passed,33,6.273654847200727
3297,166.57754108739798,4.186251962320978,passed,75,8.315579803259944,passed,54,6.16599558362827
3298,147.61630356356127,4.565992864206728,passed,110,8.595145490300649,passed,103,7.249481040427774
3299,167.07864482853,5.757721101424283,passed,189,9.218408107503429,passed,181,6.1945703745867275
3300,163.35417015956088,10.41332815348088,passed,10,9.543372204669588,passed,7,7.216456557655615
3301,168.11917532443692,4.85995548451994,passed,58,8.001118875220081,passed,12,6.192063750264065
3302,199.42696180054548,3.8835613097523836,passed,18,8.422492118622715,passed,5,7.061041577970695
3303,129.03944347736694,6.91281193373013,passed,149,8.632979037984988,passed,131,5.523595161912276
3304,162.87509609805818,4.109588406353583,passed,95,8.381205296558814,passed,25,6.107270499678941
3305,121.67405646400424,8.38923005297128,passed,224,8.02417065037102,passed,54,5.088048972680181
3306,158.31331507762724,5.9459028400884035,passed,102,9.728790442791935,passed,101,5.709215657095568
3307,170.91809551990798,5.193502717656096,passed,76,8.930489601835578,passed,60,5.187754517172061
3308,122.44042076215904,7.290543094100315,passed,170,8.202595555568903,passed,61,5.0224244723902745
3309,199.65530155987702,6.881242490586767,passed,139,8.018293483538486,passed,119,5.010334579610798
3310,190.53083843844848,5.203852009950856,passed,58,8.299348601624112,passed,37,5.278216940120828
3311,156.76227162050012,4.310363362865267,passed,42,8.390844688570986,passed,21,5.276759441469769
3312,129.25584663500186,9.499105407534174,passed,224,8.282635786577996,passed,223,7.925137322905718
3313,175.97522868466186,9.59763646604402,passed,103,8.012531530184997,passed,94,5.8800496505768685
3314,156.1499541109281,3.6404769831486403,passed,66,8.458048092125425,passed,37,5.086941129583589
3315,168.71104105731865,4.048225486083573,passed,78,8.622292066105874,passed,59,5.013556675105391
3316,163.35647418462744,5.4447209043550115,passed,96,8.40155685850168,passed,51,5.0571483888080415
3317,156.3004333173304,5.079983743887804,passed,62,10.76297523431895,passed,26,5.044387160186337
3318,169.62724869158077,7.62783266427675,passed,185,9.405449716506054,passed,154,5.711367598540629
3319,152.31943849333635,9.89832128762751,passed,63,11.5666239157868,passed,34,5.418144342425268
3320,177.901198791203,3.8112608993719563,passed,13,11.029779789195015,passed,5,6.149071978503118
3321,134.21664420988316,9.020465236345826,passed,171,8.26043899970783,passed,118,5.302533163405609
3322,183.37048092932432,4.602972483203394,passed,62,8.039624975545422,passed,9,5.542309589487826
3323,171.0707836841509,5.501672891711478,passed,65,8.352111750043377,passed,26,5.031137341422731
3324,195.39674811207212,5.6409655643522445,passed,106,8.505906079725879,passed,58,5.009441691545535
3325,126.42670952410882,5.323784787132291,passed,79,8.254460728155655,passed,64,7.250032881152979
3326,162.42327614595186,6.521561957256663,passed,59,8.252433064972076,passed,59,8.252433064972076
3327,157.6929375237853,5.569271064352196,passed,71,8.651594477287539,passed,63,5.875671175969566
3328,180.14771553114213,3.8559131240956175,passed,44,8.365833762895747,passed,34,6.498656231351907
3329,139.38548536247407,5.605439539193819,passed,151,8.739029427374344,passed,59,5.129537991681454
3330,127.18175943942893,6.243951007262691,passed,129,8.075471593634,passed,100,5.5947646531508965
3331,155.01687703452802,5.937811355723477,passed,83,8.50696475634043,passed,45,5.157780908145804
3332,160.23054987374437,4.566868964934938,passed,65,8.427854907122988,passed,24,5.373481935251356
3333,146.63552053532598,6.253491812771565,passed,21,8.021535763363064,passed,6,5.469505359008364
3334,175.45853527697525,5.884766054688963,passed,56,8.42029785509537,passed,21,5.413890460658544
3335,157.30446699014905,4.950111331343251,passed,90,8.063439695439856,passed,52,5.283153067894775
3336,168.9330366410092,7.050430692955802,passed,152,8.02937040239744,passed,145,5.55978608397234
3337,201.15886048559074,5.730083737834947,passed,103,9.743273245517624,passed,73,5.098562491649816
3338,190.37189235009782,5.857988238216854,passed,61,8.16335997046358,passed,55,5.173260543287328
3339,116.56557780712747,6.169823815761641,passed,58,9.302968007338475,passed,39,6.031468745648683
3340,210.74953111795352,7.3661396839630635,passed,89,9.307092909727732,passed,73,5.2467813180013145
3341,215.00536778656306,4.186877714996546,passed,27,8.992810884611636,passed,22,5.001450966320475
3342,174.69151394026989,3.987521492930493,passed,37,10.400183500982774,passed,22,5.386163623075313
3343,167.1322254298262,5.35100885692814,passed,66,8.516818884756194,passed,16,5.266647252544598
3344,171.31862049529593,5.972052877405488,passed,180,8.125600662388187,passed,161,5.00587443050815
3345,165.5403146773633,4.505802681767905,passed,34,8.115973768347406,passed,20,5.0346742887473095
3346,180.8739103894814,4.668167593421986,passed,69,8.064337007730193,passed,21,5.840205629343664
3347,237.20041714659814,6.969101313378761,passed,121,9.596775394573708,passed,110,5.7990883162754026
3348,226.0220965117536,3.318444660180929,passed,77,8.97718740383333,passed,58,6.201893589085761
3349,165.28648946184194,6.883521953871545,passed,46,9.376021012188751,passed,17,5.180516966960469
3350,189.5844917192642,3.3402375186785056,passed,22,8.743678388550236,passed,2,5.776673342587135
3351,173.38576940577641,5.151400076786014,passed,49,8.435026039605065,passed,40,5.842737875554227
3352,158.10012130570192,6.386321584984701,passed,33,8.325208294994235,passed,31,5.141713489198474
3353,176.41912475104377,2.955601687939423,passed,30,8.545623515357015,passed,9,5.569783568425035
3354,178.77216251601658,4.33282975775094,passed,53,8.618237202569624,passed,47,6.782064799228293
3355,186.8346081273987,3.1092425016813343,passed,66,9.057001847822388,passed,48,5.590332890373473
3356,145.9707398091334,8.66730658303278,passed,276,9.577745866674059,passed,272,7.021434719939035
3357,170.57988543253765,4.6429200136094275,passed,100,8.746107612057763,passed,65,5.058193625022667
3358,207.7814510220963,3.5233427709718117,passed,46,9.436956845958623,passed,22,6.5852437558100885
3359,189.17231116044832,5.528023748886396,passed,72,8.735046146340618,passed,66,5.009055840150145
3360,202.6024607882092,4.135469467933224,passed,26,8.362597600160647,passed,13,5.6500674524101235
3361,166.10284186440234,5.920276882197823,passed,78,8.100090175047136,passed,53,5.945145453038259
3362,148.04538880541313,7.693706597092083,passed,101,8.15661358515185,passed,99,5.447802027427562
3363,163.20198899271722,4.528979349433206,passed,36,8.171378453474553,passed,29,6.199804104229378
3364,173.592750338852,4.6538512715402085,passed,121,9.53895748742546,passed,47,5.7138519447982095
3365,142.30448087787693,5.860459808702539,passed,71,8.101413105942967,passed,54,5.413302957482324
3366,171.53026794537416,3.7938738577781788,passed,101,9.595650638756336,passed,93,5.941137809327746
3367,165.19670145964724,8.078338017631646,passed,208,8.60032328776066,passed,198,5.959138735096459
3368,168.62715583758495,5.38639731951205,passed,152,8.941098865981068,passed,144,7.371169909690689
3369,157.9433568664958,4.842946814839304,passed,80,9.10201169842697,passed,38,5.408712895175216
3370,118.2108877032937,9.08037266272048,passed,111,8.22001173971023,passed,53,5.131820069500859
3371,195.24758328379554,6.653781646646133,passed,20,8.570541179365442,passed,4,5.02743692225025
3372,178.1557159443551,3.93755077503895,passed,150,8.515276515285318,passed,140,6.311970468623995
3373,154.91337539711617,4.5207284217277115,passed,106,8.74796475591777,passed,101,7.159087169249956
3374,148.30085527791073,8.393340336347196,passed,284,9.052400778892489,passed,123,5.534491308747902
3375,127.82051638863408,7.832171556016498,passed,224,9.38622244920062,passed,161,5.04200298796269
3376,178.77448183932177,4.331158447991539,passed,120,8.003681255533369,passed,61,6.370374062835826
3377,167.9642855928559,4.3707173107400115,passed,62,8.78046538495365,passed,50,5.427592315858498
3378,115.6714829053198,4.950022877257302,passed,148,8.39608084001624,passed,28,5.683422611277478
3379,184.91910825705781,6.570463993143012,passed,62,8.123217870149247,passed,14,5.162177444282201
3380,185.75766083955693,4.2530273670463306,passed,45,9.31291566215493,passed,21,6.952747871016518
3381,169.36586575502747,6.625755372205884,passed,88,9.317750267842229,passed,28,5.007580904174325
3382,155.25282411050654,7.2359378825566925,passed,238,8.470972284528377,passed,18,5.498233244926731
3383,168.7617240369082,5.309408428912354,passed,71,8.645062806611236,passed,55,7.049819333434737
3384,144.7384326981185,4.451439019185709,passed,76,9.877468969322756,passed,62,5.575416313474668
3385,164.4167638501376,5.004909594112218,passed,35,8.013526333114518,passed,21,5.477341059547491
3386,181.8050908909135,4.885307617226649,passed,101,8.128150040681327,passed,97,6.28041116480611
3387,168.29269944601765,5.254184967386117,passed,4,8.184704334200731,passed,4,8.184704334200731
3388,165.64367827820706,5.14939402004363,passed,253,8.009318684746013,passed,239,5.6871372897307815
3389,177.41505801954065,8.541221511893795,passed,96,8.267479303393909,passed,47,5.403933349636758
3390,128.23925905749093,6.334113355285709,passed,56,8.009736121980481,passed,40,5.098744054594362
3391,167.49624092374512,11.149300031383232,passed,176,8.177822878274243,passed,23,5.074484942759838
3392,244.97734001193638,6.775753766609031,passed,37,9.05615494498515,passed,22,5.966448170806715
3393,181.68742656335715,7.145364850573806,passed,55,11.356263110043363,passed,16,5.069275330420631
3394,178.35132319607135,5.908676511226091,passed,32,8.717637503220942,passed,18,6.00811997005497
3395,133.05716445735686,8.361557324877445,passed,93,8.168713950244499,passed,34,6.685677790559574
3396,180.34605776838995,8.622350308821334,passed,216,8.457260857558847,passed,109,5.3954334203011545
3397,194.52014227236592,4.300558506808418,passed,69,9.416031528477786,passed,50,5.929929673001788
3398,159.1650648977287,4.43063294923872,passed,80,8.232916108952981,passed,77,5.026731649667693
3399,144.1724788403143,8.73761730211649,passed,233,8.95720501056827,passed,186,7.098941412244142
3400,182.01134290569772,5.7399516274844595,passed,42,8.266264653287125,passed,25,5.396679787064795
3401,156.1748150051776,4.764563304118174,passed,100,8.543819931281815,passed,48,6.103103002605703
3402,228.57137193000918,7.03280430394555,passed,68,9.307601720029313,passed,34,5.658805031017389
3403,144.59765878485925,8.092927893262056,passed,104,8.37604109194714,passed,91,6.376132938411039
3404,163.39609523004853,6.306293614733479,passed,38,8.772797184935266,passed,7,5.08548024447073
3405,142.74981493707818,5.0655520495313775,passed,34,8.608670711154009,passed,34,6.788636063676767
3406,205.59047229436288,4.268117003530273,passed,64,8.472917030340167,passed,60,5.3481056313520625
3407,168.07674840257866,6.2479219265111885,passed,119,8.417044596336986,passed,36,5.002498028167257
3408,177.233796932109,4.937854982060234,passed,80,8.794152633214857,passed,28,5.267782559951195
3409,151.228157932549,5.612999252553788,passed,46,8.118688024092835,passed,41,5.325985603890193
3410,170.8382197915349,6.159315574574407,passed,77,8.338911207408106,passed,68,7.539620308404982
3411,182.37749847151798,5.926858662830147,passed,7,9.115906642934512,passed,5,5.0828711348021915
3412,195.2008912809326,3.2178149720844957,passed,58,8.752530248529556,passed,53,6.399386285128328
3413,156.56587103729476,6.536119184075965,passed,102,8.200485573547422,passed,34,5.893642628931062
3414,167.81691485097417,5.695618496531693,passed,161,8.001271572125646,passed,160,5.934044182627707
3415,171.35626814596253,5.271644193675516,passed,76,9.23180743052001,passed,64,5.003457276662315
3416,202.0078811674936,11.449444950569834,passed,34,8.52388143996945,passed,19,5.3852216008478
3417,208.66796919843225,5.413561376430449,passed,75,8.279410768440343,passed,45,5.236539333890389
3418,119.48809648922843,7.999012126887423,passed,64,9.682924306617213,passed,64,9.682924306617213
3419,173.97944379389313,6.749071862893461,passed,36,9.733755551274403,passed,24,5.304703043131642
3420,175.6523564789941,2.5784909360646324,passed,38,8.31409028163197,passed,20,5.5588332918961925
3421,162.65858688196656,5.1483106359491115,passed,52,8.598903223655574,passed,31,5.886836966518771
3422,187.30302567428194,5.590873674948977,passed,73,9.308088141607485,passed,24,6.333503548642816
3423,194.81333025302362,4.060643143164862,passed,34,8.623497847464234,passed,32,5.558579454095813
3424,128.17912956865905,5.665708247261388,passed,109,10.040203666663029,passed,89,5.212395836064698
3425,173.87104645395675,5.700817537436537,passed,45,8.285947907182244,passed,20,6.451690513233532
3426,161.3843248568756,3.9369113016225143,passed,226,8.094060545095626,passed,74,5.370562791762445
3427,168.82671479578292,8.413357240778202,passed,58,8.378937518164697,passed,32,5.048467117610156
3428,161.02278178461628,4.928483643805037,passed,57,10.07181052479773,passed,37,5.0300871601181685
3429,185.97768228725243,7.0369252520260925,passed,118,9.783916262982384,passed,102,5.411274576321912
3430,179.26361736502813,4.157938254522319,passed,43,10.039402480123162,passed,43,10.039402480123162
3431,188.43599144049304,7.545604316789864,passed,97,8.032499431638263,passed,40,5.228156859703148
3432,157.676320502061,4.330053232416893,passed,69,9.670263710639748,passed,66,7.061516491399433
3433,199.24895311605943,5.418031051251812,passed,60,8.581698320961738,passed,21,5.013610674026636
3434,136.03835771747578,4.170470214517744,passed,96,8.021990864823403,passed,40,5.9848978838608735
3435,181.48940007006388,6.119786326951572,passed,63,8.045960328912184,passed,49,5.3652176739178215
3436,192.15257777069206,5.14525367532765,passed,92,9.279689269152147,passed,26,6.272897503980057
3437,141.86899006240913,5.248061618853886,passed,131,10.130169237215124,passed,121,6.479253653871542
3438,205.29528669534506,5.776246987030962,passed,69,8.006624405806928,passed,56,6.431904794409138
3439,175.62673918430093,4.2710371499318995,passed,46,8.345405941604422,passed,35,5.746521157007378
3440,158.74286108941868,5.381472339833291,passed,203,8.672735794510578,passed,193,5.61339014762825
3441,178.00374911308583,3.5040754513042645,passed,64,8.039341863814098,passed,56,5.0498392860747865
3442,162.26532172272243,4.77004675234441,passed,81,8.484163585641348,passed,73,5.169330798388572
3443,184.58830161451476,3.6479028834392144,passed,13,9.735582724537295,passed,8,5.002003030604496
3444,125.29637712982047,8.839811825400282,passed,97,8.436137859509785,passed,63,6.67922992816643
3445,143.76974030389817,6.145126480732045,passed,42,8.024669435042187,passed,18,6.846343620773965
3446,173.69702238212977,4.526827645014813,passed,91,8.826620404883911,passed,30,5.00784401194192
3447,167.42675926874625,5.75365042030686,passed,12,9.495991050958065,passed,4,5.098187802766274
3448,173.79773534661723,8.637122610024415,passed,152,8.45866154552981,passed,44,5.206592370704088
3449,129.45997217367213,6.331868828026383,passed,77,10.000892708989518,passed,70,5.630761803895812
3450,126.63009068012916,7.903770313099878,passed,44,8.268308612374131,passed,32,5.95437700722814
3451,208.9140661688507,4.1838499891733845,passed,81,8.13291731410295,passed,78,5.041607111028723
3452,165.44605720239858,5.118761307132806,passed,59,8.477189260757068,passed,50,5.675370380976719
3453,152.01141652526437,9.003579457143712,passed,140,8.494863222804106,passed,94,5.998530033802618
3454,140.4593535952245,11.458200832882488,passed,188,8.091858629640036,passed,12,6.045036963458195
3455,161.4074062842599,6.21529101176132,passed,80,8.610926919373242,passed,77,5.709714375931929
3456,140.0075398887525,9.263867387325826,passed,22,8.96115742236725,passed,13,5.3559628962492
3457,176.67300558116438,6.291593156768309,passed,71,8.550348703009014,passed,70,7.795682052580033
3458,154.7120534993847,5.3233364751023045,passed,109,8.06918347335217,passed,58,5.144607967749981
3459,194.99296243184824,5.4112994130198455,passed,101,9.006590301426233,passed,17,6.022378764207481
3460,202.5265681853711,4.282704633546693,passed,64,8.58939428700085,passed,34,5.875439793528758
3461,166.41764483609302,5.47993280066559,passed,87,8.519040901228504,passed,3,5.759229261125531
3462,155.46747970178512,7.6256592062253965,passed,193,9.516951599001388,passed,118,5.004850459509891
3463,174.02553904108805,4.6254933022401215,passed,213,8.571708889518103,passed,202,5.072580686332828
3464,184.29423521672308,9.165622094266626,passed,203,13.862175363897222,passed,145,5.250394051818685
3465,221.8437820332452,3.571754425646888,passed,26,8.501257630585757,passed,22,5.128565186671974
3466,205.5652231775169,3.5712420246908634,passed,85,8.118051358998901,passed,69,5.015292867020937
3467,181.5507971114651,8.610358987091542,passed,228,8.06566917473499,passed,227,5.635048842054502
3468,183.30269625524576,3.35399804918918,passed,21,8.781084935651284,passed,16,6.028262726031652
3469,184.55918468716158,8.037201895653522,passed,65,8.674856946912746,passed,12,5.344424468347175
3470,140.95256356087913,5.453236204218601,passed,32,8.339835076881252,passed,13,5.774034963299934
3471,148.7367724807893,3.9786177169716948,passed,55,8.641073846385193,passed,26,5.00844666166298
3472,203.98553536207808,4.714149373358252,passed,59,10.279717499580299,passed,20,6.2879272808366915
3473,214.03697254422354,4.188020675565656,passed,115,8.116423815690755,passed,100,5.45693747197018
3474,91.91694279389777,5.902907139629409,passed,69,10.506290901489646,passed,62,5.847982694418152
3475,186.99486072061208,4.484732263219567,passed,54,8.04847572571279,passed,20,5.0184290634306405
3476,194.73987571062867,2.8728411287855034,passed,59,8.41571745977554,passed,42,6.756138013070356
3477,164.26447045877381,5.488332282815665,passed,85,10.838623874304965,passed,26,5.0038498186096625
3478,139.15566133951032,5.640794673628292,passed,55,8.689090844908254,passed,48,5.490370998330141
3479,150.31163782234347,7.21560651030323,passed,50,8.123688576857413,passed,31,5.821949459733355
3480,172.83091641927234,4.882200362150799,passed,98,8.01158932577961,passed,84,5.021190926204522
3481,155.19127063480047,6.9060307737039235,passed,85,13.350609775235366,passed,71,7.1970403729668675
3482,117.20292086718538,9.945451224029886,passed,85,8.276629743477603,passed,73,6.02959855813352
3483,189.53485876545702,8.175164581191765,passed,18,8.050406789190866,passed,18,6.064089659415717
3484,144.97856711546032,5.633432615269776,passed,217,8.002353275750295,passed,188,5.8318700086530395
3485,166.75926629248434,4.371552724695478,passed,46,8.8789617246259,passed,15,5.1824331268581325
3486,148.14810250902178,3.915679504022524,passed,37,8.278210697608568,passed,24,5.496458329917031
3487,175.12575409639325,5.778398467160004,passed,67,8.457428752646212,passed,21,5.1661381958888475
3488,134.73455415400258,5.7704656340045135,passed,17,8.578985264649774,passed,10,5.177197145019563
3489,205.47731945143553,10.903939355130083,breach_static,114,-10.407670119340473,breach_static,114,-10.407670119340473
3490,130.957687880968,6.103742477368244,passed,14,8.902422379950359,passed,12,6.243514772296965
3491,150.22148275376193,5.370238016189681,passed,208,9.150887599187051,passed,198,5.080620229993693
3492,153.02534752910074,4.737932547792147,passed,51,8.206242096570083,passed,50,6.220809350375345
3493,161.99504630945341,7.925880141980668,passed,62,9.296246463842973,passed,22,5.923161266764354
3494,127.62137752224861,5.153928873470559,passed,90,8.814218111142601,passed,28,5.085215402778953
3495,177.08857567149215,7.487688227226373,passed,94,8.220099069242504,passed,91,5.010335465772475
3496,195.04545910243763,5.943732892955478,passed,149,8.346075644383188,passed,97,6.648340771493078
3497,203.4735899473814,4.843850113574538,passed,49,8.003680450712691,passed,26,5.66818705469001
3498,187.98656954429256,4.589384657716546,passed,85,8.012273205790743,passed,80,5.3203465624180435
3499,177.78136189267562,5.259763240514431,passed,66,8.017191863208417,passed,29,5.147735649833374
3500,146.75544175859287,4.666513878625023,passed,125,9.415118775776431,passed,93,5.215780737707787
3501,144.87379498100083,4.0270042922700195,passed,83,8.779155530514537,passed,76,5.90968581230511
3502,143.12299429913992,4.961732247570447,passed,28,8.001892732558824,passed,18,6.0070426100712115
3503,207.8930254718697,4.243782470404224,passed,106,8.797137728574377,passed,104,5.454450248739584
3504,155.05435689055454,8.08601265608653,passed,176,8.016455476725692,passed,42,5.141360653491156
3505,145.98674496984026,3.9538962679121417,passed,43,8.49220549561933,passed,13,5.230449013320859
3506,191.6184858277976,2.974089814038402,passed,44,10.120900074423854,passed,16,6.212858452505654
3507,167.16123222033968,5.066111696554287,passed,41,8.007529952573123,passed,21,5.800430097120923
3508,191.4946940155008,3.0969367268470824,passed,64,9.414417031417145,passed,30,5.615020923825664
3509,168.53865878462022,6.358430270089411,passed,181,8.026987507782568,passed,85,5.1401055001441875
3510,171.2791482105032,3.838078301432398,passed,81,8.252113648372838,passed,9,7.277407083649878
3511,196.84720226060207,7.249668220323264,passed,203,8.094549303216269,passed,164,5.70482581495142
3512,159.4801479138163,5.304520786031281,passed,124,8.315849308470113,passed,80,5.293233590949953
3513,153.80203015487365,4.83831531988941,passed,21,8.161154353508016,passed,4,5.358519921492988
3514,186.225995819362,5.66826695278416,passed,94,9.805673952448736,passed,90,6.290075992145638
3515,148.09284589185094,3.6109390031826623,passed,91,8.001054775245443,passed,63,6.49735965543492
3516,122.11037863565095,8.327206589604161,passed,297,8.643201372945054,passed,155,5.205234921438651
3517,185.50902367403572,8.95357281341588,passed,48,8.8606782508855,passed,40,5.0104324515803045
3518,155.47468930618368,5.475778803803301,passed,62,8.616879046270398,passed,42,6.932456427628808
3519,166.94897184322892,4.281839624199275,passed,149,9.089016859733201,passed,136,5.1204161209939425
3520,133.78946336201966,5.72904936026723,passed,28,8.07344445838163,passed,21,6.023954994467418
3521,131.4547075693669,9.129863762952159,passed,95,9.165081838311618,passed,85,5.113660990779101
3522,170.13588486182724,4.949516678142171,passed,133,9.38264258353081,passed,124,5.993301271523799
3523,169.0297267149743,3.176798641004704,passed,76,8.140410680127985,passed,35,7.385660371021241
3524,163.16082054733414,2.965897022553533,passed,30,9.172255489812443,passed,12,5.996321012814532
3525,173.49837774952582,4.493755510977794,passed,27,9.457777732608697,passed,18,6.21996304648631
3526,182.06598375028653,3.342635540769609,passed,83,9.246765998864493,passed,32,5.028823846754205
3527,158.54526747610765,9.21487173171878,passed,41,8.992323481997722,passed,34,5.72965736629516
3528,138.80222953530995,6.434696032725307,passed,121,12.51437090869343,passed,100,5.998408783680076
3529,183.80356582952015,5.206314219633342,passed,69,8.004161450056579,passed,68,7.936092489587954
3530,124.564248253846,4.817093235919393,passed,85,9.31921566088243,passed,58,5.848603506413652
3531,138.39668540921113,4.884515804864228,passed,69,8.338942198816435,passed,28,5.476090125469257
3532,155.07761529661715,7.53166016275949,passed,203,8.723240250765052,passed,93,5.3605619456909
3533,196.7954682321725,4.010245923755665,passed,115,8.038313972802612,passed,66,5.336804459532596
3534,213.25939493026422,2.5129405469523998,passed,47,8.04391627917218,passed,40,7.522331108332803
3535,155.01193274256258,5.277417746820285,passed,136,8.450316459046924,passed,101,5.345540924726122
3536,168.5676887914345,5.221109671164409,passed,77,9.405319496430064,passed,72,7.641571937950076
3537,166.35234029712618,5.691513287561767,passed,51,8.513899958541792,passed,37,5.258472868526698
3538,155.03229471681075,3.9042905286698057,passed,70,8.215919471288702,passed,50,5.093561922254808
3539,146.43682306946712,5.266946453174148,passed,148,8.643573651563162,passed,69,5.13157017584418
3540,159.79355530771664,8.013308543568451,passed,54,8.29109555175287,passed,35,5.220746558248157
3541,177.13381875250965,4.043754143455285,passed,63,8.655645929909529,passed,54,6.782782799922482
3542,135.34972321087076,3.710019896171715,passed,48,8.453917998033877,passed,34,6.25968518997615
3543,198.3174888113437,5.829403675957643,passed,116,8.471204741617889,passed,89,5.219697970506343
3544,159.20889064409926,5.56223448178808,passed,103,8.54499427551314,passed,44,5.8459835603513755
3545,162.22569981866633,5.969755997346011,passed,65,9.518761932787356,passed,37,5.880268082792162
3546,201.04534082852874,4.559524226085228,passed,29,8.158535736183037,passed,9,5.442506939747682
3547,149.93117122976125,5.069168629714554,passed,59,8.080753459038226,passed,4,5.170904527889841
3548,188.03242354368734,3.719166981866252,passed,22,10.05256625804185,passed,5,5.319819449527974
3549,149.59443774638856,4.399607288468905,passed,101,8.123709783602727,passed,84,5.2512181862094165
3550,181.2892085196002,5.201358158594172,passed,137,8.542333321058537,passed,93,5.011670296906079
3551,170.5731424766725,4.988429937628093,passed,104,8.465786000429532,passed,32,5.197191627258735
3552,144.77335390551843,8.704090774739239,passed,59,8.01816773943611,passed,26,5.36281745162468
3553,141.42235731919013,6.326181062683178,passed,109,8.28468162717655,passed,94,5.075491850973024
3554,178.71678275562965,5.964456510848917,passed,48,9.4108319525972,passed,22,5.01211929754255
3555,165.90092855040618,6.165063791494141,passed,69,8.009993200812438,passed,50,5.504543925741068
3556,109.21004695212564,6.876008644595584,passed,31,8.744293538099267,passed,16,5.171676817379134
3557,169.0844697257428,7.135999572318122,passed,32,8.286370653745667,passed,15,5.587082575433078
3558,161.57937998833782,4.863971527545236,passed,90,8.159382241449254,passed,54,6.126048723727662
3559,180.0714330567229,6.244637021070393,passed,76,13.05126082539918,passed,70,5.601304504007709
3560,83.4447218293218,5.186369257925723,passed,139,8.240669463241602,passed,100,5.005249282326707
3561,185.22928394522816,4.754369918068263,passed,35,8.009653924602066,passed,17,5.305057547548553
3562,130.26601812146188,6.205987557438159,passed,156,8.86139059183888,passed,154,6.3332632215477025
3563,216.34501033606108,6.024121330980335,passed,98,8.535583189288065,passed,58,6.3848602376182395
3564,192.2908657376894,8.346262415133458,passed,192,8.954884022935627,passed,131,5.5143257322990635
3565,160.1571122252114,6.961420038079315,passed,110,8.24447378948956,passed,94,5.0666227603679115
3566,141.58344049430713,4.686673197771908,passed,61,8.021239458463292,passed,40,5.744326683041967
3567,152.32004045957854,5.690804874863509,passed,164,8.124815331216627,passed,152,5.495683510099303
3568,193.46595533492575,3.7605531657406113,passed,94,8.111429720996322,passed,61,5.355810688323115
3569,149.82418831063887,5.672115851527657,passed,65,9.206572825600134,passed,44,5.229307606511258
3570,201.87183991546758,9.57314645634839,passed,104,9.137752590094195,passed,94,5.386811107014711
3571,127.6292660771226,6.84450960961359,passed,81,11.727078090105024,passed,72,5.588513831319641
3572,166.8429459879119,3.829343873304131,passed,65,8.294493999978103,passed,40,5.020762185343086
3573,132.83152445705366,7.456621803945164,passed,196,9.84175094021873,passed,80,5.484324165968335
3574,198.56252958248723,2.5835981840133035,passed,78,8.922033534469008,passed,60,5.695693048437889
3575,191.6458417547953,5.357883969386264,passed,57,9.44908135867799,passed,38,7.03069933535212
3576,169.7034882936224,4.995740841597993,passed,44,8.240660596236381,passed,38,5.014860525153297
3577,163.55059026371546,7.688987618317561,passed,35,8.398583579723319,passed,31,5.170265646749894
3578,190.35790523293343,4.373817687580509,passed,47,8.902544817233583,passed,39,5.6361358381747495
3579,148.13142840496099,4.850357892977326,passed,121,8.045968247913926,passed,44,5.02443183815755
3580,148.45568286569258,6.606311779533081,passed,42,8.188902119041973,passed,24,5.580464386239492
3581,198.1175851336614,5.403979223320818,passed,78,8.183874785030953,passed,65,5.428657514403468
3582,166.29616272922388,4.839645970586308,passed,60,8.206892169834589,passed,58,7.211587546571074
3583,139.926389389055,4.4495874071402834,passed,96,8.831665562367096,passed,60,5.7139561281448925
3584,156.89656399808078,12.729555200850834,passed,22,11.645390982501347,passed,7,6.481999270359662
3585,192.32253769527307,3.7642680794234606,passed,85,8.637441633024135,passed,80,6.179742896470297
3586,198.05274819662478,4.772840372880933,passed,101,8.092383674989367,passed,100,5.187937855925817
3587,196.41977238996674,4.658013222650826,passed,21,8.10050460212468,passed,12,5.266930602194453
3588,210.38509896872645,3.44253478352134,passed,45,10.791409022093967,passed,42,6.730196790934295
3589,191.00429343585552,5.256425610653234,passed,60,8.500925971391315,passed,48,5.26210214002012
3590,189.21200800849013,6.078550907014213,passed,21,8.01555783636989,passed,18,5.9092586013754556
3591,153.30213145973866,4.851512504082379,passed,64,8.023746114373731,passed,37,5.008671934310005
3592,200.3720418237321,6.285082676797156,passed,88,8.28031861665275,passed,64,5.008545771165718
3593,204.8503867497357,5.638915313906679,passed,32,8.601727750727095,passed,32,8.601727750727095
3594,148.99144258354312,9.8015504498512,passed,127,8.010592134145945,passed,40,5.080885878664243
3595,172.08741859207225,2.9415518525937663,passed,78,8.866765267410969,passed,65,5.119709924081328
3596,144.0448861781956,4.762310612373389,passed,42,8.420080727395153,passed,18,5.00741725079068
3597,166.0258475183043,5.667734544877351,passed,100,9.137240843453686,passed,100,5.126894988810915
3598,247.35498507058722,3.5781758797589185,passed,85,8.057644201220349,passed,74,5.202582129685918
3599,164.15771104538823,5.053884663610963,passed,142,8.29967300139014,passed,111,5.632831699884111
3600,209.61612323169962,2.854409749513774,passed,52,8.365604699953643,passed,30,6.074999234332545
3601,155.03857599317524,5.507059411931222,passed,244,8.335856119782136,passed,220,5.541405249241227
3602,199.9180942674163,3.7923373723274802,passed,86,8.185306088699008,passed,77,5.378889501082473
3603,209.3403717584057,3.9856213753251843,passed,148,8.019191797256164,passed,66,5.086885448350165
3604,174.9231181594539,4.534829730747361,passed,143,8.655032438678267,passed,124,5.600756432129739
3605,86.51833425773722,6.529086054959891,passed,59,9.245394107268012,passed,22,5.111712645522992
3606,126.44553083065277,7.362589935119029,passed,163,9.53646888389066,passed,159,5.261942090049954
3607,173.20867126246137,5.487021265463364,passed,76,8.35948969740372,passed,63,5.644448136588531
3608,162.94855399971294,5.877548968024914,passed,48,9.9466849139914,passed,47,6.382320255431928
3609,134.89845846415682,5.648976730515124,passed,63,10.599890805772594,passed,63,10.599890805772594
3610,188.52928037148519,5.642022515287307,passed,156,8.043573611566757,passed,139,5.359460694188711
3611,169.86173554069063,8.876778520743576,passed,240,8.081876591608461,passed,221,5.278310675031306
3612,162.31270549881302,4.745077580076087,passed,143,9.057825032120492,passed,122,5.269853467964225
3613,142.41290149384227,5.134304445380191,passed,20,9.77015948636597,passed,8,5.631731605793
3614,159.69766423085125,12.600163169673696,passed,534,8.631351610376182,passed,113,5.009783404195067
3615,182.87570307099315,4.484820240827132,passed,19,8.054030616016217,passed,18,7.268832184065932
3616,166.22514642146794,7.763915585085608,passed,37,8.645649669939948,passed,27,7.37470696081306
3617,159.80985476496258,4.035291374600972,passed,22,8.338072250595019,passed,13,6.094402401561894
3618,198.43497643218336,3.2362272624043973,passed,58,8.663837794124763,passed,47,5.997320739614742
3619,172.75113584130577,5.702214411763828,passed,308,8.008870279846626,passed,57,5.455806101826544
3620,177.8052321558756,4.174527433018966,passed,22,8.825119745289323,passed,12,5.607111578426749
3621,147.87581590369766,5.436006252585689,passed,74,8.301502958520125,passed,58,5.810242357935658
3622,108.71955512311638,4.710086998771176,passed,34,8.335074710528524,passed,34,8.335074710528524
3623,183.0543748145728,6.778175817817439,passed,144,8.773623307384382,passed,125,5.009591905721811
3624,164.40469774250715,5.477201940597533,passed,80,12.799545721891125,passed,54,5.400173871577207
3625,184.5507054346713,4.395740140035873,passed,38,8.291598243016063,passed,15,5.215091300492758
3626,165.73923337407416,5.971264664433522,passed,70,8.819842265550125,passed,66,6.703717115255614
3627,213.77194625079022,5.524671027395997,passed,63,8.374087109087004,passed,47,6.292898782793288
3628,138.817190571544,6.134570517582658,passed,12,8.366428103866252,passed,12,8.366428103866252
3629,141.0953313311519,6.190090333840314,passed,101,9.797759993903309,passed,12,6.64646363140009
3630,97.98828173504677,7.129522130640231,passed,146,9.409770299225052,passed,70,5.374478064600674
3631,149.0476590093231,9.379157038893284,passed,142,10.371875729452551,passed,118,5.722888395562342
3632,214.8927759089206,4.2286069308133385,passed,59,8.212943128036176,passed,45,5.533964148879655
3633,146.21915114932727,6.4857490724459845,passed,63,8.021506896590648,passed,32,6.334900253771947
3634,202.66217672610293,4.993941732232841,passed,117,9.410468119352089,passed,59,5.1807550877568165
3635,160.00904665714177,4.960077098906495,passed,69,9.162707488646117,passed,21,5.965046948506214
3636,163.89490303483893,4.435561865817409,passed,58,8.12496532474869,passed,34,6.72733379671695
3637,158.77545754168966,6.174148212562377,passed,165,9.149722189195275,passed,145,6.386460189352228
3638,230.7935061201133,4.067915998153184,passed,40,9.789981156689652,passed,28,6.5632003590254895
3639,168.80076162936953,6.484852623710033,passed,92,10.152454179497372,passed,66,5.380558899626675
3640,170.35328561366666,4.604308921224165,passed,97,9.039419760738209,passed,90,5.33366283462684
3641,143.45919346823231,7.071906264258029,passed,60,8.41259296775474,passed,23,5.046725539382235
3642,183.42365599126097,5.441826437225993,passed,23,8.328010122227504,passed,21,6.162032827170649
3643,188.5952694418046,5.469677764060799,passed,29,8.016175655758051,passed,11,5.176540490321702
3644,145.69337509851437,6.198521399837443,passed,117,8.202567032164175,passed,97,5.540708427882302
3645,179.65047381837408,4.830190382171808,passed,65,8.021232944974166,passed,11,6.3538296125674965
3646,161.71070162638617,3.196308154127519,passed,31,8.056417467643051,passed,26,6.440300951961042
3647,173.34159472877687,5.008832825776185,passed,47,8.616542434302099,passed,28,5.051102462243562
3648,118.05200617749753,5.599004794011736,passed,85,9.843844516118416,passed,85,6.554971410674271
3649,165.2408639326323,5.3168399933552495,passed,199,8.24580020211041,passed,170,5.167192575747048
3650,165.50184568135887,3.8705420479415014,passed,58,8.131385709596328,passed,50,5.60894261339191
3651,189.05630848768183,4.182455734357991,passed,60,8.079160058595525,passed,12,5.672575388189016
3652,155.7509392850574,4.107841675642975,passed,65,8.398260374801536,passed,59,6.043865155058792
3653,139.85974746045758,4.660114294670828,passed,23,11.00883163133175,passed,22,5.017010448993919
3654,137.99269987141275,7.591988084294418,passed,99,8.24021685194285,passed,95,5.2062901747293555
3655,214.10148543704278,6.479024084472544,passed,170,8.86075544720326,passed,27,6.040298267576749
3656,146.19106941163943,6.790839848217614,passed,127,8.27709344808245,passed,42,5.073529127773524
3657,159.13749571955375,7.338092229387005,passed,109,10.157160689514978,passed,109,10.157160689514978
3658,219.6538455765335,4.447411625680382,passed,59,8.055369204275387,passed,48,5.746426376442115
3659,154.82649744553166,4.470654319508539,passed,60,8.286534476300922,passed,48,5.150118845653817
3660,163.8190798215804,9.232700070406699,passed,34,8.51441779325317,passed,17,5.532511284203112
3661,146.2917563305191,6.827080303091661,passed,132,8.081027325988032,passed,113,6.824857773518822
3662,115.78766064788977,5.817504768173995,passed,144,8.004598732884617,passed,99,5.323461921919104
3663,175.82597926938342,4.257612646225161,passed,64,10.392451032253724,passed,58,5.17044887588054
3664,116.87550665216779,9.885282055127277,passed,69,8.176836240800323,passed,21,5.1762649033020525
3665,210.25554478926432,9.892907062802294,passed,64,8.951158768692014,passed,45,5.402769163300669
3666,186.4635330897062,3.7871180652115144,passed,100,8.278067999357352,passed,35,5.304975626212105
3667,117.29734599603425,6.393470341616153,passed,100,8.323622714848389,passed,69,5.5280776714088375
3668,156.7307804015409,5.412953055199791,passed,25,9.553649361058426,passed,23,7.61015105668581
3669,175.17366199974185,3.2190981446531084,passed,60,8.386780918941138,passed,23,5.18968307142651
3670,165.18005740392164,5.3914195452633855,passed,127,8.996740546379979,passed,16,5.188527900944728
3671,159.27077465799374,4.7875935936384835,passed,44,11.133360248234192,passed,28,5.740555362962985
3672,170.73099820767305,3.4767480679926024,passed,85,8.194615375625446,passed,46,5.007089473553616
3673,168.85274252980764,7.1488717912735975,passed,148,13.251595629386802,passed,63,5.299809594889959
3674,147.76933228474124,5.28538758197871,passed,69,8.562043434604295,passed,26,5.338667567940125
3675,155.5054589341116,5.918124186914561,passed,242,8.782899787133092,passed,238,5.6660436437633965
3676,175.37344663694628,5.513325187600716,passed,66,8.903326986603076,passed,63,7.207210524959273
3677,168.869595696627,5.798229275244648,passed,81,8.219075525703733,passed,77,5.896619318647134
3678,183.86392578462795,4.150215185788288,passed,37,8.420165866939255,passed,35,6.544162343478854
3679,144.36011445648572,4.265526627505533,passed,38,8.338546691375592,passed,34,5.028258359182791
3680,135.78828420896562,7.3452137505591,passed,90,8.101786548530288,passed,27,5.011193215464438
3681,178.16686745016233,8.223765697954493,passed,203,8.520472146494207,passed,196,7.5035664065268515
3682,176.06473784226574,6.430582005362247,passed,119,10.097696937112088,passed,98,5.285615473509742
3683,133.8470041212727,5.040127031832863,passed,131,8.166664287948766,passed,94,5.021905544634264
3684,112.86841871096769,5.902993117615964,passed,98,8.840259534197026,passed,97,6.994002429752344
3685,149.77284664534776,5.50562855089595,passed,27,8.001551635143155,passed,25,6.563143658220261
3686,175.8589059432913,6.134464369653663,passed,85,9.904154376125462,passed,60,5.007564890414606
3687,161.89776257523718,4.101077769783297,passed,89,8.86287819300755,passed,26,5.484022957888257
3688,122.55399623280545,5.755096741997598,passed,66,8.093076506879427,passed,44,5.018557985438288
3689,130.02374989423745,8.254926161980704,passed,224,8.075462873755136,passed,220,5.183624862008118
3690,163.27722687480755,10.314602370907899,passed,231,8.03469537146697,passed,228,6.338619129106338
3691,219.89983017695627,5.849350995310173,passed,145,8.025903968593195,passed,98,6.267525573049881
3692,167.70356514481963,4.826612890285654,passed,109,8.027849474839122,passed,31,5.13353568389765
3693,136.96123396510905,6.397700154374629,passed,18,10.289469877487868,passed,18,10.289469877487868
3694,172.50153681162476,4.796363714227175,passed,46,8.10727777349911,passed,34,5.199631013548034
3695,165.81039333999246,9.783617508795173,passed,160,8.035847952257047,passed,90,6.110635497392658
3696,181.45108585908517,4.228684961067471,passed,126,8.126065496785362,passed,29,5.367220409197571
3697,237.53358349300768,4.793558923080993,passed,46,8.231249545749609,passed,37,5.103745759836964
3698,176.62844989546213,4.292822876845843,passed,98,8.383060326150815,passed,98,8.383060326150815
3699,157.05920204291263,5.038042527075633,passed,136,8.549567579727935,passed,56,5.652926579740614
3700,182.9301343591113,3.6824629620745863,passed,73,10.193990881477365,passed,64,5.434104866507439
3701,162.70073845873725,7.023180633840742,passed,31,8.082545725927147,passed,19,5.230679536988947
3702,197.32704563671595,2.9901278190307172,passed,125,9.37045330575721,passed,53,5.009096031677829
3703,198.12024904019245,3.9414403068801014,passed,78,9.109452468177071,passed,69,6.0457130869173925
3704,159.94900913901714,8.33464559005335,passed,98,8.383883366303802,passed,26,6.942397597743888
3705,122.43569270544899,7.120945643463219,passed,118,8.260957674795932,passed,76,6.114714054120851
3706,113.77678094958243,8.155766091609031,passed,152,8.223432606248672,passed,111,5.043979002187338
3707,142.24564875638296,4.982254817002563,passed,101,8.272668525874405,passed,93,5.005656540285552
3708,158.82458753805716,4.791066649462468,passed,207,8.010289073342092,passed,101,6.982893607517648
3709,178.18377361034598,6.282527654593159,passed,86,8.550130415261204,passed,74,5.630247664353494
3710,142.767094026606,7.080298165677677,passed,123,8.005904851920675,passed,74,5.417138409052957
3711,185.1676156437494,3.8577679377969214,passed,53,8.862639976832787,passed,50,5.0674070633428325
3712,188.10346866743538,4.399657114520434,passed,94,8.439327123214134,passed,81,5.774018289369076
3713,151.64002290557147,5.591462641463013,passed,55,10.72507174061339,passed,53,5.4331014226780106
3714,154.95599244219252,4.594985368505204,passed,42,8.063190174856171,passed,28,5.360619693801372
3715,141.9443900096172,5.0378979894972975,passed,41,8.70788207311195,passed,28,5.479633496983283
3716,193.12012526851458,7.93464616460135,passed,93,9.424910282308584,passed,72,6.207645990052746
3717,155.60008984950602,13.607185576037741,passed,256,8.58949364116459,passed,195,5.3020200781407345
3718,176.6734586916979,6.526046754718931,passed,111,13.74020963315019,passed,59,5.593302012574863
3719,168.8106482674468,4.210092607941575,passed,92,9.618293832625756,passed,76,5.532440762837432
3720,158.76059091274053,4.695510409473366,passed,77,8.769786630001587,passed,23,5.87648777227503
3721,172.49570407458327,3.808382045093564,passed,104,8.540519742549058,passed,94,5.326646592388129
3722,139.70609444073915,6.063484564273006,passed,60,8.404240825102761,passed,52,5.217319598339221
3723,203.48068891515734,4.243672667187949,passed,63,9.539786108823268,passed,26,5.038631124149284
3724,165.60805708003122,6.644100146270679,passed,140,8.379156516937858,passed,94,6.298820227585167
3725,187.4219240673118,5.444687431501822,passed,38,8.02887117212463,passed,37,7.976435099619383
3726,143.4623002596623,7.226184321832009,passed,106,8.83080824749829,passed,22,5.765544275327694
3727,185.70244700133628,7.096873961450384,passed,60,8.751612802489372,passed,57,6.751136162741522
3728,156.25522608873706,5.126704559188299,passed,94,8.907853169053826,passed,80,6.030078874253242
3729,156.64702618014084,3.7528992063509583,passed,104,8.09793168015316,passed,91,6.20453016439424
3730,166.6633308478376,7.719105787183533,passed,101,8.938260783817697,passed,94,6.107974964021068
3731,180.90174295756842,8.714770712926521,passed,240,8.350742442677861,passed,21,6.355372457714048
3732,208.23079470318672,6.48771448874992,passed,44,8.002765957687984,passed,44,6.506837103121943
3733,186.4744472056532,5.554856314768732,passed,59,11.011477707713468,passed,57,5.747320523604005
3734,164.15253305467434,8.70360332851253,passed,64,8.598145954319802,passed,55,5.654161764999444
3735,137.72145050542565,11.147331714629992,passed,240,10.437722428693675,passed,173,5.084396959461501
3736,133.70884761439154,6.858958853529923,passed,161,8.499066327229787,passed,160,6.536323234524599
3737,152.57733313469512,3.7277929709471755,passed,103,8.389658318421533,passed,38,5.674661832519479
3738,180.24926997065452,3.059876085346992,passed,12,8.671794184925808,passed,4,5.753282783577096
3739,160.9306833525469,4.001083959281723,passed,97,8.357714612786005,passed,76,6.520838115307215
3740,182.4284603999324,5.1951549608635395,passed,91,10.805910787763517,passed,70,5.107999258759244
3741,177.58436018277294,4.727155242499877,passed,40,8.81855695254712,passed,28,5.692693329165022
3742,144.50495133641184,7.339150113792897,passed,144,9.208885620940643,passed,109,5.544405945857345
3743,176.63788774736196,5.881250667291058,passed,68,12.13437647249236,passed,38,5.973646583287451
3744,191.89125400788188,4.1019040115230805,passed,34,9.73196554876321,passed,34,9.73196554876321
3745,190.93030907310848,5.304210042913164,passed,92,8.763769346145246,passed,63,5.041430480993747
3746,180.9825773076854,4.533615752341371,passed,43,8.042259470374912,passed,18,6.28454494842432
3747,182.87213573726424,3.6484375483347193,passed,55,8.886815677335491,passed,55,8.886815677335491
3748,175.48620965348388,7.324120738493662,passed,66,8.84455373422699,passed,65,7.12113841377473
3749,221.23171998606998,6.163037336687037,passed,111,8.972012010147479,passed,97,5.456852660585043
3750,158.9115006888043,3.7788814321429096,passed,101,8.839141600323153,passed,39,5.626660249702375
3751,187.44974725241175,4.0432868005730915,passed,55,11.487505512238382,passed,27,5.3906041526636805
3752,155.00571361580347,5.895217360648706,passed,85,8.903733676970415,passed,83,5.41579192438586
3753,149.04244269172716,6.62991303385043,passed,143,8.826037488726435,passed,106,5.510681995076139
3754,190.2905746517292,2.869256376060978,passed,63,8.639404675368434,passed,28,5.403945699423995
3755,199.01206291957877,5.59731718259317,passed,38,9.067388393069109,passed,10,6.213700642322517
3756,201.00241149181878,3.1744203640128874,passed,96,8.006763814877527,passed,68,6.441964779697806
3757,138.85496639692568,6.599729498917408,passed,93,8.94774456171481,passed,88,5.5316261232810415
3758,180.02346133969746,6.407468153589131,passed,217,8.178239853111503,passed,186,5.829358145075414
3759,162.75118828122464,6.4314815924469055,passed,127,8.643110614974603,passed,69,5.1377542620407946
3760,132.67709687135172,5.325985745336208,passed,100,8.68682616057792,passed,50,5.025243857903505
3761,187.325868867234,7.326493488586412,passed,139,8.152532265591628,passed,134,6.1204468990675664
3762,160.52401113020517,6.302044116281716,passed,17,8.640155794997284,passed,12,7.921414233670876
3763,152.011850786311,7.2384637844213895,passed,155,8.240803918001616,passed,145,5.039642317648041
3764,134.01504699043915,7.922410668867053,passed,170,9.089307134550072,passed,101,6.607676186229372
3765,193.78003016812224,3.4841595401852756,passed,51,8.026600436585785,passed,50,5.928636987254587
3766,151.73451512496015,6.048928628008601,passed,72,8.924851289900971,passed,69,7.35937864738947
3767,182.91696663952672,5.010661371804621,passed,52,8.989640117120734,passed,21,6.009081730778698
3768,156.92748768007107,6.964537890287513,passed,99,8.122697109030753,passed,92,5.220392407267749
3769,191.5873346464227,4.28586800935171,passed,67,9.509778326767915,passed,28,6.176733956869196
3770,124.7880123986151,6.640539500142438,passed,42,8.925848301719341,passed,28,6.235917702822125
3771,185.0359043810775,4.355066766736246,passed,58,8.35452847585698,passed,22,5.075301228293716
3772,141.99639701176943,6.835251773814807,passed,62,8.083551146140856,passed,53,5.088405799922113
3773,169.9606559796808,5.051526490754233,passed,130,8.539297683317137,passed,120,5.592250906663265
3774,172.96436335356753,5.030902827360572,passed,180,8.03143417560863,passed,160,5.495818035808053
3775,172.61793580979966,4.715476659627251,passed,4,8.077672119680802,passed,4,5.6959427061490375
3776,168.29196319943654,3.7196714428787345,passed,58,8.378281810667843,passed,24,5.332295500069173
3777,176.78733752573072,4.863754086004492,passed,48,8.25943904503732,passed,32,6.083968308812127
3778,166.092753781033,2.754882862783079,passed,19,9.182685838717909,passed,15,6.27793620619197
3779,179.91460718238037,4.000741158233107,passed,100,8.296478498111437,passed,35,6.4222118496767955
3780,171.37856868225052,5.861392507989117,passed,112,8.871129501315878,passed,89,5.243361713449057
3781,178.15163573898843,5.628660200159898,passed,122,8.190809712083746,passed,106,5.05148041509722
3782,184.21077869273196,5.164082119731058,passed,58,8.048198764215941,passed,34,6.607789225411564
3783,153.30427007793185,5.827934724302121,passed,53,9.04177672785622,passed,19,5.06642237706576
3784,175.07866903473567,4.297431342184561,passed,57,9.014119971837964,passed,46,6.957771922751932
3785,147.44650706855268,4.451895561741711,passed,89,8.791110329695284,passed,85,5.19252143020581
3786,131.14893054791682,6.476916174319309,passed,185,8.431155441286208,passed,101,5.52927492295705
3787,224.42461332142014,3.4384815968994444,passed,63,10.510680651993853,passed,61,7.867413858256378
3788,173.33470011133812,2.999695089339204,passed,49,8.454289349658994,passed,43,6.898536214705286
3789,198.83864659271856,6.932072814441531,passed,26,10.213921636815337,passed,17,7.385949400115277
3790,162.95336395525962,5.301996530774105,passed,58,9.371779095804712,passed,33,5.295511470627434
3791,130.20307840915342,5.655808724553838,passed,66,9.153913905418287,passed,63,5.220323454302234
3792,177.88504879760586,9.567068233624177,passed,94,8.970636944018228,passed,86,5.441861279352311
3793,153.67354053154233,8.300066299368291,passed,122,8.8347480333282,passed,110,5.923861676811715
3794,172.3158034940067,5.681441029452702,passed,71,8.672075797210299,passed,7,5.328094295619579
3795,163.69543007488718,4.202961981989494,passed,28,9.177960720982181,passed,24,6.194565686019882
3796,185.41075295228063,6.811801871014198,passed,50,8.711924926076398,passed,44,6.636845388305801
3797,207.49631566515393,3.3929740097285075,passed,23,8.45934602504026,passed,19,5.408985654676224
3798,163.44137837925553,5.838166128771349,passed,58,8.020722876884223,passed,37,5.005633846411817
3799,181.78180700196847,4.317646346004541,passed,34,8.697543485624571,passed,13,5.662401422435659
3800,152.95928697555553,5.449865385938039,passed,26,8.553748389869797,passed,21,5.41089990606467
3801,166.3982732139182,4.169143540064459,passed,55,8.006305402651993,passed,38,5.679551805618188
3802,163.69181879918222,5.031785846316361,passed,96,8.027157285962772,passed,46,6.11197383488844
3803,153.84073478093998,4.934876343926097,passed,44,9.151274438913482,passed,5,5.524653328535312
3804,150.6202645287785,9.700721855042408,passed,11,8.443500897578794,passed,4,6.166826682249971
3805,175.44521680250713,7.730790991129194,passed,98,8.97308198903779,passed,76,5.007051161402898
3806,155.5610098710579,5.39993245316162,passed,138,11.345982878674032,passed,131,6.512839073072674
3807,177.4708356209767,7.966898501647054,passed,128,8.12795579380392,passed,60,5.060924843563619
3808,181.70432069078691,6.960917368906892,passed,64,8.414634652738195,passed,53,5.25707355429923
3809,158.6779343642957,8.130400079764339,passed,66,8.259230667470918,passed,45,5.343597811153766
3810,185.6688410120463,7.408320342976913,passed,47,8.021962410532545,passed,18,6.087611591439135
3811,209.29440995105196,5.522859890059094,passed,20,8.81625912717019,passed,18,5.6398210869006205
3812,197.6767147572193,3.5553840214223325,passed,30,9.98032797466144,passed,16,6.707611159579652
3813,189.4422074860297,8.422442017717369,passed,84,8.4188518950554,passed,63,5.196916102838167
3814,179.16573786666996,4.928755665935554,passed,55,8.867644533725283,passed,48,5.039282493532871
3815,152.3164379149922,7.690374137829576,passed,101,8.784880623956571,passed,21,5.686546402113279
3816,174.71823280776917,7.010986004952406,passed,101,9.307941776310468,passed,63,5.513146523263757
3817,169.35313161629034,6.584106609518018,passed,91,8.184718683011827,passed,7,5.5588183705617356
3818,145.4143109118581,5.238429194488319,passed,53,9.013903697565828,passed,32,5.74831201764896
3819,138.51239641763726,5.585239962653067,passed,63,8.880539755079099,passed,50,5.3720002646354015
3820,193.31725628326612,8.89169894197648,passed,94,8.116254125136901,passed,55,6.59609592582322
3821,145.6311404149547,9.200097995474241,passed,112,8.07067116930189,passed,63,6.961020327233447
3822,207.7073711907463,5.722729061843169,passed,82,8.004328882724732,passed,32,5.507111434309042
3823,172.87313843659348,3.886926483342121,passed,101,8.289020322187035,passed,45,5.129532533135706
3824,176.2242226644652,7.480119613360657,passed,194,8.379666236177808,passed,76,5.966356828567121
3825,142.20629402941452,7.481948143017056,passed,85,9.242095493036139,passed,50,5.084800706609682
3826,146.07335043519575,5.295893226549202,passed,77,8.019350306650797,passed,27,5.575441213600518
3827,176.58935150274004,5.4414584268339246,passed,120,8.314006859403577,passed,69,5.665221601988835
3828,176.9834551301146,5.939024100473449,passed,34,9.391615538110543,passed,18,5.129770134948242
3829,171.99595197169498,3.3030487686220136,passed,75,8.368999335816962,passed,35,5.990258363551937
3830,156.0338082008545,3.6303636171812315,passed,59,8.713112846916182,passed,59,8.713112846916182
3831,137.14269262291361,5.890561595598908,passed,75,8.025180500935303,passed,52,5.045683778516197
3832,154.05801327512725,3.857967469439559,passed,27,9.91124126986005,passed,24,7.6171280097299565
3833,185.0077821685462,7.788143611366312,passed,187,8.020129223793804,passed,27,5.1939396106228
3834,181.05699286048838,9.217084445091547,passed,66,8.08302152267315,passed,18,6.152746807765475
3835,149.2650057968548,6.046425482444033,passed,106,8.727407130379472,passed,93,5.934676849030374
3836,180.72183326096837,4.883141106382831,passed,76,8.022386195959097,passed,37,5.054917291312955
3837,196.64142889288243,3.768855956644511,passed,40,8.754910873628475,passed,14,5.610424528647462
3838,203.4875201173588,4.069771311365586,passed,44,9.362349761538113,passed,36,6.59056949655521
3839,210.6933658464835,3.4362233918092393,passed,50,8.002008090092216,passed,22,5.73842245419498
3840,155.68605135090334,6.866730478486356,passed,76,8.786333013071657,passed,46,5.1956891955469375
3841,164.36585595415835,4.415261111572224,passed,170,8.77168973605913,passed,142,6.348737707309149
3842,167.76883268705137,4.485857148927383,passed,91,8.256512468430222,passed,68,5.461621091622737
3843,190.64406015417265,5.131832795726705,passed,55,9.644486739436498,passed,16,5.086461581537893
3844,155.31350322707033,6.138637111767994,passed,86,8.194556527543817,passed,78,5.473657810511234
3845,219.42076508862073,4.31821416342712,passed,89,8.001655740452307,passed,82,5.068815096346846
3846,177.7555947147361,4.384755539764713,passed,76,8.134131603478956,passed,67,5.264752360592606
3847,145.66680600280014,5.463911807366015,passed,35,9.143329130086952,passed,30,5.008592458542971
3848,173.69043148828135,6.408579782641984,passed,78,8.095055831363428,passed,69,5.219359218923025
3849,181.94020602872519,4.544605798312955,passed,32,8.320682622007848,passed,18,5.817591378861153
3850,147.3331364062147,7.3533029061044335,passed,94,8.581372497101425,passed,50,5.251420540918916
3851,194.42849034352258,4.284739027062858,passed,98,8.116733192826885,passed,89,5.010467846819977
3852,171.22863542625143,7.549892972047194,passed,63,8.610518218718145,passed,14,5.021048477961432
3853,186.02407872862966,9.043678069275169,passed,72,8.340379443473545,passed,65,5.3408889521115555
3854,180.20537143067702,4.365278434427967,passed,81,8.16524381457362,passed,21,5.436855619139536
3855,181.04430342755876,4.510834826345299,passed,159,8.000281431339594,passed,125,5.920707391255808
3856,168.930521193721,4.915925287525335,passed,89,8.720819609734342,passed,43,5.245570258463572
3857,164.87671120387012,4.352905542759576,passed,78,8.962765955775144,passed,69,5.543175915209586
3858,133.63274721634872,7.836673185033037,passed,74,8.07077313774991,passed,47,5.05432326900479
3859,204.97727246982902,9.991737068150153,passed,173,8.014370974302686,passed,138,5.6112389399413765
3860,197.37182634907307,3.8545997341730485,passed,45,8.548658362659346,passed,24,5.279407339744968
3861,143.08808622171205,4.978454923861983,passed,37,9.243021154880559,passed,21,5.270845424749204
3862,182.45808672309124,3.1404287183559414,passed,55,8.06550650231912,passed,38,5.2598605130484755
3863,195.03211254023452,5.299821714725619,passed,60,10.482273085764437,passed,60,5.212992421318607
3864,188.25666210503732,2.688124987430055,passed,80,10.084890911455258,passed,58,6.2531433655794055
3865,156.23457749155506,5.761155176170152,passed,34,10.948679691290097,passed,33,5.679399026844267
3866,138.21364330801092,7.2668522565100995,passed,50,8.691224369071303,passed,35,5.463404244342973
3867,176.14659429815666,4.940766565955993,passed,77,10.184867830350619,passed,52,5.0052668109246135
3868,198.75281325254846,6.647181152546768,passed,98,9.655121453406878,passed,84,5.748482553051981
3869,183.94249983149834,8.326239957460324,passed,84,8.378382333207401,passed,58,5.075399816013504
3870,150.999021190716,6.404014980980444,passed,80,9.909733331935765,passed,76,5.174792939379946
3871,200.25294281682565,7.842221673516008,passed,101,8.33726822552483,passed,94,5.302300174762697
3872,151.07030876740802,6.06195213354063,passed,164,9.518254739376841,passed,146,5.052864270952373
3873,161.61761550430901,4.392772521206078,passed,79,8.408071953860352,passed,72,6.036101918733161
3874,123.45879056016851,6.737480959080014,passed,50,8.093935731381197,passed,21,5.750293750266899
3875,160.64140975654695,9.253958626728926,passed,263,8.668901721407774,passed,256,5.557576302822453
3876,158.76127408032698,4.506508216991794,passed,119,8.029409148682355,passed,90,6.39824602079524
3877,148.49845526397905,9.379806739931286,passed,68,10.250177283557328,passed,29,5.009786056693621
3878,168.52191063473424,5.254082674738505,passed,118,8.314271657374373,passed,93,5.001218232936799
3879,184.62869557315017,4.0182308302586485,passed,28,9.132905891554488,passed,21,5.0411780077614265
3880,132.45693108922566,6.091290174912193,passed,57,8.168168218602778,passed,56,7.2246118074239085
3881,146.47137547570873,7.202794955868154,passed,54,8.839090441950525,passed,50,5.244071042367526
3882,168.3457328902703,7.594117359935375,passed,85,9.564459295467987,passed,60,5.0068218854767865
3883,177.1853070275541,7.528962868162859,passed,245,8.721100719343111,passed,228,5.533720102162865
3884,150.74072127636035,5.548211781026556,passed,50,8.03461992402925,passed,21,5.211450664559902
3885,174.78223727691312,4.340434202214504,passed,21,8.354148090279413,passed,9,5.010126228883616
3886,171.23903923777237,4.68268288170736,passed,69,8.282811895405073,passed,64,5.310591675012133
3887,145.22537211030354,3.379316417366751,passed,28,8.015412497297024,passed,22,7.751293399935122
3888,163.79659544626995,8.49886703503465,passed,50,8.3718472810701,passed,37,5.6256266274522515
3889,209.64877485415968,5.548741570015025,passed,86,8.2187327291388,passed,77,5.852109978401132
3890,202.12710625439328,6.791959343702988,passed,108,10.251783086293065,passed,85,5.112871174435507
3891,121.38156568039177,11.863796543223746,passed,190,9.796925605367557,passed,180,5.706159725561499
3892,117.94080024997501,10.935623517897534,passed,35,8.93777821426247,passed,20,5.170803376971622
3893,193.06983879735634,5.958519115232666,passed,82,8.148376957919679,passed,50,5.506283136689083
3894,152.71565334377706,5.419855519831255,passed,106,8.305784593117504,passed,95,5.020492216635697
3895,219.0265452793033,4.493558487711229,passed,38,8.535895116684799,passed,11,5.02055150153673
3896,195.6297489963558,4.688093145828712,passed,159,8.093326098526287,passed,152,5.91811370057338
3897,189.953909959101,4.430944180857791,passed,27,8.175437684829623,passed,16,6.387473137467303
3898,227.8304752549394,3.596896879090683,passed,65,8.993590647705485,passed,34,5.009828675921191
3899,173.91687202259547,8.819715549420156,passed,46,11.469099995757471,passed,25,5.769638038676828
3900,222.06583068682133,4.638111605032853,passed,74,8.0147008977846,passed,66,6.222189605591644
3901,129.57410103491068,5.528583381038842,passed,69,8.22349130573523,passed,45,6.566217485895232
3902,161.44507426457238,5.929230982081319,passed,55,8.800548529569063,passed,28,5.625447172536457
3903,121.7306012347279,10.141092167331077,passed,63,8.332192751784007,passed,54,5.291823713618582
3904,189.93223780778243,4.815742490797443,passed,66,8.110943009842341,passed,55,5.000757944361878
3905,121.31717771880291,10.138340421397663,passed,101,8.00115944548545,passed,85,5.586415452045301
3906,194.4283112204578,3.9076099610201087,passed,29,8.978857729071944,passed,12,5.705250406462747
3907,145.62653448601614,4.705317010684324,passed,63,8.267426281884415,passed,38,5.193490598517458
3908,170.40289726858705,5.121088735584811,passed,60,9.08953611197829,passed,29,5.270852567580087
3909,136.45840702958645,5.374035153288246,passed,63,8.710392724823478,passed,50,7.7089604786632515
3910,146.24729653996664,5.576753725123746,passed,59,8.547571661644572,passed,28,5.017074167293845
3911,225.6909198347375,3.6608810630245014,passed,55,8.881786705513317,passed,50,5.017400628592705
3912,171.94936589482074,4.270426748931456,passed,66,8.647397639050581,passed,37,5.585011051931987
3913,161.3990726374792,5.438567652243466,passed,22,8.231593199963672,passed,19,5.102263130619944
3914,193.98746631281068,4.493087781917293,passed,89,8.01430680413715,passed,75,5.049670388069605
3915,195.2162654816346,3.7695084534063663,passed,12,8.168508560423572,passed,3,6.037200489316907
3916,182.17872307941482,4.381741366481928,passed,76,8.218521791265164,passed,42,5.46199076171574
3917,170.43750708812823,4.249016277508313,passed,18,8.509287443100376,passed,5,6.916170560593171
3918,186.88753264344754,7.475838162045951,passed,144,8.107114060130073,passed,111,5.204060184385195
3919,142.48962888696272,5.242278329577169,passed,56,8.000984719578753,passed,31,5.329929519895615
3920,203.153417950703,4.0564334386028165,passed,103,8.72143518981674,passed,89,6.129446443172593
3921,168.8843569424269,10.009226689448383,passed,38,8.027359354078477,passed,27,6.276665246037427
3922,201.06966897324838,5.670134121283729,passed,139,8.859240004065594,passed,74,5.008709014064139
3923,208.06668080093797,4.264431296222555,passed,73,9.724624216743404,passed,64,5.1821550722937815
3924,160.4758291975256,5.8217984189696335,passed,68,8.008914010104196,passed,22,5.584110188848257
3925,189.17884398328155,6.955545708268517,passed,46,8.851660745379132,passed,25,5.020314906221457
3926,206.8959148321261,4.338974701604372,passed,62,9.583616682172714,passed,17,5.471050764921537
3927,174.29490127071344,8.701057738818614,passed,170,8.03607782726925,passed,159,5.421480136835211
3928,144.77257493224204,4.577041137767813,passed,65,8.274948597535525,passed,38,5.394651628775615
3929,146.87953951662794,4.441777224537911,passed,135,8.070759811422867,passed,79,5.413181907154185
3930,169.95893040766222,4.278631811919592,passed,21,9.665042872846264,passed,21,9.665042872846264
3931,187.89145093609028,4.5920848108424295,passed,112,9.064878360834872,passed,49,5.59178954984112
3932,153.5688444693235,7.622867505683257,passed,60,8.374729096769773,passed,21,5.439350478838834
3933,135.73814554664722,4.971821378812835,passed,53,8.67114287513604,passed,34,5.47446909739413
3934,184.38745939972893,6.139849624870774,passed,104,8.905472608848374,passed,71,6.091901877305528
3935,156.5477976574726,6.741553895919419,passed,85,10.59103522683671,passed,38,5.545952081170924
3936,151.03402930397257,5.837074058957802,passed,58,8.378946409715017,passed,35,5.055556809914674
3937,182.1865280564213,6.452570646269695,passed,48,9.755271067874084,passed,39,5.345983312297209
3938,146.7463320545089,8.557840946162564,passed,215,8.99933563346822,passed,181,5.231898103735366
3939,170.20506855369612,4.542999245447754,passed,48,10.046451392985478,passed,44,6.246314327766167
3940,189.3502044525373,4.01655433676049,passed,60,8.085941983384393,passed,28,5.226256637088045
3941,174.46578429703487,5.451777987311144,passed,37,9.053932429209578,passed,22,5.259490745902973
3942,153.8754323159527,5.083761995684946,passed,176,8.97698262729536,passed,97,5.473988558311249
3943,195.79869865142334,2.883758738283162,passed,66,8.075647886817162,passed,42,5.293391583240781
3944,141.7600842952662,9.133716927573326,passed,133,9.189192624636643,passed,47,5.00923540815319
3945,185.99180392090724,5.102756996082096,passed,46,8.163074640392454,passed,21,5.244649470508311
3946,228.94034628069582,9.719743188354744,passed,190,8.405231328087348,passed,17,5.16712761479905
3947,162.13102361626835,5.068379809575071,passed,54,8.362771403387836,passed,46,5.448273530034431
3948,193.2716519038239,4.797182180081866,passed,106,8.006985886864593,passed,68,5.002043886431573
3949,156.1482010959803,5.867211050506434,passed,174,8.012547482055531,passed,167,7.802505727844333
3950,191.20512203260597,11.735330579084875,passed,84,12.091329473635204,passed,77,6.809977346951146
3951,165.93533710025085,5.375254640569919,passed,38,9.542831992704382,passed,12,5.2416520772485375
3952,120.98036466699168,12.827851987862696,passed,158,8.069674184963915,passed,108,6.211595543386528
3953,170.01347243813055,5.896293881743782,passed,94,9.590824540994847,passed,89,5.167144185138506
3954,161.37925592323353,6.922565590111485,passed,59,8.50786397688772,passed,45,5.927975358770987
3955,220.8345517647444,2.7818498205974023,passed,104,8.357452905530804,passed,56,5.059179537318781
3956,201.04811745360456,5.765798676407415,passed,32,8.323562010168107,passed,24,6.982306970960206
3957,152.26512612611464,5.930698217134815,passed,197,8.004296989280647,passed,140,5.001800995657391
3958,203.1565525966959,4.199044226112907,passed,45,8.106793603773799,passed,31,5.305102407458007
3959,93.6915927525769,6.438930327259445,passed,50,8.36795390971712,passed,35,7.399969755428093
3960,158.48647033210185,10.452238762852833,passed,75,8.434489960682612,passed,50,5.578531540597731
3961,199.91748664955185,4.301131974090593,passed,42,10.750716947930572,passed,18,5.1726631534646295
3962,173.12403921157195,5.662187003936238,passed,46,9.416527476224301,passed,22,5.140105246444571
3963,157.87895309062066,7.559633191778575,passed,103,9.578825755587328,passed,101,5.377643426877299
3964,213.51967132096533,4.448328029854318,passed,59,8.217944709548174,passed,36,5.388886227851741
3965,213.26413523010106,3.8722274031760118,passed,66,8.129543569855823,passed,61,6.1313716385140715
3966,143.415905481672,7.950983962952907,passed,96,8.246315746524612,passed,77,5.383718848798824
3967,177.60145370279292,4.294717695887074,passed,73,8.514576981145794,passed,67,5.071762442491012
3968,120.74973236358359,18.25701984525654,breach_static,331,-11.620051004416032,passed,40,5.4462829305713
3969,182.02838735383273,5.106562175035871,passed,131,9.707706628900103,passed,131,9.707706628900103
3970,202.80161100274273,3.2510193229542987,passed,85,9.411485451319157,passed,56,5.047257468310118
3971,131.75771836491288,7.296420428486964,passed,46,9.160898572394371,passed,30,5.590336547923269
3972,146.65689519745197,6.021431160543008,passed,158,8.81917090660751,passed,53,5.001802386765708
3973,175.00216578901316,3.8062720350616854,passed,100,9.422978515328563,passed,81,5.54457229862555
3974,201.8288834514344,3.2864290597847297,passed,40,8.078996375666891,passed,40,8.078996375666891
3975,134.7932301156729,4.809158109957403,passed,45,8.864540204769789,passed,37,5.096942604147836
3976,199.3616300236002,3.3167979221809687,passed,46,8.604242629667013,passed,45,7.448204784374446
3977,196.5694526813424,4.456003574451482,passed,78,8.013154936322863,passed,69,5.669473019720872
3978,172.22361802409606,9.436831118905644,passed,45,9.784913318361554,passed,21,6.123585625414751
3979,199.47862580858722,6.095265520914892,passed,89,9.319726362442914,passed,89,9.319726362442914
3980,133.96149427992253,4.964050046318884,passed,80,8.219584177453898,passed,69,5.279943440183366
3981,128.11286742655165,6.9889403777838615,passed,69,9.065299583912667,passed,68,6.302154721541808
3982,200.67598698712067,6.484417352229754,passed,43,8.066496319671778,passed,22,5.20812977944074
3983,142.19795477349336,8.694446673979693,passed,81,10.080832770070813,passed,69,5.02037068920953
3984,185.12177101348541,5.437346033809557,passed,63,8.152510068979502,passed,57,6.6383605727886374
3985,134.8807286411079,8.486989776291965,passed,38,8.000793338459022,passed,7,5.349809611552692
3986,147.14888531891103,5.711173291771105,passed,85,9.392695867189204,passed,23,5.071564537009543
3987,165.33127470015424,3.702853242847923,passed,112,8.435470558165115,passed,50,6.209657469869545
3988,160.15888575416164,5.940572293377281,passed,72,8.22636384045734,passed,47,5.971682333390116
3989,131.01513492099795,5.320064867313718,passed,91,9.04176281923501,passed,66,5.9472185230550645
3990,178.7254493987867,5.380637277681853,passed,96,8.429557674057842,passed,44,5.912743175157686
3991,179.52466473414154,4.26482085211557,passed,11,8.465811340563079,passed,11,5.587288450611294
3992,204.51575779068793,6.3089410241074395,passed,39,8.582120504842838,passed,34,6.400204652059194
3993,148.61375924112434,6.794607322162329,passed,97,8.668651040914789,passed,40,5.2803757881070945
3994,167.36963873965277,4.451738752719135,passed,100,8.276315326057194,passed,92,5.561859976978423
3995,217.87825042010235,5.004487147075205,passed,97,8.302205143597918,passed,91,5.88215570611772
3996,198.83545049982249,4.640348449875568,passed,53,8.866012976173732,passed,35,5.29868597668659
3997,187.51007849923192,5.283301077063641,passed,34,8.350695906306926,passed,25,5.010102746061218
3998,194.0711461353154,3.092118976234131,passed,64,8.009351552138222,passed,62,7.927169060617256
3999,83.06879332869852,7.135272464299057,passed,60,9.208487134954456,passed,50,5.2535739617623145
4000,184.05192079911183,6.835971221728519,passed,59,8.001239158322736,passed,38,5.4342479661597
4001,155.26121149411244,4.6827031983330425,passed,65,8.618594781966028,passed,53,6.074438450881403
4002,155.5685761993612,7.110211355844748,passed,55,8.388771962356923,passed,28,5.118597993658902
4003,202.03725495271212,5.774733977961553,passed,55,8.061342668507354,passed,55,8.061342668507354
4004,193.7041525658693,3.70458459975533,passed,91,8.303199049423537,passed,40,5.391190368345455
4005,182.51800020479766,3.470781497131027,passed,122,8.174852801784116,passed,59,5.035315213480862
4006,170.6745972131539,3.2329948328144114,passed,60,8.747083409170653,passed,51,5.255972369961537
4007,216.67621948383643,4.2787719349055156,passed,59,9.163430041538966,passed,34,5.335800644488797
4008,212.13679689926775,3.0074739610660433,passed,26,8.042182776639661,passed,22,6.407132028411522
4009,156.38411230443717,6.104675985192384,passed,100,8.037153328773261,passed,85,6.022221368960623
4010,175.7354665209612,6.736028078074958,passed,144,8.687107410938278,passed,60,6.255220150950991
4011,157.45040113027127,4.451871902388563,passed,80,10.578012538558369,passed,39,5.827166442224385
4012,162.2514152623379,6.679133505796986,passed,131,10.496017461441397,passed,131,10.496017461441397
4013,135.11967115715225,9.941986649040782,passed,50,8.944809333495506,passed,45,5.020224041585508
4014,131.36942343180579,5.8096455759221985,passed,154,8.526971458809607,passed,135,5.510365234759584
4015,166.6200034783322,5.078887264650566,passed,98,8.613592384415325,passed,65,6.347592379226352
4016,191.20867398471577,3.533153927013181,passed,49,8.027286224761966,passed,20,6.183417000416602
4017,165.68601900390547,6.138959008745246,passed,118,10.809501827827406,passed,108,5.011979113377896
4018,177.41829656318063,3.6547317496820684,passed,60,8.149398414969443,passed,59,6.822144161153809
4019,138.39933602363536,4.143584267076724,passed,94,8.910089255474208,passed,69,5.020321563236618
4020,170.11083234032745,7.326937720350542,passed,162,8.602802323517068,passed,44,5.228612309554648
4021,182.1656998695173,6.552556035318674,passed,28,8.891634188772723,passed,21,5.073593562925827
4022,218.14958794590663,3.311858432939615,passed,172,8.354922830497568,passed,104,5.032408338163297
4023,155.05191199876282,5.279993822185862,passed,119,8.467246190825994,passed,32,5.290408155466864
4024,156.15451953836669,4.963875028317249,passed,46,8.500561481003643,passed,39,6.667939725142524
4025,202.24577821841982,5.752158912842212,passed,140,8.614430618389225,passed,110,5.444591846002722
4026,170.79981806405286,4.893652240029232,passed,97,8.355895040505668,passed,65,5.040556627119064
4027,203.60578979771753,4.445238457525915,passed,106,8.02596703208993,passed,76,5.96493826957305
4028,133.79907064416355,4.379888362051861,passed,140,8.010866371003367,passed,101,5.969889767795222
4029,142.32144523260234,5.634855444546253,passed,198,8.599494181488598,passed,161,5.840953097867274
4030,183.91329556153485,4.157636839551989,passed,37,8.519434449558695,passed,22,5.465057936435613
4031,162.0518607439126,5.7503562270992346,passed,70,8.403327428172979,passed,57,6.749613590077064
4032,148.84160920454784,5.9487928674989945,passed,47,8.323896560420764,passed,21,5.2368791054588915
4033,156.17941768985108,5.207056429433457,passed,53,8.296462987302867,passed,35,5.027817579603644
4034,183.5520432208899,5.010699222854712,passed,89,10.455879859053185,passed,89,5.163909541117806
4035,152.53070820920948,6.27616335049442,passed,215,8.842099183591046,passed,188,6.415739772858586
4036,161.9371218775289,9.062528243965797,passed,22,11.12750251878305,passed,3,6.342027341396617
4037,179.5815568784482,4.391152047244137,passed,88,8.14381598410825,passed,66,7.130267746275565
4038,169.01612635582808,4.739267698327107,passed,89,8.278499199436663,passed,21,5.358304500419653
4039,159.9514049100875,8.081916916271965,passed,34,8.333700708334169,passed,34,8.333700708334169
4040,210.0867818404418,3.7271631533284904,passed,46,8.004221893559471,passed,1,5.26928066444583
4041,142.14057070951728,6.23560108660786,passed,104,9.403552844775586,passed,27,7.731051587420601
4042,186.54590276620357,5.006093566216782,passed,171,8.040368318664903,passed,113,5.074414422012952
4043,226.32061237690291,2.5512828876770732,passed,50,8.001887310118082,passed,19,5.113953691461548
4044,183.14135262552122,3.350997701925096,passed,44,8.775179969238355,passed,24,5.940615124630333
4045,169.27674256766431,5.822665912129503,passed,89,8.842198709682059,passed,40,5.155720508780304
4046,192.83155000762972,4.305270114551013,passed,28,8.332404670693405,passed,16,6.413752018371799
4047,138.72890304371532,6.869619676348202,passed,125,8.240804859674377,passed,106,5.34308874699112
4048,147.0749650678158,3.9132679404574997,passed,69,8.952790972651492,passed,46,6.511554231503003
4049,132.32613120505317,7.074428788606454,passed,58,8.1243179590343,passed,24,5.483980547516132
4050,154.88702581652313,4.089403958980326,passed,76,8.421404263845279,passed,46,5.555448009771347
4051,167.56120617367847,3.6495230635016127,passed,26,9.700766788115377,passed,26,9.700766788115377
4052,165.82170714661166,6.430960588453302,passed,125,8.504264973939524,passed,116,5.5421588874303485
4053,149.10696081269793,6.065840935915568,passed,66,8.316748772257899,passed,58,6.895819632212197
4054,186.31511974571134,3.103937672341286,passed,45,9.670895470487961,passed,28,7.300567156977844
4055,173.58296914681742,5.863138224180082,passed,217,9.221704991664502,passed,196,5.352849909760837
4056,200.4634659743977,6.306720336526171,passed,69,8.009803497829914,passed,63,6.102371108200111
4057,181.9186932800033,3.5041971208400913,passed,123,10.240288897652539,passed,62,5.505321504145821
4058,137.57187802785745,9.45095130457664,passed,240,9.674221433096664,passed,181,5.257687915472786
4059,166.22783994396397,8.250175516824601,passed,85,8.114322604677792,passed,61,5.398141352534669
4060,109.03344937190597,7.940350996115857,passed,120,9.264710489686001,passed,115,6.745951907417136
4061,201.50712639962993,4.898416339413978,passed,63,8.62077873377225,passed,44,5.681152857920901
4062,163.30707405318012,8.293626530881975,passed,135,9.075318729453263,passed,125,6.344736380504834
4063,196.61005073879178,3.3653192766296316,passed,22,9.897693163045851,passed,22,7.961900325968907
4064,144.72912272567666,7.3627012329433565,passed,100,8.145481275301037,passed,21,5.358552566012498
4065,148.4512207358244,6.94488643343777,passed,293,9.869792225523089,passed,264,5.39550033146039
4066,172.95155909360494,6.340867178900546,passed,186,8.881968822353459,passed,162,5.753252792173247
4067,151.76430185717015,5.567928223631149,passed,100,8.966852936726145,passed,60,5.162237281886006
4068,149.85825118226518,6.6115392802263475,passed,25,8.476873105995274,passed,22,7.383574758648459
4069,143.09709834689568,7.922541837966309,passed,117,9.084974091572718,passed,101,5.319152366259505
4070,175.08130917609446,5.734003484935373,passed,43,8.406655547693909,passed,26,5.102597175284274
4071,190.3275655551168,7.237607537563578,passed,108,9.230976316552365,passed,81,5.483735147357893
4072,165.1455734570074,4.835289829047705,passed,111,9.066493660308295,passed,68,5.021088683480968
4073,185.62664633750288,4.0400461241072545,passed,68,8.932750064098549,passed,65,5.733622370339431
4074,146.99378006931605,6.823956475237577,passed,64,9.760726250712604,passed,53,5.087971626251608
4075,188.04582285555753,3.954273099413412,passed,63,10.141139194412819,passed,50,5.102839274517712
4076,156.03489209793202,5.079157597089603,passed,76,8.14822449145387,passed,35,5.011856973355333
4077,132.11123031775708,6.346912422230893,passed,140,8.721160098911351,passed,135,6.367743293086403
4078,160.2472189408497,5.4174149254703465,passed,159,9.800846197377266,passed,62,5.0312272967288685
4079,123.60099374417035,10.665895042083392,passed,31,8.019734203935357,passed,11,5.810728161917167
4080,177.29899016949022,4.255624615522594,passed,25,9.163062672869927,passed,22,6.07107310711652
4081,160.95849442084966,4.128952934821706,passed,91,8.739455424741905,passed,71,5.156657499485617
4082,127.48886278053541,5.898161487145178,passed,91,8.718913910061543,passed,81,6.290989819952664
4083,194.4867092467315,8.835878941462822,passed,38,8.340496808955255,passed,36,7.712682617648237
4084,167.1460113388863,3.9540210448825066,passed,61,10.804931063482105,passed,50,5.341805921718579
4085,153.7103524023798,5.667580453271344,passed,76,9.151656296777944,passed,63,5.012709437824037
4086,188.68838524354828,5.430637234216843,passed,69,8.221947235257865,passed,5,5.38506092339508
4087,163.0541255214822,5.84510629023958,passed,124,9.305552344075041,passed,31,5.073048542148828
4088,158.80902557809296,5.02829117893585,passed,66,9.27494032763616,passed,63,6.769873107104574
4089,202.08517654155554,3.896143345298618,passed,90,9.344038240756802,passed,63,5.728135792190803
4090,203.9984893357243,3.2041900375557724,passed,60,9.37725755818426,passed,38,7.732570548068374
4091,163.84023583387463,5.919714483004935,passed,98,8.643308938305116,passed,22,5.988569014743161
4092,218.57495984390968,2.8549724064167536,passed,26,9.120948877130331,passed,26,9.120948877130331
4093,162.4731074987638,5.2878580663964865,passed,217,8.403288373569895,passed,198,5.801368194815937
4094,153.73829805507006,5.75949461617428,passed,156,8.00958197707795,passed,41,5.028464413075118
4095,165.76873567613734,5.083865164772695,passed,85,9.302983988479196,passed,32,5.485144008306353
4096,160.64127223396082,5.889320192550498,passed,22,8.799187331551384,passed,20,7.636829990531768
4097,149.8637400100868,6.640757062420508,passed,113,8.08715088683709,passed,93,5.069007251642166
4098,208.25695071624986,6.620379529010006,passed,89,9.404330665503391,passed,34,5.8667623865565455
4099,167.04068643237827,5.9636278500464375,passed,21,8.257948327118747,passed,11,5.833626354139043
4100,208.60507133294374,3.464184663499456,passed,30,8.914596127646446,passed,19,5.23970662036648
4101,178.78514274357445,3.9586397081532603,passed,142,8.13245550224746,passed,121,5.777230943842571
4102,201.6747116873103,3.5659104920164166,passed,31,8.57446590600015,passed,13,5.805316667884153
4103,149.59135503099375,8.056986916947965,passed,204,8.040384049064308,passed,8,5.625811830536187
4104,175.33927813640355,3.3093782705613237,passed,49,8.007482444294634,passed,40,5.722399396358568
4105,135.54781813038682,4.557354126495611,passed,13,8.45499424141578,passed,5,5.7661252834112275
4106,188.1238198724553,6.956196239809073,passed,42,8.113083431485911,passed,32,5.926263537215504
4107,204.2715614779106,3.842916632497933,passed,94,8.111785723758658,passed,71,5.312276265336213
4108,216.83572139072717,3.3989539789330343,passed,31,11.304011279222049,passed,23,6.445100768215384
4109,147.40525794737516,4.959785005325691,passed,111,8.919584907802935,passed,85,5.827329288859473
4110,207.46319473044645,3.909524378630365,passed,62,8.06446689662046,passed,39,5.364367111237045
4111,223.4960702036041,3.907929098966039,passed,68,8.268648957520398,passed,59,5.071737233979889
4112,146.53919586612085,5.737871010775698,passed,59,8.368466415347786,passed,33,5.11338823153098
4113,171.12785959230587,3.6368105369569137,passed,69,8.07981478865818,passed,33,5.847020829507832
4114,194.35617883560622,3.0240193195869116,passed,73,8.372007397056013,passed,22,5.763860839637713
4115,123.15732100166557,6.2820977381525465,passed,140,8.17692111320154,passed,140,8.17692111320154
4116,200.7955033102594,4.149284921034321,passed,73,10.287410663310137,passed,63,5.150483979949039
4117,120.22992564549457,8.088042284332268,passed,65,8.008517759156275,passed,57,5.814905248353375
4118,158.9968021185844,4.846577426137457,passed,72,8.46193856705204,passed,21,5.019448439885976
4119,177.4361870323255,5.120892466721124,passed,42,8.325472542348077,passed,32,7.193164567762178
4120,133.68661900835033,5.820024448415573,passed,68,9.541573561463657,passed,58,6.947270578662756
4121,165.37479829041604,9.658484496808578,passed,29,9.598879588056475,passed,21,5.010851104991221
4122,189.9465440319466,3.4541580114415744,passed,55,8.00910648332771,passed,50,6.737055589870322
4123,173.3219348979488,3.9004337194376952,passed,90,8.217537903203054,passed,90,8.217537903203054
4124,155.516563442574,7.926886213170077,passed,34,8.491830347987705,passed,26,5.452368895961812
4125,157.63654409083787,4.954744732227305,passed,96,8.276846748158405,passed,45,5.755825661569758
4126,138.83827912574867,4.929290895000097,passed,148,10.236087930066029,passed,148,10.236087930066029
4127,186.33530390836253,4.43668116839817,passed,77,8.243578775274063,passed,67,5.157149026677588
4128,165.37134842559905,4.95991315213969,passed,26,8.491613439052115,passed,26,8.491613439052115
4129,170.0657954420685,4.798064397881846,passed,27,8.01814934580376,passed,24,6.071205244052025
4130,150.02776304522448,5.4263390476045075,passed,91,9.274855978232633,passed,45,5.0036218281817035
4131,166.58009129062958,5.04775543134841,passed,93,8.087118339577293,passed,60,5.130500056868614
4132,143.60630765811106,5.408724817302203,passed,20,9.63492548709115,passed,9,5.4537980965102095
4133,189.92029158431035,4.439570771514794,passed,98,8.29172007307002,passed,18,5.001759382102056
4134,166.65026453800533,4.725025922990355,passed,32,8.408754250103524,passed,21,6.086782992269457
4135,198.68166597930127,3.852187079482778,passed,63,8.301139374571775,passed,55,5.263569626729336
4136,222.0009804929157,2.8684490758448464,passed,50,8.140611319379065,passed,35,6.213767540431081
4137,167.06335029512866,3.230288177643999,passed,158,9.220761759291918,passed,93,5.111935575066773
4138,144.7578768079992,5.3835571679365115,passed,225,8.823173360335467,passed,192,5.359891059442501
4139,176.75050973307208,5.5677642592866246,passed,38,9.44527956071608,passed,32,5.424139472219891
4140,157.85302001714774,8.697180756827725,passed,60,8.235439928325338,passed,46,5.441604753568763
4141,174.7485262710366,4.983595345148715,passed,67,11.1335882851354,passed,63,6.135085662142958
4142,171.61323266140593,4.099208297021222,passed,23,8.658238473619484,passed,20,5.020085885119241
4143,155.09060836220928,5.634243487627858,passed,83,8.111368825260579,passed,35,5.248826084273106
4144,145.7431104235033,6.508215157191148,passed,158,8.897712475486784,passed,130,5.057830404007113
4145,158.6487864836788,5.872087628237626,passed,63,9.263567553725371,passed,58,5.133982716475938
4146,145.51143183751566,6.1001690747471375,passed,90,8.044397278676584,passed,73,5.338701702776172
4147,230.1132579481578,4.5065341157140555,passed,131,8.197807998930372,passed,106,5.31673561037358
4148,204.36556184644718,3.7756525099570704,passed,50,8.010829210230686,passed,21,5.004613423225246
4149,214.5898495013623,8.04958082531036,passed,111,9.748554124724329,passed,99,5.9127105121489665
4150,131.1177773687737,6.036032576872737,passed,147,9.704996227493856,passed,59,5.077781184641816
4151,153.0931774422162,4.490040046964897,passed,20,8.748466667271249,passed,12,5.015253444622969
4152,183.89188057538922,9.390324024599249,passed,127,8.487848291549117,passed,7,5.618573034555396
4153,167.96058840808718,8.474126141680394,passed,209,8.118936974492485,passed,201,6.65039450622662
4154,193.16380069658723,2.969233443947542,passed,21,8.107020732630454,passed,21,8.107020732630454
4155,162.88333875881284,8.475505635917484,passed,100,8.857714100588332,passed,94,5.302552080587719
4156,159.7621888030075,5.1550344599154965,passed,62,8.121217828587879,passed,46,5.411697849715136
4157,153.65229965473867,5.594470070901924,passed,65,8.978290273534405,passed,60,5.179038736666142
4158,152.30265809567328,6.837708755217451,passed,53,8.312502535836618,passed,44,6.636558984389929
4159,162.0652868427837,4.117997055289528,passed,29,9.800599884221018,passed,9,5.617875073264833
4160,130.38395659894113,7.494122586157202,passed,60,8.085567115074998,passed,34,5.010170664040214
4161,206.3453779922154,3.645882223626869,passed,54,8.7026481708121,passed,48,5.833503840561649
4162,178.04198941131034,16.04593606408949,breach_static,131,-12.454380566262902,breach_static,131,-12.454380566262902
4163,160.11115982059673,3.6959060440478613,passed,89,9.13208070820759,passed,30,5.008831867246677
4164,189.90913105859093,4.049012245108869,passed,94,10.595454544632709,passed,85,6.623868375722863
4165,206.29788333917412,5.551396432406489,passed,102,8.218371911807187,passed,61,5.062391101685049
4166,148.01357059064006,4.696653907753726,passed,22,8.624360824481236,passed,13,5.746472678245396
4167,187.71580456821857,6.089852374922084,passed,21,8.642929413060529,passed,21,8.642929413060529
4168,197.9434435143601,3.791007805160467,passed,59,9.917135708080727,passed,49,5.770421361579214
4169,151.67752068017094,5.362066014902916,passed,115,8.24914647723125,passed,49,5.010327463618447
4170,171.38184915670837,4.676567175504531,passed,59,8.953233153087226,passed,48,5.311245645259022
4171,155.38637138539357,6.008897673297307,passed,140,8.40606043908485,passed,101,5.0058787341222155
4172,150.74613557722384,9.459217706319393,passed,98,8.802136266693106,passed,66,5.672923889475756
4173,196.5515718279401,3.907632326383683,passed,65,9.277590460675267,passed,22,5.016883471944622
4174,151.41381983839514,8.079502242366607,passed,101,8.043974761658855,passed,70,5.13892092748196
4175,124.4777622270675,8.711199034776124,passed,170,8.022132462436504,passed,144,5.002213770104591
4176,150.39093343707154,6.662162205300158,passed,115,8.932995770783192,passed,31,6.0390590622246165
4177,168.72044452042525,3.9842370070440865,passed,50,9.439766800636384,passed,27,5.086718947697899
4178,167.17911570038842,6.2639998721354715,passed,28,8.133688773194692,passed,22,6.638668074561549
4179,167.89784790286282,3.0769615532950514,passed,59,8.144364407129334,passed,51,5.961346899010911
4180,163.64097138535521,4.4719306408185755,passed,81,8.014523833614739,passed,53,5.0090265265355205
4181,192.99139331259278,4.5414950933348655,passed,35,8.135125973901737,passed,22,6.015163012830871
4182,197.42367329628144,4.761809113998062,passed,70,8.116299384223357,passed,21,5.582577577133252
4183,213.9640203734415,7.281854086335941,passed,68,8.529159346525205,passed,45,5.205999664494443
4184,141.3465537379233,7.264639403906087,passed,118,9.96320555827932,passed,97,6.7656037384074
4185,150.21720750548147,4.777917779657881,passed,135,9.27540113613552,passed,85,5.503079766839525
4186,133.34539249901107,6.25824175935064,passed,239,9.00248060909723,passed,221,5.431212430860266
4187,158.8906027717729,3.292252897769955,passed,85,8.19637724218627,passed,27,5.381633170959765
4188,162.30128175012987,4.8118036436494664,passed,81,8.363082055378413,passed,76,5.622943078768516
4189,158.85882089205424,9.512670749158255,passed,96,9.31107432489593,passed,63,5.1616102743063275
4190,173.69742877227776,9.160697748673465,passed,59,8.749858550972057,passed,40,5.785028220544541
4191,198.36563410464188,5.375516178814111,passed,98,8.561436750682372,passed,16,6.393956609185758
4192,178.1060353042178,4.067471305668204,passed,103,8.019486008578669,passed,61,6.6043267484359625
4193,220.57116052469797,5.100973704840419,passed,91,8.64843304651506,passed,23,5.533983553299016
4194,171.50963508544908,7.682619716251958,passed,293,8.026277906192991,passed,180,5.094206857699146
4195,167.929122441745,4.996214733445119,passed,12,8.698074545572432,passed,9,5.865298247337081
4196,146.15930940644995,5.765878769180045,passed,74,8.51571066647676,passed,50,5.21098414771306
4197,119.41198242181184,9.56402072149114,passed,59,9.732225553680518,passed,46,6.916338135319355
4198,142.22202595384164,7.364682799157728,passed,85,8.93619920350741,passed,83,6.104985380667949
4199,161.3805106050556,4.657140568928505,passed,38,10.997754186583686,passed,23,5.611753153553201
4200,176.1449972121811,5.37377136099999,passed,48,8.023872808568132,passed,27,5.262284224747571
4201,200.05315396673043,2.833235249914491,passed,38,8.27118926018131,passed,12,5.879198626969728
4202,214.00024135952646,5.475735388422659,passed,99,9.449297551288627,passed,65,7.020739953208843
4203,189.88842566098018,4.762520217809819,passed,12,8.697945244138271,passed,4,5.458537438570188
4204,175.2587666256875,12.867457283380016,passed,51,8.372812070873415,passed,36,5.123556670106177
4205,173.10752327266434,6.516370628875085,passed,60,8.252966867749434,passed,55,5.115870754288543
4206,168.20123471595713,5.15731125101492,passed,31,9.383320070756195,passed,17,5.008980159036702
4207,168.34550428873482,5.723648164484128,passed,59,8.679681841295972,passed,51,5.100613354594397
4208,196.62983698357465,4.641944877473854,passed,31,8.778770327156217,passed,22,6.275169571720252
4209,207.6621792856682,2.1757401933694664,passed,50,8.575226097820089,passed,45,6.014108487242731
4210,160.97315853956454,4.151835520848976,passed,63,9.372303581040132,passed,10,6.900458571884771
4211,135.62588645787676,9.241536101872702,passed,32,8.284114181870716,passed,28,5.854061710647929
4212,168.44560974211706,6.837259255874296,passed,76,9.144554726280019,passed,58,5.348472872276733
4213,115.404679020686,4.320879144856032,passed,50,8.013932900210285,passed,30,5.244273775815156
4214,165.34845619751067,4.3461635999925,passed,50,8.584893907031521,passed,49,7.388064847449627
4215,146.98303788199127,5.010794733133378,passed,34,8.008272215816369,passed,21,6.598195846590338
4216,126.21003793742216,4.986169918602195,passed,146,9.303622558411107,passed,85,6.031590441351864
4217,159.14479820064278,6.186444186974083,passed,107,8.359470043412776,passed,59,6.127241849504994
4218,158.92915968609634,9.043069782045162,passed,245,8.746246937470703,passed,85,6.012648421126787
4219,186.23691875794788,3.3730375709475213,passed,49,8.749052994893013,passed,34,5.0352869231545805
4220,219.31956293694995,6.257613634350141,passed,130,8.516469523846904,passed,104,5.487214404400165
4221,213.96703486877757,5.076386009145556,passed,68,8.04609438240842,passed,62,5.144721343761072
4222,170.77329239241047,8.349477623800238,passed,28,8.137425235735884,passed,21,5.225318537281254
4223,137.476998952272,6.462135099100741,passed,42,8.146107728571451,passed,16,5.253558883459553
4224,85.27729000550973,8.632740306040722,passed,133,8.87265483096298,passed,55,5.118440198777119
4225,214.272073245155,4.1175930802491445,passed,97,8.232836373429464,passed,65,6.221762821501842
4226,218.25209924317255,3.281762911841799,passed,60,9.05311577654424,passed,57,5.990246899215235
4227,212.83172165436994,4.791249247006618,passed,46,9.61494846233939,passed,46,5.436468983200249
4228,144.1103635819799,6.5636043645105575,passed,155,8.919552573870625,passed,125,5.006126264122779
4229,157.50553747901904,7.205922836014358,passed,53,8.333899059580752,passed,45,5.344320810751668
4230,144.81468717704348,6.032241482343607,passed,24,8.018850476420148,passed,8,5.029184508677398
4231,150.88018198360933,5.2531930716838575,passed,43,8.931777162379895,passed,18,5.279174251709073
4232,185.8080665716308,4.889620394547061,passed,45,8.058640085678626,passed,33,6.173264885454333
4233,149.70877709182227,6.22312445073256,passed,59,8.293606516919771,passed,12,5.2149963217386075
4234,195.21144950724948,4.828104249966163,passed,49,8.743200687239971,passed,21,5.600657159236588
4235,174.6326058758889,3.163939324045955,passed,68,9.798718757753623,passed,50,5.572471964456915
4236,127.71212251963853,6.494135909436456,passed,76,8.396552287868953,passed,41,5.167516594574595
4237,197.8595935034445,4.463685385822908,passed,48,8.006501430568868,passed,24,5.531376190262471
4238,191.9621805612989,5.585702491197199,passed,131,8.011140271008266,passed,91,5.102322953290561
4239,181.18324152683928,7.433586028018986,passed,28,8.344412740244334,passed,15,5.5391868216420725
4240,141.38423094372175,6.388454593474549,passed,118,8.008207292370928,passed,80,6.458861251287118
4241,148.10563568553343,5.358537895182565,passed,48,8.219087474318965,passed,46,5.813777159497802
4242,164.51088238498235,3.8234196994127294,passed,98,8.021823806810291,passed,98,7.999134153320742
4243,189.2238694955633,4.457577499732217,passed,113,8.058684826674334,passed,100,5.017275886467454
4244,138.99787097384257,9.219481993639645,passed,65,8.358496295193651,passed,22,5.005442767163237
4245,128.68215051745375,4.325270739878007,passed,86,10.798768147696624,passed,22,5.800860146511466
4246,155.03622235202968,4.020932067367563,passed,83,8.006461775022888,passed,37,5.408159762987741
4247,198.25267197880433,4.067066325951647,passed,14,8.17570271099295,passed,14,8.17570271099295
4248,191.08449210930183,6.305789433760708,passed,102,9.438288047939626,passed,63,5.13991164297003
4249,215.49538492304086,3.462330158296166,passed,78,8.616224666501937,passed,36,5.027178149544742
4250,161.50969577018822,5.14853974718445,passed,80,8.478370207960406,passed,78,5.3503855163616665
4251,189.89175179251086,4.801000293543884,passed,98,8.21738344858507,passed,34,5.203792028029919
4252,190.12810820116817,5.585514670838082,passed,121,8.387388417914089,passed,105,6.431371867929148
4253,147.26875080903943,5.71627112899844,passed,33,8.594371379239728,passed,22,5.290614239133529
4254,144.38697800690002,5.504684258034345,passed,58,9.335947062794258,passed,22,6.303121620681651
4255,155.35704820868622,5.120715116273297,passed,80,8.199633822673613,passed,45,5.231518676828983
4256,209.7171908015608,7.028424311344884,passed,142,8.133511314917197,passed,109,5.306768053211353
4257,188.9242350739868,4.459934293777447,passed,98,8.381054424344047,passed,48,5.755424765178296
4258,114.45215954219789,7.193098116231851,passed,21,8.257614580586381,passed,10,7.03816749745394
4259,169.89602024124443,5.488162036415657,passed,59,8.585728057166397,passed,40,5.081206253245418
4260,178.37475588525874,3.1943291646885563,passed,27,8.77414256520348,passed,22,6.923154384715335
4261,158.5957554503367,5.4818738363192905,passed,76,8.379835549784321,passed,62,5.186750680428154
4262,175.81140301237545,7.525308198301403,passed,54,8.46973535057478,passed,15,5.805027907033611
4263,167.6361273387362,4.1429604813155585,passed,32,8.00429859101115,passed,16,6.36439143585148
4264,191.0794299980616,4.110133484690458,passed,45,8.149543799965176,passed,42,6.3763691463636585
4265,145.40529988554675,7.024776253988907,passed,45,8.003628938191643,passed,34,6.32172481502562
4266,164.2216523591021,7.127521804731907,passed,38,8.611181902632348,passed,37,6.547509210206814
4267,152.7790963734981,4.200397698217986,passed,21,8.681640707197836,passed,7,6.746674853500201
4268,159.58592044671437,5.98738623650498,passed,76,8.020343788618,passed,22,5.461583106713941
4269,172.1704891832176,3.633195022381604,passed,88,8.423229284234424,passed,73,5.362309300301371
4270,155.7368492438012,4.661790432513624,passed,109,8.0031963648733,passed,63,5.2674008887598545
4271,147.41779739072038,4.590203319652398,passed,144,9.581139690010087,passed,101,5.008279684599337
4272,162.02967290958563,6.854793297046811,passed,48,8.892786676775998,passed,32,5.781928551506943
4273,177.34593228605627,11.865467168450223,breach_static,50,-10.43293828606846,breach_static,50,-10.43293828606846
4274,130.74237513663118,7.103054941457852,passed,39,9.1742301078366,passed,30,5.429855864937494
4275,242.1058326651468,4.6239728346150155,passed,51,8.121341223188395,passed,26,7.031203898858562
4276,168.56346275810935,7.259303464464188,passed,148,8.582538934556204,passed,5,5.6895088271797345
4277,165.25243062090627,5.626272324338725,passed,101,8.015995979668201,passed,25,5.571317250222663
4278,205.2555422820677,3.746686285759646,passed,90,8.151776913390396,passed,89,6.996396784758119
4279,158.46072651198932,5.862227522154095,passed,56,8.011871029222672,passed,50,6.790063957645964
4280,199.5526023464024,5.575858816709885,passed,59,10.253807981254525,passed,52,5.530776818366201
4281,193.149118763326,6.633533722115836,passed,240,9.640941904235723,passed,236,5.910036235060212
4282,149.44919112003734,4.2984086732104405,passed,100,8.77384450832681,passed,81,5.6027890693061355
4283,139.13500736649587,6.355322493992746,passed,58,8.699891751054146,passed,57,7.620091141486474
4284,232.4345929181456,3.789036327039494,passed,53,8.773389203699633,passed,13,5.251271244077427
4285,151.53019519987677,7.621834899567021,passed,32,8.234397250216418,passed,26,5.8656218538432725
4286,199.25017066649048,5.4318652674535155,passed,59,8.010119570632824,passed,35,5.529613090021113
4287,137.41959758522864,3.7251067145371,passed,64,8.332088387956782,passed,58,5.820008888759354
4288,193.71388407640845,4.314949511779232,passed,119,8.60370940161419,passed,82,5.317383225843053
4289,176.2630265992783,6.498270074255312,passed,53,8.16545113671503,passed,7,5.051515510508442
4290,150.44147211025876,3.5981157822302747,passed,41,11.207653069541879,passed,28,5.690180649892973
4291,179.77752972795807,9.063870589004285,passed,182,8.1701005157369,passed,164,5.5830333096549944
4292,189.2892012283972,5.175261546922891,passed,44,8.172776952076099,passed,36,5.318511427877715
4293,183.47207581227894,5.053658872611901,passed,22,9.747058037835687,passed,22,6.182693379276216
4294,151.06367830999514,7.882798678199208,passed,140,8.111363408760685,passed,119,5.1040049004758
4295,143.38120822612063,4.893092924046789,passed,95,9.794669674108736,passed,89,5.012849335738112
4296,134.4045181084741,9.311197832049771,passed,92,8.850290925705394,passed,38,6.091370564070719
4297,167.11740466710197,6.026317523894068,passed,15,8.900556290749218,passed,11,6.0869132497819
4298,167.36904872587738,4.627259750001035,passed,56,8.526646138520256,passed,53,5.421793955010212
4299,203.95628400717243,2.9329933820705394,passed,34,8.883118825793623,passed,16,6.177859085070914
4300,147.45739294002823,6.569675400833328,passed,58,8.016190349129149,passed,32,5.1313988247466025
4301,123.74997092823898,5.861969663117162,passed,81,11.313395394452975,passed,23,5.5391644934768225
4302,212.70217188890106,3.057816154050727,passed,63,9.47196385392164,passed,8,5.111227741489621
4303,173.11718034994513,4.189765844517113,passed,81,8.751881610253708,passed,56,5.670061588369246
4304,183.49435774809896,4.669742117387257,passed,208,8.169538877320704,passed,204,5.752372872202294
4305,127.78409010629343,6.914364423631109,passed,94,8.06865369227403,passed,89,7.158018619293194
4306,167.89904362434024,5.0386532535589765,passed,21,8.61733076009983,passed,21,5.883932316744711
4307,201.21241821209316,4.773285362671085,passed,69,8.74668664981293,passed,24,6.341523363533819
4308,198.69227744488117,4.001266200266505,passed,40,8.291027676049723,passed,27,5.961479535823111
4309,149.53678335538325,6.004382436266122,passed,55,11.942343150572077,passed,28,5.214012368989751
4310,163.58901759764723,7.11152115927791,passed,14,12.370230687034955,passed,12,5.297044798437867
4311,149.9948344672085,5.6334967008320564,passed,35,10.841093486199572,passed,35,10.841093486199572
4312,164.32821499647466,5.125388128682609,passed,110,8.862835939901625,passed,72,5.178613231170082
4313,179.16050796881623,3.3925601863640553,passed,129,8.07629043871847,passed,111,5.279821818914687
4314,127.2296442920716,7.818659663875069,passed,93,8.420130808069537,passed,89,6.3789236342608024
4315,170.54812917665095,2.776383807162063,passed,60,10.37806789123037,passed,30,5.0864602588100105
4316,208.97904299332248,4.8972226603437035,passed,85,8.76618222479939,passed,36,5.933763334197084
4317,160.70259521841245,7.264605621511902,passed,117,8.185609251394844,passed,100,5.469608739551357
4318,105.92273992528605,5.381051439483843,passed,136,8.127094348209752,passed,65,5.016606109023147
4319,122.53474746287525,12.974109762598687,passed,383,8.116948363775855,passed,159,5.437315111723318
4320,118.9885906427711,7.942202453809978,passed,224,8.051495354739702,passed,221,6.671372028214928
4321,199.74585458300083,5.779247438341138,passed,78,8.468310612282814,passed,53,7.608825946055231
4322,144.79388211474617,4.8841170150670905,passed,70,9.112951018799853,passed,57,6.315102240694914
4323,174.7954210948356,4.625929652028589,passed,81,8.002086823774546,passed,69,5.011119343650305
4324,125.51538829834281,7.868021046794298,passed,101,9.665300973222246,passed,89,6.5450818415084155
4325,110.78068718341703,6.144066027373559,passed,171,8.935967325868654,passed,87,5.54579196958862
4326,163.0915963827344,4.9618356526892065,passed,66,8.590855755578586,passed,61,5.634311835017702
4327,178.43525414407884,4.816697476511692,passed,34,8.000838751462801,passed,24,5.321968179945036
4328,149.14886075534812,5.050412294339313,passed,20,8.686596900801003,passed,20,8.686596900801003
4329,173.69570654832464,4.678682889226948,passed,31,8.364597270989327,passed,25,5.42162535424302
4330,165.23495290460096,5.974606463815743,passed,62,9.302281082351293,passed,56,7.772969626812487
4331,203.95783609022064,4.532521142969547,passed,60,8.572743417153262,passed,32,6.578257170690627
4332,114.42755970746248,6.526648546885168,passed,161,8.558485689641726,passed,14,5.134979389790395
4333,190.62754854044286,3.7587330649274118,passed,53,8.189755447628677,passed,24,5.016533018358604
4334,178.35785742473806,7.8497773973751475,passed,32,9.298468497772072,passed,23,5.214539861054623
4335,134.49362897440434,5.313926371375246,passed,120,8.99977133661225,passed,86,6.269391461539042
4336,153.11092934454726,4.875370680395981,passed,226,8.04805175246377,passed,100,5.991355881875071
4337,189.7976402848632,4.020625451265527,passed,93,10.271523614112944,passed,69,6.520807684012442
4338,157.8008826172562,5.129279268608914,passed,35,8.714757339279267,passed,33,6.404198112780479
4339,170.36727904372592,6.090450466073878,passed,140,8.012001601359309,passed,111,5.020086221764464
4340,193.61598368108645,5.10143896043104,passed,39,9.31803472778654,passed,19,5.0564396199803685
4341,193.86578975780293,5.180120315592049,passed,109,8.0695277912467,passed,101,5.76103506062613
4342,166.11070925962008,5.476239141553061,passed,89,8.059062551909712,passed,74,5.0159018364923424
4343,142.99849116241091,11.17064053579327,passed,149,10.365997047529142,passed,122,5.026419605697385
4344,204.77484586233334,5.33970087390358,passed,105,8.001136415859932,passed,34,5.143105494175582
4345,196.48723643693512,4.312778731967741,passed,51,8.655690776698455,passed,50,6.87137642628024
4346,112.62012797393987,5.74305892745846,passed,71,8.26525773612683,passed,24,5.642007525129422
4347,138.69705360170244,8.791838705899686,passed,132,10.281819989990314,passed,117,5.39340023159085
4348,159.14032675543464,6.336151847269046,passed,71,8.952743212622561,passed,66,6.328418890058973
4349,182.11101397641457,3.4108175016287987,passed,84,8.238021415293172,passed,55,5.522149800018772
4350,199.74801084072377,5.274799732808515,passed,218,8.1635893122453,passed,193,5.521267646636452
4351,202.4033308531957,3.1381090187312712,passed,21,8.272990419996695,passed,19,5.00473190879529
4352,187.22741388842837,9.510291920803681,passed,258,8.231158274136563,passed,82,5.014523295174533
4353,156.0834022810703,5.771141344226155,passed,28,8.320367576025856,passed,28,8.320367576025856
4354,129.4395310169277,10.465465619657415,passed,224,8.589492249460884,passed,205,5.315517276932891
4355,200.100941229294,3.737879605095504,passed,33,9.647483809263036,passed,27,5.638886692539025
4356,234.60883214785565,2.842481007440747,passed,64,9.98210471571599,passed,26,6.296141230481078
4357,160.54427399507017,6.364324877353568,passed,169,8.801120496221039,passed,144,5.026898935024082
4358,181.37246987559445,5.743131089982904,passed,24,8.37030695971297,passed,12,5.356518713782288
4359,111.26453842494514,4.061414542953975,passed,32,8.305268034156455,passed,25,5.008274428119686
4360,172.64097280166132,5.798666033100016,passed,80,9.083937359155602,passed,50,6.249439395980194
4361,166.46062712079805,6.697598895991552,passed,197,8.018068344851992,passed,181,5.177579700008117
4362,178.48125261769647,10.133753349520292,passed,27,8.422186726598934,passed,11,5.597235487371632
4363,168.9609072268302,3.781947159728864,passed,111,8.264991536060752,passed,89,5.890543397835524
4364,147.9321967746086,6.449610650032657,passed,203,8.439273331014373,passed,175,5.263962829465685
4365,215.01073596337315,5.146682133162358,passed,109,8.768396276896894,passed,60,5.187440625548834
4366,179.03110705364728,9.406300754660842,passed,53,8.779829064328194,passed,53,8.779829064328194
4367,173.80654867001542,5.185488476556886,passed,106,9.239515852344704,passed,65,5.001860274227066
4368,156.32870495789012,7.793859069744738,passed,37,8.329970858468517,passed,33,7.0934752186111005
4369,203.12914321098336,3.532282039587517,passed,94,8.36051742463324,passed,63,5.727188481965251
4370,160.9178515815465,6.011650969708233,passed,52,8.019490910292127,passed,34,5.579741533218829
4371,159.76411553844235,10.063526074141564,passed,19,8.411482852435558,passed,8,5.6392687621726
4372,180.02441314713798,5.449163146155174,passed,164,8.161244015658632,passed,145,5.66719252920167
4373,132.12914300560647,6.559226690593555,passed,145,10.860684367639205,passed,133,5.9361222860021545
4374,201.00028522832125,6.638864098525207,passed,102,8.945113842201513,passed,60,6.175809543936439
4375,106.85564611005552,8.058511066223616,passed,169,8.02102356542882,passed,159,6.696110266348021
4376,147.7249100881801,3.7961588232203622,passed,68,8.063382997570944,passed,59,5.163188865744517
4377,162.02512538892654,6.197586478510245,passed,48,8.734447784979139,passed,19,5.975406687962415
4378,165.25666436153492,7.759025399942201,passed,51,8.050814949000863,passed,35,6.441367641029205
4379,171.31717225592092,4.924913087940877,passed,69,9.342082608546743,passed,62,5.954433971528195
4380,156.53419430289713,5.118153827772268,passed,34,8.95569712306492,passed,29,5.146129914192565
4381,215.87349772145154,3.6140664924001067,passed,15,9.895603520119778,passed,15,9.895603520119778
4382,162.56069566696928,5.9379953102528,passed,109,8.01174148498356,passed,101,6.4395512885846
4383,142.149483485188,5.275087336585968,passed,31,8.027828329913245,passed,18,5.773927211129881
4384,156.07126943370378,9.363977630828746,passed,65,10.566281558409617,passed,60,5.0365351693865135
4385,132.34429476880766,6.220617576400881,passed,63,8.006536278518261,passed,57,6.0744584423206405
4386,199.68042166885738,6.190492153418463,passed,140,8.821732354814028,passed,63,5.036604020895075
4387,155.70047214290022,6.109757155101113,passed,124,8.115013721314956,passed,96,6.949888027865181
4388,159.40917466503683,7.306826678439428,passed,72,8.412311583386757,passed,46,5.447029952964444
4389,174.53237845672987,4.985981630097528,passed,133,9.792664387260697,passed,38,5.235242595133172
4390,174.82171118040873,5.03158465668043,passed,51,9.447216207662867,passed,17,5.013591905303083
4391,156.62854710234262,4.834872307032369,passed,38,9.33805461057875,passed,28,5.785788503981171
4392,198.78287880466564,5.198688968341383,passed,49,8.389329147554436,passed,31,5.308954041982994
4393,173.54723009335095,8.010092155967104,passed,52,8.660411013251323,passed,31,5.74946347529941
4394,210.99679354270253,3.654707593511281,passed,63,9.42266148144746,passed,30,5.019476883717244
4395,188.82649615692566,5.353104549298694,passed,33,10.159150734531508,passed,27,5.838548185791215
4396,140.42040227111787,4.124674628752502,passed,135,8.494138142199281,passed,122,5.841276554286945
4397,194.92284651287028,3.1969512946141547,passed,49,8.375460200300221,passed,35,6.54957783810739
4398,158.17127736986652,6.113462158500345,passed,119,8.4787753388744,passed,110,6.747399455743919
4399,150.72354953109448,8.367046958543742,passed,59,8.006261691343708,passed,50,6.25442654410624
4400,197.40802628606798,2.8425923624567133,passed,25,8.244672611343763,passed,21,5.499370903028766
4401,178.50506365090726,3.026478004244157,passed,26,8.672976261209886,passed,15,5.591946775159018
4402,104.37122416215642,7.181723255686959,passed,278,8.275791287112666,passed,256,6.423392422980534
4403,174.68477136312276,2.995793959378721,passed,32,8.918592877914456,passed,32,8.918592877914456
4404,172.93362894852132,7.245590157386891,passed,156,8.087886626061946,passed,91,5.020490109066111
4405,142.79937644677864,5.927025864609381,passed,91,9.212901011178886,passed,85,5.501848788806729
4406,187.20844092693812,6.096014277179306,passed,132,8.375222763392287,passed,100,6.184527795197603
4407,174.86880958777894,4.669162244745411,passed,22,8.180251994247767,passed,22,8.180251994247767
4408,130.11481553309582,6.3410625242051655,passed,133,8.768439371250292,passed,72,5.003776063644438
4409,198.53762354921008,3.923640568198805,passed,26,9.402890643425721,passed,19,6.396896713587874
4410,205.62497084337522,2.6762316794808667,passed,42,9.775725727895669,passed,34,6.00271174554321
4411,163.1525989397287,4.593616919690962,passed,44,8.01485646249005,passed,21,5.589693293459819
4412,138.14143720780848,7.561272617834247,passed,96,8.820253334723471,passed,44,5.266933731561152
4413,154.58489339509995,4.530424437380733,passed,155,9.712089406524838,passed,66,5.2699413138892925
4414,178.8232919455476,4.145804974765994,passed,105,8.011857573728886,passed,69,5.44758138721817
4415,117.96125721520339,6.392068900037573,passed,55,8.041729275921238,passed,37,5.670975922567623
4416,216.26774240476868,4.322242731968977,passed,54,8.342408940822853,passed,30,6.1092833349336795
4417,228.20303962194157,2.922828395801132,passed,17,8.227691130891191,passed,17,8.227691130891191
4418,175.876791653058,5.056142543463035,passed,107,8.67813654367502,passed,22,5.064547343739245
4419,189.4028537387613,4.522596800409217,passed,46,11.282146251167703,passed,22,5.117657995367075
4420,109.08081779067072,6.147859942297209,passed,94,8.264552720387641,passed,28,5.01197944587255
4421,146.6765610359261,4.545879794556748,passed,52,8.81575996529882,passed,13,5.7049894951058056
4422,115.93206221189693,7.547671948028029,passed,104,8.297047351798392,passed,85,5.445981433579528
4423,147.73263869967997,6.582314293349449,passed,85,8.188233911671094,passed,24,5.176896238810036
4424,165.30218515070106,4.187008515506047,passed,85,8.235313627801899,passed,48,5.335100589024644
4425,169.43598672516126,6.342933099939743,passed,31,8.252621254561898,passed,27,6.3903219985183
4426,148.60926416323767,7.84747728151379,passed,156,8.104624325817266,passed,118,5.008738507516508
4427,155.83358359325118,4.463862054449912,passed,94,8.914500385267976,passed,94,8.914500385267976
4428,135.00945272674318,8.585855649279322,passed,101,8.384639153167894,passed,73,5.031947628941791
4429,252.1764040285905,4.278735960204305,passed,49,8.072441774826666,passed,41,5.233544212211028
4430,124.336665710381,6.747405049171344,passed,21,8.030163023712223,passed,2,5.41132180149384
4431,171.2010619246693,5.7259141996324505,passed,113,9.233251595893964,passed,88,5.307466109375669
4432,186.2276392604731,5.647761746132933,passed,46,8.009102246947197,passed,34,5.192732773725117
4433,185.36919299131273,4.2191640928593666,passed,76,8.375083076283985,passed,37,5.195954789301438
4434,173.78928344461525,9.146513034848187,passed,85,9.772525700970668,passed,53,5.25936080757996
4435,168.99899690710765,4.608658007660827,passed,138,8.973693743316113,passed,32,5.633797648910122
4436,161.26267996200187,4.592675993394985,passed,62,8.000763787292664,passed,41,6.804868247013118
4437,179.47196165934315,7.343983538828402,passed,103,8.446021313995434,passed,92,6.08928864727909
4438,149.13443717990376,9.420168267405383,passed,309,9.065234269226185,passed,288,5.563506970832943
4439,138.3230915503709,4.867137088066801,passed,89,9.903749448928467,passed,57,5.014352696919677
4440,171.6938498838946,3.9866774526539133,passed,104,8.68948484237373,passed,89,5.002829046045609
4441,150.27275371472678,5.29709174175178,passed,89,8.044024096785485,passed,89,8.044024096785485
4442,155.6413250732354,6.819691990247864,passed,58,8.135274421558858,passed,16,5.487603550136999
4443,126.90895295669749,6.24051486888458,passed,41,8.245213852858901,passed,31,5.637724008401945
4444,152.43752206744904,5.20817092714239,passed,173,9.111734152599361,passed,159,7.478714187998903
4445,137.25759888423315,8.67414421729347,passed,94,8.277269044805479,passed,77,5.347419284691268
4446,213.22283127790516,3.8374421003683414,passed,73,9.39029384972605,passed,57,6.358972347419267
4447,179.1812350999804,3.9135513475254387,passed,85,9.59466193791425,passed,83,7.172247432159029
4448,137.0518076961166,9.146493324769855,passed,138,8.218498778407168,passed,30,5.470935436726121
4449,163.2196649464721,8.658223682930592,passed,64,8.288529917125697,passed,50,5.091206871124188
4450,181.61722860163064,14.145391409123857,breach_static,158,-10.13478300574545,breach_static,158,-10.13478300574545
4451,185.6689501035515,7.963408795393912,passed,22,8.296848755225028,passed,21,6.834743690434553
4452,158.49761765992446,8.857232576486348,passed,342,8.015586863021085,passed,271,5.49891342800084
4453,150.16386082858344,10.408438625339269,breach_static,59,-10.367782595676122,breach_static,59,-10.367782595676122
4454,164.16916963582943,7.5071311932506655,passed,208,8.01421711069601,passed,96,5.089551610815479
4455,182.21245850935182,4.1087153027567265,passed,83,8.012211241898859,passed,55,5.374506161486781
4456,169.61871520461202,4.351905343236405,passed,59,10.625771056704881,passed,46,5.07904455737096
4457,144.25337833325904,7.097882795135169,passed,27,8.148087195504283,passed,5,6.529104574130007
4458,212.89107659378524,6.005925238539871,passed,45,8.36089629454766,passed,26,5.2426557990243206
4459,141.29997720588904,5.550678219954412,passed,36,8.760641192859042,passed,14,6.856533173859236
4460,160.28705899204172,4.2032456068156945,passed,71,10.26495755471679,passed,26,6.332353071385488
4461,140.84019379596006,4.152016867596701,passed,58,8.075854334472643,passed,58,8.075854334472643
4462,141.5470556577989,5.117597853579685,passed,24,8.38182584182563,passed,20,5.700594743450305
4463,195.10035258016512,4.702541878788837,passed,27,9.137709188158327,passed,3,5.178079288514192
4464,156.63705229873216,7.242041258298555,passed,11,9.618195610317182,passed,11,9.618195610317182
4465,173.74057069282065,5.8213049189101485,passed,135,8.856603609420667,passed,123,5.061181427587824
4466,168.09544140925232,4.340728571075561,passed,27,8.352538138329102,passed,24,5.544013968979189
4467,115.83400579461735,7.02169324191007,passed,50,9.242267860219755,passed,43,5.235433314957816
4468,140.04955129757852,4.635450236956404,passed,71,8.048612477422834,passed,58,6.649914752537978
4469,151.87560727844013,7.487874446783251,passed,135,9.331072779057315,passed,130,7.173553881050743
4470,175.6076712460966,5.2172066903241925,passed,89,8.078992608264212,passed,53,5.065379956510285
4471,142.8500128192744,5.692921357220692,passed,59,8.106868988407111,passed,14,5.38787658499742
4472,178.27620460722025,6.196293408019117,passed,111,9.936070489018011,passed,109,5.846285677623131
4473,172.81265148347052,3.966153456549075,passed,85,8.016964436563946,passed,59,5.947054037690602
4474,164.82749744649917,8.996534718088,passed,63,8.655518910768013,passed,26,5.2347480376918165
4475,199.6194875168032,5.526232099616338,passed,218,8.002474611525411,passed,211,6.9888588713139965
4476,195.21948747072,4.261301915646756,passed,100,8.433069076546328,passed,72,5.45976632949392
4477,162.14626249857872,6.260519272994918,passed,76,8.025801581976765,passed,69,5.383512985755079
4478,200.91285745606982,5.842338423424295,passed,46,8.235084345797228,passed,27,5.075149398762102
4479,179.4752591733028,3.5084863234235764,passed,48,8.396425216771997,passed,12,5.276318684141046
4480,177.34584680628544,5.28701925491446,passed,28,8.93383424944394,passed,24,6.335758337058595
4481,202.85597780253943,5.7697147204312165,passed,67,8.139938763641696,passed,13,5.065377128670745
4482,176.33824158758435,7.655625789052644,passed,113,8.224674458134707,passed,69,5.443805239471899
4483,138.73102895170996,7.812432975796907,passed,45,9.829013135743603,passed,27,5.351113020217024
4484,172.0113076931599,8.38253289607999,passed,239,8.256995687672731,passed,53,5.000026717445061
4485,167.48428592072946,4.175568198254189,passed,107,8.52691388014688,passed,60,6.176050812427913
4486,148.3745387323119,4.3082338354109595,passed,66,8.155550566341763,passed,19,5.480651056202035
4487,176.44017152667587,3.1969425254579282,passed,44,8.351591045216544,passed,32,6.21433007725789
4488,153.01348696851872,6.264139521710152,passed,326,8.017684227540167,passed,200,5.429297765523278
4489,198.98319324859304,4.5708060164717565,passed,125,8.575125955577455,passed,90,6.139149172085134
4490,124.16675254027511,9.146874296606132,passed,397,9.237765431331301,passed,76,6.440725140233905
4491,108.50729880262007,8.263204435050675,passed,21,8.27958899816348,passed,9,5.384476566881635
4492,216.5444478257638,4.317668084192034,passed,84,8.01063929896606,passed,15,5.065172237395155
4493,178.96255916947456,5.0556455076143525,passed,80,10.340255755201255,passed,62,5.1727604680037675
4494,161.64947084538056,7.637642526844271,passed,44,8.003658623318888,passed,34,5.02118696373326
4495,209.54936511790132,6.469482777410887,passed,77,8.788656218196111,passed,76,7.20662012863722
4496,213.3406362645033,4.711040250504884,passed,47,8.993650393853736,passed,21,5.395989420746705
4497,117.55944347188101,7.16990015006142,passed,235,8.345223769823562,passed,106,5.201171699397755
4498,163.42833354271846,7.371471687300257,passed,198,8.189570275029157,passed,145,5.219506584225031
4499,166.71433107427106,3.773785091906335,passed,105,11.966425489188936,passed,63,5.082031211931648
4500,153.77224274380126,5.944983089601511,passed,125,8.018412960787291,passed,52,5.211531694619076
4501,159.41963053340734,7.57727496840554,passed,93,8.299661038140794,passed,86,6.8573917976229914
4502,160.34586719602717,7.402513927466882,passed,60,8.111361738468602,passed,38,5.619595878583183
4503,148.35063462502384,7.902357009532723,passed,209,8.238099843410263,passed,123,5.219903937942982
4504,120.43885028778534,12.111236819174701,passed,76,8.71909797938548,passed,12,5.9064485010836165
4505,164.67836176874226,4.946233540211608,passed,109,8.099718526505196,passed,46,5.2318198776149405
4506,154.77213403822927,5.673315183591824,passed,22,9.333851185036423,passed,22,9.333851185036423
4507,120.59144680450214,12.452214059759969,passed,25,8.707988789951248,passed,16,5.201874787566729
4508,186.48563151716812,10.644078308202616,passed,77,8.583328786248812,passed,63,5.554327264481662
4509,165.53894571719837,9.816504236370003,passed,55,9.260099186019177,passed,38,5.122106125823023
4510,142.4758105146839,4.436722253985536,passed,44,10.269611230518105,passed,29,5.88712623178782
4511,168.8548560823284,7.502485647940088,passed,43,8.491583236064514,passed,28,5.346864764791581
4512,200.70414113509582,6.08303373239097,passed,63,8.613350078253458,passed,62,5.3457884352065665
4513,149.84471495687956,5.536780872100272,passed,35,8.1417645312311,passed,20,7.224397451249676
4514,116.75308835367817,8.984033056353361,passed,40,9.500959192395975,passed,32,5.177864560345213
4515,168.59410975886723,4.352386527571269,passed,97,8.678899147573848,passed,69,7.827854204592666
4516,135.7685093831464,6.781878175343483,passed,93,11.590371466714288,passed,21,5.184322391849117
4517,173.7643238164355,8.209800204633186,passed,127,8.326593788683233,passed,111,5.255651107268378
4518,141.26988420095526,5.7577763803074795,passed,31,8.224081015988771,passed,26,5.349109990750667
4519,193.15684434918586,3.115272284024913,passed,21,8.450994698197455,passed,11,6.629641946207121
4520,165.05937763357142,3.8631981907895963,passed,101,8.326109505665036,passed,76,5.694864718107717
4521,160.9063275623515,4.613835491795619,passed,107,8.0053349710691,passed,87,5.332108756295173
4522,191.9560880223664,5.410329002538285,passed,109,8.300993927481048,passed,94,5.490291594520769
4523,230.3828392338338,3.2503311744848844,passed,98,8.127989756968624,passed,94,5.112709666837034
4524,195.30859445338388,5.0543584993041915,passed,168,8.060638983890623,passed,63,5.302796967427192
4525,177.35016991015954,7.822765512388992,passed,40,8.399156054005786,passed,22,7.201688692941133
4526,169.09867143078748,5.987609095952118,passed,59,8.259666611377249,passed,59,8.259666611377249
4527,152.18115833097463,7.6621353587288406,passed,144,10.478596430594077,passed,17,5.38719672618071
4528,180.57064743860803,5.187218835606202,passed,37,8.827134363671219,passed,21,6.071379330249327
4529,173.55675458547407,4.509596753566122,passed,20,8.105429272283281,passed,12,6.079552245833875
4530,123.95488000557297,4.331263326961382,passed,67,8.011779905771132,passed,22,5.115690245209503
4531,182.7447453770739,4.001495943957723,passed,94,8.164579771097813,passed,20,5.273472313939709
4532,158.85258321850003,6.938531775346808,passed,73,9.18480869786038,passed,52,6.006650720954698
4533,219.33019419488562,7.4765310682752215,passed,153,8.174216645925902,passed,136,5.020239946156502
4534,199.86738992901996,3.2809548706635256,passed,50,8.71276715927005,passed,48,6.132299545651021
4535,189.08394906224015,6.783448102418409,passed,62,8.715320921529845,passed,50,5.140667551110134
4536,172.36938392214043,6.499122589114734,passed,34,8.622445097640007,passed,19,5.385099453713749
4537,200.04299794207913,5.1683684546248125,passed,58,8.247554224151866,passed,50,6.247838867410183
4538,164.3513463227039,3.7273088989769403,passed,53,8.783636608714884,passed,42,6.084738865845507
4539,207.6763501136786,7.803789723418629,passed,293,8.01097785690057,passed,130,5.420552147739355
4540,174.24640231273116,4.233573389389762,passed,140,8.719586744180496,passed,116,5.649812732622195
4541,216.0255854174724,5.959424690763022,passed,36,8.265966885528385,passed,29,5.463805313874581
4542,159.31953558330716,3.8721278973513678,passed,32,8.097642738685252,passed,30,5.710477739463671
4543,160.05901018318153,3.8870167587874405,passed,145,8.71872590872833,passed,127,5.3707944393953655
4544,153.77951816484722,11.981445610070942,passed,19,9.026899240128007,passed,3,5.367096043930175
4545,143.27009388109505,10.81578145178995,passed,77,8.055353049787705,passed,66,6.353582389346002
4546,167.44668129218852,8.367949471457852,passed,67,8.889620831665779,passed,19,5.237935512236236
4547,151.73664901398536,5.237997636093643,passed,80,8.087568433578562,passed,34,5.397027585423353
4548,124.1823195422016,7.647309660183146,passed,199,9.94642666290737,passed,174,5.33120134664411
4549,139.4448630303087,3.7370893020401197,passed,85,8.181414520659214,passed,61,5.330582126262562
4550,158.82629917424646,3.0626382052978984,passed,94,8.026109163690155,passed,89,5.49008517670857
4551,171.62584927003311,5.807119352292895,passed,137,8.113871786276805,passed,137,8.113871786276805
4552,162.69802275914768,6.267090496865467,passed,83,8.395744031465323,passed,40,6.405138918004116
4553,200.34647535324197,3.1286670081182932,passed,55,8.73092638908779,passed,27,5.220732624486457
4554,154.53792225993067,4.943195768524985,passed,104,8.0802158752326,passed,94,5.093340153193693
4555,130.7381674167404,4.437449699168338,passed,104,8.06533821727733,passed,13,5.306902753001341
4556,207.2689549431209,4.18118037098577,passed,46,8.672784167137326,passed,27,6.221027283562486
4557,222.06550049418095,4.28282811370465,passed,53,8.542130975204243,passed,52,7.33901209892085
4558,130.65930478149772,10.56515758002635,passed,203,10.939023440346851,passed,198,5.486784560125235
4559,109.75136833296992,5.943118534659628,passed,119,9.451684992802711,passed,56,6.23429591169653
4560,168.63428940688095,4.73685113059088,passed,170,8.210559285715014,passed,165,6.418280583631031
4561,157.10222997670164,6.729069357723878,passed,135,8.517228855517311,passed,111,5.144206330420231
4562,188.67195488655622,4.00221332432341,passed,110,10.722697377963787,passed,106,7.785205501470149
4563,148.48316774789163,5.743420772795811,passed,144,9.294276435934012,passed,64,5.904559064511905
4564,209.11007865784845,3.2152171619502337,passed,44,10.64317928248113,passed,27,6.065406431360243
4565,164.74295863906104,6.288901840227888,passed,196,9.629993809896042,passed,156,5.287029077297567
4566,181.66388257909563,6.134319528391609,passed,63,9.559232601442913,passed,13,5.51286851336148
4567,221.53114665368747,5.782850723260976,passed,76,8.82234766156136,passed,34,6.115516064269699
4568,155.17270170666202,6.360534140509473,passed,50,9.68657617291344,passed,33,6.040430211186276
4569,178.63403006129062,3.0082330325555247,passed,74,8.174456775863991,passed,40,5.074034779369319
4570,170.22862548359697,5.520661567839845,passed,98,8.986097610090948,passed,81,5.918621638751986
4571,144.5518023083569,6.841063304336072,passed,67,8.676562798553643,passed,65,5.501790705977805
4572,194.26768532274855,5.593194775893216,passed,74,9.502797215586245,passed,21,5.010625577084182
4573,175.97617360382253,7.9618532474139245,passed,66,10.296716009900454,passed,33,5.517442785445015
4574,200.57244345625708,4.292481944708499,passed,65,8.444474193449958,passed,11,5.307400803821372
4575,221.02866390115713,4.2609349736701665,passed,89,8.966794939572708,passed,66,5.509396875124084
4576,115.75308925161715,9.774557818270937,passed,61,8.428150623488428,passed,46,5.228318121629871
4577,148.94689892385205,12.12889569285873,passed,26,8.683413574117393,passed,12,5.28296290540804
4578,159.59938872574813,4.220180661166113,passed,71,8.380914691082953,passed,22,5.273029359236725
4579,159.83379785250992,3.5510177880080542,passed,115,8.004913080067322,passed,109,7.667471986788943
4580,182.65611306503482,3.523478377415304,passed,45,8.627092113397383,passed,40,5.013406747339277
4581,153.2620913011942,5.08636555413667,passed,88,8.179127706009126,passed,81,6.12791496159335
4582,191.8613836744294,3.9820058820882083,passed,59,8.151112879044419,passed,48,5.171645787823942
4583,173.14890698825232,6.8841291175849975,passed,16,8.116506052180817,passed,12,5.229833964609676
4584,177.80332870273315,3.486469489505975,passed,74,9.078181012668463,passed,24,5.378429240377902
4585,178.17439111372565,5.193156071564582,passed,60,8.70157446007429,passed,41,5.69583618486067
4586,190.15187629919973,4.395695814767197,passed,131,8.986534111036516,passed,50,5.104660123855331
4587,148.6439222227005,7.735424017906112,passed,39,8.232404902675938,passed,37,6.142331118603339
4588,179.91406840059082,5.180284744604691,passed,24,8.013446887488529,passed,12,7.166314498899484
4589,151.12789221107744,11.202410836215083,passed,221,8.54789180697657,passed,221,8.54789180697657
4590,142.2903388992288,4.576742410551968,passed,117,8.017536929449598,passed,96,5.573483772066656
4591,134.84354025779655,6.243038972581253,passed,113,8.941599472681961,passed,98,5.000547680674106
4592,153.19142239963446,6.8906130970650805,passed,44,8.858531180346718,passed,33,5.010421385686192
4593,196.28336122866824,6.506890632059398,passed,80,8.493003740888462,passed,69,5.252798245782908
4594,165.22051879497263,5.603307355046597,passed,24,8.384075262922064,passed,7,6.101994853715698
4595,160.19948759695288,4.5356023417178415,passed,47,9.129340103837125,passed,28,5.116491310772053
4596,174.89495050457973,4.225791689377816,passed,57,10.834262188435616,passed,22,5.307388706381189
4597,175.14115336593665,6.753440825919281,passed,20,8.136286399602533,passed,13,7.0231090264608165
4598,190.94583062237146,5.577235707811376,passed,91,8.085995932092427,passed,67,5.424241093606907
4599,196.0718098118303,3.9688327712391467,passed,101,13.232556967799924,passed,89,5.413811259488055
4600,204.5048362883266,4.957565050682895,passed,154,8.043674022694102,passed,69,5.251644934262956
4601,175.4883303005712,6.296566976510963,passed,62,9.940891832630605,passed,39,5.8521035911430985
4602,198.1905523715309,3.3854388728844027,passed,85,8.820396492593918,passed,14,5.007948958958397
4603,176.37808121519228,4.7584387155897785,passed,49,8.336521158562471,passed,40,6.771433390287607
4604,151.30020557350022,9.093729210666664,passed,171,8.002600136772099,passed,69,5.286179200365182
4605,176.53571879293546,5.2765509796310495,passed,101,8.548239169022342,passed,80,5.581201259522506
4606,178.89145586623636,4.077251139369883,passed,26,8.070606198811126,passed,20,5.223664066448563
4607,193.97312588173753,9.223673986268713,passed,27,9.017193968455551,passed,22,5.829373454944342
4608,173.13029483643382,5.009835642113168,passed,37,8.153102115706435,passed,35,5.02072775423259
4609,159.95209116791008,11.363478059382846,passed,101,9.283918080910558,passed,22,6.6623290649716616
4610,141.38484306570413,6.1463724528929005,passed,111,8.249784821402685,passed,81,5.222484836469077
4611,145.948348427363,7.291960704465206,passed,148,8.198183420838113,passed,140,6.3255603724567955
4612,152.33315733363,4.024297149472724,passed,38,8.775064174771497,passed,14,5.005731638348343
4613,181.75138284868297,5.088750673688916,passed,163,8.258179941788214,passed,153,6.202310277878986
4614,195.88864552181744,5.61036130657643,passed,83,8.202686090647449,passed,35,5.28024941411207
4615,170.51459976104232,6.0951514004133065,passed,55,9.575763937406423,passed,30,5.018363567348105
4616,186.34611229932992,6.020192476882369,passed,32,10.012449461410643,passed,32,10.012449461410643
4617,148.65068554096808,5.7513483002685115,passed,66,8.018270184431508,passed,34,5.50865198424868
4618,141.42398812745617,4.61019539394878,passed,85,9.78724692239612,passed,45,5.644043027007384
4619,182.4856252071192,4.351621159344941,passed,83,8.345097843337612,passed,51,6.823145862641167
4620,128.64955995114212,11.104792366822524,passed,85,8.20576989484254,passed,66,5.458202073952778
4621,187.89940106978702,4.854829076452944,passed,91,8.161934620629996,passed,44,5.209474298871308
4622,167.12063905684874,4.950418347008057,passed,73,8.20798510501566,passed,66,5.451067398375264
4623,142.20959455779837,8.187021091587242,passed,69,8.578535719658987,passed,37,5.002004132112714
4624,190.70826523983956,4.716779613501309,passed,54,11.737571499135257,passed,39,5.052101013765031
4625,135.47343292738122,6.750317112329256,passed,50,8.340831958178963,passed,27,7.048892616234759
4626,176.13368317842597,7.107493885318926,passed,152,8.189877415772461,passed,122,5.874069119944836
4627,197.7089650295151,4.699061282074369,passed,177,9.419119207472582,passed,85,5.870608197583049
4628,169.27042900040234,7.103062131380118,passed,76,9.14475601707705,passed,45,5.040864028742353
4629,166.73134815934304,4.444838738231651,passed,70,8.971172039405072,passed,62,5.174332363361955
4630,121.31097853469028,4.676980170987907,passed,101,9.056505013547355,passed,65,5.0199691447127215
4631,197.79607351642326,4.332529684924842,passed,97,9.90250279745204,passed,57,6.20249243238602
4632,171.3282095801822,3.4529153454527486,passed,28,10.06535711910117,passed,22,5.480118686601587
4633,122.25690317558029,7.355456635264342,passed,342,8.564238912219935,passed,332,7.026075570368229
4634,174.15852450315649,3.145835221250067,passed,67,8.525365994991052,passed,54,5.54060638249938
4635,136.61460042206656,9.178678225971574,passed,73,8.450760279427838,passed,40,5.03559103263862
4636,174.71320920567223,4.853213604094791,passed,60,8.673963963858512,passed,28,5.002263583248268
4637,193.26163895779098,8.13035228135193,passed,96,8.029700846675404,passed,63,5.4496565049354295
4638,202.1961407390199,4.8080166811019724,passed,96,8.007714209716932,passed,76,6.368110942455285
4639,150.5485198763986,10.782788043424326,passed,98,8.03857696578605,passed,76,5.958751422265052
4640,193.10224255688274,5.490834435321384,passed,96,8.879513496075987,passed,52,6.954445317679192
4641,156.4268821246371,6.543735255265299,passed,26,8.509687244176668,passed,26,8.509687244176668
4642,137.7196115131745,6.607556889950556,passed,164,8.204429414245107,passed,118,5.862448181163238
4643,206.80869962299138,7.142017486705092,passed,27,8.009881881929527,passed,10,7.46401193195072
4644,153.61355993562626,5.491056262070126,passed,63,8.013556828866285,passed,38,5.354815988044459
4645,149.63208455784525,4.773354759625999,passed,80,8.383218717136497,passed,51,5.2699849728750525
4646,176.12966768526016,3.6372765934989095,passed,45,10.78538969010172,passed,26,5.009721518455557
4647,124.33088923913589,5.9208230504602,passed,44,8.274408561876378,passed,38,6.304122462409523
4648,191.65402260670078,4.974197680309384,passed,100,11.428404721438179,passed,100,7.86404006287873
4649,170.37789310771524,9.620719293151856,passed,70,11.138993936080688,passed,45,5.733027187112061
4650,161.34817882310034,5.954124803251745,passed,145,9.904603003711676,passed,145,5.9169468025584315
4651,142.9331191935947,5.223141725150455,passed,100,8.103654361080581,passed,63,5.189006054510625
4652,212.38348582791633,3.4245023775948713,passed,26,8.270778742633533,passed,12,6.075210113438034
4653,172.98540458623825,3.4201170084563146,passed,53,8.008755112567222,passed,45,5.148201578306444
4654,236.85857002560616,3.074498987188902,passed,68,9.122705333636926,passed,50,5.126490145592277
4655,186.83974070247478,4.774111030942123,passed,73,8.070399960607144,passed,3,7.442405200351887
4656,173.42177864453242,7.184449133282464,passed,40,8.850438690895658,passed,18,5.782884398400845
4657,120.67812030594673,7.898017388500556,passed,155,8.726611176187715,passed,85,5.003570669877089
4658,176.17319359174476,5.236011959759872,passed,44,8.287745932194234,passed,21,5.096726392245832
4659,134.92305409331595,4.387025866702116,passed,50,8.946996476992485,passed,43,5.094661085960039
4660,160.78802519896098,6.6509133744400035,passed,81,8.317119930212712,passed,73,7.46544081353806
4661,162.23260230883807,5.61946663887531,passed,21,8.235878088759696,passed,11,5.032950070977238
4662,200.42203271067538,5.55985274411626,passed,91,9.676794225511575,passed,30,5.505784952871662
4663,171.41980801530218,3.662729440111863,passed,37,8.3817518843593,passed,21,5.5671894278491285
4664,160.59500966656643,4.302881814907521,passed,46,8.089229206797555,passed,13,5.637700072956586
4665,178.85117887991814,5.028516164485006,passed,73,9.279459461717376,passed,59,6.265531526773804
4666,174.4277440265731,7.38594271937818,passed,103,8.023235605496403,passed,101,6.281883830669721
4667,163.84584093754947,4.297853321425083,passed,77,8.865777588595346,passed,53,6.799781469688648
4668,163.81126627792105,4.204594510711635,passed,84,8.004228180255058,passed,44,5.14954158205696
4669,169.23443776454224,11.149974164499346,passed,140,8.580202625058831,passed,138,5.77803155868597
4670,175.91500870215557,8.52268703529608,passed,96,8.49191607308315,passed,44,6.424877402596563
4671,164.8274082839718,6.015196959703985,passed,64,11.564192233840975,passed,59,5.660730171581219
4672,207.20713064053004,4.331119736322881,passed,22,8.308599847400956,passed,18,6.9116424114836095
4673,162.03795004386626,4.126965275079342,passed,99,8.615588016295227,passed,48,6.024235280491919
4674,124.67102442936242,6.1749347723691,passed,94,8.860921623528561,passed,53,6.152084094219834
4675,184.27132280758642,4.179178687810299,passed,26,9.170008201151237,passed,18,5.530365695012018
4676,165.16630069336742,7.772758525951624,passed,47,8.168575475667094,passed,18,5.267504277103008
4677,131.6682657207077,8.614716335869112,passed,64,8.082351446018322,passed,3,5.139996235522348
4678,152.217368557463,5.817598811374158,passed,38,8.317866805753882,passed,24,5.556605887918309
4679,166.0612161422259,6.725645946448444,passed,146,9.85969558743589,passed,48,5.248263732674685
4680,175.69894186851621,3.006173646814835,passed,48,8.27382025280059,passed,28,5.003500451209164
4681,187.01490434600387,4.102869886813773,passed,46,9.466794891628517,passed,26,5.4875123225217814
4682,193.6303433917272,6.626684269450657,passed,83,9.586498030384716,passed,59,5.199952339642322
4683,208.22456226544443,3.047486205161795,passed,94,8.087924649783629,passed,76,5.848066419388465
4684,165.21321225259382,8.864145521159882,passed,49,8.321142608620047,passed,18,6.474135270433168
4685,153.1783655544523,3.958077414902071,passed,98,8.217862241838425,passed,60,6.377365419813019
4686,138.69483548982728,5.31551128682464,passed,38,8.6104262877158,passed,24,6.333964920123414
4687,185.70790336562223,4.537082652228273,passed,60,9.310691944858519,passed,22,5.086107115405336
4688,195.2638413704264,4.905074760092905,passed,58,8.207242248880364,passed,39,5.095302395786172
4689,179.96718773805313,4.201129152109736,passed,80,8.50611512895556,passed,65,6.353623957896892
4690,156.18941512899784,4.90567668847441,passed,139,9.602703931181411,passed,69,5.5837816220895675
4691,162.9475078750169,4.029048362092199,passed,82,8.81594243280135,passed,50,5.020857920908339
4692,156.3627408661838,11.623515875945545,breach_static,64,-10.589365232534053,breach_static,64,-10.589365232534053
4693,214.73951061816118,3.339673533528381,passed,24,8.649756190740021,passed,22,5.120709590416128
4694,199.39568761271298,4.23810090099265,passed,88,8.016439283541722,passed,83,6.34318687180544
4695,142.00339018981677,9.666304058829166,passed,238,8.05182655208927,passed,183,5.995211662700384
4696,197.34302035392753,4.381577796170593,passed,68,8.972605695305514,passed,26,5.017676857203379
4697,196.95113101822196,5.387692502018096,passed,85,8.599172315628302,passed,73,6.066153551287812
4698,164.24929247720462,8.65528990822243,passed,167,9.27168415017816,passed,149,5.052776843426843
4699,184.01779694831686,3.6003062218606128,passed,83,8.604339206319311,passed,23,5.018530120759235
4700,173.99579320184375,6.849970551638085,passed,85,8.027828164434414,passed,48,5.1644137365758125
4701,175.30611648384652,3.98420211886791,passed,40,8.637991314223736,passed,30,7.134809151474042
4702,120.93156711293966,5.675206507221651,passed,82,8.017848019910478,passed,66,5.097966134038012
4703,206.48763942488867,5.05088004715838,passed,60,8.17049954626301,passed,26,5.407849243788276
4704,168.7513802648538,7.108595414155639,passed,32,8.99648591252169,passed,23,5.807825031958647
4705,185.05793835276253,5.519136184191522,passed,152,8.019274203146033,passed,122,6.291773576347537
4706,150.22349995488287,5.304315856622688,passed,85,9.532351691097896,passed,76,5.22213909264635
4707,154.849493887474,5.916102532520313,passed,76,8.501333066532046,passed,37,5.521304762795465
4708,169.94245028845145,3.178224562769822,passed,113,9.899544079711898,passed,64,5.207593030529201
4709,237.4928087374645,5.387993376326838,passed,22,9.488759698211101,passed,21,7.803655857675951
4710,131.00797093449245,5.515865091696454,passed,75,8.324808635241766,passed,22,5.00172375293475
4711,202.7013591258501,4.2439787910212585,passed,195,8.106887321182565,passed,94,5.1456799764022065
4712,156.51272487901528,5.443028972991866,passed,122,8.00795406615784,passed,12,5.623856547610906
4713,166.93816863212746,5.1655448258287056,passed,69,8.430231794616528,passed,31,5.015175568749908
4714,192.88884962920858,3.0635383804328216,passed,110,8.99246741668096,passed,96,5.513370696374675
4715,196.54063976111922,6.759644013281273,passed,34,8.431872245209494,passed,28,7.794633326955491
4716,162.98390675723442,6.4003407501470395,passed,32,8.248330902815738,passed,21,5.744538418488854
4717,177.50598398117975,4.291521446201116,passed,105,8.679064779635759,passed,101,5.267540095856615
4718,142.9942152028301,7.5533596501131255,passed,65,10.213021292967706,passed,30,5.434064261788274
4719,141.68180932308593,5.282145830739764,passed,46,9.038520990474952,passed,34,5.090551566795298
4720,153.64881341515934,5.5386151846098395,passed,45,8.485779454839658,passed,35,6.517632965267328
4721,132.53575919414988,5.721116638142969,passed,196,8.030012985357748,passed,147,5.627811575822261
4722,172.68777778658549,4.9793644207404,passed,21,11.220424075806946,passed,16,6.287030821126072
4723,161.57610590817833,5.865080378194842,passed,215,8.311347051255936,passed,111,6.199514717798316
4724,146.14615953708682,7.893732369353468,passed,147,8.67220361958989,passed,135,6.415265524349167
4725,120.78881527494802,6.133973933724693,passed,140,8.757082202930611,passed,121,5.004084985036861
4726,167.0202404396796,6.530563455991567,passed,186,9.139283488138972,passed,144,6.614809805716404
4727,175.02921032739488,3.7519755356368463,passed,27,8.900357361543222,passed,11,5.587912047138821
4728,184.65372745666718,7.359353725053788,passed,85,8.334084129482843,passed,73,6.390543719247166
4729,202.39057780959718,6.21074442058362,passed,102,8.485390356631605,passed,63,5.8013687113469325
4730,161.4385153639252,3.9932972386093573,passed,89,8.672493637197665,passed,73,5.907567774315092
4731,175.6716611634945,5.029552424700865,passed,75,9.509712611691157,passed,48,5.147956527020869
4732,188.90558312415072,3.994675051238159,passed,131,8.625497509919256,passed,63,5.424463540799707
4733,185.52610911338064,6.9854524429402325,passed,66,8.004572973344427,passed,18,5.062465435389485
4734,162.71002297681824,5.972274485871002,passed,46,8.004931151276494,passed,20,6.420380609067555
4735,196.2247784269095,5.166278331946939,passed,43,10.425422956944331,passed,41,7.561057894882417
4736,124.86998766848738,6.694184758047404,passed,30,8.461013721109211,passed,14,6.056916884098573
4737,204.3766707748619,3.2700129794564172,passed,67,8.972379986504997,passed,63,6.078196926366175
4738,197.67472691554212,4.243896887563514,passed,88,8.59247071549305,passed,78,5.140488390082765
4739,157.01665021924987,8.141449017197164,passed,95,8.784971795968755,passed,22,6.286572917998101
4740,170.60830839517885,5.75426329659119,passed,175,9.140452217131267,passed,161,6.253270222017138
4741,229.17536751177892,3.2982007049817073,passed,50,8.371357848923445,passed,20,5.373698555505335
4742,133.65964566951365,8.19564335108336,passed,34,8.019359229053812,passed,26,5.5171442199759335
4743,192.57179163673447,4.926561836707382,passed,164,8.887717486196877,passed,153,5.196256416490619
4744,135.33772397437423,11.431611844318658,passed,54,8.14302530509259,passed,42,6.259374801824413
4745,177.22754496924588,8.767183179768029,passed,94,8.262014205671143,passed,21,5.058679846485492
4746,104.07579471555239,6.860820504979431,passed,101,8.480594451696133,passed,81,5.347983141447288
4747,170.49504038779082,5.316054504052861,passed,125,8.005757537174919,passed,106,5.448106173911604
4748,168.05135679220888,3.371059073432624,passed,26,8.185652902260987,passed,17,5.125056887882362
4749,194.81062850582668,10.110590834096058,passed,73,8.758337780319426,passed,67,6.122210752450252
4750,144.8392228400923,6.320707950071953,passed,59,8.058575977423432,passed,52,5.003595771013369
4751,190.95520041315282,4.432016863557529,passed,52,8.180733919138738,passed,37,5.902403234090237
4752,164.35985510005247,4.6705356160055524,passed,101,8.129377187244735,passed,73,5.158189161545201
4753,148.75517332517614,5.324650983379193,passed,50,8.167161015812407,passed,28,5.549835023816496
4754,197.25903890617937,3.8747676860374494,passed,30,9.196247393845525,passed,4,5.198511918502802
4755,182.11973819426487,5.60405305323734,passed,50,10.28183342669755,passed,42,6.458206102137365
4756,177.2106631192538,6.57354068521425,passed,55,9.205136687635584,passed,28,5.116776740832374
4757,167.3985081912333,5.970909541962896,passed,82,9.69965713798906,passed,50,5.095399344593465
4758,190.83244730871388,3.541904264814502,passed,82,10.364558592153394,passed,28,5.20658837377892
4759,173.35676328547734,7.470130289243706,passed,83,8.30301086474301,passed,68,5.405037350620123
4760,180.61674672886042,6.7361041165016,passed,23,9.11036001509209,passed,13,7.76586746867538
4761,177.46968972098912,8.828700724291508,passed,48,8.83924252940318,passed,23,5.063530689331097
4762,210.82272570314026,3.412207362027482,passed,87,8.7648373090365,passed,30,5.434333835126548
4763,190.3480553861547,7.840115222198422,passed,42,8.408953488039007,passed,32,5.076415835368486
4764,144.33624283546317,5.347017584697783,passed,63,9.497992650343722,passed,50,6.236246716560623
4765,210.5586091698949,5.15155282841917,passed,91,8.5945122544268,passed,21,5.573273895238318
4766,146.77982214266544,8.811955893955057,passed,152,8.681530563408835,passed,122,5.5322486930102555
4767,171.74064519339134,7.432598687684318,passed,147,10.602246866679899,passed,147,10.602246866679899
4768,122.0408895548284,5.910902046427221,passed,190,8.533120337907384,passed,69,5.540676306934933
4769,141.9585872911942,5.37872531665219,passed,63,8.015164559104715,passed,54,5.097904170490364
4770,176.85115061506175,3.3952848517042855,passed,34,8.016401429772714,passed,22,5.000745196499712
4771,143.21316029931052,9.085052408704547,passed,45,8.426621385023015,passed,43,6.114647324083156
4772,145.45976312748846,5.165942174273268,passed,85,9.42695006036578,passed,63,5.133134183878441
4773,155.17565278394315,6.783646407217568,passed,93,8.266693849386652,passed,85,6.14133003808488
4774,192.92279175538562,4.591766110697427,passed,58,8.00945601492218,passed,3,5.369311007376254
4775,133.37862549661367,4.44286083164269,passed,22,8.680664633033718,passed,11,5.0870226064400725
4776,166.3427514491234,5.464316131935448,passed,42,8.166684547448643,passed,8,5.677670022306303
4777,137.68013314895867,8.345991819464258,passed,52,8.801007169069909,passed,32,5.0429177523974245
4778,170.13374719799245,4.863860699862587,passed,110,8.255525711605681,passed,106,6.372715292098441
4779,114.75811902718722,7.690449172772193,passed,163,8.013326874509064,passed,105,5.471092072981665
4780,200.4929342592972,9.822888053393315,passed,240,8.007932141916307,passed,221,5.309594033736076
4781,199.0662873242791,6.123825294779576,passed,110,8.236843863382504,passed,96,6.134306198579953
4782,97.33148281305265,6.178249472882411,passed,76,8.088193104753838,passed,39,5.920324215848294
4783,165.63945100844762,6.056144816839775,passed,74,8.066893409940533,passed,28,5.106875487464446
4784,184.5518996357368,3.321519113510955,passed,77,8.023841805392284,passed,50,6.916132262916763
4785,191.65082447619702,4.723115494986406,passed,62,8.21460626130901,passed,46,6.277863174983622
4786,193.95491849340405,5.559228483390552,passed,83,8.21183769807321,passed,64,5.635882803636028
4787,182.4786950973208,4.192865140744741,passed,47,8.060590511254073,passed,38,5.360362755009196
4788,195.2227609691135,5.68632511828262,passed,85,8.052328581875079,passed,60,5.048874760064503
4789,155.2221148751356,5.718873747459304,passed,42,8.623316180676866,passed,32,6.582565389240047
4790,159.2172136518518,6.382832761547222,passed,85,8.042189986909353,passed,73,6.3001702117324365
4791,160.8021698508852,6.299051066529119,passed,23,8.29340955886848,passed,10,5.264831715083984
4792,129.93280095412297,5.898237608971902,passed,73,8.862528256937875,passed,53,5.430895509516698
4793,176.30870330993633,6.099881990566916,passed,125,9.544262593603614,passed,53,5.67287424811993
4794,170.9118686293719,5.854557239247206,passed,60,9.734074428129503,passed,31,5.018313708970701
4795,192.34582016930148,5.333745639172085,passed,25,10.817963776887641,passed,21,6.521341997585384
4796,126.0642709577804,6.772751199292151,passed,50,8.21265694579829,passed,26,6.213377222834038
4797,187.0325699903531,6.975792374980218,passed,52,8.059108717756637,passed,18,5.2474140436312044
4798,155.84455995899452,7.219153833448136,passed,44,8.327411925839456,passed,44,8.327411925839456
4799,148.3963195175599,4.990695217922828,passed,40,8.923771077189379,passed,32,5.309721090475628
4800,175.5901998013702,4.948048981734693,passed,24,10.76849273207805,passed,22,5.109324842841456
4801,131.54939798948243,8.5185288357205,passed,25,8.047520608402326,passed,24,5.146308064960992
4802,162.67607404640384,5.822840631863248,passed,70,9.672187302210379,passed,4,6.161474163745151
4803,220.47349985387666,3.6929422936928704,passed,54,9.220070286442583,passed,43,5.842883837178747
4804,161.52598986108154,4.199114887581228,passed,5,8.164200296731149,passed,3,5.147006405081567
4805,194.261949129145,5.824487053205109,passed,53,8.367079076596507,passed,35,5.031287010786323
4806,196.20020055190602,3.2893184018015513,passed,53,8.717998390033044,passed,7,6.064043199267788
4807,152.46729230623174,7.422853590703743,passed,109,8.047512679925738,passed,58,6.032710612329639
4808,152.92506481959873,4.600182793916701,passed,63,8.77097851705222,passed,58,5.298648389325078
4809,165.23384271138048,5.217619839667778,passed,53,8.421178041841081,passed,39,7.490129667387291
4810,177.51845599976863,6.23736382234569,passed,143,8.959727904417347,passed,135,5.242252614237697
4811,196.64575293181943,5.816493880137559,passed,49,8.015330979701819,passed,28,6.1149939038091405
4812,214.79998536199813,5.17716808183172,passed,94,9.743353853989767,passed,80,5.01977635837807
4813,169.29468220907373,4.844128269073398,passed,63,8.011327713214822,passed,45,5.9271141735748545
4814,132.75663980899867,3.742930655937851,passed,62,8.845365438522235,passed,55,5.660781056550013
4815,193.7138719024229,9.201106913588186,passed,59,10.167985606414032,passed,22,6.233745816915648
4816,157.44665549119134,5.908945934736997,passed,85,8.418113237589742,passed,80,5.555624157546402
4817,138.54507830107048,6.4737429340428445,passed,55,9.40459088189154,passed,37,5.772915441826965
4818,219.96435470296265,3.9041737982371165,passed,83,8.000492471543176,passed,32,5.514296022651388
4819,157.25226456975943,3.8598544414666724,passed,100,8.96163810063988,passed,94,5.501015221195704
4820,160.62483175657874,4.485987061807219,passed,123,8.544688889384467,passed,120,5.07103863075391
4821,185.9622815678776,3.529654666933732,passed,69,8.001537421370287,passed,47,5.939957823707842
4822,170.80051555425544,4.467610745806909,passed,178,9.91911500331737,passed,171,5.022538991886338
4823,148.5285738866488,7.495287588434735,passed,66,8.586288413134957,passed,21,6.101387157745863
4824,180.05987205087942,6.581445771913187,passed,197,8.602991330268782,passed,182,5.530522620544653
4825,187.02838183864517,11.145790763250043,passed,264,8.216131062840471,passed,244,5.664217558314832
4826,145.12321938202555,4.9652263677884605,passed,213,8.656187638567037,passed,179,5.619264463522744
4827,197.90653388897735,5.313559816943303,passed,117,8.027809013852604,passed,57,5.074786451701896
4828,158.92850736045114,4.540878075188974,passed,66,8.507745068743834,passed,45,5.179070778911532
4829,148.30498473286465,5.0003925426708475,passed,161,8.699749078241537,passed,74,5.5203892802939025
4830,128.79454172439705,9.671762538645957,passed,78,9.158773962215117,passed,50,5.115217359248603
4831,180.52217366535035,4.505381919883309,passed,127,8.81070268200026,passed,112,7.627345360742699
4832,179.41624292770908,4.35643450456555,passed,54,9.173549246536862,passed,36,5.470223745207448
4833,179.9973765662723,3.971358241981103,passed,77,8.569967969833336,passed,64,5.465516340884857
4834,155.48332928794918,11.613113876163931,passed,126,8.860897492990638,passed,121,6.294061523152084
4835,106.97718776352909,6.905828380609639,passed,134,8.283556621971266,passed,69,5.6991096897440086
4836,188.2740477862494,5.020661495433671,passed,24,8.01401552963641,passed,13,5.16078406411673
4837,169.34966762209189,5.462120726632471,passed,34,9.157820990736099,passed,28,7.185182516354627
4838,200.4060025037221,4.798759192973997,passed,96,9.620035507493863,passed,57,5.0139504550454905
4839,127.81212590396551,5.955871535292098,passed,22,8.169511808403861,passed,21,6.565103437213371
4840,101.35814194660364,7.3563667984946335,passed,50,9.059622748495233,passed,30,5.081033360035803
4841,136.32999277978124,5.267114082246404,passed,85,9.371535720981928,passed,34,5.302728073092466
4842,156.41552373853597,5.258748760069562,passed,105,10.003340543839624,passed,105,10.003340543839624
4843,162.6788418641823,5.203278975104952,passed,63,8.075153705636673,passed,55,5.791709836810255
4844,149.44529030568222,9.482306122142186,passed,26,8.22657288094737,passed,17,5.414097393142825
4845,182.82235428969278,5.546855039767975,passed,96,8.710448326321885,passed,73,6.197376799919274
4846,208.79807885747462,5.854025607233438,passed,52,8.21139432919229,passed,45,6.635087039599008
4847,170.3926185514133,8.590686881842688,passed,121,8.046384722691347,passed,109,6.4693505685633035
4848,181.36663479746903,2.9436480528579687,passed,60,9.058504821892853,passed,30,5.0228266950192335
4849,129.22962985055264,9.983329618910796,passed,170,10.540812212020278,passed,146,5.027575163083342
4850,140.6797000474126,4.965276896568891,passed,48,8.086210226012124,passed,40,6.005098575676571
4851,170.42624346201518,8.343275373010064,passed,135,10.071050853177388,passed,111,5.227410233297536
4852,213.1675414830775,4.231598287392138,passed,39,8.30774388893385,passed,27,5.80957554807271
4853,174.0530310979314,4.984058246756622,passed,35,8.110050454087347,passed,23,5.81144495347532
4854,192.51569046673023,3.8574788034168397,passed,96,8.336632282949363,passed,89,5.259456380120864
4855,121.8510238238903,6.012936886914448,passed,66,8.598564427433786,passed,39,5.419342583335696
4856,183.17101162793054,9.357928510978416,passed,206,8.047519004515413,passed,195,6.655273638802428
4857,168.49952678868374,3.295496481058667,passed,69,8.667911828474217,passed,64,6.116426630813088
4858,125.2259957885054,8.37382217349899,passed,124,8.561023599538075,passed,32,5.088520945687347
4859,194.39789151428633,4.229858351426005,passed,133,10.409911731078747,passed,85,5.999112337729984
4860,209.4483053303329,3.5705584508076114,passed,94,8.161503528178349,passed,82,5.0648627329042295
4861,195.25266580487178,4.025364632662147,passed,94,8.212388006068005,passed,64,5.001690293133332
4862,180.7074708914317,5.388993754905277,passed,77,8.012062469913594,passed,50,5.448254369245364
4863,160.9284667801008,6.0396505178548585,passed,91,8.969920500231265,passed,55,5.17517871794555
4864,189.3042744540315,5.5946172617642524,passed,85,9.238376627518141,passed,60,5.095654150675277
4865,200.88767883065168,5.781774296132037,passed,123,8.157868420295046,passed,75,5.3360379157566085
4866,177.01279092386213,5.6970287692902275,passed,93,8.00043437733635,passed,53,5.309036408647905
4867,165.1575791737082,4.142460808250037,passed,101,8.614858750210175,passed,44,5.102472211917131
4868,150.17311921866064,3.7914522985135557,passed,100,8.14365603245375,passed,96,5.455555245897914
4869,199.07738855840086,5.029571499613498,passed,68,8.827069666675236,passed,47,5.238989832982921
4870,126.54917135535149,7.1104580958458214,passed,120,8.16544749861654,passed,24,5.105080403379225
4871,151.47063078826596,6.170724180720285,passed,63,8.342047227741523,passed,22,5.558268358703344
4872,194.1774670632756,7.3761963202477325,passed,83,9.038468981976555,passed,66,5.222698403718851
4873,130.68471790819828,8.164314725550016,passed,380,8.99796810344955,passed,305,6.108260269477683
4874,183.48285490601018,5.109930780037674,passed,55,8.502567869176293,passed,50,5.982297975550477
4875,166.36032711628368,5.285604871292988,passed,24,8.09137419463215,passed,12,5.522765080960079
4876,192.8274724687538,3.316365579095281,passed,31,8.322602646246203,passed,27,5.236512910302071
4877,149.47150494179868,7.8681774599145164,passed,12,11.08506499356361,passed,10,7.228279950561989
4878,139.87844350635154,5.207328298081495,passed,98,11.290818154519222,passed,92,5.8351383681026325
4879,193.7848782079701,3.8498813924680486,passed,63,8.10285264695425,passed,15,6.969849851593213
4880,134.52042565371008,8.782135122109489,passed,46,8.362180585363976,passed,22,5.185420542175478
4881,208.54101220380966,4.647683877492105,passed,68,8.390578221179368,passed,60,5.27282718975588
4882,205.77814097760557,6.350773545608601,passed,12,9.694754860201016,passed,12,9.694754860201016
4883,146.71385614961488,10.698370250653703,passed,111,10.71705871474844,passed,78,5.4977469781371635
4884,173.37903137103353,7.937416568499589,passed,247,9.837624578708336,passed,48,5.007123971323391
4885,159.22801530040238,3.5554501203906153,passed,11,9.470916924430316,passed,1,5.991821182337831
4886,182.91342408801933,11.349439558182796,passed,198,8.496855853038522,passed,60,5.58337711432364
4887,160.83554529547217,5.625646457513173,passed,44,8.026623846073623,passed,36,5.020892100956598
4888,152.18569401621576,5.175363189438263,passed,21,8.801068002115109,passed,7,6.056124476984959
4889,146.67819806663647,8.303990439089965,passed,63,9.148574107731267,passed,34,5.001175691494297
4890,162.21457146291337,4.8950464726499865,passed,89,8.730007954465213,passed,66,5.290448928073155
4891,134.55985219596133,5.8677359202856145,passed,159,8.303661236345494,passed,138,5.7169522008321705
4892,157.95518832892697,7.047539390225569,passed,107,8.153865920069968,passed,69,5.073039964902071
4893,172.29617442891714,3.1280835133852416,passed,63,8.11584765461253,passed,41,5.164464291734139
4894,163.6447682644682,3.4821284562327643,passed,27,8.182434192058906,passed,22,5.185018058941981
4895,169.78223063213403,4.389984356784695,passed,44,8.263148745692405,passed,28,6.581106912719248
4896,177.75561200286876,8.05117977030715,passed,135,8.292651524256467,passed,109,5.927019442808734
4897,177.4825731632435,5.893454808533326,passed,18,9.213083964864355,passed,6,6.027267314887608
4898,144.38931888185755,6.219571632414812,passed,94,8.080575975551652,passed,83,6.6395316930313975
4899,161.91629303400467,4.881553013335299,passed,101,8.073853183419622,passed,94,5.5724608291732425
4900,173.20676375507048,4.273296812325906,passed,37,8.991045756993564,passed,27,5.005961931162828
4901,230.81514973084808,5.240808623046298,passed,55,8.320023770991035,passed,26,5.3654639446162555
4902,202.96983197882005,4.965639025075394,passed,250,8.07421350697528,passed,92,5.607233953339863
4903,124.63027941452309,8.780008555749484,passed,85,8.231407408482916,passed,85,8.231407408482916
4904,129.72928704008146,7.325138272480103,passed,133,8.419582603882269,passed,44,5.0278463015187125
4905,194.77523413456356,4.561173104067836,passed,11,8.145600422189837,passed,10,6.176004858235706
4906,127.67621754194684,8.951130819221227,passed,240,8.021052715628475,passed,220,6.824667987658373
4907,151.43394713503872,4.7363381013550745,passed,125,8.012941200887758,passed,33,5.036344458416098
4908,159.8744067661062,13.083778879344916,passed,78,8.938723757027734,passed,69,5.439501856343099
4909,142.8869490269562,6.354532012605721,passed,44,8.130180671859843,passed,30,6.202237246075293
4910,144.73507662730475,5.350319462426302,passed,90,8.655336876230123,passed,73,5.879667817852829
4911,181.29868085759102,6.300696541262071,passed,120,8.333139352703611,passed,115,5.783544277154928
4912,136.94349540687912,4.248810817546681,passed,100,8.027553953130395,passed,43,5.125898371031501
4913,189.98230917308788,4.681244018398665,passed,93,8.34288460388315,passed,87,6.337839900802256
4914,163.81995469695204,5.660680208556077,passed,45,8.7362112264999,passed,35,6.7257255602251265
4915,124.39680387110647,12.036752864301535,passed,44,8.225234084497778,passed,42,5.126848452232258
4916,178.18211947762475,6.895730996460809,passed,163,8.821518489890835,passed,106,5.5916167359522095
4917,154.53215894311288,7.620638245275142,passed,24,8.807674353922579,passed,17,5.376029187256393
4918,115.58319799120503,7.412751431221243,passed,371,9.942431159852049,passed,368,7.415144509086313
4919,197.11550262625508,7.192341204449148,passed,101,9.59037754422356,passed,98,6.489321157725159
4920,172.78913035709596,5.375116964622887,passed,63,8.01201138540275,passed,63,6.194513416756076
4921,120.74544292628127,10.138182262736663,passed,26,9.055830955588927,passed,11,7.550097971276926
4922,126.91367102117668,8.276849673313128,passed,92,8.40112573980849,passed,64,5.025766342714988
4923,187.0448489985935,6.742133458988843,passed,110,8.015543080880171,passed,100,5.139910139394588
4924,225.1389837239045,6.05440638746459,passed,39,8.597295106994718,passed,35,5.021017644484993
4925,174.20831886404838,4.565391150536708,passed,28,8.66768752445315,passed,21,5.9405623375524685
4926,121.44470811469894,8.595018226971959,passed,88,8.790541615979318,passed,25,5.497991771777566
4927,173.7982865671074,7.168975890473265,passed,171,8.549846112743452,passed,162,6.468546604509662
4928,184.27531815323755,4.686619809759467,passed,81,8.068421212682942,passed,69,5.561099637365707
4929,180.89743047183035,5.197216906370458,passed,73,8.286413580555575,passed,26,5.507232591301103
4930,191.98036379611042,3.1100208468617887,passed,64,8.016490988150405,passed,26,5.587606899685715
4931,139.53542911328464,9.547185666430616,passed,152,10.20003905872462,passed,144,7.434938341937891
4932,170.33804051765452,5.981560503319168,passed,333,8.007277269633883,passed,300,5.821237784796973
4933,140.8786937151997,4.230835838072126,passed,77,8.351392532413815,passed,64,5.881704625621831
4934,155.4127975460634,7.779822251100919,passed,58,10.997562821429119,passed,27,5.104038526444321
4935,154.6529165082942,5.871539411785218,passed,161,9.729144613269035,passed,80,5.2162775493652
4936,176.42323156343954,6.252698035662902,passed,108,8.018317229465822,passed,91,5.098263094314159
4937,150.8636877347884,6.902180528861761,passed,57,8.70351927664994,passed,32,5.5330756448729534
4938,149.28514075487857,8.033017212914453,passed,152,8.53549673162628,passed,75,5.48362549945538
4939,199.479856404007,9.918380841395823,passed,15,9.89419919377652,passed,13,6.499075641436458
4940,134.17124743823527,7.6103828595006435,passed,12,8.952930383534973,passed,7,6.320962631223193
4941,106.65113229774792,11.183356214066551,passed,221,8.40223824984092,passed,218,6.367293703686228
4942,177.1439164721291,4.626009428323945,passed,62,8.450205925648756,passed,48,5.103812780964989
4943,196.73629102012399,6.252696323251598,passed,69,8.019045729816865,passed,58,5.016523606676748
4944,173.19036035074396,6.169832754495061,passed,72,10.754317857620999,passed,69,5.945156486795433
4945,122.82034500047297,5.5591537749436375,passed,122,8.135017336647588,passed,16,5.712027252292584
4946,173.33280977082933,4.307783498921876,passed,62,8.821608464650165,passed,35,5.544301197741897
4947,258.53486014327854,4.383253535918507,passed,68,8.094143486510031,passed,59,5.0914711153815295
4948,200.80517213168343,5.552685890151963,passed,203,8.220405535454024,passed,131,5.738338278045618
4949,154.4055310770796,4.358860319365833,passed,81,8.011364662425935,passed,53,5.512546727440526
4950,171.7437483400942,5.2614645298251785,passed,145,8.356273327665974,passed,28,5.403632488616572
4951,214.81274583706585,3.362160386055984,passed,28,8.019932987825706,passed,22,5.714607789949211
4952,238.26961318668808,4.154821013810033,passed,53,9.069484695832063,passed,46,6.858616423585473
4953,230.76309323868452,4.648802571744318,passed,129,8.028282049487379,passed,72,5.067778874197315
4954,167.99267724912266,6.548054371008311,passed,274,8.571645931193661,passed,238,5.078736064101186
4955,131.7658194783106,6.945331733584588,passed,124,10.184450048190708,passed,124,10.184450048190708
4956,168.12155501609692,7.573732080730326,passed,40,8.156518231651289,passed,16,5.360038579099613
4957,204.35105266128346,7.4889924759132285,passed,103,8.059199323645384,passed,21,5.671297360717098
4958,175.80347082216664,6.688552089563126,passed,223,9.045652771666447,passed,209,5.085647316703934
4959,133.53558122777423,5.2933053798719865,passed,89,8.016976283629894,passed,65,5.869375831768875
4960,129.11543401913065,5.17328488504843,passed,208,8.10560449391373,passed,144,5.182512679147178
4961,176.08968620592643,4.361198654289701,passed,115,9.305046137596085,passed,109,5.099291966773101
4962,179.304435355518,4.141900514416657,passed,63,9.138386496668272,passed,51,6.686579899205847
4963,148.24466723668866,6.949047117699914,passed,161,8.786616923797187,passed,134,5.021394430592641
4964,163.13951815309417,6.197317473952018,passed,28,8.959139783255221,passed,11,6.303197043622366
4965,130.6796339256089,5.153500291987805,passed,94,9.762661804270966,passed,46,5.710117957692096
4966,181.4504852481646,7.6551702729176885,passed,57,8.658860536545054,passed,21,6.527860173749889
4967,119.2993091863888,5.62558904149164,passed,97,8.559328904467666,passed,58,5.149088879898045
4968,150.9596872395686,6.234798387896176,passed,63,10.284822925522107,passed,26,5.9279771964690475
4969,150.423226283568,7.142974940625608,passed,63,8.313051905530466,passed,46,6.18031211992669
4970,127.8858773584663,6.184407740912943,passed,116,8.006588462771202,passed,76,5.128919322672765
4971,178.53253516574088,3.450811543341797,passed,39,8.725687343325994,passed,25,5.095904632521986
4972,163.36416927599885,6.23410736433238,passed,67,8.34840868440585,passed,11,5.370541752537195
4973,175.43043452849196,5.385220503410156,passed,111,8.33827878587483,passed,35,5.585436946144284
4974,106.26556832356759,8.127580773844617,passed,97,8.444331666572879,passed,51,5.106435591133329
4975,189.11027871747822,6.748140918930494,passed,206,9.413598160778047,passed,133,5.30786312273146
4976,161.59022024834243,4.150778422376406,passed,37,8.307718556302168,passed,29,6.505476491436091
4977,183.36547376012243,4.591316625642653,passed,120,8.10258292772643,passed,109,6.465001433261519
4978,187.04252397606922,3.6671202251560913,passed,57,9.291522314228363,passed,35,5.000946778891313
4979,139.09349352389256,3.771296606812947,passed,32,10.193262371515832,passed,22,6.525700102910115
4980,211.3867516233951,4.415194090229383,passed,31,9.514665069547501,passed,27,6.089795098191719
4981,171.61397633674719,4.076598672259117,passed,111,8.163558798120008,passed,94,5.820001335007263
4982,123.70390791418298,4.0040946591770075,passed,87,8.148695684114715,passed,63,5.316354430388737
4983,203.23750881957895,3.4568143604316446,passed,22,8.288696064181188,passed,11,5.774863408185182
4984,179.42150341265344,4.3531952918687296,passed,68,8.481664254189191,passed,13,6.0446583321507985
4985,167.27612422870672,11.42563831135132,passed,28,10.54172029826692,passed,22,5.943232360091866
4986,216.67600175594916,3.285714058020041,passed,63,8.013045707851617,passed,63,7.439224371100894
4987,149.5339029675586,6.920465101106769,passed,95,8.084278250084843,passed,68,7.762276816501634
4988,122.26071760191886,6.780973207942194,passed,221,8.084679833300745,passed,202,6.809425829887905
4989,134.60916536782972,7.881825855525464,passed,268,8.767416067440958,passed,179,5.278868086380095
4990,179.45826269760835,6.518670175306061,passed,93,9.023217806722904,passed,70,5.116321373261257
4991,127.07660453076018,9.682560817392982,passed,51,9.57798812063022,passed,27,5.219894720207652
4992,161.04464570356606,5.169373401097807,passed,101,9.596430798388766,passed,89,6.351916938753099
4993,184.0454783889769,4.55212438297782,passed,59,8.328835107889422,passed,11,5.266231437663094
4994,124.20545832303733,6.738497383318659,passed,123,8.07091474435504,passed,65,5.079715724844869
4995,189.13218917046407,3.6122459552939112,passed,73,8.113173470586732,passed,33,6.281890635616816
4996,127.36733747207852,8.531951127063914,passed,89,13.805102128379442,passed,74,5.301184086042143
4997,164.63586751796532,5.082599596695558,passed,89,8.64364626728622,passed,68,5.461616440077477
4998,150.24486505163907,6.200980379395069,passed,45,8.44256087130173,passed,26,5.096321240205226
4999,136.850576155364,5.584907747029864,passed,158,10.11750058903158,passed,76,5.013901708085711
5000,177.76984256927264,4.051220213461617,passed,77,8.33124536512695,passed,76,6.600773279148497
